地震の発生日,地震の発生時刻,震央地名,緯度,経度,深さ,Ｍ,最大震度
2026/07/29,00:00:31.0,熊本県熊本地方,32°41.8′N,130°45.6′E,10 km,2.5,---
2026/07/29,00:01:16.5,熊本県熊本地方,32°38.6′N,130°43.6′E,10 km,1.5,---
2026/07/29,00:01:37.9,熊本県熊本地方,32°38.3′N,130°43.2′E,7 km,1.3,---
2026/07/29,00:01:53.9,熊本県熊本地方,32°37.4′N,130°41.1′E,10 km,1.5,---
2026/07/29,00:02:09.2,熊本県熊本地方,32°32.6′N,130°36.3′E,10 km,1.6,---
2026/07/29,00:02:23.9,熊本県熊本地方,32°41.5′N,130°44.6′E,13 km,2.0,---
2026/07/29,00:02:52.0,熊本県熊本地方,32°30.1′N,130°34.9′E,14 km,2.6,---
2026/07/29,00:03:04.1,熊本県熊本地方,32°41.7′N,130°45.2′E,11 km,2.5,---
2026/07/29,00:04:08.6,熊本県熊本地方,32°31.9′N,130°35.8′E,6 km,1.8,---
2026/07/29,00:04:12.3,秋田県内陸北部,39°58.9′N,140°33.0′E,5 km,1.5,---
2026/07/29,00:04:25.8,熊本県熊本地方,32°34.5′N,130°39.2′E,8 km,1.1,---
2026/07/29,00:04:58.0,熊本県熊本地方,32°39.5′N,130°43.7′E,12 km,0.7,---
2026/07/29,00:05:20.6,熊本県熊本地方,32°38.0′N,130°42.0′E,3 km,0.5,---
2026/07/29,00:05:40.2,秋田県内陸北部,39°58.8′N,140°32.7′E,4 km,0.2,---
2026/07/29,00:06:02.1,熊本県天草・芦北地方,32°16.2′N,130°31.7′E,6 km,2.9,---
2026/07/29,00:06:05.7,愛知県東部,35°09.9′N,137°37.8′E,12 km,0.0,---
2026/07/29,00:07:03.0,熊本県熊本地方,32°30.3′N,130°35.1′E,11 km,1.9,---
2026/07/29,00:07:35.2,熊本県天草・芦北地方,32°27.0′N,130°34.3′E,10 km,2.3,---
2026/07/29,00:07:54.9,熊本県熊本地方,32°38.9′N,130°41.6′E,13 km,2.0,---
2026/07/29,00:08:36.6,熊本県熊本地方,32°31.1′N,130°35.8′E,11 km,2.2,---
2026/07/29,00:09:11.0,熊本県熊本地方,32°38.1′N,130°43.0′E,9 km,1.6,---
2026/07/29,00:09:34.3,熊本県熊本地方,32°39.1′N,130°45.6′E,10 km,1.0,---
2026/07/29,00:09:43.8,奄美大島近海,28°17.2′N,129°32.5′E,21 km,0.8,---
2026/07/29,00:10:00.1,奄美大島近海,28°16.7′N,129°32.7′E,19 km,0.6,---
2026/07/29,00:10:03.4,熊本県熊本地方,32°28.6′N,130°35.6′E,0 km,2.2,---
2026/07/29,00:10:49.7,熊本県熊本地方,32°34.3′N,130°38.4′E,15 km,1.5,---
2026/07/29,00:11:55.8,熊本県熊本地方,32°42.1′N,130°45.0′E,11 km,2.4,---
2026/07/29,00:12:21.2,熊本県熊本地方,32°29.0′N,130°33.7′E,10 km,1.4,---
2026/07/29,00:12:46.2,大隅半島東方沖,31°15.2′N,131°48.4′E,7 km,1.5,---
2026/07/29,00:12:49.0,熊本県熊本地方,32°29.1′N,130°34.4′E,11 km,1.7,---
2026/07/29,00:13:38.9,熊本県天草・芦北地方,32°14.9′N,130°30.2′E,5 km,1.4,---
2026/07/29,00:14:05.0,熊本県熊本地方,32°30.2′N,130°34.9′E,11 km,1.8,---
2026/07/29,00:14:35.4,熊本県熊本地方,32°35.6′N,130°38.8′E,10 km,1.5,---
2026/07/29,00:15:03.2,熊本県熊本地方,32°38.9′N,130°43.2′E,9 km,1.6,---
2026/07/29,00:15:07.6,秋田県内陸北部,39°58.8′N,140°32.8′E,4 km,0.0,---
2026/07/29,00:15:10.2,熊本県熊本地方,32°38.8′N,130°43.4′E,9 km,4.2,---
2026/07/29,00:16:20.1,熊本県熊本地方,32°38.9′N,130°43.1′E,7 km,2.3,---
2026/07/29,00:16:49.4,熊本県熊本地方,32°38.9′N,130°43.4′E,11 km,1.8,---
2026/07/29,00:18:44.7,熊本県熊本地方,32°30.2′N,130°35.1′E,12 km,1.6,---
2026/07/29,00:19:10.2,熊本県熊本地方,32°43.7′N,130°45.8′E,10 km,3.1,---
2026/07/29,00:19:51.3,熊本県天草・芦北地方,32°28.7′N,130°33.5′E,7 km,2.3,---
2026/07/29,00:20:19.3,熊本県熊本地方,32°42.3′N,130°45.9′E,9 km,1.2,---
2026/07/29,00:21:02.4,熊本県熊本地方,32°33.5′N,130°37.4′E,14 km,1.9,---
2026/07/29,00:21:41.2,熊本県熊本地方,32°30.5′N,130°35.4′E,9 km,1.1,---
2026/07/29,00:21:54.2,房総半島南方沖,34°18.2′N,140°14.9′E,52 km,2.7,---
2026/07/29,00:22:02.2,熊本県熊本地方,32°34.3′N,130°38.7′E,11 km,3.5,---
2026/07/29,00:22:33.1,熊本県熊本地方,32°37.8′N,130°42.8′E,9 km,2.3,---
2026/07/29,00:23:25.3,熊本県熊本地方,32°39.1′N,130°43.1′E,7 km,2.2,---
2026/07/29,00:24:35.7,熊本県熊本地方,32°38.2′N,130°43.8′E,10 km,1.0,---
2026/07/29,00:24:40.7,熊本県熊本地方,32°38.2′N,130°43.6′E,6 km,1.7,---
2026/07/29,00:25:02.6,熊本県天草・芦北地方,32°28.7′N,130°31.0′E,10 km,2.0,---
2026/07/29,00:25:29.2,上川地方北部,44°37.4′N,142°03.1′E,5 km,-0.1,---
2026/07/29,00:25:48.8,熊本県天草・芦北地方,32°30.3′N,130°32.3′E,8 km,1.3,---
2026/07/29,00:26:19.1,熊本県熊本地方,32°34.4′N,130°38.2′E,9 km,1.6,---
2026/07/29,00:26:41.2,熊本県天草・芦北地方,32°30.7′N,130°32.3′E,9 km,1.1,---
2026/07/29,00:27:13.0,熊本県熊本地方,32°32.7′N,130°36.0′E,11 km,1.9,---
2026/07/29,00:27:34.8,熊本県熊本地方,32°38.9′N,130°42.5′E,7 km,1.2,---
2026/07/29,00:27:44.1,北海道南西沖,42°39.8′N,139°34.2′E,201 km,2.2,---
2026/07/29,00:28:39.2,熊本県熊本地方,32°34.8′N,130°40.3′E,8 km,1.0,---
2026/07/29,00:29:11.6,熊本県熊本地方,32°41.7′N,130°44.3′E,11 km,2.3,---
2026/07/29,00:30:01.8,富山県東部,36°42.7′N,137°43.4′E,38 km,0.3,---
2026/07/29,00:30:16.4,熊本県熊本地方,32°30.7′N,130°34.9′E,12 km,1.8,---
2026/07/29,00:30:29.1,宮古島近海,24°33.2′N,125°23.5′E,27 km,1.1,---
2026/07/29,00:30:47.4,熊本県熊本地方,32°38.7′N,130°42.9′E,10 km,0.6,---
2026/07/29,00:30:56.4,熊本県熊本地方,32°38.0′N,130°43.9′E,10 km,3.1,---
2026/07/29,00:31:45.4,釧路沖,42°22.7′N,144°32.6′E,17 km,1.3,---
2026/07/29,00:31:56.1,大阪府北部,34°54.7′N,135°39.6′E,11 km,-0.1,---
2026/07/29,00:32:06.0,熊本県熊本地方,32°34.1′N,130°39.5′E,4 km,1.9,---
2026/07/29,00:32:32.3,熊本県熊本地方,32°32.0′N,130°36.3′E,9 km,1.1,---
2026/07/29,00:32:55.4,熊本県熊本地方,32°38.4′N,130°43.8′E,9 km,2.2,---
2026/07/29,00:33:41.1,熊本県熊本地方,32°40.4′N,130°43.6′E,9 km,1.4,---
2026/07/29,00:34:05.2,熊本県熊本地方,32°42.2′N,130°45.8′E,11 km,0.7,---
2026/07/29,00:35:09.4,熊本県天草・芦北地方,32°28.9′N,130°33.5′E,0 km,2.4,---
2026/07/29,00:35:33.2,熊本県天草・芦北地方,32°28.7′N,130°34.0′E,3 km,2.2,---
2026/07/29,00:35:43.5,長野県中部,36°09.1′N,137°58.4′E,7 km,0.1,---
2026/07/29,00:36:11.6,熊本県熊本地方,32°36.9′N,130°41.4′E,9 km,2.6,---
2026/07/29,00:37:21.9,熊本県天草・芦北地方,32°30.1′N,130°33.7′E,9 km,1.2,---
2026/07/29,00:38:22.4,熊本県天草・芦北地方,32°26.6′N,130°34.2′E,0 km,1.2,---
2026/07/29,00:38:41.4,熊本県熊本地方,32°36.9′N,130°42.4′E,7 km,2.0,---
2026/07/29,00:39:42.5,熊本県天草・芦北地方,32°30.0′N,130°32.0′E,11 km,0.9,---
2026/07/29,00:40:27.3,熊本県熊本地方,32°30.6′N,130°35.0′E,11 km,1.3,---
2026/07/29,00:40:43.9,熊本県天草・芦北地方,32°28.2′N,130°34.0′E,4 km,1.4,---
2026/07/29,00:42:12.4,熊本県熊本地方,32°30.8′N,130°36.0′E,9 km,1.9,---
2026/07/29,00:42:27.7,熊本県天草・芦北地方,32°36.0′N,130°37.8′E,10 km,1.9,---
2026/07/29,00:42:43.6,熊本県熊本地方,32°31.3′N,130°35.6′E,8 km,2.1,---
2026/07/29,00:42:50.6,岩手県沖,40°16.2′N,142°17.3′E,36 km,1.9,---
2026/07/29,00:43:03.2,熊本県熊本地方,32°35.5′N,130°41.0′E,7 km,2.0,---
2026/07/29,00:44:08.0,熊本県天草・芦北地方,32°27.7′N,130°31.9′E,8 km,1.5,---
2026/07/29,00:44:34.8,熊本県天草・芦北地方,32°25.1′N,130°27.8′E,11 km,1.4,---
2026/07/29,00:45:35.5,熊本県天草・芦北地方,32°29.0′N,130°31.2′E,9 km,1.1,---
2026/07/29,00:46:15.1,熊本県熊本地方,32°38.5′N,130°42.2′E,12 km,1.9,---
2026/07/29,00:46:42.4,熊本県天草・芦北地方,32°29.6′N,130°31.9′E,12 km,1.0,---
2026/07/29,00:46:54.1,熊本県熊本地方,32°38.5′N,130°44.1′E,9 km,0.8,---
2026/07/29,00:47:04.3,熊本県熊本地方,32°37.6′N,130°41.2′E,15 km,1.3,---
2026/07/29,00:47:16.2,千葉県北東部,35°44.3′N,140°40.8′E,47 km,0.5,---
2026/07/29,00:47:21.0,熊本県熊本地方,32°28.9′N,130°36.4′E,0 km,1.9,---
2026/07/29,00:47:47.2,熊本県熊本地方,32°32.1′N,130°35.7′E,13 km,1.6,---
2026/07/29,00:48:03.0,熊本県熊本地方,32°37.5′N,130°40.0′E,4 km,1.1,---
2026/07/29,00:48:31.8,熊本県天草・芦北地方,32°27.7′N,130°32.6′E,15 km,1.7,---
2026/07/29,00:49:05.6,熊本県熊本地方,32°30.0′N,130°34.6′E,12 km,1.2,---
2026/07/29,00:49:18.0,熊本県熊本地方,32°34.4′N,130°38.4′E,10 km,1.7,---
2026/07/29,00:49:44.7,熊本県熊本地方,32°42.1′N,130°45.2′E,9 km,2.4,---
2026/07/29,00:50:29.4,石垣島近海,23°05.4′N,124°24.4′E,36 km,3.0,---
2026/07/29,00:50:45.5,熊本県熊本地方,32°31.2′N,130°34.9′E,10 km,1.2,---
2026/07/29,00:51:11.0,熊本県天草・芦北地方,32°30.6′N,130°33.4′E,11 km,1.7,---
2026/07/29,00:51:29.7,熊本県天草・芦北地方,32°25.8′N,130°31.9′E,0 km,1.0,---
2026/07/29,00:51:47.7,熊本県天草・芦北地方,32°24.8′N,130°28.8′E,8 km,1.4,---
2026/07/29,00:52:03.2,熊本県熊本地方,32°39.7′N,130°42.2′E,11 km,1.9,---
2026/07/29,00:52:28.4,熊本県熊本地方,32°36.5′N,130°43.7′E,5 km,1.7,---
2026/07/29,00:52:55.7,熊本県熊本地方,32°32.2′N,130°36.2′E,1 km,1.6,---
2026/07/29,00:53:14.7,熊本県天草・芦北地方,32°28.0′N,130°33.5′E,5 km,1.5,---
2026/07/29,00:53:43.5,和歌山県北部,34°04.1′N,135°18.8′E,10 km,-0.1,---
2026/07/29,00:54:17.7,熊本県熊本地方,32°47.6′N,130°47.2′E,12 km,1.5,---
2026/07/29,00:54:43.8,熊本県熊本地方,32°32.7′N,130°36.8′E,14 km,1.2,---
2026/07/29,00:54:56.5,熊本県天草・芦北地方,32°29.7′N,130°32.1′E,9 km,1.4,---
2026/07/29,00:55:32.4,熊本県熊本地方,32°44.4′N,130°46.8′E,6 km,1.3,---
2026/07/29,00:55:53.8,熊本県熊本地方,32°33.2′N,130°37.3′E,14 km,1.3,---
2026/07/29,00:56:32.9,熊本県熊本地方,32°41.3′N,130°44.8′E,8 km,0.9,---
2026/07/29,00:57:00.6,熊本県熊本地方,32°40.4′N,130°44.2′E,5 km,1.1,---
2026/07/29,00:58:13.3,熊本県熊本地方,32°36.8′N,130°41.9′E,8 km,1.5,---
2026/07/29,00:58:46.2,熊本県熊本地方,32°41.0′N,130°44.0′E,8 km,1.1,---
2026/07/29,00:58:47.2,京都府南部,34°46.6′N,135°58.2′E,8 km,0.5,---
2026/07/29,00:59:19.0,熊本県熊本地方,32°38.3′N,130°42.9′E,12 km,3.3,---
2026/07/29,01:00:10.6,熊本県天草・芦北地方,32°25.2′N,130°29.4′E,7 km,2.8,---
2026/07/29,01:00:17.0,熊本県熊本地方,32°31.5′N,130°35.1′E,12 km,3.2,---
2026/07/29,01:00:51.6,福島県沖,37°22.9′N,141°08.5′E,56 km,0.9,---
2026/07/29,01:00:58.0,熊本県熊本地方,32°40.1′N,130°44.2′E,12 km,1.9,---
2026/07/29,01:01:55.7,熊本県熊本地方,32°39.8′N,130°45.8′E,5 km,0.8,---
2026/07/29,01:02:41.8,熊本県熊本地方,32°38.2′N,130°41.9′E,9 km,0.9,---
2026/07/29,01:02:46.9,熊本県熊本地方,32°40.2′N,130°44.5′E,7 km,1.2,---
2026/07/29,01:03:32.9,熊本県天草・芦北地方,32°28.0′N,130°30.5′E,10 km,1.5,---
2026/07/29,01:03:53.8,和歌山県北部,34°03.1′N,135°13.6′E,6 km,-0.6,---
2026/07/29,01:04:20.1,熊本県熊本地方,32°31.6′N,130°36.1′E,10 km,0.6,---
2026/07/29,01:04:46.2,熊本県熊本地方,32°40.4′N,130°44.6′E,11 km,2.0,---
2026/07/29,01:06:17.3,熊本県熊本地方,32°47.9′N,130°47.8′E,11 km,0.5,---
2026/07/29,01:06:44.2,大隅半島東方沖,31°28.8′N,131°28.4′E,38 km,0.5,---
2026/07/29,01:06:47.6,橘湾,32°43.2′N,130°10.3′E,14 km,0.8,---
2026/07/29,01:07:10.6,熊本県熊本地方,32°36.9′N,130°44.0′E,3 km,1.0,---
2026/07/29,01:07:16.7,千葉県東方沖,35°45.4′N,140°54.7′E,19 km,1.0,---
2026/07/29,01:07:36.1,熊本県熊本地方,32°38.4′N,130°44.0′E,9 km,2.8,---
2026/07/29,01:07:45.8,土佐湾,33°18.2′N,133°32.9′E,17 km,0.4,---
2026/07/29,01:08:28.7,岩手県沖,40°17.1′N,141°56.8′E,23 km,0.2,---
2026/07/29,01:08:29.9,福島県沖,37°45.5′N,141°35.4′E,54 km,1.3,---
2026/07/29,01:09:09.5,熊本県熊本地方,32°40.3′N,130°43.4′E,14 km,0.8,---
2026/07/29,01:09:17.5,熊本県熊本地方,32°34.2′N,130°38.7′E,11 km,1.2,---
2026/07/29,01:09:39.1,熊本県熊本地方,32°41.4′N,130°44.0′E,17 km,0.9,---
2026/07/29,01:10:20.5,熊本県熊本地方,32°46.1′N,130°48.9′E,6 km,1.0,---
2026/07/29,01:10:41.6,熊本県熊本地方,32°38.3′N,130°42.8′E,13 km,0.7,---
2026/07/29,01:11:01.2,熊本県熊本地方,32°39.2′N,130°41.3′E,13 km,0.7,---
2026/07/29,01:11:26.4,熊本県熊本地方,32°39.3′N,130°42.3′E,12 km,1.8,---
2026/07/29,01:11:37.7,熊本県熊本地方,32°40.5′N,130°43.9′E,9 km,2.6,---
2026/07/29,01:12:25.2,熊本県熊本地方,32°36.8′N,130°42.5′E,6 km,2.0,---
2026/07/29,01:12:45.7,熊本県天草・芦北地方,32°24.2′N,130°27.4′E,11 km,2.0,---
2026/07/29,01:13:27.9,熊本県天草・芦北地方,32°28.1′N,130°34.8′E,0 km,2.5,---
2026/07/29,01:13:37.9,熊本県熊本地方,32°39.5′N,130°43.5′E,8 km,2.4,---
2026/07/29,01:14:08.1,熊本県天草・芦北地方,32°28.7′N,130°30.7′E,8 km,1.5,---
2026/07/29,01:14:20.8,熊本県熊本地方,32°42.4′N,130°45.4′E,9 km,1.7,---
2026/07/29,01:14:38.6,熊本県天草・芦北地方,32°28.8′N,130°31.0′E,9 km,1.4,---
2026/07/29,01:14:54.5,熊本県熊本地方,32°34.1′N,130°36.6′E,11 km,1.0,---
2026/07/29,01:15:30.6,熊本県熊本地方,32°42.2′N,130°45.6′E,11 km,2.8,---
2026/07/29,01:16:08.0,岩手県沖,39°05.0′N,142°23.7′E,25 km,0.9,---
2026/07/29,01:16:24.4,長野県中部,36°28.5′N,138°00.8′E,7 km,-0.4,---
2026/07/29,01:16:33.2,熊本県熊本地方,32°37.5′N,130°43.7′E,8 km,1.2,---
2026/07/29,01:17:04.8,熊本県熊本地方,32°37.1′N,130°43.4′E,11 km,0.9,---
2026/07/29,01:17:15.5,茨城県沖,36°21.3′N,140°51.5′E,31 km,0.6,---
2026/07/29,01:17:31.3,熊本県熊本地方,32°39.3′N,130°42.4′E,11 km,0.9,---
2026/07/29,01:17:37.7,熊本県天草・芦北地方,32°26.9′N,130°32.3′E,14 km,1.7,---
2026/07/29,01:18:00.0,熊本県熊本地方,32°41.1′N,130°43.0′E,14 km,1.5,---
2026/07/29,01:18:07.4,熊本県熊本地方,32°30.8′N,130°35.3′E,10 km,2.2,---
2026/07/29,01:18:47.9,熊本県天草・芦北地方,32°26.7′N,130°33.9′E,0 km,1.6,---
2026/07/29,01:19:44.4,熊本県熊本地方,32°40.3′N,130°42.8′E,12 km,0.3,---
2026/07/29,01:19:49.5,熊本県熊本地方,32°36.5′N,130°40.1′E,9 km,1.8,---
2026/07/29,01:20:06.5,熊本県熊本地方,32°37.7′N,130°42.0′E,11 km,1.5,---
2026/07/29,01:20:20.8,熊本県熊本地方,32°38.1′N,130°44.1′E,11 km,1.4,---
2026/07/29,01:20:39.5,熊本県天草・芦北地方,32°28.2′N,130°30.8′E,9 km,1.3,---
2026/07/29,01:20:53.1,熊本県熊本地方,32°44.4′N,130°46.4′E,12 km,1.6,---
2026/07/29,01:21:27.1,熊本県天草・芦北地方,32°30.8′N,130°33.4′E,12 km,1.4,---
2026/07/29,01:21:53.3,熊本県熊本地方,32°32.8′N,130°36.3′E,11 km,1.1,---
2026/07/29,01:22:05.7,熊本県熊本地方,32°41.0′N,130°43.8′E,14 km,0.9,---
2026/07/29,01:22:26.9,熊本県天草・芦北地方,32°27.0′N,130°32.3′E,2 km,1.2,---
2026/07/29,01:22:41.8,熊本県熊本地方,32°42.6′N,130°46.3′E,11 km,1.5,---
2026/07/29,01:23:09.6,熊本県熊本地方,32°37.3′N,130°40.4′E,14 km,0.8,---
2026/07/29,01:23:37.4,熊本県熊本地方,32°40.6′N,130°45.3′E,9 km,0.6,---
2026/07/29,01:23:42.1,熊本県熊本地方,32°32.6′N,130°36.0′E,15 km,1.1,---
2026/07/29,01:23:57.5,熊本県熊本地方,32°28.2′N,130°36.5′E,4 km,1.8,---
2026/07/29,01:24:19.9,熊本県熊本地方,32°39.7′N,130°45.3′E,6 km,1.7,---
2026/07/29,01:24:35.7,熊本県熊本地方,32°34.0′N,130°37.7′E,12 km,1.6,---
2026/07/29,01:24:56.1,熊本県天草・芦北地方,32°27.0′N,130°33.9′E,0 km,0.8,---
2026/07/29,01:25:11.0,熊本県熊本地方,32°39.6′N,130°44.5′E,9 km,0.8,---
2026/07/29,01:25:37.3,熊本県熊本地方,32°33.7′N,130°37.8′E,6 km,1.0,---
2026/07/29,01:26:01.8,熊本県熊本地方,32°37.8′N,130°42.8′E,6 km,2.4,---
2026/07/29,01:26:18.9,熊本県天草・芦北地方,32°25.9′N,130°32.2′E,0 km,2.5,---
2026/07/29,01:26:52.5,熊本県熊本地方,32°40.3′N,130°43.1′E,13 km,2.1,---
2026/07/29,01:27:18.0,熊本県熊本地方,32°36.2′N,130°41.3′E,5 km,2.0,---
2026/07/29,01:27:47.0,熊本県熊本地方,32°38.4′N,130°42.0′E,13 km,2.0,---
2026/07/29,01:28:10.2,熊本県熊本地方,32°33.5′N,130°40.5′E,7 km,0.9,---
2026/07/29,01:28:40.2,熊本県熊本地方,32°33.4′N,130°39.9′E,6 km,1.1,---
2026/07/29,01:29:22.1,熊本県天草・芦北地方,32°26.6′N,130°32.7′E,5 km,1.3,---
2026/07/29,01:29:40.4,熊本県天草・芦北地方,32°29.8′N,130°32.3′E,10 km,2.6,---
2026/07/29,01:30:26.9,熊本県熊本地方,32°35.9′N,130°39.4′E,11 km,2.7,---
2026/07/29,01:32:19.4,熊本県天草・芦北地方,32°27.4′N,130°34.4′E,7 km,2.1,---
2026/07/29,01:32:21.0,新島・神津島近海,34°20.2′N,139°15.3′E,5 km,1.5,---
2026/07/29,01:33:13.5,熊本県天草・芦北地方,32°36.3′N,130°38.3′E,14 km,1.5,---
2026/07/29,01:33:52.3,岩手県沖,39°30.8′N,142°33.8′E,33 km,1.9,---
2026/07/29,01:34:06.3,奄美大島北東沖,28°51.8′N,130°00.9′E,21 km,1.3,---
2026/07/29,01:34:16.1,熊本県熊本地方,32°39.7′N,130°42.1′E,13 km,1.8,---
2026/07/29,01:35:51.0,熊本県熊本地方,32°39.9′N,130°43.1′E,14 km,0.9,---
2026/07/29,01:37:14.1,熊本県熊本地方,32°43.0′N,130°45.7′E,10 km,1.2,---
2026/07/29,01:38:27.6,熊本県天草・芦北地方,32°28.9′N,130°34.6′E,10 km,2.4,---
2026/07/29,01:39:31.5,熊本県天草・芦北地方,32°28.4′N,130°34.0′E,6 km,2.5,---
2026/07/29,01:40:08.7,熊本県熊本地方,32°30.3′N,130°35.2′E,12 km,2.5,---
2026/07/29,01:41:41.2,種子島南東沖,30°16.4′N,131°42.0′E,47 km,2.7,---
2026/07/29,01:42:50.8,熊本県天草・芦北地方,32°25.1′N,130°29.3′E,8 km,2.9,---
2026/07/29,01:43:30.9,熊本県熊本地方,32°40.3′N,130°44.6′E,10 km,2.2,---
2026/07/29,01:43:54.0,熊本県熊本地方,32°41.9′N,130°43.8′E,14 km,1.5,---
2026/07/29,01:44:22.3,茨城県北部,36°31.9′N,140°38.0′E,55 km,0.2,---
2026/07/29,01:45:12.2,長野県北部,36°33.3′N,137°50.9′E,8 km,0.1,---
2026/07/29,01:46:41.0,熊本県熊本地方,32°31.6′N,130°35.1′E,12 km,3.1,---
2026/07/29,01:46:41.2,茨城県沖,36°13.7′N,141°50.1′E,6 km,2.3,---
2026/07/29,01:47:59.3,熊本県天草・芦北地方,32°23.2′N,130°28.7′E,0 km,1.7,---
2026/07/29,01:48:34.9,熊本県熊本地方,32°38.0′N,130°43.4′E,8 km,1.0,---
2026/07/29,01:48:52.0,熊本県熊本地方,32°30.8′N,130°35.4′E,8 km,1.6,---
2026/07/29,01:49:09.5,熊本県熊本地方,32°42.0′N,130°45.7′E,8 km,1.5,---
2026/07/29,01:50:04.4,熊本県熊本地方,32°30.0′N,130°35.3′E,11 km,2.8,---
2026/07/29,01:50:42.0,熊本県熊本地方,32°40.9′N,130°43.2′E,14 km,1.3,---
2026/07/29,01:50:47.0,三陸沖,40°11.4′N,143°11.3′E,3 km,1.7,---
2026/07/29,01:50:49.1,熊本県熊本地方,32°33.5′N,130°37.6′E,13 km,1.0,---
2026/07/29,01:50:56.0,宮古島北西沖,25°30.4′N,124°54.4′E,9 km,2.0,---
2026/07/29,01:52:03.8,熊本県熊本地方,32°32.1′N,130°35.5′E,5 km,1.2,---
2026/07/29,01:52:20.6,熊本県熊本地方,32°33.7′N,130°37.3′E,9 km,1.3,---
2026/07/29,01:53:02.6,熊本県熊本地方,32°34.2′N,130°37.9′E,11 km,1.3,---
2026/07/29,01:53:17.1,熊本県熊本地方,32°34.7′N,130°38.1′E,12 km,0.9,---
2026/07/29,01:53:46.2,熊本県天草・芦北地方,32°25.3′N,130°30.2′E,8 km,2.0,---
2026/07/29,01:54:38.3,香川県東部,34°10.0′N,134°26.3′E,8 km,1.0,---
2026/07/29,01:54:56.4,大分県中部,33°15.4′N,131°18.4′E,7 km,0.7,---
2026/07/29,01:56:36.9,熊本県熊本地方,32°38.5′N,130°43.1′E,8 km,1.3,---
2026/07/29,01:56:55.5,熊本県熊本地方,32°36.8′N,130°43.0′E,5 km,2.3,---
2026/07/29,01:57:44.0,熊本県熊本地方,32°43.4′N,130°46.4′E,9 km,0.8,---
2026/07/29,01:58:17.0,熊本県天草・芦北地方,32°24.9′N,130°29.2′E,9 km,2.0,---
2026/07/29,01:58:48.6,奄美大島近海,28°53.9′N,129°32.5′E,12 km,1.2,---
2026/07/29,01:58:53.6,熊本県熊本地方,32°35.6′N,130°38.1′E,14 km,2.8,---
2026/07/29,01:59:12.6,熊本県熊本地方,32°32.8′N,130°37.3′E,7 km,2.7,---
2026/07/29,01:59:40.2,熊本県熊本地方,32°33.7′N,130°36.9′E,13 km,2.0,---
2026/07/29,02:00:19.9,熊本県熊本地方,32°33.5′N,130°36.8′E,13 km,1.1,---
2026/07/29,02:00:32.4,熊本県熊本地方,32°42.5′N,130°45.9′E,9 km,1.2,---
2026/07/29,02:01:02.1,熊本県熊本地方,32°37.3′N,130°43.3′E,8 km,0.7,---
2026/07/29,02:01:34.6,熊本県熊本地方,32°30.4′N,130°38.1′E,12 km,2.2,---
2026/07/29,02:02:00.8,熊本県熊本地方,32°43.3′N,130°47.0′E,6 km,1.4,---
2026/07/29,02:02:15.5,福島県沖,37°09.0′N,144°35.6′E,35 km,2.2,---
2026/07/29,02:02:35.8,熊本県熊本地方,32°34.9′N,130°39.0′E,5 km,1.0,---
2026/07/29,02:02:54.9,熊本県天草・芦北地方,32°28.4′N,130°34.6′E,0 km,1.4,---
2026/07/29,02:03:12.2,熊本県熊本地方,32°32.1′N,130°35.8′E,7 km,1.7,---
2026/07/29,02:03:46.9,熊本県熊本地方,32°34.5′N,130°38.7′E,13 km,1.1,---
2026/07/29,02:03:54.6,熊本県熊本地方,32°33.8′N,130°39.6′E,11 km,1.4,---
2026/07/29,02:04:14.9,熊本県熊本地方,32°28.1′N,130°37.0′E,5 km,2.5,---
2026/07/29,02:04:59.4,熊本県熊本地方,32°39.7′N,130°44.4′E,11 km,0.7,---
2026/07/29,02:05:06.1,熊本県熊本地方,32°40.8′N,130°44.1′E,12 km,1.9,---
2026/07/29,02:05:20.4,熊本県熊本地方,32°36.8′N,130°43.1′E,4 km,1.9,---
2026/07/29,02:05:34.7,熊本県熊本地方,32°36.6′N,130°40.3′E,11 km,1.9,---
2026/07/29,02:06:11.0,熊本県熊本地方,32°29.3′N,130°34.5′E,9 km,1.6,---
2026/07/29,02:06:32.0,熊本県熊本地方,32°32.4′N,130°39.0′E,6 km,2.2,---
2026/07/29,02:07:15.3,熊本県熊本地方,32°41.2′N,130°44.3′E,12 km,0.8,---
2026/07/29,02:07:43.7,熊本県天草・芦北地方,32°28.6′N,130°31.4′E,12 km,2.4,---
2026/07/29,02:08:19.9,熊本県熊本地方,32°39.2′N,130°44.3′E,8 km,0.9,---
2026/07/29,02:08:51.5,青森県東方沖,41°10.1′N,141°57.2′E,58 km,0.8,---
2026/07/29,02:08:53.0,熊本県熊本地方,32°40.1′N,130°42.1′E,12 km,0.9,---
2026/07/29,02:09:13.3,熊本県熊本地方,32°39.3′N,130°41.9′E,12 km,1.5,---
2026/07/29,02:09:31.6,熊本県熊本地方,32°32.1′N,130°36.3′E,12 km,2.1,---
2026/07/29,02:09:43.0,熊本県熊本地方,32°30.2′N,130°35.0′E,11 km,2.2,---
2026/07/29,02:10:12.1,熊本県天草・芦北地方,32°27.3′N,130°33.0′E,8 km,1.6,---
2026/07/29,02:10:35.0,熊本県熊本地方,32°38.6′N,130°43.0′E,9 km,2.5,---
2026/07/29,02:11:10.3,熊本県天草・芦北地方,32°26.4′N,130°33.2′E,5 km,2.7,---
2026/07/29,02:11:56.4,熊本県熊本地方,32°37.6′N,130°41.7′E,10 km,1.9,---
2026/07/29,02:12:27.0,薩摩半島西方沖,31°55.6′N,130°09.9′E,6 km,2.0,---
2026/07/29,02:13:06.3,熊本県天草・芦北地方,32°28.0′N,130°32.2′E,14 km,1.1,---
2026/07/29,02:13:12.4,岩手県沖,40°11.1′N,142°10.8′E,44 km,2.1,---
2026/07/29,02:13:12.5,岩手県内陸北部,40°15.3′N,141°17.9′E,11 km,0.8,---
2026/07/29,02:13:23.2,熊本県熊本地方,32°38.6′N,130°43.9′E,11 km,2.5,---
2026/07/29,02:14:25.0,熊本県熊本地方,32°38.5′N,130°43.6′E,7 km,1.0,---
2026/07/29,02:15:23.8,熊本県熊本地方,32°32.0′N,130°36.0′E,11 km,1.5,---
2026/07/29,02:15:46.8,熊本県天草・芦北地方,32°30.7′N,130°32.6′E,11 km,2.3,---
2026/07/29,02:16:43.0,熊本県熊本地方,32°34.2′N,130°38.6′E,9 km,0.7,---
2026/07/29,02:17:26.2,熊本県熊本地方,32°30.5′N,130°34.8′E,6 km,0.8,---
2026/07/29,02:17:49.4,熊本県天草・芦北地方,32°27.2′N,130°30.2′E,2 km,0.8,---
2026/07/29,02:18:29.1,熊本県熊本地方,32°30.7′N,130°34.1′E,8 km,0.9,---
2026/07/29,02:18:44.2,熊本県熊本地方,32°39.8′N,130°44.5′E,10 km,0.9,---
2026/07/29,02:19:22.5,熊本県熊本地方,32°44.4′N,130°47.4′E,11 km,1.8,---
2026/07/29,02:19:30.8,鹿児島県薩摩地方,31°56.5′N,130°15.1′E,8 km,1.7,---
2026/07/29,02:20:03.4,熊本県天草・芦北地方,32°30.0′N,130°32.3′E,2 km,1.0,---
2026/07/29,02:21:02.6,遠州灘,34°29.1′N,138°11.9′E,295 km,2.4,---
2026/07/29,02:21:18.2,熊本県熊本地方,32°34.6′N,130°39.7′E,7 km,1.0,---
2026/07/29,02:22:10.1,熊本県熊本地方,32°48.8′N,130°49.8′E,7 km,1.2,---
2026/07/29,02:22:28.6,熊本県熊本地方,32°39.6′N,130°41.6′E,15 km,1.0,---
2026/07/29,02:22:50.0,熊本県熊本地方,32°37.3′N,130°42.6′E,7 km,0.9,---
2026/07/29,02:23:11.3,熊本県熊本地方,32°41.0′N,130°42.0′E,13 km,1.6,---
2026/07/29,02:23:34.2,熊本県熊本地方,32°34.9′N,130°38.7′E,10 km,1.6,---
2026/07/29,02:24:41.1,熊本県熊本地方,32°39.1′N,130°45.2′E,10 km,1.4,---
2026/07/29,02:25:15.6,熊本県天草・芦北地方,32°28.1′N,130°29.8′E,12 km,1.5,---
2026/07/29,02:25:19.6,宮城県沖,38°54.0′N,142°26.2′E,34 km,1.2,---
2026/07/29,02:25:53.1,熊本県天草・芦北地方,32°25.5′N,130°31.4′E,9 km,1.0,---
2026/07/29,02:26:24.6,熊本県熊本地方,32°42.0′N,130°45.4′E,6 km,1.4,---
2026/07/29,02:26:41.3,熊本県熊本地方,32°30.7′N,130°35.1′E,10 km,1.2,---
2026/07/29,02:27:13.7,熊本県天草・芦北地方,32°27.1′N,130°32.4′E,5 km,1.6,---
2026/07/29,02:28:42.7,熊本県熊本地方,32°33.4′N,130°37.0′E,13 km,1.4,---
2026/07/29,02:30:08.0,熊本県熊本地方,32°33.8′N,130°37.7′E,6 km,1.0,---
2026/07/29,02:30:25.9,千葉県北西部,35°53.3′N,140°22.3′E,38 km,0.5,---
2026/07/29,02:31:07.9,熊本県熊本地方,32°38.7′N,130°43.5′E,8 km,2.0,---
2026/07/29,02:31:27.9,熊本県熊本地方,32°38.9′N,130°43.0′E,4 km,1.9,---
2026/07/29,02:32:31.5,福島県沖,37°06.3′N,141°31.5′E,49 km,1.1,---
2026/07/29,02:32:59.3,熊本県熊本地方,32°40.5′N,130°45.6′E,12 km,0.6,---
2026/07/29,02:33:16.3,熊本県熊本地方,32°38.3′N,130°44.0′E,10 km,0.7,---
2026/07/29,02:33:35.9,青森県東方沖,40°31.5′N,142°18.7′E,43 km,0.9,---
2026/07/29,02:33:55.4,熊本県天草・芦北地方,32°29.6′N,130°31.9′E,13 km,1.1,---
2026/07/29,02:34:14.8,熊本県熊本地方,32°31.3′N,130°34.9′E,8 km,2.6,---
2026/07/29,02:34:22.4,福島県会津,37°04.6′N,139°35.3′E,8 km,0.3,---
2026/07/29,02:34:51.3,熊本県熊本地方,32°32.3′N,130°36.5′E,10 km,2.6,---
2026/07/29,02:35:17.7,熊本県熊本地方,32°39.4′N,130°42.5′E,14 km,3.3,---
2026/07/29,02:36:44.5,熊本県天草・芦北地方,32°28.1′N,130°33.6′E,8 km,3.2,---
2026/07/29,02:37:03.4,熊本県熊本地方,32°35.3′N,130°41.4′E,7 km,3.7,---
2026/07/29,02:39:23.3,熊本県天草・芦北地方,32°30.3′N,130°32.9′E,11 km,1.9,---
2026/07/29,02:39:41.6,熊本県熊本地方,32°46.4′N,130°48.9′E,7 km,1.7,---
2026/07/29,02:40:31.6,日向灘,32°08.2′N,131°43.5′E,38 km,1.3,---
2026/07/29,02:40:32.1,熊本県熊本地方,32°39.1′N,130°42.2′E,13 km,1.5,---
2026/07/29,02:40:52.6,島根県東部,35°18.2′N,133°16.0′E,6 km,0.5,---
2026/07/29,02:41:02.3,栃木県北部,36°40.5′N,139°23.6′E,8 km,0.9,---
2026/07/29,02:42:14.7,熊本県天草・芦北地方,32°27.2′N,130°31.9′E,12 km,1.2,---
2026/07/29,02:42:35.1,熊本県熊本地方,32°39.9′N,130°42.6′E,12 km,1.3,---
2026/07/29,02:42:40.4,青森県東方沖,41°07.8′N,142°38.1′E,34 km,0.7,---
2026/07/29,02:42:56.9,鳥取県中部,35°21.7′N,133°53.9′E,9 km,-0.1,---
2026/07/29,02:43:00.0,熊本県天草・芦北地方,32°32.9′N,130°33.8′E,4 km,1.4,---
2026/07/29,02:43:03.3,熊本県熊本地方,32°32.8′N,130°39.7′E,7 km,1.8,---
2026/07/29,02:43:37.1,熊本県天草・芦北地方,32°29.6′N,130°31.8′E,8 km,0.8,---
2026/07/29,02:43:50.4,熊本県天草・芦北地方,32°28.4′N,130°32.7′E,14 km,1.0,---
2026/07/29,02:44:08.9,熊本県天草・芦北地方,32°28.5′N,130°31.4′E,12 km,1.0,---
2026/07/29,02:44:17.8,熊本県熊本地方,32°33.9′N,130°37.5′E,10 km,1.1,---
2026/07/29,02:44:21.8,沖縄本島近海,26°59.5′N,128°38.5′E,9 km,0.9,---
2026/07/29,02:44:31.9,熊本県天草・芦北地方,32°27.9′N,130°29.5′E,12 km,2.5,---
2026/07/29,02:44:55.5,宮城県中部,38°28.7′N,140°59.4′E,90 km,1.3,---
2026/07/29,02:44:57.6,遠州灘,34°21.7′N,137°04.1′E,34 km,1.4,---
2026/07/29,02:45:00.0,熊本県熊本地方,32°38.1′N,130°42.4′E,12 km,1.4,---
2026/07/29,02:45:38.0,熊本県熊本地方,32°38.8′N,130°42.3′E,14 km,0.5,---
2026/07/29,02:46:06.8,熊本県熊本地方,32°38.2′N,130°42.9′E,13 km,0.7,---
2026/07/29,02:46:41.4,岐阜県美濃中西部,35°19.6′N,136°31.4′E,16 km,0.9,---
2026/07/29,02:46:44.4,熊本県天草・芦北地方,32°25.4′N,130°27.7′E,1 km,0.9,---
2026/07/29,02:47:51.2,熊本県熊本地方,32°39.4′N,130°42.3′E,12 km,1.5,---
2026/07/29,02:49:22.4,熊本県天草・芦北地方,32°25.3′N,130°29.8′E,10 km,2.4,---
2026/07/29,02:49:26.1,鹿児島湾,31°25.4′N,130°37.5′E,9 km,0.7,---
2026/07/29,02:50:14.5,熊本県熊本地方,32°31.9′N,130°36.6′E,9 km,2.0,---
2026/07/29,02:50:36.6,熊本県熊本地方,32°31.9′N,130°34.8′E,8 km,1.6,---
2026/07/29,02:51:12.2,熊本県熊本地方,32°36.1′N,130°41.4′E,4 km,1.8,---
2026/07/29,02:51:41.1,熊本県熊本地方,32°30.4′N,130°37.4′E,9 km,1.6,---
2026/07/29,02:51:58.5,熊本県熊本地方,32°39.1′N,130°43.7′E,9 km,1.4,---
2026/07/29,02:52:36.5,熊本県熊本地方,32°35.9′N,130°41.9′E,9 km,1.9,---
2026/07/29,02:52:53.7,熊本県熊本地方,32°32.1′N,130°35.6′E,12 km,3.1,---
2026/07/29,02:53:21.8,熊本県熊本地方,32°43.8′N,130°47.2′E,9 km,1.6,---
2026/07/29,02:53:43.0,熊本県天草・芦北地方,32°26.5′N,130°32.8′E,6 km,1.6,---
2026/07/29,02:53:47.1,三陸沖,39°09.3′N,144°36.8′E,21 km,1.1,---
2026/07/29,02:53:52.3,熊本県熊本地方,32°38.3′N,130°40.9′E,12 km,1.5,---
2026/07/29,02:54:10.8,熊本県熊本地方,32°38.9′N,130°43.4′E,9 km,2.5,---
2026/07/29,02:54:42.4,熊本県熊本地方,32°33.1′N,130°37.0′E,11 km,3.1,---
2026/07/29,02:55:12.3,大阪府北部,34°49.7′N,135°42.8′E,13 km,0.7,---
2026/07/29,02:55:50.9,熊本県天草・芦北地方,32°36.9′N,130°38.3′E,15 km,1.4,---
2026/07/29,02:56:45.3,熊本県天草・芦北地方,32°23.2′N,130°27.8′E,12 km,1.0,---
2026/07/29,02:57:13.0,熊本県熊本地方,32°42.6′N,130°45.6′E,9 km,1.2,---
2026/07/29,02:57:14.3,薩摩半島西方沖,31°41.7′N,129°56.7′E,15 km,0.5,---
2026/07/29,02:58:31.0,熊本県熊本地方,32°31.6′N,130°35.8′E,14 km,1.6,---
2026/07/29,02:58:50.8,熊本県天草・芦北地方,32°23.1′N,130°27.4′E,12 km,1.4,---
2026/07/29,02:59:21.6,福島県沖,37°18.4′N,141°58.2′E,32 km,1.6,---
2026/07/29,02:59:49.3,熊本県天草・芦北地方,32°24.7′N,130°29.2′E,1 km,1.1,---
2026/07/29,03:00:45.7,熊本県熊本地方,32°38.8′N,130°45.1′E,8 km,1.4,---
2026/07/29,03:01:00.3,熊本県熊本地方,32°30.1′N,130°35.9′E,7 km,1.7,---
2026/07/29,03:01:29.8,熊本県天草・芦北地方,32°22.8′N,130°27.2′E,8 km,1.0,---
2026/07/29,03:01:48.2,熊本県熊本地方,32°36.7′N,130°42.4′E,8 km,1.2,---
2026/07/29,03:01:49.8,福島県沖,37°34.1′N,141°54.7′E,41 km,1.2,---
2026/07/29,03:03:46.0,熊本県天草・芦北地方,32°26.2′N,130°34.4′E,0 km,1.3,---
2026/07/29,03:04:38.6,熊本県熊本地方,32°39.8′N,130°44.7′E,12 km,0.8,---
2026/07/29,03:04:55.1,熊本県天草・芦北地方,32°31.2′N,130°32.4′E,16 km,1.4,---
2026/07/29,03:05:20.6,熊本県熊本地方,32°38.3′N,130°43.4′E,8 km,1.2,---
2026/07/29,03:05:50.4,熊本県熊本地方,32°35.8′N,130°40.2′E,7 km,0.9,---
2026/07/29,03:06:55.5,三陸沖,39°21.4′N,143°43.9′E,14 km,1.1,---
2026/07/29,03:06:56.5,熊本県熊本地方,32°28.6′N,130°36.2′E,2 km,0.9,---
2026/07/29,03:07:23.4,熊本県天草・芦北地方,32°25.4′N,130°29.6′E,9 km,1.1,---
2026/07/29,03:08:26.2,熊本県熊本地方,32°28.0′N,130°35.5′E,0 km,2.2,---
2026/07/29,03:09:22.1,熊本県熊本地方,32°31.8′N,130°35.7′E,9 km,1.3,---
2026/07/29,03:09:46.5,熊本県熊本地方,32°31.9′N,130°35.4′E,12 km,2.2,---
2026/07/29,03:10:23.5,熊本県熊本地方,32°32.3′N,130°36.0′E,11 km,2.0,---
2026/07/29,03:10:37.9,熊本県天草・芦北地方,32°29.8′N,130°32.4′E,9 km,1.9,---
2026/07/29,03:11:35.6,熊本県熊本地方,32°37.0′N,130°40.0′E,13 km,1.1,---
2026/07/29,03:12:32.4,熊本県熊本地方,32°38.5′N,130°42.4′E,13 km,0.7,---
2026/07/29,03:12:50.7,熊本県熊本地方,32°42.0′N,130°45.5′E,8 km,1.2,---
2026/07/29,03:13:25.1,熊本県天草・芦北地方,32°27.7′N,130°30.2′E,10 km,2.0,---
2026/07/29,03:14:38.8,熊本県熊本地方,32°39.7′N,130°45.2′E,10 km,1.1,---
2026/07/29,03:14:41.7,トカラ列島近海,29°15.7′N,129°11.4′E,7 km,0.6,---
2026/07/29,03:15:30.0,熊本県熊本地方,32°40.9′N,130°45.5′E,9 km,1.7,---
2026/07/29,03:15:49.9,熊本県熊本地方,32°30.6′N,130°35.2′E,12 km,1.9,---
2026/07/29,03:16:40.3,熊本県熊本地方,32°36.2′N,130°41.2′E,6 km,1.7,---
2026/07/29,03:17:07.8,熊本県熊本地方,32°43.1′N,130°46.9′E,9 km,1.4,---
2026/07/29,03:17:55.7,熊本県熊本地方,32°35.1′N,130°38.0′E,13 km,2.3,---
2026/07/29,03:18:33.4,熊本県天草・芦北地方,32°24.6′N,130°27.6′E,8 km,1.2,---
2026/07/29,03:18:48.9,熊本県天草・芦北地方,32°26.4′N,130°34.1′E,10 km,1.2,---
2026/07/29,03:19:03.7,熊本県熊本地方,32°38.3′N,130°44.0′E,8 km,0.9,---
2026/07/29,03:19:34.2,熊本県熊本地方,32°39.5′N,130°42.8′E,14 km,0.3,---
2026/07/29,03:19:57.1,熊本県熊本地方,32°28.9′N,130°36.0′E,9 km,1.0,---
2026/07/29,03:20:03.4,石垣島北西沖,25°07.4′N,124°13.9′E,122 km,2.9,---
2026/07/29,03:20:15.7,熊本県熊本地方,32°43.6′N,130°46.4′E,10 km,1.6,---
2026/07/29,03:20:40.3,熊本県天草・芦北地方,32°23.5′N,130°28.5′E,1 km,1.7,---
2026/07/29,03:21:03.7,熊本県熊本地方,32°39.1′N,130°42.1′E,13 km,1.8,---
2026/07/29,03:21:12.4,京都府南部,34°56.7′N,135°35.6′E,11 km,0.9,---
2026/07/29,03:22:16.8,熊本県天草・芦北地方,32°23.3′N,130°27.4′E,11 km,0.9,---
2026/07/29,03:23:25.2,熊本県熊本地方,32°34.4′N,130°37.9′E,13 km,1.5,---
2026/07/29,03:23:29.0,遠州灘,34°26.2′N,137°51.8′E,19 km,1.8,---
2026/07/29,03:24:36.0,熊本県熊本地方,32°38.2′N,130°43.1′E,7 km,1.0,---
2026/07/29,03:25:28.6,大分県中部,33°15.4′N,131°18.6′E,10 km,0.5,---
2026/07/29,03:25:34.8,熊本県天草・芦北地方,32°27.9′N,130°31.2′E,8 km,0.8,---
2026/07/29,03:26:07.5,熊本県熊本地方,32°42.4′N,130°46.6′E,8 km,0.7,---
2026/07/29,03:26:58.3,熊本県熊本地方,32°40.1′N,130°44.2′E,10 km,1.5,---
2026/07/29,03:27:34.5,熊本県熊本地方,32°34.2′N,130°39.7′E,7 km,1.8,---
2026/07/29,03:28:10.8,熊本県熊本地方,32°42.0′N,130°45.7′E,6 km,0.3,---
2026/07/29,03:28:37.6,熊本県熊本地方,32°44.4′N,130°47.1′E,9 km,2.5,---
2026/07/29,03:29:15.9,熊本県天草・芦北地方,32°29.2′N,130°31.2′E,10 km,2.1,---
2026/07/29,03:29:43.0,熊本県熊本地方,32°37.2′N,130°42.4′E,14 km,2.7,---
2026/07/29,03:30:24.2,熊本県天草・芦北地方,32°27.2′N,130°32.8′E,4 km,1.7,---
2026/07/29,03:30:45.7,熊本県熊本地方,32°40.2′N,130°43.8′E,10 km,1.3,---
2026/07/29,03:31:20.4,熊本県熊本地方,32°44.6′N,130°47.7′E,8 km,0.7,---
2026/07/29,03:31:45.6,熊本県熊本地方,32°44.6′N,130°47.5′E,9 km,1.3,---
2026/07/29,03:32:13.5,熊本県熊本地方,32°30.3′N,130°34.0′E,12 km,0.5,---
2026/07/29,03:32:31.8,和歌山県北部,34°08.9′N,135°21.0′E,5 km,-0.1,---
2026/07/29,03:33:28.8,熊本県熊本地方,32°40.9′N,130°44.2′E,1 km,1.1,---
2026/07/29,03:33:45.6,和歌山県北部,34°04.1′N,135°21.7′E,6 km,-0.6,---
2026/07/29,03:33:50.3,熊本県熊本地方,32°34.4′N,130°38.4′E,9 km,0.8,---
2026/07/29,03:34:30.7,熊本県熊本地方,32°31.3′N,130°35.0′E,12 km,0.8,---
2026/07/29,03:34:59.5,熊本県天草・芦北地方,32°28.7′N,130°31.5′E,10 km,3.5,---
2026/07/29,03:35:05.1,三陸沖,39°30.5′N,143°42.4′E,15 km,1.8,---
2026/07/29,03:36:10.9,熊本県天草・芦北地方,32°25.9′N,130°30.4′E,7 km,1.3,---
2026/07/29,03:36:43.9,熊本県天草・芦北地方,32°12.5′N,130°24.1′E,4 km,1.4,---
2026/07/29,03:36:58.1,熊本県天草・芦北地方,32°27.4′N,130°33.2′E,4 km,1.4,---
2026/07/29,03:37:14.4,熊本県熊本地方,32°43.6′N,130°46.2′E,9 km,1.8,---
2026/07/29,03:37:41.8,熊本県熊本地方,32°37.5′N,130°44.7′E,14 km,0.9,---
2026/07/29,03:38:02.6,三陸沖,39°30.1′N,143°42.6′E,20 km,1.2,---
2026/07/29,03:38:03.8,熊本県天草・芦北地方,32°25.3′N,130°29.7′E,8 km,1.2,---
2026/07/29,03:38:42.1,熊本県熊本地方,32°29.7′N,130°34.5′E,13 km,1.6,---
2026/07/29,03:39:09.4,熊本県熊本地方,32°34.8′N,130°41.9′E,5 km,0.5,---
2026/07/29,03:39:52.1,熊本県熊本地方,32°39.7′N,130°44.0′E,14 km,0.5,---
2026/07/29,03:39:59.2,熊本県熊本地方,32°34.1′N,130°39.4′E,6 km,1.2,---
2026/07/29,03:40:04.6,熊本県熊本地方,32°33.0′N,130°37.1′E,12 km,2.3,---
2026/07/29,03:40:41.8,岩手県内陸北部,39°49.9′N,141°25.7′E,12 km,1.9,---
2026/07/29,03:40:46.4,徳島県南部,33°55.7′N,134°25.7′E,7 km,0.3,---
2026/07/29,03:41:35.7,熊本県熊本地方,32°52.1′N,130°49.9′E,15 km,1.8,---
2026/07/29,03:42:12.2,熊本県天草・芦北地方,32°36.1′N,130°38.3′E,13 km,1.8,---
2026/07/29,03:43:07.5,和歌山県北部,34°14.8′N,135°15.1′E,7 km,-0.1,---
2026/07/29,03:43:59.1,熊本県熊本地方,32°41.3′N,130°44.0′E,11 km,0.7,---
2026/07/29,03:44:39.3,岩手県沖,40°14.7′N,142°26.9′E,43 km,0.9,---
2026/07/29,03:44:47.9,熊本県天草・芦北地方,32°28.9′N,130°33.6′E,7 km,1.3,---
2026/07/29,03:45:33.2,熊本県熊本地方,32°43.9′N,130°46.0′E,9 km,1.0,---
2026/07/29,03:46:46.9,熊本県天草・芦北地方,32°27.6′N,130°34.4′E,1 km,1.3,---
2026/07/29,03:47:05.9,熊本県熊本地方,32°40.3′N,130°42.6′E,13 km,2.1,---
2026/07/29,03:47:51.1,熊本県熊本地方,32°34.3′N,130°41.5′E,9 km,0.8,---
2026/07/29,03:48:11.8,熊本県熊本地方,32°32.9′N,130°36.7′E,12 km,1.7,---
2026/07/29,03:48:40.2,熊本県熊本地方,32°43.1′N,130°47.3′E,12 km,0.9,---
2026/07/29,03:49:23.9,熊本県天草・芦北地方,32°28.2′N,130°30.3′E,11 km,1.4,---
2026/07/29,03:50:28.5,千葉県東方沖,35°35.0′N,140°54.8′E,26 km,1.2,---
2026/07/29,03:50:34.3,三陸沖,39°22.0′N,143°44.1′E,18 km,1.8,---
2026/07/29,03:50:35.7,熊本県熊本地方,32°41.3′N,130°44.0′E,11 km,0.3,---
2026/07/29,03:50:52.7,岐阜県飛騨地方,36°04.9′N,137°33.2′E,3 km,0.3,---
2026/07/29,03:51:11.2,熊本県熊本地方,32°42.1′N,130°46.2′E,9 km,1.4,---
2026/07/29,03:51:17.1,福島県沖,37°19.8′N,141°15.6′E,81 km,1.5,---
2026/07/29,03:51:37.4,熊本県熊本地方,32°44.2′N,130°46.0′E,10 km,1.4,---
2026/07/29,03:52:20.2,熊本県熊本地方,32°41.0′N,130°44.6′E,12 km,0.8,---
2026/07/29,03:52:51.6,熊本県天草・芦北地方,32°24.6′N,130°28.5′E,11 km,1.7,---
2026/07/29,03:53:25.7,熊本県熊本地方,32°40.0′N,130°44.3′E,2 km,0.5,---
2026/07/29,03:53:36.8,後志地方西部,42°44.9′N,140°29.7′E,11 km,1.0,---
2026/07/29,03:53:57.9,熊本県天草・芦北地方,32°28.8′N,130°33.9′E,11 km,2.4,---
2026/07/29,03:54:58.9,熊本県熊本地方,32°38.3′N,130°44.5′E,9 km,0.4,---
2026/07/29,03:55:18.3,熊本県熊本地方,32°38.5′N,130°43.9′E,10 km,1.7,---
2026/07/29,03:55:45.3,熊本県熊本地方,32°29.7′N,130°34.7′E,13 km,2.3,---
2026/07/29,03:56:52.9,熊本県熊本地方,32°39.2′N,130°44.5′E,9 km,0.4,---
2026/07/29,03:57:03.3,石垣島近海,23°00.3′N,124°16.7′E,46 km,2.9,---
2026/07/29,03:58:00.9,熊本県熊本地方,32°35.9′N,130°38.3′E,14 km,1.3,---
2026/07/29,03:58:48.5,熊本県熊本地方,32°36.0′N,130°41.6′E,4 km,1.5,---
2026/07/29,03:58:58.7,石垣島近海,24°53.4′N,123°50.2′E,105 km,1.5,---
2026/07/29,03:59:14.2,熊本県熊本地方,32°32.6′N,130°37.1′E,7 km,0.9,---
2026/07/29,03:59:36.1,熊本県熊本地方,32°40.0′N,130°45.3′E,5 km,1.1,---
2026/07/29,04:00:01.3,岩手県沖,39°10.1′N,142°21.0′E,33 km,3.0,---
2026/07/29,04:00:27.9,熊本県熊本地方,32°31.3′N,130°36.1′E,7 km,1.1,---
2026/07/29,04:00:47.8,熊本県天草・芦北地方,32°30.7′N,130°32.7′E,12 km,2.3,---
2026/07/29,04:01:18.0,熊本県熊本地方,32°42.2′N,130°45.3′E,10 km,1.4,---
2026/07/29,04:01:47.8,熊本県熊本地方,32°33.0′N,130°37.6′E,7 km,1.6,---
2026/07/29,04:02:00.9,熊本県熊本地方,32°39.5′N,130°43.9′E,7 km,1.5,---
2026/07/29,04:02:44.4,熊本県熊本地方,32°40.6′N,130°43.4′E,13 km,0.6,---
2026/07/29,04:03:01.1,熊本県熊本地方,32°34.6′N,130°39.6′E,4 km,1.2,---
2026/07/29,04:03:30.2,熊本県天草・芦北地方,32°30.8′N,130°33.1′E,13 km,1.9,---
2026/07/29,04:04:10.1,熊本県天草・芦北地方,32°26.9′N,130°33.1′E,1 km,1.0,---
2026/07/29,04:04:19.0,三陸沖,40°22.4′N,144°48.7′E,23 km,不明,---
2026/07/29,04:04:49.8,熊本県熊本地方,32°29.3′N,130°34.4′E,9 km,1.9,---
2026/07/29,04:05:56.5,熊本県天草・芦北地方,32°28.8′N,130°30.9′E,13 km,1.1,---
2026/07/29,04:06:19.0,熊本県熊本地方,32°38.3′N,130°43.3′E,8 km,0.8,---
2026/07/29,04:06:43.0,熊本県熊本地方,32°39.6′N,130°44.1′E,7 km,1.1,---
2026/07/29,04:07:17.0,岡山県北部,35°06.2′N,134°21.6′E,16 km,0.3,---
2026/07/29,04:07:18.2,熊本県熊本地方,32°38.8′N,130°41.7′E,14 km,1.7,---
2026/07/29,04:07:46.7,熊本県天草・芦北地方,32°26.8′N,130°33.8′E,1 km,1.1,---
2026/07/29,04:08:08.6,熊本県熊本地方,32°33.5′N,130°37.3′E,13 km,2.0,---
2026/07/29,04:09:16.7,熊本県熊本地方,32°33.9′N,130°37.4′E,11 km,1.4,---
2026/07/29,04:09:35.5,島根県東部,35°19.2′N,133°13.2′E,12 km,0.5,---
2026/07/29,04:10:09.1,熊本県熊本地方,32°39.3′N,130°42.4′E,13 km,1.4,---
2026/07/29,04:10:42.5,熊本県熊本地方,32°35.5′N,130°38.8′E,11 km,1.5,---
2026/07/29,04:11:53.4,熊本県天草・芦北地方,32°30.2′N,130°33.0′E,14 km,2.0,---
2026/07/29,04:12:49.4,熊本県天草・芦北地方,32°27.9′N,130°29.7′E,11 km,2.2,---
2026/07/29,04:13:16.4,熊本県熊本地方,32°33.5′N,130°38.7′E,6 km,2.7,---
2026/07/29,04:13:42.8,宮城県沖,38°53.0′N,141°41.4′E,63 km,2.2,---
2026/07/29,04:14:22.0,熊本県熊本地方,32°39.0′N,130°44.3′E,8 km,1.4,---
2026/07/29,04:14:49.7,愛媛県南予,33°02.4′N,132°40.7′E,11 km,0.1,---
2026/07/29,04:14:59.5,熊本県熊本地方,32°38.6′N,130°43.3′E,8 km,1.0,---
2026/07/29,04:15:32.0,熊本県熊本地方,32°39.7′N,130°42.4′E,13 km,0.3,---
2026/07/29,04:15:59.2,熊本県熊本地方,32°40.3′N,130°42.7′E,12 km,0.6,---
2026/07/29,04:16:18.2,熊本県熊本地方,32°35.2′N,130°40.5′E,7 km,1.0,---
2026/07/29,04:16:41.5,熊本県熊本地方,32°36.8′N,130°40.6′E,10 km,1.6,---
2026/07/29,04:17:11.6,熊本県天草・芦北地方,32°28.5′N,130°30.6′E,9 km,2.1,---
2026/07/29,04:17:56.4,熊本県熊本地方,32°42.7′N,130°46.0′E,12 km,1.2,---
2026/07/29,04:18:19.1,熊本県熊本地方,32°35.6′N,130°41.3′E,6 km,1.3,---
2026/07/29,04:18:55.3,熊本県熊本地方,32°31.2′N,130°35.5′E,14 km,2.2,---
2026/07/29,04:19:33.1,瀬戸内海中部,34°20.0′N,133°11.9′E,15 km,1.5,---
2026/07/29,04:19:58.5,宮城県沖,38°26.1′N,142°00.6′E,40 km,2.4,---
2026/07/29,04:20:12.0,熊本県天草・芦北地方,32°31.7′N,130°33.1′E,14 km,1.6,---
2026/07/29,04:21:04.9,熊本県天草・芦北地方,32°25.4′N,130°31.9′E,3 km,1.0,---
2026/07/29,04:21:32.2,熊本県熊本地方,32°35.5′N,130°39.6′E,10 km,1.4,---
2026/07/29,04:23:12.3,熊本県熊本地方,32°35.7′N,130°38.7′E,13 km,1.5,---
2026/07/29,04:23:31.0,奄美大島近海,28°19.2′N,130°04.9′E,34 km,1.2,---
2026/07/29,04:23:49.6,熊本県熊本地方,32°38.5′N,130°44.6′E,8 km,0.8,---
2026/07/29,04:24:42.9,熊本県熊本地方,32°34.3′N,130°38.4′E,10 km,0.9,---
2026/07/29,04:25:12.1,与那国島近海,24°18.3′N,122°53.3′E,58 km,1.2,---
2026/07/29,04:25:44.6,熊本県熊本地方,32°40.2′N,130°43.9′E,10 km,2.4,---
2026/07/29,04:26:59.5,熊本県熊本地方,32°38.7′N,130°43.3′E,9 km,1.6,---
2026/07/29,04:27:46.6,熊本県熊本地方,32°39.5′N,130°42.0′E,13 km,0.4,---
2026/07/29,04:28:11.6,房総半島南方沖,34°06.0′N,140°36.6′E,41 km,1.7,---
2026/07/29,04:28:13.6,熊本県熊本地方,32°31.9′N,130°35.8′E,3 km,2.7,---
2026/07/29,04:29:53.3,熊本県熊本地方,32°41.5′N,130°44.4′E,11 km,2.7,---
2026/07/29,04:30:15.5,熊本県熊本地方,32°40.3′N,130°42.5′E,12 km,2.9,---
2026/07/29,04:30:39.0,熊本県熊本地方,32°40.2′N,130°44.1′E,9 km,2.5,---
2026/07/29,04:31:08.3,熊本県熊本地方,32°33.9′N,130°38.8′E,10 km,3.6,---
2026/07/29,04:31:08.7,薩摩半島西方沖,31°41.6′N,129°56.8′E,14 km,1.5,---
2026/07/29,04:31:45.3,岩手県沖,40°11.9′N,142°47.8′E,15 km,1.8,---
2026/07/29,04:32:16.4,熊本県天草・芦北地方,32°31.4′N,130°33.3′E,12 km,1.5,---
2026/07/29,04:32:42.2,熊本県熊本地方,32°29.8′N,130°34.3′E,13 km,1.3,---
2026/07/29,04:33:14.2,熊本県熊本地方,32°35.6′N,130°41.1′E,6 km,1.2,---
2026/07/29,04:33:49.2,熊本県熊本地方,32°38.3′N,130°44.0′E,8 km,2.2,---
2026/07/29,04:33:57.5,栃木県北部,36°56.6′N,139°40.7′E,6 km,0.0,---
2026/07/29,04:34:11.6,熊本県熊本地方,32°36.3′N,130°42.3′E,4 km,1.7,---
2026/07/29,04:34:44.3,熊本県熊本地方,32°35.8′N,130°39.5′E,11 km,1.5,---
2026/07/29,04:35:16.7,熊本県熊本地方,32°32.0′N,130°36.2′E,8 km,0.7,---
2026/07/29,04:35:28.9,熊本県熊本地方,32°35.4′N,130°38.7′E,11 km,0.9,---
2026/07/29,04:35:46.4,熊本県熊本地方,32°33.8′N,130°38.7′E,11 km,2.5,---
2026/07/29,04:36:24.5,岩手県内陸南部,39°01.4′N,140°51.5′E,7 km,1.3,---
2026/07/29,04:36:48.3,熊本県熊本地方,32°31.7′N,130°37.0′E,8 km,0.6,---
2026/07/29,04:36:58.7,熊本県熊本地方,32°38.6′N,130°43.7′E,7 km,0.8,---
2026/07/29,04:37:59.3,熊本県熊本地方,32°35.6′N,130°41.4′E,9 km,4.1,---
2026/07/29,04:39:02.5,熊本県熊本地方,32°28.4′N,130°36.5′E,9 km,2.7,---
2026/07/29,04:39:37.7,熊本県熊本地方,32°36.0′N,130°41.0′E,6 km,2.2,---
2026/07/29,04:40:02.2,熊本県熊本地方,32°34.3′N,130°37.8′E,9 km,1.4,---
2026/07/29,04:41:13.7,熊本県熊本地方,32°30.3′N,130°35.8′E,7 km,1.1,---
2026/07/29,04:42:08.3,熊本県熊本地方,32°30.9′N,130°35.4′E,8 km,1.3,---
2026/07/29,04:42:25.8,熊本県熊本地方,32°34.4′N,130°38.0′E,10 km,1.6,---
2026/07/29,04:43:24.1,熊本県熊本地方,32°40.2′N,130°45.4′E,10 km,0.8,---
2026/07/29,04:43:44.3,熊本県天草・芦北地方,32°28.7′N,130°30.5′E,12 km,2.2,---
2026/07/29,04:44:25.4,熊本県熊本地方,32°35.9′N,130°41.0′E,7 km,1.9,---
2026/07/29,04:45:13.5,熊本県天草・芦北地方,32°29.5′N,130°31.7′E,11 km,1.0,---
2026/07/29,04:45:46.2,熊本県天草・芦北地方,32°36.0′N,130°38.7′E,14 km,0.9,---
2026/07/29,04:46:39.8,熊本県熊本地方,32°33.7′N,130°38.7′E,4 km,1.7,---
2026/07/29,04:47:16.3,熊本県熊本地方,32°34.7′N,130°38.5′E,10 km,1.1,---
2026/07/29,04:48:02.7,熊本県熊本地方,32°33.0′N,130°38.7′E,7 km,1.0,---
2026/07/29,04:48:47.7,千葉県北東部,35°43.7′N,140°42.4′E,51 km,0.8,---
2026/07/29,04:49:04.3,熊本県熊本地方,32°36.4′N,130°41.3′E,7 km,1.4,---
2026/07/29,04:49:25.8,千葉県東方沖,35°47.8′N,141°01.5′E,26 km,1.9,---
2026/07/29,04:51:02.2,熊本県天草・芦北地方,32°11.6′N,130°21.5′E,5 km,1.5,---
2026/07/29,04:51:06.3,岐阜県美濃中西部,35°28.7′N,136°42.2′E,11 km,0.7,---
2026/07/29,04:51:23.9,国後島付近,43°33.0′N,146°01.4′E,69 km,1.5,---
2026/07/29,04:51:44.2,熊本県天草・芦北地方,32°27.9′N,130°33.0′E,7 km,1.1,---
2026/07/29,04:53:00.7,熊本県天草・芦北地方,32°29.5′N,130°31.5′E,1 km,0.9,---
2026/07/29,04:53:28.8,熊本県熊本地方,32°29.7′N,130°33.8′E,7 km,1.0,---
2026/07/29,04:53:48.6,台湾付近,24°07.1′N,121°53.3′E,38 km,不明,---
2026/07/29,04:54:11.5,熊本県熊本地方,32°41.0′N,130°44.7′E,12 km,0.3,---
2026/07/29,04:54:15.4,熊本県熊本地方,32°30.2′N,130°35.0′E,9 km,1.5,---
2026/07/29,04:54:48.8,熊本県熊本地方,32°30.8′N,130°34.0′E,6 km,2.6,---
2026/07/29,04:55:10.8,滋賀県南部,34°55.1′N,136°16.2′E,11 km,0.6,---
2026/07/29,04:55:32.1,熊本県熊本地方,32°29.6′N,130°34.3′E,12 km,1.4,---
2026/07/29,04:56:22.9,熊本県熊本地方,32°39.3′N,130°41.3′E,13 km,1.3,---
2026/07/29,04:56:39.5,熊本県熊本地方,32°40.2′N,130°44.0′E,8 km,1.4,---
2026/07/29,04:57:21.0,熊本県熊本地方,32°34.6′N,130°41.1′E,9 km,1.0,---
2026/07/29,04:57:39.6,山口県北部,34°28.4′N,131°34.2′E,16 km,0.6,---
2026/07/29,04:57:41.7,種子島近海,30°24.1′N,130°46.6′E,0 km,0.6,---
2026/07/29,04:57:58.0,熊本県熊本地方,32°42.0′N,130°47.0′E,4 km,0.6,---
2026/07/29,04:58:12.9,熊本県熊本地方,32°36.9′N,130°42.9′E,3 km,1.1,---
2026/07/29,04:58:40.7,福島県沖,37°50.3′N,141°34.5′E,48 km,0.9,---
2026/07/29,04:58:51.3,熊本県熊本地方,32°38.0′N,130°43.7′E,11 km,0.8,---
2026/07/29,04:59:38.6,熊本県熊本地方,32°38.2′N,130°43.6′E,6 km,1.4,---
2026/07/29,05:00:51.8,熊本県熊本地方,32°31.5′N,130°35.5′E,14 km,1.1,---
2026/07/29,05:01:43.8,熊本県天草・芦北地方,32°27.7′N,130°34.0′E,4 km,0.5,---
2026/07/29,05:02:25.5,熊本県熊本地方,32°43.3′N,130°46.7′E,8 km,1.8,---
2026/07/29,05:02:46.4,熊本県熊本地方,32°35.6′N,130°43.0′E,7 km,1.3,---
2026/07/29,05:03:04.1,熊本県熊本地方,32°41.5′N,130°44.4′E,13 km,0.8,---
2026/07/29,05:03:19.2,熊本県熊本地方,32°43.9′N,130°47.8′E,9 km,0.4,---
2026/07/29,05:03:37.2,熊本県熊本地方,32°39.2′N,130°42.0′E,16 km,2.2,---
2026/07/29,05:04:29.9,熊本県熊本地方,32°42.6′N,130°46.4′E,9 km,0.6,---
2026/07/29,05:05:23.2,大分県中部,33°15.3′N,131°18.6′E,9 km,0.4,---
2026/07/29,05:05:45.4,熊本県熊本地方,32°40.4′N,130°44.2′E,9 km,0.7,---
2026/07/29,05:05:46.2,愛知県西部,34°54.2′N,136°55.3′E,15 km,0.5,---
2026/07/29,05:06:08.7,熊本県熊本地方,32°45.7′N,130°48.2′E,9 km,0.6,---
2026/07/29,05:06:53.0,熊本県熊本地方,32°41.1′N,130°46.2′E,13 km,2.2,---
2026/07/29,05:07:44.3,熊本県熊本地方,32°38.3′N,130°43.3′E,8 km,0.9,---
2026/07/29,05:09:06.4,熊本県熊本地方,32°36.1′N,130°41.1′E,6 km,1.3,---
2026/07/29,05:10:40.0,遠州灘,34°25.3′N,137°52.4′E,6 km,1.0,---
2026/07/29,05:11:13.5,熊本県熊本地方,32°41.7′N,130°44.5′E,12 km,1.1,---
2026/07/29,05:11:47.4,熊本県熊本地方,32°34.0′N,130°37.6′E,12 km,1.4,---
2026/07/29,05:12:43.6,熊本県熊本地方,32°42.1′N,130°45.4′E,7 km,0.5,---
2026/07/29,05:12:55.5,熊本県熊本地方,32°41.8′N,130°44.7′E,11 km,0.8,---
2026/07/29,05:13:12.9,熊本県熊本地方,32°34.3′N,130°39.6′E,9 km,0.4,---
2026/07/29,05:13:34.0,熊本県熊本地方,32°32.5′N,130°36.6′E,12 km,1.9,---
2026/07/29,05:13:40.6,紀伊水道,33°47.1′N,134°54.9′E,13 km,1.5,---
2026/07/29,05:14:21.0,熊本県熊本地方,32°32.2′N,130°36.9′E,13 km,1.0,---
2026/07/29,05:14:43.6,熊本県熊本地方,32°44.2′N,130°46.6′E,9 km,0.8,---
2026/07/29,05:15:38.9,熊本県熊本地方,32°38.2′N,130°44.0′E,8 km,0.8,---
2026/07/29,05:15:50.2,熊本県熊本地方,32°39.3′N,130°43.1′E,13 km,0.9,---
2026/07/29,05:16:41.8,熊本県熊本地方,32°43.9′N,130°47.3′E,6 km,1.7,---
2026/07/29,05:17:23.9,北海道東方沖,43°47.4′N,147°03.4′E,0 km,2.5,---
2026/07/29,05:17:32.3,熊本県熊本地方,32°33.5′N,130°36.8′E,12 km,2.0,---
2026/07/29,05:18:47.4,和歌山県北部,34°03.7′N,135°17.9′E,5 km,-0.3,---
2026/07/29,05:19:04.8,熊本県熊本地方,32°30.2′N,130°35.2′E,9 km,1.3,---
2026/07/29,05:19:11.4,新潟県中越地方,36°57.2′N,138°48.6′E,162 km,2.3,---
2026/07/29,05:19:35.7,熊本県熊本地方,32°35.0′N,130°37.9′E,13 km,2.5,---
2026/07/29,05:20:40.7,熊本県熊本地方,32°39.4′N,130°41.5′E,13 km,1.4,---
2026/07/29,05:21:32.9,熊本県熊本地方,32°37.0′N,130°41.2′E,10 km,0.9,---
2026/07/29,05:22:05.2,熊本県熊本地方,32°40.5′N,130°43.6′E,11 km,1.3,---
2026/07/29,05:22:27.5,熊本県天草・芦北地方,32°28.0′N,130°32.3′E,3 km,0.9,---
2026/07/29,05:22:46.6,熊本県天草・芦北地方,32°27.9′N,130°31.1′E,9 km,0.8,---
2026/07/29,05:23:03.7,熊本県熊本地方,32°37.4′N,130°43.1′E,3 km,1.3,---
2026/07/29,05:23:13.3,岩手県沖,40°10.4′N,142°45.5′E,19 km,2.1,---
2026/07/29,05:23:41.3,熊本県天草・芦北地方,32°25.3′N,130°30.1′E,6 km,2.1,---
2026/07/29,05:24:34.8,熊本県熊本地方,32°33.6′N,130°37.2′E,11 km,0.9,---
2026/07/29,05:25:21.6,熊本県熊本地方,32°36.1′N,130°40.7′E,4 km,1.3,---
2026/07/29,05:25:50.1,徳島県北部,34°09.8′N,134°25.1′E,3 km,-0.3,---
2026/07/29,05:26:03.2,熊本県天草・芦北地方,32°23.5′N,130°27.6′E,9 km,1.1,---
2026/07/29,05:26:37.4,福島県中通り,37°19.6′N,140°41.6′E,11 km,0.4,---
2026/07/29,05:27:19.0,熊本県天草・芦北地方,32°14.3′N,130°22.3′E,3 km,0.2,---
2026/07/29,05:27:27.6,石垣島近海,24°12.0′N,124°11.7′E,11 km,1.6,---
2026/07/29,05:27:39.1,熊本県天草・芦北地方,32°27.6′N,130°33.8′E,1 km,1.4,---
2026/07/29,05:28:08.7,熊本県天草・芦北地方,32°25.2′N,130°31.5′E,6 km,2.2,---
2026/07/29,05:28:26.0,岩手県沖,40°06.2′N,142°26.6′E,38 km,1.4,---
2026/07/29,05:29:17.5,熊本県熊本地方,32°29.7′N,130°33.7′E,9 km,1.4,---
2026/07/29,05:29:27.6,熊本県熊本地方,32°30.4′N,130°35.3′E,12 km,2.4,---
2026/07/29,05:29:39.8,遠州灘,34°25.3′N,137°52.2′E,6 km,1.1,---
2026/07/29,05:30:23.4,熊本県熊本地方,32°37.2′N,130°42.4′E,7 km,2.2,---
2026/07/29,05:30:52.2,熊本県天草・芦北地方,32°28.4′N,130°32.6′E,10 km,1.3,---
2026/07/29,05:31:00.7,宮古島近海,25°21.1′N,125°10.7′E,13 km,1.2,---
2026/07/29,05:31:07.9,熊本県天草・芦北地方,32°23.6′N,130°29.3′E,7 km,1.6,---
2026/07/29,05:31:38.6,熊本県熊本地方,32°39.7′N,130°45.0′E,5 km,1.7,---
2026/07/29,05:32:17.5,熊本県天草・芦北地方,32°29.4′N,130°31.9′E,9 km,1.3,---
2026/07/29,05:32:38.2,愛媛県中予,33°40.1′N,132°52.2′E,38 km,1.2,---
2026/07/29,05:32:50.5,熊本県熊本地方,32°33.1′N,130°39.5′E,9 km,1.5,---
2026/07/29,05:33:04.4,和歌山県北部,34°16.3′N,135°16.5′E,9 km,0.1,---
2026/07/29,05:34:01.7,熊本県熊本地方,32°38.5′N,130°42.9′E,12 km,1.6,---
2026/07/29,05:34:47.3,熊本県熊本地方,32°43.0′N,130°45.5′E,10 km,0.7,---
2026/07/29,05:35:13.0,熊本県熊本地方,32°35.3′N,130°37.7′E,13 km,1.4,---
2026/07/29,05:35:29.9,熊本県熊本地方,32°31.0′N,130°35.5′E,11 km,1.2,---
2026/07/29,05:35:51.6,熊本県熊本地方,32°33.2′N,130°36.6′E,13 km,0.9,---
2026/07/29,05:37:59.4,熊本県熊本地方,32°41.1′N,130°45.9′E,9 km,0.4,---
2026/07/29,05:40:32.1,熊本県熊本地方,32°35.9′N,130°41.0′E,7 km,1.6,---
2026/07/29,05:40:44.0,宮城県沖,38°03.8′N,141°53.8′E,41 km,0.9,---
2026/07/29,05:41:04.9,和歌山県北部,34°12.2′N,135°10.3′E,6 km,0.1,---
2026/07/29,05:41:26.2,熊本県熊本地方,32°35.8′N,130°41.4′E,6 km,0.6,---
2026/07/29,05:42:10.9,宮城県南部,37°54.1′N,140°53.5′E,77 km,1.9,---
2026/07/29,05:42:13.1,熊本県熊本地方,32°36.2′N,130°41.0′E,5 km,1.1,---
2026/07/29,05:42:33.2,熊本県熊本地方,32°40.7′N,130°43.2′E,14 km,2.3,---
2026/07/29,05:43:06.5,熊本県熊本地方,32°37.5′N,130°38.9′E,15 km,0.9,---
2026/07/29,05:43:27.9,熊本県熊本地方,32°43.3′N,130°46.9′E,7 km,1.1,---
2026/07/29,05:44:00.8,熊本県熊本地方,32°39.7′N,130°42.2′E,12 km,1.6,---
2026/07/29,05:45:20.7,熊本県天草・芦北地方,32°30.7′N,130°33.0′E,13 km,2.0,---
2026/07/29,05:45:35.5,紀伊水道,34°11.1′N,135°09.4′E,5 km,-0.2,---
2026/07/29,05:45:53.3,熊本県熊本地方,32°41.4′N,130°43.5′E,12 km,1.8,---
2026/07/29,05:46:23.5,熊本県熊本地方,32°37.7′N,130°43.0′E,9 km,2.1,---
2026/07/29,05:47:06.9,熊本県熊本地方,32°37.3′N,130°42.7′E,8 km,1.5,---
2026/07/29,05:47:47.1,熊本県天草・芦北地方,32°28.3′N,130°33.6′E,2 km,1.9,---
2026/07/29,05:48:32.5,熊本県天草・芦北地方,32°29.6′N,130°32.4′E,9 km,1.1,---
2026/07/29,05:49:03.6,熊本県熊本地方,32°30.4′N,130°37.3′E,2 km,1.2,---
2026/07/29,05:49:17.0,熊本県熊本地方,32°37.1′N,130°43.1′E,6 km,3.7,---
2026/07/29,05:50:16.9,熊本県熊本地方,32°32.4′N,130°36.4′E,13 km,2.7,---
2026/07/29,05:51:40.3,熊本県熊本地方,32°31.6′N,130°35.9′E,11 km,1.2,---
2026/07/29,05:51:58.7,熊本県熊本地方,32°32.8′N,130°36.1′E,14 km,2.2,---
2026/07/29,05:52:19.9,熊本県熊本地方,32°41.9′N,130°45.0′E,8 km,1.3,---
2026/07/29,05:53:03.0,熊本県熊本地方,32°33.8′N,130°37.9′E,10 km,1.5,---
2026/07/29,05:53:26.0,熊本県天草・芦北地方,32°25.4′N,130°30.9′E,9 km,0.7,---
2026/07/29,05:53:50.1,青森県西方沖,40°39.2′N,139°12.5′E,18 km,1.2,---
2026/07/29,05:54:18.3,熊本県熊本地方,32°40.5′N,130°44.2′E,11 km,2.5,---
2026/07/29,05:55:02.0,熊本県熊本地方,32°38.0′N,130°41.2′E,11 km,1.4,---
2026/07/29,05:55:08.0,与那国島近海,23°58.6′N,123°18.1′E,26 km,1.0,---
2026/07/29,05:55:08.6,福島県沖,37°13.3′N,142°13.9′E,10 km,1.0,---
2026/07/29,05:55:24.9,熊本県熊本地方,32°40.3′N,130°44.0′E,9 km,0.7,---
2026/07/29,05:55:44.5,熊本県熊本地方,32°36.6′N,130°43.6′E,13 km,0.6,---
2026/07/29,05:56:41.6,熊本県熊本地方,32°41.8′N,130°45.2′E,11 km,2.7,---
2026/07/29,05:57:12.9,熊本県熊本地方,32°35.9′N,130°40.9′E,6 km,1.6,---
2026/07/29,05:57:46.2,熊本県天草・芦北地方,32°27.3′N,130°34.1′E,1 km,0.9,---
2026/07/29,05:58:28.3,熊本県熊本地方,32°40.0′N,130°41.4′E,15 km,1.3,---
2026/07/29,05:58:58.3,熊本県熊本地方,32°36.8′N,130°43.4′E,6 km,3.5,---
2026/07/29,05:59:46.0,徳島県北部,34°10.0′N,134°35.6′E,10 km,0.3,---
2026/07/29,06:00:32.1,熊本県熊本地方,32°34.4′N,130°38.5′E,9 km,1.3,---
2026/07/29,06:00:35.0,長野県南部,35°55.6′N,137°39.2′E,9 km,-0.3,---
2026/07/29,06:01:01.5,熊本県熊本地方,32°40.2′N,130°43.3′E,11 km,0.8,---
2026/07/29,06:01:39.5,熊本県天草・芦北地方,32°30.7′N,130°32.4′E,12 km,2.8,---
2026/07/29,06:02:17.9,西表島付近,24°26.1′N,123°50.8′E,9 km,1.7,---
2026/07/29,06:02:36.0,熊本県熊本地方,32°42.7′N,130°47.3′E,16 km,0.9,---
2026/07/29,06:03:08.8,熊本県熊本地方,32°30.9′N,130°39.2′E,12 km,0.8,---
2026/07/29,06:03:39.6,熊本県天草・芦北地方,32°25.3′N,130°29.9′E,7 km,2.0,---
2026/07/29,06:03:54.6,熊本県熊本地方,32°40.6′N,130°44.2′E,10 km,1.9,---
2026/07/29,06:04:25.0,熊本県熊本地方,32°38.9′N,130°42.1′E,12 km,1.5,---
2026/07/29,06:04:44.9,根室半島南東沖,42°59.3′N,146°02.2′E,32 km,1.1,---
2026/07/29,06:05:19.4,熊本県天草・芦北地方,32°28.5′N,130°31.5′E,11 km,1.2,---
2026/07/29,06:05:53.1,熊本県熊本地方,32°29.6′N,130°33.2′E,10 km,1.4,---
2026/07/29,06:06:16.3,熊本県天草・芦北地方,32°25.0′N,130°29.6′E,5 km,0.9,---
2026/07/29,06:06:37.1,熊本県熊本地方,32°30.1′N,130°35.2′E,4 km,1.3,---
2026/07/29,06:07:02.4,熊本県天草・芦北地方,32°27.0′N,130°33.4′E,0 km,2.6,---
2026/07/29,06:07:55.9,熊本県熊本地方,32°33.0′N,130°36.8′E,11 km,1.9,---
2026/07/29,06:08:26.5,熊本県熊本地方,32°40.5′N,130°41.4′E,12 km,1.2,---
2026/07/29,06:08:31.9,宮古島北西沖,25°15.9′N,124°38.2′E,98 km,3.0,---
2026/07/29,06:08:46.7,熊本県熊本地方,32°32.8′N,130°35.5′E,13 km,1.0,---
2026/07/29,06:09:00.2,熊本県天草・芦北地方,32°29.7′N,130°31.8′E,10 km,1.3,---
2026/07/29,06:09:38.2,秋田県内陸北部,39°58.7′N,140°32.9′E,4 km,0.3,---
2026/07/29,06:10:13.3,鹿児島県薩摩地方,32°10.6′N,130°16.2′E,11 km,1.3,---
2026/07/29,06:10:19.4,岩手県沖,40°16.9′N,142°00.7′E,46 km,1.0,---
2026/07/29,06:10:44.9,熊本県天草・芦北地方,32°25.0′N,130°28.8′E,8 km,1.0,---
2026/07/29,06:11:16.8,熊本県熊本地方,32°32.5′N,130°36.4′E,12 km,0.9,---
2026/07/29,06:11:41.9,熊本県天草・芦北地方,32°26.3′N,130°33.4′E,0 km,0.9,---
2026/07/29,06:12:27.2,熊本県天草・芦北地方,32°27.8′N,130°34.1′E,0 km,1.1,---
2026/07/29,06:12:55.3,熊本県天草・芦北地方,32°28.3′N,130°33.0′E,1 km,0.7,---
2026/07/29,06:13:11.1,熊本県熊本地方,32°25.5′N,130°34.5′E,0 km,1.8,---
2026/07/29,06:14:13.8,熊本県天草・芦北地方,32°28.6′N,130°33.8′E,8 km,2.3,---
2026/07/29,06:14:31.8,福島県沖,37°21.2′N,142°06.2′E,23 km,1.5,---
2026/07/29,06:15:05.9,熊本県天草・芦北地方,32°23.5′N,130°28.2′E,7 km,1.0,---
2026/07/29,06:15:53.7,熊本県熊本地方,32°39.4′N,130°44.5′E,6 km,1.8,---
2026/07/29,06:16:07.6,熊本県熊本地方,32°33.1′N,130°39.4′E,0 km,1.9,---
2026/07/29,06:16:38.8,熊本県天草・芦北地方,32°28.4′N,130°33.3′E,2 km,1.9,---
2026/07/29,06:17:51.9,熊本県熊本地方,32°40.7′N,130°43.8′E,9 km,1.1,---
2026/07/29,06:18:02.6,熊本県熊本地方,32°30.1′N,130°35.5′E,10 km,1.4,---
2026/07/29,06:18:58.9,熊本県熊本地方,32°42.4′N,130°42.8′E,14 km,1.1,---
2026/07/29,06:19:11.3,熊本県天草・芦北地方,32°27.9′N,130°33.8′E,6 km,2.2,---
2026/07/29,06:19:28.1,熊本県天草・芦北地方,32°35.2′N,130°36.9′E,11 km,1.7,---
2026/07/29,06:20:27.7,熊本県天草・芦北地方,32°27.2′N,130°34.3′E,1 km,1.0,---
2026/07/29,06:20:39.6,青森県東方沖,40°51.4′N,142°59.7′E,12 km,1.3,---
2026/07/29,06:20:50.4,熊本県熊本地方,32°38.4′N,130°41.6′E,16 km,1.3,---
2026/07/29,06:21:24.0,熊本県熊本地方,32°33.1′N,130°35.9′E,12 km,1.5,---
2026/07/29,06:21:48.0,岩手県沖,39°48.4′N,142°02.6′E,20 km,0.9,---
2026/07/29,06:21:49.8,熊本県熊本地方,32°37.0′N,130°40.9′E,11 km,1.0,---
2026/07/29,06:22:28.9,熊本県熊本地方,32°29.7′N,130°34.5′E,14 km,1.9,---
2026/07/29,06:23:19.1,熊本県天草・芦北地方,32°28.6′N,130°31.8′E,12 km,3.1,---
2026/07/29,06:24:23.9,熊本県熊本地方,32°35.3′N,130°41.0′E,7 km,1.2,---
2026/07/29,06:24:57.0,熊本県熊本地方,32°40.0′N,130°44.1′E,9 km,1.6,---
2026/07/29,06:25:19.3,熊本県熊本地方,32°34.9′N,130°39.0′E,12 km,1.1,---
2026/07/29,06:25:39.3,熊本県天草・芦北地方,32°29.2′N,130°30.8′E,2 km,0.7,---
2026/07/29,06:26:06.7,熊本県天草・芦北地方,32°24.5′N,130°28.6′E,8 km,1.1,---
2026/07/29,06:26:13.8,熊本県熊本地方,32°39.6′N,130°44.8′E,6 km,1.5,---
2026/07/29,06:26:59.7,熊本県熊本地方,32°39.0′N,130°43.6′E,9 km,0.8,---
2026/07/29,06:27:25.1,熊本県天草・芦北地方,32°25.9′N,130°32.1′E,2 km,0.7,---
2026/07/29,06:27:36.0,熊本県天草・芦北地方,32°27.9′N,130°33.0′E,1 km,0.8,---
2026/07/29,06:28:03.0,熊本県熊本地方,32°40.7′N,130°45.2′E,9 km,1.7,---
2026/07/29,06:28:29.2,熊本県天草・芦北地方,32°29.5′N,130°31.5′E,7 km,1.2,---
2026/07/29,06:28:38.9,熊本県熊本地方,32°31.6′N,130°35.9′E,13 km,2.1,---
2026/07/29,06:29:33.1,熊本県熊本地方,32°32.8′N,130°36.8′E,11 km,1.3,---
2026/07/29,06:30:06.9,熊本県天草・芦北地方,32°36.3′N,130°38.4′E,14 km,1.8,---
2026/07/29,06:30:27.3,熊本県熊本地方,32°36.9′N,130°42.6′E,4 km,1.1,---
2026/07/29,06:30:49.1,熊本県天草・芦北地方,32°26.7′N,130°32.0′E,2 km,1.7,---
2026/07/29,06:31:03.5,熊本県熊本地方,32°36.8′N,130°42.9′E,5 km,2.4,---
2026/07/29,06:31:44.8,熊本県熊本地方,32°30.7′N,130°35.5′E,11 km,2.3,---
2026/07/29,06:32:29.4,熊本県熊本地方,32°31.1′N,130°34.4′E,8 km,0.6,---
2026/07/29,06:32:51.6,和歌山県北部,34°04.4′N,135°21.4′E,7 km,-0.1,---
2026/07/29,06:32:58.3,熊本県天草・芦北地方,32°24.5′N,130°30.7′E,15 km,0.7,---
2026/07/29,06:33:15.4,熊本県熊本地方,32°43.3′N,130°47.5′E,8 km,1.1,---
2026/07/29,06:33:40.6,熊本県熊本地方,32°30.2′N,130°35.2′E,12 km,2.1,---
2026/07/29,06:34:24.7,熊本県熊本地方,32°37.9′N,130°42.5′E,11 km,0.8,---
2026/07/29,06:34:35.4,熊本県熊本地方,32°35.6′N,130°37.3′E,15 km,0.9,---
2026/07/29,06:35:12.3,熊本県熊本地方,32°40.3′N,130°41.9′E,13 km,1.3,---
2026/07/29,06:35:25.0,熊本県熊本地方,32°39.3′N,130°45.0′E,7 km,1.7,---
2026/07/29,06:36:20.8,熊本県熊本地方,32°35.5′N,130°39.4′E,11 km,1.0,---
2026/07/29,06:36:46.4,熊本県熊本地方,32°39.1′N,130°44.0′E,10 km,0.8,---
2026/07/29,06:36:58.6,熊本県熊本地方,32°38.1′N,130°43.2′E,9 km,1.6,---
2026/07/29,06:37:37.1,熊本県熊本地方,32°36.5′N,130°41.1′E,7 km,0.7,---
2026/07/29,06:38:04.7,兵庫県南東部,34°56.2′N,135°22.4′E,11 km,0.8,---
2026/07/29,06:38:09.1,熊本県熊本地方,32°39.2′N,130°44.8′E,7 km,0.9,---
2026/07/29,06:38:53.7,熊本県天草・芦北地方,32°27.7′N,130°30.9′E,10 km,1.9,---
2026/07/29,06:39:23.8,熊本県熊本地方,32°38.3′N,130°42.7′E,13 km,0.6,---
2026/07/29,06:40:09.9,熊本県熊本地方,32°31.4′N,130°35.3′E,9 km,2.1,---
2026/07/29,06:40:17.0,熊本県熊本地方,32°36.2′N,130°41.0′E,2 km,2.3,---
2026/07/29,06:40:43.8,熊本県天草・芦北地方,32°25.8′N,130°30.7′E,7 km,1.9,---
2026/07/29,06:41:18.1,熊本県天草・芦北地方,32°28.9′N,130°34.2′E,7 km,1.2,---
2026/07/29,06:41:32.9,熊本県熊本地方,32°38.9′N,130°43.1′E,13 km,1.2,---
2026/07/29,06:42:17.8,熊本県熊本地方,32°37.0′N,130°43.0′E,3 km,1.0,---
2026/07/29,06:42:49.3,熊本県熊本地方,32°41.1′N,130°44.0′E,12 km,0.9,---
2026/07/29,06:43:18.7,千葉県南東沖,34°41.3′N,140°33.4′E,54 km,1.6,---
2026/07/29,06:43:31.9,熊本県熊本地方,32°44.2′N,130°45.9′E,9 km,1.4,---
2026/07/29,06:44:20.0,熊本県天草・芦北地方,32°21.3′N,130°24.7′E,15 km,0.4,---
2026/07/29,06:45:55.6,熊本県熊本地方,32°38.5′N,130°43.3′E,10 km,1.1,---
2026/07/29,06:47:15.1,熊本県熊本地方,32°40.6′N,130°44.6′E,11 km,0.4,---
2026/07/29,06:47:28.1,熊本県熊本地方,32°45.2′N,130°50.0′E,12 km,1.3,---
2026/07/29,06:48:24.2,熊本県熊本地方,32°39.7′N,130°43.3′E,11 km,1.3,---
2026/07/29,06:48:33.5,宮崎県南部平野部,31°43.8′N,131°27.3′E,48 km,1.1,---
2026/07/29,06:49:18.6,熊本県熊本地方,32°30.0′N,130°35.3′E,12 km,1.7,---
2026/07/29,06:49:43.6,熊本県熊本地方,32°39.6′N,130°43.4′E,8 km,1.8,---
2026/07/29,06:50:11.2,熊本県熊本地方,32°41.5′N,130°45.5′E,9 km,0.8,---
2026/07/29,06:50:38.8,熊本県熊本地方,32°32.4′N,130°36.0′E,11 km,2.4,---
2026/07/29,06:51:16.8,熊本県熊本地方,32°29.5′N,130°34.3′E,11 km,1.3,---
2026/07/29,06:51:32.7,熊本県熊本地方,32°41.3′N,130°44.4′E,12 km,3.9,---
2026/07/29,06:51:37.4,茨城県沖,36°43.3′N,141°32.1′E,32 km,1.0,---
2026/07/29,06:51:45.3,三陸沖,39°49.3′N,143°43.4′E,20 km,1.8,---
2026/07/29,06:51:59.5,福島県沖,37°09.8′N,142°07.4′E,22 km,1.5,---
2026/07/29,06:52:42.2,熊本県熊本地方,32°41.4′N,130°44.5′E,10 km,2.2,---
2026/07/29,06:53:07.3,茨城県沖,36°33.4′N,140°47.5′E,38 km,0.7,---
2026/07/29,06:53:38.7,熊本県熊本地方,32°40.3′N,130°41.4′E,16 km,1.2,---
2026/07/29,06:53:55.2,熊本県天草・芦北地方,32°28.6′N,130°30.3′E,12 km,1.9,---
2026/07/29,06:54:26.2,熊本県熊本地方,32°36.2′N,130°40.6′E,11 km,2.4,---
2026/07/29,06:54:39.5,熊本県天草・芦北地方,32°25.1′N,130°28.6′E,8 km,2.3,---
2026/07/29,06:54:55.2,三陸沖,39°49.3′N,143°43.4′E,18 km,1.7,---
2026/07/29,06:55:30.0,熊本県熊本地方,32°39.5′N,130°42.7′E,12 km,1.9,---
2026/07/29,06:55:43.7,熊本県熊本地方,32°35.7′N,130°42.3′E,8 km,2.9,---
2026/07/29,06:56:05.4,宮城県沖,38°44.7′N,142°23.9′E,43 km,1.8,---
2026/07/29,06:56:21.4,熊本県天草・芦北地方,32°28.2′N,130°34.5′E,3 km,2.2,---
2026/07/29,06:56:45.0,熊本県熊本地方,32°41.4′N,130°45.7′E,9 km,1.3,---
2026/07/29,06:57:06.3,熊本県熊本地方,32°38.3′N,130°43.5′E,11 km,0.8,---
2026/07/29,06:57:32.4,熊本県天草・芦北地方,32°24.9′N,130°28.3′E,0 km,0.5,---
2026/07/29,06:57:56.2,熊本県天草・芦北地方,32°24.3′N,130°30.2′E,5 km,1.3,---
2026/07/29,06:58:22.3,熊本県熊本地方,32°39.0′N,130°45.0′E,12 km,2.8,---
2026/07/29,06:59:31.8,熊本県熊本地方,32°38.7′N,130°43.5′E,9 km,0.7,---
2026/07/29,06:59:41.9,熊本県熊本地方,32°35.7′N,130°40.3′E,12 km,1.6,---
2026/07/29,06:59:55.8,熊本県熊本地方,32°41.5′N,130°44.2′E,11 km,1.5,---
2026/07/29,07:00:15.7,熊本県天草・芦北地方,32°28.0′N,130°34.8′E,2 km,1.1,---
2026/07/29,07:00:37.1,熊本県天草・芦北地方,32°27.1′N,130°28.4′E,13 km,0.8,---
2026/07/29,07:01:20.6,熊本県熊本地方,32°39.5′N,130°44.4′E,7 km,0.4,---
2026/07/29,07:01:33.0,熊本県熊本地方,32°36.5′N,130°43.6′E,3 km,1.2,---
2026/07/29,07:02:12.3,天草灘,31°58.6′N,130°11.1′E,3 km,1.0,---
2026/07/29,07:03:15.1,熊本県熊本地方,32°37.6′N,130°42.3′E,12 km,0.5,---
2026/07/29,07:03:29.1,熊本県天草・芦北地方,32°27.3′N,130°34.8′E,10 km,0.9,---
2026/07/29,07:03:41.1,熊本県天草・芦北地方,32°28.0′N,130°32.8′E,5 km,1.0,---
2026/07/29,07:04:11.0,青森県東方沖,41°00.2′N,142°58.8′E,17 km,1.4,---
2026/07/29,07:04:26.5,熊本県熊本地方,32°38.8′N,130°42.8′E,12 km,1.6,---
2026/07/29,07:06:02.8,熊本県熊本地方,32°41.1′N,130°44.9′E,11 km,0.9,---
2026/07/29,07:06:36.7,熊本県熊本地方,32°39.8′N,130°43.0′E,9 km,0.6,---
2026/07/29,07:06:55.0,熊本県天草・芦北地方,32°27.3′N,130°32.1′E,7 km,1.6,---
2026/07/29,07:07:33.6,熊本県熊本地方,32°33.1′N,130°35.9′E,11 km,0.7,---
2026/07/29,07:07:45.4,熊本県熊本地方,32°34.3′N,130°38.0′E,8 km,0.9,---
2026/07/29,07:08:07.5,熊本県天草・芦北地方,32°26.4′N,130°31.6′E,0 km,1.2,---
2026/07/29,07:08:37.4,熊本県熊本地方,32°32.8′N,130°37.4′E,10 km,3.5,---
2026/07/29,07:08:56.8,福島県沖,37°51.8′N,141°34.9′E,45 km,0.9,---
2026/07/29,07:08:58.6,熊本県天草・芦北地方,32°24.0′N,130°28.1′E,8 km,3.3,---
2026/07/29,07:09:57.2,熊本県熊本地方,32°38.8′N,130°43.6′E,9 km,1.3,---
2026/07/29,07:10:31.6,熊本県熊本地方,32°34.2′N,130°39.7′E,3 km,1.0,---
2026/07/29,07:11:00.4,熊本県熊本地方,32°32.3′N,130°35.9′E,8 km,1.0,---
2026/07/29,07:11:10.2,岐阜県飛騨地方,36°06.0′N,137°32.8′E,3 km,-0.3,---
2026/07/29,07:11:37.3,西表島付近,24°25.6′N,123°51.4′E,7 km,0.4,---
2026/07/29,07:11:59.3,熊本県熊本地方,32°38.5′N,130°42.7′E,11 km,0.9,---
2026/07/29,07:12:36.5,熊本県熊本地方,32°43.7′N,130°47.0′E,14 km,1.1,---
2026/07/29,07:12:54.6,西表島付近,24°27.3′N,123°50.8′E,10 km,0.9,---
2026/07/29,07:12:56.5,岐阜県飛騨地方,36°20.1′N,137°37.8′E,7 km,-0.1,---
2026/07/29,07:13:05.5,熊本県天草・芦北地方,32°30.1′N,130°32.0′E,11 km,0.9,---
2026/07/29,07:14:04.0,熊本県熊本地方,32°34.0′N,130°38.1′E,4 km,2.0,---
2026/07/29,07:14:58.5,熊本県熊本地方,32°36.8′N,130°42.9′E,5 km,1.2,---
2026/07/29,07:15:23.0,熊本県天草・芦北地方,32°28.5′N,130°31.3′E,10 km,0.9,---
2026/07/29,07:15:37.6,熊本県天草・芦北地方,32°30.6′N,130°32.4′E,11 km,1.8,---
2026/07/29,07:15:38.5,熊本県熊本地方,32°52.3′N,130°53.6′E,13 km,0.4,---
2026/07/29,07:16:02.5,熊本県熊本地方,32°43.7′N,130°46.3′E,8 km,2.0,---
2026/07/29,07:16:28.2,熊本県熊本地方,32°44.0′N,130°46.5′E,7 km,1.1,---
2026/07/29,07:16:52.1,日向灘,32°32.8′N,132°00.6′E,32 km,1.4,---
2026/07/29,07:17:25.2,島根県沖,35°05.0′N,131°35.7′E,22 km,1.2,---
2026/07/29,07:17:36.8,熊本県熊本地方,32°38.7′N,130°43.4′E,10 km,1.0,---
2026/07/29,07:18:30.9,熊本県熊本地方,32°41.2′N,130°43.7′E,3 km,1.4,---
2026/07/29,07:18:53.4,熊本県熊本地方,32°39.2′N,130°42.3′E,14 km,0.9,---
2026/07/29,07:19:32.3,熊本県熊本地方,32°37.3′N,130°42.2′E,8 km,0.9,---
2026/07/29,07:19:34.6,西表島付近,24°26.7′N,123°51.8′E,4 km,0.9,---
2026/07/29,07:21:04.6,熊本県熊本地方,32°41.0′N,130°44.9′E,9 km,0.7,---
2026/07/29,07:21:49.1,熊本県天草・芦北地方,32°25.6′N,130°32.0′E,6 km,1.3,---
2026/07/29,07:22:30.4,熊本県熊本地方,32°30.4′N,130°34.4′E,10 km,0.7,---
2026/07/29,07:23:25.7,熊本県熊本地方,32°33.3′N,130°38.2′E,7 km,0.8,---
2026/07/29,07:23:47.9,熊本県熊本地方,32°30.7′N,130°35.7′E,10 km,1.3,---
2026/07/29,07:24:17.5,熊本県天草・芦北地方,32°28.6′N,130°33.1′E,7 km,0.7,---
2026/07/29,07:24:36.7,熊本県熊本地方,32°42.9′N,130°45.3′E,9 km,0.6,---
2026/07/29,07:24:51.8,熊本県熊本地方,32°40.4′N,130°43.0′E,14 km,1.0,---
2026/07/29,07:25:08.4,熊本県熊本地方,32°41.8′N,130°44.8′E,10 km,0.7,---
2026/07/29,07:25:59.8,熊本県熊本地方,32°38.9′N,130°42.6′E,12 km,0.9,---
2026/07/29,07:26:27.6,熊本県天草・芦北地方,32°25.4′N,130°31.8′E,5 km,0.8,---
2026/07/29,07:26:36.5,熊本県熊本地方,32°29.8′N,130°35.0′E,0 km,1.2,---
2026/07/29,07:26:49.9,熊本県天草・芦北地方,32°29.0′N,130°31.9′E,10 km,1.6,---
2026/07/29,07:27:09.3,熊本県天草・芦北地方,32°23.6′N,130°28.3′E,6 km,2.3,---
2026/07/29,07:27:40.9,北海道南西沖,42°42.3′N,138°44.9′E,17 km,2.1,---
2026/07/29,07:28:16.5,熊本県熊本地方,32°43.0′N,130°46.2′E,15 km,0.7,---
2026/07/29,07:28:20.3,熊本県天草・芦北地方,32°23.5′N,130°28.0′E,6 km,1.5,---
2026/07/29,07:29:12.3,熊本県熊本地方,32°30.2′N,130°34.7′E,12 km,2.0,---
2026/07/29,07:29:36.4,熊本県天草・芦北地方,32°27.5′N,130°32.6′E,4 km,2.1,---
2026/07/29,07:31:03.8,熊本県熊本地方,32°32.2′N,130°36.2′E,10 km,1.0,---
2026/07/29,07:31:31.7,熊本県熊本地方,32°32.5′N,130°36.6′E,12 km,0.8,---
2026/07/29,07:32:05.5,十勝沖,41°33.3′N,144°10.6′E,14 km,2.3,---
2026/07/29,07:32:12.3,熊本県熊本地方,32°34.4′N,130°37.1′E,11 km,1.3,---
2026/07/29,07:32:26.1,長野県北部,36°34.3′N,137°51.2′E,7 km,0.5,---
2026/07/29,07:32:31.7,熊本県天草・芦北地方,32°23.4′N,130°28.2′E,2 km,2.0,---
2026/07/29,07:32:58.2,熊本県熊本地方,32°41.8′N,130°46.6′E,7 km,2.0,---
2026/07/29,07:36:03.8,熊本県熊本地方,32°37.8′N,130°42.8′E,6 km,0.6,---
2026/07/29,07:36:24.0,西表島付近,24°26.1′N,123°51.1′E,10 km,2.4,---
2026/07/29,07:36:39.5,熊本県天草・芦北地方,32°27.8′N,130°32.7′E,11 km,0.9,---
2026/07/29,07:36:56.1,熊本県熊本地方,32°39.2′N,130°42.5′E,14 km,0.8,---
2026/07/29,07:38:22.8,熊本県熊本地方,32°40.3′N,130°44.1′E,11 km,2.2,---
2026/07/29,07:38:57.8,熊本県天草・芦北地方,32°30.3′N,130°31.5′E,11 km,1.6,---
2026/07/29,07:38:59.7,紀伊水道,33°53.0′N,134°59.8′E,11 km,0.7,---
2026/07/29,07:39:36.0,与那国島近海,24°52.2′N,123°15.2′E,151 km,1.5,---
2026/07/29,07:39:41.8,熊本県天草・芦北地方,32°31.4′N,130°33.0′E,10 km,1.7,---
2026/07/29,07:39:54.4,伊予灘,33°31.9′N,131°59.4′E,59 km,0.3,---
2026/07/29,07:40:00.2,熊本県熊本地方,32°30.7′N,130°35.0′E,10 km,1.1,---
2026/07/29,07:40:55.8,熊本県熊本地方,32°40.1′N,130°42.6′E,13 km,0.6,---
2026/07/29,07:41:01.8,熊本県熊本地方,32°30.7′N,130°36.0′E,15 km,0.9,---
2026/07/29,07:41:26.2,熊本県熊本地方,32°42.1′N,130°47.7′E,8 km,1.0,---
2026/07/29,07:41:52.8,熊本県熊本地方,32°39.0′N,130°43.6′E,7 km,1.8,---
2026/07/29,07:42:47.2,熊本県熊本地方,32°33.9′N,130°38.2′E,6 km,1.2,---
2026/07/29,07:43:11.6,熊本県熊本地方,32°38.8′N,130°43.2′E,5 km,1.5,---
2026/07/29,07:43:48.2,熊本県天草・芦北地方,32°30.3′N,130°33.0′E,11 km,1.7,---
2026/07/29,07:44:02.1,熊本県熊本地方,32°34.4′N,130°38.3′E,8 km,1.6,---
2026/07/29,07:45:22.2,熊本県熊本地方,32°39.4′N,130°42.7′E,13 km,1.8,---
2026/07/29,07:45:35.1,熊本県熊本地方,32°32.6′N,130°40.1′E,7 km,2.7,---
2026/07/29,07:45:45.3,紀伊水道,33°49.4′N,134°53.7′E,17 km,0.5,---
2026/07/29,07:46:27.7,熊本県天草・芦北地方,32°31.4′N,130°33.6′E,13 km,1.5,---
2026/07/29,07:46:42.0,熊本県熊本地方,32°37.1′N,130°42.5′E,5 km,1.4,---
2026/07/29,07:47:15.5,熊本県熊本地方,32°37.6′N,130°43.0′E,8 km,1.9,---
2026/07/29,07:48:00.8,熊本県熊本地方,32°37.2′N,130°41.1′E,14 km,1.5,---
2026/07/29,07:48:46.7,熊本県天草・芦北地方,32°29.4′N,130°31.2′E,9 km,1.2,---
2026/07/29,07:49:01.7,熊本県熊本地方,32°32.8′N,130°36.3′E,11 km,1.2,---
2026/07/29,07:49:04.6,三陸沖,40°04.5′N,143°35.0′E,4 km,0.9,---
2026/07/29,07:49:26.9,熊本県熊本地方,32°35.9′N,130°40.2′E,11 km,0.8,---
2026/07/29,07:49:31.9,和歌山県南部,33°51.9′N,135°36.1′E,45 km,0.0,---
2026/07/29,07:49:48.0,熊本県天草・芦北地方,32°24.8′N,130°29.5′E,2 km,0.8,---
2026/07/29,07:50:03.4,熊本県熊本地方,32°32.5′N,130°36.4′E,12 km,1.2,---
2026/07/29,07:50:15.7,熊本県熊本地方,32°29.6′N,130°34.8′E,9 km,1.4,---
2026/07/29,07:51:32.6,福島県会津,37°43.9′N,139°54.4′E,6 km,0.5,---
2026/07/29,07:51:32.8,熊本県熊本地方,32°34.5′N,130°39.5′E,7 km,1.2,---
2026/07/29,07:51:42.9,西表島付近,24°25.9′N,123°50.8′E,9 km,0.7,---
2026/07/29,07:51:48.9,熊本県熊本地方,32°33.9′N,130°37.4′E,9 km,1.8,---
2026/07/29,07:52:15.5,熊本県熊本地方,32°32.1′N,130°34.8′E,10 km,0.9,---
2026/07/29,07:52:31.0,熊本県熊本地方,32°32.8′N,130°37.6′E,8 km,2.5,---
2026/07/29,07:52:53.9,熊本県熊本地方,32°39.1′N,130°43.2′E,8 km,2.0,---
2026/07/29,07:53:08.6,熊本県熊本地方,32°39.8′N,130°42.8′E,14 km,1.7,---
2026/07/29,07:53:26.3,熊本県熊本地方,32°35.9′N,130°42.4′E,4 km,1.2,---
2026/07/29,07:53:47.8,熊本県熊本地方,32°39.2′N,130°40.8′E,12 km,0.8,---
2026/07/29,07:54:11.4,熊本県熊本地方,32°34.8′N,130°38.8′E,9 km,1.0,---
2026/07/29,07:54:58.4,熊本県天草・芦北地方,32°28.8′N,130°30.6′E,9 km,1.1,---
2026/07/29,07:55:24.8,熊本県熊本地方,32°35.8′N,130°40.3′E,10 km,1.8,---
2026/07/29,07:55:53.6,熊本県熊本地方,32°36.1′N,130°40.3′E,10 km,0.9,---
2026/07/29,07:56:33.4,熊本県熊本地方,32°39.6′N,130°43.1′E,9 km,1.2,---
2026/07/29,07:56:50.1,熊本県熊本地方,32°40.4′N,130°44.8′E,6 km,0.8,---
2026/07/29,07:57:15.9,熊本県熊本地方,32°30.3′N,130°38.2′E,10 km,0.4,---
2026/07/29,07:57:32.4,熊本県熊本地方,32°30.0′N,130°35.3′E,7 km,1.0,---
2026/07/29,07:58:09.2,熊本県熊本地方,32°30.8′N,130°35.2′E,9 km,1.9,---
2026/07/29,07:58:47.2,熊本県熊本地方,32°41.5′N,130°45.0′E,11 km,1.0,---
2026/07/29,07:58:54.1,天草灘,31°58.5′N,130°11.0′E,3 km,1.1,---
2026/07/29,07:58:58.5,熊本県熊本地方,32°36.2′N,130°42.2′E,6 km,1.2,---
2026/07/29,07:59:48.2,熊本県熊本地方,32°33.5′N,130°37.8′E,0 km,0.7,---
2026/07/29,08:00:10.3,熊本県熊本地方,32°30.3′N,130°35.2′E,10 km,1.6,---
2026/07/29,08:00:45.7,熊本県熊本地方,32°40.3′N,130°44.1′E,14 km,2.0,---
2026/07/29,08:02:14.7,熊本県熊本地方,32°38.3′N,130°44.1′E,9 km,1.4,---
2026/07/29,08:02:31.2,栃木県南部,36°47.2′N,140°09.0′E,119 km,1.4,---
2026/07/29,08:02:48.6,熊本県熊本地方,32°31.8′N,130°34.7′E,10 km,0.8,---
2026/07/29,08:03:10.3,熊本県熊本地方,32°31.7′N,130°35.6′E,10 km,1.3,---
2026/07/29,08:03:32.0,熊本県熊本地方,32°38.5′N,130°43.6′E,8 km,0.8,---
2026/07/29,08:03:49.6,熊本県熊本地方,32°34.0′N,130°36.9′E,13 km,1.4,---
2026/07/29,08:04:20.6,熊本県熊本地方,32°33.9′N,130°38.8′E,8 km,2.3,---
2026/07/29,08:05:01.2,福島県沖,37°50.7′N,141°35.2′E,48 km,1.0,---
2026/07/29,08:05:50.4,安芸灘,33°53.6′N,132°30.9′E,46 km,0.6,---
2026/07/29,08:06:12.2,熊本県熊本地方,32°29.4′N,130°34.6′E,14 km,1.0,---
2026/07/29,08:06:45.1,熊本県熊本地方,32°30.9′N,130°36.3′E,7 km,2.7,---
2026/07/29,08:07:23.8,岐阜県飛騨地方,36°04.2′N,137°26.1′E,4 km,-0.1,---
2026/07/29,08:07:36.9,熊本県天草・芦北地方,32°19.5′N,130°27.1′E,0 km,1.1,---
2026/07/29,08:08:07.4,熊本県熊本地方,32°39.6′N,130°44.1′E,8 km,1.2,---
2026/07/29,08:09:02.0,熊本県天草・芦北地方,32°29.8′N,130°32.0′E,11 km,1.0,---
2026/07/29,08:09:21.3,熊本県熊本地方,32°30.7′N,130°35.2′E,10 km,1.3,---
2026/07/29,08:10:24.7,熊本県熊本地方,32°33.2′N,130°37.3′E,9 km,0.7,---
2026/07/29,08:10:36.1,日向灘,32°05.9′N,131°42.8′E,36 km,0.7,---
2026/07/29,08:10:56.5,熊本県熊本地方,32°38.3′N,130°42.3′E,9 km,0.4,---
2026/07/29,08:11:01.4,熊本県熊本地方,32°41.4′N,130°44.6′E,13 km,2.7,---
2026/07/29,08:11:57.1,熊本県天草・芦北地方,32°31.9′N,130°32.9′E,14 km,1.3,---
2026/07/29,08:13:29.2,大分県中部,33°13.0′N,131°33.2′E,98 km,2.7,---
2026/07/29,08:14:00.2,熊本県熊本地方,32°29.4′N,130°34.5′E,14 km,2.7,---
2026/07/29,08:14:33.2,熊本県天草・芦北地方,32°23.5′N,130°28.2′E,4 km,1.8,---
2026/07/29,08:15:13.4,熊本県熊本地方,32°39.6′N,130°44.5′E,9 km,1.5,---
2026/07/29,08:15:39.9,熊本県熊本地方,32°41.5′N,130°43.7′E,16 km,1.0,---
2026/07/29,08:16:00.9,熊本県阿蘇地方,32°56.8′N,131°01.3′E,6 km,0.9,---
2026/07/29,08:16:24.4,熊本県天草・芦北地方,32°23.7′N,130°28.3′E,7 km,1.3,---
2026/07/29,08:16:42.3,福島県会津,37°45.5′N,140°03.1′E,7 km,0.3,---
2026/07/29,08:17:11.2,熊本県熊本地方,32°31.9′N,130°35.8′E,15 km,2.1,---
2026/07/29,08:17:42.7,日向灘,31°39.3′N,131°56.6′E,10 km,1.5,---
2026/07/29,08:18:50.5,熊本県熊本地方,32°31.4′N,130°35.3′E,13 km,0.9,---
2026/07/29,08:19:07.3,熊本県天草・芦北地方,32°23.1′N,130°29.2′E,9 km,2.0,---
2026/07/29,08:19:08.5,島根県東部,35°19.8′N,133°17.9′E,11 km,0.3,---
2026/07/29,08:19:44.4,天草灘,31°58.9′N,130°11.4′E,2 km,1.5,---
2026/07/29,08:19:55.5,和歌山県南方沖,33°35.2′N,135°19.3′E,11 km,0.6,---
2026/07/29,08:20:11.4,熊本県天草・芦北地方,32°25.0′N,130°28.8′E,6 km,0.9,---
2026/07/29,08:20:15.3,西表島付近,24°26.3′N,123°50.8′E,9 km,1.4,---
2026/07/29,08:20:59.2,熊本県熊本地方,32°43.7′N,130°46.6′E,9 km,0.2,---
2026/07/29,08:21:12.4,熊本県熊本地方,32°33.8′N,130°37.1′E,12 km,1.8,---
2026/07/29,08:21:22.8,西表島付近,24°26.5′N,123°51.3′E,7 km,0.5,---
2026/07/29,08:21:51.6,熊本県熊本地方,32°39.3′N,130°43.3′E,9 km,1.6,---
2026/07/29,08:21:56.3,大分県中部,33°15.2′N,131°18.7′E,9 km,2.1,---
2026/07/29,08:22:24.2,大分県中部,33°15.4′N,131°19.0′E,10 km,2.0,---
2026/07/29,08:22:42.5,熊本県熊本地方,32°38.4′N,130°43.3′E,9 km,3.3,---
2026/07/29,08:23:53.6,大分県中部,33°15.4′N,131°18.8′E,9 km,1.3,---
2026/07/29,08:24:33.7,熊本県熊本地方,32°39.7′N,130°43.5′E,11 km,1.2,---
2026/07/29,08:24:47.5,熊本県天草・芦北地方,32°27.2′N,130°32.9′E,5 km,1.7,---
2026/07/29,08:25:16.3,熊本県天草・芦北地方,32°25.9′N,130°32.5′E,1 km,2.1,---
2026/07/29,08:26:00.3,西表島付近,24°25.6′N,123°51.3′E,8 km,0.7,---
2026/07/29,08:26:11.1,熊本県熊本地方,32°44.9′N,130°48.1′E,7 km,1.0,---
2026/07/29,08:26:39.2,熊本県熊本地方,32°39.9′N,130°42.5′E,13 km,0.9,---
2026/07/29,08:26:46.0,西表島付近,24°26.6′N,123°50.4′E,11 km,0.4,---
2026/07/29,08:26:46.5,茨城県北部,36°48.4′N,140°35.2′E,5 km,0.1,---
2026/07/29,08:27:02.4,熊本県熊本地方,32°41.2′N,130°45.6′E,10 km,2.3,---
2026/07/29,08:27:25.9,熊本県熊本地方,32°30.6′N,130°35.5′E,11 km,1.9,---
2026/07/29,08:28:34.9,熊本県熊本地方,32°35.2′N,130°37.5′E,15 km,1.1,---
2026/07/29,08:28:57.5,熊本県熊本地方,32°40.5′N,130°44.6′E,14 km,0.8,---
2026/07/29,08:29:39.1,熊本県熊本地方,32°35.9′N,130°39.3′E,13 km,2.3,---
2026/07/29,08:30:02.8,熊本県熊本地方,32°30.8′N,130°35.9′E,8 km,2.0,---
2026/07/29,08:30:16.4,熊本県天草・芦北地方,32°29.3′N,130°32.6′E,10 km,2.0,---
2026/07/29,08:30:31.7,茨城県北部,36°36.4′N,140°37.0′E,7 km,0.6,---
2026/07/29,08:30:48.0,熊本県熊本地方,32°26.4′N,130°35.1′E,3 km,2.2,---
2026/07/29,08:31:26.6,熊本県熊本地方,32°38.5′N,130°41.8′E,14 km,1.7,---
2026/07/29,08:31:48.9,高知県中部,33°46.6′N,133°59.2′E,14 km,0.2,---
2026/07/29,08:32:22.0,熊本県熊本地方,32°39.0′N,130°43.4′E,7 km,1.7,---
2026/07/29,08:32:55.0,熊本県熊本地方,32°32.6′N,130°36.8′E,11 km,1.2,---
2026/07/29,08:33:11.8,熊本県熊本地方,32°34.0′N,130°40.7′E,6 km,0.8,---
2026/07/29,08:33:35.1,熊本県熊本地方,32°32.7′N,130°38.0′E,10 km,2.0,---
2026/07/29,08:33:50.7,熊本県天草・芦北地方,32°27.3′N,130°31.0′E,7 km,2.0,---
2026/07/29,08:34:09.7,熊本県熊本地方,32°32.7′N,130°37.4′E,5 km,1.3,---
2026/07/29,08:34:27.5,熊本県熊本地方,32°43.9′N,130°46.5′E,11 km,0.9,---
2026/07/29,08:34:32.6,大分県中部,33°15.4′N,131°19.0′E,10 km,1.7,---
2026/07/29,08:35:14.8,十勝沖,42°30.4′N,143°48.8′E,83 km,1.4,---
2026/07/29,08:35:21.6,熊本県熊本地方,32°35.4′N,130°38.1′E,4 km,1.3,---
2026/07/29,08:35:25.5,福島県沖,37°03.7′N,141°59.9′E,20 km,1.0,---
2026/07/29,08:35:49.6,大分県中部,33°15.1′N,131°19.3′E,10 km,3.0,---
2026/07/29,08:35:52.5,熊本県天草・芦北地方,32°23.9′N,130°28.5′E,8 km,1.9,---
2026/07/29,08:36:37.1,熊本県熊本地方,32°34.3′N,130°37.7′E,12 km,2.4,---
2026/07/29,08:37:31.7,石川県能登地方,37°09.6′N,136°46.6′E,7 km,0.9,---
2026/07/29,08:37:48.6,熊本県熊本地方,32°34.2′N,130°37.8′E,11 km,1.3,---
2026/07/29,08:38:03.4,熊本県熊本地方,32°39.3′N,130°44.7′E,10 km,2.2,---
2026/07/29,08:38:59.2,熊本県天草・芦北地方,32°29.7′N,130°32.7′E,12 km,2.3,---
2026/07/29,08:39:35.6,三陸沖,40°10.7′N,143°11.2′E,14 km,1.3,---
2026/07/29,08:39:36.5,大分県中部,33°15.3′N,131°18.8′E,10 km,1.8,---
2026/07/29,08:40:19.7,熊本県熊本地方,32°37.4′N,130°41.7′E,10 km,2.6,---
2026/07/29,08:40:47.5,福島県沖,37°18.6′N,141°42.0′E,41 km,1.3,---
2026/07/29,08:40:59.9,熊本県天草・芦北地方,32°27.7′N,130°32.5′E,13 km,1.8,---
2026/07/29,08:41:46.5,大分県中部,33°15.6′N,131°18.4′E,10 km,0.9,---
2026/07/29,08:42:16.8,和歌山県北部,34°14.3′N,135°26.6′E,6 km,0.0,---
2026/07/29,08:42:17.2,神奈川県西部,35°25.1′N,139°10.2′E,14 km,0.1,---
2026/07/29,08:42:29.3,大分県中部,33°15.4′N,131°18.6′E,9 km,1.1,---
2026/07/29,08:42:31.4,熊本県天草・芦北地方,32°26.9′N,130°34.2′E,7 km,3.2,---
2026/07/29,08:43:39.2,熊本県天草・芦北地方,32°26.8′N,130°32.8′E,4 km,1.6,---
2026/07/29,08:43:52.4,熊本県熊本地方,32°36.2′N,130°41.5′E,9 km,1.3,---
2026/07/29,08:44:13.9,熊本県熊本地方,32°31.2′N,130°36.0′E,7 km,1.6,---
2026/07/29,08:44:22.8,熊本県天草・芦北地方,32°27.3′N,130°34.0′E,1 km,1.6,---
2026/07/29,08:45:00.9,熊本県熊本地方,32°41.0′N,130°46.2′E,9 km,0.9,---
2026/07/29,08:45:18.8,熊本県天草・芦北地方,32°28.9′N,130°33.2′E,8 km,1.3,---
2026/07/29,08:45:52.7,熊本県熊本地方,32°37.7′N,130°43.2′E,9 km,2.0,---
2026/07/29,08:46:16.8,熊本県天草・芦北地方,32°27.3′N,130°34.1′E,0 km,2.2,---
2026/07/29,08:47:38.7,熊本県天草・芦北地方,32°27.2′N,130°30.8′E,11 km,2.0,---
2026/07/29,08:47:57.3,熊本県熊本地方,32°40.7′N,130°42.8′E,11 km,1.4,---
2026/07/29,08:48:23.5,熊本県熊本地方,32°37.9′N,130°40.5′E,15 km,1.1,---
2026/07/29,08:48:50.5,熊本県熊本地方,32°33.8′N,130°40.1′E,5 km,0.9,---
2026/07/29,08:49:42.2,熊本県天草・芦北地方,32°30.0′N,130°32.6′E,10 km,1.2,---
2026/07/29,08:50:47.6,熊本県熊本地方,32°39.5′N,130°43.2′E,11 km,1.1,---
2026/07/29,08:50:50.5,岐阜県飛騨地方,36°04.0′N,137°26.0′E,5 km,-0.3,---
2026/07/29,08:51:03.0,福島県沖,37°49.7′N,141°37.2′E,46 km,0.9,---
2026/07/29,08:51:17.9,熊本県熊本地方,32°41.2′N,130°44.4′E,12 km,2.6,---
2026/07/29,08:51:23.5,福島県沖,37°52.6′N,141°37.6′E,48 km,1.9,---
2026/07/29,08:51:54.5,熊本県天草・芦北地方,32°29.9′N,130°31.3′E,11 km,1.4,---
2026/07/29,08:51:56.6,岩手県沖,40°11.2′N,142°46.7′E,13 km,1.9,---
2026/07/29,08:52:04.5,大分県中部,33°15.1′N,131°18.7′E,9 km,1.0,---
2026/07/29,08:52:17.4,熊本県天草・芦北地方,32°36.2′N,130°37.4′E,14 km,1.8,---
2026/07/29,08:52:37.6,熊本県天草・芦北地方,32°29.8′N,130°31.3′E,9 km,1.5,---
2026/07/29,08:52:48.1,熊本県熊本地方,32°32.0′N,130°36.0′E,15 km,1.6,---
2026/07/29,08:53:08.6,熊本県天草・芦北地方,32°27.0′N,130°34.0′E,2 km,1.6,---
2026/07/29,08:53:29.9,熊本県熊本地方,32°33.7′N,130°39.8′E,6 km,1.5,---
2026/07/29,08:53:59.9,熊本県熊本地方,32°29.4′N,130°34.4′E,7 km,1.7,---
2026/07/29,08:54:33.3,熊本県熊本地方,32°36.3′N,130°41.3′E,5 km,1.6,---
2026/07/29,08:54:58.4,大分県中部,33°15.0′N,131°18.5′E,6 km,0.7,---
2026/07/29,08:55:01.7,大分県中部,33°15.1′N,131°19.0′E,11 km,2.2,---
2026/07/29,08:56:22.6,大分県中部,33°15.3′N,131°19.0′E,9 km,1.4,---
2026/07/29,08:56:38.3,大分県中部,33°15.3′N,131°18.8′E,10 km,1.8,---
2026/07/29,08:56:41.7,長野県南部,35°56.8′N,137°40.4′E,7 km,-0.1,---
2026/07/29,08:56:56.4,熊本県熊本地方,32°31.3′N,130°36.6′E,8 km,3.5,---
2026/07/29,08:57:45.4,熊本県天草・芦北地方,32°23.5′N,130°29.5′E,7 km,1.4,---
2026/07/29,08:58:00.2,大分県中部,33°15.3′N,131°18.4′E,9 km,0.9,---
2026/07/29,08:59:08.0,熊本県熊本地方,32°30.5′N,130°36.1′E,9 km,1.6,---
2026/07/29,08:59:41.5,熊本県熊本地方,32°33.6′N,130°39.6′E,7 km,2.0,---
2026/07/29,09:00:35.8,熊本県熊本地方,32°38.5′N,130°44.3′E,7 km,1.0,---
2026/07/29,09:01:05.8,熊本県天草・芦北地方,32°23.7′N,130°27.8′E,8 km,1.0,---
2026/07/29,09:01:06.2,三陸沖,39°21.1′N,143°32.1′E,10 km,0.8,---
2026/07/29,09:01:20.1,熊本県熊本地方,32°33.9′N,130°36.7′E,13 km,1.8,---
2026/07/29,09:01:49.6,熊本県熊本地方,32°41.5′N,130°45.1′E,10 km,1.5,---
2026/07/29,09:02:41.5,大分県中部,33°15.3′N,131°18.5′E,10 km,1.3,---
2026/07/29,09:03:20.8,熊本県熊本地方,32°28.2′N,130°36.0′E,6 km,1.2,---
2026/07/29,09:03:28.2,大分県中部,33°15.2′N,131°19.0′E,11 km,1.2,---
2026/07/29,09:04:04.1,熊本県熊本地方,32°34.0′N,130°37.7′E,13 km,2.6,---
2026/07/29,09:04:38.6,熊本県熊本地方,32°44.8′N,130°48.8′E,7 km,1.2,---
2026/07/29,09:05:53.5,熊本県熊本地方,32°33.8′N,130°36.6′E,12 km,1.6,---
2026/07/29,09:06:38.5,熊本県熊本地方,32°34.1′N,130°37.7′E,12 km,2.5,---
2026/07/29,09:07:03.7,大分県中部,33°15.3′N,131°18.8′E,10 km,1.8,---
2026/07/29,09:07:37.9,熊本県熊本地方,32°40.6′N,130°42.4′E,15 km,0.7,---
2026/07/29,09:08:05.0,熊本県熊本地方,32°41.0′N,130°43.6′E,12 km,1.0,---
2026/07/29,09:08:49.9,熊本県熊本地方,32°37.6′N,130°42.4′E,9 km,0.2,---
2026/07/29,09:09:32.7,熊本県天草・芦北地方,32°28.4′N,130°30.4′E,11 km,2.9,---
2026/07/29,09:09:47.2,福島県沖,37°50.1′N,141°36.3′E,49 km,1.0,---
2026/07/29,09:10:05.7,熊本県天草・芦北地方,32°28.0′N,130°32.2′E,4 km,2.2,---
2026/07/29,09:11:23.1,熊本県熊本地方,32°30.1′N,130°35.2′E,12 km,2.2,---
2026/07/29,09:11:45.6,熊本県熊本地方,32°33.0′N,130°36.9′E,13 km,1.6,---
2026/07/29,09:12:24.0,熊本県熊本地方,32°42.2′N,130°42.8′E,16 km,1.4,---
2026/07/29,09:13:56.3,熊本県熊本地方,32°35.9′N,130°41.6′E,9 km,0.5,---
2026/07/29,09:14:20.7,和歌山県北部,34°14.9′N,135°11.5′E,7 km,0.0,---
2026/07/29,09:14:45.7,熊本県熊本地方,32°37.8′N,130°42.5′E,5 km,1.4,---
2026/07/29,09:15:56.1,熊本県熊本地方,32°39.1′N,130°42.5′E,12 km,1.1,---
2026/07/29,09:16:57.8,三陸沖,39°37.7′N,143°13.8′E,11 km,0.9,---
2026/07/29,09:16:59.3,熊本県熊本地方,32°41.3′N,130°46.1′E,9 km,0.7,---
2026/07/29,09:17:19.2,熊本県熊本地方,32°32.9′N,130°38.7′E,5 km,0.9,---
2026/07/29,09:17:20.4,長野県南部,35°38.8′N,138°08.3′E,10 km,0.9,---
2026/07/29,09:18:43.3,熊本県熊本地方,32°29.4′N,130°34.2′E,9 km,0.7,---
2026/07/29,09:19:06.5,西表島付近,24°26.3′N,123°50.8′E,10 km,0.9,---
2026/07/29,09:19:07.2,熊本県天草・芦北地方,32°36.3′N,130°38.1′E,14 km,1.2,---
2026/07/29,09:19:59.3,熊本県熊本地方,32°43.9′N,130°46.2′E,10 km,0.9,---
2026/07/29,09:20:34.6,福島県沖,37°49.9′N,141°36.5′E,49 km,1.8,---
2026/07/29,09:21:00.3,大分県中部,33°15.4′N,131°18.8′E,9 km,1.3,---
2026/07/29,09:24:01.0,熊本県天草・芦北地方,32°29.7′N,130°31.6′E,8 km,0.3,---
2026/07/29,09:24:35.6,熊本県熊本地方,32°32.4′N,130°36.4′E,12 km,2.3,---
2026/07/29,09:25:09.6,大分県中部,33°15.2′N,131°19.1′E,9 km,2.5,---
2026/07/29,09:26:12.6,熊本県天草・芦北地方,32°23.0′N,130°29.5′E,9 km,0.9,---
2026/07/29,09:27:52.4,熊本県熊本地方,32°40.2′N,130°43.4′E,12 km,1.8,---
2026/07/29,09:28:23.3,熊本県天草・芦北地方,32°27.5′N,130°32.2′E,13 km,1.7,---
2026/07/29,09:28:50.6,熊本県熊本地方,32°30.6′N,130°35.3′E,12 km,1.6,---
2026/07/29,09:30:23.0,和歌山県北部,34°05.1′N,135°24.1′E,3 km,-0.3,---
2026/07/29,09:30:41.8,熊本県熊本地方,32°32.8′N,130°37.8′E,7 km,1.9,---
2026/07/29,09:31:13.5,大分県中部,33°15.6′N,131°18.5′E,9 km,1.3,---
2026/07/29,09:32:04.9,熊本県熊本地方,32°35.2′N,130°38.9′E,12 km,0.8,---
2026/07/29,09:33:57.4,熊本県熊本地方,32°30.5′N,130°35.0′E,10 km,1.5,---
2026/07/29,09:35:10.1,熊本県熊本地方,32°43.0′N,130°46.7′E,9 km,0.7,---
2026/07/29,09:35:34.7,大分県中部,33°17.1′N,131°27.2′E,3 km,0.7,---
2026/07/29,09:35:46.3,三陸沖,39°30.1′N,143°42.6′E,15 km,1.2,---
2026/07/29,09:35:48.9,鹿児島県薩摩地方,32°07.5′N,130°20.1′E,3 km,0.4,---
2026/07/29,09:37:00.3,熊本県熊本地方,32°31.9′N,130°35.9′E,13 km,1.7,---
2026/07/29,09:37:31.0,熊本県熊本地方,32°38.9′N,130°41.7′E,13 km,1.1,---
2026/07/29,09:39:10.1,熊本県熊本地方,32°40.6′N,130°44.0′E,10 km,1.7,---
2026/07/29,09:40:09.9,長野県中部,36°21.5′N,137°55.4′E,10 km,0.3,---
2026/07/29,09:40:30.4,熊本県熊本地方,32°36.1′N,130°40.7′E,5 km,1.1,---
2026/07/29,09:40:50.6,熊本県天草・芦北地方,32°26.8′N,130°33.7′E,12 km,0.8,---
2026/07/29,09:42:25.8,熊本県熊本地方,32°37.1′N,130°42.8′E,8 km,1.4,---
2026/07/29,09:43:23.6,熊本県熊本地方,32°34.9′N,130°38.5′E,10 km,1.4,---
2026/07/29,09:43:50.5,熊本県天草・芦北地方,32°29.7′N,130°32.7′E,11 km,1.8,---
2026/07/29,09:44:38.8,鹿児島湾,31°24.8′N,130°37.8′E,9 km,0.7,---
2026/07/29,09:44:56.2,熊本県天草・芦北地方,32°25.6′N,130°29.8′E,9 km,2.5,---
2026/07/29,09:45:48.0,大分県中部,33°15.3′N,131°18.7′E,7 km,0.5,---
2026/07/29,09:46:18.6,熊本県熊本地方,32°35.8′N,130°39.4′E,8 km,1.3,---
2026/07/29,09:47:33.3,熊本県熊本地方,32°38.6′N,130°43.2′E,7 km,0.8,---
2026/07/29,09:48:04.5,熊本県熊本地方,32°40.1′N,130°44.0′E,15 km,0.7,---
2026/07/29,09:48:59.6,熊本県天草・芦北地方,32°25.7′N,130°30.1′E,9 km,2.7,---
2026/07/29,09:49:03.8,大分県中部,33°15.6′N,131°18.3′E,8 km,0.7,---
2026/07/29,09:49:51.1,熊本県熊本地方,32°31.3′N,130°36.2′E,10 km,1.5,---
2026/07/29,09:50:13.2,熊本県熊本地方,32°32.9′N,130°36.7′E,14 km,2.8,---
2026/07/29,09:51:27.3,熊本県熊本地方,32°32.6′N,130°34.7′E,13 km,0.5,---
2026/07/29,09:51:41.4,熊本県熊本地方,32°40.3′N,130°43.0′E,15 km,0.3,---
2026/07/29,09:51:52.5,青森県東方沖,40°51.4′N,142°59.1′E,17 km,2.1,---
2026/07/29,09:53:24.1,熊本県熊本地方,32°34.9′N,130°37.8′E,12 km,1.1,---
2026/07/29,09:54:05.7,熊本県熊本地方,32°34.1′N,130°36.9′E,13 km,2.7,---
2026/07/29,09:54:43.8,熊本県熊本地方,32°33.1′N,130°38.8′E,5 km,1.4,---
2026/07/29,09:55:15.1,福島県沖,37°50.4′N,141°37.3′E,49 km,1.2,---
2026/07/29,09:56:50.4,熊本県熊本地方,32°30.5′N,130°35.2′E,6 km,1.4,---
2026/07/29,09:57:07.0,熊本県熊本地方,32°30.6′N,130°35.1′E,7 km,1.0,---
2026/07/29,09:57:53.7,熊本県熊本地方,32°43.2′N,130°46.6′E,11 km,1.5,---
2026/07/29,09:58:21.4,熊本県熊本地方,32°41.7′N,130°45.6′E,10 km,0.5,---
2026/07/29,09:59:02.5,大分県中部,33°15.2′N,131°18.4′E,10 km,1.0,---
2026/07/29,10:00:04.5,熊本県熊本地方,32°44.0′N,130°46.1′E,10 km,2.7,---
2026/07/29,10:01:08.5,熊本県熊本地方,32°41.9′N,130°45.1′E,10 km,1.9,---
2026/07/29,10:01:25.4,熊本県熊本地方,32°38.6′N,130°43.6′E,10 km,2.7,---
2026/07/29,10:01:27.7,根室半島南東沖,43°27.8′N,146°10.5′E,94 km,1.7,---
2026/07/29,10:02:00.8,秋田県沿岸北部,39°53.5′N,139°59.8′E,15 km,0.7,---
2026/07/29,10:02:01.1,熊本県熊本地方,32°39.4′N,130°43.2′E,10 km,0.9,---
2026/07/29,10:02:59.4,大分県中部,33°15.2′N,131°18.8′E,8 km,1.1,---
2026/07/29,10:03:13.8,熊本県天草・芦北地方,32°30.5′N,130°33.2′E,10 km,1.1,---
2026/07/29,10:03:17.6,熊本県熊本地方,32°41.3′N,130°44.6′E,11 km,2.9,---
2026/07/29,10:03:24.8,根室半島南東沖,43°18.4′N,146°14.4′E,46 km,2.0,---
2026/07/29,10:04:13.5,熊本県熊本地方,32°34.0′N,130°37.6′E,12 km,1.9,---
2026/07/29,10:04:47.0,熊本県天草・芦北地方,32°28.2′N,130°33.1′E,7 km,2.5,---
2026/07/29,10:05:41.3,熊本県熊本地方,32°45.0′N,130°46.2′E,11 km,0.5,---
2026/07/29,10:05:58.6,熊本県熊本地方,32°29.8′N,130°34.5′E,4 km,0.5,---
2026/07/29,10:06:43.3,三陸沖,39°37.9′N,143°14.0′E,12 km,0.9,---
2026/07/29,10:06:48.7,熊本県熊本地方,32°29.7′N,130°34.7′E,9 km,1.9,---
2026/07/29,10:07:28.6,熊本県熊本地方,32°31.6′N,130°35.9′E,11 km,1.6,---
2026/07/29,10:07:30.4,和歌山県北部,33°47.9′N,135°19.4′E,44 km,0.2,---
2026/07/29,10:07:54.1,熊本県熊本地方,32°39.1′N,130°43.7′E,9 km,2.0,---
2026/07/29,10:08:31.5,茨城県沖,36°35.5′N,141°07.6′E,47 km,1.0,---
2026/07/29,10:08:33.4,熊本県熊本地方,32°38.2′N,130°42.2′E,11 km,1.4,---
2026/07/29,10:09:35.1,熊本県天草・芦北地方,32°28.4′N,130°30.3′E,10 km,1.9,---
2026/07/29,10:11:52.6,熊本県天草・芦北地方,32°30.1′N,130°32.9′E,10 km,1.1,---
2026/07/29,10:13:58.5,熊本県熊本地方,32°31.6′N,130°36.4′E,9 km,2.0,---
2026/07/29,10:13:58.7,茨城県北部,36°46.2′N,140°34.1′E,9 km,1.3,---
2026/07/29,10:14:35.8,熊本県熊本地方,32°37.9′N,130°42.7′E,5 km,1.3,---
2026/07/29,10:14:54.2,熊本県熊本地方,32°38.9′N,130°43.2′E,8 km,1.5,---
2026/07/29,10:15:11.8,熊本県熊本地方,32°30.3′N,130°35.5′E,9 km,1.3,---
2026/07/29,10:16:16.5,熊本県天草・芦北地方,32°28.9′N,130°34.2′E,3 km,1.5,---
2026/07/29,10:16:21.3,和歌山県北部,34°03.7′N,135°19.4′E,9 km,-0.2,---
2026/07/29,10:16:34.9,奄美大島北東沖,29°00.0′N,131°10.2′E,50 km,3.1,---
2026/07/29,10:16:47.3,奄美大島近海,28°15.2′N,129°35.4′E,27 km,2.0,---
2026/07/29,10:17:39.6,熊本県熊本地方,32°40.0′N,130°42.1′E,12 km,1.6,---
2026/07/29,10:18:39.1,熊本県熊本地方,32°29.9′N,130°34.7′E,13 km,2.0,---
2026/07/29,10:19:23.7,熊本県熊本地方,32°42.9′N,130°46.3′E,9 km,1.7,---
2026/07/29,10:19:39.0,四国沖,31°17.1′N,133°29.2′E,45 km,2.5,---
2026/07/29,10:19:41.5,熊本県熊本地方,32°39.7′N,130°43.9′E,10 km,2.7,---
2026/07/29,10:20:14.3,熊本県熊本地方,32°40.2′N,130°43.9′E,9 km,1.9,---
2026/07/29,10:21:47.4,熊本県熊本地方,32°32.6′N,130°36.1′E,11 km,0.4,---
2026/07/29,10:22:04.1,熊本県熊本地方,32°39.2′N,130°41.9′E,14 km,0.9,---
2026/07/29,10:22:54.4,熊本県天草・芦北地方,32°24.8′N,130°29.1′E,9 km,2.0,---
2026/07/29,10:23:18.8,熊本県天草・芦北地方,32°28.2′N,130°32.9′E,1 km,2.5,---
2026/07/29,10:24:47.3,岩手県沖,40°13.2′N,142°53.1′E,7 km,1.3,---
2026/07/29,10:25:07.2,熊本県天草・芦北地方,32°28.8′N,130°34.5′E,6 km,0.9,---
2026/07/29,10:25:10.9,和歌山県北部,34°03.6′N,135°18.2′E,5 km,-0.3,---
2026/07/29,10:25:19.7,宮城県沖,38°06.4′N,142°27.2′E,19 km,1.1,---
2026/07/29,10:26:10.2,熊本県熊本地方,32°41.9′N,130°44.7′E,12 km,0.7,---
2026/07/29,10:26:19.6,静岡県西部,35°02.9′N,137°54.2′E,18 km,0.2,---
2026/07/29,10:26:45.1,熊本県熊本地方,32°42.9′N,130°46.3′E,9 km,0.7,---
2026/07/29,10:27:41.0,宮城県沖,38°15.0′N,142°11.1′E,37 km,1.1,---
2026/07/29,10:28:15.5,熊本県天草・芦北地方,32°26.7′N,130°33.8′E,5 km,1.4,---
2026/07/29,10:28:32.9,熊本県熊本地方,32°30.9′N,130°35.8′E,6 km,1.3,---
2026/07/29,10:29:03.0,岐阜県飛騨地方,36°16.2′N,137°35.4′E,3 km,0.5,---
2026/07/29,10:29:39.0,熊本県熊本地方,32°27.6′N,130°37.0′E,6 km,0.7,---
2026/07/29,10:30:10.0,大分県中部,33°15.4′N,131°18.6′E,9 km,1.2,---
2026/07/29,10:30:43.1,熊本県熊本地方,32°38.9′N,130°41.7′E,14 km,3.3,---
2026/07/29,10:31:56.9,熊本県熊本地方,32°39.5′N,130°42.3′E,14 km,1.1,---
2026/07/29,10:32:53.5,熊本県熊本地方,32°34.3′N,130°38.1′E,7 km,1.2,---
2026/07/29,10:33:22.2,岩手県沖,40°12.8′N,142°42.3′E,9 km,1.7,---
2026/07/29,10:33:30.6,熊本県熊本地方,32°40.2′N,130°43.6′E,12 km,0.5,---
2026/07/29,10:34:53.9,熊本県熊本地方,32°31.2′N,130°35.4′E,9 km,1.6,---
2026/07/29,10:35:57.9,熊本県熊本地方,32°39.2′N,130°44.7′E,5 km,1.1,---
2026/07/29,10:36:04.8,青森県東方沖,41°09.3′N,142°51.9′E,24 km,1.1,---
2026/07/29,10:37:19.0,熊本県熊本地方,32°41.5′N,130°44.4′E,10 km,1.8,---
2026/07/29,10:37:29.3,伊予灘,33°32.3′N,132°22.5′E,44 km,0.5,---
2026/07/29,10:39:15.5,熊本県熊本地方,32°36.0′N,130°42.1′E,9 km,0.8,---
2026/07/29,10:39:35.1,熊本県天草・芦北地方,32°23.2′N,130°28.5′E,2 km,1.9,---
2026/07/29,10:40:02.1,熊本県天草・芦北地方,32°25.7′N,130°32.3′E,0 km,1.3,---
2026/07/29,10:41:38.1,熊本県熊本地方,32°34.3′N,130°39.8′E,6 km,1.5,---
2026/07/29,10:43:14.0,熊本県天草・芦北地方,32°28.4′N,130°30.0′E,9 km,0.6,---
2026/07/29,10:44:52.1,天草灘,31°58.7′N,130°11.7′E,2 km,0.7,---
2026/07/29,10:45:18.7,熊本県天草・芦北地方,32°25.0′N,130°28.2′E,9 km,1.1,---
2026/07/29,10:46:26.9,熊本県熊本地方,32°37.1′N,130°41.6′E,10 km,1.9,---
2026/07/29,10:47:07.3,熊本県熊本地方,32°41.1′N,130°34.2′E,8 km,2.0,---
2026/07/29,10:47:26.0,熊本県熊本地方,32°43.4′N,130°46.9′E,8 km,2.1,---
2026/07/29,10:50:01.8,熊本県熊本地方,32°37.9′N,130°43.0′E,13 km,0.6,---
2026/07/29,10:51:14.6,熊本県熊本地方,32°33.0′N,130°40.0′E,8 km,3.1,---
2026/07/29,10:52:37.8,熊本県天草・芦北地方,32°27.9′N,130°32.8′E,7 km,1.0,---
2026/07/29,10:55:21.8,熊本県熊本地方,32°31.0′N,130°34.7′E,10 km,1.8,---
2026/07/29,10:57:02.7,熊本県熊本地方,32°37.4′N,130°43.2′E,4 km,2.3,---
2026/07/29,10:58:40.9,熊本県熊本地方,32°44.8′N,130°48.2′E,7 km,1.0,---
2026/07/29,10:59:29.4,十勝沖,41°47.0′N,144°07.9′E,13 km,1.5,---
2026/07/29,10:59:41.6,熊本県熊本地方,32°39.3′N,130°42.9′E,13 km,0.8,---
2026/07/29,11:00:11.5,関東東方沖,34°17.8′N,141°39.0′E,5 km,2.4,---
2026/07/29,11:01:10.4,熊本県熊本地方,32°39.1′N,130°43.8′E,11 km,0.6,---
2026/07/29,11:02:00.7,熊本県天草・芦北地方,32°28.9′N,130°34.3′E,5 km,1.6,---
2026/07/29,11:02:22.6,熊本県熊本地方,32°31.7′N,130°36.1′E,10 km,1.7,---
2026/07/29,11:03:08.6,熊本県熊本地方,32°33.1′N,130°35.3′E,14 km,1.8,---
2026/07/29,11:03:41.9,熊本県熊本地方,32°35.2′N,130°37.9′E,13 km,1.2,---
2026/07/29,11:04:26.8,熊本県熊本地方,32°39.7′N,130°44.9′E,7 km,0.4,---
2026/07/29,11:04:47.8,熊本県熊本地方,32°35.9′N,130°42.4′E,5 km,1.0,---
2026/07/29,11:05:08.0,熊本県熊本地方,32°43.8′N,130°45.9′E,12 km,0.6,---
2026/07/29,11:05:34.9,熊本県熊本地方,32°31.0′N,130°35.5′E,8 km,1.1,---
2026/07/29,11:06:24.1,熊本県天草・芦北地方,32°28.3′N,130°34.8′E,5 km,0.1,---
2026/07/29,11:06:51.0,熊本県天草・芦北地方,32°27.7′N,130°33.6′E,10 km,1.8,---
2026/07/29,11:07:33.4,熊本県熊本地方,32°33.8′N,130°39.3′E,4 km,1.4,---
2026/07/29,11:07:55.9,熊本県熊本地方,32°32.5′N,130°35.7′E,9 km,0.9,---
2026/07/29,11:08:41.2,熊本県天草・芦北地方,32°26.9′N,130°33.4′E,2 km,0.6,---
2026/07/29,11:08:53.1,和歌山県北部,34°04.2′N,135°20.9′E,9 km,0.7,---
2026/07/29,11:09:05.6,熊本県熊本地方,32°39.3′N,130°42.9′E,14 km,1.3,---
2026/07/29,11:10:00.9,熊本県熊本地方,32°32.6′N,130°36.8′E,11 km,1.0,---
2026/07/29,11:10:26.0,熊本県熊本地方,32°32.0′N,130°35.9′E,14 km,0.9,---
2026/07/29,11:11:11.3,熊本県熊本地方,32°38.4′N,130°43.6′E,7 km,0.7,---
2026/07/29,11:11:27.4,熊本県熊本地方,32°39.3′N,130°44.8′E,10 km,1.0,---
2026/07/29,11:12:11.0,熊本県熊本地方,32°46.1′N,130°49.7′E,10 km,0.4,---
2026/07/29,11:12:18.4,岩手県沖,39°06.5′N,142°24.9′E,26 km,1.2,---
2026/07/29,11:12:39.2,熊本県熊本地方,32°40.8′N,130°42.0′E,14 km,0.9,---
2026/07/29,11:13:03.4,熊本県熊本地方,32°36.2′N,130°42.5′E,6 km,1.1,---
2026/07/29,11:13:23.6,奄美大島近海,28°15.4′N,129°38.1′E,31 km,0.8,---
2026/07/29,11:13:39.4,熊本県熊本地方,32°32.7′N,130°46.0′E,14 km,0.8,---
2026/07/29,11:14:07.7,和歌山県北部,34°04.1′N,135°20.9′E,8 km,0.1,---
2026/07/29,11:14:15.9,熊本県熊本地方,32°31.7′N,130°34.5′E,9 km,1.1,---
2026/07/29,11:14:29.6,熊本県熊本地方,32°31.7′N,130°35.2′E,1 km,1.3,---
2026/07/29,11:14:55.4,熊本県熊本地方,32°32.8′N,130°39.1′E,7 km,1.5,---
2026/07/29,11:15:50.3,熊本県熊本地方,32°33.3′N,130°37.6′E,13 km,0.6,---
2026/07/29,11:16:14.7,青森県津軽南部,40°39.0′N,140°44.8′E,6 km,2.4,---
2026/07/29,11:16:27.3,熊本県熊本地方,32°38.9′N,130°44.2′E,9 km,0.8,---
2026/07/29,11:17:10.1,熊本県熊本地方,32°31.7′N,130°38.5′E,10 km,0.8,---
2026/07/29,11:17:34.5,関東東方沖,34°05.5′N,142°40.8′E,36 km,2.2,---
2026/07/29,11:17:36.9,熊本県天草・芦北地方,32°22.3′N,130°27.8′E,0 km,0.8,---
2026/07/29,11:18:39.8,熊本県熊本地方,32°42.8′N,130°47.3′E,8 km,2.3,---
2026/07/29,11:18:51.5,紀伊水道,34°07.0′N,135°07.4′E,8 km,0.2,---
2026/07/29,11:20:00.3,熊本県熊本地方,32°40.5′N,130°43.0′E,15 km,0.8,---
2026/07/29,11:20:52.2,熊本県熊本地方,32°40.8′N,130°42.3′E,12 km,0.8,---
2026/07/29,11:21:25.6,熊本県天草・芦北地方,32°26.2′N,130°30.1′E,8 km,1.1,---
2026/07/29,11:21:56.4,新潟県上越地方,37°02.4′N,138°26.0′E,10 km,0.9,---
2026/07/29,11:22:19.4,大分県中部,33°15.8′N,131°18.8′E,10 km,0.3,---
2026/07/29,11:22:33.7,熊本県熊本地方,32°39.3′N,130°41.9′E,14 km,1.8,---
2026/07/29,11:23:20.2,宮城県沖,38°24.8′N,142°10.5′E,30 km,2.2,---
2026/07/29,11:23:49.3,熊本県天草・芦北地方,32°27.5′N,130°34.1′E,10 km,0.7,---
2026/07/29,11:24:18.1,熊本県熊本地方,32°42.9′N,130°46.7′E,10 km,0.2,---
2026/07/29,11:24:42.1,埼玉県南部,35°51.7′N,139°16.8′E,123 km,1.5,---
2026/07/29,11:24:42.6,熊本県熊本地方,32°28.0′N,130°35.6′E,0 km,2.0,---
2026/07/29,11:25:26.5,熊本県熊本地方,32°35.5′N,130°37.1′E,14 km,1.1,---
2026/07/29,11:27:01.0,熊本県熊本地方,32°36.0′N,130°41.7′E,8 km,1.1,---
2026/07/29,11:27:31.8,熊本県熊本地方,32°30.4′N,130°34.5′E,9 km,0.8,---
2026/07/29,11:28:20.8,熊本県熊本地方,32°39.5′N,130°41.3′E,14 km,1.0,---
2026/07/29,11:28:43.9,熊本県熊本地方,32°29.4′N,130°34.6′E,0 km,1.0,---
2026/07/29,11:30:04.5,熊本県天草・芦北地方,32°23.0′N,130°29.2′E,9 km,0.9,---
2026/07/29,11:31:19.7,熊本県熊本地方,32°40.6′N,130°44.5′E,8 km,1.1,---
2026/07/29,11:31:31.5,熊本県熊本地方,32°30.8′N,130°37.0′E,1 km,2.1,---
2026/07/29,11:32:05.7,熊本県熊本地方,32°36.8′N,130°43.7′E,7 km,1.0,---
2026/07/29,11:32:23.9,熊本県熊本地方,32°41.1′N,130°44.1′E,13 km,0.7,---
2026/07/29,11:32:47.7,熊本県天草・芦北地方,32°36.3′N,130°37.8′E,14 km,0.6,---
2026/07/29,11:33:22.6,熊本県熊本地方,32°41.6′N,130°44.6′E,9 km,0.1,---
2026/07/29,11:33:26.4,日本海中部,40°58.8′N,138°20.5′E,6 km,2.2,---
2026/07/29,11:34:03.9,熊本県熊本地方,32°39.2′N,130°42.8′E,3 km,0.3,---
2026/07/29,11:34:30.7,熊本県熊本地方,32°42.6′N,130°41.4′E,16 km,1.2,---
2026/07/29,11:34:34.6,長野県中部,36°10.7′N,137°49.6′E,3 km,0.0,---
2026/07/29,11:35:55.2,熊本県熊本地方,32°37.0′N,130°41.9′E,8 km,2.0,---
2026/07/29,11:36:23.4,北海道北西沖,44°29.8′N,141°07.7′E,271 km,3.2,---
2026/07/29,11:36:43.2,熊本県熊本地方,32°38.2′N,130°44.0′E,8 km,1.6,---
2026/07/29,11:36:43.4,宮城県南部,38°15.4′N,140°33.2′E,137 km,3.1,---
2026/07/29,11:37:51.2,熊本県天草・芦北地方,32°25.4′N,130°31.2′E,9 km,3.1,---
2026/07/29,11:38:37.1,熊本県熊本地方,32°33.0′N,130°36.4′E,12 km,1.9,---
2026/07/29,11:39:02.1,熊本県熊本地方,32°40.7′N,130°44.8′E,11 km,1.1,---
2026/07/29,11:39:50.6,熊本県天草・芦北地方,32°25.5′N,130°30.8′E,6 km,1.8,---
2026/07/29,11:40:12.6,熊本県熊本地方,32°35.9′N,130°38.2′E,14 km,1.1,---
2026/07/29,11:40:32.8,熊本県天草・芦北地方,32°25.1′N,130°29.4′E,1 km,1.0,---
2026/07/29,11:40:45.9,熊本県熊本地方,32°37.8′N,130°42.7′E,7 km,1.5,---
2026/07/29,11:41:17.1,福岡県北西沖,33°44.0′N,130°13.9′E,7 km,1.2,---
2026/07/29,11:41:58.1,熊本県熊本地方,32°32.0′N,130°38.9′E,8 km,0.7,---
2026/07/29,11:42:19.3,大分県中部,33°15.3′N,131°18.3′E,10 km,0.6,---
2026/07/29,11:42:19.4,福島県沖,37°37.9′N,142°02.5′E,22 km,1.4,---
2026/07/29,11:42:22.2,熊本県熊本地方,32°37.1′N,130°42.2′E,9 km,2.3,---
2026/07/29,11:42:58.5,熊本県熊本地方,32°39.4′N,130°44.0′E,8 km,0.9,---
2026/07/29,11:43:13.7,大分県中部,33°15.3′N,131°18.5′E,10 km,1.1,---
2026/07/29,11:43:14.1,熊本県熊本地方,32°34.0′N,130°37.5′E,12 km,1.5,---
2026/07/29,11:43:29.0,熊本県天草・芦北地方,32°24.4′N,130°30.5′E,7 km,1.2,---
2026/07/29,11:43:55.6,熊本県熊本地方,32°34.2′N,130°39.6′E,6 km,1.6,---
2026/07/29,11:44:45.2,大分県中部,33°17.1′N,131°27.3′E,4 km,0.1,---
2026/07/29,11:44:52.1,熊本県熊本地方,32°31.1′N,130°35.5′E,7 km,1.1,---
2026/07/29,11:45:08.2,三陸沖,39°38.7′N,144°06.1′E,48 km,0.6,---
2026/07/29,11:45:41.5,熊本県熊本地方,32°38.0′N,130°43.0′E,5 km,0.5,---
2026/07/29,11:45:58.4,熊本県熊本地方,32°39.8′N,130°43.8′E,8 km,0.5,---
2026/07/29,11:46:10.5,熊本県熊本地方,32°39.5′N,130°44.0′E,10 km,0.6,---
2026/07/29,11:46:37.2,熊本県熊本地方,32°39.2′N,130°42.1′E,13 km,1.4,---
2026/07/29,11:47:07.2,鹿児島県薩摩地方,32°08.6′N,130°20.4′E,5 km,0.5,---
2026/07/29,11:47:47.1,熊本県熊本地方,32°29.3′N,130°34.0′E,10 km,1.2,---
2026/07/29,11:48:36.1,熊本県天草・芦北地方,32°12.5′N,130°22.2′E,8 km,0.4,---
2026/07/29,11:49:01.6,熊本県天草・芦北地方,32°29.5′N,130°32.3′E,9 km,1.1,---
2026/07/29,11:49:21.1,熊本県熊本地方,32°38.9′N,130°42.3′E,12 km,1.2,---
2026/07/29,11:49:57.2,熊本県熊本地方,32°31.7′N,130°35.4′E,15 km,0.9,---
2026/07/29,11:50:47.7,熊本県熊本地方,32°38.9′N,130°43.5′E,11 km,0.4,---
2026/07/29,11:50:48.9,三陸沖,39°23.7′N,143°39.5′E,11 km,1.2,---
2026/07/29,11:50:59.9,熊本県熊本地方,32°37.6′N,130°42.6′E,10 km,0.7,---
2026/07/29,11:51:12.8,熊本県熊本地方,32°31.8′N,130°36.0′E,15 km,1.3,---
2026/07/29,11:51:48.7,熊本県熊本地方,32°43.8′N,130°46.7′E,11 km,0.7,---
2026/07/29,11:51:57.8,熊本県熊本地方,32°38.7′N,130°41.8′E,12 km,1.2,---
2026/07/29,11:52:23.3,熊本県熊本地方,32°34.5′N,130°39.5′E,9 km,1.1,---
2026/07/29,11:52:35.4,熊本県天草・芦北地方,32°23.9′N,130°30.1′E,2 km,1.8,---
2026/07/29,11:53:10.7,熊本県熊本地方,32°42.4′N,130°45.3′E,10 km,1.5,---
2026/07/29,11:53:16.5,大分県中部,33°15.3′N,131°18.8′E,9 km,2.4,---
2026/07/29,11:53:22.4,熊本県熊本地方,32°40.3′N,130°42.1′E,13 km,2.3,---
2026/07/29,11:53:28.0,静岡県西部,34°49.9′N,137°44.7′E,35 km,0.3,---
2026/07/29,11:54:25.6,熊本県天草・芦北地方,32°28.9′N,130°34.0′E,10 km,2.4,---
2026/07/29,11:55:29.3,熊本県熊本地方,32°31.5′N,130°34.7′E,12 km,1.3,---
2026/07/29,11:55:52.0,熊本県天草・芦北地方,32°27.8′N,130°31.9′E,2 km,0.5,---
2026/07/29,11:56:06.7,熊本県天草・芦北地方,32°28.6′N,130°30.6′E,9 km,0.9,---
2026/07/29,11:56:22.5,岩手県沖,40°07.6′N,142°57.3′E,5 km,1.3,---
2026/07/29,11:56:25.7,熊本県天草・芦北地方,32°28.9′N,130°34.3′E,0 km,0.4,---
2026/07/29,11:57:05.5,熊本県熊本地方,32°30.0′N,130°34.8′E,12 km,0.7,---
2026/07/29,11:57:38.8,熊本県熊本地方,32°38.2′N,130°44.0′E,9 km,0.6,---
2026/07/29,11:58:02.6,大分県中部,33°15.4′N,131°18.3′E,10 km,0.6,---
2026/07/29,11:58:25.1,天草灘,31°59.1′N,130°11.4′E,1 km,0.6,---
2026/07/29,11:58:38.0,熊本県熊本地方,32°41.6′N,130°44.1′E,12 km,1.8,---
2026/07/29,11:59:03.3,熊本県熊本地方,32°30.5′N,130°35.9′E,7 km,2.1,---
2026/07/29,11:59:34.4,熊本県熊本地方,32°30.5′N,130°35.7′E,7 km,1.8,---
2026/07/29,12:00:11.2,熊本県熊本地方,32°34.7′N,130°37.8′E,13 km,1.0,---
2026/07/29,12:00:20.6,熊本県天草・芦北地方,32°30.8′N,130°33.0′E,13 km,1.4,---
2026/07/29,12:00:36.2,長野県北部,36°27.1′N,137°55.2′E,8 km,-0.3,---
2026/07/29,12:01:03.3,熊本県熊本地方,32°32.1′N,130°38.4′E,5 km,1.7,---
2026/07/29,12:02:24.1,熊本県熊本地方,32°39.3′N,130°44.7′E,6 km,1.1,---
2026/07/29,12:02:49.8,熊本県熊本地方,32°32.6′N,130°36.3′E,11 km,1.1,---
2026/07/29,12:04:54.6,熊本県熊本地方,32°29.0′N,130°33.8′E,6 km,1.6,---
2026/07/29,12:05:15.3,熊本県熊本地方,32°43.1′N,130°46.6′E,8 km,2.0,---
2026/07/29,12:07:50.2,熊本県熊本地方,32°45.2′N,130°45.3′E,14 km,1.4,---
2026/07/29,12:08:12.4,十勝沖,41°33.7′N,144°10.2′E,14 km,2.1,---
2026/07/29,12:08:32.3,福島県沖,37°43.6′N,143°38.6′E,9 km,1.6,---
2026/07/29,12:08:44.7,熊本県熊本地方,32°40.6′N,130°43.7′E,12 km,3.8,---
2026/07/29,12:10:05.4,熊本県熊本地方,32°36.6′N,130°41.6′E,10 km,2.0,---
2026/07/29,12:11:32.3,熊本県天草・芦北地方,32°12.5′N,130°24.2′E,3 km,0.7,---
2026/07/29,12:11:50.8,愛媛県南予,33°26.1′N,132°26.4′E,43 km,0.4,---
2026/07/29,12:12:36.2,熊本県熊本地方,32°42.1′N,130°44.8′E,9 km,1.9,---
2026/07/29,12:13:32.8,熊本県熊本地方,32°41.7′N,130°46.2′E,8 km,0.5,---
2026/07/29,12:13:53.6,熊本県熊本地方,32°31.3′N,130°34.4′E,11 km,1.0,---
2026/07/29,12:14:15.9,大分県中部,33°14.9′N,131°18.0′E,5 km,0.8,---
2026/07/29,12:14:48.7,熊本県熊本地方,32°36.9′N,130°40.1′E,13 km,1.4,---
2026/07/29,12:16:08.1,大分県中部,33°15.3′N,131°18.4′E,10 km,1.2,---
2026/07/29,12:16:10.6,熊本県熊本地方,32°38.7′N,130°43.8′E,6 km,0.9,---
2026/07/29,12:17:01.2,熊本県熊本地方,32°34.1′N,130°37.9′E,11 km,1.0,---
2026/07/29,12:17:31.6,熊本県熊本地方,32°43.1′N,130°46.8′E,10 km,0.7,---
2026/07/29,12:18:22.8,熊本県天草・芦北地方,32°27.1′N,130°28.8′E,8 km,0.4,---
2026/07/29,12:19:22.1,熊本県熊本地方,32°39.2′N,130°41.9′E,0 km,1.2,---
2026/07/29,12:19:48.8,熊本県熊本地方,32°37.7′N,130°42.4′E,11 km,1.4,---
2026/07/29,12:20:56.5,熊本県天草・芦北地方,32°28.2′N,130°29.6′E,12 km,1.1,---
2026/07/29,12:21:09.0,熊本県天草・芦北地方,32°25.9′N,130°31.8′E,6 km,1.2,---
2026/07/29,12:21:46.9,愛知県西部,35°21.4′N,136°58.7′E,44 km,0.5,---
2026/07/29,12:21:48.1,岩手県内陸南部,39°03.5′N,140°52.4′E,8 km,1.5,---
2026/07/29,12:21:50.7,熊本県熊本地方,32°44.4′N,130°46.4′E,9 km,0.6,---
2026/07/29,12:22:14.0,熊本県熊本地方,32°39.7′N,130°42.9′E,11 km,0.7,---
2026/07/29,12:23:21.8,熊本県熊本地方,32°30.7′N,130°34.4′E,8 km,0.6,---
2026/07/29,12:24:01.7,熊本県熊本地方,32°33.5′N,130°36.9′E,13 km,1.0,---
2026/07/29,12:24:18.3,熊本県熊本地方,32°37.8′N,130°42.3′E,10 km,0.7,---
2026/07/29,12:25:15.5,熊本県熊本地方,32°37.4′N,130°41.8′E,7 km,2.1,---
2026/07/29,12:25:57.2,熊本県熊本地方,32°33.8′N,130°38.5′E,7 km,1.7,---
2026/07/29,12:27:11.3,熊本県天草・芦北地方,32°30.2′N,130°33.8′E,12 km,1.0,---
2026/07/29,12:27:34.0,熊本県熊本地方,32°46.3′N,130°46.3′E,11 km,0.5,---
2026/07/29,12:28:28.2,熊本県熊本地方,32°29.5′N,130°35.6′E,1 km,1.0,---
2026/07/29,12:29:00.6,熊本県熊本地方,32°34.1′N,130°39.2′E,7 km,0.5,---
2026/07/29,12:30:00.4,熊本県熊本地方,32°31.7′N,130°36.8′E,12 km,0.8,---
2026/07/29,12:30:18.4,熊本県天草・芦北地方,32°28.7′N,130°30.9′E,7 km,0.5,---
2026/07/29,12:30:28.9,熊本県熊本地方,32°35.0′N,130°38.6′E,7 km,0.6,---
2026/07/29,12:31:29.7,熊本県熊本地方,32°33.3′N,130°39.1′E,4 km,1.2,---
2026/07/29,12:32:18.6,熊本県熊本地方,32°39.3′N,130°43.8′E,13 km,1.0,---
2026/07/29,12:33:47.1,熊本県熊本地方,32°29.7′N,130°34.6′E,11 km,1.3,---
2026/07/29,12:34:35.8,熊本県天草・芦北地方,32°26.8′N,130°33.9′E,7 km,3.0,---
2026/07/29,12:35:32.5,熊本県熊本地方,32°29.3′N,130°33.4′E,10 km,1.1,---
2026/07/29,12:36:21.6,和歌山県北部,34°08.8′N,135°12.3′E,4 km,-0.6,---
2026/07/29,12:36:31.1,熊本県熊本地方,32°37.5′N,130°42.7′E,4 km,0.7,---
2026/07/29,12:37:06.3,熊本県天草・芦北地方,32°29.6′N,130°32.1′E,9 km,1.1,---
2026/07/29,12:37:19.7,四国沖,33°21.3′N,134°52.0′E,7 km,1.0,---
2026/07/29,12:37:34.8,熊本県天草・芦北地方,32°27.5′N,130°32.6′E,6 km,1.7,---
2026/07/29,12:38:11.1,熊本県熊本地方,32°46.2′N,130°49.8′E,11 km,0.6,---
2026/07/29,12:38:27.2,静岡県西部,35°05.9′N,137°53.0′E,25 km,0.3,---
2026/07/29,12:38:56.7,熊本県熊本地方,32°29.2′N,130°34.4′E,13 km,0.7,---
2026/07/29,12:39:17.3,熊本県熊本地方,32°34.0′N,130°38.7′E,15 km,0.6,---
2026/07/29,12:39:45.7,熊本県熊本地方,32°35.5′N,130°40.5′E,9 km,2.7,---
2026/07/29,12:42:29.0,熊本県熊本地方,32°33.6′N,130°36.5′E,14 km,0.5,---
2026/07/29,12:43:03.2,熊本県熊本地方,32°38.5′N,130°42.8′E,12 km,0.9,---
2026/07/29,12:44:13.8,大阪湾,34°23.7′N,135°05.6′E,15 km,0.6,---
2026/07/29,12:44:14.4,熊本県熊本地方,32°32.8′N,130°39.2′E,6 km,1.3,---
2026/07/29,12:44:17.0,和歌山県北部,34°04.2′N,135°20.7′E,9 km,-0.1,---
2026/07/29,12:44:33.3,千葉県南部,35°04.6′N,139°55.9′E,75 km,2.0,---
2026/07/29,12:44:49.3,熊本県熊本地方,32°31.5′N,130°35.3′E,14 km,0.8,---
2026/07/29,12:45:11.7,熊本県熊本地方,32°33.4′N,130°35.6′E,0 km,0.5,---
2026/07/29,12:45:41.1,熊本県熊本地方,32°32.6′N,130°39.2′E,2 km,1.4,---
2026/07/29,12:46:03.7,熊本県天草・芦北地方,32°27.2′N,130°32.3′E,12 km,1.3,---
2026/07/29,12:46:44.8,熊本県熊本地方,32°34.5′N,130°38.3′E,10 km,0.8,---
2026/07/29,12:46:56.3,宮城県沖,37°51.3′N,141°57.6′E,16 km,1.4,---
2026/07/29,12:46:57.7,熊本県天草・芦北地方,32°37.1′N,130°39.0′E,15 km,1.5,---
2026/07/29,12:47:06.3,静岡県中部,35°06.8′N,138°10.1′E,18 km,0.1,---
2026/07/29,12:47:22.0,熊本県熊本地方,32°39.0′N,130°42.3′E,14 km,0.9,---
2026/07/29,12:47:44.7,熊本県熊本地方,32°30.8′N,130°35.3′E,9 km,0.9,---
2026/07/29,12:47:59.4,熊本県熊本地方,32°42.6′N,130°45.8′E,10 km,0.9,---
2026/07/29,12:48:22.1,熊本県天草・芦北地方,32°30.8′N,130°33.1′E,13 km,1.1,---
2026/07/29,12:48:38.9,宮城県沖,38°43.6′N,141°38.0′E,69 km,1.0,---
2026/07/29,12:48:42.5,熊本県熊本地方,32°39.2′N,130°44.4′E,15 km,0.8,---
2026/07/29,12:49:38.5,熊本県天草・芦北地方,32°24.9′N,130°28.8′E,8 km,1.2,---
2026/07/29,12:52:18.5,熊本県天草・芦北地方,32°27.3′N,130°32.7′E,9 km,3.1,---
2026/07/29,12:53:31.6,熊本県熊本地方,32°34.6′N,130°37.3′E,12 km,0.8,---
2026/07/29,12:54:01.3,熊本県天草・芦北地方,32°29.1′N,130°31.2′E,8 km,0.8,---
2026/07/29,12:54:10.4,熊本県熊本地方,32°32.0′N,130°35.0′E,0 km,0.6,---
2026/07/29,12:54:30.5,福島県沖,36°48.1′N,141°44.7′E,21 km,0.9,---
2026/07/29,12:55:04.5,熊本県天草・芦北地方,32°26.5′N,130°34.1′E,0 km,1.5,---
2026/07/29,12:55:58.2,熊本県熊本地方,32°32.4′N,130°39.2′E,6 km,2.3,---
2026/07/29,12:56:46.2,熊本県天草・芦北地方,32°27.3′N,130°30.5′E,9 km,1.1,---
2026/07/29,12:57:19.2,熊本県熊本地方,32°38.6′N,130°42.4′E,11 km,0.9,---
2026/07/29,12:57:24.9,大分県西部,33°16.0′N,131°18.7′E,10 km,0.9,---
2026/07/29,12:57:34.2,熊本県天草・芦北地方,32°25.7′N,130°29.4′E,4 km,1.0,---
2026/07/29,12:57:39.3,岩手県沖,40°22.7′N,142°29.6′E,29 km,1.6,---
2026/07/29,12:58:03.7,熊本県熊本地方,32°39.4′N,130°43.8′E,13 km,0.9,---
2026/07/29,12:58:56.2,熊本県天草・芦北地方,32°27.2′N,130°30.7′E,3 km,1.0,---
2026/07/29,12:59:24.1,熊本県熊本地方,32°38.4′N,130°43.8′E,3 km,2.1,---
2026/07/29,12:59:52.0,熊本県天草・芦北地方,32°29.6′N,130°31.9′E,10 km,1.8,---
2026/07/29,13:00:06.5,熊本県熊本地方,32°34.3′N,130°39.3′E,9 km,1.9,---
2026/07/29,13:00:37.4,熊本県熊本地方,32°35.0′N,130°42.2′E,10 km,0.6,---
2026/07/29,13:01:06.0,熊本県熊本地方,32°38.9′N,130°42.1′E,14 km,0.7,---
2026/07/29,13:01:06.9,熊本県天草・芦北地方,32°24.4′N,130°29.1′E,10 km,1.3,---
2026/07/29,13:01:52.5,熊本県熊本地方,32°40.7′N,130°42.4′E,14 km,1.9,---
2026/07/29,13:02:33.1,熊本県熊本地方,32°36.1′N,130°41.5′E,6 km,1.0,---
2026/07/29,13:02:55.8,熊本県熊本地方,32°31.9′N,130°36.0′E,10 km,0.8,---
2026/07/29,13:03:07.3,熊本県熊本地方,32°35.1′N,130°41.6′E,7 km,1.0,---
2026/07/29,13:03:30.3,熊本県熊本地方,32°39.3′N,130°43.4′E,10 km,1.4,---
2026/07/29,13:03:30.9,三陸沖,39°20.8′N,143°45.3′E,16 km,1.2,---
2026/07/29,13:03:50.0,熊本県熊本地方,32°40.5′N,130°45.6′E,10 km,1.3,---
2026/07/29,13:04:22.5,熊本県熊本地方,32°38.6′N,130°43.9′E,12 km,0.6,---
2026/07/29,13:04:45.3,熊本県天草・芦北地方,32°23.0′N,130°29.1′E,7 km,0.5,---
2026/07/29,13:05:03.0,熊本県熊本地方,32°29.3′N,130°34.5′E,7 km,1.8,---
2026/07/29,13:05:32.6,熊本県熊本地方,32°31.8′N,130°36.6′E,14 km,1.0,---
2026/07/29,13:06:12.3,熊本県熊本地方,32°42.2′N,130°45.5′E,9 km,2.3,---
2026/07/29,13:07:08.2,熊本県天草・芦北地方,32°26.0′N,130°32.3′E,5 km,1.7,---
2026/07/29,13:07:28.0,熊本県熊本地方,32°31.9′N,130°34.5′E,7 km,不明,---
2026/07/29,13:07:45.8,熊本県天草・芦北地方,32°24.5′N,130°28.2′E,7 km,1.2,---
2026/07/29,13:08:04.1,熊本県熊本地方,32°30.5′N,130°35.6′E,6 km,1.7,---
2026/07/29,13:08:32.6,熊本県熊本地方,32°38.5′N,130°41.4′E,15 km,1.4,---
2026/07/29,13:08:58.5,熊本県熊本地方,32°38.2′N,130°43.3′E,8 km,0.5,---
2026/07/29,13:09:10.8,熊本県熊本地方,32°28.1′N,130°36.2′E,11 km,3.3,---
2026/07/29,13:10:16.0,熊本県天草・芦北地方,32°28.8′N,130°31.5′E,10 km,1.4,---
2026/07/29,13:10:17.7,熊本県熊本地方,32°41.8′N,130°45.1′E,11 km,1.3,---
2026/07/29,13:10:52.3,熊本県天草・芦北地方,32°30.0′N,130°33.2′E,9 km,1.3,---
2026/07/29,13:11:06.2,熊本県天草・芦北地方,32°25.6′N,130°31.3′E,10 km,1.5,---
2026/07/29,13:11:28.1,熊本県熊本地方,32°28.9′N,130°35.3′E,13 km,0.9,---
2026/07/29,13:11:56.0,熊本県熊本地方,32°33.1′N,130°39.9′E,7 km,1.7,---
2026/07/29,13:12:21.0,熊本県天草・芦北地方,32°30.6′N,130°32.5′E,14 km,1.5,---
2026/07/29,13:12:27.7,熊本県熊本地方,32°35.6′N,130°39.2′E,13 km,1.6,---
2026/07/29,13:12:49.1,熊本県天草・芦北地方,32°26.3′N,130°30.7′E,13 km,1.2,---
2026/07/29,13:13:00.4,熊本県熊本地方,32°28.0′N,130°36.0′E,12 km,3.5,---
2026/07/29,13:13:23.5,房総半島南方沖,34°32.1′N,140°08.9′E,62 km,2.3,---
2026/07/29,13:14:22.5,熊本県天草・芦北地方,32°26.3′N,130°30.5′E,14 km,1.3,---
2026/07/29,13:14:22.8,岐阜県飛騨地方,36°20.4′N,137°38.3′E,5 km,0.3,---
2026/07/29,13:14:56.2,熊本県熊本地方,32°33.7′N,130°39.1′E,7 km,1.0,---
2026/07/29,13:15:26.4,熊本県熊本地方,32°39.0′N,130°44.4′E,9 km,0.7,---
2026/07/29,13:15:37.8,和歌山県南方沖,33°02.7′N,135°51.5′E,29 km,1.4,---
2026/07/29,13:15:46.0,熊本県熊本地方,32°39.1′N,130°43.4′E,8 km,1.1,---
2026/07/29,13:16:10.5,熊本県熊本地方,32°37.6′N,130°42.4′E,9 km,0.8,---
2026/07/29,13:16:13.6,長野県南部,35°56.6′N,137°38.8′E,6 km,0.4,---
2026/07/29,13:16:36.7,青森県東方沖,40°51.0′N,143°02.3′E,12 km,0.9,---
2026/07/29,13:16:36.8,熊本県熊本地方,32°29.3′N,130°34.6′E,8 km,2.0,---
2026/07/29,13:17:05.0,熊本県熊本地方,32°43.8′N,130°46.0′E,9 km,2.0,---
2026/07/29,13:17:40.5,熊本県熊本地方,32°39.5′N,130°41.6′E,13 km,1.5,---
2026/07/29,13:18:22.9,熊本県熊本地方,32°32.3′N,130°36.6′E,10 km,1.4,---
2026/07/29,13:18:47.6,熊本県熊本地方,32°37.4′N,130°43.5′E,5 km,1.5,---
2026/07/29,13:19:27.5,熊本県熊本地方,32°29.4′N,130°34.8′E,4 km,0.8,---
2026/07/29,13:19:37.7,熊本県天草・芦北地方,32°28.5′N,130°33.6′E,0 km,1.7,---
2026/07/29,13:20:10.7,熊本県熊本地方,32°40.9′N,130°46.0′E,6 km,1.1,---
2026/07/29,13:20:22.7,熊本県天草・芦北地方,32°35.4′N,130°36.2′E,17 km,1.4,---
2026/07/29,13:20:51.3,熊本県熊本地方,32°28.1′N,130°35.1′E,12 km,1.0,---
2026/07/29,13:21:04.3,与那国島近海,24°16.7′N,123°22.4′E,53 km,1.2,---
2026/07/29,13:21:05.7,熊本県熊本地方,32°30.0′N,130°36.0′E,11 km,1.2,---
2026/07/29,13:21:07.8,熊本県熊本地方,32°41.9′N,130°46.3′E,10 km,1.0,---
2026/07/29,13:21:26.6,熊本県熊本地方,32°33.5′N,130°40.6′E,1 km,1.5,---
2026/07/29,13:21:49.9,熊本県天草・芦北地方,32°27.2′N,130°32.9′E,7 km,2.3,---
2026/07/29,13:22:14.0,奄美大島近海,28°12.2′N,129°34.1′E,31 km,1.1,---
2026/07/29,13:22:20.6,熊本県熊本地方,32°28.4′N,130°35.6′E,0 km,1.0,---
2026/07/29,13:22:33.0,熊本県熊本地方,32°38.5′N,130°43.6′E,10 km,1.0,---
2026/07/29,13:23:08.1,熊本県熊本地方,32°33.9′N,130°40.3′E,9 km,1.5,---
2026/07/29,13:23:09.4,秋田県沖,39°52.3′N,139°58.7′E,15 km,0.7,---
2026/07/29,13:23:48.5,熊本県熊本地方,32°28.1′N,130°36.2′E,11 km,2.2,---
2026/07/29,13:24:35.9,熊本県熊本地方,32°37.7′N,130°42.0′E,9 km,0.9,---
2026/07/29,13:25:23.9,熊本県熊本地方,32°35.5′N,130°38.0′E,10 km,0.8,---
2026/07/29,13:25:39.3,岩手県内陸南部,39°15.6′N,141°22.1′E,12 km,0.3,---
2026/07/29,13:25:48.5,熊本県熊本地方,32°39.4′N,130°43.1′E,9 km,1.4,---
2026/07/29,13:26:08.7,熊本県天草・芦北地方,32°28.7′N,130°30.9′E,11 km,1.3,---
2026/07/29,13:26:49.2,熊本県熊本地方,32°31.9′N,130°34.2′E,11 km,1.2,---
2026/07/29,13:27:08.5,熊本県熊本地方,32°33.5′N,130°37.9′E,14 km,1.8,---
2026/07/29,13:28:02.4,茨城県沖,36°44.8′N,140°59.7′E,45 km,1.1,---
2026/07/29,13:28:15.0,熊本県熊本地方,32°33.8′N,130°40.7′E,10 km,0.5,---
2026/07/29,13:28:21.8,京都府南部,35°03.0′N,135°32.7′E,12 km,1.0,---
2026/07/29,13:29:17.5,熊本県天草・芦北地方,32°29.2′N,130°31.8′E,11 km,0.7,---
2026/07/29,13:29:29.9,熊本県天草・芦北地方,32°25.5′N,130°31.6′E,13 km,2.9,---
2026/07/29,13:29:36.3,与那国島近海,23°57.3′N,122°26.4′E,22 km,3.3,---
2026/07/29,13:30:05.8,福島県沖,37°40.6′N,141°42.1′E,51 km,1.0,---
2026/07/29,13:31:08.8,熊本県熊本地方,32°43.9′N,130°46.8′E,9 km,0.8,---
2026/07/29,13:31:59.5,熊本県天草・芦北地方,32°25.3′N,130°31.8′E,12 km,1.4,---
2026/07/29,13:33:19.8,熊本県熊本地方,32°34.1′N,130°40.2′E,4 km,2.9,---
2026/07/29,13:34:15.8,熊本県熊本地方,32°43.7′N,130°46.2′E,10 km,2.3,---
2026/07/29,13:34:59.5,熊本県天草・芦北地方,32°30.7′N,130°32.9′E,12 km,1.4,---
2026/07/29,13:35:40.3,青森県東方沖,41°34.5′N,142°06.4′E,53 km,1.6,---
2026/07/29,13:36:14.3,熊本県天草・芦北地方,32°27.9′N,130°34.0′E,2 km,2.1,---
2026/07/29,13:37:16.9,熊本県熊本地方,32°31.5′N,130°35.5′E,9 km,1.2,---
2026/07/29,13:39:23.4,熊本県天草・芦北地方,32°28.4′N,130°33.3′E,6 km,1.6,---
2026/07/29,13:39:55.2,熊本県熊本地方,32°43.9′N,130°46.0′E,9 km,1.2,---
2026/07/29,13:40:28.4,千葉県南東沖,34°38.3′N,140°08.8′E,60 km,1.9,---
2026/07/29,13:41:08.7,熊本県熊本地方,32°43.6′N,130°46.6′E,11 km,0.9,---
2026/07/29,13:41:54.6,熊本県熊本地方,32°40.6′N,130°43.6′E,11 km,1.1,---
2026/07/29,13:42:47.2,熊本県天草・芦北地方,32°30.5′N,130°32.7′E,11 km,1.3,---
2026/07/29,13:43:29.2,熊本県天草・芦北地方,32°24.5′N,130°27.9′E,11 km,1.8,---
2026/07/29,13:44:13.1,熊本県熊本地方,32°39.5′N,130°43.8′E,9 km,1.3,---
2026/07/29,13:45:17.3,熊本県天草・芦北地方,32°27.2′N,130°34.0′E,5 km,1.2,---
2026/07/29,13:46:24.7,熊本県熊本地方,32°43.5′N,130°46.7′E,9 km,0.6,---
2026/07/29,13:47:18.0,天草灘,31°59.0′N,130°11.4′E,3 km,1.4,---
2026/07/29,13:47:30.4,茨城県北部,36°28.0′N,140°36.0′E,53 km,1.4,---
2026/07/29,13:47:43.2,熊本県熊本地方,32°37.9′N,130°41.4′E,13 km,0.9,---
2026/07/29,13:48:03.7,土佐湾,33°10.5′N,134°01.2′E,25 km,0.6,---
2026/07/29,13:48:12.0,熊本県天草・芦北地方,32°28.1′N,130°34.1′E,2 km,1.5,---
2026/07/29,13:48:46.6,熊本県熊本地方,32°29.3′N,130°37.6′E,9 km,1.0,---
2026/07/29,13:49:14.1,熊本県熊本地方,32°41.0′N,130°45.7′E,15 km,1.7,---
2026/07/29,13:49:31.6,岐阜県美濃中西部,35°26.5′N,136°47.3′E,8 km,0.3,---
2026/07/29,13:50:05.7,熊本県熊本地方,32°38.4′N,130°40.7′E,14 km,2.1,---
2026/07/29,13:50:45.2,天草灘,31°59.1′N,130°11.3′E,3 km,2.2,---
2026/07/29,13:53:01.5,熊本県熊本地方,32°39.5′N,130°43.9′E,10 km,1.5,---
2026/07/29,13:53:48.2,鹿児島県薩摩地方,32°12.5′N,130°11.3′E,10 km,0.5,---
2026/07/29,13:53:59.2,岩手県沖,40°13.6′N,142°20.5′E,10 km,1.9,---
2026/07/29,13:54:05.2,トカラ列島近海,29°37.1′N,129°43.8′E,19 km,1.3,---
2026/07/29,13:54:10.8,茨城県沖,36°16.0′N,141°06.3′E,36 km,2.9,---
2026/07/29,13:54:47.9,熊本県熊本地方,32°29.3′N,130°35.1′E,6 km,2.2,---
2026/07/29,13:55:33.0,千葉県南部,35°11.4′N,140°00.9′E,36 km,0.9,---
2026/07/29,13:56:20.6,熊本県天草・芦北地方,32°27.1′N,130°32.4′E,4 km,1.1,---
2026/07/29,13:56:39.3,熊本県天草・芦北地方,32°28.5′N,130°31.4′E,10 km,2.4,---
2026/07/29,13:57:27.6,熊本県天草・芦北地方,32°29.5′N,130°31.0′E,10 km,1.6,---
2026/07/29,13:58:21.4,熊本県熊本地方,32°35.5′N,130°41.3′E,2 km,0.8,---
2026/07/29,13:59:02.6,熊本県熊本地方,32°35.2′N,130°41.1′E,7 km,1.3,---
2026/07/29,14:00:03.5,熊本県天草・芦北地方,32°19.3′N,130°21.7′E,14 km,0.3,---
2026/07/29,14:00:22.6,熊本県熊本地方,32°34.2′N,130°37.7′E,12 km,1.2,---
2026/07/29,14:01:42.5,熊本県熊本地方,32°32.3′N,130°38.7′E,3 km,0.9,---
2026/07/29,14:02:12.4,熊本県熊本地方,32°33.9′N,130°37.0′E,14 km,0.5,---
2026/07/29,14:02:38.9,三陸沖,40°11.5′N,143°12.5′E,4 km,1.2,---
2026/07/29,14:02:46.1,熊本県熊本地方,32°29.9′N,130°34.5′E,11 km,1.1,---
2026/07/29,14:03:08.9,熊本県天草・芦北地方,32°15.7′N,130°28.2′E,9 km,0.6,---
2026/07/29,14:03:15.6,熊本県熊本地方,32°35.6′N,130°42.7′E,4 km,1.1,---
2026/07/29,14:03:48.1,熊本県熊本地方,32°30.3′N,130°34.5′E,14 km,1.1,---
2026/07/29,14:03:56.5,熊本県熊本地方,32°34.9′N,130°38.3′E,9 km,1.3,---
2026/07/29,14:04:18.5,熊本県熊本地方,32°31.7′N,130°35.8′E,15 km,2.7,---
2026/07/29,14:05:15.0,熊本県熊本地方,32°37.7′N,130°43.5′E,9 km,0.9,---
2026/07/29,14:06:08.3,熊本県熊本地方,32°37.7′N,130°42.9′E,7 km,1.3,---
2026/07/29,14:06:13.0,広島県南西部,34°19.3′N,132°14.0′E,12 km,0.5,---
2026/07/29,14:06:33.2,熊本県熊本地方,32°33.2′N,130°38.0′E,7 km,1.7,---
2026/07/29,14:07:30.0,熊本県熊本地方,32°31.5′N,130°36.9′E,1 km,1.4,---
2026/07/29,14:07:44.3,熊本県熊本地方,32°31.0′N,130°35.0′E,8 km,1.6,---
2026/07/29,14:08:36.0,熊本県天草・芦北地方,32°27.5′N,130°32.1′E,8 km,0.8,---
2026/07/29,14:08:52.8,京都府南部,34°57.9′N,135°40.8′E,12 km,0.8,---
2026/07/29,14:09:09.1,熊本県熊本地方,32°30.7′N,130°34.9′E,10 km,0.8,---
2026/07/29,14:09:38.1,熊本県熊本地方,32°32.7′N,130°38.8′E,6 km,1.2,---
2026/07/29,14:10:29.4,熊本県熊本地方,32°31.8′N,130°38.2′E,6 km,0.2,---
2026/07/29,14:10:59.0,熊本県熊本地方,32°39.1′N,130°43.0′E,8 km,1.3,---
2026/07/29,14:11:08.5,熊本県熊本地方,32°38.7′N,130°43.8′E,7 km,1.2,---
2026/07/29,14:11:26.2,熊本県熊本地方,32°40.4′N,130°42.8′E,13 km,1.8,---
2026/07/29,14:12:08.5,和歌山県南部,33°53.4′N,135°37.4′E,43 km,0.0,---
2026/07/29,14:12:51.6,福島県沖,37°24.8′N,143°51.1′E,28 km,1.4,---
2026/07/29,14:14:20.3,熊本県熊本地方,32°40.3′N,130°42.4′E,14 km,2.0,---
2026/07/29,14:15:20.6,熊本県熊本地方,32°30.9′N,130°35.3′E,8 km,0.7,---
2026/07/29,14:15:52.3,秋田県内陸北部,40°15.0′N,140°50.8′E,8 km,0.4,---
2026/07/29,14:15:59.3,熊本県熊本地方,32°29.2′N,130°34.5′E,0 km,1.5,---
2026/07/29,14:16:14.0,福島県沖,37°26.8′N,141°34.8′E,46 km,1.5,---
2026/07/29,14:16:31.0,長野県南部,35°35.8′N,138°05.0′E,12 km,0.3,---
2026/07/29,14:16:47.7,熊本県天草・芦北地方,32°27.1′N,130°32.3′E,14 km,2.1,---
2026/07/29,14:17:44.9,大分県中部,33°15.6′N,131°18.5′E,8 km,0.7,---
2026/07/29,14:18:28.5,熊本県天草・芦北地方,32°27.8′N,130°29.4′E,12 km,1.2,---
2026/07/29,14:19:03.5,熊本県熊本地方,32°31.9′N,130°35.4′E,12 km,1.9,---
2026/07/29,14:19:23.1,熊本県熊本地方,32°43.6′N,130°46.8′E,14 km,1.2,---
2026/07/29,14:19:58.6,熊本県熊本地方,32°35.3′N,130°41.3′E,7 km,0.5,---
2026/07/29,14:20:50.8,和歌山県南方沖,32°59.9′N,136°31.2′E,35 km,1.5,---
2026/07/29,14:21:07.2,天草灘,31°59.3′N,130°11.5′E,3 km,1.3,---
2026/07/29,14:21:09.0,有明海,32°48.2′N,130°24.8′E,4 km,0.2,---
2026/07/29,14:21:18.0,熊本県熊本地方,32°37.7′N,130°41.9′E,11 km,1.0,---
2026/07/29,14:21:41.5,熊本県熊本地方,32°35.4′N,130°41.3′E,6 km,1.0,---
2026/07/29,14:21:49.2,熊本県熊本地方,32°36.2′N,130°41.2′E,7 km,2.6,---
2026/07/29,14:22:40.4,熊本県熊本地方,32°43.7′N,130°46.5′E,10 km,0.7,---
2026/07/29,14:23:02.0,熊本県熊本地方,32°40.5′N,130°44.5′E,11 km,0.5,---
2026/07/29,14:23:22.6,熊本県熊本地方,32°28.4′N,130°35.7′E,9 km,1.2,---
2026/07/29,14:23:39.6,奄美大島北東沖,29°38.8′N,130°18.8′E,52 km,1.4,---
2026/07/29,14:23:49.2,三重県南東沖,34°04.9′N,136°43.4′E,27 km,1.3,---
2026/07/29,14:23:54.6,熊本県熊本地方,32°38.4′N,130°42.2′E,12 km,1.6,---
2026/07/29,14:24:19.8,熊本県天草・芦北地方,32°28.1′N,130°30.4′E,11 km,1.4,---
2026/07/29,14:25:01.4,熊本県熊本地方,32°31.4′N,130°35.7′E,12 km,1.0,---
2026/07/29,14:26:29.6,沖縄本島近海,27°41.5′N,128°33.4′E,16 km,1.3,---
2026/07/29,14:26:47.7,熊本県熊本地方,32°31.3′N,130°34.7′E,11 km,1.8,---
2026/07/29,14:27:29.4,熊本県熊本地方,32°44.7′N,130°46.9′E,9 km,0.4,---
2026/07/29,14:28:18.7,熊本県熊本地方,32°39.3′N,130°41.7′E,12 km,1.7,---
2026/07/29,14:28:58.2,熊本県天草・芦北地方,32°29.3′N,130°32.1′E,8 km,0.3,---
2026/07/29,14:29:15.0,熊本県熊本地方,32°30.0′N,130°35.1′E,7 km,1.4,---
2026/07/29,14:29:29.0,福島県沖,37°20.8′N,142°21.0′E,10 km,1.5,---
2026/07/29,14:29:32.0,熊本県熊本地方,32°30.1′N,130°34.2′E,9 km,1.4,---
2026/07/29,14:29:48.8,熊本県熊本地方,32°28.1′N,130°36.0′E,6 km,1.7,---
2026/07/29,14:30:03.8,島根県東部,34°59.2′N,132°45.9′E,10 km,0.7,---
2026/07/29,14:30:46.6,熊本県熊本地方,32°40.7′N,130°44.0′E,10 km,1.2,---
2026/07/29,14:32:49.1,熊本県熊本地方,32°42.1′N,130°45.8′E,10 km,0.6,---
2026/07/29,14:33:40.5,熊本県天草・芦北地方,32°29.1′N,130°31.7′E,12 km,1.5,---
2026/07/29,14:35:04.0,熊本県熊本地方,32°33.4′N,130°36.8′E,11 km,0.9,---
2026/07/29,14:36:11.2,熊本県熊本地方,32°39.0′N,130°45.0′E,6 km,1.8,---
2026/07/29,14:36:47.2,宮城県沖,38°00.7′N,142°38.2′E,16 km,1.1,---
2026/07/29,14:38:32.3,熊本県熊本地方,32°43.5′N,130°46.3′E,9 km,0.2,---
2026/07/29,14:39:35.6,熊本県熊本地方,32°42.1′N,130°45.4′E,9 km,0.6,---
2026/07/29,14:40:14.2,熊本県熊本地方,32°31.5′N,130°35.3′E,10 km,1.1,---
2026/07/29,14:41:07.7,熊本県熊本地方,32°33.4′N,130°37.6′E,5 km,1.1,---
2026/07/29,14:41:49.2,熊本県熊本地方,32°30.1′N,130°37.8′E,11 km,0.8,---
2026/07/29,14:41:52.5,石川県能登地方,37°19.7′N,136°51.5′E,12 km,1.5,---
2026/07/29,14:43:17.0,熊本県天草・芦北地方,32°23.8′N,130°28.1′E,8 km,2.1,---
2026/07/29,14:44:01.6,熊本県天草・芦北地方,32°26.2′N,130°33.0′E,5 km,1.5,---
2026/07/29,14:45:17.5,熊本県天草・芦北地方,32°26.1′N,130°34.1′E,10 km,1.5,---
2026/07/29,14:46:09.6,熊本県熊本地方,32°42.5′N,130°46.5′E,11 km,0.9,---
2026/07/29,14:46:53.4,熊本県熊本地方,32°39.5′N,130°42.6′E,12 km,1.2,---
2026/07/29,14:47:12.8,熊本県熊本地方,32°31.5′N,130°36.7′E,8 km,0.6,---
2026/07/29,14:47:39.7,熊本県熊本地方,32°41.2′N,130°44.4′E,10 km,1.3,---
2026/07/29,14:48:20.5,熊本県熊本地方,32°36.5′N,130°41.9′E,8 km,1.9,---
2026/07/29,14:48:49.3,熊本県熊本地方,32°34.9′N,130°38.5′E,10 km,1.0,---
2026/07/29,14:49:07.8,熊本県熊本地方,32°42.5′N,130°45.9′E,7 km,0.9,---
2026/07/29,14:49:33.4,熊本県天草・芦北地方,32°25.0′N,130°31.5′E,11 km,0.7,---
2026/07/29,14:50:03.2,熊本県熊本地方,32°29.6′N,130°34.0′E,12 km,0.5,---
2026/07/29,14:50:57.0,熊本県熊本地方,32°33.5′N,130°38.1′E,6 km,0.6,---
2026/07/29,14:51:48.9,熊本県熊本地方,32°38.7′N,130°42.0′E,15 km,1.2,---
2026/07/29,14:51:59.8,福島県中通り,37°56.3′N,140°25.1′E,111 km,2.5,---
2026/07/29,14:52:22.3,熊本県熊本地方,32°39.3′N,130°43.5′E,9 km,2.8,---
2026/07/29,14:54:01.8,熊本県天草・芦北地方,32°19.2′N,130°24.3′E,8 km,0.5,---
2026/07/29,14:54:42.3,浦河沖,41°37.9′N,142°08.9′E,44 km,2.0,---
2026/07/29,14:54:54.3,熊本県熊本地方,32°39.2′N,130°42.1′E,13 km,0.7,---
2026/07/29,14:55:41.5,熊本県熊本地方,32°41.2′N,130°44.6′E,10 km,1.9,---
2026/07/29,14:57:57.0,鹿児島県薩摩地方,32°11.2′N,130°19.2′E,6 km,0.3,---
2026/07/29,14:57:57.1,鹿児島県薩摩地方,32°10.7′N,130°19.2′E,4 km,0.3,---
2026/07/29,14:58:24.8,熊本県熊本地方,32°39.8′N,130°42.9′E,7 km,1.0,---
2026/07/29,14:59:00.1,熊本県熊本地方,32°32.2′N,130°39.5′E,3 km,0.3,---
2026/07/29,14:59:25.2,熊本県熊本地方,32°33.4′N,130°39.3′E,6 km,1.2,---
2026/07/29,14:59:59.4,熊本県熊本地方,32°31.7′N,130°36.4′E,9 km,1.7,---
2026/07/29,15:00:31.5,釧路沖,43°07.4′N,145°23.8′E,92 km,1.6,---
2026/07/29,15:00:33.2,熊本県熊本地方,32°41.2′N,130°45.3′E,10 km,0.9,---
2026/07/29,15:00:49.2,熊本県熊本地方,32°30.5′N,130°35.4′E,8 km,1.8,---
2026/07/29,15:01:26.3,熊本県熊本地方,32°37.5′N,130°43.3′E,8 km,0.6,---
2026/07/29,15:01:44.9,福島県中通り,37°03.9′N,140°25.6′E,10 km,0.5,---
2026/07/29,15:01:58.1,熊本県熊本地方,32°39.0′N,130°45.8′E,10 km,2.4,---
2026/07/29,15:02:56.7,熊本県熊本地方,32°34.2′N,130°39.4′E,8 km,0.5,---
2026/07/29,15:03:36.6,熊本県熊本地方,32°39.4′N,130°43.5′E,16 km,0.7,---
2026/07/29,15:03:42.6,熊本県熊本地方,32°34.1′N,130°37.2′E,12 km,1.2,---
2026/07/29,15:05:15.4,熊本県天草・芦北地方,32°24.8′N,130°30.6′E,0 km,0.3,---
2026/07/29,15:05:49.0,熊本県熊本地方,32°37.9′N,130°41.5′E,12 km,1.2,---
2026/07/29,15:06:23.6,熊本県天草・芦北地方,32°28.2′N,130°30.4′E,9 km,0.3,---
2026/07/29,15:06:46.0,熊本県熊本地方,32°35.6′N,130°40.8′E,7 km,0.8,---
2026/07/29,15:06:59.5,熊本県熊本地方,32°34.9′N,130°37.6′E,14 km,0.8,---
2026/07/29,15:07:32.9,熊本県天草・芦北地方,32°26.6′N,130°29.7′E,8 km,0.3,---
2026/07/29,15:07:37.2,天草灘,31°59.0′N,130°11.7′E,3 km,-0.6,---
2026/07/29,15:08:24.7,熊本県熊本地方,32°35.4′N,130°42.0′E,5 km,1.7,---
2026/07/29,15:09:24.0,熊本県熊本地方,32°43.1′N,130°44.6′E,17 km,0.1,---
2026/07/29,15:09:31.1,静岡県西部,35°01.0′N,137°48.8′E,23 km,0.3,---
2026/07/29,15:09:56.6,熊本県熊本地方,32°42.5′N,130°46.1′E,12 km,0.8,---
2026/07/29,15:10:26.4,熊本県熊本地方,32°30.3′N,130°35.9′E,8 km,1.0,---
2026/07/29,15:10:32.6,熊本県天草・芦北地方,32°30.3′N,130°32.8′E,7 km,1.3,---
2026/07/29,15:10:44.5,熊本県天草・芦北地方,32°28.7′N,130°31.5′E,7 km,0.9,---
2026/07/29,15:11:26.9,熊本県熊本地方,32°37.2′N,130°42.9′E,9 km,0.6,---
2026/07/29,15:11:58.1,兵庫県南東部,34°59.9′N,134°58.7′E,9 km,0.5,---
2026/07/29,15:12:04.7,大分県中部,33°15.5′N,131°18.6′E,9 km,1.0,---
2026/07/29,15:12:09.9,熊本県熊本地方,32°29.1′N,130°34.1′E,5 km,1.8,---
2026/07/29,15:12:34.5,沖縄本島北西沖,28°04.2′N,128°00.0′E,14 km,1.8,---
2026/07/29,15:12:53.1,熊本県天草・芦北地方,32°29.4′N,130°32.4′E,12 km,1.2,---
2026/07/29,15:13:35.8,熊本県天草・芦北地方,32°29.3′N,130°31.2′E,6 km,0.4,---
2026/07/29,15:14:23.8,熊本県熊本地方,32°32.1′N,130°35.5′E,8 km,0.6,---
2026/07/29,15:15:04.8,関東東方沖,34°31.6′N,141°33.5′E,3 km,1.7,---
2026/07/29,15:15:14.9,熊本県熊本地方,32°37.2′N,130°41.4′E,9 km,1.4,---
2026/07/29,15:15:26.0,熊本県熊本地方,32°42.6′N,130°46.6′E,8 km,2.0,---
2026/07/29,15:15:52.9,熊本県天草・芦北地方,32°18.5′N,130°30.3′E,5 km,1.9,---
2026/07/29,15:16:14.4,熊本県熊本地方,32°32.2′N,130°36.0′E,6 km,1.8,---
2026/07/29,15:16:37.7,和歌山県南部,33°39.2′N,135°50.2′E,37 km,0.4,---
2026/07/29,15:16:43.0,熊本県天草・芦北地方,32°26.6′N,130°32.4′E,0 km,1.0,---
2026/07/29,15:18:02.2,熊本県熊本地方,32°39.4′N,130°42.1′E,13 km,0.9,---
2026/07/29,15:18:09.8,熊本県熊本地方,32°40.8′N,130°43.8′E,12 km,0.7,---
2026/07/29,15:19:00.3,熊本県天草・芦北地方,32°24.0′N,130°28.6′E,10 km,0.7,---
2026/07/29,15:19:57.8,熊本県熊本地方,32°44.8′N,130°47.6′E,8 km,1.4,---
2026/07/29,15:20:42.7,熊本県熊本地方,32°35.1′N,130°41.1′E,6 km,0.3,---
2026/07/29,15:20:55.7,愛媛県南予,33°33.1′N,132°30.0′E,41 km,0.9,---
2026/07/29,15:20:55.8,熊本県熊本地方,32°44.8′N,130°48.1′E,4 km,0.3,---
2026/07/29,15:21:04.8,福島県沖,37°31.2′N,142°02.8′E,37 km,0.5,---
2026/07/29,15:21:22.6,和歌山県北部,34°04.1′N,135°18.6′E,10 km,0.1,---
2026/07/29,15:21:59.5,宮城県沖,38°11.4′N,141°09.6′E,70 km,2.2,---
2026/07/29,15:22:15.0,熊本県熊本地方,32°25.4′N,130°33.4′E,12 km,0.9,---
2026/07/29,15:23:03.4,熊本県熊本地方,32°34.8′N,130°41.2′E,11 km,0.5,---
2026/07/29,15:23:33.7,熊本県熊本地方,32°35.6′N,130°38.8′E,11 km,2.1,---
2026/07/29,15:24:10.8,熊本県熊本地方,32°35.4′N,130°42.6′E,9 km,0.2,---
2026/07/29,15:24:34.7,トカラ列島近海,28°30.8′N,128°58.5′E,78 km,3.2,---
2026/07/29,15:24:38.7,熊本県熊本地方,32°34.2′N,130°37.5′E,11 km,0.8,---
2026/07/29,15:25:27.5,熊本県熊本地方,32°38.6′N,130°43.1′E,12 km,0.9,---
2026/07/29,15:25:35.3,熊本県熊本地方,32°35.5′N,130°39.6′E,12 km,0.9,---
2026/07/29,15:25:50.9,熊本県熊本地方,32°32.5′N,130°36.4′E,11 km,1.2,---
2026/07/29,15:26:11.6,熊本県天草・芦北地方,32°23.0′N,130°27.4′E,6 km,0.6,---
2026/07/29,15:26:19.5,熊本県天草・芦北地方,32°29.9′N,130°32.3′E,10 km,1.1,---
2026/07/29,15:26:28.8,熊本県天草・芦北地方,32°28.2′N,130°33.4′E,1 km,1.3,---
2026/07/29,15:26:50.3,熊本県熊本地方,32°35.9′N,130°40.1′E,10 km,0.8,---
2026/07/29,15:27:21.3,熊本県熊本地方,32°29.5′N,130°33.9′E,14 km,0.3,---
2026/07/29,15:27:45.3,熊本県熊本地方,32°38.4′N,130°42.4′E,12 km,0.6,---
2026/07/29,15:28:11.1,熊本県熊本地方,32°28.2′N,130°35.9′E,0 km,1.7,---
2026/07/29,15:28:51.6,熊本県熊本地方,32°39.1′N,130°42.4′E,12 km,2.8,---
2026/07/29,15:29:11.4,熊本県熊本地方,32°32.3′N,130°40.0′E,5 km,2.0,---
2026/07/29,15:29:41.2,熊本県熊本地方,32°38.6′N,130°43.7′E,9 km,0.7,---
2026/07/29,15:29:56.0,熊本県熊本地方,32°33.0′N,130°36.9′E,6 km,1.4,---
2026/07/29,15:30:07.7,福島県沖,36°59.9′N,142°01.5′E,17 km,1.5,---
2026/07/29,15:30:13.8,熊本県熊本地方,32°32.2′N,130°36.1′E,10 km,1.5,---
2026/07/29,15:31:04.2,熊本県熊本地方,32°35.6′N,130°38.8′E,11 km,1.6,---
2026/07/29,15:31:29.6,岐阜県美濃中西部,35°44.9′N,136°21.7′E,9 km,0.9,---
2026/07/29,15:32:10.7,熊本県熊本地方,32°43.0′N,130°45.7′E,11 km,0.5,---
2026/07/29,15:32:41.6,熊本県熊本地方,32°31.0′N,130°35.5′E,14 km,2.0,---
2026/07/29,15:33:16.6,熊本県熊本地方,32°38.9′N,130°46.3′E,9 km,0.9,---
2026/07/29,15:33:59.1,熊本県熊本地方,32°32.3′N,130°36.1′E,12 km,1.3,---
2026/07/29,15:34:18.1,熊本県熊本地方,32°40.5′N,130°43.1′E,13 km,0.8,---
2026/07/29,15:34:39.1,熊本県熊本地方,32°40.4′N,130°43.4′E,10 km,0.4,---
2026/07/29,15:34:46.1,熊本県熊本地方,32°31.4′N,130°35.5′E,9 km,1.2,---
2026/07/29,15:35:01.0,熊本県熊本地方,32°35.0′N,130°38.8′E,10 km,1.9,---
2026/07/29,15:35:38.9,熊本県熊本地方,32°39.9′N,130°42.4′E,15 km,0.7,---
2026/07/29,15:36:16.2,熊本県天草・芦北地方,32°20.3′N,130°26.6′E,0 km,0.2,---
2026/07/29,15:36:34.2,熊本県熊本地方,32°41.1′N,130°45.2′E,8 km,1.5,---
2026/07/29,15:37:11.7,沖縄本島北西沖,27°32.8′N,127°11.3′E,158 km,2.1,---
2026/07/29,15:37:35.6,熊本県熊本地方,32°39.3′N,130°43.7′E,12 km,0.5,---
2026/07/29,15:37:39.1,熊本県熊本地方,32°33.4′N,130°38.8′E,7 km,1.0,---
2026/07/29,15:37:53.3,熊本県天草・芦北地方,32°28.3′N,130°30.4′E,10 km,2.1,---
2026/07/29,15:38:20.7,熊本県熊本地方,32°30.5′N,130°36.0′E,10 km,1.4,---
2026/07/29,15:38:43.7,熊本県熊本地方,32°52.3′N,130°53.5′E,12 km,0.7,---
2026/07/29,15:39:12.5,熊本県熊本地方,32°36.7′N,130°42.2′E,7 km,0.8,---
2026/07/29,15:39:52.2,熊本県熊本地方,32°41.7′N,130°45.0′E,10 km,1.1,---
2026/07/29,15:40:17.7,熊本県熊本地方,32°39.2′N,130°45.5′E,8 km,0.5,---
2026/07/29,15:40:23.5,岩手県内陸南部,39°12.8′N,140°55.2′E,100 km,1.1,---
2026/07/29,15:40:30.6,熊本県熊本地方,32°40.2′N,130°42.5′E,14 km,0.6,---
2026/07/29,15:41:07.0,熊本県熊本地方,32°36.6′N,130°42.6′E,9 km,0.9,---
2026/07/29,15:41:21.0,熊本県熊本地方,32°36.9′N,130°41.8′E,9 km,0.3,---
2026/07/29,15:41:46.5,熊本県熊本地方,32°45.2′N,130°48.0′E,7 km,0.5,---
2026/07/29,15:42:04.8,日高地方東部,42°12.0′N,142°57.1′E,53 km,3.0,---
2026/07/29,15:42:14.7,熊本県天草・芦北地方,32°30.9′N,130°32.8′E,13 km,0.5,---
2026/07/29,15:42:17.6,岩手県沿岸北部,39°37.3′N,142°01.7′E,43 km,1.0,---
2026/07/29,15:42:54.3,熊本県熊本地方,32°34.3′N,130°38.4′E,15 km,0.6,---
2026/07/29,15:43:11.7,奈良県,33°53.2′N,135°38.3′E,44 km,0.2,---
2026/07/29,15:43:18.2,熊本県熊本地方,32°43.4′N,130°46.6′E,10 km,0.5,---
2026/07/29,15:43:45.7,大分県中部,33°15.5′N,131°19.0′E,10 km,0.2,---
2026/07/29,15:44:01.5,熊本県天草・芦北地方,32°27.5′N,130°30.2′E,6 km,0.1,---
2026/07/29,15:44:05.1,大分県中部,33°15.4′N,131°19.1′E,9 km,0.9,---
2026/07/29,15:44:28.9,大分県中部,33°15.3′N,131°19.0′E,9 km,1.2,---
2026/07/29,15:44:45.0,熊本県天草・芦北地方,32°28.5′N,130°31.3′E,6 km,0.8,---
2026/07/29,15:45:32.4,熊本県熊本地方,32°35.8′N,130°41.9′E,7 km,1.0,---
2026/07/29,15:45:48.9,熊本県熊本地方,32°39.0′N,130°44.7′E,7 km,1.9,---
2026/07/29,15:46:32.4,熊本県熊本地方,32°29.6′N,130°37.6′E,11 km,0.6,---
2026/07/29,15:46:41.7,熊本県天草・芦北地方,32°28.7′N,130°34.0′E,5 km,1.2,---
2026/07/29,15:47:17.5,熊本県熊本地方,32°38.9′N,130°44.9′E,8 km,1.6,---
2026/07/29,15:47:53.5,熊本県熊本地方,32°39.4′N,130°42.6′E,16 km,0.5,---
2026/07/29,15:48:22.2,神奈川県西部,35°30.2′N,139°06.1′E,14 km,0.4,---
2026/07/29,15:48:24.5,長野県南部,35°55.9′N,138°05.1′E,5 km,-0.1,---
2026/07/29,15:48:27.7,福島県沖,37°49.5′N,141°36.3′E,48 km,1.5,---
2026/07/29,15:48:33.6,宮城県沖,38°08.1′N,142°19.9′E,31 km,1.7,---
2026/07/29,15:48:35.2,熊本県熊本地方,32°39.5′N,130°42.1′E,14 km,0.8,---
2026/07/29,15:48:42.5,熊本県熊本地方,32°37.9′N,130°42.3′E,10 km,0.6,---
2026/07/29,15:48:52.3,熊本県熊本地方,32°25.4′N,130°33.2′E,6 km,1.0,---
2026/07/29,15:49:00.6,福島県沖,37°40.7′N,141°36.4′E,52 km,3.2,---
2026/07/29,15:49:30.1,熊本県天草・芦北地方,32°27.6′N,130°32.4′E,15 km,1.8,---
2026/07/29,15:49:57.0,有明海,32°49.0′N,130°34.9′E,10 km,0.7,---
2026/07/29,15:50:26.6,熊本県熊本地方,32°36.1′N,130°39.3′E,13 km,1.1,---
2026/07/29,15:51:14.7,熊本県天草・芦北地方,32°26.8′N,130°33.5′E,6 km,1.0,---
2026/07/29,15:52:13.5,熊本県天草・芦北地方,32°31.2′N,130°32.6′E,15 km,2.4,---
2026/07/29,15:52:33.0,熊本県天草・芦北地方,32°28.1′N,130°32.9′E,0 km,1.8,---
2026/07/29,15:53:00.7,熊本県天草・芦北地方,32°27.6′N,130°32.7′E,10 km,2.0,---
2026/07/29,15:53:35.2,熊本県熊本地方,32°30.8′N,130°36.1′E,7 km,0.9,---
2026/07/29,15:54:03.5,鹿児島湾,31°26.0′N,130°37.8′E,11 km,0.6,---
2026/07/29,15:54:28.5,熊本県熊本地方,32°41.9′N,130°44.5′E,11 km,1.0,---
2026/07/29,15:54:36.0,熊本県熊本地方,32°40.5′N,130°45.0′E,6 km,1.3,---
2026/07/29,15:55:28.1,熊本県天草・芦北地方,32°28.2′N,130°32.7′E,2 km,0.6,---
2026/07/29,15:55:57.2,熊本県熊本地方,32°42.9′N,130°46.8′E,10 km,0.7,---
2026/07/29,15:56:37.7,熊本県天草・芦北地方,32°28.0′N,130°31.6′E,9 km,0.3,---
2026/07/29,15:57:22.5,熊本県熊本地方,32°29.3′N,130°34.2′E,8 km,1.0,---
2026/07/29,15:57:35.7,熊本県熊本地方,32°37.3′N,130°42.1′E,11 km,0.8,---
2026/07/29,15:58:02.8,熊本県熊本地方,32°29.0′N,130°36.2′E,0 km,1.1,---
2026/07/29,15:58:21.9,熊本県熊本地方,32°39.5′N,130°43.6′E,9 km,1.7,---
2026/07/29,15:58:52.7,熊本県熊本地方,32°37.7′N,130°42.0′E,11 km,0.8,---
2026/07/29,15:59:06.4,熊本県熊本地方,32°29.6′N,130°36.9′E,0 km,0.9,---
2026/07/29,15:59:35.8,熊本県阿蘇地方,32°54.7′N,131°00.2′E,9 km,4.0,---
2026/07/29,16:01:42.8,熊本県熊本地方,32°35.4′N,130°37.9′E,12 km,1.5,---
2026/07/29,16:02:15.9,熊本県熊本地方,32°39.6′N,130°42.5′E,13 km,1.1,---
2026/07/29,16:03:26.2,熊本県熊本地方,32°43.9′N,130°47.0′E,10 km,1.2,---
2026/07/29,16:03:28.0,熊本県天草・芦北地方,32°27.7′N,130°32.2′E,2 km,1.5,---
2026/07/29,16:03:48.7,奄美大島近海,27°58.0′N,129°10.4′E,8 km,0.9,---
2026/07/29,16:04:10.1,熊本県熊本地方,32°31.7′N,130°35.8′E,11 km,1.3,---
2026/07/29,16:04:18.9,熊本県熊本地方,32°41.5′N,130°44.3′E,10 km,1.2,---
2026/07/29,16:04:37.4,熊本県熊本地方,32°39.2′N,130°42.2′E,13 km,1.4,---
2026/07/29,16:05:00.3,岩手県沖,40°10.8′N,142°46.3′E,15 km,1.6,---
2026/07/29,16:05:54.9,熊本県熊本地方,32°40.0′N,130°42.3′E,12 km,1.2,---
2026/07/29,16:06:23.8,熊本県熊本地方,32°41.5′N,130°45.0′E,9 km,0.8,---
2026/07/29,16:06:50.4,熊本県熊本地方,32°37.8′N,130°43.6′E,8 km,0.8,---
2026/07/29,16:07:01.5,薩摩半島西方沖,31°38.2′N,130°15.7′E,5 km,0.8,---
2026/07/29,16:07:18.5,熊本県天草・芦北地方,32°31.0′N,130°32.9′E,14 km,0.5,---
2026/07/29,16:07:40.5,熊本県熊本地方,32°39.8′N,130°44.1′E,10 km,0.2,---
2026/07/29,16:07:53.5,熊本県熊本地方,32°42.0′N,130°42.7′E,16 km,1.7,---
2026/07/29,16:08:19.8,熊本県熊本地方,32°39.4′N,130°42.2′E,12 km,1.0,---
2026/07/29,16:08:36.9,熊本県天草・芦北地方,32°36.3′N,130°38.9′E,15 km,1.3,---
2026/07/29,16:09:16.3,熊本県熊本地方,32°40.9′N,130°44.9′E,9 km,0.6,---
2026/07/29,16:09:37.5,熊本県天草・芦北地方,32°28.3′N,130°30.7′E,5 km,1.0,---
2026/07/29,16:09:49.0,熊本県熊本地方,32°38.0′N,130°41.4′E,15 km,0.7,---
2026/07/29,16:10:11.9,熊本県熊本地方,32°31.7′N,130°35.8′E,13 km,1.0,---
2026/07/29,16:11:09.1,熊本県熊本地方,32°37.6′N,130°43.5′E,5 km,1.1,---
2026/07/29,16:11:23.6,熊本県天草・芦北地方,32°28.1′N,130°29.4′E,8 km,1.8,---
2026/07/29,16:11:34.6,熊本県熊本地方,32°32.0′N,130°34.6′E,11 km,2.2,---
2026/07/29,16:11:45.6,熊本県熊本地方,32°31.7′N,130°35.3′E,6 km,3.5,---
2026/07/29,16:12:31.7,熊本県熊本地方,32°35.7′N,130°41.2′E,5 km,1.7,---
2026/07/29,16:13:02.2,熊本県熊本地方,32°39.7′N,130°42.9′E,13 km,1.9,---
2026/07/29,16:13:07.9,種子島南東沖,29°58.4′N,131°21.0′E,31 km,3.8,---
2026/07/29,16:13:13.5,熊本県熊本地方,32°31.8′N,130°35.6′E,5 km,2.6,---
2026/07/29,16:13:43.6,熊本県熊本地方,32°31.6′N,130°35.0′E,4 km,2.2,---
2026/07/29,16:13:56.5,熊本県熊本地方,32°33.1′N,130°37.2′E,6 km,2.4,---
2026/07/29,16:14:40.8,熊本県熊本地方,32°33.4′N,130°40.2′E,6 km,1.0,---
2026/07/29,16:14:58.2,茨城県北部,36°48.7′N,140°36.8′E,8 km,0.8,---
2026/07/29,16:15:46.9,熊本県熊本地方,32°32.4′N,130°36.5′E,11 km,0.8,---
2026/07/29,16:15:59.7,福島県沖,37°13.3′N,142°10.7′E,17 km,1.3,---
2026/07/29,16:16:07.3,熊本県熊本地方,32°39.5′N,130°42.3′E,13 km,0.9,---
2026/07/29,16:16:34.8,熊本県熊本地方,32°32.5′N,130°39.5′E,5 km,1.1,---
2026/07/29,16:16:57.1,熊本県熊本地方,32°46.5′N,130°48.9′E,9 km,1.6,---
2026/07/29,16:17:29.7,熊本県熊本地方,32°39.8′N,130°42.1′E,14 km,0.6,---
2026/07/29,16:17:55.5,熊本県天草・芦北地方,32°27.6′N,130°32.4′E,14 km,0.5,---
2026/07/29,16:18:10.8,熊本県熊本地方,32°44.1′N,130°46.7′E,10 km,0.5,---
2026/07/29,16:18:24.6,熊本県熊本地方,32°32.9′N,130°37.5′E,9 km,2.4,---
2026/07/29,16:19:10.0,熊本県熊本地方,32°32.2′N,130°36.3′E,12 km,1.4,---
2026/07/29,16:19:59.9,熊本県熊本地方,32°31.7′N,130°42.5′E,14 km,1.1,---
2026/07/29,16:20:23.3,長野県北部,36°34.6′N,137°51.2′E,3 km,-0.8,---
2026/07/29,16:20:32.8,千葉県北東部,35°41.3′N,140°38.0′E,48 km,0.7,---
2026/07/29,16:21:10.9,熊本県熊本地方,32°34.0′N,130°38.7′E,13 km,0.7,---
2026/07/29,16:22:52.8,熊本県熊本地方,32°38.0′N,130°42.8′E,8 km,0.4,---
2026/07/29,16:23:34.0,熊本県熊本地方,32°35.6′N,130°38.2′E,12 km,0.2,---
2026/07/29,16:23:55.1,熊本県熊本地方,32°39.5′N,130°42.3′E,13 km,1.3,---
2026/07/29,16:24:39.6,熊本県熊本地方,32°37.5′N,130°42.2′E,11 km,0.4,---
2026/07/29,16:24:46.6,熊本県熊本地方,32°35.4′N,130°38.5′E,15 km,0.7,---
2026/07/29,16:25:14.0,熊本県熊本地方,32°45.6′N,130°48.4′E,7 km,1.4,---
2026/07/29,16:25:44.7,熊本県天草・芦北地方,32°29.0′N,130°32.4′E,5 km,0.3,---
2026/07/29,16:26:38.9,熊本県天草・芦北地方,32°28.2′N,130°31.7′E,8 km,2.1,---
2026/07/29,16:27:33.7,熊本県熊本地方,32°31.7′N,130°35.3′E,6 km,1.5,---
2026/07/29,16:28:21.7,熊本県天草・芦北地方,32°25.1′N,130°30.2′E,9 km,1.2,---
2026/07/29,16:28:52.3,熊本県熊本地方,32°28.1′N,130°35.6′E,7 km,0.7,---
2026/07/29,16:29:21.6,熊本県熊本地方,32°32.8′N,130°37.2′E,8 km,1.0,---
2026/07/29,16:29:29.8,熊本県熊本地方,32°30.3′N,130°35.4′E,7 km,1.1,---
2026/07/29,16:29:51.6,熊本県熊本地方,32°32.4′N,130°35.5′E,14 km,0.9,---
2026/07/29,16:30:12.7,熊本県天草・芦北地方,32°28.7′N,130°31.4′E,8 km,0.8,---
2026/07/29,16:30:38.6,熊本県熊本地方,32°30.3′N,130°35.3′E,11 km,1.8,---
2026/07/29,16:31:25.0,熊本県天草・芦北地方,32°28.1′N,130°34.9′E,8 km,0.3,---
2026/07/29,16:31:27.4,熊本県阿蘇地方,32°55.5′N,131°00.0′E,6 km,0.2,---
2026/07/29,16:32:19.5,奄美大島北東沖,29°15.4′N,130°17.6′E,26 km,1.3,---
2026/07/29,16:32:22.7,熊本県天草・芦北地方,32°29.4′N,130°31.5′E,11 km,1.1,---
2026/07/29,16:32:46.6,熊本県阿蘇地方,32°55.2′N,131°00.7′E,12 km,0.9,---
2026/07/29,16:32:47.0,熊本県熊本地方,32°32.0′N,130°35.4′E,15 km,0.6,---
2026/07/29,16:33:09.8,熊本県熊本地方,32°41.0′N,130°42.6′E,14 km,1.3,---
2026/07/29,16:33:38.4,熊本県天草・芦北地方,32°29.7′N,130°31.3′E,10 km,1.3,---
2026/07/29,16:33:59.9,根室半島南東沖,43°13.4′N,145°36.7′E,13 km,1.0,---
2026/07/29,16:34:06.9,熊本県天草・芦北地方,32°28.8′N,130°34.4′E,8 km,1.4,---
2026/07/29,16:34:36.2,熊本県熊本地方,32°41.0′N,130°45.8′E,7 km,1.2,---
2026/07/29,16:34:39.9,熊本県天草・芦北地方,32°30.6′N,130°32.0′E,10 km,2.6,---
2026/07/29,16:35:40.1,熊本県熊本地方,32°32.6′N,130°34.7′E,11 km,1.3,---
2026/07/29,16:36:09.4,熊本県熊本地方,32°33.0′N,130°36.4′E,12 km,1.4,---
2026/07/29,16:36:27.6,大分県西部,33°06.8′N,131°12.2′E,5 km,1.0,---
2026/07/29,16:37:00.3,熊本県熊本地方,32°31.0′N,130°34.2′E,11 km,1.1,---
2026/07/29,16:37:00.6,宮崎県南部山沿い,32°03.2′N,131°03.3′E,8 km,0.4,---
2026/07/29,16:37:22.2,熊本県天草・芦北地方,32°28.0′N,130°30.3′E,11 km,3.0,---
2026/07/29,16:37:52.1,熊本県天草・芦北地方,32°27.2′N,130°33.8′E,0 km,2.4,---
2026/07/29,16:38:50.3,熊本県熊本地方,32°30.9′N,130°35.6′E,8 km,1.2,---
2026/07/29,16:39:19.0,熊本県熊本地方,32°41.4′N,130°44.9′E,11 km,2.8,---
2026/07/29,16:40:07.5,熊本県天草・芦北地方,32°25.3′N,130°31.4′E,16 km,1.0,---
2026/07/29,16:40:57.8,熊本県熊本地方,32°33.0′N,130°39.6′E,5 km,1.4,---
2026/07/29,16:41:39.9,熊本県熊本地方,32°32.7′N,130°39.2′E,8 km,0.5,---
2026/07/29,16:41:56.9,熊本県天草・芦北地方,32°28.0′N,130°32.5′E,1 km,0.4,---
2026/07/29,16:43:31.4,熊本県熊本地方,32°36.3′N,130°42.2′E,11 km,0.6,---
2026/07/29,16:43:46.2,熊本県熊本地方,32°32.8′N,130°36.2′E,9 km,0.8,---
2026/07/29,16:44:01.7,熊本県熊本地方,32°31.7′N,130°35.6′E,11 km,0.6,---
2026/07/29,16:44:15.9,熊本県熊本地方,32°30.3′N,130°35.1′E,14 km,0.6,---
2026/07/29,16:44:55.7,熊本県熊本地方,32°36.7′N,130°39.7′E,12 km,0.6,---
2026/07/29,16:45:34.0,熊本県天草・芦北地方,32°28.1′N,130°34.2′E,0 km,0.9,---
2026/07/29,16:46:05.5,熊本県熊本地方,32°39.6′N,130°46.6′E,10 km,0.9,---
2026/07/29,16:46:26.3,熊本県天草・芦北地方,32°25.6′N,130°32.2′E,2 km,1.5,---
2026/07/29,16:47:20.0,熊本県天草・芦北地方,32°28.0′N,130°34.7′E,6 km,2.2,---
2026/07/29,16:47:25.2,熊本県阿蘇地方,32°54.2′N,130°59.9′E,12 km,1.7,---
2026/07/29,16:48:11.5,福島県浜通り,36°58.5′N,140°41.2′E,7 km,0.5,---
2026/07/29,16:48:20.5,熊本県熊本地方,32°32.4′N,130°34.6′E,5 km,0.8,---
2026/07/29,16:49:02.0,熊本県熊本地方,32°41.1′N,130°44.6′E,11 km,1.7,---
2026/07/29,16:49:13.1,熊本県熊本地方,32°41.9′N,130°46.3′E,8 km,1.4,---
2026/07/29,16:49:47.5,熊本県天草・芦北地方,32°24.6′N,130°31.0′E,5 km,0.7,---
2026/07/29,16:50:24.1,熊本県天草・芦北地方,32°23.8′N,130°30.0′E,8 km,2.6,---
2026/07/29,16:51:08.9,熊本県天草・芦北地方,32°23.9′N,130°30.0′E,6 km,0.8,---
2026/07/29,16:51:41.8,熊本県天草・芦北地方,32°23.7′N,130°28.3′E,5 km,0.7,---
2026/07/29,16:51:55.3,熊本県熊本地方,32°32.2′N,130°35.7′E,12 km,1.0,---
2026/07/29,16:53:15.1,熊本県熊本地方,32°31.6′N,130°35.2′E,6 km,1.6,---
2026/07/29,16:54:05.6,熊本県熊本地方,32°40.5′N,130°41.2′E,8 km,0.4,---
2026/07/29,16:54:17.4,熊本県天草・芦北地方,32°24.4′N,130°31.4′E,12 km,1.2,---
2026/07/29,16:54:23.6,熊本県天草・芦北地方,32°29.7′N,130°31.5′E,10 km,1.2,---
2026/07/29,16:55:15.3,熊本県熊本地方,32°32.6′N,130°36.7′E,11 km,1.6,---
2026/07/29,16:55:25.5,熊本県天草・芦北地方,32°26.5′N,130°32.8′E,4 km,2.1,---
2026/07/29,16:55:56.7,熊本県熊本地方,32°44.5′N,130°47.7′E,5 km,1.6,---
2026/07/29,16:56:24.5,熊本県天草・芦北地方,32°26.8′N,130°32.1′E,7 km,1.3,---
2026/07/29,16:56:30.6,熊本県熊本地方,32°35.7′N,130°39.7′E,10 km,1.8,---
2026/07/29,16:57:14.7,熊本県天草・芦北地方,32°27.5′N,130°34.2′E,0 km,0.6,---
2026/07/29,16:57:56.9,福岡県筑豊地方,33°37.5′N,130°36.4′E,20 km,0.7,---
2026/07/29,16:58:03.6,熊本県熊本地方,32°39.0′N,130°44.3′E,9 km,0.4,---
2026/07/29,16:58:19.4,熊本県天草・芦北地方,32°29.2′N,130°32.4′E,2 km,0.5,---
2026/07/29,16:58:45.7,熊本県天草・芦北地方,32°18.5′N,130°25.6′E,0 km,0.1,---
2026/07/29,16:59:14.0,熊本県天草・芦北地方,32°24.6′N,130°27.9′E,10 km,1.0,---
2026/07/29,16:59:50.9,熊本県熊本地方,32°33.5′N,130°38.8′E,6 km,1.2,---
2026/07/29,17:01:04.3,熊本県熊本地方,32°42.1′N,130°45.4′E,9 km,1.9,---
2026/07/29,17:01:33.6,熊本県熊本地方,32°32.9′N,130°36.9′E,12 km,1.0,---
2026/07/29,17:02:02.4,熊本県天草・芦北地方,32°24.9′N,130°29.5′E,4 km,0.6,---
2026/07/29,17:02:17.7,奄美大島近海,28°01.0′N,129°23.5′E,17 km,1.1,---
2026/07/29,17:02:19.8,熊本県熊本地方,32°38.8′N,130°43.3′E,10 km,0.4,---
2026/07/29,17:02:43.0,熊本県熊本地方,32°34.9′N,130°39.0′E,8 km,0.6,---
2026/07/29,17:03:16.6,熊本県熊本地方,32°35.8′N,130°40.7′E,5 km,1.0,---
2026/07/29,17:03:54.8,熊本県天草・芦北地方,32°27.7′N,130°33.2′E,6 km,1.4,---
2026/07/29,17:04:02.4,広島県北部,35°00.7′N,132°56.1′E,8 km,1.1,---
2026/07/29,17:04:23.2,熊本県天草・芦北地方,32°28.9′N,130°31.5′E,10 km,1.1,---
2026/07/29,17:05:46.0,福島県沖,37°41.0′N,141°28.9′E,75 km,1.6,---
2026/07/29,17:06:37.1,熊本県天草・芦北地方,32°27.7′N,130°32.4′E,15 km,1.4,---
2026/07/29,17:06:59.2,熊本県熊本地方,32°44.0′N,130°46.0′E,9 km,1.2,---
2026/07/29,17:07:20.6,熊本県熊本地方,32°37.3′N,130°42.8′E,8 km,1.4,---
2026/07/29,17:08:52.2,熊本県熊本地方,32°34.1′N,130°38.2′E,14 km,0.8,---
2026/07/29,17:10:16.2,熊本県熊本地方,32°32.4′N,130°36.4′E,10 km,0.9,---
2026/07/29,17:11:09.3,熊本県熊本地方,32°32.9′N,130°37.1′E,12 km,1.7,---
2026/07/29,17:11:32.3,熊本県天草・芦北地方,32°28.4′N,130°30.7′E,10 km,1.8,---
2026/07/29,17:12:08.7,熊本県熊本地方,32°31.9′N,130°36.2′E,12 km,1.8,---
2026/07/29,17:13:02.4,熊本県熊本地方,32°30.1′N,130°35.0′E,11 km,1.9,---
2026/07/29,17:15:29.9,熊本県熊本地方,32°39.4′N,130°44.4′E,11 km,0.4,---
2026/07/29,17:15:37.7,熊本県天草・芦北地方,32°27.7′N,130°29.4′E,0 km,0.1,---
2026/07/29,17:15:46.3,熊本県天草・芦北地方,32°26.6′N,130°32.6′E,7 km,1.3,---
2026/07/29,17:16:58.3,熊本県熊本地方,32°34.6′N,130°38.8′E,9 km,1.7,---
2026/07/29,17:17:57.0,熊本県阿蘇地方,32°54.9′N,130°59.7′E,6 km,0.3,---
2026/07/29,17:17:57.6,青森県下北地方,41°24.9′N,141°05.9′E,8 km,-0.3,---
2026/07/29,17:19:13.8,熊本県熊本地方,32°43.2′N,130°44.9′E,10 km,1.0,---
2026/07/29,17:20:53.4,熊本県熊本地方,32°43.7′N,130°46.2′E,11 km,2.5,---
2026/07/29,17:22:34.2,熊本県天草・芦北地方,32°28.6′N,130°31.6′E,11 km,1.1,---
2026/07/29,17:22:57.0,熊本県熊本地方,32°33.4′N,130°36.8′E,11 km,0.8,---
2026/07/29,17:23:40.0,熊本県熊本地方,32°44.2′N,130°46.5′E,9 km,0.6,---
2026/07/29,17:24:23.8,熊本県熊本地方,32°41.2′N,130°45.5′E,5 km,0.2,---
2026/07/29,17:25:12.4,熊本県熊本地方,32°39.7′N,130°44.8′E,7 km,0.7,---
2026/07/29,17:25:26.1,熊本県熊本地方,32°33.3′N,130°38.8′E,7 km,2.0,---
2026/07/29,17:26:44.0,熊本県熊本地方,32°39.2′N,130°42.5′E,13 km,1.2,---
2026/07/29,17:26:48.1,千葉県北西部,35°51.8′N,140°28.6′E,36 km,1.0,---
2026/07/29,17:27:40.1,熊本県熊本地方,32°38.1′N,130°44.8′E,9 km,0.4,---
2026/07/29,17:27:54.6,熊本県熊本地方,32°41.2′N,130°45.5′E,13 km,0.4,---
2026/07/29,17:28:23.4,熊本県熊本地方,32°31.2′N,130°37.7′E,3 km,0.8,---
2026/07/29,17:28:43.2,熊本県熊本地方,32°38.7′N,130°43.5′E,7 km,0.8,---
2026/07/29,17:29:25.5,宮城県沖,38°07.0′N,141°40.9′E,46 km,1.1,---
2026/07/29,17:29:36.9,熊本県熊本地方,32°31.3′N,130°35.2′E,12 km,0.2,---
2026/07/29,17:30:18.7,熊本県熊本地方,32°34.9′N,130°38.7′E,10 km,1.2,---
2026/07/29,17:30:45.8,熊本県天草・芦北地方,32°30.0′N,130°32.6′E,10 km,1.1,---
2026/07/29,17:31:20.0,熊本県天草・芦北地方,32°24.8′N,130°28.5′E,12 km,0.2,---
2026/07/29,17:31:34.0,熊本県熊本地方,32°35.9′N,130°40.7′E,8 km,0.0,---
2026/07/29,17:32:26.9,熊本県熊本地方,32°30.7′N,130°34.9′E,10 km,1.3,---
2026/07/29,17:32:35.0,熊本県熊本地方,32°30.8′N,130°35.4′E,10 km,1.9,---
2026/07/29,17:32:52.2,熊本県熊本地方,32°36.3′N,130°41.7′E,4 km,1.5,---
2026/07/29,17:33:31.0,熊本県熊本地方,32°30.8′N,130°35.3′E,10 km,1.1,---
2026/07/29,17:33:40.6,長野県北部,36°34.3′N,137°51.4′E,5 km,不明,---
2026/07/29,17:33:50.7,熊本県熊本地方,32°31.2′N,130°34.4′E,10 km,0.7,---
2026/07/29,17:34:39.5,茨城県北部,36°21.1′N,140°28.6′E,67 km,0.4,---
2026/07/29,17:35:02.3,熊本県天草・芦北地方,32°28.5′N,130°30.7′E,10 km,0.6,---
2026/07/29,17:35:21.9,熊本県熊本地方,32°38.3′N,130°43.8′E,10 km,0.7,---
2026/07/29,17:35:23.8,大分県中部,33°17.2′N,131°27.2′E,5 km,0.1,---
2026/07/29,17:35:30.3,熊本県熊本地方,32°38.3′N,130°43.8′E,10 km,0.7,---
2026/07/29,17:36:22.4,熊本県熊本地方,32°39.4′N,130°43.3′E,9 km,1.1,---
2026/07/29,17:36:52.0,茨城県沖,36°27.2′N,140°56.1′E,38 km,1.1,---
2026/07/29,17:37:06.4,熊本県熊本地方,32°35.3′N,130°40.0′E,7 km,1.0,---
2026/07/29,17:37:30.3,熊本県熊本地方,32°30.1′N,130°35.7′E,8 km,1.2,---
2026/07/29,17:38:16.0,熊本県熊本地方,32°32.2′N,130°35.6′E,3 km,1.7,---
2026/07/29,17:38:24.3,熊本県熊本地方,32°44.0′N,130°46.5′E,9 km,1.8,---
2026/07/29,17:39:04.5,熊本県天草・芦北地方,32°20.4′N,130°25.2′E,10 km,3.5,---
2026/07/29,17:39:43.5,熊本県熊本地方,32°40.8′N,130°43.2′E,13 km,2.1,---
2026/07/29,17:39:56.2,和歌山県北部,34°08.5′N,135°09.1′E,5 km,0.5,---
2026/07/29,17:40:12.0,熊本県天草・芦北地方,32°24.7′N,130°28.7′E,9 km,1.5,---
2026/07/29,17:40:46.2,熊本県熊本地方,32°44.3′N,130°46.0′E,10 km,0.8,---
2026/07/29,17:41:04.3,熊本県天草・芦北地方,32°27.5′N,130°34.1′E,0 km,0.7,---
2026/07/29,17:41:23.6,熊本県熊本地方,32°30.8′N,130°38.3′E,3 km,0.5,---
2026/07/29,17:43:23.5,熊本県天草・芦北地方,32°27.2′N,130°32.6′E,6 km,1.3,---
2026/07/29,17:45:31.4,熊本県熊本地方,32°33.2′N,130°36.6′E,13 km,0.5,---
2026/07/29,17:47:14.8,熊本県熊本地方,32°34.9′N,130°41.1′E,6 km,0.4,---
2026/07/29,17:47:26.4,日向灘,32°21.6′N,131°52.8′E,17 km,2.3,---
2026/07/29,17:48:06.3,熊本県熊本地方,32°41.6′N,130°44.8′E,11 km,0.5,---
2026/07/29,17:48:39.8,高知県東部,33°31.9′N,133°59.4′E,15 km,0.8,---
2026/07/29,17:49:04.9,熊本県熊本地方,32°41.0′N,130°44.1′E,12 km,1.1,---
2026/07/29,17:50:03.8,熊本県熊本地方,32°39.9′N,130°42.7′E,12 km,1.2,---
2026/07/29,17:50:13.2,静岡県中部,34°59.5′N,138°14.8′E,20 km,0.1,---
2026/07/29,17:52:13.8,熊本県天草・芦北地方,32°27.6′N,130°32.1′E,14 km,1.4,---
2026/07/29,17:52:59.8,熊本県熊本地方,32°32.7′N,130°36.8′E,13 km,3.1,---
2026/07/29,17:54:18.0,能登半島沖,37°23.6′N,136°48.2′E,14 km,1.0,---
2026/07/29,17:54:19.9,熊本県熊本地方,32°33.2′N,130°36.6′E,12 km,0.4,---
2026/07/29,17:54:43.4,熊本県熊本地方,32°43.8′N,130°45.5′E,12 km,2.2,---
2026/07/29,17:55:20.6,熊本県熊本地方,32°43.6′N,130°47.2′E,11 km,0.7,---
2026/07/29,17:55:51.2,熊本県熊本地方,32°37.4′N,130°42.7′E,8 km,1.6,---
2026/07/29,17:56:26.3,福島県沖,37°49.5′N,141°36.9′E,50 km,1.7,---
2026/07/29,17:57:04.0,熊本県熊本地方,32°37.5′N,130°42.6′E,8 km,1.5,---
2026/07/29,17:58:22.7,宮古島近海,24°50.8′N,125°02.8′E,52 km,1.2,---
2026/07/29,18:00:16.9,熊本県熊本地方,32°32.4′N,130°35.8′E,7 km,0.4,---
2026/07/29,18:00:22.8,紀伊水道,33°46.8′N,134°51.1′E,15 km,0.7,---
2026/07/29,18:01:29.8,熊本県天草・芦北地方,32°21.7′N,130°28.5′E,7 km,0.5,---
2026/07/29,18:01:45.7,西表島付近,24°14.6′N,123°47.8′E,16 km,0.6,---
2026/07/29,18:02:33.6,熊本県天草・芦北地方,32°28.5′N,130°30.4′E,12 km,3.3,---
2026/07/29,18:03:55.2,熊本県熊本地方,32°32.6′N,130°38.3′E,5 km,0.5,---
2026/07/29,18:04:47.1,熊本県熊本地方,32°39.0′N,130°42.6′E,12 km,1.2,---
2026/07/29,18:05:32.0,熊本県天草・芦北地方,32°30.3′N,130°33.5′E,8 km,1.1,---
2026/07/29,18:05:54.6,熊本県熊本地方,32°29.8′N,130°35.4′E,8 km,1.2,---
2026/07/29,18:06:27.4,熊本県天草・芦北地方,32°27.4′N,130°34.5′E,7 km,1.0,---
2026/07/29,18:06:45.6,千葉県南東沖,34°57.8′N,140°06.1′E,62 km,0.9,---
2026/07/29,18:07:06.2,和歌山県北部,34°04.5′N,135°21.4′E,8 km,0.7,---
2026/07/29,18:09:21.2,日向灘,32°20.2′N,131°43.9′E,39 km,0.4,---
2026/07/29,18:09:46.0,熊本県天草・芦北地方,32°28.9′N,130°34.1′E,11 km,1.1,---
2026/07/29,18:10:54.3,熊本県天草・芦北地方,32°28.6′N,130°30.6′E,11 km,1.9,---
2026/07/29,18:11:32.0,千葉県北東部,35°52.0′N,140°28.2′E,34 km,0.8,---
2026/07/29,18:11:52.8,熊本県天草・芦北地方,32°26.3′N,130°33.0′E,8 km,2.0,---
2026/07/29,18:12:42.5,熊本県熊本地方,32°41.3′N,130°44.4′E,9 km,1.9,---
2026/07/29,18:13:45.6,熊本県天草・芦北地方,32°27.0′N,130°32.7′E,7 km,0.7,---
2026/07/29,18:14:07.3,熊本県熊本地方,32°40.1′N,130°44.1′E,9 km,1.7,---
2026/07/29,18:14:36.4,秋田県内陸北部,39°58.5′N,140°32.3′E,3 km,0.4,---
2026/07/29,18:15:29.1,福島県沖,37°41.9′N,141°39.5′E,53 km,不明,---
2026/07/29,18:15:33.2,福島県沖,37°51.1′N,141°34.9′E,46 km,1.5,---
2026/07/29,18:15:39.5,熊本県天草・芦北地方,32°30.3′N,130°33.3′E,13 km,2.0,---
2026/07/29,18:16:19.8,熊本県熊本地方,32°33.9′N,130°38.8′E,5 km,0.8,---
2026/07/29,18:16:49.4,熊本県天草・芦北地方,32°26.3′N,130°33.0′E,7 km,1.7,---
2026/07/29,18:17:45.2,熊本県熊本地方,32°36.6′N,130°42.5′E,9 km,0.3,---
2026/07/29,18:18:05.4,熊本県熊本地方,32°27.9′N,130°35.8′E,9 km,0.8,---
2026/07/29,18:18:19.3,熊本県天草・芦北地方,32°28.0′N,130°32.6′E,5 km,0.7,---
2026/07/29,18:18:36.4,熊本県熊本地方,32°29.4′N,130°34.5′E,14 km,0.7,---
2026/07/29,18:19:06.9,熊本県天草・芦北地方,32°30.0′N,130°33.3′E,12 km,0.9,---
2026/07/29,18:20:13.3,熊本県熊本地方,32°28.9′N,130°35.8′E,1 km,0.7,---
2026/07/29,18:20:16.8,新島・神津島近海,34°13.6′N,139°15.4′E,9 km,1.5,---
2026/07/29,18:20:31.5,熊本県熊本地方,32°38.7′N,130°43.6′E,8 km,1.8,---
2026/07/29,18:20:43.4,熊本県熊本地方,32°33.7′N,130°37.9′E,10 km,2.0,---
2026/07/29,18:21:41.4,熊本県熊本地方,32°31.5′N,130°34.6′E,6 km,0.4,---
2026/07/29,18:22:33.2,熊本県熊本地方,32°34.9′N,130°37.9′E,8 km,1.5,---
2026/07/29,18:22:49.5,熊本県熊本地方,32°34.1′N,130°40.1′E,7 km,1.2,---
2026/07/29,18:23:28.4,熊本県熊本地方,32°37.8′N,130°42.9′E,5 km,0.4,---
2026/07/29,18:23:41.5,天草灘,31°58.7′N,130°11.4′E,4 km,0.9,---
2026/07/29,18:23:58.5,熊本県天草・芦北地方,32°28.8′N,130°33.3′E,0 km,1.3,---
2026/07/29,18:24:40.0,熊本県熊本地方,32°36.5′N,130°43.9′E,4 km,0.5,---
2026/07/29,18:25:29.3,天草灘,31°58.2′N,130°10.8′E,3 km,0.6,---
2026/07/29,18:25:40.6,熊本県熊本地方,32°36.7′N,130°42.0′E,11 km,0.7,---
2026/07/29,18:26:28.8,熊本県熊本地方,32°30.2′N,130°36.6′E,9 km,0.8,---
2026/07/29,18:26:47.0,熊本県天草・芦北地方,32°27.7′N,130°32.2′E,7 km,1.1,---
2026/07/29,18:27:02.6,熊本県熊本地方,32°43.9′N,130°46.1′E,11 km,0.6,---
2026/07/29,18:27:19.7,和歌山県北部,34°12.8′N,135°11.2′E,7 km,0.7,---
2026/07/29,18:27:21.4,熊本県熊本地方,32°40.4′N,130°44.0′E,9 km,0.8,---
2026/07/29,18:27:33.7,茨城県北部,36°49.0′N,140°34.8′E,6 km,0.2,---
2026/07/29,18:27:51.9,熊本県天草・芦北地方,32°24.1′N,130°28.7′E,7 km,0.7,---
2026/07/29,18:28:41.2,熊本県熊本地方,32°35.8′N,130°41.0′E,5 km,0.9,---
2026/07/29,18:29:15.8,熊本県熊本地方,32°32.9′N,130°36.6′E,12 km,0.8,---
2026/07/29,18:29:20.9,和歌山県南方沖,33°32.7′N,135°28.0′E,29 km,1.3,---
2026/07/29,18:29:28.0,熊本県天草・芦北地方,32°23.9′N,130°27.2′E,12 km,1.2,---
2026/07/29,18:29:29.3,熊本県熊本地方,32°41.1′N,130°44.5′E,12 km,1.0,---
2026/07/29,18:29:54.9,熊本県熊本地方,32°34.3′N,130°38.0′E,4 km,0.5,---
2026/07/29,18:30:29.5,熊本県天草・芦北地方,32°25.1′N,130°31.7′E,10 km,0.8,---
2026/07/29,18:31:18.6,熊本県熊本地方,32°38.1′N,130°42.4′E,3 km,1.5,---
2026/07/29,18:31:45.5,熊本県熊本地方,32°36.3′N,130°41.2′E,5 km,0.8,---
2026/07/29,18:31:56.1,熊本県熊本地方,32°33.9′N,130°40.0′E,4 km,1.4,---
2026/07/29,18:32:21.1,熊本県天草・芦北地方,32°28.4′N,130°33.6′E,8 km,2.5,---
2026/07/29,18:33:00.8,熊本県熊本地方,32°38.3′N,130°43.0′E,8 km,1.8,---
2026/07/29,18:33:51.9,熊本県熊本地方,32°42.6′N,130°46.0′E,11 km,0.4,---
2026/07/29,18:34:03.9,熊本県熊本地方,32°41.1′N,130°44.5′E,11 km,0.4,---
2026/07/29,18:34:28.2,熊本県熊本地方,32°41.3′N,130°45.9′E,10 km,0.2,---
2026/07/29,18:35:14.3,熊本県熊本地方,32°35.1′N,130°39.5′E,12 km,0.7,---
2026/07/29,18:35:46.6,熊本県熊本地方,32°41.5′N,130°44.6′E,10 km,0.5,---
2026/07/29,18:36:04.4,熊本県熊本地方,32°40.9′N,130°45.1′E,9 km,0.1,---
2026/07/29,18:36:30.9,熊本県熊本地方,32°31.2′N,130°34.4′E,11 km,1.1,---
2026/07/29,18:37:29.5,熊本県天草・芦北地方,32°25.2′N,130°31.7′E,3 km,1.1,---
2026/07/29,18:37:38.2,熊本県熊本地方,32°44.7′N,130°47.6′E,7 km,2.0,---
2026/07/29,18:38:39.2,熊本県天草・芦北地方,32°26.5′N,130°33.0′E,4 km,1.1,---
2026/07/29,18:38:55.3,熊本県熊本地方,32°35.1′N,130°38.3′E,10 km,1.1,---
2026/07/29,18:39:20.4,熊本県熊本地方,32°39.2′N,130°44.8′E,5 km,1.0,---
2026/07/29,18:39:51.4,熊本県熊本地方,32°40.0′N,130°43.6′E,6 km,0.6,---
2026/07/29,18:39:54.6,日向灘,32°11.6′N,131°39.6′E,41 km,1.3,---
2026/07/29,18:40:07.2,熊本県天草・芦北地方,32°26.7′N,130°31.6′E,7 km,1.5,---
2026/07/29,18:41:06.9,熊本県天草・芦北地方,32°25.2′N,130°29.5′E,10 km,3.1,---
2026/07/29,18:42:49.0,熊本県天草・芦北地方,32°26.6′N,130°32.6′E,5 km,0.7,---
2026/07/29,18:43:26.1,熊本県天草・芦北地方,32°22.4′N,130°27.9′E,10 km,1.2,---
2026/07/29,18:43:52.4,熊本県熊本地方,32°32.1′N,130°35.3′E,7 km,0.9,---
2026/07/29,18:44:05.7,熊本県天草・芦北地方,32°29.3′N,130°31.0′E,8 km,1.8,---
2026/07/29,18:44:27.4,熊本県熊本地方,32°43.0′N,130°46.5′E,9 km,1.3,---
2026/07/29,18:44:31.7,千葉県東方沖,35°40.2′N,141°44.5′E,7 km,1.5,---
2026/07/29,18:44:42.9,熊本県天草・芦北地方,32°30.6′N,130°33.5′E,14 km,3.2,---
2026/07/29,18:45:56.7,熊本県熊本地方,32°33.6′N,130°36.9′E,11 km,0.8,---
2026/07/29,18:46:28.9,熊本県熊本地方,32°31.6′N,130°35.3′E,13 km,0.9,---
2026/07/29,18:47:15.6,天草灘,31°57.5′N,129°58.4′E,7 km,0.3,---
2026/07/29,18:47:26.3,兵庫県南西部,34°58.9′N,134°27.3′E,15 km,-0.3,---
2026/07/29,18:47:40.7,岩手県内陸南部,39°02.9′N,140°52.1′E,8 km,0.4,---
2026/07/29,18:48:00.0,熊本県熊本地方,32°38.8′N,130°44.0′E,10 km,1.3,---
2026/07/29,18:48:46.9,熊本県熊本地方,32°44.6′N,130°47.8′E,7 km,0.2,---
2026/07/29,18:49:11.9,熊本県天草・芦北地方,32°26.7′N,130°33.8′E,10 km,0.9,---
2026/07/29,18:49:15.3,熊本県熊本地方,32°43.1′N,130°46.6′E,9 km,1.3,---
2026/07/29,18:49:38.0,熊本県熊本地方,32°33.4′N,130°38.4′E,3 km,0.9,---
2026/07/29,18:50:00.5,熊本県天草・芦北地方,32°28.8′N,130°32.7′E,4 km,0.5,---
2026/07/29,18:50:15.5,熊本県熊本地方,32°29.4′N,130°34.4′E,8 km,1.2,---
2026/07/29,18:50:18.7,京都府南部,35°18.5′N,135°44.2′E,12 km,0.4,---
2026/07/29,18:51:06.3,熊本県熊本地方,32°39.7′N,130°43.8′E,13 km,0.6,---
2026/07/29,18:51:09.3,奄美大島近海,28°04.5′N,130°09.8′E,50 km,不明,---
2026/07/29,18:51:20.0,熊本県熊本地方,32°34.0′N,130°39.7′E,4 km,1.0,---
2026/07/29,18:51:39.5,熊本県熊本地方,32°44.2′N,130°47.3′E,8 km,0.6,---
2026/07/29,18:52:10.8,福島県沖,36°41.0′N,141°51.3′E,17 km,1.2,---
2026/07/29,18:52:43.2,熊本県熊本地方,32°35.7′N,130°39.2′E,6 km,0.9,---
2026/07/29,18:53:06.0,熊本県熊本地方,32°38.0′N,130°44.0′E,8 km,0.7,---
2026/07/29,18:53:41.5,熊本県天草・芦北地方,32°26.6′N,130°29.4′E,10 km,0.7,---
2026/07/29,18:53:48.4,熊本県熊本地方,32°31.3′N,130°35.1′E,12 km,0.7,---
2026/07/29,18:54:24.8,熊本県熊本地方,32°34.1′N,130°37.2′E,9 km,1.8,---
2026/07/29,18:54:29.4,和歌山県南部,33°30.9′N,135°41.6′E,19 km,0.3,---
2026/07/29,18:55:30.2,熊本県天草・芦北地方,32°24.8′N,130°30.1′E,12 km,0.7,---
2026/07/29,18:55:49.3,青森県東方沖,40°57.3′N,143°04.6′E,13 km,1.9,---
2026/07/29,18:56:04.7,福島県沖,37°18.2′N,142°13.8′E,18 km,1.4,---
2026/07/29,18:56:06.4,熊本県熊本地方,32°40.5′N,130°45.5′E,6 km,1.0,---
2026/07/29,18:56:37.1,熊本県熊本地方,32°30.5′N,130°35.2′E,8 km,1.0,---
2026/07/29,18:57:07.4,熊本県天草・芦北地方,32°25.3′N,130°29.7′E,9 km,2.3,---
2026/07/29,18:57:56.9,岩手県内陸南部,39°01.6′N,140°51.9′E,7 km,1.3,---
2026/07/29,18:58:29.2,千葉県東方沖,35°22.3′N,141°02.8′E,14 km,1.5,---
2026/07/29,18:58:36.2,熊本県熊本地方,32°32.2′N,130°35.8′E,11 km,0.5,---
2026/07/29,18:59:01.7,熊本県熊本地方,32°39.4′N,130°42.5′E,14 km,0.6,---
2026/07/29,18:59:12.9,熊本県熊本地方,32°44.2′N,130°47.2′E,10 km,0.6,---
2026/07/29,18:59:31.7,熊本県熊本地方,32°37.6′N,130°41.7′E,15 km,0.3,---
2026/07/29,18:59:37.3,熊本県熊本地方,32°33.6′N,130°37.7′E,11 km,2.6,---
2026/07/29,19:00:30.3,熊本県熊本地方,32°33.6′N,130°38.8′E,6 km,1.8,---
2026/07/29,19:00:30.7,福島県中通り,37°11.9′N,140°07.5′E,7 km,0.7,---
2026/07/29,19:01:10.6,熊本県熊本地方,32°29.4′N,130°34.1′E,12 km,0.3,---
2026/07/29,19:01:57.0,熊本県天草・芦北地方,32°27.9′N,130°31.5′E,9 km,1.7,---
2026/07/29,19:03:26.0,熊本県熊本地方,32°31.0′N,130°35.2′E,5 km,1.0,---
2026/07/29,19:03:44.8,熊本県天草・芦北地方,32°33.4′N,130°34.4′E,4 km,0.9,---
2026/07/29,19:04:40.7,熊本県熊本地方,32°29.2′N,130°34.0′E,9 km,1.4,---
2026/07/29,19:05:31.7,熊本県熊本地方,32°30.7′N,130°35.2′E,11 km,2.2,---
2026/07/29,19:06:07.1,関東東方沖,34°40.5′N,141°29.9′E,10 km,1.5,---
2026/07/29,19:06:12.2,熊本県熊本地方,32°37.3′N,130°42.8′E,6 km,2.4,---
2026/07/29,19:07:05.0,熊本県天草・芦北地方,32°27.4′N,130°30.6′E,7 km,1.3,---
2026/07/29,19:07:28.4,大隅半島東方沖,30°58.3′N,131°29.4′E,34 km,不明,---
2026/07/29,19:07:43.3,熊本県天草・芦北地方,32°28.4′N,130°30.1′E,9 km,2.1,---
2026/07/29,19:08:24.0,熊本県天草・芦北地方,32°30.2′N,130°31.7′E,10 km,0.6,---
2026/07/29,19:09:35.4,熊本県天草・芦北地方,32°27.6′N,130°32.1′E,4 km,1.1,---
2026/07/29,19:10:00.9,熊本県熊本地方,32°29.4′N,130°34.5′E,9 km,1.8,---
2026/07/29,19:10:02.4,日向灘,32°21.1′N,131°52.6′E,16 km,1.2,---
2026/07/29,19:10:48.9,熊本県熊本地方,32°29.9′N,130°35.8′E,2 km,1.8,---
2026/07/29,19:11:29.8,熊本県天草・芦北地方,32°28.5′N,130°30.0′E,11 km,1.4,---
2026/07/29,19:11:53.7,熊本県天草・芦北地方,32°24.2′N,130°27.6′E,10 km,0.8,---
2026/07/29,19:12:01.1,和歌山県北部,34°04.2′N,135°19.2′E,9 km,0.7,---
2026/07/29,19:12:43.1,熊本県天草・芦北地方,32°26.0′N,130°28.5′E,11 km,0.2,---
2026/07/29,19:12:45.8,兵庫県北部,35°26.9′N,134°39.2′E,6 km,0.3,---
2026/07/29,19:13:52.4,熊本県天草・芦北地方,32°29.2′N,130°30.3′E,13 km,0.5,---
2026/07/29,19:14:59.2,熊本県熊本地方,32°44.1′N,130°47.5′E,9 km,1.7,---
2026/07/29,19:15:33.6,熊本県熊本地方,32°32.4′N,130°36.2′E,8 km,0.5,---
2026/07/29,19:15:57.0,熊本県熊本地方,32°30.9′N,130°35.3′E,11 km,1.6,---
2026/07/29,19:16:00.2,遠州灘,34°25.7′N,137°52.2′E,18 km,1.1,---
2026/07/29,19:16:39.3,熊本県熊本地方,32°31.1′N,130°36.3′E,7 km,1.8,---
2026/07/29,19:17:58.9,熊本県熊本地方,32°34.2′N,130°39.8′E,4 km,0.5,---
2026/07/29,19:18:28.5,和歌山県北部,34°04.3′N,135°20.9′E,9 km,0.3,---
2026/07/29,19:19:23.6,熊本県熊本地方,32°33.7′N,130°36.6′E,14 km,2.7,---
2026/07/29,19:19:56.9,熊本県熊本地方,32°34.0′N,130°37.5′E,9 km,1.7,---
2026/07/29,19:20:08.1,青森県東方沖,40°38.5′N,142°12.4′E,49 km,1.1,---
2026/07/29,19:21:02.7,熊本県熊本地方,32°40.1′N,130°44.8′E,8 km,1.4,---
2026/07/29,19:21:21.0,熊本県熊本地方,32°38.2′N,130°43.2′E,9 km,2.0,---
2026/07/29,19:24:19.0,宮城県沖,38°27.1′N,142°16.9′E,35 km,0.7,---
2026/07/29,19:24:52.0,熊本県天草・芦北地方,32°26.4′N,130°30.7′E,14 km,1.1,---
2026/07/29,19:26:40.1,熊本県熊本地方,32°31.1′N,130°35.9′E,8 km,1.3,---
2026/07/29,19:27:11.1,熊本県熊本地方,32°39.0′N,130°41.6′E,13 km,2.1,---
2026/07/29,19:27:55.2,熊本県天草・芦北地方,32°25.7′N,130°32.4′E,1 km,0.9,---
2026/07/29,19:28:26.2,西表島付近,24°25.3′N,123°53.3′E,0 km,0.4,---
2026/07/29,19:28:56.8,熊本県天草・芦北地方,32°27.5′N,130°32.5′E,13 km,1.5,---
2026/07/29,19:29:11.0,茨城県沖,36°12.4′N,141°35.6′E,24 km,2.1,---
2026/07/29,19:29:41.3,石垣島近海,24°12.1′N,124°11.8′E,12 km,1.7,---
2026/07/29,19:29:44.4,熊本県熊本地方,32°32.2′N,130°35.7′E,12 km,0.8,---
2026/07/29,19:29:57.2,熊本県熊本地方,32°32.4′N,130°36.2′E,14 km,0.9,---
2026/07/29,19:30:25.6,熊本県熊本地方,32°29.7′N,130°35.0′E,11 km,0.8,---
2026/07/29,19:31:16.1,熊本県熊本地方,32°40.7′N,130°43.3′E,12 km,0.9,---
2026/07/29,19:31:32.2,熊本県熊本地方,32°33.5′N,130°37.8′E,14 km,0.8,---
2026/07/29,19:32:35.3,熊本県熊本地方,32°38.6′N,130°43.5′E,10 km,0.7,---
2026/07/29,19:33:05.4,熊本県熊本地方,32°40.1′N,130°44.1′E,9 km,0.8,---
2026/07/29,19:33:32.5,大分県中部,33°15.6′N,131°19.0′E,9 km,0.3,---
2026/07/29,19:34:15.2,熊本県熊本地方,32°36.1′N,130°41.6′E,7 km,1.3,---
2026/07/29,19:34:50.8,熊本県熊本地方,32°31.1′N,130°35.1′E,0 km,0.8,---
2026/07/29,19:35:38.6,熊本県熊本地方,32°33.2′N,130°39.1′E,7 km,0.5,---
2026/07/29,19:35:43.8,大分県中部,33°15.7′N,131°19.6′E,9 km,0.1,---
2026/07/29,19:36:15.0,大分県中部,33°15.6′N,131°19.6′E,7 km,0.4,---
2026/07/29,19:36:30.8,熊本県天草・芦北地方,32°26.6′N,130°31.0′E,13 km,0.9,---
2026/07/29,19:37:09.9,トカラ列島近海,29°34.6′N,129°37.3′E,10 km,不明,---
2026/07/29,19:37:21.5,熊本県熊本地方,32°37.3′N,130°42.8′E,8 km,1.3,---
2026/07/29,19:38:48.4,熊本県熊本地方,32°40.7′N,130°43.5′E,13 km,0.5,---
2026/07/29,19:39:09.2,熊本県天草・芦北地方,32°27.9′N,130°29.6′E,12 km,1.2,---
2026/07/29,19:39:35.3,トカラ列島近海,29°34.9′N,129°37.4′E,11 km,不明,---
2026/07/29,19:39:56.9,トカラ列島近海,29°34.6′N,129°37.4′E,10 km,不明,---
2026/07/29,19:39:57.2,熊本県熊本地方,32°38.7′N,130°43.8′E,9 km,2.0,---
2026/07/29,19:40:56.8,青森県東方沖,41°01.9′N,142°30.2′E,46 km,2.9,---
2026/07/29,19:41:53.3,熊本県天草・芦北地方,32°29.5′N,130°31.9′E,9 km,0.8,---
2026/07/29,19:42:09.1,熊本県熊本地方,32°40.5′N,130°44.5′E,13 km,1.7,---
2026/07/29,19:42:56.0,熊本県熊本地方,32°36.9′N,130°43.2′E,6 km,3.0,---
2026/07/29,19:43:20.7,鳥取県中部,35°26.2′N,133°51.2′E,7 km,0.0,---
2026/07/29,19:43:23.8,三重県南部,33°54.7′N,135°57.4′E,12 km,0.5,---
2026/07/29,19:44:08.8,熊本県熊本地方,32°34.2′N,130°37.7′E,13 km,2.5,---
2026/07/29,19:44:31.9,熊本県熊本地方,32°33.6′N,130°37.5′E,11 km,2.8,---
2026/07/29,19:45:11.5,青森県東方沖,41°02.2′N,142°30.4′E,43 km,不明,---
2026/07/29,19:45:56.2,熊本県熊本地方,32°29.3′N,130°34.8′E,10 km,3.1,---
2026/07/29,19:46:38.8,熊本県熊本地方,32°29.3′N,130°34.4′E,6 km,1.5,---
2026/07/29,19:47:22.7,熊本県天草・芦北地方,32°27.9′N,130°32.0′E,5 km,0.6,---
2026/07/29,19:47:59.5,福島県沖,37°49.2′N,141°37.7′E,48 km,1.1,---
2026/07/29,19:48:29.5,熊本県熊本地方,32°30.7′N,130°37.2′E,0 km,0.4,---
2026/07/29,19:48:42.1,長野県中部,36°19.8′N,137°52.6′E,6 km,-0.5,---
2026/07/29,19:50:11.8,福島県沖,37°49.5′N,141°36.3′E,49 km,1.5,---
2026/07/29,19:50:36.7,熊本県熊本地方,32°37.5′N,130°43.1′E,4 km,1.6,---
2026/07/29,19:51:18.7,茨城県沖,36°12.3′N,141°36.0′E,22 km,1.9,---
2026/07/29,19:52:09.6,熊本県熊本地方,32°39.4′N,130°43.9′E,9 km,1.6,---
2026/07/29,19:53:06.2,福島県沖,37°49.8′N,141°37.6′E,48 km,1.0,---
2026/07/29,19:54:00.6,熊本県天草・芦北地方,32°28.5′N,130°31.6′E,9 km,1.0,---
2026/07/29,19:54:33.5,熊本県熊本地方,32°29.4′N,130°34.6′E,11 km,0.1,---
2026/07/29,19:55:02.9,熊本県熊本地方,32°30.2′N,130°36.1′E,11 km,0.4,---
2026/07/29,19:55:12.7,国後島付近,43°35.0′N,145°56.9′E,114 km,1.6,---
2026/07/29,19:55:44.2,紀伊水道,33°51.5′N,134°39.9′E,10 km,1.5,---
2026/07/29,19:58:06.0,熊本県天草・芦北地方,32°25.7′N,130°31.2′E,9 km,0.6,---
2026/07/29,19:59:04.6,青森県東方沖,41°02.6′N,142°30.8′E,43 km,0.7,---
2026/07/29,19:59:16.3,熊本県熊本地方,32°38.9′N,130°45.2′E,6 km,0.9,---
2026/07/29,20:00:09.6,熊本県熊本地方,32°33.4′N,130°40.0′E,2 km,0.2,---
2026/07/29,20:01:48.0,熊本県熊本地方,32°33.5′N,130°37.3′E,11 km,1.3,---
2026/07/29,20:02:04.4,岩手県内陸南部,39°14.1′N,141°28.5′E,74 km,不明,---
2026/07/29,20:03:09.8,熊本県天草・芦北地方,32°09.9′N,130°27.9′E,7 km,1.1,---
2026/07/29,20:03:34.9,熊本県天草・芦北地方,32°27.6′N,130°31.9′E,7 km,1.7,---
2026/07/29,20:04:25.7,宮城県沖,38°47.7′N,141°35.2′E,71 km,1.8,---
2026/07/29,20:04:37.0,熊本県熊本地方,32°29.0′N,130°34.8′E,6 km,0.9,---
2026/07/29,20:04:52.9,熊本県熊本地方,32°30.1′N,130°34.5′E,12 km,1.0,---
2026/07/29,20:06:08.0,熊本県熊本地方,32°31.1′N,130°36.1′E,7 km,0.9,---
2026/07/29,20:08:34.4,熊本県熊本地方,32°38.8′N,130°42.7′E,11 km,1.4,---
2026/07/29,20:09:56.4,豊後水道,32°48.2′N,132°20.7′E,14 km,0.8,---
2026/07/29,20:11:01.9,奄美大島近海,27°33.8′N,130°54.3′E,62 km,2.4,---
2026/07/29,20:11:20.0,熊本県熊本地方,32°30.0′N,130°34.7′E,8 km,0.9,---
2026/07/29,20:11:51.2,熊本県天草・芦北地方,32°27.0′N,130°33.1′E,9 km,1.2,---
2026/07/29,20:12:03.1,関東東方沖,34°38.1′N,142°05.3′E,36 km,1.0,---
2026/07/29,20:12:30.0,熊本県熊本地方,32°31.8′N,130°38.5′E,10 km,1.1,---
2026/07/29,20:12:49.0,熊本県熊本地方,32°32.9′N,130°36.3′E,13 km,0.9,---
2026/07/29,20:13:11.6,熊本県天草・芦北地方,32°26.9′N,130°33.8′E,0 km,0.8,---
2026/07/29,20:13:50.7,青森県東方沖,41°06.7′N,142°23.8′E,46 km,2.5,---
2026/07/29,20:14:39.5,熊本県熊本地方,32°47.4′N,130°48.0′E,10 km,0.8,---
2026/07/29,20:15:26.1,熊本県天草・芦北地方,32°28.8′N,130°34.2′E,11 km,2.9,---
2026/07/29,20:16:13.8,熊本県熊本地方,32°36.0′N,130°42.9′E,3 km,1.0,---
2026/07/29,20:17:38.6,熊本県天草・芦北地方,32°28.0′N,130°34.7′E,1 km,1.0,---
2026/07/29,20:17:56.1,熊本県天草・芦北地方,32°16.6′N,130°29.7′E,2 km,1.1,---
2026/07/29,20:18:31.5,青森県東方沖,40°41.6′N,142°16.4′E,49 km,2.7,---
2026/07/29,20:19:22.7,熊本県天草・芦北地方,32°27.2′N,130°34.4′E,0 km,1.5,---
2026/07/29,20:19:51.9,岩手県沖,39°55.9′N,142°26.8′E,34 km,1.8,---
2026/07/29,20:20:02.3,熊本県熊本地方,32°32.0′N,130°36.0′E,13 km,0.8,---
2026/07/29,20:20:24.4,熊本県熊本地方,32°37.8′N,130°43.7′E,0 km,0.1,---
2026/07/29,20:20:48.5,沖縄本島近海,27°19.8′N,128°57.3′E,24 km,1.2,---
2026/07/29,20:21:57.0,薩摩半島西方沖,31°45.5′N,129°50.1′E,13 km,1.0,---
2026/07/29,20:22:07.9,熊本県天草・芦北地方,32°31.0′N,130°33.7′E,13 km,1.3,---
2026/07/29,20:22:36.3,熊本県熊本地方,32°31.8′N,130°36.3′E,14 km,0.6,---
2026/07/29,20:23:03.8,熊本県天草・芦北地方,32°27.2′N,130°32.9′E,3 km,0.2,---
2026/07/29,20:23:11.2,熊本県熊本地方,32°38.3′N,130°43.7′E,9 km,0.6,---
2026/07/29,20:23:35.0,熊本県熊本地方,32°43.9′N,130°46.4′E,11 km,0.3,---
2026/07/29,20:24:08.6,熊本県熊本地方,32°34.7′N,130°39.0′E,10 km,1.2,---
2026/07/29,20:24:25.8,熊本県天草・芦北地方,32°17.6′N,130°26.6′E,2 km,0.9,---
2026/07/29,20:24:50.8,熊本県熊本地方,32°33.7′N,130°40.2′E,4 km,0.6,---
2026/07/29,20:24:58.4,熊本県熊本地方,32°31.1′N,130°35.9′E,9 km,1.4,---
2026/07/29,20:25:42.8,熊本県熊本地方,32°34.1′N,130°39.1′E,5 km,0.4,---
2026/07/29,20:25:55.2,熊本県天草・芦北地方,32°29.0′N,130°32.7′E,6 km,1.0,---
2026/07/29,20:26:07.3,熊本県熊本地方,32°28.1′N,130°35.5′E,15 km,1.0,---
2026/07/29,20:26:12.2,三陸沖,39°49.8′N,143°17.5′E,2 km,1.6,---
2026/07/29,20:26:34.6,熊本県熊本地方,32°32.6′N,130°36.8′E,13 km,0.9,---
2026/07/29,20:26:47.4,熊本県熊本地方,32°34.5′N,130°37.8′E,13 km,1.2,---
2026/07/29,20:27:02.2,熊本県天草・芦北地方,32°27.6′N,130°32.4′E,3 km,1.7,---
2026/07/29,20:27:17.6,熊本県熊本地方,32°35.3′N,130°37.2′E,14 km,1.4,---
2026/07/29,20:27:23.7,熊本県天草・芦北地方,32°26.7′N,130°33.8′E,0 km,1.8,---
2026/07/29,20:28:10.1,熊本県熊本地方,32°32.5′N,130°36.4′E,6 km,1.5,---
2026/07/29,20:28:26.8,熊本県熊本地方,32°32.9′N,130°35.4′E,15 km,1.6,---
2026/07/29,20:29:04.1,熊本県熊本地方,32°29.4′N,130°34.2′E,13 km,0.5,---
2026/07/29,20:29:25.1,熊本県天草・芦北地方,32°28.6′N,130°31.4′E,12 km,1.1,---
2026/07/29,20:29:41.0,熊本県熊本地方,32°34.4′N,130°38.6′E,5 km,1.1,---
2026/07/29,20:29:54.5,熊本県天草・芦北地方,32°27.2′N,130°32.2′E,13 km,1.6,---
2026/07/29,20:30:21.8,熊本県熊本地方,32°26.3′N,130°35.1′E,0 km,2.4,---
2026/07/29,20:30:55.6,熊本県熊本地方,32°31.3′N,130°36.9′E,6 km,2.2,---
2026/07/29,20:31:37.5,熊本県熊本地方,32°36.9′N,130°41.9′E,10 km,2.1,---
2026/07/29,20:32:10.6,熊本県熊本地方,32°35.2′N,130°39.1′E,11 km,1.8,---
2026/07/29,20:32:44.5,熊本県熊本地方,32°37.2′N,130°42.2′E,7 km,不明,---
2026/07/29,20:32:50.5,熊本県熊本地方,32°42.4′N,130°45.6′E,7 km,2.2,---
2026/07/29,20:33:54.6,熊本県天草・芦北地方,32°24.9′N,130°28.6′E,7 km,0.9,---
2026/07/29,20:34:28.0,熊本県熊本地方,32°34.1′N,130°37.8′E,13 km,1.0,---
2026/07/29,20:35:05.4,熊本県熊本地方,32°25.0′N,130°33.4′E,6 km,3.1,---
2026/07/29,20:35:51.0,熊本県熊本地方,32°37.2′N,130°41.9′E,9 km,1.9,---
2026/07/29,20:36:14.9,熊本県熊本地方,32°26.4′N,130°35.0′E,0 km,1.6,---
2026/07/29,20:36:47.6,熊本県熊本地方,32°42.8′N,130°47.1′E,8 km,1.0,---
2026/07/29,20:37:07.8,熊本県熊本地方,32°38.9′N,130°44.4′E,10 km,0.8,---
2026/07/29,20:37:29.2,熊本県熊本地方,32°31.8′N,130°35.6′E,11 km,0.7,---
2026/07/29,20:37:46.5,熊本県熊本地方,32°32.5′N,130°36.2′E,12 km,1.0,---
2026/07/29,20:37:52.6,青森県東方沖,41°03.1′N,142°31.2′E,40 km,1.1,---
2026/07/29,20:38:18.8,岩手県沖,39°56.0′N,142°26.9′E,36 km,2.2,---
2026/07/29,20:38:31.7,熊本県熊本地方,32°41.7′N,130°44.5′E,6 km,0.3,---
2026/07/29,20:39:02.2,大分県中部,33°15.4′N,131°18.6′E,8 km,1.0,---
2026/07/29,20:39:04.7,熊本県天草・芦北地方,32°28.3′N,130°29.8′E,14 km,0.7,---
2026/07/29,20:39:23.7,熊本県球磨地方,32°22.3′N,130°48.3′E,11 km,1.4,---
2026/07/29,20:39:30.6,熊本県熊本地方,32°31.2′N,130°34.3′E,11 km,1.9,---
2026/07/29,20:39:47.3,熊本県熊本地方,32°39.3′N,130°43.4′E,7 km,2.1,---
2026/07/29,20:40:23.2,熊本県熊本地方,32°36.9′N,130°42.0′E,10 km,1.9,---
2026/07/29,20:40:54.0,熊本県天草・芦北地方,32°28.6′N,130°33.1′E,7 km,1.1,---
2026/07/29,20:41:07.9,三陸沖,39°26.1′N,144°46.2′E,20 km,1.1,---
2026/07/29,20:42:04.4,沖縄本島近海,27°25.7′N,128°41.6′E,41 km,1.0,---
2026/07/29,20:42:13.9,熊本県熊本地方,32°29.4′N,130°34.4′E,11 km,1.1,---
2026/07/29,20:43:18.1,熊本県天草・芦北地方,32°29.1′N,130°31.3′E,8 km,1.2,---
2026/07/29,20:43:38.3,熊本県天草・芦北地方,32°28.5′N,130°33.4′E,13 km,1.0,---
2026/07/29,20:43:55.8,熊本県熊本地方,32°34.8′N,130°39.0′E,10 km,1.5,---
2026/07/29,20:44:33.4,熊本県熊本地方,32°40.6′N,130°44.1′E,12 km,2.6,---
2026/07/29,20:45:05.6,三陸沖,40°12.5′N,143°11.5′E,3 km,1.4,---
2026/07/29,20:45:11.6,熊本県天草・芦北地方,32°28.0′N,130°32.1′E,6 km,1.0,---
2026/07/29,20:47:10.1,熊本県熊本地方,32°41.2′N,130°44.1′E,11 km,1.3,---
2026/07/29,20:47:28.3,熊本県天草・芦北地方,32°29.2′N,130°31.3′E,8 km,1.4,---
2026/07/29,20:47:43.8,熊本県熊本地方,32°28.0′N,130°35.5′E,7 km,1.2,---
2026/07/29,20:47:53.6,有明海,32°44.6′N,130°35.8′E,12 km,4.3,---
2026/07/29,20:49:33.5,有明海,32°44.7′N,130°35.5′E,11 km,1.8,---
2026/07/29,20:51:27.4,熊本県熊本地方,32°34.1′N,130°40.1′E,5 km,1.5,---
2026/07/29,20:51:55.6,熊本県熊本地方,32°38.4′N,130°44.3′E,8 km,2.1,---
2026/07/29,20:53:11.0,熊本県熊本地方,32°34.8′N,130°38.7′E,10 km,1.0,---
2026/07/29,20:53:33.2,長野県北部,36°44.6′N,138°10.5′E,4 km,0.6,---
2026/07/29,20:53:34.0,熊本県天草・芦北地方,32°26.0′N,130°31.8′E,3 km,0.7,---
2026/07/29,20:54:02.4,熊本県天草・芦北地方,32°24.5′N,130°29.2′E,0 km,0.5,---
2026/07/29,20:54:21.8,熊本県天草・芦北地方,32°27.2′N,130°32.5′E,14 km,2.6,---
2026/07/29,20:55:10.9,熊本県熊本地方,32°37.7′N,130°43.7′E,9 km,2.9,---
2026/07/29,20:57:40.8,天草灘,31°58.1′N,130°05.1′E,8 km,0.1,---
2026/07/29,20:57:42.4,有明海,32°44.5′N,130°35.8′E,11 km,0.9,---
2026/07/29,20:57:53.2,熊本県天草・芦北地方,32°30.2′N,130°32.8′E,13 km,1.3,---
2026/07/29,20:58:22.7,熊本県熊本地方,32°34.4′N,130°40.2′E,7 km,1.2,---
2026/07/29,20:59:25.2,熊本県熊本地方,32°38.4′N,130°44.3′E,6 km,1.4,---
2026/07/29,21:00:01.2,熊本県熊本地方,32°33.1′N,130°40.6′E,6 km,0.7,---
2026/07/29,21:00:16.1,熊本県熊本地方,32°38.4′N,130°44.5′E,7 km,0.8,---
2026/07/29,21:00:42.3,長野県北部,36°28.5′N,137°53.7′E,12 km,0.1,---
2026/07/29,21:00:57.1,熊本県熊本地方,32°36.7′N,130°43.7′E,4 km,0.9,---
2026/07/29,21:01:43.0,熊本県熊本地方,32°40.7′N,130°41.9′E,15 km,0.6,---
2026/07/29,21:02:34.5,熊本県熊本地方,32°32.3′N,130°36.5′E,12 km,0.5,---
2026/07/29,21:03:17.1,熊本県熊本地方,32°35.6′N,130°39.1′E,13 km,0.5,---
2026/07/29,21:03:52.0,熊本県熊本地方,32°37.8′N,130°40.3′E,13 km,2.0,---
2026/07/29,21:04:19.4,熊本県天草・芦北地方,32°27.0′N,130°33.6′E,1 km,1.0,---
2026/07/29,21:05:06.0,熊本県熊本地方,32°34.3′N,130°38.9′E,10 km,2.2,---
2026/07/29,21:05:26.5,岩手県沖,40°12.4′N,142°57.3′E,3 km,2.0,---
2026/07/29,21:05:42.4,熊本県熊本地方,32°43.8′N,130°46.0′E,11 km,2.9,---
2026/07/29,21:06:15.2,熊本県熊本地方,32°41.8′N,130°41.4′E,12 km,1.5,---
2026/07/29,21:07:07.2,熊本県熊本地方,32°38.6′N,130°42.4′E,12 km,0.8,---
2026/07/29,21:07:22.6,熊本県熊本地方,32°34.3′N,130°39.2′E,5 km,1.1,---
2026/07/29,21:07:42.5,愛媛県中予,33°35.4′N,132°59.1′E,35 km,0.6,---
2026/07/29,21:07:58.3,熊本県熊本地方,32°36.0′N,130°41.1′E,7 km,2.4,---
2026/07/29,21:08:59.9,熊本県熊本地方,32°32.5′N,130°39.1′E,5 km,0.9,---
2026/07/29,21:09:19.7,熊本県熊本地方,32°43.3′N,130°46.7′E,7 km,1.1,---
2026/07/29,21:09:49.8,熊本県熊本地方,32°42.9′N,130°44.8′E,12 km,0.8,---
2026/07/29,21:10:01.0,神奈川県西部,35°27.6′N,138°58.8′E,21 km,0.3,---
2026/07/29,21:10:13.9,伊豆大島近海,34°44.5′N,139°28.7′E,100 km,1.6,---
2026/07/29,21:10:24.8,熊本県熊本地方,32°39.9′N,130°42.0′E,15 km,1.5,---
2026/07/29,21:10:37.1,三陸沖,40°12.5′N,143°11.8′E,3 km,1.4,---
2026/07/29,21:10:43.0,熊本県熊本地方,32°35.4′N,130°39.7′E,5 km,1.5,---
2026/07/29,21:10:46.3,熊本県熊本地方,32°44.3′N,130°46.6′E,9 km,1.1,---
2026/07/29,21:11:04.0,熊本県熊本地方,32°36.4′N,130°41.5′E,8 km,0.7,---
2026/07/29,21:11:45.1,岐阜県美濃中西部,35°39.7′N,136°30.7′E,13 km,0.4,---
2026/07/29,21:11:57.8,熊本県天草・芦北地方,32°35.2′N,130°36.4′E,13 km,0.9,---
2026/07/29,21:12:21.2,宮城県沖,38°21.8′N,142°17.0′E,41 km,1.0,---
2026/07/29,21:12:29.9,房総半島南方沖,33°55.4′N,140°33.3′E,44 km,1.4,---
2026/07/29,21:12:31.0,熊本県熊本地方,32°38.4′N,130°44.5′E,9 km,0.2,---
2026/07/29,21:12:49.8,熊本県天草・芦北地方,32°26.4′N,130°33.1′E,6 km,1.6,---
2026/07/29,21:13:11.1,熊本県天草・芦北地方,32°23.5′N,130°30.1′E,9 km,0.5,---
2026/07/29,21:13:18.1,熊本県熊本地方,32°39.9′N,130°42.5′E,12 km,0.7,---
2026/07/29,21:13:44.4,熊本県天草・芦北地方,32°28.9′N,130°34.1′E,12 km,2.2,---
2026/07/29,21:13:48.9,群馬県北部,36°39.7′N,139°16.2′E,7 km,0.4,---
2026/07/29,21:14:12.2,熊本県天草・芦北地方,32°25.5′N,130°30.0′E,7 km,1.3,---
2026/07/29,21:14:38.0,熊本県熊本地方,32°44.1′N,130°47.3′E,8 km,1.0,---
2026/07/29,21:15:03.4,熊本県天草・芦北地方,32°24.0′N,130°28.1′E,11 km,1.6,---
2026/07/29,21:15:38.9,熊本県熊本地方,32°39.9′N,130°42.0′E,14 km,0.8,---
2026/07/29,21:16:04.7,熊本県熊本地方,32°35.8′N,130°42.1′E,4 km,1.3,---
2026/07/29,21:16:48.0,熊本県熊本地方,32°38.7′N,130°43.2′E,9 km,0.7,---
2026/07/29,21:17:03.9,熊本県熊本地方,32°39.5′N,130°44.6′E,5 km,0.9,---
2026/07/29,21:17:12.5,熊本県熊本地方,32°44.7′N,130°45.9′E,11 km,0.8,---
2026/07/29,21:17:42.9,熊本県熊本地方,32°35.0′N,130°41.0′E,5 km,0.6,---
2026/07/29,21:18:15.2,熊本県熊本地方,32°29.7′N,130°34.6′E,12 km,1.3,---
2026/07/29,21:18:55.5,熊本県熊本地方,32°41.3′N,130°44.7′E,10 km,0.4,---
2026/07/29,21:19:33.0,熊本県天草・芦北地方,32°28.9′N,130°31.6′E,0 km,0.9,---
2026/07/29,21:19:53.7,熊本県天草・芦北地方,32°31.3′N,130°33.5′E,13 km,1.0,---
2026/07/29,21:20:11.7,熊本県熊本地方,32°40.8′N,130°42.7′E,3 km,1.0,---
2026/07/29,21:20:31.9,熊本県熊本地方,32°40.3′N,130°43.2′E,15 km,0.9,---
2026/07/29,21:20:44.8,熊本県天草・芦北地方,32°27.6′N,130°32.6′E,6 km,1.5,---
2026/07/29,21:21:37.3,熊本県熊本地方,32°32.3′N,130°36.7′E,13 km,1.8,---
2026/07/29,21:22:36.2,大分県中部,33°16.5′N,131°22.7′E,11 km,0.8,---
2026/07/29,21:22:45.0,熊本県熊本地方,32°32.3′N,130°36.6′E,12 km,1.1,---
2026/07/29,21:23:04.7,熊本県天草・芦北地方,32°28.3′N,130°32.9′E,10 km,0.7,---
2026/07/29,21:23:18.8,熊本県天草・芦北地方,32°30.2′N,130°32.1′E,11 km,1.2,---
2026/07/29,21:23:26.2,熊本県熊本地方,32°39.7′N,130°42.5′E,11 km,1.1,---
2026/07/29,21:24:04.6,熊本県天草・芦北地方,32°27.0′N,130°33.3′E,1 km,0.2,---
2026/07/29,21:24:34.0,熊本県天草・芦北地方,32°24.2′N,130°29.7′E,6 km,0.1,---
2026/07/29,21:24:57.4,熊本県熊本地方,32°31.3′N,130°40.1′E,12 km,1.3,---
2026/07/29,21:25:05.1,熊本県熊本地方,32°41.8′N,130°45.3′E,9 km,1.4,---
2026/07/29,21:25:28.6,熊本県熊本地方,32°32.2′N,130°34.8′E,12 km,1.3,---
2026/07/29,21:26:03.5,熊本県天草・芦北地方,32°25.5′N,130°29.9′E,8 km,1.2,---
2026/07/29,21:26:46.3,熊本県天草・芦北地方,32°29.2′N,130°31.9′E,10 km,1.4,---
2026/07/29,21:27:20.5,熊本県熊本地方,32°40.1′N,130°45.5′E,10 km,0.9,---
2026/07/29,21:28:03.3,有明海,32°44.5′N,130°35.8′E,11 km,0.6,---
2026/07/29,21:28:24.6,熊本県熊本地方,32°38.4′N,130°43.4′E,9 km,0.6,---
2026/07/29,21:29:35.9,熊本県天草・芦北地方,32°27.2′N,130°32.3′E,2 km,1.3,---
2026/07/29,21:30:34.1,熊本県熊本地方,32°38.5′N,130°43.4′E,6 km,1.1,---
2026/07/29,21:30:40.7,熊本県天草・芦北地方,32°25.0′N,130°30.0′E,3 km,1.7,---
2026/07/29,21:31:07.6,熊本県熊本地方,32°48.1′N,130°48.2′E,11 km,1.0,---
2026/07/29,21:31:08.0,日高地方東部,42°12.7′N,142°43.8′E,62 km,0.2,---
2026/07/29,21:32:00.1,奄美大島北西沖,28°10.2′N,128°10.8′E,5 km,1.3,---
2026/07/29,21:32:00.5,熊本県熊本地方,32°34.0′N,130°37.5′E,11 km,0.9,---
2026/07/29,21:32:28.8,大分県西部,33°15.6′N,131°17.8′E,8 km,0.6,---
2026/07/29,21:32:37.8,熊本県熊本地方,32°39.2′N,130°44.4′E,8 km,0.4,---
2026/07/29,21:32:54.6,熊本県天草・芦北地方,32°25.3′N,130°29.2′E,9 km,1.7,---
2026/07/29,21:33:34.4,熊本県熊本地方,32°44.3′N,130°37.0′E,12 km,0.4,---
2026/07/29,21:33:53.1,熊本県熊本地方,32°29.7′N,130°35.6′E,1 km,0.8,---
2026/07/29,21:33:59.2,岩手県内陸南部,39°15.1′N,140°59.9′E,9 km,1.0,---
2026/07/29,21:34:18.4,熊本県熊本地方,32°32.4′N,130°35.8′E,4 km,1.6,---
2026/07/29,21:34:40.9,大隅半島東方沖,30°44.7′N,131°23.5′E,33 km,1.9,---
2026/07/29,21:34:42.5,熊本県熊本地方,32°41.4′N,130°43.5′E,12 km,1.1,---
2026/07/29,21:34:57.6,熊本県熊本地方,32°42.7′N,130°45.8′E,8 km,1.1,---
2026/07/29,21:35:20.4,熊本県熊本地方,32°30.8′N,130°35.9′E,0 km,0.3,---
2026/07/29,21:36:21.9,熊本県熊本地方,32°34.6′N,130°38.1′E,8 km,0.3,---
2026/07/29,21:36:51.4,熊本県天草・芦北地方,32°30.4′N,130°31.6′E,1 km,0.7,---
2026/07/29,21:37:16.8,長野県南部,35°42.4′N,138°11.7′E,7 km,0.0,---
2026/07/29,21:37:21.1,熊本県天草・芦北地方,32°27.8′N,130°31.5′E,9 km,2.2,---
2026/07/29,21:38:10.7,熊本県天草・芦北地方,32°23.1′N,130°29.0′E,7 km,1.0,---
2026/07/29,21:38:39.4,熊本県熊本地方,32°35.7′N,130°39.5′E,10 km,1.4,---
2026/07/29,21:40:25.0,有明海,32°44.5′N,130°35.9′E,10 km,1.4,---
2026/07/29,21:41:20.8,熊本県熊本地方,32°31.5′N,130°35.5′E,13 km,0.5,---
2026/07/29,21:41:27.7,熊本県天草・芦北地方,32°36.2′N,130°37.9′E,14 km,0.8,---
2026/07/29,21:41:48.1,熊本県熊本地方,32°40.8′N,130°44.5′E,10 km,0.5,---
2026/07/29,21:42:08.3,種子島近海,30°16.1′N,130°08.1′E,102 km,1.2,---
2026/07/29,21:42:13.2,熊本県天草・芦北地方,32°29.9′N,130°31.9′E,8 km,0.4,---
2026/07/29,21:42:26.1,熊本県熊本地方,32°32.0′N,130°35.9′E,2 km,1.3,---
2026/07/29,21:42:53.6,熊本県熊本地方,32°30.3′N,130°34.3′E,11 km,0.6,---
2026/07/29,21:43:16.4,熊本県熊本地方,32°31.4′N,130°38.3′E,10 km,0.1,---
2026/07/29,21:43:32.2,熊本県天草・芦北地方,32°23.1′N,130°28.0′E,0 km,0.5,---
2026/07/29,21:43:36.1,熊本県阿蘇地方,32°55.8′N,131°01.3′E,4 km,-0.1,---
2026/07/29,21:44:17.4,熊本県天草・芦北地方,32°23.1′N,130°27.6′E,10 km,1.1,---
2026/07/29,21:44:41.2,熊本県天草・芦北地方,32°23.3′N,130°28.2′E,15 km,0.7,---
2026/07/29,21:44:47.3,和歌山県北部,34°08.7′N,135°09.6′E,5 km,0.1,---
2026/07/29,21:45:09.2,熊本県熊本地方,32°40.5′N,130°44.4′E,12 km,3.2,---
2026/07/29,21:46:24.8,熊本県天草・芦北地方,32°23.7′N,130°29.7′E,10 km,0.8,---
2026/07/29,21:46:28.4,熊本県熊本地方,32°41.9′N,130°44.5′E,3 km,0.5,---
2026/07/29,21:47:56.4,熊本県熊本地方,32°33.2′N,130°35.6′E,9 km,0.7,---
2026/07/29,21:48:08.8,熊本県熊本地方,32°31.2′N,130°34.1′E,5 km,0.4,---
2026/07/29,21:48:39.6,熊本県天草・芦北地方,32°28.3′N,130°33.9′E,1 km,0.8,---
2026/07/29,21:48:52.0,熊本県熊本地方,32°29.4′N,130°35.6′E,1 km,1.4,---
2026/07/29,21:50:00.8,熊本県熊本地方,32°39.2′N,130°42.7′E,11 km,1.1,---
2026/07/29,21:50:26.3,熊本県天草・芦北地方,32°25.4′N,130°30.6′E,4 km,0.9,---
2026/07/29,21:50:33.9,奄美大島近海,28°15.0′N,129°28.0′E,30 km,1.9,---
2026/07/29,21:50:45.4,熊本県天草・芦北地方,32°25.7′N,130°27.6′E,8 km,0.6,---
2026/07/29,21:51:35.8,熊本県天草・芦北地方,32°27.9′N,130°30.9′E,8 km,1.0,---
2026/07/29,21:51:46.6,熊本県熊本地方,32°35.9′N,130°40.0′E,7 km,0.9,---
2026/07/29,21:51:59.5,熊本県天草・芦北地方,32°27.1′N,130°32.6′E,6 km,1.4,---
2026/07/29,21:52:42.8,大分県中部,33°15.7′N,131°19.1′E,9 km,1.0,---
2026/07/29,21:52:44.1,熊本県天草・芦北地方,32°23.6′N,130°29.5′E,7 km,1.7,---
2026/07/29,21:53:11.9,十勝沖,41°33.5′N,144°10.6′E,14 km,2.4,---
2026/07/29,21:53:25.0,熊本県天草・芦北地方,32°27.3′N,130°32.6′E,6 km,1.0,---
2026/07/29,21:53:57.5,岐阜県飛騨地方,36°21.0′N,137°37.6′E,6 km,0.2,---
2026/07/29,21:54:06.0,熊本県天草・芦北地方,32°24.2′N,130°28.2′E,10 km,0.7,---
2026/07/29,21:54:43.7,熊本県熊本地方,32°38.9′N,130°42.8′E,9 km,0.2,---
2026/07/29,21:55:03.6,熊本県熊本地方,32°33.9′N,130°37.0′E,11 km,0.4,---
2026/07/29,21:55:15.8,熊本県熊本地方,32°38.0′N,130°41.6′E,14 km,0.7,---
2026/07/29,21:55:27.2,兵庫県南東部,34°41.6′N,134°58.2′E,15 km,0.9,---
2026/07/29,21:55:51.1,熊本県熊本地方,32°41.0′N,130°43.5′E,12 km,0.6,---
2026/07/29,21:56:01.4,熊本県熊本地方,32°32.5′N,130°36.1′E,12 km,1.3,---
2026/07/29,21:56:19.2,熊本県天草・芦北地方,32°27.2′N,130°32.5′E,3 km,1.3,---
2026/07/29,21:56:25.2,熊本県天草・芦北地方,32°26.9′N,130°32.4′E,1 km,1.3,---
2026/07/29,21:56:36.2,熊本県熊本地方,32°41.4′N,130°44.2′E,12 km,0.8,---
2026/07/29,21:57:06.6,熊本県熊本地方,32°29.4′N,130°34.0′E,5 km,0.8,---
2026/07/29,21:57:23.9,熊本県熊本地方,32°32.2′N,130°35.4′E,10 km,0.8,---
2026/07/29,21:57:31.9,熊本県熊本地方,32°29.8′N,130°34.5′E,9 km,0.8,---
2026/07/29,21:57:50.6,熊本県熊本地方,32°33.2′N,130°38.3′E,1 km,1.1,---
2026/07/29,21:58:19.2,熊本県天草・芦北地方,32°28.4′N,130°30.7′E,7 km,0.5,---
2026/07/29,21:58:39.0,熊本県熊本地方,32°32.4′N,130°36.1′E,13 km,1.4,---
2026/07/29,21:58:44.0,熊本県天草・芦北地方,32°27.3′N,130°33.8′E,8 km,1.9,---
2026/07/29,21:59:07.3,熊本県熊本地方,32°37.7′N,130°41.4′E,11 km,1.4,---
2026/07/29,21:59:25.7,沖縄本島近海,26°21.8′N,128°32.4′E,0 km,1.5,---
2026/07/29,21:59:27.8,熊本県天草・芦北地方,32°27.4′N,130°32.1′E,1 km,0.8,---
2026/07/29,22:00:06.1,熊本県天草・芦北地方,32°24.9′N,130°29.8′E,9 km,0.4,---
2026/07/29,22:01:06.1,熊本県熊本地方,32°36.3′N,130°42.0′E,9 km,0.1,---
2026/07/29,22:01:37.2,熊本県熊本地方,32°34.3′N,130°38.8′E,6 km,0.5,---
2026/07/29,22:02:11.6,熊本県天草・芦北地方,32°21.8′N,130°29.4′E,2 km,1.1,---
2026/07/29,22:03:21.9,熊本県天草・芦北地方,32°28.7′N,130°30.7′E,3 km,0.5,---
2026/07/29,22:03:29.3,熊本県天草・芦北地方,32°28.7′N,130°33.1′E,8 km,1.5,---
2026/07/29,22:03:32.3,群馬県北部,36°38.5′N,138°47.2′E,150 km,2.7,---
2026/07/29,22:04:02.2,熊本県天草・芦北地方,32°27.0′N,130°33.5′E,0 km,0.8,---
2026/07/29,22:04:30.1,熊本県熊本地方,32°39.4′N,130°44.5′E,14 km,0.5,---
2026/07/29,22:04:44.0,熊本県熊本地方,32°31.6′N,130°35.8′E,12 km,0.7,---
2026/07/29,22:05:42.3,熊本県熊本地方,32°40.3′N,130°44.6′E,0 km,0.4,---
2026/07/29,22:05:54.1,熊本県熊本地方,32°30.6′N,130°35.3′E,1 km,1.0,---
2026/07/29,22:06:32.1,熊本県天草・芦北地方,32°28.5′N,130°33.4′E,12 km,0.8,---
2026/07/29,22:07:42.4,熊本県熊本地方,32°33.1′N,130°40.2′E,4 km,0.7,---
2026/07/29,22:08:03.1,熊本県天草・芦北地方,32°29.4′N,130°31.6′E,12 km,1.2,---
2026/07/29,22:08:04.6,トカラ列島近海,29°21.5′N,129°32.8′E,10 km,1.6,---
2026/07/29,22:08:36.4,熊本県熊本地方,32°35.3′N,130°39.7′E,12 km,1.1,---
2026/07/29,22:09:09.8,熊本県天草・芦北地方,32°24.2′N,130°28.6′E,6 km,0.4,---
2026/07/29,22:09:24.5,熊本県熊本地方,32°29.6′N,130°36.6′E,6 km,2.1,---
2026/07/29,22:09:39.6,熊本県熊本地方,32°31.2′N,130°35.3′E,13 km,1.9,---
2026/07/29,22:10:19.4,熊本県熊本地方,32°36.7′N,130°42.0′E,9 km,1.5,---
2026/07/29,22:12:33.7,奄美大島北東沖,28°52.7′N,130°03.5′E,25 km,1.3,---
2026/07/29,22:12:33.8,熊本県天草・芦北地方,32°17.0′N,130°22.6′E,11 km,0.6,---
2026/07/29,22:13:03.1,熊本県熊本地方,32°34.1′N,130°39.7′E,2 km,0.7,---
2026/07/29,22:13:09.0,栃木県北部,37°03.8′N,139°53.2′E,8 km,0.4,---
2026/07/29,22:13:23.4,熊本県熊本地方,32°40.6′N,130°33.4′E,10 km,0.5,---
2026/07/29,22:13:50.7,熊本県天草・芦北地方,32°36.2′N,130°38.1′E,2 km,-0.1,---
2026/07/29,22:13:59.0,熊本県熊本地方,32°28.1′N,130°37.1′E,2 km,1.9,---
2026/07/29,22:14:28.3,熊本県天草・芦北地方,32°25.6′N,130°29.4′E,8 km,1.8,---
2026/07/29,22:15:04.6,長野県南部,35°42.7′N,138°11.7′E,9 km,0.7,---
2026/07/29,22:15:17.4,熊本県熊本地方,32°37.1′N,130°42.7′E,9 km,0.5,---
2026/07/29,22:15:17.5,福島県会津,37°40.8′N,139°59.8′E,6 km,0.4,---
2026/07/29,22:15:27.7,奄美大島近海,27°32.9′N,129°16.8′E,38 km,0.7,---
2026/07/29,22:15:30.8,熊本県熊本地方,32°29.8′N,130°34.8′E,12 km,0.8,---
2026/07/29,22:15:59.9,熊本県熊本地方,32°33.9′N,130°36.6′E,13 km,1.9,---
2026/07/29,22:16:04.4,岩手県沿岸北部,39°51.2′N,141°56.9′E,21 km,0.5,---
2026/07/29,22:16:06.9,宮城県沖,38°44.0′N,141°48.4′E,85 km,0.8,---
2026/07/29,22:16:11.4,和歌山県南部,33°52.4′N,135°36.3′E,21 km,-0.3,---
2026/07/29,22:16:32.8,熊本県熊本地方,32°34.7′N,130°40.7′E,0 km,1.3,---
2026/07/29,22:17:05.4,熊本県熊本地方,32°33.2′N,130°36.6′E,9 km,0.6,---
2026/07/29,22:17:21.5,熊本県熊本地方,32°38.9′N,130°43.9′E,10 km,0.2,---
2026/07/29,22:17:54.9,浦河沖,41°40.9′N,142°04.1′E,55 km,1.5,---
2026/07/29,22:18:21.4,熊本県天草・芦北地方,32°29.8′N,130°32.1′E,13 km,0.7,---
2026/07/29,22:18:48.5,熊本県熊本地方,32°26.4′N,130°35.2′E,6 km,1.7,---
2026/07/29,22:19:22.6,熊本県天草・芦北地方,32°11.0′N,130°20.7′E,4 km,0.7,---
2026/07/29,22:19:36.5,熊本県天草・芦北地方,32°22.8′N,130°28.3′E,9 km,5.8,---
2026/07/29,22:20:12.1,三陸沖,40°04.6′N,143°19.4′E,13 km,1.2,---
2026/07/29,22:20:33.1,熊本県天草・芦北地方,32°22.4′N,130°27.6′E,7 km,3.6,---
2026/07/29,22:21:35.3,熊本県熊本地方,32°41.5′N,130°44.9′E,11 km,2.9,---
2026/07/29,22:25:51.1,熊本県天草・芦北地方,32°30.8′N,130°32.8′E,12 km,1.4,---
2026/07/29,22:25:57.2,熊本県熊本地方,32°32.7′N,130°37.6′E,13 km,1.6,---
2026/07/29,22:26:08.5,熊本県熊本地方,32°35.5′N,130°38.2′E,12 km,2.4,---
2026/07/29,22:26:38.8,熊本県熊本地方,32°36.1′N,130°40.5′E,11 km,2.2,---
2026/07/29,22:27:15.0,大分県中部,33°15.4′N,131°19.0′E,10 km,2.7,---
2026/07/29,22:27:42.7,熊本県熊本地方,32°33.5′N,130°38.6′E,5 km,2.0,---
2026/07/29,22:28:17.1,石川県能登地方,37°21.6′N,136°49.8′E,8 km,0.7,---
2026/07/29,22:28:19.8,熊本県熊本地方,32°30.5′N,130°35.7′E,1 km,0.7,---
2026/07/29,22:28:40.1,熊本県熊本地方,32°40.2′N,130°43.8′E,8 km,1.1,---
2026/07/29,22:29:06.0,熊本県天草・芦北地方,32°23.5′N,130°28.2′E,6 km,0.7,---
2026/07/29,22:29:23.3,台湾付近,23°55.9′N,122°04.1′E,38 km,2.0,---
2026/07/29,22:29:31.5,大分県中部,33°15.2′N,131°19.1′E,10 km,0.8,---
2026/07/29,22:30:06.8,熊本県天草・芦北地方,32°23.5′N,130°28.4′E,9 km,1.6,---
2026/07/29,22:30:55.0,熊本県熊本地方,32°32.0′N,130°35.6′E,12 km,0.7,---
2026/07/29,22:31:03.8,熊本県天草・芦北地方,32°24.1′N,130°27.9′E,7 km,0.7,---
2026/07/29,22:31:45.3,熊本県天草・芦北地方,32°28.8′N,130°34.4′E,9 km,2.4,---
2026/07/29,22:32:11.0,熊本県熊本地方,32°33.9′N,130°38.6′E,13 km,1.5,---
2026/07/29,22:32:39.7,大分県中部,33°15.5′N,131°18.6′E,9 km,0.8,---
2026/07/29,22:33:14.3,熊本県熊本地方,32°38.1′N,130°42.0′E,11 km,1.3,---
2026/07/29,22:34:13.2,熊本県熊本地方,32°38.6′N,130°41.9′E,14 km,2.8,---
2026/07/29,22:34:23.4,上川地方南部,43°21.7′N,142°44.3′E,16 km,0.2,---
2026/07/29,22:35:04.0,熊本県熊本地方,32°32.3′N,130°42.0′E,5 km,1.0,---
2026/07/29,22:35:32.7,熊本県天草・芦北地方,32°27.5′N,130°33.3′E,6 km,1.1,---
2026/07/29,22:36:10.3,熊本県天草・芦北地方,32°30.1′N,130°33.6′E,6 km,1.2,---
2026/07/29,22:36:31.1,熊本県天草・芦北地方,32°26.7′N,130°32.6′E,14 km,1.5,---
2026/07/29,22:36:37.7,熊本県熊本地方,32°44.7′N,130°47.6′E,4 km,1.9,---
2026/07/29,22:37:35.4,熊本県天草・芦北地方,32°24.6′N,130°30.7′E,6 km,0.8,---
2026/07/29,22:38:01.3,熊本県熊本地方,32°39.5′N,130°44.6′E,10 km,1.2,---
2026/07/29,22:38:16.4,熊本県天草・芦北地方,32°24.6′N,130°29.2′E,7 km,1.0,---
2026/07/29,22:38:39.7,熊本県熊本地方,32°31.7′N,130°34.9′E,4 km,0.3,---
2026/07/29,22:38:57.1,熊本県熊本地方,32°41.1′N,130°44.1′E,11 km,1.2,---
2026/07/29,22:39:17.6,熊本県熊本地方,32°38.3′N,130°44.7′E,8 km,0.5,---
2026/07/29,22:39:32.4,熊本県熊本地方,32°41.5′N,130°43.6′E,14 km,0.5,---
2026/07/29,22:40:41.4,熊本県熊本地方,32°33.3′N,130°39.1′E,3 km,1.2,---
2026/07/29,22:40:53.6,和歌山県北部,34°12.5′N,135°12.1′E,4 km,0.2,---
2026/07/29,22:40:55.7,大分県中部,33°15.9′N,131°18.4′E,10 km,1.1,---
2026/07/29,22:41:20.1,大分県中部,33°15.1′N,131°18.7′E,10 km,0.0,---
2026/07/29,22:41:32.3,熊本県熊本地方,32°30.7′N,130°34.4′E,13 km,0.5,---
2026/07/29,22:42:00.4,熊本県天草・芦北地方,32°24.0′N,130°28.5′E,10 km,0.2,---
2026/07/29,22:42:05.5,大分県中部,33°15.3′N,131°18.6′E,10 km,0.4,---
2026/07/29,22:42:23.2,熊本県天草・芦北地方,32°19.2′N,130°21.9′E,15 km,0.3,---
2026/07/29,22:42:37.5,熊本県熊本地方,32°43.3′N,130°38.7′E,12 km,0.5,---
2026/07/29,22:42:49.0,長野県南部,35°56.3′N,137°32.3′E,7 km,-0.5,---
2026/07/29,22:43:04.8,熊本県熊本地方,32°32.5′N,130°35.1′E,11 km,0.7,---
2026/07/29,22:43:48.4,大分県中部,33°15.1′N,131°19.5′E,10 km,2.9,---
2026/07/29,22:44:30.9,熊本県天草・芦北地方,32°28.1′N,130°32.0′E,9 km,1.2,---
2026/07/29,22:45:26.5,熊本県熊本地方,32°38.4′N,130°41.8′E,13 km,1.7,---
2026/07/29,22:45:49.9,熊本県熊本地方,32°37.8′N,130°41.9′E,15 km,1.0,---
2026/07/29,22:46:09.2,大分県中部,33°15.0′N,131°19.6′E,11 km,0.8,---
2026/07/29,22:46:40.9,兵庫県南東部,34°54.8′N,134°48.0′E,12 km,1.0,---
2026/07/29,22:46:47.2,熊本県熊本地方,32°39.5′N,130°40.6′E,11 km,0.3,---
2026/07/29,22:46:51.7,大分県中部,33°15.2′N,131°19.5′E,9 km,1.0,---
2026/07/29,22:46:58.1,熊本県熊本地方,32°41.7′N,130°45.4′E,10 km,2.4,---
2026/07/29,22:47:43.0,熊本県熊本地方,32°35.1′N,130°37.2′E,14 km,1.0,---
2026/07/29,22:48:17.6,熊本県天草・芦北地方,32°18.1′N,130°22.2′E,13 km,0.1,---
2026/07/29,22:48:28.1,熊本県天草・芦北地方,32°28.9′N,130°34.9′E,0 km,1.1,---
2026/07/29,22:48:34.6,福島県浜通り,37°44.3′N,140°49.9′E,107 km,1.2,---
2026/07/29,22:48:59.6,熊本県熊本地方,32°41.6′N,130°45.2′E,9 km,0.3,---
2026/07/29,22:49:23.0,熊本県熊本地方,32°29.8′N,130°36.5′E,11 km,1.0,---
2026/07/29,22:49:27.5,熊本県天草・芦北地方,32°28.6′N,130°30.0′E,13 km,1.9,---
2026/07/29,22:49:57.2,熊本県熊本地方,32°30.8′N,130°35.3′E,9 km,1.3,---
2026/07/29,22:50:22.0,熊本県天草・芦北地方,32°26.5′N,130°32.6′E,3 km,0.3,---
2026/07/29,22:51:21.2,熊本県天草・芦北地方,32°25.9′N,130°31.0′E,1 km,0.7,---
2026/07/29,22:51:45.3,西表島付近,24°06.0′N,123°24.5′E,24 km,1.6,---
2026/07/29,22:51:49.2,熊本県熊本地方,32°39.9′N,130°43.7′E,6 km,0.3,---
2026/07/29,22:51:50.2,大分県中部,33°15.4′N,131°18.5′E,9 km,0.8,---
2026/07/29,22:52:12.9,熊本県熊本地方,32°41.2′N,130°45.0′E,10 km,1.6,---
2026/07/29,22:52:56.1,熊本県熊本地方,32°39.7′N,130°43.5′E,7 km,0.2,---
2026/07/29,22:53:18.8,熊本県熊本地方,32°32.0′N,130°36.4′E,14 km,0.5,---
2026/07/29,22:53:31.8,大分県中部,33°15.3′N,131°18.6′E,9 km,0.5,---
2026/07/29,22:53:45.8,熊本県天草・芦北地方,32°26.2′N,130°33.4′E,8 km,0.3,---
2026/07/29,22:54:13.4,熊本県熊本地方,32°33.5′N,130°38.8′E,2 km,1.1,---
2026/07/29,22:54:37.2,和歌山県北部,34°03.7′N,135°21.6′E,5 km,-0.5,---
2026/07/29,22:54:41.8,熊本県熊本地方,32°44.3′N,130°46.6′E,8 km,0.7,---
2026/07/29,22:54:45.9,熊本県天草・芦北地方,32°26.6′N,130°32.7′E,6 km,1.3,---
2026/07/29,22:55:39.7,熊本県熊本地方,32°42.1′N,130°45.5′E,9 km,0.1,---
2026/07/29,22:55:55.8,熊本県熊本地方,32°44.0′N,130°46.3′E,10 km,0.7,---
2026/07/29,22:56:26.3,熊本県天草・芦北地方,32°28.8′N,130°30.0′E,12 km,1.5,---
2026/07/29,22:56:52.1,熊本県熊本地方,32°32.4′N,130°36.0′E,13 km,0.5,---
2026/07/29,22:57:07.2,熊本県熊本地方,32°30.5′N,130°34.6′E,10 km,0.8,---
2026/07/29,22:57:08.4,熊本県熊本地方,32°44.1′N,130°47.9′E,8 km,0.7,---
2026/07/29,22:57:23.1,熊本県熊本地方,32°32.5′N,130°35.9′E,6 km,1.2,---
2026/07/29,22:57:28.0,熊本県熊本地方,32°41.5′N,130°44.6′E,12 km,2.7,---
2026/07/29,22:57:33.8,和歌山県北部,33°55.1′N,135°10.5′E,7 km,-0.2,---
2026/07/29,22:58:11.3,熊本県熊本地方,32°36.8′N,130°41.0′E,14 km,0.9,---
2026/07/29,22:58:41.6,熊本県天草・芦北地方,32°27.7′N,130°32.1′E,8 km,0.4,---
2026/07/29,22:58:51.3,熊本県熊本地方,32°32.5′N,130°39.9′E,5 km,0.8,---
2026/07/29,22:59:11.6,熊本県天草・芦北地方,32°27.9′N,130°31.8′E,9 km,1.2,---
2026/07/29,22:59:13.1,熊本県熊本地方,32°38.9′N,130°43.2′E,7 km,1.5,---
2026/07/29,22:59:31.0,熊本県天草・芦北地方,32°27.5′N,130°33.0′E,0 km,1.3,---
2026/07/29,22:59:52.5,熊本県天草・芦北地方,32°27.8′N,130°33.2′E,3 km,1.3,---
2026/07/29,23:00:11.7,熊本県天草・芦北地方,32°28.0′N,130°31.2′E,6 km,0.5,---
2026/07/29,23:00:24.9,福島県沖,37°08.3′N,141°18.6′E,54 km,2.4,---
2026/07/29,23:00:32.5,石川県能登地方,37°09.1′N,136°43.0′E,4 km,0.3,---
2026/07/29,23:00:33.7,熊本県天草・芦北地方,32°26.3′N,130°30.8′E,7 km,0.6,---
2026/07/29,23:01:14.4,大分県中部,33°15.2′N,131°19.0′E,10 km,0.4,---
2026/07/29,23:01:57.1,熊本県天草・芦北地方,32°29.8′N,130°32.9′E,0 km,0.2,---
2026/07/29,23:02:15.5,熊本県熊本地方,32°33.9′N,130°41.3′E,6 km,0.4,---
2026/07/29,23:02:34.8,熊本県熊本地方,32°31.6′N,130°37.4′E,10 km,4.3,---
2026/07/29,23:03:10.9,福島県沖,37°50.4′N,141°36.7′E,50 km,1.6,---
2026/07/29,23:03:20.4,大分県中部,33°15.3′N,131°19.6′E,10 km,3.6,---
2026/07/29,23:03:31.7,京都府北部,35°15.1′N,135°19.6′E,12 km,1.4,---
2026/07/29,23:04:05.4,千葉県北西部,35°33.4′N,140°08.5′E,71 km,1.2,---
2026/07/29,23:05:07.5,大分県中部,33°15.1′N,131°19.7′E,9 km,2.1,---
2026/07/29,23:05:11.2,熊本県熊本地方,32°48.1′N,130°48.9′E,9 km,1.5,---
2026/07/29,23:05:43.4,熊本県熊本地方,32°29.1′N,130°33.9′E,0 km,1.3,---
2026/07/29,23:05:58.8,熊本県熊本地方,32°38.7′N,130°42.5′E,12 km,1.7,---
2026/07/29,23:06:27.1,熊本県天草・芦北地方,32°28.0′N,130°31.3′E,9 km,1.3,---
2026/07/29,23:06:54.3,熊本県熊本地方,32°40.3′N,130°43.4′E,11 km,1.9,---
2026/07/29,23:07:19.9,熊本県熊本地方,32°34.4′N,130°36.8′E,13 km,1.6,---
2026/07/29,23:07:49.9,熊本県熊本地方,32°29.2′N,130°35.3′E,8 km,0.8,---
2026/07/29,23:07:59.1,熊本県熊本地方,32°35.5′N,130°37.9′E,15 km,0.8,---
2026/07/29,23:08:47.1,熊本県熊本地方,32°41.9′N,130°46.2′E,12 km,0.5,---
2026/07/29,23:08:59.1,薩摩半島西方沖,31°53.1′N,129°19.7′E,17 km,0.5,---
2026/07/29,23:09:15.1,熊本県天草・芦北地方,32°27.8′N,130°34.0′E,12 km,0.5,---
2026/07/29,23:09:25.5,大分県中部,33°15.1′N,131°19.5′E,10 km,0.8,---
2026/07/29,23:10:01.4,大分県中部,33°15.1′N,131°19.2′E,9 km,1.5,---
2026/07/29,23:10:17.2,熊本県天草・芦北地方,32°26.2′N,130°31.0′E,3 km,0.5,---
2026/07/29,23:10:27.8,大分県中部,33°15.2′N,131°19.2′E,9 km,1.6,---
2026/07/29,23:10:47.0,熊本県熊本地方,32°37.3′N,130°42.1′E,2 km,0.9,---
2026/07/29,23:11:04.7,熊本県熊本地方,32°43.9′N,130°47.1′E,7 km,0.9,---
2026/07/29,23:11:20.5,大分県中部,33°15.4′N,131°18.7′E,9 km,1.4,---
2026/07/29,23:11:47.5,熊本県熊本地方,32°42.1′N,130°45.4′E,9 km,0.5,---
2026/07/29,23:11:59.2,熊本県天草・芦北地方,32°31.6′N,130°33.8′E,14 km,1.4,---
2026/07/29,23:12:05.3,福島県沖,37°49.6′N,141°37.6′E,49 km,0.9,---
2026/07/29,23:12:15.4,熊本県熊本地方,32°29.8′N,130°34.1′E,7 km,1.8,---
2026/07/29,23:12:35.3,熊本県熊本地方,32°29.6′N,130°38.7′E,5 km,1.1,---
2026/07/29,23:12:37.2,大分県中部,33°15.3′N,131°18.8′E,10 km,1.3,---
2026/07/29,23:13:03.1,熊本県熊本地方,32°39.2′N,130°41.7′E,13 km,1.6,---
2026/07/29,23:13:18.7,千葉県東方沖,35°18.7′N,141°06.7′E,15 km,1.6,---
2026/07/29,23:13:19.5,茨城県沖,36°36.0′N,140°43.3′E,10 km,0.5,---
2026/07/29,23:13:24.0,岩手県沿岸北部,39°45.5′N,141°50.8′E,57 km,2.1,---
2026/07/29,23:13:51.0,熊本県熊本地方,32°32.8′N,130°36.8′E,9 km,0.3,---
2026/07/29,23:14:05.4,熊本県熊本地方,32°30.1′N,130°35.1′E,10 km,1.9,---
2026/07/29,23:14:33.8,熊本県熊本地方,32°39.4′N,130°42.3′E,14 km,0.8,---
2026/07/29,23:14:57.0,熊本県熊本地方,32°46.9′N,130°49.1′E,7 km,0.4,---
2026/07/29,23:15:10.9,熊本県天草・芦北地方,32°28.3′N,130°32.4′E,10 km,0.6,---
2026/07/29,23:15:46.6,熊本県熊本地方,32°38.9′N,130°41.4′E,14 km,1.0,---
2026/07/29,23:16:17.1,大分県中部,33°15.2′N,131°18.5′E,9 km,0.8,---
2026/07/29,23:16:30.2,熊本県天草・芦北地方,32°28.9′N,130°34.1′E,6 km,1.5,---
2026/07/29,23:16:46.4,岩手県沖,40°10.5′N,142°45.3′E,19 km,2.2,---
2026/07/29,23:16:52.7,熊本県天草・芦北地方,32°29.8′N,130°32.5′E,10 km,1.2,---
2026/07/29,23:17:07.0,宮城県沖,38°23.9′N,142°19.8′E,35 km,1.4,---
2026/07/29,23:17:27.6,熊本県天草・芦北地方,32°30.7′N,130°33.0′E,13 km,1.3,---
2026/07/29,23:17:47.0,熊本県天草・芦北地方,32°29.9′N,130°32.3′E,7 km,0.6,---
2026/07/29,23:18:26.6,熊本県天草・芦北地方,32°31.7′N,130°33.6′E,12 km,0.9,---
2026/07/29,23:18:50.7,熊本県天草・芦北地方,32°28.2′N,130°32.8′E,6 km,1.4,---
2026/07/29,23:19:30.3,熊本県天草・芦北地方,32°22.2′N,130°27.4′E,7 km,0.8,---
2026/07/29,23:19:39.1,大分県中部,33°15.5′N,131°18.2′E,10 km,0.8,---
2026/07/29,23:19:54.6,熊本県熊本地方,32°30.6′N,130°34.1′E,14 km,0.7,---
2026/07/29,23:20:13.4,熊本県熊本地方,32°36.9′N,130°41.1′E,13 km,1.3,---
2026/07/29,23:20:29.7,四国沖,33°16.3′N,134°47.0′E,21 km,0.7,---
2026/07/29,23:20:31.9,後志地方西部,42°45.0′N,140°30.1′E,11 km,2.3,---
2026/07/29,23:20:42.6,熊本県熊本地方,32°40.1′N,130°43.7′E,12 km,0.4,---
2026/07/29,23:21:15.9,熊本県熊本地方,32°39.9′N,130°43.2′E,12 km,0.7,---
2026/07/29,23:21:58.1,大分県中部,33°15.3′N,131°18.6′E,10 km,0.5,---
2026/07/29,23:22:05.4,熊本県熊本地方,32°30.6′N,130°34.8′E,11 km,0.8,---
2026/07/29,23:22:28.1,熊本県熊本地方,32°33.5′N,130°37.8′E,13 km,0.6,---
2026/07/29,23:22:54.5,熊本県熊本地方,32°30.1′N,130°34.7′E,13 km,1.7,---
2026/07/29,23:22:57.8,大分県中部,33°14.7′N,131°19.3′E,11 km,1.4,---
2026/07/29,23:23:37.8,熊本県熊本地方,32°36.4′N,130°42.1′E,5 km,0.9,---
2026/07/29,23:23:46.7,熊本県天草・芦北地方,32°29.8′N,130°32.0′E,11 km,1.9,---
2026/07/29,23:24:22.8,北海道東方沖,43°44.0′N,146°52.3′E,99 km,2.3,---
2026/07/29,23:24:27.6,熊本県天草・芦北地方,32°24.7′N,130°29.7′E,1 km,0.7,---
2026/07/29,23:25:07.9,熊本県熊本地方,32°39.1′N,130°44.3′E,9 km,1.5,---
2026/07/29,23:25:27.9,熊本県熊本地方,32°30.3′N,130°34.3′E,10 km,1.1,---
2026/07/29,23:25:53.0,熊本県天草・芦北地方,32°27.8′N,130°33.9′E,9 km,0.2,---
2026/07/29,23:26:03.8,熊本県熊本地方,32°34.0′N,130°37.9′E,10 km,1.4,---
2026/07/29,23:26:26.2,大分県中部,33°15.3′N,131°19.2′E,8 km,1.8,---
2026/07/29,23:26:48.6,大分県中部,33°15.2′N,131°19.4′E,8 km,1.5,---
2026/07/29,23:28:01.8,大分県中部,33°15.6′N,131°18.6′E,8 km,0.6,---
2026/07/29,23:28:13.1,熊本県熊本地方,32°30.0′N,130°36.0′E,9 km,1.4,---
2026/07/29,23:28:36.0,大分県中部,33°15.7′N,131°18.5′E,7 km,0.7,---
2026/07/29,23:29:19.5,大分県中部,33°15.1′N,131°18.7′E,10 km,0.1,---
2026/07/29,23:29:25.5,熊本県天草・芦北地方,32°26.4′N,130°29.0′E,12 km,0.2,---
2026/07/29,23:29:34.7,三陸沖,39°22.2′N,144°49.4′E,22 km,2.6,---
2026/07/29,23:29:52.5,奄美大島近海,28°35.8′N,129°42.2′E,15 km,1.5,---
2026/07/29,23:29:55.3,愛媛県東予,34°01.3′N,132°58.6′E,11 km,1.1,---
2026/07/29,23:29:56.0,熊本県天草・芦北地方,32°11.9′N,130°21.0′E,7 km,1.4,---
2026/07/29,23:30:23.2,三陸沖,39°23.1′N,143°39.9′E,10 km,2.2,---
2026/07/29,23:30:25.6,熊本県熊本地方,32°38.9′N,130°41.5′E,13 km,0.6,---
2026/07/29,23:30:36.9,大分県中部,33°15.3′N,131°19.0′E,9 km,1.4,---
2026/07/29,23:31:12.5,大分県中部,33°15.5′N,131°18.6′E,10 km,1.1,---
2026/07/29,23:31:20.9,熊本県熊本地方,32°30.8′N,130°35.6′E,8 km,0.8,---
2026/07/29,23:31:41.8,熊本県熊本地方,32°37.9′N,130°43.6′E,7 km,0.3,---
2026/07/29,23:31:47.9,熊本県天草・芦北地方,32°27.6′N,130°33.6′E,10 km,2.7,---
2026/07/29,23:32:39.9,熊本県熊本地方,32°41.4′N,130°44.1′E,10 km,1.6,---
2026/07/29,23:33:01.4,熊本県天草・芦北地方,32°28.2′N,130°32.8′E,13 km,1.2,---
2026/07/29,23:33:36.9,熊本県天草・芦北地方,32°29.0′N,130°31.7′E,12 km,0.9,---
2026/07/29,23:34:37.8,熊本県熊本地方,32°34.8′N,130°39.0′E,14 km,0.5,---
2026/07/29,23:34:52.5,熊本県熊本地方,32°37.3′N,130°42.3′E,6 km,0.5,---
2026/07/29,23:35:07.5,熊本県熊本地方,32°33.5′N,130°37.8′E,6 km,0.5,---
2026/07/29,23:35:08.6,大分県中部,33°15.6′N,131°18.4′E,8 km,0.6,---
2026/07/29,23:35:54.2,熊本県天草・芦北地方,32°27.9′N,130°29.5′E,11 km,0.5,---
2026/07/29,23:36:00.1,日向灘,32°21.1′N,131°52.7′E,20 km,0.9,---
2026/07/29,23:36:08.3,大分県中部,33°15.3′N,131°18.7′E,10 km,0.1,---
2026/07/29,23:36:13.5,和歌山県南方沖,33°20.5′N,135°42.2′E,28 km,0.2,---
2026/07/29,23:36:35.2,熊本県熊本地方,32°34.0′N,130°38.7′E,5 km,1.1,---
2026/07/29,23:36:54.3,熊本県熊本地方,32°32.7′N,130°37.1′E,10 km,2.2,---
2026/07/29,23:37:03.2,茨城県南部,36°06.3′N,139°49.6′E,48 km,1.9,---
2026/07/29,23:37:23.3,熊本県熊本地方,32°37.1′N,130°42.9′E,8 km,1.1,---
2026/07/29,23:37:45.3,三重県北部,34°53.9′N,136°19.1′E,10 km,0.2,---
2026/07/29,23:37:49.0,熊本県熊本地方,32°30.4′N,130°35.1′E,9 km,1.3,---
2026/07/29,23:38:33.7,熊本県熊本地方,32°31.9′N,130°36.1′E,13 km,1.5,---
2026/07/29,23:38:49.7,岩手県沖,40°16.2′N,142°17.3′E,36 km,1.8,---
2026/07/29,23:38:53.7,熊本県熊本地方,32°43.5′N,130°46.4′E,10 km,1.0,---
2026/07/29,23:39:20.5,熊本県熊本地方,32°33.6′N,130°38.5′E,4 km,1.8,---
2026/07/29,23:39:56.8,熊本県天草・芦北地方,32°30.1′N,130°31.2′E,11 km,0.7,---
2026/07/29,23:40:07.5,熊本県熊本地方,32°38.4′N,130°41.5′E,13 km,1.0,---
2026/07/29,23:41:15.3,熊本県熊本地方,32°37.6′N,130°42.7′E,8 km,0.8,---
2026/07/29,23:41:44.8,熊本県熊本地方,32°31.4′N,130°35.6′E,10 km,0.7,---
2026/07/29,23:42:32.1,熊本県熊本地方,32°44.5′N,130°45.9′E,11 km,0.8,---
2026/07/29,23:42:53.6,熊本県天草・芦北地方,32°22.9′N,130°28.9′E,9 km,1.5,---
2026/07/29,23:43:36.8,福井県嶺北,35°55.1′N,136°44.3′E,10 km,0.2,---
2026/07/29,23:43:43.9,播磨灘,34°23.3′N,134°39.6′E,10 km,0.7,---
2026/07/29,23:44:02.1,熊本県熊本地方,32°35.6′N,130°38.4′E,13 km,1.5,---
2026/07/29,23:44:40.6,熊本県熊本地方,32°40.4′N,130°44.7′E,9 km,2.3,---
2026/07/29,23:45:43.9,熊本県熊本地方,32°40.5′N,130°42.7′E,14 km,0.0,---
2026/07/29,23:45:58.2,岩手県沖,40°16.5′N,142°17.6′E,36 km,0.8,---
2026/07/29,23:46:17.1,熊本県熊本地方,32°39.4′N,130°43.3′E,15 km,0.2,---
2026/07/29,23:46:31.6,有明海,32°43.7′N,130°34.9′E,14 km,0.6,---
2026/07/29,23:47:04.3,熊本県天草・芦北地方,32°29.5′N,130°31.0′E,10 km,0.4,---
2026/07/29,23:47:26.4,熊本県熊本地方,32°37.8′N,130°41.7′E,3 km,0.3,---
2026/07/29,23:47:55.3,熊本県天草・芦北地方,32°28.3′N,130°32.8′E,8 km,0.3,---
2026/07/29,23:48:04.1,熊本県天草・芦北地方,32°22.6′N,130°30.8′E,12 km,1.5,---
2026/07/29,23:49:08.4,熊本県熊本地方,32°33.9′N,130°41.1′E,5 km,1.8,---
2026/07/29,23:49:42.5,熊本県天草・芦北地方,32°30.9′N,130°32.9′E,12 km,0.8,---
2026/07/29,23:50:17.3,熊本県天草・芦北地方,32°27.3′N,130°32.4′E,1 km,1.2,---
2026/07/29,23:50:44.8,熊本県天草・芦北地方,32°23.4′N,130°29.4′E,7 km,0.8,---
2026/07/29,23:51:02.3,熊本県熊本地方,32°32.0′N,130°35.9′E,10 km,1.0,---
2026/07/29,23:51:26.8,熊本県天草・芦北地方,32°25.5′N,130°30.6′E,8 km,0.5,---
2026/07/29,23:51:29.2,日向灘,32°21.0′N,131°53.5′E,16 km,0.7,---
2026/07/29,23:51:52.9,熊本県熊本地方,32°29.7′N,130°34.8′E,14 km,0.0,---
2026/07/29,23:52:11.4,熊本県熊本地方,32°41.2′N,130°45.0′E,11 km,0.8,---
2026/07/29,23:52:26.0,熊本県天草・芦北地方,32°27.6′N,130°34.7′E,0 km,1.9,---
2026/07/29,23:52:33.6,熊本県熊本地方,32°31.2′N,130°35.5′E,10 km,2.0,---
2026/07/29,23:52:51.7,熊本県熊本地方,32°32.1′N,130°35.4′E,10 km,1.9,---
2026/07/29,23:53:05.0,熊本県熊本地方,32°39.2′N,130°41.7′E,14 km,0.8,---
2026/07/29,23:53:07.3,熊本県天草・芦北地方,32°27.6′N,130°34.8′E,7 km,2.7,---
2026/07/29,23:54:38.9,熊本県天草・芦北地方,32°22.6′N,130°28.6′E,8 km,0.8,---
2026/07/29,23:55:17.7,熊本県天草・芦北地方,32°27.4′N,130°32.5′E,12 km,0.4,---
2026/07/29,23:55:31.4,熊本県熊本地方,32°45.1′N,130°48.9′E,5 km,1.1,---
2026/07/29,23:55:51.1,熊本県熊本地方,32°36.7′N,130°40.6′E,10 km,1.8,---
2026/07/29,23:56:38.4,熊本県天草・芦北地方,32°09.9′N,130°28.2′E,9 km,0.8,---
2026/07/29,23:56:46.8,熊本県熊本地方,32°33.7′N,130°40.0′E,3 km,1.8,---
2026/07/29,23:57:23.3,熊本県熊本地方,32°34.0′N,130°38.0′E,8 km,1.9,---
2026/07/29,23:58:05.6,熊本県天草・芦北地方,32°22.7′N,130°28.1′E,8 km,0.3,---
2026/07/29,23:58:23.0,熊本県熊本地方,32°33.2′N,130°37.5′E,13 km,1.6,---
2026/07/29,23:58:52.0,熊本県熊本地方,32°35.3′N,130°39.2′E,12 km,1.0,---
2026/07/29,23:59:03.2,熊本県熊本地方,32°41.7′N,130°45.5′E,10 km,0.9,---
2026/07/29,23:59:07.6,熊本県熊本地方,32°38.5′N,130°42.6′E,9 km,1.4,---
2026/07/29,23:59:31.8,熊本県熊本地方,32°35.1′N,130°42.4′E,2 km,0.2,---
2026/07/29,23:59:52.0,熊本県天草・芦北地方,32°27.1′N,130°30.1′E,7 km,0.4,---
2026/07/29,23:59:58.9,熊本県熊本地方,32°41.8′N,130°43.9′E,11 km,1.8,---
