地震の発生日,地震の発生時刻,震央地名,緯度,経度,深さ,Ｍ,最大震度
2026/07/30,00:00:17.9,大分県中部,33°15.0′N,131°18.4′E,10 km,1.4,---
2026/07/30,00:00:41.5,熊本県天草・芦北地方,32°28.8′N,130°30.9′E,6 km,0.7,---
2026/07/30,00:01:06.8,南大東島近海,27°00.0′N,130°43.8′E,44 km,2.5,---
2026/07/30,00:01:11.5,熊本県熊本地方,32°45.7′N,130°45.7′E,13 km,0.4,---
2026/07/30,00:01:32.7,熊本県天草・芦北地方,32°31.6′N,130°33.7′E,12 km,1.0,---
2026/07/30,00:01:43.7,大分県中部,33°15.3′N,131°19.2′E,9 km,1.4,---
2026/07/30,00:02:17.5,和歌山県北部,34°04.3′N,135°18.4′E,10 km,-0.4,---
2026/07/30,00:02:18.0,大分県中部,33°15.2′N,131°19.0′E,10 km,0.8,---
2026/07/30,00:02:23.9,熊本県熊本地方,32°38.6′N,130°43.5′E,9 km,1.3,---
2026/07/30,00:02:28.0,大分県中部,33°15.4′N,131°18.8′E,10 km,1.4,---
2026/07/30,00:02:50.8,熊本県熊本地方,32°33.8′N,130°38.3′E,7 km,1.5,---
2026/07/30,00:04:03.8,熊本県熊本地方,32°29.7′N,130°38.8′E,9 km,0.9,---
2026/07/30,00:04:11.8,大分県中部,33°15.5′N,131°18.7′E,10 km,0.0,---
2026/07/30,00:04:22.7,宮城県沖,38°43.1′N,142°15.5′E,40 km,0.6,---
2026/07/30,00:04:30.9,熊本県熊本地方,32°31.6′N,130°37.4′E,5 km,1.9,---
2026/07/30,00:05:07.5,大分県中部,33°15.3′N,131°18.4′E,10 km,0.7,---
2026/07/30,00:05:51.8,大分県中部,33°14.8′N,131°21.2′E,11 km,0.1,---
2026/07/30,00:05:56.2,熊本県熊本地方,32°40.5′N,130°42.6′E,13 km,1.0,---
2026/07/30,00:06:18.8,熊本県熊本地方,32°29.2′N,130°33.2′E,0 km,0.1,---
2026/07/30,00:06:35.8,熊本県熊本地方,32°41.8′N,130°44.1′E,11 km,1.1,---
2026/07/30,00:07:31.2,熊本県熊本地方,32°31.1′N,130°34.4′E,13 km,0.1,---
2026/07/30,00:07:42.9,熊本県天草・芦北地方,32°27.4′N,130°34.3′E,0 km,0.6,---
2026/07/30,00:08:03.6,有明海,32°44.8′N,130°36.1′E,12 km,0.6,---
2026/07/30,00:08:51.0,熊本県熊本地方,32°35.8′N,130°38.4′E,14 km,0.5,---
2026/07/30,00:09:11.2,宮城県沖,38°46.5′N,141°44.1′E,52 km,0.6,---
2026/07/30,00:09:31.7,熊本県熊本地方,32°40.0′N,130°44.5′E,8 km,0.5,---
2026/07/30,00:09:39.7,熊本県天草・芦北地方,32°27.4′N,130°33.0′E,2 km,1.1,---
2026/07/30,00:09:43.9,長野県中部,36°21.0′N,138°00.2′E,10 km,-0.4,---
2026/07/30,00:10:10.2,熊本県熊本地方,32°41.9′N,130°45.6′E,7 km,0.1,---
2026/07/30,00:10:10.3,熊本県天草・芦北地方,32°26.2′N,130°31.9′E,1 km,0.6,---
2026/07/30,00:10:32.7,熊本県熊本地方,32°29.4′N,130°34.5′E,13 km,0.6,---
2026/07/30,00:10:56.4,奄美大島近海,28°31.0′N,129°35.5′E,29 km,0.9,---
2026/07/30,00:11:02.5,熊本県熊本地方,32°34.3′N,130°38.5′E,8 km,1.0,---
2026/07/30,00:11:36.1,熊本県熊本地方,32°40.7′N,130°44.1′E,9 km,0.5,---
2026/07/30,00:11:43.5,熊本県熊本地方,32°38.6′N,130°43.0′E,8 km,0.7,---
2026/07/30,00:11:44.9,長野県中部,36°21.1′N,137°59.2′E,11 km,-0.2,---
2026/07/30,00:12:38.6,熊本県熊本地方,32°39.6′N,130°44.9′E,6 km,0.4,---
2026/07/30,00:12:56.2,長野県中部,36°20.7′N,137°58.9′E,9 km,-0.1,---
2026/07/30,00:13:04.7,熊本県熊本地方,32°40.0′N,130°43.8′E,9 km,1.0,---
2026/07/30,00:13:19.2,熊本県熊本地方,32°32.5′N,130°36.5′E,11 km,0.9,---
2026/07/30,00:13:59.2,浦河沖,41°55.1′N,142°06.7′E,57 km,1.3,---
2026/07/30,00:14:04.7,熊本県熊本地方,32°32.6′N,130°34.6′E,0 km,1.2,---
2026/07/30,00:14:08.9,長野県中部,36°20.5′N,137°58.8′E,10 km,0.1,---
2026/07/30,00:14:36.7,熊本県熊本地方,32°38.8′N,130°42.4′E,13 km,0.6,---
2026/07/30,00:14:57.8,長野県北部,36°35.2′N,137°51.3′E,4 km,0.2,---
2026/07/30,00:15:20.2,大分県中部,33°15.9′N,131°19.2′E,12 km,0.7,---
2026/07/30,00:15:57.6,熊本県熊本地方,32°39.9′N,130°44.8′E,10 km,0.3,---
2026/07/30,00:16:07.4,熊本県熊本地方,32°26.3′N,130°35.3′E,0 km,1.6,---
2026/07/30,00:16:43.4,熊本県天草・芦北地方,32°29.7′N,130°30.9′E,11 km,0.9,---
2026/07/30,00:18:02.8,熊本県天草・芦北地方,32°29.3′N,130°31.7′E,11 km,0.3,---
2026/07/30,00:18:12.9,熊本県天草・芦北地方,32°28.5′N,130°33.2′E,5 km,0.5,---
2026/07/30,00:18:46.9,熊本県熊本地方,32°39.8′N,130°44.3′E,7 km,0.1,---
2026/07/30,00:18:54.9,熊本県天草・芦北地方,32°15.4′N,130°19.6′E,11 km,1.3,---
2026/07/30,00:19:09.9,熊本県天草・芦北地方,32°27.8′N,130°30.4′E,8 km,1.2,---
2026/07/30,00:19:52.3,熊本県熊本地方,32°35.9′N,130°38.4′E,13 km,0.8,---
2026/07/30,00:20:11.9,奄美大島近海,28°03.5′N,129°31.4′E,28 km,1.1,---
2026/07/30,00:20:28.3,熊本県天草・芦北地方,32°32.1′N,130°33.3′E,12 km,0.5,---
2026/07/30,00:20:45.5,熊本県熊本地方,32°30.1′N,130°35.8′E,7 km,0.9,---
2026/07/30,00:21:18.5,熊本県天草・芦北地方,32°15.3′N,130°26.1′E,12 km,0.1,---
2026/07/30,00:21:33.3,熊本県天草・芦北地方,32°31.6′N,130°33.7′E,12 km,1.6,---
2026/07/30,00:22:13.2,熊本県熊本地方,32°42.6′N,130°46.1′E,7 km,-0.1,---
2026/07/30,00:22:21.0,神奈川県西部,35°25.0′N,138°59.3′E,23 km,0.4,---
2026/07/30,00:22:31.5,熊本県熊本地方,32°35.4′N,130°37.4′E,13 km,0.1,---
2026/07/30,00:22:50.4,熊本県熊本地方,32°31.4′N,130°36.3′E,0 km,0.6,---
2026/07/30,00:23:02.2,熊本県熊本地方,32°40.1′N,130°43.0′E,12 km,0.8,---
2026/07/30,00:23:13.2,熊本県天草・芦北地方,32°23.5′N,130°28.2′E,6 km,1.0,---
2026/07/30,00:23:22.3,沖縄本島近海,27°01.0′N,127°55.4′E,56 km,0.4,---
2026/07/30,00:23:25.5,熊本県天草・芦北地方,32°30.6′N,130°31.8′E,12 km,0.8,---
2026/07/30,00:23:26.9,種子島近海,30°16.5′N,130°45.0′E,4 km,1.6,---
2026/07/30,00:23:45.5,宮城県沖,38°05.4′N,142°44.6′E,14 km,1.2,---
2026/07/30,00:23:48.9,熊本県熊本地方,32°39.1′N,130°42.1′E,14 km,0.5,---
2026/07/30,00:23:49.4,釧路地方北部,43°27.8′N,144°23.3′E,156 km,2.2,---
2026/07/30,00:24:07.3,熊本県天草・芦北地方,32°22.1′N,130°27.2′E,1 km,0.3,---
2026/07/30,00:24:18.2,熊本県熊本地方,32°30.0′N,130°34.3′E,5 km,0.8,---
2026/07/30,00:24:53.3,熊本県熊本地方,32°32.5′N,130°36.7′E,11 km,0.5,---
2026/07/30,00:25:10.9,熊本県天草・芦北地方,32°29.9′N,130°32.7′E,10 km,0.9,---
2026/07/30,00:25:16.5,大分県中部,33°15.2′N,131°19.2′E,9 km,1.1,---
2026/07/30,00:25:25.2,熊本県天草・芦北地方,32°13.5′N,130°26.5′E,2 km,1.1,---
2026/07/30,00:25:35.3,熊本県天草・芦北地方,32°27.3′N,130°34.5′E,3 km,1.5,---
2026/07/30,00:26:12.7,熊本県熊本地方,32°42.5′N,130°45.5′E,11 km,0.2,---
2026/07/30,00:26:29.3,熊本県天草・芦北地方,32°27.7′N,130°34.6′E,3 km,0.7,---
2026/07/30,00:26:46.1,熊本県天草・芦北地方,32°27.3′N,130°31.7′E,12 km,0.5,---
2026/07/30,00:26:50.6,熊本県熊本地方,32°38.6′N,130°43.6′E,9 km,1.7,---
2026/07/30,00:27:57.2,奄美大島近海,28°37.9′N,129°33.6′E,30 km,0.7,---
2026/07/30,00:28:24.1,熊本県天草・芦北地方,32°27.0′N,130°33.7′E,0 km,0.8,---
2026/07/30,00:29:01.1,熊本県熊本地方,32°38.2′N,130°41.3′E,12 km,0.4,---
2026/07/30,00:29:02.6,長野県中部,36°20.9′N,137°59.8′E,10 km,-0.7,---
2026/07/30,00:29:13.8,熊本県熊本地方,32°42.6′N,130°46.1′E,9 km,1.2,---
2026/07/30,00:29:33.5,熊本県熊本地方,32°39.2′N,130°42.0′E,14 km,0.9,---
2026/07/30,00:30:08.9,熊本県熊本地方,32°32.1′N,130°35.9′E,10 km,0.3,---
2026/07/30,00:30:25.2,大分県西部,33°15.2′N,131°17.7′E,15 km,0.3,---
2026/07/30,00:30:26.7,熊本県熊本地方,32°39.5′N,130°43.5′E,13 km,0.3,---
2026/07/30,00:30:46.8,熊本県熊本地方,32°32.1′N,130°36.0′E,7 km,1.7,---
2026/07/30,00:30:48.0,大分県中部,33°14.9′N,131°19.5′E,11 km,0.9,---
2026/07/30,00:32:06.3,熊本県熊本地方,32°41.1′N,130°45.3′E,9 km,0.6,---
2026/07/30,00:32:32.7,天草灘,32°06.4′N,129°56.5′E,8 km,0.8,---
2026/07/30,00:32:42.8,熊本県熊本地方,32°39.7′N,130°44.5′E,12 km,0.7,---
2026/07/30,00:33:10.2,熊本県熊本地方,32°36.9′N,130°43.8′E,3 km,1.5,---
2026/07/30,00:33:15.0,大分県中部,33°15.1′N,131°18.4′E,8 km,0.5,---
2026/07/30,00:34:33.1,熊本県熊本地方,32°37.1′N,130°42.5′E,7 km,0.6,---
2026/07/30,00:34:55.0,熊本県熊本地方,32°33.9′N,130°39.1′E,6 km,0.5,---
2026/07/30,00:35:18.8,熊本県熊本地方,32°32.8′N,130°38.7′E,5 km,0.3,---
2026/07/30,00:35:34.1,熊本県熊本地方,32°40.2′N,130°43.3′E,9 km,0.9,---
2026/07/30,00:35:40.1,熊本県熊本地方,32°34.6′N,130°38.5′E,10 km,1.5,---
2026/07/30,00:36:25.1,大分県中部,33°15.3′N,131°18.4′E,9 km,0.6,---
2026/07/30,00:36:36.0,熊本県熊本地方,32°42.0′N,130°44.3′E,10 km,0.7,---
2026/07/30,00:36:47.0,鳥取県中部,35°20.4′N,133°51.8′E,12 km,0.0,---
2026/07/30,00:36:52.3,熊本県熊本地方,32°31.3′N,130°35.5′E,11 km,0.8,---
2026/07/30,00:37:40.8,熊本県天草・芦北地方,32°31.0′N,130°32.1′E,14 km,0.7,---
2026/07/30,00:38:14.8,熊本県熊本地方,32°33.5′N,130°38.6′E,7 km,0.9,---
2026/07/30,00:38:39.2,熊本県天草・芦北地方,32°24.3′N,130°28.1′E,6 km,0.3,---
2026/07/30,00:38:56.8,島根県東部,35°19.2′N,133°13.4′E,15 km,0.9,---
2026/07/30,00:39:11.7,大分県中部,33°15.5′N,131°18.8′E,9 km,不明,---
2026/07/30,00:39:14.3,大分県中部,33°16.0′N,131°19.1′E,9 km,1.0,---
2026/07/30,00:39:39.7,熊本県熊本地方,32°32.9′N,130°36.5′E,14 km,0.2,---
2026/07/30,00:39:59.0,千葉県南東沖,34°54.9′N,140°05.2′E,77 km,0.6,---
2026/07/30,00:40:24.9,熊本県熊本地方,32°32.0′N,130°35.2′E,5 km,1.1,---
2026/07/30,00:40:59.7,熊本県熊本地方,32°31.0′N,130°35.1′E,11 km,0.7,---
2026/07/30,00:41:42.4,熊本県熊本地方,32°41.6′N,130°46.6′E,8 km,0.4,---
2026/07/30,00:42:23.3,熊本県熊本地方,32°39.2′N,130°43.2′E,11 km,0.7,---
2026/07/30,00:42:55.2,熊本県天草・芦北地方,32°21.0′N,130°26.6′E,1 km,0.1,---
2026/07/30,00:43:13.3,熊本県熊本地方,32°41.4′N,130°42.4′E,15 km,1.4,---
2026/07/30,00:43:33.6,熊本県熊本地方,32°37.4′N,130°43.6′E,8 km,0.6,---
2026/07/30,00:44:10.5,岩手県内陸南部,39°03.3′N,140°52.3′E,9 km,0.5,---
2026/07/30,00:44:34.5,奄美大島北東沖,29°16.8′N,130°54.9′E,17 km,2.0,---
2026/07/30,00:45:14.5,熊本県天草・芦北地方,32°28.3′N,130°30.2′E,9 km,0.6,---
2026/07/30,00:45:36.1,熊本県天草・芦北地方,32°30.8′N,130°33.6′E,10 km,0.7,---
2026/07/30,00:45:46.7,熊本県熊本地方,32°34.2′N,130°37.4′E,14 km,1.0,---
2026/07/30,00:46:13.1,熊本県熊本地方,32°41.1′N,130°42.6′E,14 km,2.3,---
2026/07/30,00:46:32.8,宮城県沖,38°09.7′N,141°35.8′E,63 km,1.8,---
2026/07/30,00:46:47.7,熊本県熊本地方,32°36.9′N,130°43.3′E,4 km,1.1,---
2026/07/30,00:47:00.0,熊本県熊本地方,32°41.0′N,130°42.0′E,14 km,1.5,---
2026/07/30,00:47:21.3,熊本県天草・芦北地方,32°28.8′N,130°30.4′E,11 km,1.9,---
2026/07/30,00:47:51.9,熊本県熊本地方,32°31.9′N,130°35.9′E,14 km,1.1,---
2026/07/30,00:48:08.8,長野県北部,36°23.4′N,137°37.4′E,2 km,1.1,---
2026/07/30,00:48:24.2,熊本県熊本地方,32°33.8′N,130°37.0′E,14 km,0.7,---
2026/07/30,00:48:32.1,熊本県天草・芦北地方,32°27.4′N,130°29.8′E,10 km,0.8,---
2026/07/30,00:48:44.5,熊本県熊本地方,32°32.0′N,130°39.2′E,2 km,1.0,---
2026/07/30,00:49:26.6,青森県東方沖,41°01.4′N,142°31.3′E,44 km,0.7,---
2026/07/30,00:49:30.2,熊本県熊本地方,32°37.2′N,130°42.1′E,13 km,0.7,---
2026/07/30,00:49:32.2,根室半島南東沖,43°07.4′N,145°34.2′E,54 km,1.3,---
2026/07/30,00:49:38.4,熊本県熊本地方,32°33.0′N,130°37.2′E,12 km,1.0,---
2026/07/30,00:49:51.5,熊本県熊本地方,32°30.5′N,130°35.1′E,0 km,0.6,---
2026/07/30,00:50:09.7,長野県北部,36°23.6′N,137°37.4′E,4 km,-0.3,---
2026/07/30,00:50:10.7,熊本県天草・芦北地方,32°27.9′N,130°32.0′E,8 km,0.7,---
2026/07/30,00:50:14.7,長野県北部,36°23.4′N,137°37.3′E,1 km,2.0,---
2026/07/30,00:51:00.8,大分県中部,33°15.1′N,131°19.8′E,7 km,-0.2,---
2026/07/30,00:51:09.1,熊本県熊本地方,32°29.9′N,130°33.3′E,12 km,1.0,---
2026/07/30,00:51:44.4,熊本県熊本地方,32°41.9′N,130°43.3′E,14 km,1.1,---
2026/07/30,00:52:14.1,房総半島南方沖,34°13.2′N,139°58.1′E,17 km,1.4,---
2026/07/30,00:52:45.2,熊本県熊本地方,32°39.6′N,130°42.7′E,11 km,0.4,---
2026/07/30,00:53:01.7,熊本県天草・芦北地方,32°29.4′N,130°31.8′E,10 km,1.0,---
2026/07/30,00:53:27.5,熊本県熊本地方,32°30.6′N,130°35.0′E,11 km,0.8,---
2026/07/30,00:53:47.8,熊本県熊本地方,32°33.2′N,130°36.8′E,12 km,0.6,---
2026/07/30,00:54:08.6,熊本県熊本地方,32°39.7′N,130°40.8′E,15 km,1.3,---
2026/07/30,00:54:21.6,紀伊水道,33°39.5′N,134°56.0′E,39 km,0.5,---
2026/07/30,00:55:33.4,熊本県熊本地方,32°38.7′N,130°44.1′E,10 km,0.4,---
2026/07/30,00:56:19.7,熊本県熊本地方,32°40.6′N,130°43.7′E,11 km,0.1,---
2026/07/30,00:56:40.0,熊本県天草・芦北地方,32°21.6′N,130°27.7′E,10 km,1.4,---
2026/07/30,00:57:18.4,大分県中部,33°15.0′N,131°19.3′E,9 km,0.3,---
2026/07/30,00:57:22.9,千葉県南東沖,34°43.6′N,140°37.1′E,41 km,1.5,---
2026/07/30,00:57:43.8,熊本県天草・芦北地方,32°11.9′N,130°20.9′E,6 km,2.2,---
2026/07/30,00:57:45.5,茨城県沖,36°18.0′N,141°32.4′E,28 km,1.8,---
2026/07/30,00:58:34.8,熊本県熊本地方,32°34.4′N,130°37.9′E,13 km,1.7,---
2026/07/30,00:58:51.7,長野県北部,36°23.3′N,137°37.4′E,2 km,0.6,---
2026/07/30,00:59:28.8,熊本県熊本地方,32°37.5′N,130°41.4′E,15 km,0.3,---
2026/07/30,00:59:41.4,熊本県熊本地方,32°41.1′N,130°42.8′E,12 km,0.5,---
2026/07/30,00:59:48.3,熊本県熊本地方,32°36.6′N,130°43.6′E,3 km,1.0,---
2026/07/30,01:00:00.4,熊本県熊本地方,32°29.0′N,130°34.3′E,14 km,0.7,---
2026/07/30,01:00:10.4,熊本県熊本地方,32°43.6′N,130°46.9′E,10 km,0.8,---
2026/07/30,01:00:30.8,熊本県熊本地方,32°31.7′N,130°36.5′E,12 km,1.2,---
2026/07/30,01:00:47.2,熊本県熊本地方,32°29.6′N,130°34.2′E,11 km,0.9,---
2026/07/30,01:01:00.5,熊本県熊本地方,32°40.4′N,130°44.3′E,9 km,1.3,---
2026/07/30,01:01:05.3,石川県加賀地方,36°08.1′N,136°44.6′E,2 km,0.3,---
2026/07/30,01:01:47.3,熊本県熊本地方,32°31.5′N,130°36.7′E,11 km,0.3,---
2026/07/30,01:01:55.3,大分県中部,33°15.2′N,131°18.6′E,9 km,0.3,---
2026/07/30,01:01:57.9,熊本県天草・芦北地方,32°21.9′N,130°27.3′E,8 km,2.0,---
2026/07/30,01:02:44.0,大分県中部,33°15.3′N,131°18.8′E,9 km,0.8,---
2026/07/30,01:03:07.1,熊本県熊本地方,32°40.2′N,130°43.2′E,13 km,0.5,---
2026/07/30,01:03:16.0,熊本県熊本地方,32°34.9′N,130°38.5′E,11 km,1.5,---
2026/07/30,01:03:45.4,熊本県天草・芦北地方,32°27.2′N,130°32.9′E,1 km,2.0,---
2026/07/30,01:05:38.6,熊本県熊本地方,32°38.3′N,130°44.5′E,5 km,-0.1,---
2026/07/30,01:06:04.9,青森県東方沖,40°58.6′N,143°05.6′E,19 km,0.7,---
2026/07/30,01:06:06.0,熊本県熊本地方,32°25.8′N,130°35.4′E,10 km,0.7,---
2026/07/30,01:06:11.5,大分県中部,33°15.4′N,131°19.3′E,9 km,0.4,---
2026/07/30,01:06:26.7,熊本県熊本地方,32°34.3′N,130°37.9′E,9 km,0.8,---
2026/07/30,01:06:44.4,京都府南部,34°59.6′N,135°36.8′E,12 km,0.2,---
2026/07/30,01:06:47.7,熊本県熊本地方,32°31.3′N,130°34.5′E,10 km,0.7,---
2026/07/30,01:07:05.3,熊本県天草・芦北地方,32°23.6′N,130°29.0′E,8 km,0.3,---
2026/07/30,01:07:08.1,熊本県熊本地方,32°43.6′N,130°46.6′E,10 km,0.4,---
2026/07/30,01:07:46.3,長野県北部,36°23.4′N,137°37.6′E,3 km,0.3,---
2026/07/30,01:08:04.7,熊本県熊本地方,32°41.2′N,130°42.2′E,14 km,0.7,---
2026/07/30,01:08:18.0,熊本県熊本地方,32°42.4′N,130°45.4′E,10 km,0.2,---
2026/07/30,01:08:35.1,熊本県熊本地方,32°37.2′N,130°42.7′E,9 km,-0.1,---
2026/07/30,01:08:43.6,熊本県熊本地方,32°41.0′N,130°44.1′E,11 km,1.3,---
2026/07/30,01:09:19.2,熊本県熊本地方,32°38.6′N,130°44.9′E,7 km,0.4,---
2026/07/30,01:09:33.6,神奈川県西部,35°20.5′N,139°08.3′E,21 km,-0.2,---
2026/07/30,01:09:39.3,熊本県熊本地方,32°33.8′N,130°40.3′E,2 km,0.9,---
2026/07/30,01:10:43.2,熊本県天草・芦北地方,32°25.3′N,130°28.8′E,8 km,1.1,---
2026/07/30,01:10:58.8,熊本県熊本地方,32°44.5′N,130°49.0′E,8 km,0.3,---
2026/07/30,01:11:03.2,有明海,32°44.7′N,130°35.4′E,11 km,0.9,---
2026/07/30,01:11:21.4,熊本県天草・芦北地方,32°28.8′N,130°34.2′E,6 km,0.3,---
2026/07/30,01:11:34.8,熊本県熊本地方,32°31.0′N,130°35.7′E,12 km,1.7,---
2026/07/30,01:11:51.8,熊本県熊本地方,32°31.3′N,130°35.5′E,11 km,1.0,---
2026/07/30,01:12:42.3,熊本県熊本地方,32°39.1′N,130°44.0′E,13 km,0.6,---
2026/07/30,01:12:42.7,大分県中部,33°15.5′N,131°19.2′E,10 km,0.0,---
2026/07/30,01:12:49.4,大分県中部,33°15.5′N,131°19.3′E,10 km,0.6,---
2026/07/30,01:13:21.3,熊本県天草・芦北地方,32°15.0′N,130°24.5′E,7 km,1.2,---
2026/07/30,01:14:20.9,岩手県内陸北部,39°50.2′N,141°25.6′E,12 km,0.1,---
2026/07/30,01:15:12.5,紀伊水道,34°08.5′N,135°07.7′E,5 km,-0.5,---
2026/07/30,01:15:18.0,熊本県天草・芦北地方,32°27.7′N,130°32.1′E,14 km,1.1,---
2026/07/30,01:15:24.2,熊本県熊本地方,32°33.2′N,130°38.1′E,6 km,0.9,---
2026/07/30,01:15:39.5,熊本県天草・芦北地方,32°28.0′N,130°33.9′E,10 km,0.9,---
2026/07/30,01:16:49.1,熊本県天草・芦北地方,32°26.7′N,130°33.0′E,6 km,1.2,---
2026/07/30,01:17:27.0,三陸沖,40°11.2′N,143°10.2′E,5 km,1.4,---
2026/07/30,01:17:48.3,熊本県天草・芦北地方,32°29.1′N,130°31.3′E,11 km,1.6,---
2026/07/30,01:18:11.6,熊本県熊本地方,32°32.9′N,130°40.1′E,10 km,1.0,---
2026/07/30,01:18:30.3,熊本県熊本地方,32°44.4′N,130°47.3′E,8 km,1.5,---
2026/07/30,01:19:14.0,熊本県熊本地方,32°36.6′N,130°41.9′E,9 km,1.0,---
2026/07/30,01:20:29.8,熊本県熊本地方,32°38.8′N,130°44.1′E,9 km,0.3,---
2026/07/30,01:21:18.5,熊本県天草・芦北地方,32°28.2′N,130°30.3′E,10 km,1.7,---
2026/07/30,01:21:45.8,熊本県熊本地方,32°40.0′N,130°42.3′E,13 km,2.1,---
2026/07/30,01:22:35.5,熊本県天草・芦北地方,32°27.3′N,130°33.1′E,0 km,不明,---
2026/07/30,01:23:41.6,天草灘,32°20.0′N,129°40.1′E,12 km,2.3,---
2026/07/30,01:23:47.1,熊本県熊本地方,32°33.3′N,130°40.7′E,7 km,0.5,---
2026/07/30,01:23:55.2,天草灘,32°20.3′N,129°40.4′E,13 km,2.2,---
2026/07/30,01:24:44.1,福島県会津,37°43.8′N,140°14.6′E,0 km,-0.2,---
2026/07/30,01:25:44.4,熊本県熊本地方,32°31.3′N,130°37.3′E,3 km,0.4,---
2026/07/30,01:26:50.1,熊本県天草・芦北地方,32°15.0′N,130°25.2′E,6 km,0.1,---
2026/07/30,01:26:57.5,熊本県天草・芦北地方,32°10.0′N,130°28.3′E,9 km,0.4,---
2026/07/30,01:27:30.3,有明海,32°44.0′N,130°36.3′E,12 km,0.8,---
2026/07/30,01:27:39.0,熊本県熊本地方,32°30.7′N,130°35.7′E,6 km,1.7,---
2026/07/30,01:27:54.1,長野県北部,36°24.1′N,137°37.0′E,3 km,0.0,---
2026/07/30,01:28:08.4,熊本県天草・芦北地方,32°24.8′N,130°28.6′E,9 km,1.3,---
2026/07/30,01:28:28.6,福島県沖,37°29.0′N,141°24.1′E,50 km,0.9,---
2026/07/30,01:29:17.0,熊本県熊本地方,32°43.7′N,130°46.8′E,8 km,0.9,---
2026/07/30,01:29:55.6,熊本県熊本地方,32°34.1′N,130°41.1′E,8 km,0.1,---
2026/07/30,01:30:55.5,熊本県天草・芦北地方,32°23.8′N,130°28.0′E,0 km,0.3,---
2026/07/30,01:30:59.4,大分県中部,33°15.2′N,131°19.4′E,10 km,2.8,---
2026/07/30,01:31:06.6,熊本県熊本地方,32°29.4′N,130°34.5′E,14 km,3.3,---
2026/07/30,01:31:11.1,奄美大島北西沖,28°27.9′N,128°22.6′E,158 km,1.7,---
2026/07/30,01:32:29.6,熊本県天草・芦北地方,32°27.3′N,130°33.1′E,3 km,0.7,---
2026/07/30,01:32:56.9,熊本県天草・芦北地方,32°25.0′N,130°32.1′E,0 km,0.7,---
2026/07/30,01:32:58.2,岩手県沖,40°16.0′N,142°17.8′E,39 km,0.7,---
2026/07/30,01:33:15.9,熊本県熊本地方,32°35.7′N,130°40.9′E,7 km,1.3,---
2026/07/30,01:33:35.1,千葉県北東部,35°44.2′N,140°42.1′E,48 km,1.4,---
2026/07/30,01:33:52.4,熊本県熊本地方,32°41.1′N,130°42.6′E,16 km,0.5,---
2026/07/30,01:34:07.2,熊本県熊本地方,32°26.3′N,130°35.2′E,0 km,1.3,---
2026/07/30,01:34:34.1,熊本県天草・芦北地方,32°30.9′N,130°33.2′E,13 km,1.6,---
2026/07/30,01:35:05.2,熊本県天草・芦北地方,32°13.0′N,130°19.2′E,6 km,1.0,---
2026/07/30,01:35:41.4,宮崎県南部平野部,31°54.6′N,131°21.2′E,15 km,-0.1,---
2026/07/30,01:35:47.0,熊本県熊本地方,32°33.0′N,130°40.2′E,7 km,0.6,---
2026/07/30,01:35:55.3,熊本県熊本地方,32°43.5′N,130°47.1′E,9 km,0.8,---
2026/07/30,01:36:15.6,熊本県熊本地方,32°34.9′N,130°41.3′E,6 km,0.6,---
2026/07/30,01:36:23.9,熊本県熊本地方,32°31.3′N,130°36.1′E,8 km,0.7,---
2026/07/30,01:36:25.1,与那国島近海,23°52.1′N,122°47.5′E,55 km,1.2,---
2026/07/30,01:37:22.6,熊本県天草・芦北地方,32°28.0′N,130°32.8′E,1 km,1.3,---
2026/07/30,01:38:02.0,熊本県熊本地方,32°32.4′N,130°36.3′E,12 km,0.6,---
2026/07/30,01:38:22.9,熊本県熊本地方,32°34.0′N,130°38.8′E,16 km,0.5,---
2026/07/30,01:38:32.0,熊本県天草・芦北地方,32°20.5′N,130°26.1′E,10 km,0.6,---
2026/07/30,01:38:52.0,大分県中部,33°18.0′N,131°30.1′E,8 km,0.3,---
2026/07/30,01:39:04.7,熊本県天草・芦北地方,32°27.4′N,130°34.0′E,5 km,1.0,---
2026/07/30,01:39:07.8,福井県嶺南,35°30.4′N,135°48.6′E,356 km,3.1,---
2026/07/30,01:40:04.6,熊本県熊本地方,32°44.9′N,130°47.4′E,8 km,1.4,---
2026/07/30,01:40:39.8,熊本県熊本地方,32°40.0′N,130°43.8′E,9 km,0.3,---
2026/07/30,01:40:41.0,熊本県天草・芦北地方,32°27.6′N,130°32.3′E,0 km,0.5,---
2026/07/30,01:41:35.9,熊本県天草・芦北地方,32°27.3′N,130°33.2′E,6 km,0.4,---
2026/07/30,01:41:54.1,熊本県熊本地方,32°33.4′N,130°35.9′E,12 km,0.6,---
2026/07/30,01:41:57.6,長野県北部,36°31.5′N,137°47.5′E,2 km,0.8,---
2026/07/30,01:42:22.6,熊本県熊本地方,32°44.7′N,130°48.0′E,6 km,0.5,---
2026/07/30,01:42:43.1,熊本県熊本地方,32°43.6′N,130°45.2′E,9 km,0.5,---
2026/07/30,01:42:48.5,長野県北部,36°32.0′N,137°48.1′E,2 km,-0.3,---
2026/07/30,01:43:35.6,長野県中部,36°08.8′N,137°58.4′E,7 km,0.2,---
2026/07/30,01:43:41.4,熊本県熊本地方,32°28.8′N,130°35.7′E,4 km,0.7,---
2026/07/30,01:43:54.6,熊本県熊本地方,32°29.4′N,130°33.5′E,8 km,0.6,---
2026/07/30,01:44:05.9,熊本県熊本地方,32°39.0′N,130°43.4′E,8 km,1.2,---
2026/07/30,01:44:23.7,熊本県熊本地方,32°38.8′N,130°43.5′E,8 km,1.5,---
2026/07/30,01:44:55.2,熊本県熊本地方,32°45.7′N,130°48.4′E,7 km,1.0,---
2026/07/30,01:44:58.7,岩手県内陸南部,39°02.4′N,140°53.0′E,8 km,0.4,---
2026/07/30,01:45:00.8,熊本県天草・芦北地方,32°25.4′N,130°29.1′E,10 km,1.2,---
2026/07/30,01:45:57.2,熊本県熊本地方,32°28.8′N,130°35.6′E,7 km,0.1,---
2026/07/30,01:46:34.2,熊本県熊本地方,32°42.3′N,130°45.5′E,10 km,0.4,---
2026/07/30,01:46:52.1,大分県中部,33°17.5′N,131°30.5′E,4 km,0.6,---
2026/07/30,01:46:58.9,熊本県熊本地方,32°42.4′N,130°46.2′E,9 km,-0.1,---
2026/07/30,01:47:09.1,岩手県内陸南部,39°01.1′N,140°51.4′E,7 km,0.5,---
2026/07/30,01:47:10.9,熊本県天草・芦北地方,32°30.4′N,130°32.9′E,11 km,1.4,---
2026/07/30,01:47:25.5,熊本県熊本地方,32°38.9′N,130°45.3′E,7 km,1.9,---
2026/07/30,01:48:08.2,熊本県熊本地方,32°29.2′N,130°34.2′E,7 km,0.8,---
2026/07/30,01:48:25.6,熊本県天草・芦北地方,32°27.2′N,130°30.3′E,2 km,0.8,---
2026/07/30,01:48:44.9,熊本県天草・芦北地方,32°24.8′N,130°28.4′E,8 km,0.4,---
2026/07/30,01:49:22.6,熊本県天草・芦北地方,32°27.1′N,130°31.5′E,0 km,0.6,---
2026/07/30,01:49:47.7,熊本県熊本地方,32°44.9′N,130°47.7′E,6 km,0.5,---
2026/07/30,01:50:03.8,熊本県熊本地方,32°38.7′N,130°44.2′E,10 km,0.9,---
2026/07/30,01:50:38.0,熊本県熊本地方,32°29.1′N,130°34.9′E,13 km,0.3,---
2026/07/30,01:50:48.2,大分県中部,33°15.2′N,131°19.0′E,10 km,0.2,---
2026/07/30,01:50:48.9,熊本県熊本地方,32°38.6′N,130°45.2′E,9 km,2.1,---
2026/07/30,01:51:14.0,熊本県熊本地方,32°44.5′N,130°47.6′E,7 km,1.5,---
2026/07/30,01:51:40.1,熊本県熊本地方,32°42.1′N,130°38.2′E,0 km,不明,---
2026/07/30,01:51:40.4,有明海,32°44.8′N,130°35.5′E,11 km,1.1,---
2026/07/30,01:52:21.0,熊本県熊本地方,32°42.6′N,130°47.5′E,7 km,0.2,---
2026/07/30,01:52:36.5,大分県中部,33°15.4′N,131°18.6′E,8 km,0.6,---
2026/07/30,01:53:00.4,大分県中部,33°15.3′N,131°18.8′E,9 km,1.0,---
2026/07/30,01:53:57.9,岐阜県美濃中西部,35°24.0′N,136°51.3′E,8 km,-0.1,---
2026/07/30,01:53:59.9,熊本県熊本地方,32°40.7′N,130°44.0′E,12 km,0.5,---
2026/07/30,01:54:01.0,大分県中部,33°15.3′N,131°18.9′E,7 km,0.3,---
2026/07/30,01:54:07.0,大分県中部,33°15.3′N,131°19.2′E,10 km,1.3,---
2026/07/30,01:54:32.5,熊本県熊本地方,32°45.4′N,130°48.4′E,7 km,不明,---
2026/07/30,01:54:34.1,熊本県熊本地方,32°40.2′N,130°43.8′E,9 km,1.0,---
2026/07/30,01:55:04.0,熊本県天草・芦北地方,32°24.5′N,130°28.3′E,9 km,1.4,---
2026/07/30,01:55:43.6,熊本県熊本地方,32°34.5′N,130°40.3′E,11 km,0.4,---
2026/07/30,01:55:48.3,大分県中部,33°15.4′N,131°18.8′E,8 km,1.1,---
2026/07/30,01:56:05.6,熊本県熊本地方,32°38.2′N,130°44.4′E,4 km,0.7,---
2026/07/30,01:57:01.8,熊本県熊本地方,32°30.5′N,130°35.2′E,10 km,2.7,---
2026/07/30,01:57:48.9,熊本県天草・芦北地方,32°29.4′N,130°31.6′E,11 km,0.9,---
2026/07/30,01:58:19.3,熊本県熊本地方,32°33.4′N,130°37.5′E,7 km,0.5,---
2026/07/30,01:58:43.1,熊本県熊本地方,32°42.6′N,130°46.1′E,8 km,0.4,---
2026/07/30,01:59:04.3,熊本県熊本地方,32°37.4′N,130°42.9′E,9 km,1.0,---
2026/07/30,01:59:27.8,岐阜県飛騨地方,35°55.1′N,137°15.6′E,11 km,0.4,---
2026/07/30,01:59:30.2,熊本県天草・芦北地方,32°25.2′N,130°30.4′E,7 km,1.0,---
2026/07/30,01:59:32.8,岐阜県美濃東部,35°23.0′N,137°03.8′E,45 km,0.4,---
2026/07/30,01:59:35.4,熊本県天草・芦北地方,32°25.0′N,130°29.7′E,7 km,1.1,---
2026/07/30,01:59:44.0,熊本県熊本地方,32°38.0′N,130°43.3′E,9 km,2.0,---
2026/07/30,02:00:27.2,熊本県熊本地方,32°31.2′N,130°36.3′E,8 km,1.9,---
2026/07/30,02:00:38.2,神奈川県西部,35°26.9′N,139°05.7′E,23 km,0.4,---
2026/07/30,02:01:23.5,熊本県熊本地方,32°32.4′N,130°35.9′E,5 km,1.1,---
2026/07/30,02:02:09.7,熊本県熊本地方,32°34.3′N,130°38.3′E,9 km,0.1,---
2026/07/30,02:02:32.9,熊本県熊本地方,32°30.8′N,130°35.0′E,8 km,0.8,---
2026/07/30,02:03:08.4,熊本県天草・芦北地方,32°19.5′N,130°26.8′E,0 km,1.1,---
2026/07/30,02:03:25.0,熊本県熊本地方,32°44.5′N,130°46.4′E,10 km,1.4,---
2026/07/30,02:03:36.4,熊本県熊本地方,32°30.7′N,130°35.8′E,12 km,1.9,---
2026/07/30,02:03:51.0,熊本県天草・芦北地方,32°28.0′N,130°33.1′E,0 km,1.8,---
2026/07/30,02:04:19.6,熊本県天草・芦北地方,32°18.3′N,130°27.2′E,0 km,0.6,---
2026/07/30,02:04:34.2,熊本県天草・芦北地方,32°25.3′N,130°30.5′E,7 km,1.2,---
2026/07/30,02:05:07.4,熊本県天草・芦北地方,32°17.9′N,130°27.8′E,8 km,0.3,---
2026/07/30,02:05:24.2,熊本県熊本地方,32°37.5′N,130°43.4′E,8 km,0.3,---
2026/07/30,02:06:00.2,大分県中部,33°18.3′N,131°29.5′E,7 km,0.0,---
2026/07/30,02:06:22.2,熊本県天草・芦北地方,32°25.4′N,130°31.7′E,11 km,1.7,---
2026/07/30,02:06:54.0,熊本県天草・芦北地方,32°28.5′N,130°33.3′E,1 km,0.9,---
2026/07/30,02:07:52.9,熊本県熊本地方,32°29.8′N,130°35.6′E,0 km,0.5,---
2026/07/30,02:08:53.7,熊本県熊本地方,32°38.5′N,130°40.8′E,14 km,1.2,---
2026/07/30,02:09:07.3,熊本県天草・芦北地方,32°19.9′N,130°31.0′E,6 km,1.0,---
2026/07/30,02:09:46.4,熊本県天草・芦北地方,32°27.8′N,130°31.3′E,0 km,1.0,---
2026/07/30,02:10:24.1,熊本県天草・芦北地方,32°31.2′N,130°31.9′E,10 km,0.7,---
2026/07/30,02:10:35.0,熊本県熊本地方,32°33.2′N,130°39.5′E,5 km,1.1,---
2026/07/30,02:10:53.4,熊本県熊本地方,32°40.7′N,130°44.0′E,10 km,1.0,---
2026/07/30,02:11:42.7,熊本県天草・芦北地方,32°27.0′N,130°33.5′E,4 km,0.1,---
2026/07/30,02:11:58.2,熊本県天草・芦北地方,32°26.5′N,130°32.8′E,13 km,0.6,---
2026/07/30,02:12:13.6,熊本県天草・芦北地方,32°28.5′N,130°33.7′E,3 km,0.9,---
2026/07/30,02:12:24.1,種子島南東沖,29°56.4′N,131°21.6′E,26 km,1.3,---
2026/07/30,02:12:44.7,熊本県熊本地方,32°37.9′N,130°42.6′E,8 km,0.7,---
2026/07/30,02:13:09.7,熊本県天草・芦北地方,32°29.5′N,130°32.5′E,11 km,0.0,---
2026/07/30,02:13:56.9,大分県中部,33°15.2′N,131°18.8′E,9 km,0.2,---
2026/07/30,02:14:00.5,熊本県熊本地方,32°27.6′N,130°35.2′E,0 km,0.1,---
2026/07/30,02:14:32.5,熊本県熊本地方,32°35.7′N,130°41.7′E,7 km,0.2,---
2026/07/30,02:14:53.2,奄美大島北西沖,28°13.6′N,128°12.4′E,6 km,1.2,---
2026/07/30,02:14:55.1,茨城県沖,36°37.6′N,141°46.1′E,21 km,1.4,---
2026/07/30,02:14:55.7,熊本県熊本地方,32°39.8′N,130°42.9′E,14 km,0.3,---
2026/07/30,02:15:58.9,熊本県天草・芦北地方,32°29.5′N,130°32.0′E,10 km,0.0,---
2026/07/30,02:17:13.2,熊本県天草・芦北地方,32°23.4′N,130°28.7′E,8 km,0.9,---
2026/07/30,02:17:21.8,熊本県熊本地方,32°31.4′N,130°35.4′E,9 km,1.7,---
2026/07/30,02:17:44.1,宮古島北西沖,25°37.1′N,124°51.9′E,120 km,1.4,---
2026/07/30,02:18:04.1,熊本県熊本地方,32°39.2′N,130°42.8′E,13 km,0.6,---
2026/07/30,02:18:46.5,熊本県熊本地方,32°31.3′N,130°35.6′E,12 km,1.3,---
2026/07/30,02:19:01.6,福島県沖,37°20.3′N,141°49.7′E,37 km,0.8,---
2026/07/30,02:19:22.1,熊本県天草・芦北地方,32°26.4′N,130°34.5′E,0 km,0.6,---
2026/07/30,02:19:39.7,熊本県熊本地方,32°44.5′N,130°47.5′E,10 km,0.0,---
2026/07/30,02:19:49.2,京都府南部,34°48.0′N,136°00.5′E,13 km,0.4,---
2026/07/30,02:20:03.0,熊本県熊本地方,32°38.8′N,130°42.5′E,11 km,0.3,---
2026/07/30,02:20:18.9,熊本県天草・芦北地方,32°28.5′N,130°31.3′E,13 km,2.1,---
2026/07/30,02:20:24.3,四国沖,33°29.7′N,134°49.5′E,22 km,0.8,---
2026/07/30,02:20:41.1,熊本県熊本地方,32°39.0′N,130°44.9′E,7 km,1.9,---
2026/07/30,02:20:45.4,宮城県沖,38°00.8′N,142°40.2′E,18 km,0.9,---
2026/07/30,02:21:56.3,熊本県熊本地方,32°33.0′N,130°37.0′E,12 km,0.6,---
2026/07/30,02:22:04.2,岐阜県美濃中西部,35°23.8′N,136°52.7′E,9 km,0.7,---
2026/07/30,02:22:25.2,熊本県熊本地方,32°40.3′N,130°43.1′E,6 km,1.1,---
2026/07/30,02:23:03.0,熊本県熊本地方,32°34.4′N,130°39.9′E,9 km,0.5,---
2026/07/30,02:23:28.8,熊本県熊本地方,32°40.8′N,130°43.6′E,13 km,1.2,---
2026/07/30,02:24:22.2,熊本県熊本地方,32°29.4′N,130°38.6′E,9 km,0.9,---
2026/07/30,02:25:19.1,熊本県天草・芦北地方,32°28.6′N,130°31.2′E,13 km,1.1,---
2026/07/30,02:25:34.2,熊本県天草・芦北地方,32°30.5′N,130°33.4′E,12 km,0.7,---
2026/07/30,02:26:01.6,熊本県熊本地方,32°39.8′N,130°42.9′E,15 km,0.1,---
2026/07/30,02:26:53.0,茨城県北部,36°26.2′N,140°34.9′E,61 km,0.3,---
2026/07/30,02:27:01.1,熊本県熊本地方,32°30.6′N,130°35.1′E,0 km,0.6,---
2026/07/30,02:27:15.3,熊本県熊本地方,32°43.7′N,130°46.7′E,10 km,0.6,---
2026/07/30,02:27:21.3,熊本県天草・芦北地方,32°27.9′N,130°31.1′E,10 km,2.7,---
2026/07/30,02:29:02.7,種子島南東沖,29°58.8′N,131°20.4′E,31 km,3.4,---
2026/07/30,02:29:05.0,熊本県熊本地方,32°41.2′N,130°44.8′E,10 km,0.6,---
2026/07/30,02:30:24.3,熊本県熊本地方,32°31.2′N,130°36.0′E,8 km,0.6,---
2026/07/30,02:30:53.6,熊本県熊本地方,32°33.3′N,130°39.5′E,1 km,0.8,---
2026/07/30,02:31:15.2,岩手県沖,40°10.4′N,142°11.1′E,40 km,0.7,---
2026/07/30,02:31:35.6,熊本県熊本地方,32°40.8′N,130°42.6′E,16 km,0.1,---
2026/07/30,02:31:38.1,茨城県沖,36°38.0′N,141°46.2′E,19 km,0.9,---
2026/07/30,02:31:45.3,熊本県熊本地方,32°33.3′N,130°40.3′E,8 km,0.3,---
2026/07/30,02:31:53.5,熊本県熊本地方,32°32.4′N,130°39.4′E,4 km,1.0,---
2026/07/30,02:32:44.5,熊本県熊本地方,32°32.5′N,130°39.4′E,8 km,2.0,---
2026/07/30,02:33:31.3,熊本県熊本地方,32°28.5′N,130°39.1′E,7 km,0.9,---
2026/07/30,02:33:37.9,熊本県熊本地方,32°43.7′N,130°45.6′E,11 km,0.4,---
2026/07/30,02:33:42.0,茨城県南部,35°54.1′N,140°14.0′E,39 km,0.5,---
2026/07/30,02:34:00.3,熊本県熊本地方,32°33.6′N,130°36.8′E,12 km,0.2,---
2026/07/30,02:34:11.9,熊本県熊本地方,32°39.2′N,130°44.2′E,8 km,0.6,---
2026/07/30,02:35:02.4,熊本県熊本地方,32°40.6′N,130°43.9′E,10 km,0.7,---
2026/07/30,02:35:14.5,熊本県熊本地方,32°38.6′N,130°44.3′E,8 km,1.1,---
2026/07/30,02:35:15.7,熊本県天草・芦北地方,32°27.0′N,130°33.0′E,0 km,1.0,---
2026/07/30,02:35:50.4,熊本県熊本地方,32°35.4′N,130°38.7′E,10 km,1.1,---
2026/07/30,02:36:17.2,熊本県熊本地方,32°38.2′N,130°43.9′E,9 km,0.3,---
2026/07/30,02:36:55.7,大分県中部,33°15.1′N,131°21.2′E,12 km,0.4,---
2026/07/30,02:36:58.4,熊本県熊本地方,32°35.0′N,130°40.0′E,11 km,0.1,---
2026/07/30,02:37:23.6,熊本県熊本地方,32°35.2′N,130°38.9′E,10 km,0.5,---
2026/07/30,02:37:56.9,熊本県天草・芦北地方,32°27.6′N,130°33.0′E,8 km,0.2,---
2026/07/30,02:38:29.2,熊本県熊本地方,32°35.8′N,130°38.2′E,13 km,0.6,---
2026/07/30,02:39:04.0,熊本県熊本地方,32°29.7′N,130°35.8′E,8 km,0.9,---
2026/07/30,02:39:13.2,熊本県天草・芦北地方,32°29.1′N,130°31.6′E,11 km,0.7,---
2026/07/30,02:40:11.8,熊本県熊本地方,32°37.0′N,130°43.4′E,7 km,-0.1,---
2026/07/30,02:40:50.3,熊本県熊本地方,32°44.4′N,130°47.6′E,7 km,0.0,---
2026/07/30,02:41:23.8,熊本県熊本地方,32°38.2′N,130°43.7′E,8 km,不明,---
2026/07/30,02:41:25.6,熊本県熊本地方,32°39.6′N,130°41.7′E,16 km,2.4,---
2026/07/30,02:42:10.6,熊本県熊本地方,32°44.0′N,130°47.3′E,8 km,0.8,---
2026/07/30,02:42:34.9,熊本県熊本地方,32°33.1′N,130°36.6′E,11 km,0.7,---
2026/07/30,02:42:56.0,和歌山県南部,33°46.6′N,135°24.6′E,42 km,0.1,---
2026/07/30,02:43:17.4,熊本県天草・芦北地方,32°26.6′N,130°33.3′E,6 km,0.4,---
2026/07/30,02:44:06.4,熊本県熊本地方,32°38.8′N,130°44.1′E,9 km,0.4,---
2026/07/30,02:44:35.9,熊本県天草・芦北地方,32°29.5′N,130°32.1′E,9 km,0.2,---
2026/07/30,02:44:49.6,熊本県熊本地方,32°43.4′N,130°46.7′E,10 km,1.9,---
2026/07/30,02:45:52.9,熊本県天草・芦北地方,32°25.6′N,130°31.9′E,0 km,0.3,---
2026/07/30,02:46:31.1,天草灘,31°59.3′N,130°10.5′E,7 km,0.2,---
2026/07/30,02:46:34.4,熊本県熊本地方,32°44.5′N,130°47.6′E,9 km,0.8,---
2026/07/30,02:47:09.5,大分県中部,33°15.2′N,131°19.1′E,9 km,0.6,---
2026/07/30,02:47:11.8,長野県北部,36°23.7′N,137°37.4′E,3 km,0.1,---
2026/07/30,02:47:22.4,熊本県天草・芦北地方,32°28.6′N,130°30.5′E,11 km,0.8,---
2026/07/30,02:48:14.7,後志地方西部,42°46.1′N,140°31.6′E,12 km,0.9,---
2026/07/30,02:48:28.6,熊本県熊本地方,32°33.7′N,130°40.5′E,3 km,0.0,---
2026/07/30,02:49:31.6,熊本県熊本地方,32°36.3′N,130°41.8′E,8 km,0.9,---
2026/07/30,02:50:12.4,長崎県南西部,32°59.7′N,129°47.6′E,8 km,0.3,---
2026/07/30,02:50:28.7,熊本県熊本地方,32°40.8′N,130°44.9′E,11 km,1.4,---
2026/07/30,02:50:29.6,大分県中部,33°15.3′N,131°19.0′E,8 km,0.4,---
2026/07/30,02:50:53.1,熊本県熊本地方,32°33.0′N,130°35.6′E,15 km,0.6,---
2026/07/30,02:51:13.4,天草灘,31°59.4′N,129°58.4′E,12 km,0.2,---
2026/07/30,02:51:42.0,熊本県熊本地方,32°32.6′N,130°38.1′E,4 km,0.5,---
2026/07/30,02:52:15.8,神奈川県西部,35°30.9′N,139°07.0′E,20 km,0.0,---
2026/07/30,02:52:18.2,熊本県熊本地方,32°38.1′N,130°41.5′E,10 km,0.7,---
2026/07/30,02:52:43.2,群馬県南部,36°36.3′N,139°27.5′E,7 km,0.0,---
2026/07/30,02:52:57.1,熊本県熊本地方,32°37.6′N,130°42.1′E,8 km,0.5,---
2026/07/30,02:53:11.4,熊本県熊本地方,32°39.4′N,130°44.9′E,8 km,0.6,---
2026/07/30,02:53:44.2,熊本県熊本地方,32°44.6′N,130°47.8′E,6 km,0.9,---
2026/07/30,02:54:01.8,和歌山県北部,33°56.3′N,135°14.3′E,6 km,0.0,---
2026/07/30,02:54:29.8,熊本県熊本地方,32°32.1′N,130°35.9′E,15 km,0.5,---
2026/07/30,02:54:47.8,熊本県熊本地方,32°27.9′N,130°35.0′E,0 km,1.8,---
2026/07/30,02:55:33.8,熊本県天草・芦北地方,32°26.7′N,130°29.5′E,1 km,0.1,---
2026/07/30,02:56:02.7,熊本県天草・芦北地方,32°27.4′N,130°33.9′E,0 km,0.4,---
2026/07/30,02:56:34.9,熊本県熊本地方,32°34.4′N,130°37.5′E,13 km,0.9,---
2026/07/30,02:56:54.7,鹿児島県薩摩地方,32°15.0′N,130°17.8′E,6 km,不明,---
2026/07/30,02:57:18.6,熊本県熊本地方,32°32.7′N,130°35.6′E,13 km,0.6,---
2026/07/30,02:57:34.9,熊本県熊本地方,32°38.5′N,130°44.2′E,8 km,0.2,---
2026/07/30,02:57:36.4,熊本県天草・芦北地方,32°25.4′N,130°31.7′E,3 km,1.4,---
2026/07/30,02:57:41.5,熊本県熊本地方,32°32.0′N,130°34.4′E,13 km,1.7,---
2026/07/30,02:57:51.6,岩手県沖,39°32.1′N,142°48.8′E,16 km,1.1,---
2026/07/30,02:58:08.1,熊本県天草・芦北地方,32°27.8′N,130°32.9′E,13 km,1.8,---
2026/07/30,02:58:29.5,熊本県熊本地方,32°36.9′N,130°40.6′E,11 km,1.1,---
2026/07/30,02:58:57.0,熊本県熊本地方,32°32.0′N,130°36.3′E,13 km,不明,---
2026/07/30,02:59:01.0,熊本県熊本地方,32°29.3′N,130°34.2′E,12 km,2.5,---
2026/07/30,03:00:16.2,熊本県熊本地方,32°44.3′N,130°47.6′E,9 km,-0.1,---
2026/07/30,03:00:18.3,茨城県南部,36°09.5′N,139°50.2′E,51 km,1.0,---
2026/07/30,03:01:10.0,大分県中部,33°15.3′N,131°19.3′E,9 km,1.7,---
2026/07/30,03:02:13.0,和歌山県南部,33°41.8′N,135°36.7′E,25 km,0.3,---
2026/07/30,03:02:46.4,熊本県天草・芦北地方,32°27.8′N,130°31.1′E,9 km,1.5,---
2026/07/30,03:03:20.9,熊本県熊本地方,32°38.9′N,130°42.5′E,12 km,0.8,---
2026/07/30,03:03:26.9,熊本県熊本地方,32°40.6′N,130°44.9′E,10 km,0.9,---
2026/07/30,03:04:35.8,熊本県熊本地方,32°38.1′N,130°43.5′E,8 km,1.8,---
2026/07/30,03:05:35.2,熊本県熊本地方,32°39.4′N,130°44.3′E,9 km,0.7,---
2026/07/30,03:06:43.1,熊本県熊本地方,32°38.7′N,130°42.7′E,10 km,1.2,---
2026/07/30,03:06:55.5,熊本県熊本地方,32°31.3′N,130°36.4′E,0 km,1.6,---
2026/07/30,03:07:08.1,熊本県天草・芦北地方,32°28.1′N,130°33.2′E,3 km,1.8,---
2026/07/30,03:07:49.0,石垣島近海,23°18.0′N,124°16.9′E,30 km,2.0,---
2026/07/30,03:08:05.2,熊本県熊本地方,32°39.5′N,130°43.1′E,13 km,0.2,---
2026/07/30,03:08:19.0,熊本県熊本地方,32°34.8′N,130°40.3′E,1 km,0.9,---
2026/07/30,03:08:54.3,大分県中部,33°15.9′N,131°18.6′E,11 km,0.3,---
2026/07/30,03:10:28.3,宮古島近海,24°43.3′N,124°31.1′E,11 km,1.2,---
2026/07/30,03:10:40.4,熊本県天草・芦北地方,32°28.9′N,130°34.0′E,8 km,1.5,---
2026/07/30,03:10:41.3,大分県中部,33°15.5′N,131°19.3′E,10 km,0.1,---
2026/07/30,03:10:44.2,石垣島近海,24°43.2′N,124°30.9′E,10 km,2.3,---
2026/07/30,03:11:25.4,熊本県熊本地方,32°32.2′N,130°36.2′E,12 km,0.9,---
2026/07/30,03:12:26.3,石垣島北西沖,25°10.9′N,122°58.6′E,173 km,2.4,---
2026/07/30,03:12:28.2,熊本県阿蘇地方,32°55.2′N,131°00.3′E,7 km,0.2,---
2026/07/30,03:12:42.9,熊本県熊本地方,32°38.2′N,130°43.0′E,10 km,0.4,---
2026/07/30,03:13:53.3,熊本県天草・芦北地方,32°29.6′N,130°30.8′E,9 km,0.6,---
2026/07/30,03:14:23.0,熊本県天草・芦北地方,32°21.7′N,130°27.2′E,3 km,-0.2,---
2026/07/30,03:14:41.7,千葉県北東部,35°50.4′N,140°31.8′E,37 km,0.6,---
2026/07/30,03:14:50.4,福島県沖,37°45.7′N,141°43.8′E,18 km,1.1,---
2026/07/30,03:15:10.6,熊本県熊本地方,32°40.3′N,130°43.4′E,12 km,1.0,---
2026/07/30,03:15:50.4,熊本県熊本地方,32°39.2′N,130°42.4′E,12 km,1.4,---
2026/07/30,03:16:19.1,熊本県熊本地方,32°39.7′N,130°42.1′E,14 km,1.1,---
2026/07/30,03:16:41.1,熊本県熊本地方,32°34.2′N,130°37.6′E,12 km,1.0,---
2026/07/30,03:18:28.4,熊本県熊本地方,32°35.6′N,130°40.1′E,7 km,2.1,---
2026/07/30,03:18:53.0,青森県津軽北部,40°55.5′N,140°29.2′E,10 km,1.1,---
2026/07/30,03:19:46.0,岩手県沖,39°07.0′N,142°26.0′E,29 km,0.5,---
2026/07/30,03:19:51.6,宮古島近海,24°52.7′N,125°20.0′E,25 km,0.5,---
2026/07/30,03:19:53.7,熊本県熊本地方,32°41.3′N,130°45.6′E,11 km,0.3,---
2026/07/30,03:20:20.1,熊本県熊本地方,32°31.6′N,130°35.1′E,14 km,0.7,---
2026/07/30,03:20:36.5,和歌山県北部,34°15.5′N,135°25.7′E,8 km,0.3,---
2026/07/30,03:21:02.8,西表島付近,24°03.2′N,123°43.1′E,13 km,1.4,---
2026/07/30,03:21:21.1,熊本県天草・芦北地方,32°23.8′N,130°28.7′E,10 km,0.4,---
2026/07/30,03:22:15.5,熊本県天草・芦北地方,32°20.1′N,130°26.1′E,0 km,0.3,---
2026/07/30,03:22:16.9,熊本県熊本地方,32°38.8′N,130°44.1′E,10 km,0.4,---
2026/07/30,03:22:48.3,大分県中部,33°15.5′N,131°19.6′E,10 km,0.4,---
2026/07/30,03:23:02.9,熊本県熊本地方,32°38.9′N,130°41.8′E,13 km,0.9,---
2026/07/30,03:24:08.0,熊本県熊本地方,32°39.1′N,130°41.6′E,13 km,0.9,---
2026/07/30,03:24:38.9,岩手県沖,40°08.3′N,142°31.3′E,8 km,1.1,---
2026/07/30,03:24:46.9,熊本県熊本地方,32°32.2′N,130°35.3′E,5 km,0.2,---
2026/07/30,03:24:56.1,長野県南部,35°52.1′N,137°39.2′E,9 km,0.2,---
2026/07/30,03:25:05.4,大分県中部,33°15.6′N,131°18.8′E,9 km,0.7,---
2026/07/30,03:25:33.8,岩手県沖,40°13.7′N,142°20.3′E,11 km,2.3,---
2026/07/30,03:26:03.3,熊本県天草・芦北地方,32°26.5′N,130°33.2′E,7 km,1.7,---
2026/07/30,03:26:49.3,熊本県天草・芦北地方,32°27.8′N,130°32.3′E,8 km,2.0,---
2026/07/30,03:28:21.7,大分県中部,33°14.3′N,131°18.5′E,10 km,1.1,---
2026/07/30,03:29:01.8,熊本県天草・芦北地方,32°26.7′N,130°33.0′E,7 km,2.6,---
2026/07/30,03:29:28.2,熊本県熊本地方,32°47.3′N,130°48.4′E,6 km,2.3,---
2026/07/30,03:29:35.8,長野県南部,35°52.3′N,137°39.1′E,8 km,-0.1,---
2026/07/30,03:30:38.4,熊本県熊本地方,32°38.7′N,130°42.9′E,11 km,0.5,---
2026/07/30,03:30:46.2,熊本県天草・芦北地方,32°27.1′N,130°33.6′E,10 km,1.5,---
2026/07/30,03:30:48.8,和歌山県南部,33°43.2′N,135°29.4′E,12 km,-0.2,---
2026/07/30,03:31:15.6,熊本県熊本地方,32°33.5′N,130°37.3′E,14 km,1.6,---
2026/07/30,03:31:27.8,熊本県熊本地方,32°41.0′N,130°44.8′E,11 km,2.3,---
2026/07/30,03:32:09.4,熊本県熊本地方,32°40.1′N,130°42.9′E,12 km,0.9,---
2026/07/30,03:33:01.9,大分県中部,33°15.3′N,131°18.4′E,8 km,0.3,---
2026/07/30,03:33:08.6,熊本県天草・芦北地方,32°29.3′N,130°32.0′E,8 km,0.4,---
2026/07/30,03:33:22.5,熊本県熊本地方,32°38.4′N,130°43.5′E,9 km,1.1,---
2026/07/30,03:33:57.6,日向灘,31°47.5′N,131°51.5′E,8 km,1.5,---
2026/07/30,03:34:02.1,熊本県熊本地方,32°32.0′N,130°35.1′E,12 km,1.4,---
2026/07/30,03:35:07.9,熊本県熊本地方,32°44.0′N,130°46.4′E,10 km,0.2,---
2026/07/30,03:35:23.8,熊本県天草・芦北地方,32°29.1′N,130°31.3′E,10 km,2.5,---
2026/07/30,03:35:49.4,熊本県天草・芦北地方,32°28.8′N,130°32.7′E,8 km,3.6,---
2026/07/30,03:36:44.8,熊本県天草・芦北地方,32°17.8′N,130°27.2′E,1 km,1.2,---
2026/07/30,03:36:49.0,福島県沖,37°21.6′N,141°56.0′E,34 km,0.9,---
2026/07/30,03:37:11.4,熊本県熊本地方,32°32.5′N,130°39.7′E,4 km,0.9,---
2026/07/30,03:38:06.7,熊本県熊本地方,32°36.5′N,130°43.5′E,5 km,0.8,---
2026/07/30,03:38:26.8,熊本県天草・芦北地方,32°30.8′N,130°33.5′E,13 km,0.9,---
2026/07/30,03:39:02.1,熊本県天草・芦北地方,32°30.3′N,130°33.5′E,13 km,0.5,---
2026/07/30,03:39:21.2,熊本県天草・芦北地方,32°25.1′N,130°28.9′E,10 km,0.9,---
2026/07/30,03:40:08.3,熊本県熊本地方,32°43.2′N,130°45.6′E,13 km,0.6,---
2026/07/30,03:40:13.6,熊本県熊本地方,32°38.6′N,130°43.2′E,10 km,1.2,---
2026/07/30,03:40:45.1,長野県南部,35°52.4′N,137°39.0′E,8 km,0.5,---
2026/07/30,03:40:50.3,熊本県熊本地方,32°30.4′N,130°34.9′E,10 km,0.7,---
2026/07/30,03:41:12.0,熊本県熊本地方,32°30.6′N,130°34.6′E,12 km,0.6,---
2026/07/30,03:41:32.7,熊本県熊本地方,32°40.4′N,130°35.1′E,15 km,0.4,---
2026/07/30,03:42:21.1,熊本県熊本地方,32°42.4′N,130°46.0′E,10 km,0.9,---
2026/07/30,03:42:40.4,熊本県熊本地方,32°39.2′N,130°42.7′E,13 km,0.7,---
2026/07/30,03:42:42.9,熊本県天草・芦北地方,32°27.0′N,130°32.5′E,6 km,1.8,---
2026/07/30,03:43:20.3,熊本県熊本地方,32°39.2′N,130°44.4′E,7 km,0.3,---
2026/07/30,03:43:57.4,熊本県天草・芦北地方,32°27.4′N,130°33.1′E,9 km,0.4,---
2026/07/30,03:44:28.9,熊本県熊本地方,32°31.8′N,130°35.6′E,13 km,0.5,---
2026/07/30,03:44:43.1,熊本県熊本地方,32°31.9′N,130°34.5′E,10 km,0.4,---
2026/07/30,03:46:14.4,熊本県熊本地方,32°34.5′N,130°40.4′E,7 km,0.3,---
2026/07/30,03:46:17.8,宮城県沖,37°55.6′N,141°43.0′E,58 km,0.9,---
2026/07/30,03:46:33.0,熊本県熊本地方,32°31.1′N,130°36.3′E,2 km,0.6,---
2026/07/30,03:46:54.6,熊本県熊本地方,32°29.4′N,130°38.4′E,8 km,1.0,---
2026/07/30,03:47:14.1,熊本県熊本地方,32°35.1′N,130°40.2′E,16 km,0.5,---
2026/07/30,03:47:36.3,茨城県北部,36°42.0′N,140°37.5′E,61 km,0.8,---
2026/07/30,03:47:42.3,奄美大島近海,28°12.3′N,129°37.7′E,24 km,0.8,---
2026/07/30,03:47:56.6,熊本県天草・芦北地方,32°27.5′N,130°32.4′E,5 km,0.7,---
2026/07/30,03:48:18.1,熊本県熊本地方,32°30.3′N,130°35.1′E,12 km,0.9,---
2026/07/30,03:49:39.3,日向灘,32°04.9′N,132°04.6′E,20 km,1.1,---
2026/07/30,03:49:47.3,大分県中部,33°15.4′N,131°19.2′E,10 km,0.6,---
2026/07/30,03:49:49.0,熊本県天草・芦北地方,32°23.1′N,130°29.7′E,8 km,1.5,---
2026/07/30,03:50:18.9,大分県中部,33°14.9′N,131°19.1′E,13 km,1.6,---
2026/07/30,03:50:53.9,大分県中部,33°15.3′N,131°18.9′E,8 km,1.0,---
2026/07/30,03:50:55.4,熊本県熊本地方,32°39.9′N,130°45.2′E,5 km,0.8,---
2026/07/30,03:50:55.5,岩手県沖,40°21.5′N,142°24.5′E,25 km,1.5,---
2026/07/30,03:51:09.2,山口県北部,34°22.2′N,131°32.4′E,17 km,1.6,---
2026/07/30,03:51:22.7,熊本県熊本地方,32°39.5′N,130°43.3′E,9 km,0.8,---
2026/07/30,03:51:29.7,埼玉県秩父地方,35°58.6′N,138°59.4′E,127 km,0.9,---
2026/07/30,03:52:40.2,大分県中部,33°15.3′N,131°19.4′E,11 km,0.5,---
2026/07/30,03:52:46.7,熊本県天草・芦北地方,32°09.9′N,130°31.9′E,9 km,0.4,---
2026/07/30,03:52:58.2,熊本県熊本地方,32°36.6′N,130°40.2′E,10 km,0.7,---
2026/07/30,03:53:20.7,熊本県熊本地方,32°43.0′N,130°46.7′E,9 km,1.2,---
2026/07/30,03:53:35.8,熊本県天草・芦北地方,32°26.3′N,130°32.8′E,5 km,1.4,---
2026/07/30,03:54:21.4,熊本県熊本地方,32°40.9′N,130°44.1′E,11 km,1.4,---
2026/07/30,03:55:02.0,熊本県熊本地方,32°30.6′N,130°35.4′E,2 km,0.9,---
2026/07/30,03:55:33.4,熊本県天草・芦北地方,32°22.9′N,130°28.4′E,6 km,0.6,---
2026/07/30,03:55:57.3,熊本県熊本地方,32°40.5′N,130°44.9′E,9 km,1.4,---
2026/07/30,03:56:35.5,熊本県熊本地方,32°38.8′N,130°45.0′E,11 km,0.2,---
2026/07/30,03:56:48.6,熊本県天草・芦北地方,32°29.3′N,130°31.3′E,10 km,0.8,---
2026/07/30,03:57:17.8,熊本県熊本地方,32°41.6′N,130°45.6′E,12 km,0.2,---
2026/07/30,03:58:04.4,熊本県阿蘇地方,32°55.0′N,131°01.2′E,8 km,0.3,---
2026/07/30,03:58:29.6,熊本県天草・芦北地方,32°26.6′N,130°32.8′E,1 km,0.6,---
2026/07/30,03:58:39.2,熊本県天草・芦北地方,32°26.2′N,130°28.4′E,12 km,1.3,---
2026/07/30,03:58:59.3,熊本県熊本地方,32°34.1′N,130°38.7′E,9 km,0.9,---
2026/07/30,03:59:08.2,熊本県熊本地方,32°47.6′N,130°49.0′E,7 km,3.3,---
2026/07/30,04:00:13.0,熊本県熊本地方,32°45.3′N,130°48.9′E,3 km,0.9,---
2026/07/30,04:00:38.7,熊本県天草・芦北地方,32°27.1′N,130°32.8′E,7 km,1.5,---
2026/07/30,04:01:11.3,熊本県熊本地方,32°43.1′N,130°46.2′E,10 km,1.1,---
2026/07/30,04:01:52.2,熊本県天草・芦北地方,32°29.3′N,130°31.3′E,10 km,2.2,---
2026/07/30,04:02:21.0,熊本県熊本地方,32°39.5′N,130°44.6′E,8 km,3.5,---
2026/07/30,04:03:34.0,熊本県熊本地方,32°44.6′N,130°46.7′E,10 km,2.1,---
2026/07/30,04:04:38.7,熊本県熊本地方,32°38.3′N,130°43.5′E,8 km,0.8,---
2026/07/30,04:05:33.5,熊本県天草・芦北地方,32°27.3′N,130°33.9′E,3 km,0.5,---
2026/07/30,04:06:11.1,新島・神津島近海,34°20.7′N,139°16.7′E,13 km,1.0,---
2026/07/30,04:06:24.2,熊本県熊本地方,32°33.8′N,130°38.9′E,10 km,1.9,---
2026/07/30,04:06:33.5,熊本県熊本地方,32°39.6′N,130°43.8′E,5 km,1.6,---
2026/07/30,04:07:13.3,熊本県熊本地方,32°33.9′N,130°39.8′E,8 km,1.8,---
2026/07/30,04:07:50.9,熊本県天草・芦北地方,32°15.6′N,130°31.0′E,0 km,0.7,---
2026/07/30,04:08:31.3,熊本県熊本地方,32°33.4′N,130°39.9′E,9 km,1.7,---
2026/07/30,04:09:01.1,熊本県天草・芦北地方,32°25.2′N,130°27.9′E,12 km,0.7,---
2026/07/30,04:09:18.4,熊本県熊本地方,32°33.3′N,130°36.8′E,14 km,0.7,---
2026/07/30,04:09:23.6,大隅半島東方沖,30°46.0′N,131°29.2′E,32 km,2.0,---
2026/07/30,04:09:48.8,熊本県天草・芦北地方,32°24.0′N,130°28.4′E,9 km,1.8,---
2026/07/30,04:11:01.9,宮古島北西沖,25°15.8′N,124°43.8′E,91 km,1.4,---
2026/07/30,04:11:03.1,熊本県熊本地方,32°37.0′N,130°43.6′E,4 km,1.4,---
2026/07/30,04:11:26.9,大隅半島東方沖,30°46.8′N,131°29.5′E,25 km,1.4,---
2026/07/30,04:12:03.9,熊本県熊本地方,32°32.7′N,130°35.5′E,9 km,0.1,---
2026/07/30,04:12:13.9,大隅半島東方沖,30°46.7′N,131°28.7′E,28 km,1.5,---
2026/07/30,04:12:25.3,長野県南部,35°53.1′N,138°07.4′E,7 km,-0.2,---
2026/07/30,04:12:48.4,熊本県熊本地方,32°31.2′N,130°35.5′E,7 km,0.7,---
2026/07/30,04:13:11.4,熊本県熊本地方,32°37.0′N,130°42.5′E,9 km,0.7,---
2026/07/30,04:13:53.7,大隅半島東方沖,30°46.3′N,131°28.2′E,32 km,1.7,---
2026/07/30,04:14:03.8,熊本県熊本地方,32°40.4′N,130°44.7′E,6 km,0.4,---
2026/07/30,04:14:14.7,熊本県天草・芦北地方,32°26.4′N,130°33.3′E,1 km,1.4,---
2026/07/30,04:14:52.8,熊本県天草・芦北地方,32°12.7′N,130°21.3′E,7 km,0.9,---
2026/07/30,04:15:24.0,熊本県天草・芦北地方,32°36.6′N,130°37.2′E,14 km,0.3,---
2026/07/30,04:15:54.5,三陸沖,40°12.0′N,143°12.0′E,4 km,1.4,---
2026/07/30,04:16:04.8,大分県中部,33°14.9′N,131°18.7′E,8 km,-0.2,---
2026/07/30,04:16:14.9,熊本県熊本地方,32°31.5′N,130°36.1′E,8 km,0.6,---
2026/07/30,04:16:35.7,熊本県天草・芦北地方,32°27.9′N,130°31.2′E,8 km,1.1,---
2026/07/30,04:17:01.9,岩手県沖,39°04.5′N,142°23.8′E,28 km,1.7,---
2026/07/30,04:17:27.6,熊本県天草・芦北地方,32°28.5′N,130°31.2′E,9 km,1.0,---
2026/07/30,04:18:19.2,熊本県熊本地方,32°39.4′N,130°41.4′E,16 km,0.5,---
2026/07/30,04:19:31.4,浦河沖,41°42.7′N,142°40.6′E,23 km,1.4,---
2026/07/30,04:19:36.2,熊本県天草・芦北地方,32°25.4′N,130°31.6′E,1 km,1.1,---
2026/07/30,04:20:03.0,熊本県天草・芦北地方,32°21.4′N,130°27.0′E,9 km,2.1,---
2026/07/30,04:22:15.1,熊本県熊本地方,32°47.6′N,130°49.0′E,6 km,0.2,---
2026/07/30,04:22:46.0,大隅半島東方沖,30°46.4′N,131°29.4′E,35 km,1.6,---
2026/07/30,04:22:59.3,熊本県熊本地方,32°43.2′N,130°47.2′E,7 km,1.1,---
2026/07/30,04:23:14.3,熊本県天草・芦北地方,32°27.4′N,130°32.7′E,5 km,1.1,---
2026/07/30,04:23:59.0,熊本県天草・芦北地方,32°09.6′N,130°26.5′E,3 km,0.0,---
2026/07/30,04:23:59.4,熊本県熊本地方,32°33.3′N,130°40.9′E,0 km,0.7,---
2026/07/30,04:24:35.4,熊本県熊本地方,32°33.0′N,130°37.3′E,7 km,0.6,---
2026/07/30,04:25:06.0,熊本県熊本地方,32°32.7′N,130°35.3′E,13 km,0.2,---
2026/07/30,04:26:16.8,熊本県熊本地方,32°37.1′N,130°40.5′E,14 km,1.3,---
2026/07/30,04:26:31.2,熊本県熊本地方,32°44.8′N,130°47.1′E,9 km,1.4,---
2026/07/30,04:26:57.1,熊本県熊本地方,32°29.5′N,130°38.9′E,10 km,1.8,---
2026/07/30,04:27:10.3,熊本県熊本地方,32°45.0′N,130°47.3′E,8 km,1.3,---
2026/07/30,04:27:56.5,熊本県熊本地方,32°39.0′N,130°43.7′E,10 km,0.8,---
2026/07/30,04:28:06.8,熊本県熊本地方,32°38.6′N,130°43.4′E,8 km,2.2,---
2026/07/30,04:28:50.2,熊本県熊本地方,32°41.5′N,130°44.2′E,11 km,2.5,---
2026/07/30,04:30:11.0,熊本県熊本地方,32°36.8′N,130°41.3′E,15 km,2.5,---
2026/07/30,04:30:39.0,熊本県熊本地方,32°36.8′N,130°41.2′E,13 km,1.5,---
2026/07/30,04:31:25.7,熊本県熊本地方,32°39.9′N,130°42.3′E,12 km,0.2,---
2026/07/30,04:32:00.8,熊本県熊本地方,32°38.9′N,130°42.7′E,11 km,1.6,---
2026/07/30,04:32:33.0,宮城県沖,38°18.3′N,141°50.7′E,46 km,1.6,---
2026/07/30,04:32:44.2,熊本県天草・芦北地方,32°30.3′N,130°33.1′E,13 km,2.3,---
2026/07/30,04:33:20.1,熊本県熊本地方,32°39.7′N,130°41.7′E,12 km,1.0,---
2026/07/30,04:34:05.1,熊本県天草・芦北地方,32°26.5′N,130°33.3′E,0 km,0.4,---
2026/07/30,04:34:55.4,熊本県熊本地方,32°38.5′N,130°43.2′E,8 km,0.3,---
2026/07/30,04:35:08.0,鹿児島湾,31°24.9′N,130°37.6′E,8 km,0.7,---
2026/07/30,04:35:25.5,西表島付近,24°26.3′N,123°53.2′E,0 km,1.2,---
2026/07/30,04:35:25.8,熊本県熊本地方,32°31.4′N,130°37.3′E,11 km,2.5,---
2026/07/30,04:36:31.3,熊本県熊本地方,32°30.5′N,130°35.3′E,9 km,0.1,---
2026/07/30,04:36:43.9,熊本県熊本地方,32°44.1′N,130°46.2′E,10 km,0.5,---
2026/07/30,04:36:48.5,兵庫県南東部,35°05.5′N,134°52.3′E,7 km,0.9,---
2026/07/30,04:36:56.0,熊本県熊本地方,32°33.0′N,130°40.5′E,6 km,1.0,---
2026/07/30,04:37:24.1,熊本県熊本地方,32°38.5′N,130°44.2′E,7 km,0.2,---
2026/07/30,04:37:32.5,熊本県熊本地方,32°31.1′N,130°36.8′E,7 km,1.7,---
2026/07/30,04:38:41.3,大分県中部,33°15.2′N,131°18.4′E,10 km,0.2,---
2026/07/30,04:39:15.3,天草灘,31°59.2′N,130°11.5′E,2 km,不明,---
2026/07/30,04:40:30.6,宮崎県北部平野部,32°24.9′N,131°31.3′E,13 km,1.3,---
2026/07/30,04:40:46.6,熊本県天草・芦北地方,32°25.4′N,130°29.9′E,11 km,0.7,---
2026/07/30,04:41:24.6,福島県沖,37°51.0′N,141°34.5′E,49 km,1.5,---
2026/07/30,04:41:32.4,熊本県天草・芦北地方,32°30.3′N,130°32.2′E,7 km,0.3,---
2026/07/30,04:42:18.2,熊本県天草・芦北地方,32°28.3′N,130°32.6′E,5 km,1.0,---
2026/07/30,04:42:56.1,熊本県天草・芦北地方,32°22.8′N,130°28.1′E,12 km,0.5,---
2026/07/30,04:43:21.4,熊本県熊本地方,32°41.0′N,130°45.3′E,11 km,0.2,---
2026/07/30,04:44:16.3,熊本県熊本地方,32°29.9′N,130°33.1′E,8 km,0.1,---
2026/07/30,04:44:33.9,熊本県熊本地方,32°30.3′N,130°34.6′E,8 km,0.5,---
2026/07/30,04:44:39.9,北海道南西沖,41°52.9′N,140°01.5′E,12 km,1.1,---
2026/07/30,04:44:43.9,熊本県熊本地方,32°33.8′N,130°39.2′E,2 km,0.4,---
2026/07/30,04:45:19.9,熊本県熊本地方,32°29.5′N,130°36.7′E,1 km,1.1,---
2026/07/30,04:45:40.5,熊本県熊本地方,32°38.4′N,130°43.4′E,9 km,1.5,---
2026/07/30,04:46:20.1,熊本県天草・芦北地方,32°29.6′N,130°32.4′E,11 km,2.0,---
2026/07/30,04:47:06.8,熊本県天草・芦北地方,32°28.5′N,130°32.9′E,1 km,0.9,---
2026/07/30,04:47:53.7,熊本県熊本地方,32°41.6′N,130°44.4′E,11 km,1.4,---
2026/07/30,04:48:11.0,大分県中部,33°15.0′N,131°19.4′E,9 km,0.8,---
2026/07/30,04:48:47.1,茨城県沖,36°23.3′N,141°00.8′E,40 km,1.1,---
2026/07/30,04:49:19.2,大分県中部,33°15.3′N,131°18.4′E,9 km,0.4,---
2026/07/30,04:49:37.4,熊本県熊本地方,32°35.2′N,130°39.6′E,7 km,1.0,---
2026/07/30,04:49:56.0,熊本県熊本地方,32°31.3′N,130°35.2′E,3 km,1.1,---
2026/07/30,04:50:10.7,熊本県熊本地方,32°40.6′N,130°41.9′E,12 km,1.3,---
2026/07/30,04:51:16.0,千葉県北東部,35°42.5′N,140°40.5′E,45 km,0.6,---
2026/07/30,04:51:18.9,熊本県天草・芦北地方,32°25.0′N,130°27.8′E,13 km,1.5,---
2026/07/30,04:51:41.4,熊本県熊本地方,32°25.2′N,130°33.9′E,1 km,0.8,---
2026/07/30,04:52:16.3,熊本県熊本地方,32°38.5′N,130°45.5′E,6 km,0.5,---
2026/07/30,04:52:42.9,西表島付近,24°18.6′N,123°45.2′E,11 km,2.0,---
2026/07/30,04:53:12.9,熊本県熊本地方,32°41.5′N,130°44.2′E,12 km,0.6,---
2026/07/30,04:53:48.0,熊本県熊本地方,32°38.8′N,130°44.9′E,7 km,1.2,---
2026/07/30,04:54:28.1,熊本県天草・芦北地方,32°25.9′N,130°31.5′E,10 km,0.3,---
2026/07/30,04:55:15.7,熊本県熊本地方,32°41.1′N,130°44.9′E,10 km,1.3,---
2026/07/30,04:56:07.5,熊本県熊本地方,32°39.0′N,130°45.1′E,8 km,0.3,---
2026/07/30,04:56:40.6,熊本県天草・芦北地方,32°28.5′N,130°30.2′E,8 km,0.6,---
2026/07/30,04:56:54.7,熊本県熊本地方,32°38.7′N,130°45.2′E,7 km,0.3,---
2026/07/30,04:56:57.1,三陸沖,38°01.5′N,144°19.1′E,14 km,1.2,---
2026/07/30,04:57:00.5,鹿児島県薩摩地方,32°06.8′N,130°23.4′E,11 km,0.1,---
2026/07/30,04:57:38.7,熊本県熊本地方,32°34.9′N,130°36.8′E,12 km,0.3,---
2026/07/30,04:58:09.8,熊本県熊本地方,32°43.1′N,130°46.3′E,9 km,0.8,---
2026/07/30,04:58:20.5,熊本県熊本地方,32°30.6′N,130°34.9′E,9 km,1.2,---
2026/07/30,04:58:36.8,岩手県沖,40°17.5′N,142°51.0′E,8 km,1.6,---
2026/07/30,04:59:02.5,岩手県沖,40°17.9′N,142°52.2′E,9 km,不明,---
2026/07/30,04:59:11.0,伊豆半島東方沖,35°00.1′N,139°20.9′E,10 km,0.4,---
2026/07/30,05:00:36.3,熊本県熊本地方,32°33.9′N,130°37.9′E,10 km,1.7,---
2026/07/30,05:00:57.5,岩手県沖,39°25.9′N,142°37.8′E,39 km,0.8,---
2026/07/30,05:01:26.9,熊本県熊本地方,32°29.5′N,130°35.3′E,9 km,0.1,---
2026/07/30,05:02:02.2,京都府南部,35°14.1′N,135°25.5′E,10 km,0.3,---
2026/07/30,05:02:18.4,熊本県熊本地方,32°31.3′N,130°35.1′E,11 km,0.3,---
2026/07/30,05:02:39.9,熊本県熊本地方,32°39.8′N,130°42.1′E,14 km,0.6,---
2026/07/30,05:04:10.1,熊本県熊本地方,32°39.9′N,130°42.0′E,16 km,0.6,---
2026/07/30,05:04:26.8,福島県沖,37°12.7′N,142°03.8′E,26 km,1.8,---
2026/07/30,05:04:29.2,熊本県天草・芦北地方,32°28.3′N,130°32.9′E,1 km,1.1,---
2026/07/30,05:05:24.7,沖縄本島近海,26°15.0′N,127°52.4′E,21 km,0.8,---
2026/07/30,05:05:30.6,熊本県熊本地方,32°48.2′N,130°48.0′E,12 km,1.0,---
2026/07/30,05:06:06.1,熊本県熊本地方,32°44.8′N,130°47.4′E,10 km,0.9,---
2026/07/30,05:06:15.4,熊本県天草・芦北地方,32°28.9′N,130°34.4′E,13 km,2.0,---
2026/07/30,05:07:07.2,熊本県熊本地方,32°24.5′N,130°33.0′E,6 km,2.9,---
2026/07/30,05:07:32.4,熊本県天草・芦北地方,32°28.2′N,130°32.7′E,3 km,2.8,---
2026/07/30,05:07:48.0,三陸沖,39°32.6′N,143°40.7′E,11 km,1.4,---
2026/07/30,05:08:56.3,熊本県熊本地方,32°36.1′N,130°40.0′E,11 km,0.4,---
2026/07/30,05:09:00.4,西表島付近,24°18.7′N,123°45.0′E,10 km,1.2,---
2026/07/30,05:10:24.2,熊本県熊本地方,32°41.0′N,130°42.7′E,16 km,0.2,---
2026/07/30,05:12:23.9,大隅半島東方沖,30°46.6′N,131°28.4′E,30 km,0.9,---
2026/07/30,05:13:03.0,熊本県天草・芦北地方,32°31.8′N,130°33.1′E,14 km,0.9,---
2026/07/30,05:13:09.9,奄美大島近海,27°55.5′N,130°18.4′E,46 km,不明,---
2026/07/30,05:13:27.5,茨城県北部,36°48.5′N,140°35.2′E,8 km,0.0,---
2026/07/30,05:13:35.0,紀伊水道,33°54.2′N,134°42.8′E,12 km,0.4,---
2026/07/30,05:13:42.6,熊本県熊本地方,32°40.6′N,130°46.0′E,7 km,1.3,---
2026/07/30,05:13:51.6,島根県東部,35°18.7′N,133°12.4′E,14 km,0.3,---
2026/07/30,05:13:55.0,熊本県熊本地方,32°32.6′N,130°36.5′E,10 km,1.5,---
2026/07/30,05:14:06.0,熊本県熊本地方,32°31.4′N,130°35.4′E,13 km,2.0,---
2026/07/30,05:14:23.5,熊本県天草・芦北地方,32°27.7′N,130°29.6′E,11 km,1.5,---
2026/07/30,05:14:53.7,大隅半島東方沖,30°46.7′N,131°27.7′E,26 km,1.5,---
2026/07/30,05:15:12.4,熊本県熊本地方,32°33.0′N,130°37.5′E,14 km,不明,---
2026/07/30,05:15:25.0,長野県中部,36°18.1′N,138°00.2′E,7 km,0.8,---
2026/07/30,05:15:42.9,熊本県天草・芦北地方,32°26.6′N,130°32.8′E,6 km,1.5,---
2026/07/30,05:16:23.3,熊本県熊本地方,32°43.1′N,130°47.3′E,9 km,0.5,---
2026/07/30,05:16:34.9,熊本県熊本地方,32°30.3′N,130°36.7′E,1 km,4.7,---
2026/07/30,05:18:41.8,熊本県熊本地方,32°30.6′N,130°36.6′E,8 km,2.3,---
2026/07/30,05:18:58.8,熊本県熊本地方,32°31.4′N,130°36.8′E,6 km,2.2,---
2026/07/30,05:19:21.3,熊本県熊本地方,32°32.4′N,130°36.4′E,11 km,1.5,---
2026/07/30,05:19:57.5,十勝地方中部,42°40.8′N,143°28.4′E,72 km,1.5,---
2026/07/30,05:20:03.4,熊本県熊本地方,32°33.5′N,130°39.9′E,8 km,1.5,---
2026/07/30,05:20:28.8,熊本県天草・芦北地方,32°23.8′N,130°27.6′E,11 km,0.9,---
2026/07/30,05:21:51.1,熊本県熊本地方,32°35.9′N,130°39.5′E,10 km,1.3,---
2026/07/30,05:22:06.7,熊本県熊本地方,32°33.4′N,130°36.9′E,10 km,1.4,---
2026/07/30,05:22:34.6,熊本県熊本地方,32°32.1′N,130°36.2′E,10 km,1.4,---
2026/07/30,05:22:45.4,福島県沖,36°52.2′N,141°47.8′E,19 km,1.2,---
2026/07/30,05:23:01.2,熊本県熊本地方,32°31.7′N,130°36.9′E,11 km,0.4,---
2026/07/30,05:24:26.0,熊本県熊本地方,32°30.9′N,130°36.7′E,5 km,0.3,---
2026/07/30,05:25:39.9,熊本県熊本地方,32°47.7′N,130°48.5′E,10 km,1.6,---
2026/07/30,05:26:14.9,大分県中部,33°15.1′N,131°18.3′E,9 km,0.5,---
2026/07/30,05:26:30.7,熊本県熊本地方,32°30.7′N,130°36.1′E,4 km,1.0,---
2026/07/30,05:27:25.4,熊本県熊本地方,32°31.1′N,130°36.9′E,7 km,2.7,---
2026/07/30,05:29:24.1,岩手県沖,40°17.6′N,142°51.3′E,7 km,1.6,---
2026/07/30,05:30:21.1,熊本県熊本地方,32°30.8′N,130°36.6′E,5 km,1.0,---
2026/07/30,05:30:42.6,大分県中部,33°15.3′N,131°18.6′E,11 km,0.2,---
2026/07/30,05:31:10.5,紀伊水道,33°53.5′N,134°46.7′E,16 km,0.8,---
2026/07/30,05:31:32.1,熊本県熊本地方,32°40.6′N,130°42.5′E,13 km,1.2,---
2026/07/30,05:32:09.7,熊本県熊本地方,32°46.7′N,130°47.7′E,9 km,2.4,---
2026/07/30,05:34:03.8,熊本県熊本地方,32°42.3′N,130°45.7′E,10 km,2.1,---
2026/07/30,05:34:38.4,熊本県熊本地方,32°39.8′N,130°43.9′E,8 km,1.9,---
2026/07/30,05:35:06.4,熊本県熊本地方,32°31.0′N,130°36.4′E,4 km,1.7,---
2026/07/30,05:35:23.6,青森県東方沖,41°30.7′N,142°03.2′E,47 km,1.1,---
2026/07/30,05:35:56.5,大分県中部,33°15.1′N,131°18.6′E,9 km,0.1,---
2026/07/30,05:36:23.0,熊本県熊本地方,32°29.7′N,130°34.7′E,7 km,1.7,---
2026/07/30,05:37:25.9,熊本県熊本地方,32°39.0′N,130°41.6′E,15 km,2.7,---
2026/07/30,05:37:29.4,岩手県沿岸南部,39°15.5′N,141°44.0′E,50 km,1.0,---
2026/07/30,05:39:24.9,大分県中部,33°15.0′N,131°19.1′E,10 km,0.7,---
2026/07/30,05:39:55.7,熊本県天草・芦北地方,32°28.1′N,130°32.3′E,7 km,1.2,---
2026/07/30,05:41:00.4,福島県沖,37°24.6′N,141°46.6′E,39 km,不明,---
2026/07/30,05:41:07.6,熊本県熊本地方,32°29.9′N,130°34.9′E,9 km,1.7,---
2026/07/30,05:41:14.4,宮古島近海,24°44.3′N,124°31.0′E,10 km,0.2,---
2026/07/30,05:41:57.6,岩手県沖,40°05.8′N,142°26.2′E,37 km,1.8,---
2026/07/30,05:42:45.8,熊本県熊本地方,32°40.1′N,130°42.1′E,14 km,0.7,---
2026/07/30,05:43:28.6,熊本県熊本地方,32°35.2′N,130°38.8′E,9 km,0.6,---
2026/07/30,05:43:53.8,熊本県熊本地方,32°36.1′N,130°42.9′E,5 km,0.6,---
2026/07/30,05:44:22.1,熊本県熊本地方,32°33.8′N,130°38.7′E,7 km,0.4,---
2026/07/30,05:44:41.2,トカラ列島近海,29°35.7′N,129°39.9′E,3 km,1.8,---
2026/07/30,05:45:57.8,熊本県熊本地方,32°48.2′N,130°48.0′E,12 km,0.9,---
2026/07/30,05:46:56.3,三陸沖,39°44.7′N,144°42.0′E,30 km,1.5,---
2026/07/30,05:47:04.5,十勝地方中部,42°53.0′N,143°17.0′E,117 km,1.1,---
2026/07/30,05:47:19.9,能登半島沖,37°34.6′N,137°21.4′E,12 km,不明,---
2026/07/30,05:47:27.3,大分県西部,33°05.4′N,131°14.7′E,4 km,0.9,---
2026/07/30,05:47:54.7,熊本県天草・芦北地方,32°10.8′N,130°25.3′E,2 km,0.6,---
2026/07/30,05:48:54.0,熊本県天草・芦北地方,32°29.1′N,130°32.4′E,7 km,1.6,---
2026/07/30,05:50:07.7,熊本県熊本地方,32°38.7′N,130°44.0′E,10 km,0.2,---
2026/07/30,05:51:00.8,熊本県熊本地方,32°33.7′N,130°40.1′E,3 km,0.9,---
2026/07/30,05:51:32.7,熊本県熊本地方,32°38.4′N,130°43.3′E,9 km,1.1,---
2026/07/30,05:52:38.2,熊本県阿蘇地方,32°54.8′N,131°01.1′E,7 km,1.8,---
2026/07/30,05:54:26.8,熊本県天草・芦北地方,32°25.5′N,130°31.9′E,2 km,1.2,---
2026/07/30,05:54:55.1,熊本県熊本地方,32°31.4′N,130°38.7′E,8 km,0.2,---
2026/07/30,05:55:23.1,熊本県熊本地方,32°28.2′N,130°35.9′E,0 km,1.9,---
2026/07/30,05:56:27.2,熊本県熊本地方,32°48.4′N,130°49.3′E,9 km,0.2,---
2026/07/30,05:56:55.5,熊本県熊本地方,32°30.6′N,130°36.3′E,5 km,0.6,---
2026/07/30,05:57:05.3,大分県中部,33°15.6′N,131°18.8′E,10 km,0.4,---
2026/07/30,05:57:15.1,熊本県熊本地方,32°32.5′N,130°36.1′E,12 km,1.1,---
2026/07/30,05:57:39.1,熊本県熊本地方,32°30.0′N,130°34.1′E,9 km,0.3,---
2026/07/30,05:58:02.2,熊本県熊本地方,32°32.1′N,130°36.5′E,10 km,0.4,---
2026/07/30,05:58:25.9,熊本県天草・芦北地方,32°23.0′N,130°28.5′E,8 km,0.7,---
2026/07/30,05:59:09.8,熊本県熊本地方,32°31.8′N,130°35.6′E,14 km,0.8,---
2026/07/30,05:59:44.0,大分県中部,33°15.3′N,131°18.5′E,10 km,0.2,---
2026/07/30,06:00:06.5,熊本県天草・芦北地方,32°27.9′N,130°32.0′E,6 km,0.3,---
2026/07/30,06:00:41.7,天草灘,31°58.8′N,130°11.4′E,3 km,0.3,---
2026/07/30,06:01:07.5,新島・神津島近海,34°22.2′N,139°15.9′E,0 km,0.6,---
2026/07/30,06:01:10.7,熊本県熊本地方,32°33.9′N,130°37.3′E,10 km,0.5,---
2026/07/30,06:01:31.7,熊本県熊本地方,32°38.7′N,130°43.1′E,10 km,1.9,---
2026/07/30,06:02:35.2,熊本県熊本地方,32°40.4′N,130°44.1′E,9 km,1.4,---
2026/07/30,06:03:21.6,熊本県熊本地方,32°24.1′N,130°34.1′E,0 km,0.4,---
2026/07/30,06:03:48.6,熊本県熊本地方,32°33.5′N,130°38.2′E,6 km,0.7,---
2026/07/30,06:04:03.7,熊本県天草・芦北地方,32°26.4′N,130°33.2′E,2 km,0.8,---
2026/07/30,06:04:15.0,豊後水道,33°11.1′N,132°06.3′E,42 km,0.3,---
2026/07/30,06:04:23.2,熊本県熊本地方,32°31.8′N,130°36.4′E,6 km,1.2,---
2026/07/30,06:04:42.2,熊本県熊本地方,32°40.4′N,130°43.1′E,13 km,0.8,---
2026/07/30,06:05:03.2,熊本県熊本地方,32°39.6′N,130°44.8′E,6 km,2.4,---
2026/07/30,06:06:10.3,熊本県天草・芦北地方,32°24.7′N,130°31.4′E,7 km,0.6,---
2026/07/30,06:06:32.3,大分県中部,33°15.6′N,131°19.9′E,8 km,0.5,---
2026/07/30,06:07:18.6,熊本県熊本地方,32°34.6′N,130°40.0′E,9 km,1.5,---
2026/07/30,06:07:35.6,熊本県天草・芦北地方,32°28.9′N,130°30.6′E,10 km,1.9,---
2026/07/30,06:08:25.0,熊本県熊本地方,32°29.3′N,130°34.7′E,12 km,3.0,---
2026/07/30,06:08:51.2,熊本県熊本地方,32°32.8′N,130°39.5′E,6 km,3.0,---
2026/07/30,06:09:46.4,新島・神津島近海,34°22.1′N,139°16.6′E,0 km,0.6,---
2026/07/30,06:09:54.0,熊本県熊本地方,32°35.3′N,130°38.9′E,9 km,1.8,---
2026/07/30,06:10:34.7,熊本県熊本地方,32°35.6′N,130°40.0′E,10 km,1.1,---
2026/07/30,06:10:54.2,熊本県熊本地方,32°39.3′N,130°44.6′E,7 km,3.0,---
2026/07/30,06:12:22.4,熊本県天草・芦北地方,32°23.4′N,130°29.7′E,9 km,1.5,---
2026/07/30,06:15:48.6,熊本県天草・芦北地方,32°28.6′N,130°30.2′E,13 km,2.1,---
2026/07/30,06:15:49.3,大分県中部,33°15.5′N,131°18.3′E,8 km,0.6,---
2026/07/30,06:16:42.7,熊本県天草・芦北地方,32°28.5′N,130°32.1′E,7 km,1.1,---
2026/07/30,06:19:02.4,熊本県熊本地方,32°30.8′N,130°37.1′E,6 km,1.7,---
2026/07/30,06:19:15.7,三陸沖,39°31.9′N,144°36.1′E,20 km,1.3,---
2026/07/30,06:19:27.3,トカラ列島近海,29°38.1′N,129°41.9′E,1 km,2.0,---
2026/07/30,06:19:32.6,熊本県熊本地方,32°37.6′N,130°43.1′E,9 km,0.6,---
2026/07/30,06:19:55.9,熊本県熊本地方,32°45.2′N,130°46.3′E,12 km,1.4,---
2026/07/30,06:20:12.8,熊本県熊本地方,32°30.7′N,130°36.1′E,4 km,1.7,---
2026/07/30,06:21:25.5,熊本県熊本地方,32°40.7′N,130°43.1′E,12 km,0.5,---
2026/07/30,06:22:23.6,熊本県熊本地方,32°29.6′N,130°34.3′E,7 km,0.7,---
2026/07/30,06:23:33.7,熊本県熊本地方,32°35.4′N,130°39.5′E,10 km,0.8,---
2026/07/30,06:23:48.8,熊本県熊本地方,32°31.9′N,130°36.7′E,4 km,1.0,---
2026/07/30,06:24:28.3,熊本県天草・芦北地方,32°27.5′N,130°33.8′E,7 km,0.6,---
2026/07/30,06:25:09.4,熊本県天草・芦北地方,32°31.4′N,130°33.3′E,0 km,0.2,---
2026/07/30,06:25:25.6,熊本県熊本地方,32°34.2′N,130°39.3′E,11 km,3.1,---
2026/07/30,06:27:04.0,熊本県天草・芦北地方,32°17.9′N,130°25.2′E,6 km,0.6,---
2026/07/30,06:27:28.4,熊本県熊本地方,32°39.3′N,130°44.4′E,9 km,0.6,---
2026/07/30,06:28:18.2,熊本県天草・芦北地方,32°27.9′N,130°32.6′E,13 km,1.0,---
2026/07/30,06:28:39.2,和歌山県南部,33°44.4′N,135°24.6′E,6 km,-0.3,---
2026/07/30,06:28:42.9,熊本県天草・芦北地方,32°17.0′N,130°32.3′E,7 km,0.7,---
2026/07/30,06:29:10.9,熊本県熊本地方,32°29.0′N,130°35.0′E,12 km,0.3,---
2026/07/30,06:29:33.6,熊本県熊本地方,32°31.8′N,130°35.7′E,14 km,0.5,---
2026/07/30,06:30:04.7,熊本県熊本地方,32°40.3′N,130°42.7′E,11 km,0.9,---
2026/07/30,06:30:18.8,熊本県天草・芦北地方,32°24.7′N,130°29.2′E,9 km,1.8,---
2026/07/30,06:31:04.7,熊本県熊本地方,32°39.5′N,130°44.8′E,8 km,0.0,---
2026/07/30,06:31:34.8,熊本県熊本地方,32°32.6′N,130°36.3′E,12 km,0.6,---
2026/07/30,06:31:50.4,熊本県熊本地方,32°30.2′N,130°36.2′E,11 km,0.7,---
2026/07/30,06:32:07.7,岩手県沖,40°14.9′N,142°30.7′E,19 km,1.6,---
2026/07/30,06:32:19.6,福岡県北西沖,33°43.2′N,130°11.9′E,9 km,0.5,---
2026/07/30,06:33:32.8,熊本県熊本地方,32°29.8′N,130°39.2′E,13 km,0.5,---
2026/07/30,06:34:09.0,熊本県熊本地方,32°33.9′N,130°38.5′E,9 km,0.7,---
2026/07/30,06:34:31.8,熊本県熊本地方,32°37.2′N,130°43.6′E,3 km,0.8,---
2026/07/30,06:34:51.0,福島県沖,37°09.1′N,142°09.5′E,18 km,0.9,---
2026/07/30,06:35:13.7,熊本県天草・芦北地方,32°23.2′N,130°28.7′E,10 km,0.8,---
2026/07/30,06:35:43.3,熊本県熊本地方,32°40.1′N,130°44.1′E,8 km,0.9,---
2026/07/30,06:36:01.1,熊本県熊本地方,32°31.8′N,130°35.9′E,14 km,1.6,---
2026/07/30,06:38:19.3,熊本県熊本地方,32°40.1′N,130°44.3′E,9 km,0.7,---
2026/07/30,06:39:28.3,熊本県天草・芦北地方,32°29.5′N,130°31.2′E,0 km,-0.1,---
2026/07/30,06:40:28.5,与那国島近海,24°04.3′N,122°44.2′E,17 km,1.6,---
2026/07/30,06:40:42.4,熊本県熊本地方,32°38.4′N,130°41.6′E,13 km,1.6,---
2026/07/30,06:41:37.5,熊本県熊本地方,32°34.3′N,130°37.7′E,10 km,0.3,---
2026/07/30,06:41:44.7,熊本県熊本地方,32°38.5′N,130°41.9′E,13 km,0.7,---
2026/07/30,06:42:23.0,熊本県天草・芦北地方,32°25.9′N,130°32.3′E,9 km,0.7,---
2026/07/30,06:42:30.9,奄美大島近海,28°15.0′N,129°32.9′E,31 km,0.5,---
2026/07/30,06:42:36.4,三陸沖,40°13.9′N,143°06.5′E,3 km,1.6,---
2026/07/30,06:42:54.7,和歌山県北部,34°03.7′N,135°20.0′E,7 km,-0.5,---
2026/07/30,06:43:40.2,熊本県熊本地方,32°38.4′N,130°43.7′E,10 km,1.0,---
2026/07/30,06:44:07.7,熊本県天草・芦北地方,32°25.2′N,130°29.4′E,6 km,0.6,---
2026/07/30,06:44:57.8,熊本県熊本地方,32°29.9′N,130°35.0′E,12 km,0.3,---
2026/07/30,06:45:18.6,熊本県天草・芦北地方,32°27.1′N,130°32.7′E,16 km,0.4,---
2026/07/30,06:45:40.6,熊本県天草・芦北地方,32°12.9′N,130°26.0′E,6 km,0.0,---
2026/07/30,06:46:14.4,熊本県熊本地方,32°31.1′N,130°36.3′E,9 km,0.6,---
2026/07/30,06:46:46.2,熊本県天草・芦北地方,32°24.2′N,130°29.6′E,14 km,0.4,---
2026/07/30,06:47:26.9,熊本県熊本地方,32°43.9′N,130°45.5′E,10 km,0.2,---
2026/07/30,06:47:42.5,三重県南東沖,33°14.0′N,137°48.3′E,49 km,1.9,---
2026/07/30,06:47:44.2,熊本県天草・芦北地方,32°25.2′N,130°29.7′E,1 km,1.0,---
2026/07/30,06:48:12.9,熊本県熊本地方,32°41.5′N,130°45.7′E,11 km,1.4,---
2026/07/30,06:48:55.7,岩手県沖,40°07.4′N,142°25.0′E,14 km,0.9,---
2026/07/30,06:48:56.0,天草灘,32°31.1′N,130°01.1′E,13 km,0.4,---
2026/07/30,06:49:46.9,熊本県熊本地方,32°39.3′N,130°42.2′E,6 km,1.7,---
2026/07/30,06:50:03.6,山梨県東部・富士五湖,35°29.2′N,138°57.5′E,24 km,1.1,---
2026/07/30,06:50:32.2,熊本県天草・芦北地方,32°27.5′N,130°33.5′E,6 km,2.3,---
2026/07/30,06:50:51.7,熊本県天草・芦北地方,32°30.6′N,130°32.9′E,11 km,1.4,---
2026/07/30,06:51:13.6,熊本県熊本地方,32°30.0′N,130°35.1′E,6 km,1.1,---
2026/07/30,06:51:22.0,長野県北部,36°28.2′N,137°53.9′E,11 km,-0.6,---
2026/07/30,06:51:49.3,熊本県熊本地方,32°47.8′N,130°48.6′E,8 km,1.1,---
2026/07/30,06:52:17.4,熊本県天草・芦北地方,32°27.4′N,130°32.1′E,13 km,2.3,---
2026/07/30,06:53:08.1,熊本県熊本地方,32°35.6′N,130°40.9′E,6 km,0.6,---
2026/07/30,06:53:52.8,岩手県沖,39°11.5′N,142°29.8′E,27 km,1.0,---
2026/07/30,06:54:22.3,熊本県熊本地方,32°29.1′N,130°33.9′E,7 km,1.6,---
2026/07/30,06:55:21.2,熊本県天草・芦北地方,32°28.8′N,130°34.6′E,0 km,0.3,---
2026/07/30,06:55:39.5,熊本県熊本地方,32°29.1′N,130°34.2′E,9 km,2.4,---
2026/07/30,06:55:40.7,八丈島東方沖,32°32.6′N,140°56.5′E,21 km,3.1,---
2026/07/30,06:56:39.0,熊本県熊本地方,32°31.4′N,130°36.4′E,5 km,0.9,---
2026/07/30,06:57:13.4,熊本県熊本地方,32°44.6′N,130°44.7′E,11 km,0.7,---
2026/07/30,06:57:33.7,熊本県熊本地方,32°43.0′N,130°46.4′E,9 km,0.5,---
2026/07/30,06:58:12.1,熊本県熊本地方,32°37.3′N,130°42.4′E,3 km,0.5,---
2026/07/30,06:58:50.0,福島県沖,37°13.1′N,142°04.4′E,25 km,1.3,---
2026/07/30,06:58:54.2,大分県中部,33°15.9′N,131°19.0′E,11 km,0.1,---
2026/07/30,06:59:20.4,熊本県熊本地方,32°30.0′N,130°35.6′E,8 km,2.7,---
2026/07/30,07:00:06.8,熊本県熊本地方,32°31.4′N,130°34.9′E,10 km,1.1,---
2026/07/30,07:00:16.2,福島県沖,37°27.9′N,142°20.4′E,25 km,不明,---
2026/07/30,07:00:19.8,秋田県内陸北部,39°58.7′N,140°32.8′E,4 km,不明,---
2026/07/30,07:00:22.0,秋田県内陸北部,39°58.7′N,140°33.2′E,1 km,0.6,---
2026/07/30,07:00:30.8,熊本県熊本地方,32°45.1′N,130°47.7′E,10 km,0.4,---
2026/07/30,07:00:43.4,宮城県沖,38°22.1′N,142°07.6′E,33 km,1.5,---
2026/07/30,07:00:55.4,三陸沖,39°21.9′N,143°35.6′E,13 km,2.2,---
2026/07/30,07:02:26.7,和歌山県南方沖,33°17.1′N,135°03.3′E,22 km,0.9,---
2026/07/30,07:03:21.3,熊本県熊本地方,32°34.8′N,130°38.5′E,12 km,0.8,---
2026/07/30,07:04:23.1,熊本県熊本地方,32°33.4′N,130°37.1′E,9 km,0.5,---
2026/07/30,07:04:39.1,熊本県熊本地方,32°38.5′N,130°43.0′E,8 km,0.5,---
2026/07/30,07:04:57.3,熊本県熊本地方,32°35.5′N,130°41.0′E,7 km,0.8,---
2026/07/30,07:05:16.1,岩手県内陸南部,39°03.2′N,140°52.3′E,7 km,0.8,---
2026/07/30,07:06:02.1,熊本県熊本地方,32°32.2′N,130°38.2′E,8 km,0.9,---
2026/07/30,07:06:22.3,熊本県天草・芦北地方,32°30.3′N,130°30.9′E,11 km,0.2,---
2026/07/30,07:06:31.1,石川県西方沖,36°56.7′N,136°23.4′E,11 km,1.2,---
2026/07/30,07:07:02.0,大分県中部,33°15.5′N,131°19.0′E,9 km,0.3,---
2026/07/30,07:07:37.5,茨城県北部,36°43.5′N,140°36.0′E,10 km,-0.4,---
2026/07/30,07:07:44.6,熊本県天草・芦北地方,32°24.7′N,130°31.0′E,13 km,1.0,---
2026/07/30,07:08:59.3,熊本県熊本地方,32°51.4′N,130°53.6′E,9 km,0.6,---
2026/07/30,07:09:27.6,熊本県熊本地方,32°39.1′N,130°42.1′E,13 km,1.0,---
2026/07/30,07:09:48.8,熊本県熊本地方,32°30.6′N,130°35.1′E,7 km,0.4,---
2026/07/30,07:10:10.5,熊本県天草・芦北地方,32°29.8′N,130°31.7′E,8 km,0.2,---
2026/07/30,07:10:24.4,熊本県天草・芦北地方,32°28.9′N,130°30.9′E,11 km,1.0,---
2026/07/30,07:11:07.3,熊本県天草・芦北地方,32°28.1′N,130°32.5′E,6 km,2.1,---
2026/07/30,07:13:24.9,熊本県熊本地方,32°47.6′N,130°48.9′E,8 km,0.9,---
2026/07/30,07:13:57.2,熊本県熊本地方,32°43.2′N,130°46.3′E,6 km,0.5,---
2026/07/30,07:14:25.5,岩手県内陸南部,39°03.1′N,140°51.3′E,10 km,0.6,---
2026/07/30,07:14:45.7,熊本県熊本地方,32°32.1′N,130°38.2′E,10 km,0.7,---
2026/07/30,07:14:47.0,豊後水道,33°26.2′N,132°20.8′E,42 km,0.6,---
2026/07/30,07:15:41.0,大分県中部,33°15.2′N,131°19.6′E,9 km,0.8,---
2026/07/30,07:16:43.8,熊本県天草・芦北地方,32°28.9′N,130°32.3′E,9 km,0.5,---
2026/07/30,07:17:14.4,熊本県天草・芦北地方,32°26.7′N,130°33.4′E,5 km,0.9,---
2026/07/30,07:17:40.7,熊本県熊本地方,32°43.0′N,130°46.9′E,7 km,1.0,---
2026/07/30,07:18:04.9,熊本県熊本地方,32°44.5′N,130°47.8′E,5 km,1.3,---
2026/07/30,07:18:41.1,千葉県北東部,35°52.4′N,140°28.4′E,33 km,0.5,---
2026/07/30,07:18:41.7,和歌山県北部,34°03.7′N,135°18.2′E,8 km,-0.2,---
2026/07/30,07:19:03.0,熊本県熊本地方,32°34.5′N,130°37.9′E,10 km,0.6,---
2026/07/30,07:20:22.2,三陸沖,39°37.0′N,143°46.6′E,21 km,0.8,---
2026/07/30,07:20:36.2,熊本県天草・芦北地方,32°31.6′N,130°33.4′E,13 km,0.7,---
2026/07/30,07:20:39.2,青森県東方沖,40°55.9′N,142°53.3′E,21 km,1.4,---
2026/07/30,07:20:58.0,大分県中部,33°15.5′N,131°19.5′E,10 km,0.5,---
2026/07/30,07:21:23.4,熊本県天草・芦北地方,32°27.6′N,130°33.6′E,1 km,1.0,---
2026/07/30,07:24:18.1,熊本県熊本地方,32°31.7′N,130°35.2′E,6 km,1.9,---
2026/07/30,07:25:48.8,熊本県熊本地方,32°32.3′N,130°34.5′E,0 km,0.7,---
2026/07/30,07:26:40.0,天草灘,31°58.5′N,130°11.3′E,2 km,0.5,---
2026/07/30,07:27:14.1,熊本県熊本地方,32°34.1′N,130°40.3′E,1 km,1.4,---
2026/07/30,07:27:14.2,福井県嶺南,35°24.7′N,135°53.5′E,10 km,0.1,---
2026/07/30,07:29:08.9,熊本県熊本地方,32°34.1′N,130°37.7′E,12 km,0.3,---
2026/07/30,07:29:28.0,宮崎県南部山沿い,31°50.0′N,131°10.1′E,3 km,0.6,---
2026/07/30,07:29:57.5,熊本県天草・芦北地方,32°24.6′N,130°29.1′E,9 km,1.3,---
2026/07/30,07:31:21.1,熊本県天草・芦北地方,32°31.2′N,130°32.4′E,16 km,1.3,---
2026/07/30,07:32:27.6,熊本県熊本地方,32°35.6′N,130°40.1′E,11 km,1.5,---
2026/07/30,07:33:25.6,熊本県天草・芦北地方,32°27.4′N,130°29.8′E,12 km,0.3,---
2026/07/30,07:33:42.9,熊本県熊本地方,32°38.6′N,130°40.8′E,14 km,1.8,---
2026/07/30,07:35:06.1,熊本県天草・芦北地方,32°22.6′N,130°28.5′E,7 km,1.0,---
2026/07/30,07:35:35.2,熊本県天草・芦北地方,32°29.7′N,130°32.1′E,12 km,1.7,---
2026/07/30,07:36:49.9,熊本県天草・芦北地方,32°29.5′N,130°31.2′E,10 km,0.7,---
2026/07/30,07:37:31.5,熊本県天草・芦北地方,32°29.6′N,130°31.5′E,13 km,0.4,---
2026/07/30,07:37:36.2,岡山県北部,35°10.2′N,134°15.8′E,12 km,1.0,---
2026/07/30,07:38:08.1,熊本県天草・芦北地方,32°29.8′N,130°31.7′E,11 km,0.7,---
2026/07/30,07:40:59.6,大分県中部,33°15.4′N,131°19.5′E,10 km,0.5,---
2026/07/30,07:41:07.6,熊本県熊本地方,32°44.9′N,130°48.7′E,7 km,0.8,---
2026/07/30,07:41:41.5,岩手県内陸南部,39°01.1′N,140°50.8′E,10 km,1.3,---
2026/07/30,07:41:57.1,熊本県熊本地方,32°29.8′N,130°34.5′E,12 km,0.8,---
2026/07/30,07:42:55.6,大隅半島東方沖,31°11.1′N,131°47.6′E,23 km,1.3,---
2026/07/30,07:43:08.2,熊本県天草・芦北地方,32°24.7′N,130°29.5′E,8 km,0.4,---
2026/07/30,07:43:40.7,和歌山県北部,34°04.2′N,135°21.7′E,8 km,-0.2,---
2026/07/30,07:44:15.6,熊本県熊本地方,32°38.6′N,130°44.4′E,8 km,0.8,---
2026/07/30,07:46:16.9,熊本県熊本地方,32°30.9′N,130°36.1′E,8 km,0.8,---
2026/07/30,07:48:08.0,浦河沖,41°41.3′N,142°25.8′E,39 km,不明,---
2026/07/30,07:48:29.2,熊本県熊本地方,32°31.5′N,130°35.9′E,12 km,1.7,---
2026/07/30,07:49:36.2,石垣島北西沖,25°10.6′N,123°40.2′E,80 km,1.2,---
2026/07/30,07:49:37.3,熊本県熊本地方,32°38.2′N,130°41.4′E,12 km,0.9,---
2026/07/30,07:50:00.6,熊本県天草・芦北地方,32°27.7′N,130°30.5′E,10 km,0.6,---
2026/07/30,07:50:18.9,熊本県天草・芦北地方,32°25.4′N,130°31.6′E,9 km,0.9,---
2026/07/30,07:51:23.4,石垣島近海,23°49.3′N,124°26.8′E,39 km,不明,---
2026/07/30,07:51:43.4,熊本県天草・芦北地方,32°27.6′N,130°31.0′E,9 km,2.5,---
2026/07/30,07:52:26.3,熊本県天草・芦北地方,32°24.2′N,130°30.4′E,12 km,2.8,---
2026/07/30,07:53:53.3,熊本県天草・芦北地方,32°28.3′N,130°30.6′E,10 km,0.8,---
2026/07/30,07:54:18.4,石川県西方沖,36°56.6′N,136°23.0′E,9 km,2.1,---
2026/07/30,07:54:19.3,熊本県熊本地方,32°49.8′N,130°51.3′E,8 km,0.2,---
2026/07/30,07:54:47.4,福島県沖,37°49.9′N,141°37.0′E,49 km,1.2,---
2026/07/30,07:55:07.1,大分県中部,33°15.3′N,131°18.7′E,10 km,0.9,---
2026/07/30,07:55:26.4,熊本県熊本地方,32°34.0′N,130°41.0′E,8 km,0.1,---
2026/07/30,07:55:50.9,熊本県熊本地方,32°41.3′N,130°44.7′E,12 km,0.6,---
2026/07/30,07:56:32.9,茨城県沖,36°16.6′N,141°08.4′E,18 km,1.2,---
2026/07/30,07:56:35.8,熊本県天草・芦北地方,32°28.2′N,130°33.0′E,3 km,1.5,---
2026/07/30,07:57:45.1,浦河沖,42°03.9′N,142°32.5′E,60 km,1.1,---
2026/07/30,07:58:56.8,熊本県熊本地方,32°37.9′N,130°41.8′E,15 km,1.9,---
2026/07/30,07:59:15.9,石川県能登地方,37°18.6′N,136°49.2′E,6 km,1.0,---
2026/07/30,07:59:25.7,熊本県熊本地方,32°41.1′N,130°43.3′E,13 km,1.5,---
2026/07/30,08:00:00.0,福島県沖,37°50.1′N,141°36.1′E,50 km,1.0,---
2026/07/30,08:00:10.4,熊本県熊本地方,32°42.9′N,130°46.7′E,7 km,1.4,---
2026/07/30,08:01:23.8,熊本県熊本地方,32°41.8′N,130°45.2′E,6 km,0.9,---
2026/07/30,08:02:43.4,奄美大島近海,27°33.9′N,128°57.2′E,21 km,不明,---
2026/07/30,08:04:11.7,熊本県熊本地方,32°29.1′N,130°34.5′E,8 km,1.9,---
2026/07/30,08:06:09.0,奄美大島近海,28°36.9′N,129°52.5′E,27 km,1.0,---
2026/07/30,08:06:17.4,熊本県天草・芦北地方,32°28.3′N,130°33.4′E,8 km,2.5,---
2026/07/30,08:08:04.3,大分県中部,33°15.2′N,131°18.3′E,9 km,1.2,---
2026/07/30,08:10:06.0,熊本県熊本地方,32°37.8′N,130°41.6′E,11 km,1.5,---
2026/07/30,08:12:02.1,熊本県天草・芦北地方,32°26.8′N,130°34.0′E,6 km,1.7,---
2026/07/30,08:12:51.2,熊本県天草・芦北地方,32°28.1′N,130°29.7′E,12 km,1.0,---
2026/07/30,08:13:35.3,五島列島近海,32°46.8′N,129°40.9′E,7 km,0.1,---
2026/07/30,08:13:57.6,熊本県熊本地方,32°37.5′N,130°41.5′E,10 km,0.5,---
2026/07/30,08:14:28.4,熊本県天草・芦北地方,32°29.0′N,130°31.9′E,11 km,2.6,---
2026/07/30,08:20:10.8,関東東方沖,35°05.2′N,142°31.2′E,22 km,2.0,---
2026/07/30,08:20:31.3,熊本県天草・芦北地方,32°29.7′N,130°31.5′E,11 km,0.7,---
2026/07/30,08:21:42.4,熊本県天草・芦北地方,32°29.8′N,130°32.6′E,8 km,0.3,---
2026/07/30,08:22:00.1,熊本県熊本地方,32°32.4′N,130°38.6′E,7 km,1.9,---
2026/07/30,08:22:50.5,伊勢湾,35°00.4′N,136°50.4′E,16 km,1.2,---
2026/07/30,08:23:20.0,与那国島近海,24°47.3′N,123°06.6′E,19 km,1.6,---
2026/07/30,08:24:40.5,西表島付近,24°20.0′N,123°50.5′E,1 km,不明,---
2026/07/30,08:24:45.4,熊本県熊本地方,32°38.1′N,130°43.3′E,5 km,0.4,---
2026/07/30,08:25:08.0,熊本県熊本地方,32°31.2′N,130°36.1′E,8 km,1.3,---
2026/07/30,08:25:16.1,千葉県東方沖,35°28.2′N,141°00.6′E,25 km,1.2,---
2026/07/30,08:26:04.5,熊本県天草・芦北地方,32°24.0′N,130°30.1′E,12 km,不明,---
2026/07/30,08:27:12.0,熊本県熊本地方,32°42.4′N,130°46.0′E,9 km,1.0,---
2026/07/30,08:28:41.4,大分県中部,33°15.0′N,131°19.4′E,8 km,0.7,---
2026/07/30,08:30:05.6,熊本県天草・芦北地方,32°27.9′N,130°33.1′E,3 km,1.6,---
2026/07/30,08:30:25.9,熊本県天草・芦北地方,32°31.0′N,130°32.9′E,12 km,1.0,---
2026/07/30,08:30:51.5,熊本県熊本地方,32°43.7′N,130°46.8′E,10 km,3.0,---
2026/07/30,08:31:42.2,浦河沖,42°00.9′N,142°28.5′E,64 km,0.8,---
2026/07/30,08:32:16.7,熊本県熊本地方,32°35.8′N,130°42.7′E,5 km,2.1,---
2026/07/30,08:33:47.1,熊本県熊本地方,32°35.6′N,130°40.9′E,10 km,2.1,---
2026/07/30,08:34:22.5,熊本県天草・芦北地方,32°26.8′N,130°32.9′E,6 km,1.3,---
2026/07/30,08:36:21.9,熊本県熊本地方,32°41.0′N,130°45.5′E,9 km,1.4,---
2026/07/30,08:37:17.9,長野県南部,35°56.2′N,137°46.6′E,8 km,0.5,---
2026/07/30,08:37:52.9,熊本県熊本地方,32°29.0′N,130°34.9′E,5 km,0.7,---
2026/07/30,08:38:17.8,熊本県天草・芦北地方,32°28.1′N,130°30.6′E,14 km,1.0,---
2026/07/30,08:38:47.1,釧路沖,42°52.5′N,144°33.5′E,55 km,0.9,---
2026/07/30,08:39:16.5,熊本県熊本地方,32°41.7′N,130°45.1′E,12 km,2.0,---
2026/07/30,08:39:40.0,日本海中部,37°15.5′N,135°13.8′E,364 km,2.8,---
2026/07/30,08:42:11.0,熊本県天草・芦北地方,32°29.7′N,130°32.8′E,12 km,2.2,---
2026/07/30,08:42:37.9,熊本県熊本地方,32°36.5′N,130°41.9′E,8 km,1.8,---
2026/07/30,08:43:22.1,熊本県熊本地方,32°31.5′N,130°36.1′E,6 km,0.5,---
2026/07/30,08:44:01.0,熊本県天草・芦北地方,32°27.6′N,130°30.9′E,10 km,1.0,---
2026/07/30,08:45:49.3,福岡県筑豊地方,33°36.9′N,130°36.2′E,15 km,1.6,---
2026/07/30,08:47:56.6,熊本県熊本地方,32°37.1′N,130°43.1′E,4 km,2.0,---
2026/07/30,08:49:50.1,八丈島東方沖,33°12.0′N,140°32.6′E,58 km,2.5,---
2026/07/30,08:50:12.3,三陸沖,40°16.0′N,143°07.7′E,1 km,1.7,---
2026/07/30,08:50:39.1,熊本県熊本地方,32°29.0′N,130°34.6′E,1 km,1.5,---
2026/07/30,08:52:44.4,奄美大島北西沖,28°13.3′N,128°10.8′E,17 km,2.1,---
2026/07/30,08:53:51.2,熊本県熊本地方,32°43.8′N,130°47.0′E,7 km,0.9,---
2026/07/30,08:54:31.4,茨城県北部,36°46.3′N,140°36.4′E,8 km,0.2,---
2026/07/30,08:54:53.5,日向灘,32°09.1′N,132°00.9′E,29 km,1.6,---
2026/07/30,08:56:04.5,大分県中部,33°15.3′N,131°18.9′E,10 km,0.4,---
2026/07/30,08:58:05.1,熊本県熊本地方,32°32.7′N,130°38.9′E,4 km,0.7,---
2026/07/30,08:58:51.9,熊本県熊本地方,32°28.5′N,130°36.6′E,10 km,2.3,---
2026/07/30,08:59:44.4,三陸沖,40°14.0′N,143°06.6′E,3 km,1.6,---
2026/07/30,09:00:24.2,大分県中部,33°14.8′N,131°19.1′E,7 km,0.9,---
2026/07/30,09:00:36.0,大分県中部,33°14.9′N,131°19.7′E,9 km,1.8,---
2026/07/30,09:00:42.0,八丈島東方沖,33°15.1′N,140°31.5′E,41 km,2.1,---
2026/07/30,09:03:00.8,日向灘,32°07.6′N,131°50.9′E,26 km,2.4,---
2026/07/30,09:03:01.9,熊本県熊本地方,32°45.4′N,130°42.7′E,10 km,1.7,---
2026/07/30,09:03:21.6,三陸沖,40°13.7′N,143°06.8′E,6 km,1.3,---
2026/07/30,09:03:37.4,熊本県熊本地方,32°38.0′N,130°40.4′E,15 km,1.4,---
2026/07/30,09:04:04.5,熊本県熊本地方,32°41.8′N,130°44.7′E,11 km,0.6,---
2026/07/30,09:04:35.1,熊本県天草・芦北地方,32°27.8′N,130°31.9′E,13 km,0.5,---
2026/07/30,09:04:42.2,奄美大島近海,28°20.5′N,129°41.3′E,29 km,1.1,---
2026/07/30,09:04:48.3,熊本県天草・芦北地方,32°27.6′N,130°31.2′E,9 km,2.1,---
2026/07/30,09:05:16.3,熊本県熊本地方,32°29.5′N,130°34.5′E,15 km,3.8,---
2026/07/30,09:07:50.5,熊本県熊本地方,32°30.7′N,130°34.9′E,11 km,0.7,---
2026/07/30,09:08:10.9,熊本県天草・芦北地方,32°28.3′N,130°32.5′E,0 km,1.6,---
2026/07/30,09:08:41.8,熊本県熊本地方,32°29.7′N,130°34.2′E,14 km,0.9,---
2026/07/30,09:08:54.6,浦河沖,41°41.1′N,142°58.2′E,32 km,0.9,---
2026/07/30,09:09:01.6,熊本県熊本地方,32°30.1′N,130°34.5′E,13 km,1.1,---
2026/07/30,09:09:19.7,熊本県天草・芦北地方,32°27.9′N,130°32.2′E,5 km,0.5,---
2026/07/30,09:10:14.6,台湾付近,23°45.6′N,121°44.4′E,15 km,3.5,---
2026/07/30,09:11:44.8,福島県沖,37°13.5′N,142°14.9′E,21 km,0.6,---
2026/07/30,09:12:20.1,フィリピン付近,20°05.3′N,121°39.5′E,0 km,4.2,---
2026/07/30,09:13:30.1,熊本県熊本地方,32°35.5′N,130°39.3′E,10 km,0.5,---
2026/07/30,09:14:00.0,熊本県熊本地方,32°44.5′N,130°47.3′E,9 km,2.6,---
2026/07/30,09:15:05.9,熊本県天草・芦北地方,32°22.9′N,130°28.7′E,6 km,0.7,---
2026/07/30,09:15:48.5,熊本県熊本地方,32°32.6′N,130°36.8′E,12 km,1.1,---
2026/07/30,09:15:56.2,大分県中部,33°15.5′N,131°19.0′E,9 km,1.2,---
2026/07/30,09:16:21.5,熊本県熊本地方,32°38.9′N,130°42.1′E,13 km,0.6,---
2026/07/30,09:16:40.8,熊本県天草・芦北地方,32°26.1′N,130°32.4′E,4 km,0.9,---
2026/07/30,09:16:52.6,熊本県熊本地方,32°44.9′N,130°47.7′E,9 km,0.6,---
2026/07/30,09:19:12.5,熊本県熊本地方,32°38.6′N,130°44.3′E,8 km,0.9,---
2026/07/30,09:19:45.3,熊本県熊本地方,32°31.7′N,130°35.8′E,6 km,0.9,---
2026/07/30,09:20:09.0,熊本県熊本地方,32°29.1′N,130°35.9′E,7 km,0.8,---
2026/07/30,09:20:38.4,熊本県熊本地方,32°40.8′N,130°44.7′E,11 km,0.8,---
2026/07/30,09:21:56.1,熊本県熊本地方,32°39.9′N,130°42.9′E,14 km,0.9,---
2026/07/30,09:22:18.0,熊本県熊本地方,32°31.1′N,130°36.5′E,10 km,0.7,---
2026/07/30,09:23:22.5,熊本県天草・芦北地方,32°28.4′N,130°33.8′E,6 km,0.9,---
2026/07/30,09:24:58.4,熊本県熊本地方,32°41.0′N,130°44.0′E,11 km,1.6,---
2026/07/30,09:26:35.3,熊本県熊本地方,32°33.6′N,130°37.0′E,8 km,0.9,---
2026/07/30,09:27:07.5,熊本県熊本地方,32°41.4′N,130°44.6′E,11 km,1.7,---
2026/07/30,09:27:32.3,熊本県熊本地方,32°44.9′N,130°47.7′E,9 km,0.5,---
2026/07/30,09:30:14.0,熊本県熊本地方,32°36.5′N,130°42.1′E,5 km,2.6,---
2026/07/30,09:30:30.0,神奈川県西部,35°14.0′N,139°01.3′E,2 km,0.3,---
2026/07/30,09:30:53.6,熊本県熊本地方,32°35.5′N,130°40.3′E,9 km,1.0,---
2026/07/30,09:31:39.3,茨城県北部,36°48.6′N,140°35.3′E,7 km,0.0,---
2026/07/30,09:32:10.9,熊本県天草・芦北地方,32°22.5′N,130°28.4′E,6 km,0.2,---
2026/07/30,09:33:24.2,熊本県熊本地方,32°30.8′N,130°35.2′E,10 km,1.1,---
2026/07/30,09:33:47.8,熊本県熊本地方,32°39.8′N,130°44.6′E,11 km,0.5,---
2026/07/30,09:34:09.1,福島県沖,37°21.9′N,141°58.6′E,34 km,0.8,---
2026/07/30,09:34:35.6,熊本県天草・芦北地方,32°28.1′N,130°32.9′E,6 km,1.1,---
2026/07/30,09:35:05.0,熊本県熊本地方,32°31.9′N,130°36.1′E,13 km,1.9,---
2026/07/30,09:36:21.0,熊本県熊本地方,32°30.5′N,130°35.3′E,12 km,2.4,---
2026/07/30,09:37:48.5,熊本県天草・芦北地方,32°24.1′N,130°32.9′E,4 km,0.2,---
2026/07/30,09:38:37.6,大分県中部,33°15.0′N,131°19.6′E,8 km,1.4,---
2026/07/30,09:39:03.9,大分県中部,33°15.5′N,131°18.5′E,10 km,1.5,---
2026/07/30,09:39:37.5,熊本県熊本地方,32°40.0′N,130°42.7′E,15 km,0.5,---
2026/07/30,09:41:04.0,大分県中部,33°15.2′N,131°18.8′E,9 km,1.8,---
2026/07/30,09:42:35.9,熊本県天草・芦北地方,32°22.2′N,130°27.3′E,7 km,1.6,---
2026/07/30,09:43:41.1,熊本県熊本地方,32°41.0′N,130°44.9′E,14 km,0.5,---
2026/07/30,09:46:06.7,熊本県熊本地方,32°24.9′N,130°33.7′E,2 km,2.0,---
2026/07/30,09:46:56.5,熊本県熊本地方,32°25.1′N,130°34.3′E,1 km,1.8,---
2026/07/30,09:47:35.2,熊本県熊本地方,32°33.7′N,130°37.3′E,13 km,0.8,---
2026/07/30,09:47:59.9,熊本県熊本地方,32°34.4′N,130°42.2′E,15 km,0.7,---
2026/07/30,09:49:03.0,熊本県熊本地方,32°32.5′N,130°35.9′E,12 km,0.5,---
2026/07/30,09:49:17.5,奄美大島近海,28°02.3′N,129°33.2′E,28 km,0.9,---
2026/07/30,09:50:56.9,熊本県天草・芦北地方,32°30.0′N,130°32.6′E,10 km,1.1,---
2026/07/30,09:51:26.1,熊本県天草・芦北地方,32°25.6′N,130°29.2′E,8 km,0.6,---
2026/07/30,09:51:33.8,石垣島北西沖,25°05.1′N,123°41.8′E,19 km,2.2,---
2026/07/30,09:51:51.8,熊本県熊本地方,32°42.8′N,130°46.4′E,11 km,0.8,---
2026/07/30,09:52:17.9,熊本県熊本地方,32°30.6′N,130°35.2′E,9 km,1.1,---
2026/07/30,09:52:38.5,熊本県熊本地方,32°29.2′N,130°34.3′E,8 km,1.2,---
2026/07/30,09:52:54.6,熊本県熊本地方,32°33.7′N,130°38.7′E,7 km,2.0,---
2026/07/30,09:53:34.6,熊本県天草・芦北地方,32°30.6′N,130°32.7′E,13 km,0.8,---
2026/07/30,09:53:54.9,熊本県熊本地方,32°27.0′N,130°35.9′E,9 km,0.1,---
2026/07/30,09:54:08.7,熊本県天草・芦北地方,32°27.2′N,130°33.2′E,3 km,0.9,---
2026/07/30,09:55:30.9,トカラ列島近海,29°21.8′N,129°30.0′E,8 km,0.9,---
2026/07/30,09:56:14.4,熊本県天草・芦北地方,32°17.4′N,130°24.8′E,13 km,4.1,---
2026/07/30,09:59:07.9,熊本県熊本地方,32°32.4′N,130°39.0′E,4 km,0.8,---
2026/07/30,09:59:45.6,熊本県熊本地方,32°29.6′N,130°33.7′E,7 km,1.3,---
2026/07/30,09:59:57.6,熊本県熊本地方,32°29.9′N,130°34.9′E,12 km,0.7,---
2026/07/30,10:00:14.1,福島県沖,37°15.2′N,142°14.1′E,18 km,1.0,---
2026/07/30,10:00:56.7,熊本県天草・芦北地方,32°17.2′N,130°25.1′E,10 km,0.3,---
2026/07/30,10:01:38.1,熊本県熊本地方,32°28.5′N,130°36.2′E,11 km,2.5,---
2026/07/30,10:02:09.3,石川県能登地方,37°16.6′N,136°50.6′E,0 km,0.9,---
2026/07/30,10:02:18.0,熊本県熊本地方,32°39.2′N,130°45.5′E,11 km,1.0,---
2026/07/30,10:02:30.8,宮城県沖,38°10.3′N,141°45.4′E,76 km,3.4,---
2026/07/30,10:02:44.1,熊本県天草・芦北地方,32°18.2′N,130°24.9′E,13 km,1.6,---
2026/07/30,10:03:34.4,熊本県天草・芦北地方,32°28.4′N,130°33.7′E,9 km,2.6,---
2026/07/30,10:04:25.6,熊本県熊本地方,32°34.0′N,130°38.5′E,10 km,1.9,---
2026/07/30,10:04:55.3,熊本県熊本地方,32°39.1′N,130°42.9′E,8 km,1.2,---
2026/07/30,10:05:06.3,熊本県熊本地方,32°28.4′N,130°37.0′E,3 km,0.9,---
2026/07/30,10:05:40.1,熊本県熊本地方,32°43.8′N,130°46.4′E,10 km,0.7,---
2026/07/30,10:06:12.9,熊本県熊本地方,32°28.3′N,130°36.4′E,8 km,1.1,---
2026/07/30,10:06:33.1,熊本県熊本地方,32°28.6′N,130°35.2′E,0 km,0.6,---
2026/07/30,10:06:48.7,熊本県熊本地方,32°39.1′N,130°44.0′E,6 km,0.5,---
2026/07/30,10:07:03.4,熊本県天草・芦北地方,32°17.3′N,130°24.5′E,11 km,1.6,---
2026/07/30,10:07:45.8,熊本県天草・芦北地方,32°17.5′N,130°24.8′E,13 km,0.2,---
2026/07/30,10:08:25.9,熊本県天草・芦北地方,32°28.3′N,130°33.3′E,2 km,1.6,---
2026/07/30,10:09:07.8,熊本県天草・芦北地方,32°26.7′N,130°32.8′E,1 km,0.6,---
2026/07/30,10:09:11.8,大隅半島東方沖,31°07.1′N,131°35.5′E,32 km,1.3,---
2026/07/30,10:10:43.0,苫小牧沖,41°40.9′N,141°28.9′E,130 km,2.2,---
2026/07/30,10:11:47.9,熊本県熊本地方,32°43.9′N,130°48.1′E,6 km,0.2,---
2026/07/30,10:12:06.0,天草灘,31°58.1′N,130°11.0′E,3 km,0.3,---
2026/07/30,10:12:31.4,熊本県熊本地方,32°31.7′N,130°34.9′E,5 km,1.3,---
2026/07/30,10:13:19.8,熊本県熊本地方,32°30.4′N,130°36.3′E,6 km,0.3,---
2026/07/30,10:13:36.7,熊本県天草・芦北地方,32°17.3′N,130°24.8′E,11 km,1.2,---
2026/07/30,10:13:56.1,熊本県天草・芦北地方,32°30.6′N,130°32.7′E,10 km,1.4,---
2026/07/30,10:15:01.3,熊本県天草・芦北地方,32°28.1′N,130°33.0′E,6 km,1.2,---
2026/07/30,10:15:43.0,熊本県天草・芦北地方,32°26.6′N,130°31.5′E,2 km,0.7,---
2026/07/30,10:15:50.9,秋田県内陸北部,39°59.1′N,140°32.8′E,4 km,0.6,---
2026/07/30,10:16:01.4,熊本県熊本地方,32°39.5′N,130°44.5′E,6 km,1.4,---
2026/07/30,10:16:31.5,熊本県天草・芦北地方,32°27.0′N,130°31.6′E,13 km,1.4,---
2026/07/30,10:16:53.4,有明海,32°46.1′N,130°26.4′E,2 km,0.6,---
2026/07/30,10:17:51.5,熊本県熊本地方,32°41.8′N,130°43.9′E,11 km,1.2,---
2026/07/30,10:18:02.7,熊本県熊本地方,32°29.9′N,130°37.1′E,14 km,1.3,---
2026/07/30,10:19:18.4,熊本県天草・芦北地方,32°28.8′N,130°30.9′E,12 km,0.4,---
2026/07/30,10:19:35.8,熊本県天草・芦北地方,32°23.3′N,130°28.7′E,9 km,0.4,---
2026/07/30,10:19:49.2,熊本県天草・芦北地方,32°18.3′N,130°25.6′E,0 km,0.3,---
2026/07/30,10:19:57.6,熊本県熊本地方,32°38.3′N,130°40.8′E,20 km,0.4,---
2026/07/30,10:20:47.4,熊本県天草・芦北地方,32°23.2′N,130°28.9′E,8 km,1.0,---
2026/07/30,10:21:43.5,三陸沖,40°02.8′N,143°13.6′E,7 km,0.6,---
2026/07/30,10:21:59.9,三陸沖,40°01.5′N,143°24.7′E,12 km,1.0,---
2026/07/30,10:22:22.4,紀伊水道,33°48.9′N,134°53.4′E,15 km,0.9,---
2026/07/30,10:23:00.3,有明海,32°44.3′N,130°35.7′E,12 km,0.7,---
2026/07/30,10:23:44.8,熊本県熊本地方,32°33.1′N,130°37.2′E,13 km,0.6,---
2026/07/30,10:24:29.7,熊本県熊本地方,32°39.0′N,130°42.8′E,8 km,0.5,---
2026/07/30,10:25:04.6,熊本県熊本地方,32°37.7′N,130°42.3′E,18 km,0.6,---
2026/07/30,10:25:11.6,熊本県熊本地方,32°31.7′N,130°36.8′E,7 km,1.3,---
2026/07/30,10:26:09.3,熊本県天草・芦北地方,32°17.4′N,130°25.2′E,11 km,0.5,---
2026/07/30,10:26:18.0,熊本県熊本地方,32°35.3′N,130°41.0′E,8 km,2.6,---
2026/07/30,10:26:26.8,千葉県北東部,35°43.0′N,140°42.1′E,49 km,1.5,---
2026/07/30,10:27:41.4,千葉県北東部,35°52.3′N,140°28.5′E,36 km,0.6,---
2026/07/30,10:27:42.3,熊本県熊本地方,32°31.8′N,130°36.5′E,11 km,0.6,---
2026/07/30,10:28:10.8,熊本県熊本地方,32°31.2′N,130°36.3′E,8 km,1.0,---
2026/07/30,10:28:55.7,熊本県天草・芦北地方,32°17.2′N,130°24.6′E,11 km,1.2,---
2026/07/30,10:29:31.1,熊本県熊本地方,32°31.5′N,130°35.8′E,13 km,0.4,---
2026/07/30,10:30:24.2,熊本県熊本地方,32°40.6′N,130°43.1′E,14 km,1.1,---
2026/07/30,10:30:43.4,熊本県熊本地方,32°31.5′N,130°37.3′E,0 km,2.1,---
2026/07/30,10:32:32.7,熊本県熊本地方,32°38.7′N,130°44.4′E,10 km,0.5,---
2026/07/30,10:32:37.8,秋田県内陸北部,39°58.8′N,140°33.0′E,3 km,1.8,---
2026/07/30,10:32:39.6,秋田県内陸北部,39°58.7′N,140°33.3′E,3 km,1.9,---
2026/07/30,10:32:47.3,熊本県天草・芦北地方,32°28.0′N,130°32.7′E,14 km,2.0,---
2026/07/30,10:33:30.9,熊本県熊本地方,32°36.8′N,130°43.5′E,5 km,0.9,---
2026/07/30,10:33:55.8,熊本県熊本地方,32°41.5′N,130°45.3′E,13 km,0.3,---
2026/07/30,10:34:53.5,熊本県熊本地方,32°33.6′N,130°40.4′E,8 km,2.8,---
2026/07/30,10:35:44.2,紀伊水道,34°11.8′N,135°05.1′E,9 km,0.2,---
2026/07/30,10:37:22.7,熊本県熊本地方,32°33.1′N,130°40.2′E,12 km,0.5,---
2026/07/30,10:37:55.6,熊本県天草・芦北地方,32°28.2′N,130°32.3′E,14 km,0.9,---
2026/07/30,10:38:39.3,岐阜県飛騨地方,36°01.6′N,137°32.4′E,4 km,-0.2,---
2026/07/30,10:39:35.4,熊本県熊本地方,32°43.4′N,130°46.8′E,12 km,0.1,---
2026/07/30,10:39:53.8,熊本県熊本地方,32°38.5′N,130°43.3′E,9 km,0.7,---
2026/07/30,10:40:36.4,熊本県熊本地方,32°29.0′N,130°35.1′E,8 km,2.1,---
2026/07/30,10:41:13.7,熊本県天草・芦北地方,32°25.5′N,130°29.9′E,7 km,1.3,---
2026/07/30,10:42:01.3,熊本県天草・芦北地方,32°19.6′N,130°21.9′E,16 km,0.2,---
2026/07/30,10:42:24.4,熊本県熊本地方,32°39.0′N,130°47.3′E,6 km,1.1,---
2026/07/30,10:43:00.4,熊本県天草・芦北地方,32°28.2′N,130°30.7′E,0 km,0.6,---
2026/07/30,10:43:41.7,富山県東部,36°27.1′N,137°24.7′E,7 km,1.3,---
2026/07/30,10:43:50.3,熊本県天草・芦北地方,32°24.5′N,130°29.4′E,7 km,0.6,---
2026/07/30,10:44:07.4,熊本県天草・芦北地方,32°25.4′N,130°28.3′E,12 km,1.5,---
2026/07/30,10:44:32.4,熊本県天草・芦北地方,32°25.0′N,130°29.7′E,5 km,0.9,---
2026/07/30,10:45:58.9,熊本県天草・芦北地方,32°24.4′N,130°28.6′E,8 km,0.5,---
2026/07/30,10:46:23.1,熊本県天草・芦北地方,32°29.3′N,130°31.4′E,13 km,1.1,---
2026/07/30,10:46:55.3,熊本県天草・芦北地方,32°22.8′N,130°28.8′E,6 km,0.3,---
2026/07/30,10:47:25.7,熊本県天草・芦北地方,32°24.7′N,130°28.0′E,9 km,0.9,---
2026/07/30,10:48:15.9,熊本県天草・芦北地方,32°17.4′N,130°24.6′E,11 km,1.5,---
2026/07/30,10:48:37.9,大分県中部,33°15.1′N,131°18.2′E,9 km,0.6,---
2026/07/30,10:48:57.7,福島県沖,37°49.7′N,141°37.2′E,47 km,0.9,---
2026/07/30,10:49:10.9,熊本県熊本地方,32°29.2′N,130°35.3′E,9 km,1.9,---
2026/07/30,10:50:08.1,熊本県熊本地方,32°39.3′N,130°43.9′E,11 km,0.1,---
2026/07/30,10:50:40.7,熊本県天草・芦北地方,32°28.8′N,130°33.8′E,7 km,0.9,---
2026/07/30,10:51:13.3,熊本県熊本地方,32°35.6′N,130°41.3′E,7 km,0.8,---
2026/07/30,10:51:39.0,熊本県熊本地方,32°44.8′N,130°47.9′E,8 km,0.5,---
2026/07/30,10:52:05.9,熊本県天草・芦北地方,32°17.2′N,130°24.8′E,12 km,0.8,---
2026/07/30,10:52:25.6,熊本県熊本地方,32°38.8′N,130°44.0′E,9 km,0.7,---
2026/07/30,10:53:00.6,熊本県天草・芦北地方,32°25.4′N,130°31.6′E,10 km,0.7,---
2026/07/30,10:53:11.9,熊本県天草・芦北地方,32°18.7′N,130°25.9′E,7 km,2.6,---
2026/07/30,10:53:52.8,秋田県内陸北部,39°58.6′N,140°32.9′E,1 km,0.3,---
2026/07/30,10:54:34.5,熊本県天草・芦北地方,32°17.0′N,130°24.7′E,2 km,0.6,---
2026/07/30,10:55:01.8,熊本県熊本地方,32°38.6′N,130°43.8′E,9 km,1.0,---
2026/07/30,10:55:41.6,熊本県熊本地方,32°38.8′N,130°43.0′E,8 km,0.2,---
2026/07/30,10:56:14.5,熊本県天草・芦北地方,32°29.9′N,130°31.5′E,4 km,0.7,---
2026/07/30,10:56:45.7,熊本県天草・芦北地方,32°23.9′N,130°30.9′E,12 km,0.7,---
2026/07/30,10:57:11.8,熊本県天草・芦北地方,32°25.6′N,130°32.9′E,0 km,0.7,---
2026/07/30,10:57:26.4,熊本県熊本地方,32°35.5′N,130°38.5′E,13 km,0.7,---
2026/07/30,10:57:54.2,熊本県熊本地方,32°35.6′N,130°40.1′E,9 km,0.5,---
2026/07/30,10:58:28.9,山口県北部,34°22.1′N,131°31.6′E,19 km,0.7,---
2026/07/30,10:58:34.6,熊本県熊本地方,32°44.9′N,130°48.2′E,5 km,0.5,---
2026/07/30,10:58:44.2,上川地方北部,44°38.5′N,142°03.0′E,7 km,0.6,---
2026/07/30,10:59:17.6,熊本県熊本地方,32°39.3′N,130°41.9′E,13 km,1.0,---
2026/07/30,10:59:33.0,熊本県熊本地方,32°39.2′N,130°43.2′E,9 km,0.9,---
2026/07/30,10:59:49.6,熊本県天草・芦北地方,32°18.5′N,130°27.1′E,2 km,0.5,---
2026/07/30,10:59:58.9,熊本県熊本地方,32°40.8′N,130°42.9′E,15 km,1.5,---
2026/07/30,11:00:43.4,熊本県熊本地方,32°37.4′N,130°42.9′E,4 km,1.1,---
2026/07/30,11:01:32.7,熊本県熊本地方,32°39.3′N,130°41.4′E,13 km,0.7,---
2026/07/30,11:01:37.5,熊本県天草・芦北地方,32°19.0′N,130°26.4′E,8 km,0.4,---
2026/07/30,11:01:48.2,熊本県天草・芦北地方,32°27.7′N,130°31.9′E,16 km,0.5,---
2026/07/30,11:02:14.7,熊本県熊本地方,32°31.9′N,130°35.9′E,14 km,1.1,---
2026/07/30,11:03:04.9,熊本県熊本地方,32°31.5′N,130°34.5′E,6 km,0.9,---
2026/07/30,11:04:26.8,熊本県熊本地方,32°39.5′N,130°43.2′E,13 km,0.4,---
2026/07/30,11:04:36.4,熊本県天草・芦北地方,32°25.3′N,130°31.9′E,11 km,1.4,---
2026/07/30,11:05:28.2,熊本県熊本地方,32°34.6′N,130°38.6′E,12 km,0.8,---
2026/07/30,11:06:06.0,熊本県熊本地方,32°29.8′N,130°34.7′E,9 km,0.8,---
2026/07/30,11:06:40.0,熊本県熊本地方,32°43.5′N,130°46.7′E,12 km,0.4,---
2026/07/30,11:07:15.5,熊本県熊本地方,32°36.2′N,130°40.9′E,8 km,1.1,---
2026/07/30,11:08:21.5,熊本県天草・芦北地方,32°16.2′N,130°30.4′E,11 km,0.3,---
2026/07/30,11:08:34.6,三陸沖,39°12.4′N,143°39.6′E,27 km,2.2,---
2026/07/30,11:09:19.6,熊本県天草・芦北地方,32°16.8′N,130°33.8′E,4 km,1.2,---
2026/07/30,11:10:44.3,岐阜県飛騨地方,36°00.5′N,137°31.9′E,7 km,0.4,---
2026/07/30,11:11:03.0,熊本県熊本地方,32°35.6′N,130°41.1′E,8 km,1.8,---
2026/07/30,11:11:37.1,熊本県天草・芦北地方,32°29.8′N,130°31.4′E,12 km,0.7,---
2026/07/30,11:12:02.9,東海道南方沖,32°21.0′N,137°36.0′E,428 km,3.2,---
2026/07/30,11:13:08.1,熊本県天草・芦北地方,32°25.7′N,130°29.8′E,9 km,3.5,---
2026/07/30,11:15:08.0,熊本県熊本地方,32°34.0′N,130°37.7′E,13 km,0.7,---
2026/07/30,11:15:27.4,熊本県熊本地方,32°38.1′N,130°44.2′E,6 km,0.5,---
2026/07/30,11:15:46.2,熊本県熊本地方,32°37.0′N,130°42.3′E,7 km,1.5,---
2026/07/30,11:16:11.4,三陸沖,39°12.2′N,143°38.5′E,10 km,2.1,---
2026/07/30,11:16:12.3,熊本県天草・芦北地方,32°23.4′N,130°28.9′E,7 km,1.3,---
2026/07/30,11:16:59.1,熊本県熊本地方,32°31.0′N,130°36.4′E,8 km,0.8,---
2026/07/30,11:17:52.0,熊本県天草・芦北地方,32°26.8′N,130°33.4′E,7 km,1.3,---
2026/07/30,11:18:05.3,熊本県熊本地方,32°40.0′N,130°43.7′E,10 km,1.1,---
2026/07/30,11:18:46.1,熊本県天草・芦北地方,32°26.4′N,130°33.1′E,8 km,2.7,---
2026/07/30,11:20:10.2,熊本県熊本地方,32°29.8′N,130°34.3′E,12 km,1.0,---
2026/07/30,11:20:38.4,熊本県熊本地方,32°30.5′N,130°34.8′E,12 km,不明,---
2026/07/30,11:21:09.0,熊本県熊本地方,32°41.2′N,130°45.1′E,10 km,0.9,---
2026/07/30,11:21:26.3,熊本県天草・芦北地方,32°27.0′N,130°31.2′E,11 km,0.9,---
2026/07/30,11:22:22.0,熊本県熊本地方,32°29.4′N,130°33.8′E,9 km,0.3,---
2026/07/30,11:22:34.5,熊本県熊本地方,32°42.8′N,130°46.9′E,9 km,0.4,---
2026/07/30,11:22:52.2,熊本県熊本地方,32°30.0′N,130°35.6′E,10 km,1.8,---
2026/07/30,11:23:46.7,熊本県天草・芦北地方,32°19.9′N,130°28.5′E,12 km,0.3,---
2026/07/30,11:24:29.5,紀伊水道,33°50.2′N,134°57.4′E,13 km,0.5,---
2026/07/30,11:24:45.9,千葉県北西部,35°51.9′N,140°04.8′E,71 km,0.8,---
2026/07/30,11:24:59.5,熊本県熊本地方,32°29.7′N,130°35.7′E,13 km,0.7,---
2026/07/30,11:25:00.7,熊本県熊本地方,32°40.2′N,130°43.7′E,12 km,0.6,---
2026/07/30,11:25:07.8,熊本県天草・芦北地方,32°23.2′N,130°28.1′E,1 km,1.2,---
2026/07/30,11:25:59.7,トカラ列島近海,29°11.2′N,129°21.7′E,3 km,2.0,---
2026/07/30,11:26:06.1,熊本県天草・芦北地方,32°28.5′N,130°31.6′E,6 km,0.8,---
2026/07/30,11:26:10.6,浦河沖,41°43.8′N,142°24.1′E,37 km,1.2,---
2026/07/30,11:26:28.7,長野県北部,36°34.8′N,137°51.0′E,5 km,-0.4,---
2026/07/30,11:26:37.3,福島県沖,37°09.9′N,144°37.4′E,39 km,1.4,---
2026/07/30,11:26:43.8,トカラ列島近海,29°12.3′N,129°20.7′E,4 km,1.5,---
2026/07/30,11:27:01.1,熊本県天草・芦北地方,32°27.8′N,130°32.2′E,15 km,1.1,---
2026/07/30,11:28:11.4,熊本県熊本地方,32°38.7′N,130°44.6′E,7 km,0.5,---
2026/07/30,11:28:43.6,熊本県熊本地方,32°32.0′N,130°35.4′E,11 km,0.4,---
2026/07/30,11:29:01.6,熊本県天草・芦北地方,32°29.9′N,130°32.7′E,11 km,0.7,---
2026/07/30,11:29:22.9,鹿児島県薩摩地方,32°10.2′N,130°17.8′E,7 km,0.1,---
2026/07/30,11:29:45.9,熊本県天草・芦北地方,32°28.7′N,130°33.8′E,6 km,0.9,---
2026/07/30,11:30:26.3,熊本県天草・芦北地方,32°24.8′N,130°29.5′E,8 km,1.1,---
2026/07/30,11:30:43.8,熊本県熊本地方,32°39.3′N,130°44.8′E,8 km,0.8,---
2026/07/30,11:31:16.3,トカラ列島近海,29°11.7′N,129°20.7′E,3 km,1.5,---
2026/07/30,11:31:27.2,熊本県天草・芦北地方,32°28.7′N,130°32.9′E,10 km,0.7,---
2026/07/30,11:32:05.6,熊本県天草・芦北地方,32°31.8′N,130°33.5′E,10 km,0.2,---
2026/07/30,11:32:33.0,熊本県熊本地方,32°28.4′N,130°35.5′E,15 km,0.1,---
2026/07/30,11:32:46.2,和歌山県北部,34°04.3′N,135°22.0′E,7 km,-0.2,---
2026/07/30,11:32:47.6,トカラ列島近海,29°11.5′N,129°21.1′E,3 km,1.6,---
2026/07/30,11:32:58.0,熊本県天草・芦北地方,32°28.4′N,130°31.1′E,12 km,1.0,---
2026/07/30,11:33:33.9,熊本県熊本地方,32°38.5′N,130°43.8′E,11 km,0.0,---
2026/07/30,11:33:38.9,千葉県南東沖,34°54.3′N,139°56.7′E,52 km,1.0,---
2026/07/30,11:33:51.1,熊本県天草・芦北地方,32°26.1′N,130°32.5′E,2 km,1.2,---
2026/07/30,11:34:21.6,熊本県天草・芦北地方,32°29.5′N,130°32.4′E,12 km,0.7,---
2026/07/30,11:34:55.1,紀伊水道,33°51.3′N,135°00.1′E,10 km,1.0,---
2026/07/30,11:35:11.3,熊本県熊本地方,32°46.6′N,130°46.8′E,12 km,0.4,---
2026/07/30,11:35:14.1,関東東方沖,34°08.9′N,141°38.6′E,14 km,2.3,---
2026/07/30,11:36:34.3,熊本県熊本地方,32°35.1′N,130°39.3′E,12 km,0.8,---
2026/07/30,11:36:56.2,熊本県天草・芦北地方,32°26.4′N,130°32.7′E,1 km,0.1,---
2026/07/30,11:37:12.6,熊本県熊本地方,32°34.0′N,130°36.9′E,12 km,1.5,---
2026/07/30,11:38:57.9,熊本県天草・芦北地方,32°24.5′N,130°28.8′E,9 km,0.2,---
2026/07/30,11:39:06.8,大隅半島東方沖,31°17.7′N,131°40.7′E,41 km,1.0,---
2026/07/30,11:39:47.4,熊本県天草・芦北地方,32°25.2′N,130°29.7′E,9 km,0.4,---
2026/07/30,11:40:32.2,熊本県熊本地方,32°39.2′N,130°41.5′E,15 km,0.8,---
2026/07/30,11:40:52.5,伊予灘,33°36.7′N,132°23.1′E,45 km,1.1,---
2026/07/30,11:40:57.8,熊本県熊本地方,32°40.8′N,130°44.8′E,12 km,0.6,---
2026/07/30,11:41:16.4,宮城県沖,38°21.9′N,142°09.1′E,34 km,1.1,---
2026/07/30,11:41:51.6,熊本県熊本地方,32°28.5′N,130°36.6′E,0 km,2.0,---
2026/07/30,11:42:10.1,熊本県熊本地方,32°28.8′N,130°36.2′E,7 km,1.9,---
2026/07/30,11:42:11.1,岩手県沖,39°04.5′N,142°22.9′E,31 km,2.9,---
2026/07/30,11:43:04.8,熊本県天草・芦北地方,32°30.9′N,130°32.9′E,14 km,3.9,---
2026/07/30,11:45:07.4,熊本県天草・芦北地方,32°27.7′N,130°32.7′E,11 km,1.2,---
2026/07/30,11:45:33.8,熊本県天草・芦北地方,32°23.5′N,130°28.2′E,6 km,0.2,---
2026/07/30,11:46:01.8,熊本県熊本地方,32°32.3′N,130°38.4′E,10 km,1.1,---
2026/07/30,11:46:34.0,鹿児島県薩摩地方,32°09.8′N,130°17.2′E,7 km,1.7,---
2026/07/30,11:47:42.9,熊本県熊本地方,32°38.3′N,130°43.5′E,7 km,0.4,---
2026/07/30,11:48:30.9,熊本県熊本地方,32°33.0′N,130°39.3′E,2 km,1.2,---
2026/07/30,11:48:56.6,熊本県天草・芦北地方,32°28.4′N,130°34.1′E,12 km,0.9,---
2026/07/30,11:49:23.2,熊本県天草・芦北地方,32°31.2′N,130°33.3′E,13 km,0.9,---
2026/07/30,11:49:55.0,熊本県天草・芦北地方,32°27.7′N,130°30.0′E,10 km,1.5,---
2026/07/30,11:50:19.0,熊本県熊本地方,32°34.0′N,130°39.8′E,4 km,0.7,---
2026/07/30,11:51:04.9,熊本県熊本地方,32°37.9′N,130°43.2′E,7 km,1.0,---
2026/07/30,11:51:19.4,橘湾,32°37.4′N,129°53.3′E,9 km,0.7,---
2026/07/30,11:52:11.9,熊本県天草・芦北地方,32°28.6′N,130°33.8′E,10 km,1.2,---
2026/07/30,11:52:21.8,トカラ列島近海,29°38.7′N,129°40.9′E,19 km,1.2,---
2026/07/30,11:53:12.0,熊本県天草・芦北地方,32°17.6′N,130°27.4′E,6 km,0.8,---
2026/07/30,11:53:14.6,大分県中部,33°04.4′N,131°51.1′E,53 km,0.0,---
2026/07/30,11:53:30.9,熊本県天草・芦北地方,32°28.6′N,130°30.3′E,8 km,1.2,---
2026/07/30,11:53:46.2,熊本県熊本地方,32°30.6′N,130°37.1′E,0 km,1.9,---
2026/07/30,11:55:04.1,熊本県熊本地方,32°32.0′N,130°36.3′E,7 km,1.4,---
2026/07/30,11:56:00.8,熊本県天草・芦北地方,32°25.0′N,130°27.9′E,10 km,0.5,---
2026/07/30,11:56:08.7,熊本県天草・芦北地方,32°27.9′N,130°30.5′E,11 km,1.6,---
2026/07/30,11:57:21.4,熊本県熊本地方,32°32.7′N,130°36.9′E,13 km,0.5,---
2026/07/30,11:57:32.2,熊本県天草・芦北地方,32°25.3′N,130°31.4′E,9 km,0.7,---
2026/07/30,11:58:12.9,熊本県熊本地方,32°28.9′N,130°35.3′E,11 km,0.3,---
2026/07/30,11:58:23.9,福島県沖,37°49.0′N,141°46.3′E,55 km,1.4,---
2026/07/30,11:58:40.5,熊本県熊本地方,32°31.2′N,130°35.5′E,3 km,0.4,---
2026/07/30,11:58:55.9,熊本県天草・芦北地方,32°21.9′N,130°28.0′E,2 km,0.3,---
2026/07/30,11:59:27.0,岩手県沖,39°40.9′N,142°08.1′E,47 km,1.2,---
2026/07/30,11:59:35.6,熊本県熊本地方,32°37.8′N,130°42.9′E,6 km,0.5,---
2026/07/30,12:00:51.8,熊本県熊本地方,32°36.2′N,130°40.3′E,10 km,1.6,---
2026/07/30,12:01:21.5,熊本県熊本地方,32°39.8′N,130°42.3′E,14 km,2.7,---
2026/07/30,12:02:14.4,熊本県熊本地方,32°31.3′N,130°37.4′E,7 km,1.4,---
2026/07/30,12:02:49.3,熊本県熊本地方,32°39.9′N,130°42.2′E,14 km,1.3,---
2026/07/30,12:03:10.9,福岡県筑後地方,33°05.5′N,130°28.1′E,9 km,1.2,---
2026/07/30,12:03:11.2,トカラ列島近海,29°12.1′N,129°17.8′E,1 km,1.5,---
2026/07/30,12:03:23.7,福島県沖,37°26.0′N,143°58.6′E,20 km,1.2,---
2026/07/30,12:03:35.4,熊本県天草・芦北地方,32°27.8′N,130°33.8′E,5 km,1.7,---
2026/07/30,12:05:09.4,熊本県熊本地方,32°40.4′N,130°44.6′E,9 km,1.2,---
2026/07/30,12:05:52.1,熊本県天草・芦北地方,32°17.3′N,130°24.7′E,11 km,0.0,---
2026/07/30,12:07:03.8,熊本県熊本地方,32°39.4′N,130°42.8′E,14 km,1.0,---
2026/07/30,12:07:46.8,岩手県沖,40°12.7′N,142°55.3′E,5 km,1.5,---
2026/07/30,12:08:23.0,熊本県熊本地方,32°31.6′N,130°34.7′E,10 km,1.2,---
2026/07/30,12:09:00.3,熊本県熊本地方,32°30.2′N,130°35.6′E,9 km,1.1,---
2026/07/30,12:09:27.6,岩手県沖,40°13.7′N,142°51.1′E,4 km,2.2,---
2026/07/30,12:10:30.6,熊本県熊本地方,32°30.2′N,130°35.1′E,11 km,1.8,---
2026/07/30,12:11:02.3,熊本県熊本地方,32°36.8′N,130°42.3′E,9 km,2.3,---
2026/07/30,12:12:41.8,熊本県熊本地方,32°37.8′N,130°43.9′E,8 km,1.2,---
2026/07/30,12:12:50.1,千葉県東方沖,35°26.4′N,141°37.4′E,49 km,1.2,---
2026/07/30,12:13:05.5,熊本県天草・芦北地方,32°27.0′N,130°34.5′E,9 km,0.7,---
2026/07/30,12:13:14.6,熊本県熊本地方,32°39.9′N,130°44.6′E,12 km,0.7,---
2026/07/30,12:13:58.2,上川地方北部,44°38.6′N,142°02.9′E,8 km,0.8,---
2026/07/30,12:13:59.0,熊本県天草・芦北地方,32°22.5′N,130°30.1′E,11 km,0.6,---
2026/07/30,12:14:04.8,八丈島近海,33°11.1′N,138°52.5′E,314 km,3.2,---
2026/07/30,12:15:01.8,大分県中部,33°15.4′N,131°19.1′E,9 km,1.5,---
2026/07/30,12:15:28.5,熊本県熊本地方,32°37.9′N,130°43.2′E,9 km,1.2,---
2026/07/30,12:16:09.9,熊本県天草・芦北地方,32°29.9′N,130°31.2′E,11 km,0.4,---
2026/07/30,12:16:38.1,熊本県天草・芦北地方,32°27.3′N,130°33.0′E,3 km,0.7,---
2026/07/30,12:18:37.1,熊本県熊本地方,32°42.6′N,130°45.9′E,10 km,0.8,---
2026/07/30,12:19:12.5,熊本県熊本地方,32°32.9′N,130°36.3′E,9 km,0.6,---
2026/07/30,12:19:45.1,熊本県天草・芦北地方,32°27.0′N,130°29.0′E,9 km,0.1,---
2026/07/30,12:20:36.6,熊本県熊本地方,32°31.6′N,130°37.3′E,8 km,0.1,---
2026/07/30,12:21:08.4,熊本県天草・芦北地方,32°29.1′N,130°31.5′E,11 km,0.8,---
2026/07/30,12:21:33.6,三陸沖,39°51.6′N,143°17.1′E,4 km,1.4,---
2026/07/30,12:21:33.7,熊本県熊本地方,32°46.3′N,130°50.3′E,9 km,0.1,---
2026/07/30,12:21:34.1,熊本県天草・芦北地方,32°22.6′N,130°28.4′E,9 km,0.0,---
2026/07/30,12:22:12.7,熊本県熊本地方,32°40.2′N,130°42.8′E,13 km,0.7,---
2026/07/30,12:22:30.0,熊本県天草・芦北地方,32°28.1′N,130°29.9′E,10 km,0.4,---
2026/07/30,12:22:55.3,熊本県天草・芦北地方,32°27.2′N,130°33.4′E,1 km,0.5,---
2026/07/30,12:23:49.3,山口県中部,34°24.0′N,131°36.2′E,31 km,0.4,---
2026/07/30,12:24:09.4,熊本県天草・芦北地方,32°31.3′N,130°33.4′E,13 km,1.5,---
2026/07/30,12:24:27.5,福島県沖,37°52.9′N,141°39.6′E,55 km,1.5,---
2026/07/30,12:24:40.7,熊本県熊本地方,32°30.9′N,130°35.0′E,12 km,0.4,---
2026/07/30,12:25:08.5,熊本県熊本地方,32°32.0′N,130°35.8′E,12 km,0.5,---
2026/07/30,12:25:37.5,熊本県天草・芦北地方,32°25.3′N,130°30.6′E,12 km,1.0,---
2026/07/30,12:25:57.7,熊本県天草・芦北地方,32°25.5′N,130°31.6′E,10 km,1.2,---
2026/07/30,12:26:46.6,群馬県南部,36°34.1′N,139°22.8′E,4 km,0.5,---
2026/07/30,12:27:44.0,熊本県天草・芦北地方,32°27.1′N,130°33.4′E,1 km,0.2,---
2026/07/30,12:28:20.8,熊本県天草・芦北地方,32°24.7′N,130°30.2′E,7 km,1.2,---
2026/07/30,12:29:15.5,京都府南部,35°10.0′N,135°38.5′E,13 km,0.5,---
2026/07/30,12:29:32.7,熊本県熊本地方,32°42.9′N,130°46.3′E,11 km,1.2,---
2026/07/30,12:30:10.2,岩手県沖,39°54.7′N,142°23.0′E,36 km,1.2,---
2026/07/30,12:30:35.3,熊本県熊本地方,32°39.8′N,130°43.4′E,10 km,1.4,---
2026/07/30,12:30:45.6,大分県中部,33°15.6′N,131°18.6′E,8 km,1.0,---
2026/07/30,12:30:53.4,静岡県中部,34°53.2′N,138°12.9′E,30 km,0.1,---
2026/07/30,12:31:08.3,熊本県天草・芦北地方,32°27.8′N,130°31.9′E,14 km,1.7,---
2026/07/30,12:31:54.3,熊本県天草・芦北地方,32°23.3′N,130°27.8′E,0 km,0.2,---
2026/07/30,12:32:08.5,大分県中部,33°14.9′N,131°19.6′E,10 km,0.8,---
2026/07/30,12:32:54.8,熊本県熊本地方,32°33.9′N,130°39.5′E,1 km,0.8,---
2026/07/30,12:34:32.6,熊本県天草・芦北地方,32°26.1′N,130°32.1′E,0 km,0.5,---
2026/07/30,12:34:51.4,熊本県天草・芦北地方,32°28.5′N,130°31.1′E,9 km,0.4,---
2026/07/30,12:35:16.9,熊本県熊本地方,32°30.6′N,130°36.2′E,1 km,1.8,---
2026/07/30,12:35:31.5,岩手県内陸南部,39°04.2′N,140°53.5′E,9 km,1.5,---
2026/07/30,12:35:55.5,石川県西方沖,37°01.6′N,136°22.4′E,4 km,1.3,---
2026/07/30,12:36:38.9,熊本県天草・芦北地方,32°28.0′N,130°32.2′E,0 km,0.9,---
2026/07/30,12:36:46.2,熊本県天草・芦北地方,32°26.9′N,130°31.4′E,8 km,1.4,---
2026/07/30,12:36:52.4,熊本県熊本地方,32°32.3′N,130°34.8′E,12 km,1.7,---
2026/07/30,12:37:53.3,熊本県天草・芦北地方,32°30.2′N,130°32.6′E,13 km,0.3,---
2026/07/30,12:38:07.3,熊本県天草・芦北地方,32°23.3′N,130°28.1′E,3 km,0.3,---
2026/07/30,12:39:02.0,熊本県熊本地方,32°31.9′N,130°35.9′E,15 km,0.6,---
2026/07/30,12:39:17.8,熊本県天草・芦北地方,32°26.6′N,130°32.5′E,0 km,0.6,---
2026/07/30,12:39:37.0,熊本県熊本地方,32°31.2′N,130°37.0′E,12 km,0.3,---
2026/07/30,12:40:04.4,熊本県熊本地方,32°43.8′N,130°47.3′E,3 km,2.4,---
2026/07/30,12:40:37.3,熊本県熊本地方,32°41.3′N,130°45.2′E,11 km,0.9,---
2026/07/30,12:40:59.8,熊本県熊本地方,32°39.1′N,130°44.2′E,6 km,1.7,---
2026/07/30,12:41:12.9,関東東方沖,36°40.3′N,143°39.7′E,16 km,1.4,---
2026/07/30,12:41:50.0,熊本県熊本地方,32°37.1′N,130°43.2′E,7 km,0.9,---
2026/07/30,12:42:24.4,熊本県熊本地方,32°33.6′N,130°39.2′E,9 km,0.6,---
2026/07/30,12:42:41.6,熊本県天草・芦北地方,32°27.0′N,130°32.8′E,6 km,2.0,---
2026/07/30,12:44:20.4,熊本県天草・芦北地方,32°31.4′N,130°32.4′E,13 km,3.2,---
2026/07/30,12:45:20.0,熊本県熊本地方,32°29.6′N,130°34.6′E,6 km,1.5,---
2026/07/30,12:45:58.2,熊本県熊本地方,32°34.0′N,130°40.6′E,7 km,0.8,---
2026/07/30,12:47:46.8,岐阜県美濃中西部,35°47.5′N,136°50.1′E,8 km,0.8,---
2026/07/30,12:47:52.1,熊本県熊本地方,32°36.4′N,130°43.0′E,11 km,0.4,---
2026/07/30,12:48:11.0,熊本県天草・芦北地方,32°24.6′N,130°28.7′E,9 km,0.0,---
2026/07/30,12:48:19.5,福島県沖,37°13.0′N,142°11.6′E,20 km,1.3,---
2026/07/30,12:48:24.6,熊本県熊本地方,32°34.1′N,130°37.6′E,13 km,0.8,---
2026/07/30,12:48:38.7,熊本県熊本地方,32°31.5′N,130°35.0′E,12 km,2.6,---
2026/07/30,12:50:21.5,熊本県熊本地方,32°35.9′N,130°41.4′E,7 km,0.8,---
2026/07/30,12:50:39.4,熊本県熊本地方,32°31.2′N,130°34.6′E,11 km,1.7,---
2026/07/30,12:51:02.8,熊本県熊本地方,32°39.2′N,130°43.5′E,8 km,1.4,---
2026/07/30,12:51:19.1,熊本県熊本地方,32°31.4′N,130°40.5′E,10 km,1.3,---
2026/07/30,12:51:45.0,岩手県沖,39°27.2′N,142°35.9′E,27 km,1.5,---
2026/07/30,12:51:48.9,熊本県熊本地方,32°39.7′N,130°44.2′E,7 km,1.1,---
2026/07/30,12:52:10.5,熊本県天草・芦北地方,32°35.0′N,130°36.9′E,15 km,0.7,---
2026/07/30,12:52:20.9,熊本県天草・芦北地方,32°31.2′N,130°32.9′E,3 km,1.2,---
2026/07/30,12:52:33.8,熊本県熊本地方,32°41.3′N,130°43.9′E,10 km,1.5,---
2026/07/30,12:54:03.6,和歌山県北部,34°03.1′N,135°16.6′E,7 km,-0.4,---
2026/07/30,12:54:55.5,熊本県天草・芦北地方,32°30.0′N,130°32.3′E,11 km,1.4,---
2026/07/30,12:55:23.2,熊本県熊本地方,32°39.3′N,130°43.4′E,7 km,1.1,---
2026/07/30,12:55:46.3,熊本県熊本地方,32°36.1′N,130°40.4′E,13 km,0.5,---
2026/07/30,12:56:05.3,熊本県天草・芦北地方,32°22.9′N,130°30.3′E,14 km,0.4,---
2026/07/30,12:57:05.2,大分県中部,33°14.9′N,131°19.8′E,10 km,2.2,---
2026/07/30,12:57:13.6,熊本県天草・芦北地方,32°17.4′N,130°24.8′E,12 km,0.1,---
2026/07/30,12:57:27.8,熊本県熊本地方,32°34.6′N,130°38.2′E,9 km,1.5,---
2026/07/30,12:58:00.3,大分県中部,33°14.8′N,131°19.3′E,10 km,0.6,---
2026/07/30,12:58:12.8,大分県中部,33°15.7′N,131°18.7′E,11 km,0.9,---
2026/07/30,12:58:24.7,日向灘,32°16.9′N,131°42.2′E,31 km,1.4,---
2026/07/30,12:58:52.8,熊本県熊本地方,32°36.1′N,130°41.7′E,11 km,1.3,---
2026/07/30,12:58:58.9,熊本県熊本地方,32°31.7′N,130°35.9′E,11 km,1.5,---
2026/07/30,12:59:29.9,熊本県熊本地方,32°34.2′N,130°39.4′E,8 km,1.5,---
2026/07/30,12:59:37.4,熊本県熊本地方,32°41.1′N,130°44.2′E,13 km,2.0,---
2026/07/30,13:00:15.0,熊本県熊本地方,32°35.8′N,130°38.4′E,14 km,0.7,---
2026/07/30,13:01:31.0,熊本県天草・芦北地方,32°22.5′N,130°28.9′E,4 km,0.3,---
2026/07/30,13:02:14.4,大分県中部,33°15.0′N,131°19.7′E,8 km,1.4,---
2026/07/30,13:02:52.5,熊本県天草・芦北地方,32°27.7′N,130°34.6′E,0 km,1.2,---
2026/07/30,13:03:05.8,熊本県天草・芦北地方,32°27.8′N,130°34.8′E,1 km,1.5,---
2026/07/30,13:03:46.9,熊本県天草・芦北地方,32°28.4′N,130°32.0′E,7 km,1.4,---
2026/07/30,13:04:05.1,鹿児島県薩摩地方,32°08.8′N,130°16.9′E,7 km,1.2,---
2026/07/30,13:04:31.7,熊本県熊本地方,32°30.9′N,130°35.3′E,11 km,0.9,---
2026/07/30,13:04:47.4,熊本県天草・芦北地方,32°28.5′N,130°30.3′E,12 km,1.0,---
2026/07/30,13:04:54.0,福島県沖,37°36.9′N,144°40.6′E,32 km,1.8,---
2026/07/30,13:05:02.0,大分県中部,33°15.5′N,131°20.1′E,8 km,0.5,---
2026/07/30,13:05:08.7,熊本県熊本地方,32°29.8′N,130°34.4′E,11 km,0.8,---
2026/07/30,13:05:41.0,熊本県熊本地方,32°41.3′N,130°43.8′E,17 km,0.3,---
2026/07/30,13:06:09.5,熊本県天草・芦北地方,32°25.9′N,130°32.9′E,6 km,0.5,---
2026/07/30,13:07:02.8,熊本県熊本地方,32°31.1′N,130°37.4′E,12 km,0.5,---
2026/07/30,13:07:18.2,熊本県熊本地方,32°30.6′N,130°35.9′E,8 km,1.6,---
2026/07/30,13:09:14.7,熊本県熊本地方,32°39.2′N,130°44.1′E,8 km,1.1,---
2026/07/30,13:10:04.8,熊本県熊本地方,32°41.0′N,130°44.5′E,13 km,1.3,---
2026/07/30,13:10:10.6,大分県中部,33°15.8′N,131°18.8′E,10 km,0.5,---
2026/07/30,13:10:28.2,熊本県熊本地方,32°31.1′N,130°35.0′E,12 km,0.8,---
2026/07/30,13:11:37.4,熊本県熊本地方,32°30.2′N,130°34.9′E,13 km,0.4,---
2026/07/30,13:12:19.9,熊本県熊本地方,32°36.2′N,130°41.5′E,10 km,1.0,---
2026/07/30,13:12:41.2,熊本県天草・芦北地方,32°25.7′N,130°32.1′E,0 km,1.0,---
2026/07/30,13:13:21.0,熊本県熊本地方,32°40.1′N,130°44.3′E,9 km,1.1,---
2026/07/30,13:15:00.2,熊本県熊本地方,32°38.0′N,130°41.7′E,10 km,0.9,---
2026/07/30,13:16:51.0,熊本県熊本地方,32°35.9′N,130°38.3′E,14 km,0.8,---
2026/07/30,13:17:02.1,熊本県熊本地方,32°39.7′N,130°44.6′E,10 km,1.2,---
2026/07/30,13:17:27.5,熊本県熊本地方,32°25.0′N,130°33.9′E,5 km,0.9,---
2026/07/30,13:17:41.5,熊本県熊本地方,32°40.5′N,130°43.0′E,12 km,1.0,---
2026/07/30,13:18:11.4,熊本県天草・芦北地方,32°25.6′N,130°29.8′E,8 km,1.1,---
2026/07/30,13:18:38.8,熊本県天草・芦北地方,32°28.1′N,130°31.4′E,0 km,0.2,---
2026/07/30,13:19:03.6,熊本県熊本地方,32°41.1′N,130°44.4′E,12 km,0.5,---
2026/07/30,13:19:38.6,熊本県天草・芦北地方,32°28.0′N,130°32.5′E,5 km,0.8,---
2026/07/30,13:21:37.1,熊本県天草・芦北地方,32°26.1′N,130°32.7′E,7 km,2.9,---
2026/07/30,13:22:44.0,熊本県熊本地方,32°44.6′N,130°46.6′E,11 km,0.5,---
2026/07/30,13:22:50.7,宮城県中部,38°30.8′N,141°25.5′E,64 km,0.7,---
2026/07/30,13:23:00.4,熊本県熊本地方,32°31.2′N,130°35.7′E,8 km,0.5,---
2026/07/30,13:23:09.5,熊本県天草・芦北地方,32°26.3′N,130°32.7′E,1 km,0.9,---
2026/07/30,13:23:25.0,熊本県熊本地方,32°29.6′N,130°33.0′E,8 km,0.4,---
2026/07/30,13:24:25.7,熊本県熊本地方,32°32.9′N,130°38.4′E,7 km,0.7,---
2026/07/30,13:24:42.0,石川県能登地方,37°18.6′N,136°46.8′E,11 km,1.3,---
2026/07/30,13:24:53.6,熊本県天草・芦北地方,32°28.8′N,130°33.9′E,7 km,0.9,---
2026/07/30,13:25:06.8,熊本県熊本地方,32°43.3′N,130°47.0′E,8 km,1.2,---
2026/07/30,13:25:52.7,福島県沖,37°50.5′N,141°36.7′E,50 km,1.1,---
2026/07/30,13:26:46.4,熊本県熊本地方,32°38.1′N,130°41.1′E,14 km,0.9,---
2026/07/30,13:27:40.2,熊本県熊本地方,32°32.5′N,130°36.2′E,14 km,0.7,---
2026/07/30,13:28:55.8,熊本県熊本地方,32°44.5′N,130°49.1′E,13 km,1.2,---
2026/07/30,13:29:55.9,大分県中部,33°15.2′N,131°19.6′E,11 km,0.5,---
2026/07/30,13:30:46.5,熊本県熊本地方,32°40.9′N,130°42.8′E,15 km,0.3,---
2026/07/30,13:31:02.7,青森県東方沖,41°20.5′N,143°23.9′E,15 km,1.3,---
2026/07/30,13:31:17.4,熊本県熊本地方,32°39.9′N,130°44.6′E,9 km,1.1,---
2026/07/30,13:31:38.4,熊本県天草・芦北地方,32°28.6′N,130°31.8′E,11 km,0.8,---
2026/07/30,13:31:58.6,熊本県天草・芦北地方,32°26.7′N,130°33.4′E,8 km,0.4,---
2026/07/30,13:32:14.7,熊本県天草・芦北地方,32°28.9′N,130°33.6′E,2 km,1.8,---
2026/07/30,13:32:29.2,熊本県熊本地方,32°42.3′N,130°45.3′E,10 km,1.7,---
2026/07/30,13:32:38.5,熊本県熊本地方,32°29.2′N,130°35.1′E,9 km,2.1,---
2026/07/30,13:33:13.6,熊本県熊本地方,32°36.0′N,130°40.3′E,6 km,1.3,---
2026/07/30,13:33:21.1,熊本県熊本地方,32°38.7′N,130°43.8′E,9 km,1.3,---
2026/07/30,13:33:59.9,千葉県東方沖,35°49.6′N,140°58.5′E,22 km,1.0,---
2026/07/30,13:34:06.8,房総半島南方沖,33°55.3′N,140°35.4′E,50 km,1.1,---
2026/07/30,13:34:41.5,静岡県中部,34°54.2′N,138°20.3′E,24 km,1.0,---
2026/07/30,13:34:56.6,熊本県天草・芦北地方,32°28.6′N,130°32.3′E,7 km,0.7,---
2026/07/30,13:36:05.4,熊本県天草・芦北地方,32°26.9′N,130°33.6′E,0 km,0.2,---
2026/07/30,13:36:59.2,熊本県熊本地方,32°39.2′N,130°44.6′E,6 km,1.3,---
2026/07/30,13:37:35.1,熊本県熊本地方,32°40.4′N,130°43.1′E,13 km,1.2,---
2026/07/30,13:37:42.3,長野県南部,35°56.0′N,137°46.7′E,8 km,0.1,---
2026/07/30,13:37:45.2,熊本県熊本地方,32°40.5′N,130°43.6′E,14 km,1.6,---
2026/07/30,13:38:27.8,熊本県熊本地方,32°32.6′N,130°38.6′E,3 km,1.3,---
2026/07/30,13:38:55.2,熊本県熊本地方,32°38.5′N,130°43.2′E,8 km,1.5,---
2026/07/30,13:38:58.9,熊本県天草・芦北地方,32°27.6′N,130°34.4′E,0 km,1.8,---
2026/07/30,13:39:27.9,熊本県天草・芦北地方,32°28.5′N,130°31.6′E,9 km,1.5,---
2026/07/30,13:40:07.4,熊本県熊本地方,32°41.9′N,130°45.5′E,9 km,0.3,---
2026/07/30,13:40:13.5,大分県中部,33°15.3′N,131°18.2′E,9 km,1.1,---
2026/07/30,13:40:51.8,熊本県熊本地方,32°33.8′N,130°38.4′E,8 km,0.5,---
2026/07/30,13:41:25.4,熊本県天草・芦北地方,32°28.7′N,130°31.5′E,11 km,0.3,---
2026/07/30,13:41:39.5,大分県中部,33°15.2′N,131°18.8′E,10 km,0.8,---
2026/07/30,13:41:39.7,熊本県熊本地方,32°30.8′N,130°35.1′E,13 km,1.1,---
2026/07/30,13:41:51.7,佐渡付近,37°43.0′N,137°40.7′E,15 km,2.2,---
2026/07/30,13:42:19.3,熊本県天草・芦北地方,32°27.8′N,130°34.5′E,0 km,0.9,---
2026/07/30,13:43:16.1,熊本県熊本地方,32°32.8′N,130°35.0′E,13 km,1.2,---
2026/07/30,13:43:27.7,熊本県天草・芦北地方,32°27.6′N,130°33.3′E,6 km,2.3,---
2026/07/30,13:44:07.8,熊本県熊本地方,32°40.4′N,130°43.1′E,13 km,0.9,---
2026/07/30,13:44:54.9,熊本県熊本地方,32°43.1′N,130°45.8′E,12 km,1.5,---
2026/07/30,13:45:16.9,熊本県天草・芦北地方,32°27.9′N,130°34.9′E,0 km,1.5,---
2026/07/30,13:46:20.8,大分県中部,33°15.0′N,131°19.1′E,11 km,0.4,---
2026/07/30,13:46:24.5,熊本県熊本地方,32°42.0′N,130°43.3′E,16 km,0.4,---
2026/07/30,13:46:52.3,熊本県熊本地方,32°33.8′N,130°37.7′E,12 km,0.7,---
2026/07/30,13:47:32.3,熊本県熊本地方,32°44.0′N,130°46.4′E,8 km,1.2,---
2026/07/30,13:48:00.2,熊本県熊本地方,32°41.1′N,130°44.5′E,11 km,0.6,---
2026/07/30,13:49:12.5,熊本県天草・芦北地方,32°26.7′N,130°29.4′E,0 km,0.3,---
2026/07/30,13:49:34.6,熊本県熊本地方,32°29.3′N,130°34.6′E,4 km,1.0,---
2026/07/30,13:49:50.8,熊本県天草・芦北地方,32°28.9′N,130°31.5′E,5 km,1.3,---
2026/07/30,13:50:04.4,熊本県熊本地方,32°34.5′N,130°40.7′E,6 km,1.8,---
2026/07/30,13:50:56.0,岩手県沖,39°20.3′N,142°03.9′E,48 km,3.6,---
2026/07/30,13:51:03.0,熊本県天草・芦北地方,32°19.8′N,130°21.5′E,7 km,0.2,---
2026/07/30,13:51:15.7,熊本県熊本地方,32°42.6′N,130°44.1′E,11 km,0.9,---
2026/07/30,13:52:16.1,熊本県熊本地方,32°40.6′N,130°45.7′E,10 km,2.0,---
2026/07/30,13:52:59.0,和歌山県北部,34°02.1′N,135°17.2′E,7 km,-0.1,---
2026/07/30,13:53:32.5,熊本県熊本地方,32°40.3′N,130°44.0′E,10 km,1.5,---
2026/07/30,13:54:09.8,宮崎県北部平野部,32°24.9′N,131°31.0′E,13 km,0.9,---
2026/07/30,13:54:32.6,熊本県熊本地方,32°44.3′N,130°47.3′E,8 km,0.9,---
2026/07/30,13:55:03.2,熊本県熊本地方,32°40.4′N,130°45.1′E,11 km,1.4,---
2026/07/30,13:55:04.8,熊本県天草・芦北地方,32°26.4′N,130°32.9′E,5 km,1.9,---
2026/07/30,13:55:27.2,茨城県南部,36°05.9′N,140°06.6′E,50 km,0.8,---
2026/07/30,13:55:37.5,和歌山県南部,33°32.1′N,135°34.0′E,20 km,0.2,---
2026/07/30,13:55:46.0,天草灘,31°59.0′N,130°11.8′E,3 km,0.9,---
2026/07/30,13:56:19.0,熊本県熊本地方,32°39.5′N,130°41.5′E,14 km,0.7,---
2026/07/30,13:56:34.0,熊本県熊本地方,32°31.9′N,130°35.9′E,14 km,0.3,---
2026/07/30,13:56:45.0,熊本県天草・芦北地方,32°27.7′N,130°34.7′E,0 km,1.6,---
2026/07/30,13:57:35.9,熊本県天草・芦北地方,32°27.6′N,130°30.2′E,11 km,0.7,---
2026/07/30,13:57:50.0,熊本県熊本地方,32°30.6′N,130°35.3′E,13 km,2.6,---
2026/07/30,13:58:53.1,熊本県熊本地方,32°36.9′N,130°40.9′E,12 km,0.6,---
2026/07/30,13:59:35.1,熊本県熊本地方,32°31.1′N,130°36.0′E,9 km,0.7,---
2026/07/30,13:59:45.0,熊本県熊本地方,32°32.5′N,130°35.8′E,9 km,0.7,---
2026/07/30,13:59:54.2,熊本県天草・芦北地方,32°26.6′N,130°32.9′E,6 km,1.6,---
2026/07/30,14:00:41.5,熊本県天草・芦北地方,32°29.7′N,130°32.3′E,12 km,1.2,---
2026/07/30,14:00:58.5,岩手県沖,40°14.6′N,142°20.7′E,12 km,1.2,---
2026/07/30,14:01:14.8,熊本県天草・芦北地方,32°29.1′N,130°31.3′E,10 km,2.2,---
2026/07/30,14:02:04.9,熊本県熊本地方,32°40.2′N,130°44.5′E,12 km,0.7,---
2026/07/30,14:02:54.6,熊本県熊本地方,32°44.0′N,130°47.5′E,6 km,0.9,---
2026/07/30,14:03:19.3,福島県中通り,37°10.8′N,140°07.0′E,8 km,1.6,---
2026/07/30,14:03:22.0,熊本県天草・芦北地方,32°28.3′N,130°30.0′E,11 km,1.0,---
2026/07/30,14:04:28.7,熊本県熊本地方,32°40.8′N,130°45.7′E,10 km,2.4,---
2026/07/30,14:04:43.1,愛知県西部,34°59.4′N,137°21.4′E,39 km,0.5,---
2026/07/30,14:05:23.8,熊本県天草・芦北地方,32°26.8′N,130°32.5′E,2 km,0.5,---
2026/07/30,14:05:59.1,熊本県熊本地方,32°41.6′N,130°45.1′E,9 km,0.2,---
2026/07/30,14:07:12.7,熊本県熊本地方,32°32.8′N,130°37.3′E,7 km,0.4,---
2026/07/30,14:07:34.7,熊本県熊本地方,32°29.2′N,130°35.0′E,0 km,1.0,---
2026/07/30,14:08:18.1,熊本県天草・芦北地方,32°27.2′N,130°33.5′E,7 km,0.6,---
2026/07/30,14:08:27.1,熊本県熊本地方,32°28.6′N,130°35.3′E,8 km,0.6,---
2026/07/30,14:08:59.5,熊本県熊本地方,32°32.1′N,130°38.6′E,6 km,1.9,---
2026/07/30,14:09:17.3,熊本県熊本地方,32°38.3′N,130°44.2′E,9 km,1.2,---
2026/07/30,14:10:40.0,熊本県熊本地方,32°35.8′N,130°40.3′E,11 km,1.1,---
2026/07/30,14:11:00.5,熊本県天草・芦北地方,32°25.1′N,130°31.1′E,9 km,0.9,---
2026/07/30,14:11:30.5,熊本県天草・芦北地方,32°35.3′N,130°36.6′E,15 km,0.5,---
2026/07/30,14:12:49.7,熊本県熊本地方,32°29.3′N,130°35.1′E,12 km,0.7,---
2026/07/30,14:13:12.1,熊本県熊本地方,32°29.5′N,130°35.7′E,9 km,0.5,---
2026/07/30,14:14:25.5,熊本県熊本地方,32°38.1′N,130°41.6′E,10 km,0.5,---
2026/07/30,14:14:52.2,熊本県熊本地方,32°30.2′N,130°34.7′E,6 km,1.2,---
2026/07/30,14:15:11.4,岩手県沖,40°15.7′N,142°23.5′E,17 km,1.6,---
2026/07/30,14:15:12.8,熊本県熊本地方,32°32.4′N,130°38.3′E,3 km,1.1,---
2026/07/30,14:15:14.9,西表島付近,24°26.2′N,123°53.2′E,0 km,1.4,---
2026/07/30,14:15:40.2,熊本県熊本地方,32°29.0′N,130°34.5′E,10 km,1.3,---
2026/07/30,14:15:59.7,熊本県天草・芦北地方,32°19.6′N,130°28.3′E,5 km,1.3,---
2026/07/30,14:16:36.0,熊本県熊本地方,32°29.7′N,130°34.6′E,11 km,2.5,---
2026/07/30,14:17:26.7,熊本県熊本地方,32°32.2′N,130°35.6′E,11 km,1.0,---
2026/07/30,14:17:39.4,熊本県熊本地方,32°30.3′N,130°35.5′E,6 km,1.7,---
2026/07/30,14:18:40.8,熊本県天草・芦北地方,32°23.5′N,130°28.9′E,6 km,0.3,---
2026/07/30,14:19:36.6,熊本県熊本地方,32°36.8′N,130°42.6′E,9 km,1.5,---
2026/07/30,14:20:13.4,熊本県熊本地方,32°33.9′N,130°37.6′E,11 km,1.6,---
2026/07/30,14:20:45.4,熊本県熊本地方,32°40.3′N,130°42.1′E,16 km,1.0,---
2026/07/30,14:21:19.1,青森県東方沖,41°23.2′N,142°37.0′E,30 km,1.2,---
2026/07/30,14:21:45.5,熊本県熊本地方,32°38.6′N,130°43.5′E,6 km,1.5,---
2026/07/30,14:22:16.4,熊本県熊本地方,32°38.8′N,130°41.1′E,16 km,0.9,---
2026/07/30,14:23:16.5,岩手県沖,39°55.2′N,142°27.9′E,36 km,1.3,---
2026/07/30,14:25:11.7,熊本県天草・芦北地方,32°32.1′N,130°33.7′E,0 km,1.1,---
2026/07/30,14:25:48.2,熊本県熊本地方,32°40.0′N,130°42.0′E,14 km,0.8,---
2026/07/30,14:26:03.6,熊本県熊本地方,32°25.1′N,130°33.6′E,1 km,1.7,---
2026/07/30,14:26:05.6,熊本県熊本地方,32°44.5′N,130°47.9′E,8 km,1.2,---
2026/07/30,14:27:08.2,大分県中部,33°15.4′N,131°18.8′E,8 km,1.4,---
2026/07/30,14:27:51.5,熊本県熊本地方,32°43.5′N,130°46.3′E,11 km,0.8,---
2026/07/30,14:28:40.8,熊本県熊本地方,32°30.2′N,130°35.5′E,9 km,0.8,---
2026/07/30,14:28:53.8,熊本県天草・芦北地方,32°24.1′N,130°29.4′E,4 km,1.0,---
2026/07/30,14:29:14.9,熊本県熊本地方,32°30.6′N,130°35.3′E,11 km,1.0,---
2026/07/30,14:30:36.8,熊本県熊本地方,32°36.7′N,130°42.6′E,4 km,0.3,---
2026/07/30,14:31:02.5,福島県沖,37°51.2′N,141°35.2′E,48 km,1.5,---
2026/07/30,14:31:05.8,熊本県熊本地方,32°40.7′N,130°43.6′E,12 km,0.8,---
2026/07/30,14:31:18.2,熊本県熊本地方,32°42.8′N,130°46.7′E,9 km,1.8,---
2026/07/30,14:31:38.4,熊本県熊本地方,32°33.3′N,130°36.6′E,12 km,1.4,---
2026/07/30,14:32:06.6,熊本県熊本地方,32°32.3′N,130°36.6′E,12 km,2.0,---
2026/07/30,14:32:56.1,熊本県熊本地方,32°29.2′N,130°36.1′E,9 km,0.6,---
2026/07/30,14:33:17.9,国後島付近,43°28.6′N,145°22.6′E,86 km,1.3,---
2026/07/30,14:33:38.5,熊本県天草・芦北地方,32°28.9′N,130°34.2′E,12 km,2.5,---
2026/07/30,14:34:25.4,天草灘,32°23.5′N,129°55.4′E,14 km,0.8,---
2026/07/30,14:35:07.1,熊本県熊本地方,32°44.1′N,130°46.6′E,8 km,0.4,---
2026/07/30,14:35:16.7,熊本県熊本地方,32°31.7′N,130°36.2′E,6 km,0.8,---
2026/07/30,14:36:39.7,熊本県天草・芦北地方,32°22.1′N,130°28.6′E,8 km,0.0,---
2026/07/30,14:36:50.4,胆振地方中東部,42°38.2′N,141°40.0′E,127 km,3.2,---
2026/07/30,14:37:19.4,熊本県天草・芦北地方,32°25.6′N,130°29.7′E,8 km,1.7,---
2026/07/30,14:39:19.8,熊本県天草・芦北地方,32°23.9′N,130°28.6′E,9 km,0.4,---
2026/07/30,14:39:56.0,青森県東方沖,40°51.7′N,143°13.1′E,11 km,1.4,---
2026/07/30,14:40:48.0,熊本県天草・芦北地方,32°27.9′N,130°31.4′E,2 km,0.2,---
2026/07/30,14:41:07.7,熊本県天草・芦北地方,32°27.1′N,130°31.7′E,16 km,0.5,---
2026/07/30,14:41:16.8,熊本県熊本地方,32°34.1′N,130°41.3′E,4 km,1.5,---
2026/07/30,14:42:14.9,熊本県天草・芦北地方,32°12.0′N,130°21.5′E,5 km,0.5,---
2026/07/30,14:42:18.7,長野県南部,35°51.4′N,137°33.5′E,5 km,0.0,---
2026/07/30,14:42:26.8,熊本県熊本地方,32°39.9′N,130°43.3′E,8 km,0.7,---
2026/07/30,14:43:12.4,熊本県熊本地方,32°41.7′N,130°43.8′E,13 km,0.5,---
2026/07/30,14:43:13.9,与那国島近海,24°29.7′N,123°21.4′E,65 km,1.4,---
2026/07/30,14:44:27.0,大分県中部,33°15.1′N,131°18.5′E,12 km,0.4,---
2026/07/30,14:44:47.1,秋田県内陸北部,39°58.8′N,140°33.0′E,3 km,0.7,---
2026/07/30,14:45:01.8,熊本県天草・芦北地方,32°23.3′N,130°28.5′E,6 km,0.8,---
2026/07/30,14:45:19.6,熊本県熊本地方,32°36.1′N,130°40.3′E,10 km,0.9,---
2026/07/30,14:45:27.4,熊本県熊本地方,32°30.2′N,130°34.8′E,8 km,1.1,---
2026/07/30,14:45:38.4,熊本県熊本地方,32°36.3′N,130°42.2′E,8 km,1.4,---
2026/07/30,14:46:43.3,岩手県沖,40°15.2′N,142°26.2′E,24 km,1.9,---
2026/07/30,14:46:55.6,熊本県天草・芦北地方,32°25.1′N,130°29.7′E,8 km,1.1,---
2026/07/30,14:47:31.2,熊本県熊本地方,32°37.2′N,130°42.4′E,9 km,0.5,---
2026/07/30,14:48:17.9,岩手県沖,40°22.6′N,142°30.2′E,37 km,不明,---
2026/07/30,14:48:26.3,熊本県熊本地方,32°29.5′N,130°34.8′E,11 km,2.6,---
2026/07/30,14:48:51.8,熊本県熊本地方,32°34.2′N,130°36.9′E,12 km,2.2,---
2026/07/30,14:49:34.6,熊本県天草・芦北地方,32°22.3′N,130°28.9′E,7 km,0.5,---
2026/07/30,14:49:35.4,宮城県沖,37°58.4′N,142°32.0′E,40 km,1.6,---
2026/07/30,14:50:24.6,熊本県天草・芦北地方,32°25.3′N,130°30.3′E,6 km,1.6,---
2026/07/30,14:51:14.4,熊本県天草・芦北地方,32°27.0′N,130°32.4′E,10 km,0.9,---
2026/07/30,14:51:27.1,大分県中部,33°15.6′N,131°18.9′E,9 km,0.9,---
2026/07/30,14:51:46.3,岩手県内陸南部,39°01.8′N,140°53.3′E,8 km,1.2,---
2026/07/30,14:53:00.8,大分県中部,33°15.7′N,131°18.6′E,11 km,1.0,---
2026/07/30,14:53:26.8,熊本県天草・芦北地方,32°24.0′N,130°29.5′E,7 km,1.2,---
2026/07/30,14:53:30.1,大分県中部,33°15.1′N,131°18.4′E,10 km,0.4,---
2026/07/30,14:54:08.7,熊本県天草・芦北地方,32°14.6′N,130°26.2′E,3 km,0.8,---
2026/07/30,14:54:27.2,熊本県天草・芦北地方,32°31.1′N,130°33.1′E,13 km,0.7,---
2026/07/30,14:54:39.4,熊本県熊本地方,32°32.2′N,130°36.8′E,14 km,0.4,---
2026/07/30,14:54:50.7,熊本県天草・芦北地方,32°24.9′N,130°27.7′E,14 km,2.5,---
2026/07/30,14:56:02.6,熊本県天草・芦北地方,32°25.3′N,130°27.5′E,13 km,0.6,---
2026/07/30,14:56:47.8,熊本県天草・芦北地方,32°23.6′N,130°28.3′E,11 km,0.7,---
2026/07/30,14:57:00.7,大分県中部,33°15.1′N,131°18.8′E,12 km,0.5,---
2026/07/30,14:57:06.2,熊本県天草・芦北地方,32°28.7′N,130°33.1′E,0 km,1.4,---
2026/07/30,14:57:51.0,熊本県熊本地方,32°33.8′N,130°39.3′E,7 km,1.1,---
2026/07/30,14:59:10.9,熊本県熊本地方,32°29.9′N,130°35.7′E,9 km,2.0,---
2026/07/30,15:01:01.5,熊本県天草・芦北地方,32°23.2′N,130°29.7′E,11 km,0.1,---
2026/07/30,15:01:07.6,熊本県天草・芦北地方,32°27.6′N,130°32.3′E,14 km,0.9,---
2026/07/30,15:02:40.5,熊本県天草・芦北地方,32°26.3′N,130°29.9′E,9 km,0.8,---
2026/07/30,15:03:09.0,岩手県内陸南部,39°02.0′N,140°51.1′E,8 km,0.3,---
2026/07/30,15:03:27.6,熊本県天草・芦北地方,32°25.1′N,130°29.1′E,8 km,0.2,---
2026/07/30,15:04:22.8,熊本県天草・芦北地方,32°27.7′N,130°31.0′E,7 km,1.7,---
2026/07/30,15:05:39.7,熊本県天草・芦北地方,32°27.9′N,130°32.5′E,13 km,0.4,---
2026/07/30,15:05:52.0,熊本県熊本地方,32°29.5′N,130°34.4′E,9 km,1.0,---
2026/07/30,15:06:14.2,熊本県熊本地方,32°38.6′N,130°43.7′E,12 km,0.7,---
2026/07/30,15:06:41.0,福島県沖,37°45.7′N,141°44.4′E,61 km,1.3,---
2026/07/30,15:07:08.9,熊本県熊本地方,32°38.2′N,130°40.1′E,19 km,1.0,---
2026/07/30,15:07:53.8,大分県中部,33°15.4′N,131°19.0′E,9 km,0.9,---
2026/07/30,15:08:34.3,大分県中部,33°15.5′N,131°18.9′E,9 km,0.8,---
2026/07/30,15:08:34.8,熊本県天草・芦北地方,32°22.9′N,130°29.0′E,10 km,0.8,---
2026/07/30,15:08:48.2,種子島近海,30°50.3′N,130°56.6′E,51 km,0.7,---
2026/07/30,15:09:11.4,熊本県天草・芦北地方,32°27.7′N,130°30.9′E,9 km,1.4,---
2026/07/30,15:09:31.9,熊本県熊本地方,32°34.6′N,130°38.4′E,5 km,1.2,---
2026/07/30,15:09:47.0,熊本県熊本地方,32°31.7′N,130°35.9′E,14 km,1.1,---
2026/07/30,15:10:28.3,熊本県天草・芦北地方,32°27.9′N,130°30.0′E,9 km,1.1,---
2026/07/30,15:10:53.5,岩手県沖,40°22.5′N,142°27.0′E,44 km,0.8,---
2026/07/30,15:11:08.0,熊本県熊本地方,32°30.2′N,130°35.4′E,11 km,0.8,---
2026/07/30,15:11:35.3,大分県中部,33°15.0′N,131°19.5′E,9 km,0.8,---
2026/07/30,15:12:03.1,熊本県熊本地方,32°30.6′N,130°35.6′E,13 km,0.1,---
2026/07/30,15:12:30.7,大分県中部,33°15.4′N,131°18.4′E,12 km,0.7,---
2026/07/30,15:12:59.2,熊本県天草・芦北地方,32°28.9′N,130°32.5′E,7 km,1.0,---
2026/07/30,15:13:25.4,遠州灘,34°24.2′N,138°02.1′E,41 km,0.8,---
2026/07/30,15:13:50.2,熊本県天草・芦北地方,32°25.3′N,130°32.0′E,7 km,2.3,---
2026/07/30,15:13:58.3,熊本県天草・芦北地方,32°25.7′N,130°31.5′E,1 km,2.4,---
2026/07/30,15:14:19.5,熊本県天草・芦北地方,32°30.2′N,130°33.8′E,8 km,1.6,---
2026/07/30,15:14:37.3,熊本県熊本地方,32°32.7′N,130°36.0′E,10 km,1.6,---
2026/07/30,15:15:06.0,熊本県天草・芦北地方,32°11.8′N,130°20.9′E,7 km,3.2,---
2026/07/30,15:15:56.0,熊本県天草・芦北地方,32°11.7′N,130°20.9′E,5 km,1.3,---
2026/07/30,15:17:11.6,岩手県沖,40°18.6′N,142°28.0′E,29 km,1.4,---
2026/07/30,15:17:16.0,大分県中部,33°14.7′N,131°19.9′E,8 km,0.3,---
2026/07/30,15:17:17.4,熊本県熊本地方,32°33.4′N,130°38.0′E,9 km,0.3,---
2026/07/30,15:17:57.2,熊本県熊本地方,32°34.2′N,130°38.0′E,12 km,0.5,---
2026/07/30,15:19:03.0,大分県中部,33°15.3′N,131°19.0′E,9 km,1.2,---
2026/07/30,15:20:09.5,福島県会津,37°02.8′N,139°24.8′E,8 km,0.2,---
2026/07/30,15:20:22.7,大分県中部,33°15.8′N,131°18.7′E,10 km,1.0,---
2026/07/30,15:20:30.9,熊本県天草・芦北地方,32°30.3′N,130°32.2′E,12 km,0.9,---
2026/07/30,15:21:27.1,熊本県天草・芦北地方,32°25.9′N,130°32.3′E,11 km,1.2,---
2026/07/30,15:21:35.0,青森県東方沖,40°29.8′N,143°14.6′E,18 km,0.8,---
2026/07/30,15:22:13.1,熊本県天草・芦北地方,32°28.5′N,130°33.2′E,7 km,1.6,---
2026/07/30,15:22:47.4,熊本県熊本地方,32°31.2′N,130°35.3′E,13 km,1.5,---
2026/07/30,15:23:56.3,青森県下北地方,41°12.1′N,140°55.9′E,9 km,0.2,---
2026/07/30,15:24:38.3,大分県中部,33°14.9′N,131°19.6′E,8 km,0.4,---
2026/07/30,15:25:52.4,熊本県天草・芦北地方,32°28.3′N,130°33.0′E,6 km,1.2,---
2026/07/30,15:27:13.6,三陸沖,39°25.0′N,143°42.3′E,13 km,1.1,---
2026/07/30,15:27:47.1,岩手県沖,40°11.8′N,142°16.9′E,42 km,2.3,---
2026/07/30,15:28:07.2,熊本県熊本地方,32°35.8′N,130°40.0′E,9 km,1.1,---
2026/07/30,15:29:38.5,熊本県天草・芦北地方,32°27.0′N,130°33.6′E,4 km,0.9,---
2026/07/30,15:30:11.1,熊本県熊本地方,32°39.8′N,130°44.1′E,10 km,1.2,---
2026/07/30,15:30:18.3,沖縄本島北西沖,27°10.8′N,126°38.8′E,128 km,3.8,---
2026/07/30,15:31:03.0,熊本県熊本地方,32°33.9′N,130°38.0′E,13 km,1.1,---
2026/07/30,15:31:43.6,熊本県天草・芦北地方,32°27.1′N,130°32.9′E,1 km,1.2,---
2026/07/30,15:32:12.8,天草灘,31°58.2′N,129°59.1′E,9 km,0.6,---
2026/07/30,15:32:35.6,熊本県熊本地方,32°40.6′N,130°44.0′E,10 km,1.6,---
2026/07/30,15:32:35.7,秋田県内陸北部,39°58.8′N,140°33.2′E,2 km,1.3,---
2026/07/30,15:33:15.7,熊本県熊本地方,32°36.0′N,130°42.3′E,4 km,1.6,---
2026/07/30,15:34:17.6,熊本県熊本地方,32°31.1′N,130°34.2′E,12 km,0.7,---
2026/07/30,15:36:24.3,熊本県熊本地方,32°52.6′N,130°53.6′E,12 km,0.8,---
2026/07/30,15:37:19.2,熊本県熊本地方,32°41.2′N,130°44.4′E,11 km,0.8,---
2026/07/30,15:37:59.6,大分県中部,33°15.5′N,131°18.7′E,10 km,0.2,---
2026/07/30,15:38:13.0,奄美大島北西沖,28°14.3′N,128°11.0′E,19 km,2.1,---
2026/07/30,15:39:41.3,熊本県熊本地方,32°34.9′N,130°39.0′E,12 km,0.9,---
2026/07/30,15:39:46.8,熊本県熊本地方,32°25.0′N,130°33.6′E,4 km,1.9,---
2026/07/30,15:40:03.4,熊本県天草・芦北地方,32°28.4′N,130°33.4′E,11 km,1.7,---
2026/07/30,15:40:22.8,熊本県熊本地方,32°33.9′N,130°41.1′E,7 km,0.6,---
2026/07/30,15:40:44.5,熊本県天草・芦北地方,32°28.4′N,130°33.4′E,14 km,0.8,---
2026/07/30,15:40:46.8,福島県中通り,37°26.5′N,140°40.6′E,80 km,0.4,---
2026/07/30,15:41:07.6,熊本県熊本地方,32°42.9′N,130°46.2′E,9 km,1.2,---
2026/07/30,15:41:30.1,熊本県熊本地方,32°38.7′N,130°43.6′E,8 km,0.9,---
2026/07/30,15:41:58.4,熊本県天草・芦北地方,32°23.8′N,130°28.5′E,4 km,0.3,---
2026/07/30,15:42:39.1,熊本県天草・芦北地方,32°33.3′N,130°34.0′E,4 km,1.1,---
2026/07/30,15:43:10.7,熊本県熊本地方,32°32.5′N,130°35.8′E,12 km,0.7,---
2026/07/30,15:43:33.8,熊本県熊本地方,32°35.1′N,130°37.5′E,13 km,0.6,---
2026/07/30,15:43:56.0,熊本県熊本地方,32°35.8′N,130°42.3′E,11 km,1.1,---
2026/07/30,15:44:35.2,熊本県天草・芦北地方,32°28.8′N,130°32.9′E,6 km,0.2,---
2026/07/30,15:44:54.3,熊本県熊本地方,32°38.1′N,130°41.2′E,12 km,0.7,---
2026/07/30,15:45:21.1,熊本県熊本地方,32°39.1′N,130°45.0′E,5 km,1.6,---
2026/07/30,15:47:01.3,熊本県熊本地方,32°36.8′N,130°42.4′E,5 km,0.4,---
2026/07/30,15:47:28.1,熊本県熊本地方,32°28.6′N,130°36.5′E,10 km,1.4,---
2026/07/30,15:48:17.1,熊本県天草・芦北地方,32°24.6′N,130°29.8′E,8 km,0.6,---
2026/07/30,15:49:05.6,宮古島近海,24°42.2′N,125°12.0′E,50 km,1.1,---
2026/07/30,15:49:13.9,熊本県熊本地方,32°35.6′N,130°40.2′E,8 km,1.0,---
2026/07/30,15:49:32.7,熊本県天草・芦北地方,32°33.0′N,130°33.1′E,6 km,0.6,---
2026/07/30,15:50:20.8,熊本県天草・芦北地方,32°28.7′N,130°30.6′E,8 km,0.4,---
2026/07/30,15:51:58.9,熊本県天草・芦北地方,32°27.6′N,130°32.2′E,13 km,1.6,---
2026/07/30,15:52:20.8,熊本県熊本地方,32°39.4′N,130°44.5′E,5 km,1.7,---
2026/07/30,15:53:16.0,熊本県天草・芦北地方,32°24.8′N,130°31.2′E,11 km,0.8,---
2026/07/30,15:54:11.6,熊本県熊本地方,32°31.7′N,130°36.0′E,13 km,0.4,---
2026/07/30,15:54:40.5,熊本県天草・芦北地方,32°23.1′N,130°28.8′E,7 km,0.6,---
2026/07/30,15:56:17.3,熊本県熊本地方,32°39.2′N,130°45.0′E,11 km,2.6,---
2026/07/30,15:57:21.8,熊本県熊本地方,32°39.8′N,130°42.0′E,14 km,2.1,---
2026/07/30,15:57:23.4,福島県沖,37°25.0′N,142°27.5′E,8 km,1.0,---
2026/07/30,15:58:05.4,熊本県熊本地方,32°36.8′N,130°42.2′E,8 km,1.2,---
2026/07/30,15:58:09.3,熊本県熊本地方,32°33.7′N,130°36.2′E,10 km,1.5,---
2026/07/30,15:58:29.5,熊本県天草・芦北地方,32°29.2′N,130°31.9′E,3 km,0.5,---
2026/07/30,15:59:08.8,熊本県天草・芦北地方,32°21.0′N,130°26.4′E,0 km,0.1,---
2026/07/30,16:00:18.3,熊本県熊本地方,32°25.6′N,130°34.7′E,1 km,0.7,---
2026/07/30,16:00:35.9,熊本県天草・芦北地方,32°28.3′N,130°31.9′E,0 km,0.3,---
2026/07/30,16:01:31.9,熊本県熊本地方,32°40.7′N,130°44.6′E,11 km,0.8,---
2026/07/30,16:02:03.6,熊本県熊本地方,32°35.5′N,130°40.6′E,10 km,1.1,---
2026/07/30,16:02:14.3,福岡県筑豊地方,33°36.9′N,130°36.2′E,16 km,1.8,---
2026/07/30,16:03:31.3,長野県北部,36°34.1′N,137°51.9′E,6 km,-0.4,---
2026/07/30,16:03:46.2,熊本県天草・芦北地方,32°21.8′N,130°28.0′E,10 km,-0.1,---
2026/07/30,16:04:26.3,熊本県天草・芦北地方,32°27.2′N,130°31.8′E,2 km,0.5,---
2026/07/30,16:04:51.2,熊本県熊本地方,32°30.6′N,130°35.1′E,13 km,1.0,---
2026/07/30,16:05:22.0,熊本県熊本地方,32°31.9′N,130°36.6′E,10 km,1.5,---
2026/07/30,16:06:23.7,熊本県熊本地方,32°38.5′N,130°44.9′E,10 km,0.3,---
2026/07/30,16:07:57.0,熊本県熊本地方,32°30.3′N,130°38.1′E,13 km,2.3,---
2026/07/30,16:09:24.1,熊本県熊本地方,32°40.5′N,130°43.5′E,15 km,0.4,---
2026/07/30,16:10:06.7,熊本県熊本地方,32°30.1′N,130°35.9′E,9 km,1.9,---
2026/07/30,16:10:40.2,熊本県熊本地方,32°31.3′N,130°34.8′E,11 km,1.6,---
2026/07/30,16:11:18.3,熊本県天草・芦北地方,32°30.9′N,130°33.2′E,13 km,1.0,---
2026/07/30,16:11:55.1,熊本県熊本地方,32°38.9′N,130°46.5′E,12 km,1.1,---
2026/07/30,16:12:29.4,熊本県熊本地方,32°35.3′N,130°39.5′E,7 km,1.0,---
2026/07/30,16:13:04.0,熊本県天草・芦北地方,32°11.6′N,130°21.1′E,6 km,0.7,---
2026/07/30,16:13:49.0,日向灘,32°25.0′N,132°30.7′E,22 km,0.6,---
2026/07/30,16:13:49.3,熊本県熊本地方,32°32.5′N,130°36.7′E,10 km,0.9,---
2026/07/30,16:14:11.4,熊本県熊本地方,32°36.4′N,130°40.7′E,13 km,0.3,---
2026/07/30,16:14:28.9,熊本県天草・芦北地方,32°24.5′N,130°29.6′E,4 km,1.3,---
2026/07/30,16:15:15.4,熊本県天草・芦北地方,32°29.9′N,130°32.4′E,10 km,0.7,---
2026/07/30,16:15:47.7,熊本県熊本地方,32°34.5′N,130°41.0′E,0 km,1.5,---
2026/07/30,16:16:27.7,熊本県天草・芦北地方,32°25.7′N,130°31.1′E,4 km,0.8,---
2026/07/30,16:16:32.2,熊本県阿蘇地方,32°56.4′N,131°04.5′E,4 km,0.0,---
2026/07/30,16:17:27.8,熊本県天草・芦北地方,32°27.9′N,130°29.3′E,11 km,0.7,---
2026/07/30,16:17:44.1,日向灘,32°38.6′N,132°27.0′E,29 km,0.5,---
2026/07/30,16:18:36.5,熊本県熊本地方,32°39.0′N,130°42.5′E,12 km,0.5,---
2026/07/30,16:19:25.0,熊本県熊本地方,32°38.6′N,130°43.8′E,10 km,-0.1,---
2026/07/30,16:19:37.4,日向灘,32°09.4′N,131°50.2′E,30 km,1.0,---
2026/07/30,16:19:54.4,熊本県熊本地方,32°35.6′N,130°40.9′E,7 km,2.4,---
2026/07/30,16:20:17.5,トカラ列島近海,29°20.4′N,129°30.3′E,11 km,1.3,---
2026/07/30,16:20:19.5,福島県沖,37°15.5′N,142°14.2′E,17 km,1.3,---
2026/07/30,16:20:31.5,熊本県熊本地方,32°37.1′N,130°43.1′E,3 km,1.1,---
2026/07/30,16:20:49.3,和歌山県南部,33°43.1′N,135°38.8′E,34 km,0.1,---
2026/07/30,16:21:06.4,熊本県天草・芦北地方,32°28.2′N,130°34.1′E,2 km,0.3,---
2026/07/30,16:21:38.2,熊本県熊本地方,32°32.9′N,130°39.1′E,8 km,0.4,---
2026/07/30,16:21:54.4,熊本県熊本地方,32°38.4′N,130°43.6′E,9 km,2.5,---
2026/07/30,16:22:47.8,熊本県熊本地方,32°30.9′N,130°35.3′E,10 km,0.6,---
2026/07/30,16:23:13.4,福岡県筑豊地方,33°37.0′N,130°36.1′E,16 km,0.9,---
2026/07/30,16:23:17.0,岩手県沖,39°41.7′N,142°06.5′E,47 km,1.4,---
2026/07/30,16:23:17.4,熊本県熊本地方,32°38.1′N,130°43.0′E,10 km,0.5,---
2026/07/30,16:23:29.5,熊本県天草・芦北地方,32°25.6′N,130°31.8′E,8 km,1.3,---
2026/07/30,16:23:57.9,愛知県西部,35°06.2′N,137°16.3′E,39 km,0.2,---
2026/07/30,16:24:55.3,岩手県沖,39°05.3′N,142°23.8′E,26 km,1.0,---
2026/07/30,16:24:58.3,熊本県天草・芦北地方,32°37.3′N,130°39.4′E,15 km,0.7,---
2026/07/30,16:25:24.0,熊本県天草・芦北地方,32°28.4′N,130°30.2′E,12 km,0.5,---
2026/07/30,16:26:37.8,熊本県熊本地方,32°31.9′N,130°35.0′E,10 km,1.4,---
2026/07/30,16:29:48.4,熊本県天草・芦北地方,32°28.1′N,130°33.6′E,7 km,1.3,---
2026/07/30,16:30:27.6,熊本県熊本地方,32°38.9′N,130°42.0′E,15 km,0.7,---
2026/07/30,16:31:04.1,熊本県熊本地方,32°42.9′N,130°46.3′E,10 km,1.1,---
2026/07/30,16:31:24.1,熊本県熊本地方,32°30.7′N,130°35.0′E,0 km,0.9,---
2026/07/30,16:32:38.8,熊本県天草・芦北地方,32°30.5′N,130°33.3′E,11 km,1.3,---
2026/07/30,16:33:00.2,大隅半島東方沖,30°46.3′N,131°28.9′E,27 km,1.3,---
2026/07/30,16:33:21.9,熊本県熊本地方,32°33.3′N,130°37.9′E,11 km,0.2,---
2026/07/30,16:33:42.0,熊本県熊本地方,32°35.9′N,130°42.3′E,7 km,0.7,---
2026/07/30,16:33:59.5,熊本県熊本地方,32°30.7′N,130°35.3′E,7 km,1.0,---
2026/07/30,16:34:52.9,大分県中部,33°14.9′N,131°19.6′E,9 km,1.7,---
2026/07/30,16:35:15.4,秋田県内陸北部,39°58.7′N,140°32.9′E,3 km,0.5,---
2026/07/30,16:35:48.5,熊本県天草・芦北地方,32°28.4′N,130°31.2′E,11 km,0.5,---
2026/07/30,16:36:10.5,熊本県天草・芦北地方,32°28.0′N,130°32.8′E,11 km,0.6,---
2026/07/30,16:36:39.9,熊本県熊本地方,32°39.1′N,130°43.8′E,10 km,0.2,---
2026/07/30,16:37:01.4,熊本県熊本地方,32°37.7′N,130°41.8′E,11 km,2.5,---
2026/07/30,16:38:08.1,熊本県熊本地方,32°42.1′N,130°45.8′E,5 km,0.8,---
2026/07/30,16:38:37.1,熊本県熊本地方,32°31.2′N,130°34.0′E,11 km,0.7,---
2026/07/30,16:38:50.3,大分県中部,33°14.9′N,131°19.4′E,9 km,0.3,---
2026/07/30,16:39:41.2,宮古島近海,24°59.5′N,125°25.8′E,28 km,2.1,---
2026/07/30,16:39:53.6,有明海,32°42.3′N,130°33.0′E,1 km,0.6,---
2026/07/30,16:40:27.6,熊本県熊本地方,32°34.2′N,130°38.4′E,9 km,1.3,---
2026/07/30,16:41:04.4,熊本県熊本地方,32°34.1′N,130°37.5′E,12 km,0.9,---
2026/07/30,16:41:30.7,熊本県熊本地方,32°41.8′N,130°45.9′E,10 km,1.5,---
2026/07/30,16:41:46.2,熊本県熊本地方,32°33.9′N,130°38.6′E,5 km,1.5,---
2026/07/30,16:43:12.9,苫小牧沖,41°37.4′N,141°55.1′E,52 km,1.3,---
2026/07/30,16:43:24.4,熊本県天草・芦北地方,32°27.4′N,130°31.1′E,4 km,0.9,---
2026/07/30,16:43:48.1,熊本県熊本地方,32°38.6′N,130°43.7′E,8 km,1.2,---
2026/07/30,16:44:02.0,熊本県熊本地方,32°40.6′N,130°44.0′E,12 km,1.3,---
2026/07/30,16:44:48.1,熊本県熊本地方,32°34.0′N,130°39.1′E,11 km,0.5,---
2026/07/30,16:45:35.6,熊本県熊本地方,32°34.1′N,130°40.0′E,9 km,0.4,---
2026/07/30,16:45:47.2,熊本県天草・芦北地方,32°37.3′N,130°39.8′E,15 km,1.9,---
2026/07/30,16:46:34.3,熊本県天草・芦北地方,32°25.7′N,130°32.3′E,0 km,0.8,---
2026/07/30,16:47:12.3,熊本県熊本地方,32°41.8′N,130°46.1′E,11 km,2.5,---
2026/07/30,16:48:04.6,熊本県天草・芦北地方,32°26.3′N,130°34.0′E,12 km,0.6,---
2026/07/30,16:48:48.1,熊本県熊本地方,32°29.5′N,130°34.6′E,12 km,0.5,---
2026/07/30,16:48:54.2,三陸沖,39°37.5′N,143°14.0′E,5 km,1.2,---
2026/07/30,16:50:01.4,三陸沖,39°37.2′N,143°13.9′E,5 km,1.4,---
2026/07/30,16:50:11.8,熊本県熊本地方,32°40.3′N,130°43.7′E,11 km,0.7,---
2026/07/30,16:50:22.5,熊本県熊本地方,32°38.2′N,130°42.0′E,14 km,1.3,---
2026/07/30,16:51:46.4,熊本県熊本地方,32°31.8′N,130°36.7′E,10 km,1.1,---
2026/07/30,16:52:16.6,熊本県熊本地方,32°40.0′N,130°42.9′E,11 km,0.8,---
2026/07/30,16:52:41.7,熊本県天草・芦北地方,32°28.4′N,130°31.9′E,0 km,0.4,---
2026/07/30,16:53:04.0,熊本県熊本地方,32°40.0′N,130°43.2′E,11 km,0.9,---
2026/07/30,16:54:02.5,熊本県天草・芦北地方,32°36.2′N,130°38.4′E,15 km,0.4,---
2026/07/30,16:54:18.8,熊本県天草・芦北地方,32°28.5′N,130°31.3′E,6 km,0.9,---
2026/07/30,16:56:03.2,関東東方沖,34°18.0′N,141°32.6′E,9 km,1.9,---
2026/07/30,16:57:01.2,熊本県熊本地方,32°46.3′N,130°49.9′E,5 km,0.1,---
2026/07/30,16:57:29.5,熊本県天草・芦北地方,32°26.3′N,130°31.5′E,14 km,0.5,---
2026/07/30,16:57:45.4,熊本県熊本地方,32°29.6′N,130°34.8′E,12 km,0.3,---
2026/07/30,16:58:26.6,熊本県熊本地方,32°30.3′N,130°35.1′E,11 km,1.4,---
2026/07/30,16:58:42.5,熊本県熊本地方,32°33.3′N,130°37.6′E,14 km,0.9,---
2026/07/30,16:59:16.8,三陸沖,39°38.1′N,143°13.2′E,15 km,1.3,---
2026/07/30,16:59:43.4,熊本県天草・芦北地方,32°29.5′N,130°31.5′E,12 km,1.1,---
2026/07/30,17:00:28.1,熊本県天草・芦北地方,32°18.9′N,130°28.5′E,4 km,0.5,---
2026/07/30,17:00:50.3,熊本県熊本地方,32°32.4′N,130°36.4′E,12 km,0.9,---
2026/07/30,17:01:44.1,和歌山県北部,34°04.1′N,135°19.0′E,10 km,0.3,---
2026/07/30,17:03:47.5,熊本県天草・芦北地方,32°28.5′N,130°34.5′E,6 km,1.8,---
2026/07/30,17:04:14.0,茨城県沖,36°17.1′N,140°52.7′E,40 km,0.8,---
2026/07/30,17:04:24.6,熊本県熊本地方,32°36.1′N,130°40.0′E,11 km,0.6,---
2026/07/30,17:04:50.9,熊本県天草・芦北地方,32°22.9′N,130°28.8′E,7 km,0.7,---
2026/07/30,17:04:58.3,茨城県南部,36°03.3′N,139°56.3′E,43 km,0.7,---
2026/07/30,17:05:30.2,熊本県熊本地方,32°37.0′N,130°41.0′E,10 km,0.3,---
2026/07/30,17:06:00.5,宮城県沖,38°43.1′N,142°16.1′E,41 km,1.3,---
2026/07/30,17:06:05.8,九州地方南東沖,30°49.2′N,132°11.9′E,31 km,1.7,---
2026/07/30,17:06:16.6,熊本県天草・芦北地方,32°27.5′N,130°32.5′E,13 km,0.4,---
2026/07/30,17:06:35.2,熊本県天草・芦北地方,32°14.9′N,130°25.4′E,4 km,0.1,---
2026/07/30,17:06:54.2,熊本県熊本地方,32°39.2′N,130°42.2′E,14 km,0.5,---
2026/07/30,17:08:18.2,熊本県天草・芦北地方,32°28.7′N,130°33.4′E,14 km,0.2,---
2026/07/30,17:08:56.3,紀伊水道,33°42.2′N,135°09.9′E,38 km,不明,---
2026/07/30,17:09:23.2,熊本県熊本地方,32°44.5′N,130°47.7′E,7 km,1.6,---
2026/07/30,17:10:12.1,熊本県熊本地方,32°44.9′N,130°47.6′E,12 km,0.3,---
2026/07/30,17:11:25.7,熊本県熊本地方,32°38.4′N,130°42.0′E,13 km,0.3,---
2026/07/30,17:11:53.9,熊本県熊本地方,32°39.0′N,130°43.5′E,8 km,1.3,---
2026/07/30,17:12:26.6,熊本県熊本地方,32°44.5′N,130°48.7′E,15 km,0.7,---
2026/07/30,17:12:52.1,熊本県天草・芦北地方,32°30.8′N,130°31.6′E,9 km,0.3,---
2026/07/30,17:13:09.1,熊本県熊本地方,32°36.5′N,130°41.1′E,11 km,0.2,---
2026/07/30,17:13:55.5,熊本県熊本地方,32°29.6′N,130°34.5′E,10 km,0.7,---
2026/07/30,17:14:47.3,熊本県熊本地方,32°43.3′N,130°46.8′E,9 km,0.1,---
2026/07/30,17:15:19.9,熊本県天草・芦北地方,32°37.1′N,130°39.3′E,15 km,不明,---
2026/07/30,17:15:25.5,熊本県天草・芦北地方,32°23.0′N,130°28.8′E,10 km,1.1,---
2026/07/30,17:15:53.8,熊本県天草・芦北地方,32°27.3′N,130°30.3′E,7 km,0.9,---
2026/07/30,17:16:35.9,熊本県熊本地方,32°38.5′N,130°43.6′E,9 km,0.4,---
2026/07/30,17:16:58.7,熊本県天草・芦北地方,32°26.8′N,130°34.4′E,10 km,0.3,---
2026/07/30,17:17:38.8,熊本県熊本地方,32°32.1′N,130°35.9′E,13 km,1.0,---
2026/07/30,17:17:54.1,熊本県熊本地方,32°38.6′N,130°43.1′E,8 km,1.2,---
2026/07/30,17:18:23.3,滋賀県北部,35°12.6′N,136°24.8′E,16 km,0.1,---
2026/07/30,17:18:46.4,熊本県天草・芦北地方,32°13.0′N,130°24.2′E,8 km,0.1,---
2026/07/30,17:19:01.1,大分県中部,33°15.0′N,131°19.7′E,9 km,2.4,---
2026/07/30,17:21:06.1,熊本県熊本地方,32°32.2′N,130°36.2′E,13 km,1.4,---
2026/07/30,17:21:11.0,熊本県天草・芦北地方,32°28.1′N,130°33.6′E,13 km,2.8,---
2026/07/30,17:22:18.9,熊本県熊本地方,32°40.6′N,130°44.0′E,12 km,0.8,---
2026/07/30,17:24:01.4,熊本県熊本地方,32°30.5′N,130°39.6′E,8 km,0.6,---
2026/07/30,17:24:50.7,熊本県天草・芦北地方,32°28.5′N,130°30.9′E,9 km,0.9,---
2026/07/30,17:25:18.8,岩手県沖,40°11.8′N,142°35.9′E,17 km,1.3,---
2026/07/30,17:25:54.4,熊本県天草・芦北地方,32°28.3′N,130°33.5′E,13 km,2.5,---
2026/07/30,17:26:37.4,熊本県天草・芦北地方,32°26.8′N,130°31.7′E,6 km,0.6,---
2026/07/30,17:26:58.3,熊本県熊本地方,32°38.4′N,130°44.0′E,11 km,1.3,---
2026/07/30,17:27:01.9,福岡県筑豊地方,33°37.0′N,130°36.1′E,15 km,1.1,---
2026/07/30,17:27:07.5,熊本県熊本地方,32°38.4′N,130°43.8′E,10 km,1.1,---
2026/07/30,17:27:34.9,熊本県熊本地方,32°39.0′N,130°41.4′E,14 km,1.7,---
2026/07/30,17:28:25.8,熊本県熊本地方,32°43.8′N,130°46.8′E,11 km,不明,---
2026/07/30,17:28:33.7,熊本県熊本地方,32°33.6′N,130°40.6′E,3 km,1.2,---
2026/07/30,17:28:49.4,熊本県天草・芦北地方,32°28.3′N,130°33.8′E,6 km,1.8,---
2026/07/30,17:29:05.9,熊本県熊本地方,32°38.9′N,130°45.0′E,7 km,2.2,---
2026/07/30,17:29:45.1,熊本県熊本地方,32°39.0′N,130°42.2′E,14 km,1.4,---
2026/07/30,17:30:06.8,秋田県沿岸南部,39°07.9′N,140°11.3′E,10 km,不明,---
2026/07/30,17:30:20.2,大分県中部,33°15.2′N,131°19.1′E,10 km,1.1,---
2026/07/30,17:30:32.5,熊本県熊本地方,32°39.9′N,130°44.0′E,7 km,1.5,---
2026/07/30,17:31:05.3,熊本県天草・芦北地方,32°27.9′N,130°29.3′E,0 km,0.4,---
2026/07/30,17:31:16.7,熊本県熊本地方,32°40.2′N,130°43.0′E,11 km,1.3,---
2026/07/30,17:33:20.0,熊本県熊本地方,32°32.1′N,130°36.9′E,14 km,0.3,---
2026/07/30,17:33:36.7,熊本県天草・芦北地方,32°30.3′N,130°32.5′E,10 km,0.7,---
2026/07/30,17:33:55.1,熊本県熊本地方,32°34.2′N,130°40.6′E,8 km,2.4,---
2026/07/30,17:34:28.8,熊本県熊本地方,32°33.8′N,130°37.2′E,12 km,1.4,---
2026/07/30,17:35:34.7,熊本県熊本地方,32°30.7′N,130°35.5′E,11 km,0.4,---
2026/07/30,17:36:07.5,熊本県天草・芦北地方,32°19.1′N,130°21.1′E,16 km,0.8,---
2026/07/30,17:36:27.8,熊本県熊本地方,32°33.5′N,130°40.5′E,7 km,1.1,---
2026/07/30,17:37:00.1,熊本県天草・芦北地方,32°29.1′N,130°31.5′E,14 km,0.6,---
2026/07/30,17:38:40.0,熊本県天草・芦北地方,32°25.6′N,130°28.2′E,11 km,0.9,---
2026/07/30,17:39:47.8,秋田県内陸北部,39°58.7′N,140°32.9′E,2 km,0.5,---
2026/07/30,17:39:54.7,熊本県熊本地方,32°30.7′N,130°35.3′E,10 km,0.4,---
2026/07/30,17:40:54.4,熊本県熊本地方,32°33.9′N,130°37.4′E,9 km,0.9,---
2026/07/30,17:41:09.4,京都府南部,35°18.2′N,135°37.3′E,5 km,0.2,---
2026/07/30,17:42:26.6,奄美大島北西沖,28°15.4′N,128°08.9′E,11 km,2.4,---
2026/07/30,17:42:41.9,熊本県熊本地方,32°40.5′N,130°44.7′E,13 km,0.3,---
2026/07/30,17:42:45.7,熊本県天草・芦北地方,32°23.8′N,130°28.0′E,8 km,1.0,---
2026/07/30,17:43:52.0,熊本県天草・芦北地方,32°27.9′N,130°30.4′E,1 km,0.3,---
2026/07/30,17:43:55.0,和歌山県南方沖,33°27.7′N,135°40.4′E,24 km,0.9,---
2026/07/30,17:45:13.6,熊本県熊本地方,32°40.0′N,130°44.0′E,10 km,1.0,---
2026/07/30,17:45:42.4,熊本県熊本地方,32°32.4′N,130°39.8′E,6 km,0.3,---
2026/07/30,17:46:26.7,熊本県熊本地方,32°39.7′N,130°43.5′E,8 km,1.8,---
2026/07/30,17:47:50.5,熊本県熊本地方,32°41.9′N,130°43.8′E,10 km,0.2,---
2026/07/30,17:48:20.0,熊本県天草・芦北地方,32°24.9′N,130°27.7′E,11 km,0.6,---
2026/07/30,17:49:05.2,熊本県熊本地方,32°39.1′N,130°41.7′E,13 km,1.2,---
2026/07/30,17:49:36.5,関東東方沖,34°18.3′N,141°32.2′E,10 km,1.7,---
2026/07/30,17:50:19.6,熊本県熊本地方,32°40.3′N,130°43.0′E,14 km,2.1,---
2026/07/30,17:50:28.4,和歌山県北部,34°08.5′N,135°08.5′E,3 km,0.0,---
2026/07/30,17:51:15.8,熊本県天草・芦北地方,32°27.0′N,130°31.3′E,9 km,0.9,---
2026/07/30,17:51:31.2,熊本県熊本地方,32°30.4′N,130°35.2′E,7 km,1.1,---
2026/07/30,17:52:41.7,熊本県熊本地方,32°31.4′N,130°36.4′E,6 km,1.2,---
2026/07/30,17:53:26.3,熊本県熊本地方,32°34.9′N,130°39.4′E,12 km,0.4,---
2026/07/30,17:53:34.3,新潟県上中越沖,37°38.6′N,137°34.2′E,11 km,1.6,---
2026/07/30,17:53:46.1,熊本県熊本地方,32°35.0′N,130°39.2′E,12 km,0.1,---
2026/07/30,17:54:16.2,熊本県熊本地方,32°31.6′N,130°36.5′E,4 km,0.5,---
2026/07/30,17:54:18.7,神奈川県西部,35°23.7′N,139°04.4′E,18 km,1.4,---
2026/07/30,17:54:33.0,大分県中部,33°15.3′N,131°19.1′E,9 km,0.3,---
2026/07/30,17:55:11.2,茨城県南部,36°04.7′N,140°22.7′E,69 km,0.6,---
2026/07/30,17:55:18.2,熊本県熊本地方,32°37.1′N,130°43.9′E,4 km,1.2,---
2026/07/30,17:56:19.6,熊本県熊本地方,32°34.0′N,130°38.4′E,10 km,0.2,---
2026/07/30,17:57:01.5,熊本県熊本地方,32°39.1′N,130°43.1′E,11 km,2.0,---
2026/07/30,17:58:34.5,熊本県熊本地方,32°30.6′N,130°35.5′E,12 km,1.6,---
2026/07/30,17:59:06.5,熊本県熊本地方,32°33.7′N,130°37.4′E,14 km,0.5,---
2026/07/30,17:59:22.2,熊本県熊本地方,32°44.0′N,130°46.4′E,10 km,0.3,---
2026/07/30,17:59:43.0,大分県中部,33°14.9′N,131°19.4′E,8 km,0.9,---
2026/07/30,17:59:59.0,土佐湾,33°31.2′N,133°45.0′E,18 km,0.8,---
2026/07/30,18:02:01.4,熊本県天草・芦北地方,32°28.0′N,130°29.3′E,12 km,1.4,---
2026/07/30,18:04:18.3,熊本県熊本地方,32°39.2′N,130°46.3′E,10 km,1.0,---
2026/07/30,18:04:45.8,宮城県沖,38°38.4′N,142°30.0′E,29 km,1.0,---
2026/07/30,18:04:58.7,長野県中部,36°15.1′N,137°48.3′E,5 km,0.1,---
2026/07/30,18:07:21.0,熊本県天草・芦北地方,32°24.2′N,130°32.6′E,2 km,0.7,---
2026/07/30,18:08:14.0,宮古島近海,24°59.3′N,125°25.9′E,27 km,1.7,---
2026/07/30,18:09:35.0,熊本県天草・芦北地方,32°24.9′N,130°29.5′E,6 km,0.3,---
2026/07/30,18:10:27.7,熊本県熊本地方,32°40.8′N,130°43.3′E,14 km,1.2,---
2026/07/30,18:10:52.1,島根県東部,35°18.5′N,133°11.6′E,12 km,0.5,---
2026/07/30,18:11:12.8,奄美大島近海,28°16.4′N,129°37.6′E,35 km,1.6,---
2026/07/30,18:11:33.1,薩摩半島西方沖,31°56.9′N,130°09.3′E,7 km,0.1,---
2026/07/30,18:12:45.3,福島県沖,36°53.4′N,141°30.7′E,11 km,1.3,---
2026/07/30,18:12:58.2,熊本県熊本地方,32°32.1′N,130°36.0′E,12 km,0.9,---
2026/07/30,18:14:07.1,宮城県沖,38°26.3′N,141°57.6′E,41 km,0.7,---
2026/07/30,18:15:41.4,茨城県沖,36°18.9′N,140°53.0′E,45 km,1.9,---
2026/07/30,18:16:34.5,三陸沖,40°52.1′N,145°02.4′E,27 km,2.8,---
2026/07/30,18:18:21.1,熊本県天草・芦北地方,32°24.4′N,130°27.7′E,12 km,2.1,---
2026/07/30,18:18:47.9,熊本県天草・芦北地方,32°22.8′N,130°28.8′E,8 km,1.3,---
2026/07/30,18:19:08.9,熊本県熊本地方,32°36.7′N,130°41.7′E,8 km,1.5,---
2026/07/30,18:20:30.4,熊本県天草・芦北地方,32°28.6′N,130°31.3′E,12 km,0.8,---
2026/07/30,18:21:21.1,三陸沖,39°36.9′N,143°14.0′E,13 km,1.4,---
2026/07/30,18:21:37.9,熊本県熊本地方,32°37.3′N,130°43.2′E,8 km,0.2,---
2026/07/30,18:22:18.3,熊本県天草・芦北地方,32°29.7′N,130°31.5′E,11 km,0.9,---
2026/07/30,18:23:00.8,大分県中部,33°15.3′N,131°19.3′E,9 km,0.3,---
2026/07/30,18:23:41.4,熊本県熊本地方,32°35.5′N,130°40.8′E,5 km,1.3,---
2026/07/30,18:23:52.0,岐阜県飛騨地方,36°08.2′N,137°24.6′E,8 km,-0.7,---
2026/07/30,18:24:28.3,熊本県天草・芦北地方,32°25.5′N,130°32.0′E,1 km,0.5,---
2026/07/30,18:24:29.1,栃木県南部,36°42.5′N,140°03.8′E,113 km,0.6,---
2026/07/30,18:25:50.0,熊本県熊本地方,32°33.4′N,130°37.1′E,10 km,0.8,---
2026/07/30,18:27:05.2,熊本県天草・芦北地方,32°31.8′N,130°33.8′E,12 km,2.2,---
2026/07/30,18:27:13.1,長野県南部,35°51.6′N,137°32.9′E,5 km,0.0,---
2026/07/30,18:28:01.8,熊本県天草・芦北地方,32°25.7′N,130°28.3′E,12 km,1.0,---
2026/07/30,18:28:14.7,長野県北部,36°33.9′N,137°50.9′E,9 km,0.3,---
2026/07/30,18:29:47.6,熊本県熊本地方,32°30.7′N,130°35.3′E,8 km,0.5,---
2026/07/30,18:30:22.7,三陸沖,39°24.1′N,143°11.8′E,14 km,1.1,---
2026/07/30,18:31:08.5,熊本県熊本地方,32°38.2′N,130°46.6′E,13 km,0.1,---
2026/07/30,18:31:22.8,熊本県熊本地方,32°39.4′N,130°42.6′E,12 km,1.0,---
2026/07/30,18:31:40.7,天草灘,31°59.3′N,130°11.4′E,2 km,1.6,---
2026/07/30,18:32:17.5,岐阜県美濃中西部,35°34.1′N,136°59.2′E,9 km,-0.2,---
2026/07/30,18:32:47.9,熊本県熊本地方,32°42.2′N,130°45.9′E,10 km,0.4,---
2026/07/30,18:33:11.7,熊本県熊本地方,32°43.8′N,130°46.2′E,13 km,0.1,---
2026/07/30,18:34:05.6,茨城県沖,36°30.1′N,141°10.6′E,34 km,0.9,---
2026/07/30,18:34:44.8,熊本県熊本地方,32°33.4′N,130°38.2′E,5 km,0.9,---
2026/07/30,18:35:48.8,熊本県熊本地方,32°34.1′N,130°37.8′E,13 km,1.9,---
2026/07/30,18:37:01.6,熊本県熊本地方,32°31.2′N,130°35.0′E,10 km,0.9,---
2026/07/30,18:37:48.2,三陸沖,40°51.7′N,145°02.1′E,28 km,1.7,---
2026/07/30,18:38:40.3,熊本県熊本地方,32°31.1′N,130°35.7′E,9 km,0.7,---
2026/07/30,18:38:42.1,奄美大島近海,28°01.3′N,129°34.0′E,16 km,0.6,---
2026/07/30,18:39:07.5,熊本県熊本地方,32°39.8′N,130°42.7′E,15 km,1.2,---
2026/07/30,18:39:45.3,熊本県熊本地方,32°34.6′N,130°37.8′E,14 km,2.0,---
2026/07/30,18:40:44.7,熊本県天草・芦北地方,32°27.5′N,130°33.2′E,7 km,1.3,---
2026/07/30,18:41:20.3,岩手県沖,40°08.4′N,142°24.2′E,40 km,3.3,---
2026/07/30,18:42:39.9,熊本県熊本地方,32°30.4′N,130°34.8′E,7 km,1.1,---
2026/07/30,18:42:58.0,熊本県熊本地方,32°29.3′N,130°34.8′E,8 km,1.3,---
2026/07/30,18:43:40.2,熊本県熊本地方,32°29.3′N,130°35.0′E,10 km,1.6,---
2026/07/30,18:44:39.7,熊本県天草・芦北地方,32°27.7′N,130°30.6′E,9 km,1.1,---
2026/07/30,18:44:42.0,大分県中部,33°15.1′N,131°18.7′E,9 km,0.4,---
2026/07/30,18:45:52.1,熊本県熊本地方,32°38.9′N,130°42.5′E,8 km,0.7,---
2026/07/30,18:45:55.1,岩手県沖,40°13.8′N,142°20.3′E,10 km,1.2,---
2026/07/30,18:46:14.4,熊本県熊本地方,32°35.8′N,130°41.1′E,6 km,0.6,---
2026/07/30,18:46:30.5,熊本県熊本地方,32°37.3′N,130°42.8′E,8 km,0.8,---
2026/07/30,18:47:10.3,茨城県沖,36°21.3′N,140°56.4′E,39 km,1.1,---
2026/07/30,18:47:14.8,熊本県熊本地方,32°30.5′N,130°35.6′E,8 km,0.8,---
2026/07/30,18:47:53.9,熊本県熊本地方,32°37.4′N,130°41.2′E,11 km,1.0,---
2026/07/30,18:48:09.5,秋田県内陸北部,39°58.7′N,140°33.1′E,4 km,0.5,---
2026/07/30,18:49:46.4,熊本県熊本地方,32°36.6′N,130°42.6′E,4 km,0.2,---
2026/07/30,18:51:26.9,熊本県熊本地方,32°35.0′N,130°39.3′E,12 km,0.6,---
2026/07/30,18:51:47.5,熊本県熊本地方,32°37.4′N,130°42.7′E,11 km,0.4,---
2026/07/30,18:52:06.0,熊本県天草・芦北地方,32°25.1′N,130°29.6′E,9 km,1.7,---
2026/07/30,18:52:33.1,橘湾,32°36.9′N,129°54.0′E,9 km,1.1,---
2026/07/30,18:52:39.6,熊本県阿蘇地方,32°57.3′N,131°04.6′E,7 km,0.3,---
2026/07/30,18:53:01.3,熊本県天草・芦北地方,32°18.7′N,130°25.2′E,6 km,0.9,---
2026/07/30,18:53:11.9,十勝地方北部,43°25.6′N,142°58.7′E,10 km,0.8,---
2026/07/30,18:53:30.5,熊本県熊本地方,32°29.1′N,130°35.6′E,10 km,0.7,---
2026/07/30,18:54:21.1,奄美大島北西沖,28°12.1′N,128°12.8′E,14 km,1.5,---
2026/07/30,18:55:14.8,熊本県熊本地方,32°38.1′N,130°42.8′E,7 km,0.6,---
2026/07/30,18:55:32.7,奄美大島近海,28°16.6′N,129°27.3′E,9 km,1.1,---
2026/07/30,18:55:37.4,岩手県沖,40°03.5′N,142°04.0′E,39 km,1.0,---
2026/07/30,18:56:29.2,熊本県熊本地方,32°46.7′N,130°49.3′E,6 km,0.3,---
2026/07/30,18:57:15.3,熊本県熊本地方,32°32.2′N,130°36.2′E,11 km,0.9,---
2026/07/30,18:57:15.9,天草灘,31°58.6′N,130°11.3′E,3 km,0.3,---
2026/07/30,18:57:35.1,熊本県熊本地方,32°43.7′N,130°46.5′E,11 km,2.6,---
2026/07/30,18:58:43.5,熊本県天草・芦北地方,32°28.0′N,130°32.5′E,12 km,0.6,---
2026/07/30,18:59:03.9,熊本県天草・芦北地方,32°12.4′N,130°24.9′E,7 km,不明,---
2026/07/30,18:59:41.5,熊本県熊本地方,32°35.9′N,130°42.5′E,9 km,0.2,---
2026/07/30,19:00:11.7,福島県沖,37°19.5′N,142°10.3′E,22 km,1.1,---
2026/07/30,19:00:17.9,熊本県熊本地方,32°38.0′N,130°42.7′E,11 km,0.6,---
2026/07/30,19:01:12.6,熊本県熊本地方,32°32.9′N,130°36.6′E,11 km,0.8,---
2026/07/30,19:01:51.8,熊本県天草・芦北地方,32°28.8′N,130°34.7′E,9 km,1.3,---
2026/07/30,19:02:22.7,岩手県内陸南部,39°01.0′N,140°51.7′E,7 km,0.3,---
2026/07/30,19:02:26.6,熊本県天草・芦北地方,32°22.7′N,130°29.4′E,9 km,0.5,---
2026/07/30,19:02:35.0,岩手県沿岸北部,39°56.8′N,141°54.6′E,61 km,0.5,---
2026/07/30,19:02:49.9,種子島南東沖,30°28.1′N,131°25.1′E,42 km,1.6,---
2026/07/30,19:03:39.4,熊本県熊本地方,32°44.0′N,130°46.3′E,10 km,0.2,---
2026/07/30,19:04:03.9,与那国島近海,24°04.2′N,122°44.4′E,16 km,1.6,---
2026/07/30,19:04:26.3,熊本県熊本地方,32°33.5′N,130°39.9′E,7 km,1.7,---
2026/07/30,19:04:41.6,能登半島沖,37°16.7′N,136°42.7′E,11 km,不明,---
2026/07/30,19:04:47.1,三陸沖,39°42.9′N,143°12.5′E,14 km,1.0,---
2026/07/30,19:04:48.7,伊予灘,33°36.6′N,132°22.2′E,46 km,0.5,---
2026/07/30,19:05:05.9,三陸沖,39°28.5′N,143°23.9′E,9 km,1.0,---
2026/07/30,19:05:41.4,熊本県熊本地方,32°43.8′N,130°46.6′E,10 km,0.4,---
2026/07/30,19:06:12.4,熊本県熊本地方,32°43.9′N,130°47.4′E,9 km,0.5,---
2026/07/30,19:06:40.5,五島列島近海,32°43.8′N,129°49.3′E,11 km,-0.4,---
2026/07/30,19:08:18.1,宮城県北部,38°53.2′N,140°51.9′E,9 km,0.8,---
2026/07/30,19:09:44.8,熊本県熊本地方,32°41.4′N,130°45.6′E,8 km,1.9,---
2026/07/30,19:10:02.6,秋田県内陸北部,39°58.7′N,140°32.7′E,5 km,0.7,---
2026/07/30,19:10:11.9,熊本県熊本地方,32°30.3′N,130°35.1′E,7 km,1.2,---
2026/07/30,19:10:47.2,熊本県熊本地方,32°32.3′N,130°36.6′E,12 km,2.1,---
2026/07/30,19:11:14.4,紀伊水道,34°08.2′N,135°07.0′E,6 km,0.6,---
2026/07/30,19:12:09.4,熊本県熊本地方,32°31.4′N,130°36.2′E,9 km,2.6,---
2026/07/30,19:13:44.7,熊本県天草・芦北地方,32°17.6′N,130°27.1′E,3 km,1.6,---
2026/07/30,19:14:25.4,熊本県熊本地方,32°39.9′N,130°42.7′E,13 km,0.9,---
2026/07/30,19:15:11.0,熊本県熊本地方,32°33.8′N,130°37.8′E,13 km,0.4,---
2026/07/30,19:15:30.2,熊本県熊本地方,32°37.4′N,130°41.6′E,9 km,0.3,---
2026/07/30,19:16:05.8,熊本県天草・芦北地方,32°24.3′N,130°27.3′E,11 km,1.0,---
2026/07/30,19:17:21.3,熊本県熊本地方,32°34.2′N,130°38.1′E,13 km,1.5,---
2026/07/30,19:17:40.3,秋田県内陸北部,39°58.6′N,140°33.1′E,3 km,0.2,---
2026/07/30,19:18:54.1,熊本県熊本地方,32°38.2′N,130°43.9′E,11 km,0.4,---
2026/07/30,19:19:10.6,熊本県天草・芦北地方,32°27.6′N,130°32.7′E,11 km,0.6,---
2026/07/30,19:19:28.6,熊本県天草・芦北地方,32°29.7′N,130°31.4′E,9 km,0.9,---
2026/07/30,19:19:51.7,熊本県熊本地方,32°29.9′N,130°35.2′E,6 km,1.5,---
2026/07/30,19:20:39.5,関東東方沖,36°15.5′N,143°14.6′E,12 km,1.6,---
2026/07/30,19:20:50.1,熊本県熊本地方,32°39.9′N,130°42.5′E,12 km,0.3,---
2026/07/30,19:21:20.0,熊本県熊本地方,32°35.1′N,130°38.8′E,13 km,0.7,---
2026/07/30,19:21:53.8,熊本県天草・芦北地方,32°35.2′N,130°36.4′E,15 km,1.0,---
2026/07/30,19:22:16.6,伊勢湾,35°00.5′N,136°50.4′E,16 km,1.3,---
2026/07/30,19:24:30.3,熊本県熊本地方,32°34.0′N,130°40.3′E,5 km,1.4,---
2026/07/30,19:25:29.8,熊本県熊本地方,32°35.7′N,130°38.0′E,15 km,2.3,---
2026/07/30,19:27:29.2,京都府南部,35°03.5′N,135°50.5′E,12 km,0.6,---
2026/07/30,19:27:38.3,熊本県熊本地方,32°44.7′N,130°48.1′E,10 km,0.0,---
2026/07/30,19:29:30.1,熊本県天草・芦北地方,32°26.9′N,130°33.7′E,1 km,0.9,---
2026/07/30,19:30:37.9,熊本県熊本地方,32°39.2′N,130°46.7′E,10 km,-0.3,---
2026/07/30,19:31:16.2,熊本県天草・芦北地方,32°28.5′N,130°31.6′E,9 km,0.2,---
2026/07/30,19:33:17.7,熊本県熊本地方,32°39.0′N,130°44.3′E,6 km,-0.2,---
2026/07/30,19:33:59.0,熊本県熊本地方,32°29.6′N,130°35.9′E,0 km,2.0,---
2026/07/30,19:34:33.6,熊本県天草・芦北地方,32°26.1′N,130°31.7′E,3 km,1.4,---
2026/07/30,19:34:52.7,熊本県天草・芦北地方,32°22.0′N,130°27.4′E,7 km,0.7,---
2026/07/30,19:34:54.8,熊本県熊本地方,32°40.5′N,130°44.3′E,9 km,0.8,---
2026/07/30,19:35:36.0,熊本県天草・芦北地方,32°29.2′N,130°31.5′E,13 km,0.2,---
2026/07/30,19:35:55.9,熊本県天草・芦北地方,32°29.2′N,130°31.6′E,10 km,0.7,---
2026/07/30,19:37:13.8,熊本県熊本地方,32°39.3′N,130°43.6′E,9 km,2.0,---
2026/07/30,19:37:50.8,熊本県天草・芦北地方,32°27.1′N,130°33.3′E,7 km,0.7,---
2026/07/30,19:38:04.1,大分県中部,33°15.3′N,131°19.0′E,8 km,0.6,---
2026/07/30,19:38:31.8,和歌山県北部,33°50.1′N,135°15.3′E,44 km,0.3,---
2026/07/30,19:38:58.4,大分県南部,32°47.5′N,131°35.1′E,66 km,0.6,---
2026/07/30,19:39:11.6,新潟県上中越沖,37°45.6′N,138°40.6′E,15 km,1.0,---
2026/07/30,19:39:34.4,熊本県熊本地方,32°30.7′N,130°34.2′E,9 km,1.2,---
2026/07/30,19:40:12.2,青森県下北地方,41°09.1′N,140°47.7′E,8 km,0.3,---
2026/07/30,19:41:25.2,熊本県天草・芦北地方,32°28.3′N,130°32.1′E,7 km,0.8,---
2026/07/30,19:41:27.9,宮城県沖,38°52.4′N,141°39.9′E,67 km,1.7,---
2026/07/30,19:42:13.5,熊本県天草・芦北地方,32°25.8′N,130°31.1′E,5 km,0.2,---
2026/07/30,19:42:27.7,熊本県熊本地方,32°34.2′N,130°39.1′E,7 km,0.4,---
2026/07/30,19:42:57.6,宮城県沖,38°25.2′N,141°58.0′E,58 km,0.8,---
2026/07/30,19:43:04.9,熊本県天草・芦北地方,32°24.1′N,130°26.9′E,10 km,1.0,---
2026/07/30,19:43:33.2,熊本県熊本地方,32°41.4′N,130°42.5′E,16 km,0.5,---
2026/07/30,19:43:50.2,茨城県沖,36°34.9′N,141°05.2′E,27 km,0.7,---
2026/07/30,19:44:37.3,熊本県熊本地方,32°40.0′N,130°45.3′E,7 km,0.4,---
2026/07/30,19:44:57.4,熊本県天草・芦北地方,32°10.8′N,130°30.9′E,8 km,0.7,---
2026/07/30,19:45:44.5,熊本県天草・芦北地方,32°29.3′N,130°31.1′E,10 km,0.6,---
2026/07/30,19:46:28.3,熊本県天草・芦北地方,32°12.5′N,130°22.0′E,8 km,1.1,---
2026/07/30,19:46:51.5,熊本県天草・芦北地方,32°23.5′N,130°31.3′E,12 km,0.7,---
2026/07/30,19:46:57.3,岩手県沖,39°24.0′N,142°20.9′E,38 km,1.2,---
2026/07/30,19:47:32.9,天草灘,31°58.4′N,130°10.4′E,3 km,0.8,---
2026/07/30,19:47:56.7,熊本県熊本地方,32°40.4′N,130°41.6′E,14 km,1.3,---
2026/07/30,19:48:17.1,熊本県天草・芦北地方,32°28.3′N,130°33.9′E,3 km,1.0,---
2026/07/30,19:49:30.9,熊本県熊本地方,32°38.3′N,130°43.2′E,10 km,0.3,---
2026/07/30,19:50:08.2,熊本県熊本地方,32°33.7′N,130°38.7′E,5 km,1.0,---
2026/07/30,19:53:07.4,熊本県熊本地方,32°28.1′N,130°35.3′E,0 km,1.4,---
2026/07/30,19:53:33.3,熊本県熊本地方,32°32.1′N,130°35.9′E,7 km,1.1,---
2026/07/30,19:53:38.4,十勝地方北部,43°22.3′N,142°45.4′E,7 km,1.1,---
2026/07/30,19:54:17.4,熊本県熊本地方,32°33.6′N,130°37.8′E,12 km,0.5,---
2026/07/30,19:55:20.7,熊本県熊本地方,32°33.6′N,130°41.0′E,8 km,0.3,---
2026/07/30,19:56:09.6,熊本県熊本地方,32°38.6′N,130°44.1′E,8 km,1.1,---
2026/07/30,19:57:15.9,熊本県熊本地方,32°40.5′N,130°42.6′E,16 km,0.1,---
2026/07/30,19:57:44.7,熊本県天草・芦北地方,32°23.2′N,130°29.3′E,9 km,1.6,---
2026/07/30,19:59:05.2,熊本県熊本地方,32°25.4′N,130°34.3′E,0 km,2.5,---
2026/07/30,20:00:48.6,熊本県熊本地方,32°37.7′N,130°43.0′E,6 km,0.5,---
2026/07/30,20:01:05.1,島根県東部,35°07.1′N,132°42.7′E,8 km,0.3,---
2026/07/30,20:01:20.7,熊本県熊本地方,32°36.3′N,130°41.2′E,7 km,0.7,---
2026/07/30,20:01:36.8,大分県中部,33°15.8′N,131°19.3′E,10 km,0.4,---
2026/07/30,20:01:45.0,熊本県天草・芦北地方,32°28.0′N,130°31.5′E,8 km,0.6,---
2026/07/30,20:02:18.7,千葉県南東沖,34°39.4′N,140°15.4′E,59 km,2.2,---
2026/07/30,20:02:51.1,熊本県熊本地方,32°31.5′N,130°35.9′E,12 km,0.6,---
2026/07/30,20:03:12.8,熊本県熊本地方,32°30.0′N,130°34.5′E,9 km,1.1,---
2026/07/30,20:03:56.8,長野県中部,36°15.3′N,137°48.3′E,5 km,0.0,---
2026/07/30,20:03:59.6,熊本県熊本地方,32°30.2′N,130°35.0′E,13 km,1.1,---
2026/07/30,20:04:02.8,長野県中部,36°14.9′N,137°47.9′E,3 km,-0.3,---
2026/07/30,20:04:10.4,三陸沖,40°11.5′N,143°12.0′E,6 km,1.2,---
2026/07/30,20:04:27.9,熊本県熊本地方,32°30.6′N,130°35.3′E,13 km,1.3,---
2026/07/30,20:04:48.2,熊本県天草・芦北地方,32°26.2′N,130°32.1′E,1 km,1.3,---
2026/07/30,20:05:29.0,岩手県沖,40°11.0′N,142°45.0′E,12 km,1.1,---
2026/07/30,20:05:40.9,十勝地方北部,43°22.0′N,142°45.7′E,8 km,0.7,---
2026/07/30,20:05:44.6,奄美大島近海,27°38.5′N,128°47.3′E,16 km,0.6,---
2026/07/30,20:05:49.0,熊本県天草・芦北地方,32°29.5′N,130°32.5′E,7 km,0.5,---
2026/07/30,20:06:00.0,石川県能登地方,37°10.0′N,136°50.1′E,13 km,0.9,---
2026/07/30,20:06:30.4,熊本県熊本地方,32°37.1′N,130°42.2′E,6 km,-0.2,---
2026/07/30,20:06:39.9,土佐湾,33°31.3′N,133°45.0′E,18 km,0.3,---
2026/07/30,20:06:42.1,和歌山県北部,34°06.7′N,135°10.2′E,10 km,-0.1,---
2026/07/30,20:07:04.5,石垣島近海,24°10.2′N,124°14.7′E,9 km,1.7,---
2026/07/30,20:09:10.1,熊本県熊本地方,32°29.8′N,130°36.6′E,1 km,0.2,---
2026/07/30,20:09:27.3,熊本県熊本地方,32°28.8′N,130°35.9′E,9 km,0.2,---
2026/07/30,20:09:52.7,熊本県熊本地方,32°29.7′N,130°34.8′E,10 km,2.8,---
2026/07/30,20:10:07.4,岐阜県美濃中西部,35°25.3′N,136°46.4′E,10 km,0.9,---
2026/07/30,20:10:37.7,和歌山県北部,34°05.2′N,135°19.5′E,7 km,0.0,---
2026/07/30,20:11:46.2,熊本県熊本地方,32°32.9′N,130°39.8′E,5 km,0.7,---
2026/07/30,20:12:29.4,熊本県熊本地方,32°38.4′N,130°42.1′E,13 km,0.4,---
2026/07/30,20:13:03.6,熊本県天草・芦北地方,32°24.6′N,130°28.9′E,8 km,0.6,---
2026/07/30,20:13:49.4,熊本県熊本地方,32°30.7′N,130°36.7′E,10 km,0.3,---
2026/07/30,20:14:45.5,熊本県熊本地方,32°47.1′N,130°47.6′E,12 km,0.4,---
2026/07/30,20:14:55.4,十勝地方北部,43°22.3′N,142°45.0′E,8 km,1.5,---
2026/07/30,20:15:37.3,熊本県天草・芦北地方,32°29.9′N,130°32.2′E,9 km,0.9,---
2026/07/30,20:15:50.2,熊本県熊本地方,32°31.3′N,130°35.4′E,9 km,2.0,---
2026/07/30,20:16:31.9,熊本県熊本地方,32°47.6′N,130°48.5′E,9 km,2.3,---
2026/07/30,20:16:42.4,長野県中部,36°09.5′N,137°59.7′E,10 km,-0.3,---
2026/07/30,20:17:09.4,熊本県天草・芦北地方,32°28.7′N,130°31.4′E,11 km,3.8,---
2026/07/30,20:17:18.3,岐阜県美濃中西部,35°44.7′N,136°20.7′E,11 km,0.3,---
2026/07/30,20:17:58.7,茨城県北部,36°45.4′N,140°34.0′E,8 km,-0.1,---
2026/07/30,20:18:36.1,岩手県沖,40°19.5′N,142°16.3′E,43 km,1.1,---
2026/07/30,20:18:41.0,熊本県熊本地方,32°41.0′N,130°44.9′E,11 km,1.1,---
2026/07/30,20:19:59.3,熊本県熊本地方,32°39.6′N,130°43.1′E,11 km,0.5,---
2026/07/30,20:20:41.1,熊本県熊本地方,32°31.5′N,130°34.4′E,13 km,3.5,---
2026/07/30,20:22:57.8,熊本県熊本地方,32°32.7′N,130°37.2′E,7 km,1.1,---
2026/07/30,20:23:20.1,熊本県天草・芦北地方,32°28.1′N,130°33.2′E,6 km,0.8,---
2026/07/30,20:23:42.7,熊本県熊本地方,32°35.9′N,130°38.7′E,15 km,0.4,---
2026/07/30,20:23:50.3,秋田県内陸北部,39°58.6′N,140°33.1′E,2 km,0.2,---
2026/07/30,20:24:20.3,熊本県熊本地方,32°31.2′N,130°36.3′E,9 km,0.7,---
2026/07/30,20:24:57.7,熊本県天草・芦北地方,32°27.7′N,130°33.0′E,5 km,0.8,---
2026/07/30,20:26:03.9,熊本県天草・芦北地方,32°28.7′N,130°31.3′E,10 km,2.1,---
2026/07/30,20:26:52.7,熊本県熊本地方,32°30.4′N,130°36.2′E,1 km,0.3,---
2026/07/30,20:27:18.3,茨城県沖,36°28.5′N,142°15.2′E,5 km,1.4,---
2026/07/30,20:27:50.8,熊本県熊本地方,32°33.5′N,130°37.4′E,14 km,0.9,---
2026/07/30,20:28:12.3,熊本県天草・芦北地方,32°28.1′N,130°33.7′E,1 km,1.4,---
2026/07/30,20:28:44.0,熊本県天草・芦北地方,32°27.4′N,130°32.8′E,10 km,0.5,---
2026/07/30,20:29:38.0,栃木県北部,36°51.2′N,139°46.5′E,6 km,1.6,---
2026/07/30,20:31:02.2,栃木県北部,36°51.6′N,139°47.2′E,6 km,0.0,---
2026/07/30,20:32:19.3,熊本県天草・芦北地方,32°25.4′N,130°31.3′E,3 km,1.3,---
2026/07/30,20:35:23.5,根室半島南東沖,42°51.9′N,145°50.7′E,29 km,2.0,---
2026/07/30,20:35:33.4,青森県西方沖,40°40.6′N,139°12.1′E,23 km,1.6,---
2026/07/30,20:35:34.1,熊本県天草・芦北地方,32°17.3′N,130°24.7′E,11 km,1.8,---
2026/07/30,20:36:12.5,熊本県熊本地方,32°30.5′N,130°35.5′E,11 km,0.6,---
2026/07/30,20:37:06.0,熊本県天草・芦北地方,32°28.8′N,130°31.2′E,10 km,1.6,---
2026/07/30,20:37:35.6,熊本県熊本地方,32°33.3′N,130°36.9′E,13 km,1.1,---
2026/07/30,20:38:21.2,大分県中部,33°15.3′N,131°18.6′E,10 km,0.6,---
2026/07/30,20:39:10.4,熊本県熊本地方,32°32.3′N,130°36.1′E,6 km,1.5,---
2026/07/30,20:39:31.9,熊本県熊本地方,32°30.7′N,130°34.4′E,10 km,1.0,---
2026/07/30,20:39:33.4,熊本県熊本地方,32°29.5′N,130°35.1′E,9 km,不明,---
2026/07/30,20:40:44.3,宮城県沖,38°12.6′N,142°19.2′E,34 km,1.5,---
2026/07/30,20:41:08.5,熊本県熊本地方,32°34.3′N,130°40.5′E,6 km,1.3,---
2026/07/30,20:41:27.1,大分県中部,33°15.4′N,131°18.8′E,8 km,1.1,---
2026/07/30,20:41:41.9,熊本県熊本地方,32°36.0′N,130°41.0′E,5 km,1.9,---
2026/07/30,20:42:34.3,岩手県内陸南部,39°03.5′N,140°51.9′E,8 km,0.3,---
2026/07/30,20:42:42.5,熊本県天草・芦北地方,32°27.8′N,130°33.7′E,10 km,1.2,---
2026/07/30,20:43:07.3,熊本県熊本地方,32°38.9′N,130°41.8′E,13 km,2.0,---
2026/07/30,20:43:35.1,茨城県南部,36°03.1′N,139°56.1′E,44 km,1.1,---
2026/07/30,20:43:47.9,熊本県熊本地方,32°34.1′N,130°37.7′E,10 km,0.8,---
2026/07/30,20:44:16.6,薩摩半島西方沖,31°40.6′N,130°05.2′E,11 km,0.9,---
2026/07/30,20:45:06.7,熊本県天草・芦北地方,32°11.2′N,130°22.9′E,3 km,1.2,---
2026/07/30,20:46:27.4,大分県中部,33°15.4′N,131°18.7′E,8 km,0.4,---
2026/07/30,20:46:54.9,大分県中部,33°15.5′N,131°18.8′E,9 km,0.5,---
2026/07/30,20:47:48.9,熊本県熊本地方,32°40.6′N,130°44.3′E,10 km,1.4,---
2026/07/30,20:51:11.7,福島県沖,37°07.3′N,141°06.2′E,69 km,3.7,---
2026/07/30,20:52:01.6,熊本県熊本地方,32°33.5′N,130°37.2′E,14 km,1.6,---
2026/07/30,20:53:04.2,熊本県天草・芦北地方,32°11.2′N,130°23.2′E,4 km,0.6,---
2026/07/30,20:54:12.7,奄美大島北西沖,28°30.6′N,128°17.3′E,17 km,1.8,---
2026/07/30,20:57:00.3,秋田県沖,40°25.8′N,139°09.7′E,22 km,1.6,---
2026/07/30,20:59:18.0,秋田県内陸北部,39°58.8′N,140°32.8′E,4 km,0.3,---
2026/07/30,20:59:43.2,滋賀県北部,35°33.0′N,136°14.3′E,9 km,0.4,---
2026/07/30,20:59:48.9,熊本県天草・芦北地方,32°24.1′N,130°29.7′E,6 km,0.2,---
2026/07/30,21:00:00.7,茨城県北部,36°41.9′N,140°34.5′E,10 km,1.0,---
2026/07/30,21:00:03.2,沖縄本島北西沖,26°55.0′N,126°54.3′E,109 km,1.8,---
2026/07/30,21:00:25.8,熊本県熊本地方,32°39.4′N,130°46.5′E,9 km,1.1,---
2026/07/30,21:01:53.6,熊本県熊本地方,32°38.6′N,130°41.5′E,14 km,2.2,---
2026/07/30,21:02:29.3,熊本県熊本地方,32°36.4′N,130°43.5′E,3 km,0.9,---
2026/07/30,21:02:30.2,茨城県南部,36°06.1′N,139°54.1′E,47 km,0.9,---
2026/07/30,21:03:33.9,熊本県天草・芦北地方,32°31.9′N,130°33.9′E,15 km,2.4,---
2026/07/30,21:04:42.3,熊本県熊本地方,32°37.2′N,130°42.0′E,8 km,0.5,---
2026/07/30,21:05:19.0,熊本県熊本地方,32°32.6′N,130°36.5′E,13 km,0.7,---
2026/07/30,21:05:32.6,鹿児島県薩摩地方,32°11.8′N,130°10.1′E,7 km,0.6,---
2026/07/30,21:06:18.7,大分県中部,33°15.2′N,131°18.3′E,10 km,0.5,---
2026/07/30,21:06:23.6,熊本県熊本地方,32°31.4′N,130°34.5′E,5 km,0.5,---
2026/07/30,21:07:09.9,熊本県熊本地方,32°36.6′N,130°43.7′E,4 km,1.1,---
2026/07/30,21:08:05.8,熊本県熊本地方,32°42.9′N,130°47.1′E,13 km,0.4,---
2026/07/30,21:08:17.0,熊本県熊本地方,32°43.4′N,130°46.3′E,11 km,0.7,---
2026/07/30,21:09:23.1,石垣島近海,24°55.3′N,124°02.9′E,5 km,0.9,---
2026/07/30,21:09:28.0,熊本県熊本地方,32°40.1′N,130°41.2′E,15 km,0.7,---
2026/07/30,21:11:08.5,熊本県熊本地方,32°34.3′N,130°40.5′E,7 km,1.7,---
2026/07/30,21:12:05.8,三陸沖,38°15.4′N,144°58.5′E,35 km,1.5,---
2026/07/30,21:12:11.9,熊本県天草・芦北地方,32°22.5′N,130°29.3′E,7 km,0.3,---
2026/07/30,21:12:28.2,熊本県天草・芦北地方,32°27.7′N,130°34.6′E,7 km,2.2,---
2026/07/30,21:13:08.5,熊本県天草・芦北地方,32°25.5′N,130°31.6′E,12 km,1.1,---
2026/07/30,21:13:31.0,熊本県熊本地方,32°32.4′N,130°36.3′E,13 km,0.9,---
2026/07/30,21:14:29.5,福島県沖,37°12.0′N,141°56.0′E,27 km,1.0,---
2026/07/30,21:14:51.2,熊本県天草・芦北地方,32°28.1′N,130°33.3′E,11 km,0.8,---
2026/07/30,21:15:22.6,熊本県熊本地方,32°33.9′N,130°39.4′E,7 km,0.7,---
2026/07/30,21:15:56.2,熊本県天草・芦北地方,32°22.4′N,130°28.9′E,7 km,0.1,---
2026/07/30,21:16:30.1,熊本県熊本地方,32°33.8′N,130°39.4′E,8 km,0.8,---
2026/07/30,21:16:48.9,京都府南部,35°17.5′N,135°44.2′E,11 km,0.4,---
2026/07/30,21:17:05.4,熊本県熊本地方,32°37.6′N,130°41.8′E,9 km,0.4,---
2026/07/30,21:17:25.5,熊本県天草・芦北地方,32°25.6′N,130°31.7′E,0 km,0.5,---
2026/07/30,21:18:03.4,熊本県熊本地方,32°31.5′N,130°34.3′E,13 km,1.1,---
2026/07/30,21:18:57.6,熊本県天草・芦北地方,32°22.4′N,130°27.1′E,10 km,0.7,---
2026/07/30,21:19:15.3,熊本県熊本地方,32°40.9′N,130°44.1′E,11 km,0.7,---
2026/07/30,21:20:01.9,三陸沖,39°50.0′N,143°17.2′E,7 km,1.0,---
2026/07/30,21:20:03.5,熊本県熊本地方,32°38.4′N,130°43.7′E,10 km,0.9,---
2026/07/30,21:20:06.0,周防灘,33°43.3′N,131°23.1′E,17 km,1.3,---
2026/07/30,21:21:05.2,熊本県天草・芦北地方,32°28.8′N,130°34.9′E,6 km,0.5,---
2026/07/30,21:21:16.5,三陸沖,40°04.9′N,143°17.8′E,6 km,1.2,---
2026/07/30,21:21:43.2,熊本県熊本地方,32°38.1′N,130°43.7′E,8 km,1.0,---
2026/07/30,21:22:31.9,熊本県熊本地方,32°43.7′N,130°45.7′E,11 km,0.9,---
2026/07/30,21:23:15.9,熊本県熊本地方,32°30.7′N,130°36.1′E,7 km,1.1,---
2026/07/30,21:25:25.6,熊本県天草・芦北地方,32°09.8′N,130°27.5′E,7 km,-0.1,---
2026/07/30,21:25:41.4,熊本県熊本地方,32°33.1′N,130°35.9′E,14 km,1.1,---
2026/07/30,21:26:06.1,熊本県天草・芦北地方,32°26.4′N,130°32.6′E,6 km,0.5,---
2026/07/30,21:26:22.7,紀伊水道,33°41.1′N,135°10.2′E,41 km,1.7,---
2026/07/30,21:28:25.6,熊本県熊本地方,32°32.2′N,130°36.4′E,7 km,0.1,---
2026/07/30,21:29:37.9,熊本県天草・芦北地方,32°27.0′N,130°33.5′E,7 km,1.7,---
2026/07/30,21:31:26.2,熊本県天草・芦北地方,32°27.0′N,130°29.8′E,4 km,0.4,---
2026/07/30,21:31:34.9,熊本県天草・芦北地方,32°28.7′N,130°30.9′E,9 km,0.8,---
2026/07/30,21:31:49.1,熊本県熊本地方,32°34.2′N,130°39.4′E,6 km,1.1,---
2026/07/30,21:31:55.5,和歌山県南方沖,33°28.2′N,135°03.5′E,33 km,1.5,---
2026/07/30,21:32:32.9,熊本県熊本地方,32°40.6′N,130°42.2′E,13 km,1.2,---
2026/07/30,21:32:54.4,熊本県熊本地方,32°35.4′N,130°37.5′E,15 km,0.8,---
2026/07/30,21:33:12.7,熊本県熊本地方,32°31.5′N,130°34.2′E,12 km,2.4,---
2026/07/30,21:33:40.4,宮古島近海,24°49.9′N,125°18.6′E,40 km,0.8,---
2026/07/30,21:34:04.9,熊本県熊本地方,32°34.0′N,130°37.7′E,13 km,0.4,---
2026/07/30,21:34:35.9,熊本県熊本地方,32°47.6′N,130°48.4′E,9 km,1.6,---
2026/07/30,21:35:22.6,熊本県天草・芦北地方,32°29.1′N,130°31.9′E,10 km,1.3,---
2026/07/30,21:36:06.1,熊本県熊本地方,32°39.4′N,130°44.7′E,7 km,1.0,---
2026/07/30,21:36:24.3,台湾付近,23°44.0′N,121°47.0′E,37 km,2.5,---
2026/07/30,21:37:06.7,浦河沖,42°14.7′N,142°31.1′E,67 km,0.7,---
2026/07/30,21:37:24.3,大分県中部,33°15.1′N,131°19.5′E,9 km,-0.1,---
2026/07/30,21:37:46.0,豊後水道,33°24.9′N,132°20.3′E,41 km,0.6,---
2026/07/30,21:38:56.4,熊本県天草・芦北地方,32°28.0′N,130°32.7′E,13 km,2.0,---
2026/07/30,21:39:23.4,熊本県天草・芦北地方,32°28.8′N,130°32.3′E,5 km,1.1,---
2026/07/30,21:39:42.7,島根県西部,34°48.3′N,132°05.8′E,10 km,0.5,---
2026/07/30,21:39:56.7,有明海,32°47.6′N,130°28.8′E,6 km,0.4,---
2026/07/30,21:40:12.5,熊本県熊本地方,32°44.4′N,130°46.9′E,13 km,0.5,---
2026/07/30,21:40:47.2,熊本県熊本地方,32°39.0′N,130°44.7′E,8 km,0.1,---
2026/07/30,21:41:04.5,熊本県天草・芦北地方,32°27.2′N,130°33.6′E,1 km,0.7,---
2026/07/30,21:41:35.8,熊本県熊本地方,32°29.2′N,130°34.9′E,0 km,0.7,---
2026/07/30,21:42:13.3,熊本県熊本地方,32°30.5′N,130°35.9′E,12 km,1.1,---
2026/07/30,21:42:19.9,熊本県天草・芦北地方,32°23.3′N,130°31.4′E,12 km,1.2,---
2026/07/30,21:44:50.5,熊本県天草・芦北地方,32°31.4′N,130°33.8′E,11 km,0.9,---
2026/07/30,21:44:54.5,茨城県沖,36°14.4′N,140°57.4′E,43 km,1.5,---
2026/07/30,21:45:15.7,岩手県内陸南部,39°19.6′N,141°05.5′E,97 km,0.5,---
2026/07/30,21:45:19.4,熊本県熊本地方,32°34.0′N,130°40.6′E,6 km,0.5,---
2026/07/30,21:45:57.1,奄美大島北西沖,28°30.5′N,128°17.5′E,17 km,1.6,---
2026/07/30,21:47:05.4,神奈川県東部,35°21.6′N,139°29.1′E,132 km,1.4,---
2026/07/30,21:47:15.2,熊本県天草・芦北地方,32°11.3′N,130°23.2′E,3 km,0.3,---
2026/07/30,21:47:34.0,大分県中部,33°15.0′N,131°19.4′E,9 km,0.0,---
2026/07/30,21:47:57.1,熊本県天草・芦北地方,32°27.0′N,130°33.7′E,0 km,0.4,---
2026/07/30,21:50:19.0,熊本県天草・芦北地方,32°28.7′N,130°31.0′E,9 km,0.4,---
2026/07/30,21:50:46.4,熊本県熊本地方,32°35.1′N,130°39.1′E,11 km,0.8,---
2026/07/30,21:50:58.2,熊本県熊本地方,32°34.3′N,130°40.6′E,4 km,1.6,---
2026/07/30,21:52:01.6,宮城県沖,38°41.6′N,142°14.7′E,41 km,1.0,---
2026/07/30,21:52:43.7,福島県沖,37°28.8′N,141°35.1′E,45 km,1.6,---
2026/07/30,21:52:56.6,熊本県天草・芦北地方,32°26.6′N,130°33.9′E,4 km,0.6,---
2026/07/30,21:53:19.5,熊本県熊本地方,32°43.8′N,130°47.5′E,9 km,0.4,---
2026/07/30,21:54:29.3,熊本県天草・芦北地方,32°27.8′N,130°29.9′E,11 km,1.5,---
2026/07/30,21:55:14.3,熊本県熊本地方,32°40.7′N,130°44.6′E,8 km,0.6,---
2026/07/30,21:55:41.8,熊本県熊本地方,32°37.9′N,130°42.7′E,12 km,0.1,---
2026/07/30,21:55:59.6,宮城県沖,37°52.9′N,141°42.7′E,44 km,0.9,---
2026/07/30,21:56:23.8,熊本県天草・芦北地方,32°27.6′N,130°34.8′E,0 km,0.5,---
2026/07/30,21:56:27.2,大分県中部,33°15.1′N,131°19.7′E,9 km,0.1,---
2026/07/30,21:56:36.8,熊本県熊本地方,32°42.7′N,130°45.8′E,9 km,0.0,---
2026/07/30,21:56:58.2,熊本県熊本地方,32°31.8′N,130°35.3′E,4 km,0.1,---
2026/07/30,21:57:10.0,熊本県熊本地方,32°38.3′N,130°42.7′E,11 km,0.4,---
2026/07/30,21:57:44.8,熊本県熊本地方,32°33.8′N,130°39.5′E,8 km,0.4,---
2026/07/30,21:58:39.5,熊本県熊本地方,32°32.1′N,130°35.9′E,10 km,0.8,---
2026/07/30,21:59:09.8,青森県東方沖,40°56.5′N,142°56.6′E,18 km,1.2,---
2026/07/30,21:59:12.6,奄美大島北西沖,28°28.9′N,128°19.8′E,58 km,1.3,---
2026/07/30,21:59:27.8,熊本県天草・芦北地方,32°27.7′N,130°31.0′E,9 km,1.0,---
2026/07/30,22:00:17.0,熊本県熊本地方,32°32.5′N,130°39.4′E,6 km,0.5,---
2026/07/30,22:00:31.5,熊本県熊本地方,32°29.2′N,130°33.4′E,8 km,0.2,---
2026/07/30,22:01:23.7,熊本県熊本地方,32°37.2′N,130°43.2′E,5 km,0.3,---
2026/07/30,22:01:37.8,青森県東方沖,40°45.1′N,142°26.0′E,38 km,1.2,---
2026/07/30,22:01:53.7,熊本県天草・芦北地方,32°28.6′N,130°32.9′E,7 km,0.8,---
2026/07/30,22:02:04.9,熊本県熊本地方,32°40.0′N,130°43.3′E,6 km,0.3,---
2026/07/30,22:02:17.9,秋田県沖,39°29.2′N,139°59.8′E,178 km,不明,---
2026/07/30,22:02:40.1,熊本県熊本地方,32°34.8′N,130°38.6′E,9 km,0.8,---
2026/07/30,22:02:50.9,熊本県熊本地方,32°32.8′N,130°39.4′E,5 km,1.1,---
2026/07/30,22:03:37.4,長野県北部,36°23.5′N,137°37.3′E,4 km,0.3,---
2026/07/30,22:04:12.0,熊本県熊本地方,32°32.2′N,130°39.1′E,4 km,0.3,---
2026/07/30,22:04:36.9,熊本県天草・芦北地方,32°28.6′N,130°33.8′E,8 km,0.9,---
2026/07/30,22:06:07.3,長野県中部,36°06.2′N,137°37.7′E,10 km,0.2,---
2026/07/30,22:06:20.9,宮崎県南部山沿い,31°57.2′N,131°03.1′E,7 km,-0.6,---
2026/07/30,22:07:24.3,熊本県熊本地方,32°33.6′N,130°37.1′E,14 km,0.7,---
2026/07/30,22:08:34.7,鹿児島県薩摩地方,32°10.5′N,130°13.3′E,9 km,0.0,---
2026/07/30,22:09:17.3,熊本県天草・芦北地方,32°31.4′N,130°33.9′E,11 km,0.4,---
2026/07/30,22:10:06.8,熊本県熊本地方,32°32.2′N,130°36.4′E,11 km,1.2,---
2026/07/30,22:10:55.2,熊本県熊本地方,32°39.8′N,130°43.2′E,12 km,0.2,---
2026/07/30,22:11:15.6,熊本県天草・芦北地方,32°23.2′N,130°29.2′E,7 km,0.3,---
2026/07/30,22:11:40.4,熊本県天草・芦北地方,32°27.3′N,130°33.8′E,4 km,1.0,---
2026/07/30,22:12:01.8,熊本県熊本地方,32°39.3′N,130°41.3′E,13 km,1.1,---
2026/07/30,22:12:17.0,薩摩半島西方沖,31°54.5′N,130°11.1′E,2 km,0.8,---
2026/07/30,22:12:47.8,熊本県熊本地方,32°38.4′N,130°41.5′E,13 km,0.5,---
2026/07/30,22:13:18.6,熊本県天草・芦北地方,32°25.0′N,130°28.1′E,12 km,1.0,---
2026/07/30,22:13:54.8,熊本県天草・芦北地方,32°22.3′N,130°27.5′E,7 km,0.7,---
2026/07/30,22:14:19.9,薩摩半島西方沖,31°10.4′N,129°25.9′E,0 km,1.1,---
2026/07/30,22:14:27.7,岩手県沖,40°22.7′N,142°56.6′E,20 km,1.3,---
2026/07/30,22:15:21.0,福岡県筑後地方,33°02.1′N,130°30.7′E,9 km,0.9,---
2026/07/30,22:15:42.5,熊本県熊本地方,32°38.2′N,130°41.9′E,13 km,1.0,---
2026/07/30,22:16:17.0,熊本県熊本地方,32°32.8′N,130°39.5′E,6 km,0.9,---
2026/07/30,22:17:18.8,熊本県熊本地方,32°40.3′N,130°42.2′E,14 km,1.3,---
2026/07/30,22:17:35.5,熊本県熊本地方,32°40.6′N,130°42.1′E,14 km,2.2,---
2026/07/30,22:18:55.3,熊本県天草・芦北地方,32°23.1′N,130°28.6′E,4 km,-0.1,---
2026/07/30,22:19:34.5,熊本県熊本地方,32°44.8′N,130°47.5′E,9 km,-0.2,---
2026/07/30,22:20:00.2,熊本県熊本地方,32°35.0′N,130°38.4′E,10 km,0.2,---
2026/07/30,22:20:48.9,熊本県熊本地方,32°33.6′N,130°38.6′E,5 km,1.3,---
2026/07/30,22:22:17.9,熊本県熊本地方,32°28.6′N,130°35.5′E,0 km,1.1,---
2026/07/30,22:22:34.4,熊本県熊本地方,32°36.9′N,130°43.3′E,7 km,1.0,---
2026/07/30,22:22:54.4,熊本県熊本地方,32°38.4′N,130°43.8′E,8 km,0.6,---
2026/07/30,22:23:39.2,熊本県天草・芦北地方,32°23.8′N,130°29.7′E,6 km,0.2,---
2026/07/30,22:24:29.3,熊本県熊本地方,32°34.4′N,130°37.9′E,10 km,0.9,---
2026/07/30,22:25:49.1,鹿児島県薩摩地方,32°09.7′N,130°16.4′E,12 km,0.3,---
2026/07/30,22:26:05.6,熊本県熊本地方,32°32.4′N,130°36.0′E,11 km,0.7,---
2026/07/30,22:26:33.7,熊本県熊本地方,32°30.7′N,130°38.5′E,12 km,1.1,---
2026/07/30,22:26:43.2,釧路沖,42°22.7′N,144°35.5′E,13 km,1.9,---
2026/07/30,22:26:49.1,熊本県天草・芦北地方,32°28.6′N,130°32.9′E,8 km,0.7,---
2026/07/30,22:27:57.6,熊本県熊本地方,32°31.4′N,130°36.5′E,5 km,0.6,---
2026/07/30,22:29:10.3,熊本県天草・芦北地方,32°27.2′N,130°32.9′E,9 km,1.4,---
2026/07/30,22:29:32.1,熊本県天草・芦北地方,32°30.9′N,130°32.4′E,11 km,0.9,---
2026/07/30,22:30:09.2,熊本県天草・芦北地方,32°27.9′N,130°32.5′E,0 km,0.2,---
2026/07/30,22:31:08.2,岩手県沖,39°37.4′N,142°48.8′E,24 km,1.2,---
2026/07/30,22:31:14.4,熊本県天草・芦北地方,32°27.8′N,130°32.1′E,16 km,0.7,---
2026/07/30,22:32:31.2,熊本県天草・芦北地方,32°27.9′N,130°33.9′E,8 km,0.2,---
2026/07/30,22:33:20.4,宮崎県北部平野部,32°25.3′N,131°31.2′E,13 km,0.2,---
2026/07/30,22:33:24.6,福島県沖,37°49.3′N,141°36.9′E,48 km,0.8,---
2026/07/30,22:34:43.8,熊本県熊本地方,32°34.1′N,130°37.9′E,16 km,0.7,---
2026/07/30,22:35:42.4,熊本県熊本地方,32°31.0′N,130°35.5′E,12 km,0.3,---
2026/07/30,22:36:01.6,十勝地方北部,43°22.4′N,142°45.7′E,8 km,0.6,---
2026/07/30,22:36:14.5,神奈川県西部,35°24.2′N,139°17.3′E,20 km,0.4,---
2026/07/30,22:36:28.6,熊本県天草・芦北地方,32°28.8′N,130°33.0′E,1 km,0.7,---
2026/07/30,22:36:50.0,熊本県天草・芦北地方,32°27.2′N,130°33.8′E,0 km,0.5,---
2026/07/30,22:38:00.1,熊本県天草・芦北地方,32°26.9′N,130°33.7′E,1 km,0.7,---
2026/07/30,22:38:43.4,熊本県熊本地方,32°30.1′N,130°35.5′E,11 km,0.4,---
2026/07/30,22:39:01.3,島根県西部,35°03.3′N,132°31.5′E,9 km,0.6,---
2026/07/30,22:39:22.0,山口県北部,34°27.2′N,131°34.2′E,5 km,0.2,---
2026/07/30,22:39:24.0,熊本県熊本地方,32°25.7′N,130°33.0′E,15 km,0.2,---
2026/07/30,22:40:15.8,熊本県熊本地方,32°40.4′N,130°45.0′E,11 km,0.6,---
2026/07/30,22:41:00.7,熊本県天草・芦北地方,32°22.9′N,130°29.2′E,7 km,0.4,---
2026/07/30,22:41:28.9,熊本県熊本地方,32°42.6′N,130°46.3′E,11 km,0.5,---
2026/07/30,22:41:36.5,岐阜県美濃中西部,35°21.5′N,136°29.6′E,14 km,0.4,---
2026/07/30,22:42:16.0,熊本県天草・芦北地方,32°26.8′N,130°32.1′E,4 km,1.4,---
2026/07/30,22:42:25.2,熊本県熊本地方,32°29.2′N,130°33.8′E,9 km,1.2,---
2026/07/30,22:42:57.7,熊本県熊本地方,32°29.3′N,130°34.6′E,9 km,1.4,---
2026/07/30,22:43:10.7,福島県沖,37°49.4′N,141°36.7′E,49 km,1.1,---
2026/07/30,22:43:29.8,長野県南部,35°51.2′N,137°39.3′E,8 km,-0.5,---
2026/07/30,22:43:55.2,福島県沖,37°49.9′N,141°36.7′E,46 km,0.9,---
2026/07/30,22:44:08.2,熊本県熊本地方,32°41.3′N,130°43.6′E,14 km,0.7,---
2026/07/30,22:45:17.2,奈良県,33°57.3′N,135°51.5′E,42 km,-0.1,---
2026/07/30,22:45:38.0,熊本県天草・芦北地方,32°28.3′N,130°33.6′E,11 km,1.1,---
2026/07/30,22:45:49.2,熊本県熊本地方,32°41.6′N,130°43.1′E,14 km,0.7,---
2026/07/30,22:46:03.1,和歌山県南部,33°42.8′N,135°30.1′E,16 km,0.0,---
2026/07/30,22:46:12.8,胆振地方西部,42°40.2′N,140°43.9′E,8 km,0.2,---
2026/07/30,22:47:26.5,大分県中部,33°14.9′N,131°19.8′E,6 km,0.2,---
2026/07/30,22:47:40.2,熊本県熊本地方,32°40.5′N,130°40.8′E,18 km,4.8,---
2026/07/30,22:48:20.2,奄美大島北西沖,28°14.6′N,128°09.3′E,14 km,1.5,---
2026/07/30,22:52:54.9,熊本県熊本地方,32°24.5′N,130°33.6′E,2 km,0.4,---
2026/07/30,22:53:33.7,熊本県天草・芦北地方,32°27.7′N,130°34.2′E,4 km,0.7,---
2026/07/30,22:54:21.9,福島県沖,37°08.8′N,141°34.2′E,38 km,1.4,---
2026/07/30,22:54:27.3,熊本県天草・芦北地方,32°28.5′N,130°30.5′E,8 km,1.1,---
2026/07/30,22:55:15.6,熊本県熊本地方,32°40.0′N,130°40.5′E,16 km,0.2,---
2026/07/30,22:55:28.5,熊本県熊本地方,32°36.8′N,130°44.0′E,6 km,1.9,---
2026/07/30,22:55:41.3,大分県中部,33°15.6′N,131°18.8′E,9 km,1.2,---
2026/07/30,22:56:24.2,大分県中部,33°15.5′N,131°19.2′E,9 km,1.1,---
2026/07/30,22:56:28.8,熊本県熊本地方,32°30.0′N,130°34.9′E,11 km,1.1,---
2026/07/30,22:57:38.2,熊本県熊本地方,32°39.3′N,130°42.5′E,14 km,0.2,---
2026/07/30,22:57:50.3,熊本県熊本地方,32°37.4′N,130°43.7′E,11 km,0.2,---
2026/07/30,22:58:23.9,熊本県熊本地方,32°35.1′N,130°40.9′E,0 km,0.2,---
2026/07/30,22:58:47.0,熊本県熊本地方,32°41.1′N,130°40.3′E,16 km,0.4,---
2026/07/30,22:59:28.7,熊本県天草・芦北地方,32°23.0′N,130°29.3′E,7 km,0.5,---
2026/07/30,22:59:40.3,茨城県沖,36°21.7′N,141°08.3′E,36 km,1.2,---
2026/07/30,22:59:45.0,熊本県熊本地方,32°40.4′N,130°40.2′E,17 km,0.5,---
2026/07/30,23:00:59.3,熊本県熊本地方,32°43.2′N,130°46.3′E,7 km,0.7,---
2026/07/30,23:02:58.8,岩手県沖,40°18.3′N,142°30.7′E,40 km,0.8,---
2026/07/30,23:03:09.6,熊本県熊本地方,32°29.5′N,130°38.7′E,10 km,1.0,---
2026/07/30,23:04:30.9,熊本県熊本地方,32°41.3′N,130°44.8′E,9 km,0.9,---
2026/07/30,23:05:07.7,熊本県熊本地方,32°35.8′N,130°39.6′E,11 km,0.3,---
2026/07/30,23:06:09.9,熊本県熊本地方,32°40.3′N,130°40.6′E,17 km,0.4,---
2026/07/30,23:06:28.6,熊本県熊本地方,32°32.8′N,130°36.6′E,12 km,0.4,---
2026/07/30,23:08:00.5,熊本県熊本地方,32°43.6′N,130°46.1′E,10 km,-0.1,---
2026/07/30,23:08:34.4,熊本県熊本地方,32°33.8′N,130°37.4′E,13 km,0.7,---
2026/07/30,23:09:13.0,長野県中部,36°06.1′N,137°38.1′E,8 km,-0.1,---
2026/07/30,23:09:40.6,熊本県天草・芦北地方,32°29.4′N,130°31.5′E,13 km,1.2,---
2026/07/30,23:09:50.2,熊本県熊本地方,32°30.3′N,130°34.8′E,6 km,1.6,---
2026/07/30,23:10:01.1,熊本県天草・芦北地方,32°36.0′N,130°37.6′E,13 km,1.5,---
2026/07/30,23:10:23.1,十勝沖,41°12.1′N,143°35.8′E,24 km,2.5,---
2026/07/30,23:11:29.9,熊本県天草・芦北地方,32°22.4′N,130°28.6′E,9 km,0.1,---
2026/07/30,23:11:55.1,山口県中部,34°24.8′N,131°36.1′E,32 km,不明,---
2026/07/30,23:12:16.9,宮城県沖,38°15.5′N,142°34.1′E,25 km,1.6,---
2026/07/30,23:12:30.8,熊本県天草・芦北地方,32°14.0′N,130°30.0′E,3 km,0.4,---
2026/07/30,23:12:35.6,沖縄本島近海,26°16.7′N,129°24.4′E,32 km,2.0,---
2026/07/30,23:13:11.2,熊本県熊本地方,32°32.1′N,130°38.7′E,1 km,1.0,---
2026/07/30,23:13:59.8,新潟県上中越沖,37°39.1′N,137°34.6′E,13 km,1.5,---
2026/07/30,23:14:14.6,熊本県熊本地方,32°31.3′N,130°34.6′E,12 km,1.5,---
2026/07/30,23:15:12.6,熊本県熊本地方,32°35.3′N,130°41.5′E,8 km,1.7,---
2026/07/30,23:15:54.3,熊本県天草・芦北地方,32°27.1′N,130°33.8′E,9 km,不明,---
2026/07/30,23:16:39.5,熊本県天草・芦北地方,32°27.5′N,130°32.1′E,9 km,0.9,---
2026/07/30,23:17:18.4,国後島付近,44°15.0′N,145°47.4′E,159 km,2.3,---
2026/07/30,23:17:48.9,山口県北部,34°28.2′N,131°34.4′E,17 km,0.7,---
2026/07/30,23:18:11.5,熊本県熊本地方,32°36.0′N,130°41.2′E,9 km,0.7,---
2026/07/30,23:19:09.9,熊本県熊本地方,32°42.1′N,130°44.9′E,14 km,0.3,---
2026/07/30,23:19:59.1,熊本県熊本地方,32°39.4′N,130°42.2′E,12 km,0.4,---
2026/07/30,23:20:37.5,熊本県天草・芦北地方,32°15.1′N,130°25.3′E,7 km,0.9,---
2026/07/30,23:20:58.3,熊本県熊本地方,32°32.9′N,130°38.8′E,4 km,0.8,---
2026/07/30,23:20:58.8,秋田県内陸北部,39°58.7′N,140°32.8′E,4 km,0.3,---
2026/07/30,23:21:50.0,熊本県熊本地方,32°41.5′N,130°48.6′E,14 km,0.4,---
2026/07/30,23:22:11.3,岩手県内陸南部,39°01.0′N,140°51.5′E,7 km,0.2,---
2026/07/30,23:22:21.4,熊本県熊本地方,32°40.3′N,130°40.2′E,18 km,0.6,---
2026/07/30,23:22:37.0,山口県北部,34°28.2′N,131°34.3′E,16 km,1.2,---
2026/07/30,23:23:11.2,熊本県熊本地方,32°39.2′N,130°44.3′E,8 km,0.6,---
2026/07/30,23:23:31.0,熊本県熊本地方,32°38.9′N,130°42.9′E,13 km,0.7,---
2026/07/30,23:24:00.3,青森県東方沖,40°56.7′N,142°57.0′E,22 km,1.0,---
2026/07/30,23:24:02.2,熊本県熊本地方,32°34.2′N,130°38.0′E,7 km,0.1,---
2026/07/30,23:24:28.4,熊本県熊本地方,32°36.5′N,130°43.6′E,8 km,0.1,---
2026/07/30,23:24:48.0,熊本県熊本地方,32°35.6′N,130°38.3′E,13 km,0.4,---
2026/07/30,23:25:10.1,青森県東方沖,40°40.4′N,142°38.4′E,41 km,0.9,---
2026/07/30,23:25:36.3,熊本県天草・芦北地方,32°28.5′N,130°34.5′E,8 km,0.3,---
2026/07/30,23:26:04.8,熊本県天草・芦北地方,32°30.4′N,130°30.5′E,2 km,0.1,---
2026/07/30,23:26:29.4,熊本県熊本地方,32°34.1′N,130°39.6′E,8 km,0.1,---
2026/07/30,23:26:38.9,熊本県熊本地方,32°36.6′N,130°43.4′E,3 km,0.4,---
2026/07/30,23:26:49.6,熊本県熊本地方,32°32.4′N,130°35.5′E,5 km,0.9,---
2026/07/30,23:26:50.5,和歌山県北部,34°04.4′N,135°18.7′E,11 km,-0.2,---
2026/07/30,23:27:07.1,熊本県熊本地方,32°44.6′N,130°47.1′E,9 km,0.8,---
2026/07/30,23:27:38.0,熊本県天草・芦北地方,32°29.8′N,130°32.4′E,10 km,1.2,---
2026/07/30,23:27:50.7,熊本県熊本地方,32°32.7′N,130°40.1′E,7 km,2.8,---
2026/07/30,23:28:30.4,熊本県熊本地方,32°40.0′N,130°42.2′E,14 km,2.3,---
2026/07/30,23:29:42.3,熊本県天草・芦北地方,32°28.8′N,130°33.7′E,2 km,0.2,---
2026/07/30,23:30:44.3,奄美大島近海,28°53.0′N,129°33.6′E,12 km,1.3,---
2026/07/30,23:31:11.4,茨城県北部,36°45.2′N,140°34.4′E,9 km,-0.3,---
2026/07/30,23:31:46.3,和歌山県北部,34°04.0′N,135°21.4′E,9 km,-0.6,---
2026/07/30,23:32:04.1,山口県北部,34°28.0′N,131°34.5′E,16 km,0.7,---
2026/07/30,23:32:19.5,有明海,32°44.7′N,130°35.3′E,12 km,0.2,---
2026/07/30,23:32:42.0,熊本県天草・芦北地方,32°27.1′N,130°33.9′E,1 km,1.1,---
2026/07/30,23:32:53.7,熊本県熊本地方,32°30.5′N,130°35.2′E,12 km,1.6,---
2026/07/30,23:33:00.7,長野県北部,36°33.0′N,137°51.4′E,8 km,0.1,---
2026/07/30,23:33:45.6,熊本県熊本地方,32°31.3′N,130°34.6′E,12 km,0.5,---
2026/07/30,23:34:05.6,熊本県熊本地方,32°40.2′N,130°43.9′E,9 km,0.6,---
2026/07/30,23:34:24.1,熊本県熊本地方,32°32.7′N,130°39.1′E,8 km,0.9,---
2026/07/30,23:34:52.1,熊本県天草・芦北地方,32°28.5′N,130°32.3′E,9 km,0.0,---
2026/07/30,23:35:06.8,熊本県熊本地方,32°39.0′N,130°43.0′E,8 km,0.9,---
2026/07/30,23:37:24.0,熊本県熊本地方,32°36.8′N,130°43.6′E,5 km,1.2,---
2026/07/30,23:37:54.6,群馬県南部,36°22.9′N,139°09.4′E,13 km,0.8,---
2026/07/30,23:38:47.9,熊本県熊本地方,32°29.3′N,130°34.0′E,5 km,0.9,---
2026/07/30,23:39:32.5,熊本県熊本地方,32°35.4′N,130°39.8′E,11 km,0.7,---
2026/07/30,23:39:49.7,宮城県沖,38°00.1′N,142°00.1′E,38 km,1.6,---
2026/07/30,23:39:50.2,福島県沖,37°28.4′N,141°58.5′E,36 km,0.9,---
2026/07/30,23:41:10.3,和歌山県北部,34°12.3′N,135°11.4′E,8 km,0.3,---
2026/07/30,23:41:35.8,熊本県天草・芦北地方,32°24.0′N,130°29.3′E,9 km,0.3,---
2026/07/30,23:41:58.8,熊本県熊本地方,32°39.1′N,130°42.5′E,13 km,0.8,---
2026/07/30,23:42:32.4,熊本県天草・芦北地方,32°25.7′N,130°28.4′E,11 km,1.3,---
2026/07/30,23:42:40.1,熊本県天草・芦北地方,32°27.7′N,130°33.0′E,1 km,1.4,---
2026/07/30,23:42:57.7,石垣島近海,24°54.7′N,123°24.1′E,41 km,0.9,---
2026/07/30,23:43:30.9,奄美大島近海,28°53.4′N,129°32.3′E,16 km,0.9,---
2026/07/30,23:44:03.3,熊本県熊本地方,32°33.2′N,130°38.1′E,9 km,2.0,---
2026/07/30,23:45:03.1,大分県中部,33°15.3′N,131°19.3′E,9 km,0.1,---
2026/07/30,23:45:10.9,大分県中部,33°15.2′N,131°19.5′E,9 km,0.3,---
2026/07/30,23:45:33.2,熊本県熊本地方,32°35.9′N,130°40.6′E,10 km,1.1,---
2026/07/30,23:45:45.0,紀伊水道,33°50.8′N,134°58.6′E,10 km,0.0,---
2026/07/30,23:45:52.1,熊本県熊本地方,32°38.5′N,130°44.0′E,9 km,0.4,---
2026/07/30,23:46:31.0,熊本県熊本地方,32°38.7′N,130°44.5′E,9 km,0.2,---
2026/07/30,23:46:59.6,関東東方沖,35°11.5′N,142°20.1′E,24 km,2.2,---
2026/07/30,23:47:08.2,岩手県沿岸北部,39°51.8′N,141°46.3′E,69 km,1.7,---
2026/07/30,23:47:37.7,熊本県熊本地方,32°29.7′N,130°34.0′E,13 km,0.3,---
2026/07/30,23:48:32.8,和歌山県南部,33°42.2′N,135°35.6′E,39 km,0.3,---
2026/07/30,23:48:40.8,熊本県熊本地方,32°33.1′N,130°35.0′E,14 km,1.5,---
2026/07/30,23:49:42.3,熊本県熊本地方,32°32.3′N,130°37.0′E,15 km,0.4,---
2026/07/30,23:50:10.5,熊本県熊本地方,32°40.4′N,130°43.8′E,11 km,0.3,---
2026/07/30,23:50:31.1,熊本県天草・芦北地方,32°28.7′N,130°32.5′E,5 km,0.3,---
2026/07/30,23:50:52.8,熊本県熊本地方,32°41.9′N,130°45.8′E,7 km,0.4,---
2026/07/30,23:51:06.9,長野県北部,36°35.8′N,137°52.0′E,8 km,-0.6,---
2026/07/30,23:51:20.7,熊本県熊本地方,32°35.4′N,130°39.9′E,12 km,2.1,---
2026/07/30,23:52:17.4,熊本県熊本地方,32°34.4′N,130°37.6′E,12 km,0.9,---
2026/07/30,23:54:13.1,宮城県沖,38°22.3′N,141°48.2′E,56 km,0.9,---
2026/07/30,23:54:14.3,熊本県熊本地方,32°34.0′N,130°39.8′E,0 km,1.4,---
2026/07/30,23:54:22.4,山口県中部,34°24.1′N,131°36.0′E,32 km,0.2,---
2026/07/30,23:54:37.5,熊本県天草・芦北地方,32°22.1′N,130°27.5′E,6 km,0.9,---
2026/07/30,23:55:05.8,熊本県熊本地方,32°30.2′N,130°34.7′E,9 km,0.6,---
2026/07/30,23:55:19.1,山梨県東部・富士五湖,35°32.6′N,138°55.9′E,25 km,0.8,---
2026/07/30,23:55:20.2,熊本県天草・芦北地方,32°18.6′N,130°26.0′E,0 km,0.5,---
2026/07/30,23:55:40.6,熊本県熊本地方,32°29.5′N,130°34.8′E,7 km,1.4,---
2026/07/30,23:56:01.2,石垣島近海,24°59.7′N,123°25.0′E,21 km,0.7,---
2026/07/30,23:56:31.9,与那国島近海,24°16.4′N,122°37.3′E,37 km,1.3,---
2026/07/30,23:57:06.9,熊本県熊本地方,32°43.4′N,130°47.5′E,8 km,0.2,---
2026/07/30,23:57:15.5,熊本県熊本地方,32°40.1′N,130°44.8′E,10 km,0.4,---
2026/07/30,23:57:56.9,熊本県熊本地方,32°37.7′N,130°41.2′E,9 km,0.5,---
2026/07/30,23:58:28.6,熊本県熊本地方,32°31.7′N,130°36.0′E,10 km,0.4,---
2026/07/30,23:58:42.3,熊本県天草・芦北地方,32°22.0′N,130°27.9′E,0 km,0.0,---
2026/07/30,23:58:50.8,千葉県南部,35°14.3′N,139°56.7′E,110 km,1.3,---
