地震の発生日,地震の発生時刻,震央地名,緯度,経度,深さ,Ｍ,最大震度
2026/07/31,00:00:11.8,熊本県熊本地方,32°33.0′N,130°35.1′E,15 km,1.6,---
2026/07/31,00:01:25.0,福島県沖,37°29.9′N,141°27.8′E,79 km,1.8,---
2026/07/31,00:01:39.2,京都府北部,35°16.6′N,135°15.4′E,12 km,0.5,---
2026/07/31,00:01:51.7,熊本県熊本地方,32°30.9′N,130°34.8′E,12 km,0.5,---
2026/07/31,00:03:24.9,熊本県熊本地方,32°40.6′N,130°45.0′E,8 km,0.4,---
2026/07/31,00:04:03.1,宮崎県北部平野部,32°26.0′N,131°30.6′E,13 km,0.1,---
2026/07/31,00:04:21.7,熊本県天草・芦北地方,32°30.1′N,130°32.4′E,13 km,0.5,---
2026/07/31,00:04:34.6,静岡県西部,34°55.6′N,137°47.5′E,21 km,0.0,---
2026/07/31,00:04:51.0,熊本県天草・芦北地方,32°29.9′N,130°31.4′E,9 km,0.4,---
2026/07/31,00:05:17.0,熊本県熊本地方,32°30.2′N,130°35.8′E,11 km,1.4,---
2026/07/31,00:06:16.7,大分県中部,33°15.5′N,131°19.4′E,9 km,0.7,---
2026/07/31,00:06:58.7,熊本県天草・芦北地方,32°28.0′N,130°30.0′E,13 km,0.7,---
2026/07/31,00:07:15.6,大分県中部,33°15.4′N,131°19.1′E,10 km,0.4,---
2026/07/31,00:07:27.2,熊本県天草・芦北地方,32°30.1′N,130°32.6′E,11 km,2.0,---
2026/07/31,00:07:54.9,熊本県熊本地方,32°45.6′N,130°47.8′E,8 km,0.8,---
2026/07/31,00:08:21.6,熊本県熊本地方,32°41.0′N,130°40.6′E,14 km,0.4,---
2026/07/31,00:09:16.8,熊本県天草・芦北地方,32°28.5′N,130°31.2′E,11 km,0.5,---
2026/07/31,00:09:33.6,長野県北部,36°33.8′N,137°51.6′E,7 km,-0.2,---
2026/07/31,00:09:46.8,熊本県天草・芦北地方,32°29.5′N,130°31.1′E,12 km,0.5,---
2026/07/31,00:09:46.8,三陸沖,40°00.8′N,143°28.7′E,9 km,1.7,---
2026/07/31,00:10:03.4,熊本県熊本地方,32°40.0′N,130°44.9′E,9 km,0.4,---
2026/07/31,00:11:08.3,熊本県天草・芦北地方,32°16.2′N,130°31.3′E,2 km,0.2,---
2026/07/31,00:11:16.4,長野県北部,36°34.4′N,137°51.0′E,8 km,0.6,---
2026/07/31,00:11:31.7,熊本県熊本地方,32°41.1′N,130°40.0′E,18 km,0.4,---
2026/07/31,00:11:32.1,福島県沖,37°07.7′N,141°14.1′E,20 km,1.2,---
2026/07/31,00:12:21.1,熊本県熊本地方,32°39.9′N,130°43.9′E,14 km,0.1,---
2026/07/31,00:12:37.4,熊本県天草・芦北地方,32°28.1′N,130°32.8′E,13 km,0.4,---
2026/07/31,00:12:47.0,宮崎県北部平野部,32°25.7′N,131°31.9′E,13 km,-0.1,---
2026/07/31,00:13:08.0,熊本県熊本地方,32°39.5′N,130°44.2′E,8 km,0.0,---
2026/07/31,00:13:28.4,熊本県熊本地方,32°31.6′N,130°35.8′E,10 km,0.1,---
2026/07/31,00:14:21.1,熊本県熊本地方,32°37.9′N,130°44.1′E,10 km,-0.1,---
2026/07/31,00:15:13.7,熊本県熊本地方,32°32.8′N,130°36.8′E,13 km,0.4,---
2026/07/31,00:15:21.7,熊本県熊本地方,32°35.9′N,130°41.1′E,6 km,1.1,---
2026/07/31,00:15:50.8,熊本県熊本地方,32°35.9′N,130°41.3′E,5 km,0.7,---
2026/07/31,00:16:44.4,熊本県熊本地方,32°29.5′N,130°34.7′E,9 km,1.3,---
2026/07/31,00:17:05.4,山口県中部,34°24.0′N,131°36.1′E,33 km,0.1,---
2026/07/31,00:17:40.9,熊本県熊本地方,32°32.2′N,130°36.0′E,11 km,0.9,---
2026/07/31,00:18:01.9,奄美大島近海,28°53.0′N,129°33.4′E,1 km,1.1,---
2026/07/31,00:18:10.1,熊本県天草・芦北地方,32°28.5′N,130°33.7′E,5 km,0.5,---
2026/07/31,00:18:14.8,熊本県熊本地方,32°41.2′N,130°44.9′E,9 km,1.7,---
2026/07/31,00:18:53.7,熊本県天草・芦北地方,32°13.1′N,130°25.9′E,10 km,0.5,---
2026/07/31,00:18:57.0,熊本県熊本地方,32°43.5′N,130°46.7′E,9 km,0.3,---
2026/07/31,00:19:38.9,熊本県熊本地方,32°41.3′N,130°40.1′E,17 km,0.4,---
2026/07/31,00:20:40.5,熊本県熊本地方,32°40.3′N,130°39.5′E,17 km,0.3,---
2026/07/31,00:21:00.8,熊本県天草・芦北地方,32°24.4′N,130°29.1′E,0 km,0.2,---
2026/07/31,00:21:19.6,熊本県熊本地方,32°40.3′N,130°40.4′E,17 km,0.1,---
2026/07/31,00:21:26.9,熊本県熊本地方,32°37.1′N,130°42.3′E,9 km,2.4,---
2026/07/31,00:21:59.9,熊本県熊本地方,32°34.3′N,130°39.0′E,5 km,1.6,---
2026/07/31,00:22:34.4,鹿児島県薩摩地方,32°09.4′N,130°34.2′E,7 km,0.8,---
2026/07/31,00:23:17.2,熊本県熊本地方,32°38.0′N,130°40.0′E,15 km,0.4,---
2026/07/31,00:23:49.7,和歌山県北部,34°04.8′N,135°14.9′E,7 km,0.2,---
2026/07/31,00:24:53.4,熊本県熊本地方,32°38.0′N,130°41.6′E,11 km,1.2,---
2026/07/31,00:25:13.1,熊本県天草・芦北地方,32°12.9′N,130°26.2′E,8 km,0.5,---
2026/07/31,00:25:15.0,熊本県熊本地方,32°33.7′N,130°40.4′E,3 km,1.1,---
2026/07/31,00:25:47.6,熊本県熊本地方,32°35.3′N,130°40.1′E,6 km,0.2,---
2026/07/31,00:25:49.1,大隅半島東方沖,31°24.6′N,131°39.8′E,36 km,0.9,---
2026/07/31,00:26:42.8,熊本県熊本地方,32°33.8′N,130°38.9′E,6 km,1.1,---
2026/07/31,00:27:14.1,熊本県熊本地方,32°29.1′N,130°33.9′E,12 km,0.3,---
2026/07/31,00:27:32.0,熊本県熊本地方,32°44.3′N,130°46.9′E,11 km,0.1,---
2026/07/31,00:27:33.2,三重県南東沖,33°26.6′N,136°55.9′E,29 km,1.1,---
2026/07/31,00:27:55.7,十勝地方北部,43°22.6′N,142°46.0′E,6 km,0.3,---
2026/07/31,00:28:14.6,熊本県熊本地方,32°32.3′N,130°36.7′E,9 km,2.0,---
2026/07/31,00:28:41.9,熊本県熊本地方,32°32.1′N,130°35.2′E,11 km,1.9,---
2026/07/31,00:29:29.9,熊本県熊本地方,32°40.1′N,130°43.5′E,8 km,0.8,---
2026/07/31,00:30:39.8,熊本県天草・芦北地方,32°29.1′N,130°31.2′E,10 km,0.5,---
2026/07/31,00:31:00.5,奄美大島近海,27°30.8′N,129°17.3′E,9 km,不明,---
2026/07/31,00:31:08.4,福島県沖,37°49.6′N,141°36.5′E,46 km,0.8,---
2026/07/31,00:31:25.2,熊本県熊本地方,32°33.4′N,130°40.0′E,8 km,0.3,---
2026/07/31,00:32:18.0,熊本県熊本地方,32°33.1′N,130°36.9′E,12 km,1.6,---
2026/07/31,00:32:47.8,根室半島南東沖,43°14.1′N,146°06.5′E,45 km,2.1,---
2026/07/31,00:32:58.4,熊本県熊本地方,32°30.6′N,130°35.6′E,2 km,1.0,---
2026/07/31,00:33:23.7,熊本県熊本地方,32°43.9′N,130°46.3′E,9 km,0.5,---
2026/07/31,00:33:25.7,熊本県天草・芦北地方,32°24.3′N,130°27.1′E,10 km,0.7,---
2026/07/31,00:33:31.1,福島県沖,37°51.6′N,141°34.4′E,48 km,1.9,---
2026/07/31,00:34:26.3,熊本県熊本地方,32°41.5′N,130°45.7′E,8 km,0.2,---
2026/07/31,00:35:05.5,熊本県熊本地方,32°40.0′N,130°45.1′E,8 km,-0.3,---
2026/07/31,00:35:11.5,福島県沖,37°49.9′N,141°36.6′E,46 km,0.8,---
2026/07/31,00:35:18.8,熊本県熊本地方,32°45.0′N,130°47.2′E,8 km,0.7,---
2026/07/31,00:36:25.1,十勝地方北部,43°22.2′N,142°45.1′E,9 km,0.2,---
2026/07/31,00:36:41.2,熊本県天草・芦北地方,32°26.5′N,130°33.1′E,1 km,1.7,---
2026/07/31,00:37:22.1,熊本県天草・芦北地方,32°27.5′N,130°32.3′E,12 km,0.3,---
2026/07/31,00:37:29.2,熊本県天草・芦北地方,32°17.3′N,130°27.0′E,3 km,1.0,---
2026/07/31,00:38:11.5,熊本県熊本地方,32°44.0′N,130°47.0′E,8 km,0.8,---
2026/07/31,00:38:27.4,熊本県熊本地方,32°31.3′N,130°34.3′E,10 km,1.0,---
2026/07/31,00:39:52.6,熊本県天草・芦北地方,32°15.1′N,130°26.1′E,9 km,0.0,---
2026/07/31,00:40:32.9,熊本県熊本地方,32°40.5′N,130°43.3′E,13 km,0.9,---
2026/07/31,00:41:56.2,熊本県熊本地方,32°40.6′N,130°42.7′E,16 km,0.6,---
2026/07/31,00:42:05.7,熊本県天草・芦北地方,32°27.1′N,130°32.6′E,16 km,2.4,---
2026/07/31,00:42:48.6,熊本県熊本地方,32°29.5′N,130°35.3′E,10 km,1.9,---
2026/07/31,00:42:51.5,佐渡付近,37°52.2′N,137°41.0′E,19 km,1.2,---
2026/07/31,00:43:19.0,岩手県沖,40°03.6′N,142°11.3′E,18 km,0.8,---
2026/07/31,00:43:27.6,熊本県熊本地方,32°32.2′N,130°35.2′E,10 km,1.2,---
2026/07/31,00:44:23.1,熊本県熊本地方,32°38.5′N,130°44.2′E,7 km,1.1,---
2026/07/31,00:44:23.7,房総半島南方沖,33°55.3′N,140°34.5′E,51 km,0.9,---
2026/07/31,00:44:29.5,長野県南部,36°00.8′N,137°37.2′E,237 km,2.1,---
2026/07/31,00:44:58.6,熊本県熊本地方,32°30.5′N,130°37.3′E,2 km,0.2,---
2026/07/31,00:45:37.8,熊本県熊本地方,32°39.6′N,130°42.6′E,15 km,0.3,---
2026/07/31,00:46:16.1,熊本県熊本地方,32°29.3′N,130°33.0′E,9 km,0.1,---
2026/07/31,00:47:25.3,熊本県熊本地方,32°40.9′N,130°45.8′E,9 km,0.0,---
2026/07/31,00:47:42.2,熊本県熊本地方,32°39.6′N,130°42.3′E,14 km,1.8,---
2026/07/31,00:48:34.0,熊本県熊本地方,32°39.3′N,130°41.4′E,14 km,0.9,---
2026/07/31,00:49:27.2,熊本県熊本地方,32°39.8′N,130°41.8′E,16 km,0.5,---
2026/07/31,00:49:47.8,熊本県天草・芦北地方,32°27.2′N,130°32.7′E,7 km,1.5,---
2026/07/31,00:50:42.1,熊本県天草・芦北地方,32°29.7′N,130°31.8′E,9 km,0.9,---
2026/07/31,00:53:04.6,熊本県熊本地方,32°38.8′N,130°41.4′E,15 km,0.0,---
2026/07/31,00:53:09.6,熊本県熊本地方,32°33.6′N,130°38.6′E,8 km,0.8,---
2026/07/31,00:53:16.5,奄美大島近海,27°38.6′N,128°45.1′E,16 km,0.8,---
2026/07/31,00:53:22.1,大分県中部,33°15.5′N,131°18.8′E,10 km,1.0,---
2026/07/31,00:54:02.9,熊本県熊本地方,32°30.8′N,130°35.4′E,7 km,1.0,---
2026/07/31,00:54:11.9,熊本県熊本地方,32°39.1′N,130°43.4′E,7 km,1.0,---
2026/07/31,00:54:52.9,熊本県天草・芦北地方,32°30.6′N,130°33.1′E,9 km,0.5,---
2026/07/31,00:56:10.1,熊本県天草・芦北地方,32°11.6′N,130°20.9′E,6 km,0.5,---
2026/07/31,00:56:37.0,熊本県天草・芦北地方,32°28.2′N,130°32.8′E,1 km,0.3,---
2026/07/31,00:56:57.5,熊本県熊本地方,32°30.0′N,130°35.1′E,3 km,0.2,---
2026/07/31,00:57:46.9,熊本県天草・芦北地方,32°23.1′N,130°28.4′E,9 km,0.1,---
2026/07/31,00:58:39.1,長野県北部,36°35.7′N,137°50.1′E,7 km,-0.4,---
2026/07/31,00:58:43.9,熊本県熊本地方,32°38.3′N,130°43.5′E,10 km,0.5,---
2026/07/31,00:58:58.1,熊本県熊本地方,32°32.6′N,130°34.6′E,0 km,1.2,---
2026/07/31,00:59:38.8,熊本県熊本地方,32°40.1′N,130°44.8′E,11 km,0.8,---
2026/07/31,01:00:00.1,熊本県天草・芦北地方,32°25.6′N,130°30.3′E,11 km,0.3,---
2026/07/31,01:00:18.1,熊本県熊本地方,32°32.5′N,130°36.1′E,14 km,0.5,---
2026/07/31,01:00:45.3,熊本県熊本地方,32°40.0′N,130°43.7′E,0 km,0.0,---
2026/07/31,01:00:51.6,熊本県熊本地方,32°44.2′N,130°46.6′E,9 km,0.9,---
2026/07/31,01:01:15.1,山梨県中・西部,35°50.5′N,138°25.6′E,16 km,0.0,---
2026/07/31,01:01:36.4,熊本県天草・芦北地方,32°22.7′N,130°29.0′E,9 km,0.8,---
2026/07/31,01:01:59.9,熊本県熊本地方,32°30.4′N,130°36.2′E,1 km,1.2,---
2026/07/31,01:02:59.2,山梨県中・西部,35°45.6′N,138°14.7′E,9 km,-0.3,---
2026/07/31,01:03:15.1,熊本県熊本地方,32°36.2′N,130°40.1′E,11 km,0.2,---
2026/07/31,01:04:06.9,熊本県熊本地方,32°43.7′N,130°46.9′E,7 km,0.5,---
2026/07/31,01:04:29.9,熊本県熊本地方,32°29.7′N,130°35.7′E,6 km,1.4,---
2026/07/31,01:04:42.1,熊本県熊本地方,32°39.9′N,130°42.3′E,12 km,1.3,---
2026/07/31,01:05:15.0,熊本県熊本地方,32°41.1′N,130°40.6′E,17 km,0.5,---
2026/07/31,01:05:18.0,青森県東方沖,40°50.0′N,143°01.0′E,13 km,2.1,---
2026/07/31,01:05:43.3,熊本県熊本地方,32°39.5′N,130°42.4′E,14 km,0.4,---
2026/07/31,01:06:27.2,熊本県熊本地方,32°39.9′N,130°44.2′E,11 km,0.4,---
2026/07/31,01:07:34.2,熊本県熊本地方,32°37.5′N,130°40.6′E,16 km,0.6,---
2026/07/31,01:07:43.1,熊本県熊本地方,32°37.8′N,130°41.4′E,14 km,1.2,---
2026/07/31,01:08:13.3,熊本県熊本地方,32°43.9′N,130°47.2′E,9 km,0.4,---
2026/07/31,01:08:47.6,熊本県天草・芦北地方,32°25.7′N,130°30.7′E,10 km,0.1,---
2026/07/31,01:09:11.5,熊本県熊本地方,32°32.2′N,130°35.8′E,11 km,2.0,---
2026/07/31,01:09:55.4,熊本県天草・芦北地方,32°29.7′N,130°32.0′E,9 km,0.5,---
2026/07/31,01:10:06.2,熊本県熊本地方,32°36.4′N,130°42.5′E,3 km,0.6,---
2026/07/31,01:10:16.4,熊本県熊本地方,32°37.5′N,130°42.2′E,10 km,1.0,---
2026/07/31,01:10:50.5,熊本県熊本地方,32°31.6′N,130°34.1′E,11 km,1.3,---
2026/07/31,01:11:18.7,熊本県熊本地方,32°31.5′N,130°37.5′E,4 km,0.5,---
2026/07/31,01:11:26.2,熊本県天草・芦北地方,32°26.5′N,130°31.9′E,7 km,2.4,---
2026/07/31,01:12:07.5,福島県沖,37°50.3′N,141°36.1′E,47 km,0.5,---
2026/07/31,01:13:40.0,熊本県熊本地方,32°39.1′N,130°42.8′E,15 km,0.3,---
2026/07/31,01:14:11.9,熊本県熊本地方,32°29.8′N,130°34.6′E,13 km,0.8,---
2026/07/31,01:14:43.5,熊本県熊本地方,32°29.0′N,130°33.9′E,3 km,0.6,---
2026/07/31,01:15:46.0,福島県沖,37°31.7′N,141°59.8′E,40 km,0.6,---
2026/07/31,01:16:01.6,和歌山県北部,33°54.8′N,135°09.8′E,6 km,1.9,---
2026/07/31,01:16:35.0,熊本県熊本地方,32°33.4′N,130°39.8′E,4 km,0.1,---
2026/07/31,01:16:46.1,熊本県熊本地方,32°34.1′N,130°36.9′E,3 km,0.6,---
2026/07/31,01:17:58.2,熊本県天草・芦北地方,32°28.5′N,130°30.1′E,7 km,0.8,---
2026/07/31,01:19:48.7,熊本県熊本地方,32°40.0′N,130°42.1′E,13 km,0.0,---
2026/07/31,01:20:05.4,熊本県天草・芦北地方,32°30.6′N,130°33.2′E,14 km,2.7,---
2026/07/31,01:20:44.7,与那国島近海,24°59.3′N,123°23.6′E,32 km,2.1,---
2026/07/31,01:20:46.7,岩手県沖,40°07.6′N,142°26.4′E,39 km,4.0,---
2026/07/31,01:21:13.4,熊本県熊本地方,32°34.9′N,130°40.9′E,8 km,0.5,---
2026/07/31,01:21:51.6,熊本県熊本地方,32°33.1′N,130°36.8′E,10 km,0.6,---
2026/07/31,01:22:19.8,熊本県熊本地方,32°32.0′N,130°34.9′E,11 km,0.3,---
2026/07/31,01:22:56.9,石川県能登地方,37°27.8′N,137°08.9′E,11 km,1.5,---
2026/07/31,01:23:26.5,三河湾,34°48.9′N,137°17.1′E,32 km,0.1,---
2026/07/31,01:23:51.1,熊本県熊本地方,32°43.1′N,130°44.4′E,15 km,1.1,---
2026/07/31,01:23:59.2,熊本県熊本地方,32°40.1′N,130°42.6′E,12 km,1.8,---
2026/07/31,01:24:49.2,石垣島近海,24°42.8′N,124°31.0′E,9 km,1.2,---
2026/07/31,01:25:45.9,熊本県天草・芦北地方,32°30.7′N,130°33.2′E,13 km,1.6,---
2026/07/31,01:25:55.7,青森県東方沖,40°49.9′N,143°01.2′E,11 km,1.9,---
2026/07/31,01:27:12.7,熊本県天草・芦北地方,32°25.1′N,130°29.2′E,9 km,1.7,---
2026/07/31,01:27:23.4,福島県沖,37°27.1′N,141°57.1′E,40 km,0.9,---
2026/07/31,01:27:40.0,熊本県天草・芦北地方,32°29.0′N,130°31.1′E,7 km,0.6,---
2026/07/31,01:29:09.8,熊本県熊本地方,32°34.2′N,130°37.8′E,11 km,1.3,---
2026/07/31,01:30:10.6,熊本県熊本地方,32°30.8′N,130°35.1′E,11 km,0.4,---
2026/07/31,01:30:45.1,熊本県天草・芦北地方,32°27.2′N,130°32.4′E,6 km,1.3,---
2026/07/31,01:31:05.0,石川県能登地方,37°19.4′N,136°58.1′E,12 km,1.2,---
2026/07/31,01:31:08.4,台湾付近,24°48.2′N,122°07.9′E,65 km,1.9,---
2026/07/31,01:31:59.0,熊本県天草・芦北地方,32°30.6′N,130°33.1′E,14 km,0.5,---
2026/07/31,01:32:28.1,福島県沖,37°13.6′N,142°13.0′E,20 km,0.9,---
2026/07/31,01:32:43.7,熊本県熊本地方,32°28.7′N,130°36.0′E,2 km,0.5,---
2026/07/31,01:33:04.6,熊本県天草・芦北地方,32°24.8′N,130°29.4′E,8 km,0.8,---
2026/07/31,01:33:43.4,千葉県北東部,35°41.4′N,140°36.8′E,51 km,0.7,---
2026/07/31,01:34:00.9,熊本県熊本地方,32°32.3′N,130°36.8′E,6 km,0.0,---
2026/07/31,01:34:39.9,熊本県熊本地方,32°38.9′N,130°41.8′E,14 km,-0.1,---
2026/07/31,01:35:13.4,熊本県天草・芦北地方,32°24.5′N,130°29.4′E,9 km,0.2,---
2026/07/31,01:35:19.1,新島・神津島近海,34°14.2′N,139°12.7′E,12 km,1.4,---
2026/07/31,01:36:18.1,鹿児島県薩摩地方,32°10.9′N,130°14.1′E,13 km,0.1,---
2026/07/31,01:36:21.0,宮城県沖,38°58.0′N,142°26.7′E,29 km,1.3,---
2026/07/31,01:36:26.6,熊本県熊本地方,32°31.2′N,130°35.2′E,11 km,0.6,---
2026/07/31,01:36:57.2,熊本県熊本地方,32°29.5′N,130°34.3′E,13 km,0.0,---
2026/07/31,01:37:07.0,熊本県天草・芦北地方,32°25.4′N,130°31.9′E,8 km,1.8,---
2026/07/31,01:37:19.1,西表島付近,24°25.7′N,123°53.7′E,0 km,0.1,---
2026/07/31,01:37:49.5,熊本県天草・芦北地方,32°27.7′N,130°32.2′E,9 km,2.1,---
2026/07/31,01:38:48.8,熊本県熊本地方,32°29.8′N,130°34.0′E,12 km,0.2,---
2026/07/31,01:39:06.4,熊本県熊本地方,32°41.3′N,130°44.7′E,13 km,0.2,---
2026/07/31,01:39:54.0,熊本県熊本地方,32°33.8′N,130°38.7′E,5 km,0.5,---
2026/07/31,01:40:11.7,奄美大島北西沖,28°14.4′N,128°11.2′E,12 km,1.6,---
2026/07/31,01:40:12.1,岩手県沖,40°07.8′N,142°26.1′E,37 km,1.3,---
2026/07/31,01:40:45.9,熊本県天草・芦北地方,32°25.5′N,130°31.6′E,9 km,0.3,---
2026/07/31,01:40:57.7,熊本県熊本地方,32°39.1′N,130°41.3′E,15 km,0.4,---
2026/07/31,01:40:59.3,青森県東方沖,41°06.1′N,142°52.4′E,25 km,1.1,---
2026/07/31,01:41:11.4,熊本県熊本地方,32°39.2′N,130°42.8′E,12 km,0.2,---
2026/07/31,01:41:48.2,熊本県天草・芦北地方,32°29.6′N,130°32.8′E,11 km,0.7,---
2026/07/31,01:42:06.8,熊本県熊本地方,32°40.8′N,130°43.5′E,11 km,0.7,---
2026/07/31,01:42:36.9,熊本県熊本地方,32°38.9′N,130°43.8′E,12 km,-0.2,---
2026/07/31,01:42:50.5,熊本県熊本地方,32°37.3′N,130°44.6′E,9 km,0.3,---
2026/07/31,01:42:51.7,新島・神津島近海,34°14.4′N,139°08.5′E,11 km,不明,---
2026/07/31,01:43:03.8,熊本県熊本地方,32°35.2′N,130°41.3′E,8 km,0.9,---
2026/07/31,01:43:32.6,熊本県天草・芦北地方,32°28.8′N,130°31.0′E,9 km,0.6,---
2026/07/31,01:43:42.1,福島県沖,37°20.1′N,141°54.3′E,33 km,1.2,---
2026/07/31,01:43:43.8,熊本県天草・芦北地方,32°27.8′N,130°32.7′E,0 km,0.7,---
2026/07/31,01:44:09.1,熊本県熊本地方,32°31.6′N,130°36.2′E,9 km,1.4,---
2026/07/31,01:44:50.3,熊本県天草・芦北地方,32°28.0′N,130°34.7′E,2 km,1.1,---
2026/07/31,01:44:55.2,内浦湾,41°55.3′N,140°59.8′E,23 km,1.4,---
2026/07/31,01:45:14.6,網走沖,44°07.7′N,144°40.6′E,169 km,1.8,---
2026/07/31,01:45:53.8,熊本県熊本地方,32°37.0′N,130°44.0′E,5 km,1.0,---
2026/07/31,01:46:07.4,山梨県中・西部,35°45.4′N,138°15.4′E,9 km,-0.1,---
2026/07/31,01:46:33.6,熊本県天草・芦北地方,32°30.7′N,130°32.9′E,13 km,0.7,---
2026/07/31,01:46:42.6,熊本県天草・芦北地方,32°11.7′N,130°21.1′E,6 km,1.4,---
2026/07/31,01:46:55.8,青森県東方沖,40°49.8′N,143°01.4′E,11 km,1.8,---
2026/07/31,01:47:51.4,宮城県沖,38°02.8′N,141°53.1′E,41 km,1.2,---
2026/07/31,01:47:55.6,熊本県天草・芦北地方,32°27.0′N,130°32.6′E,5 km,0.8,---
2026/07/31,01:48:22.0,山梨県中・西部,35°45.3′N,138°15.4′E,9 km,0.5,---
2026/07/31,01:49:18.0,熊本県天草・芦北地方,32°27.4′N,130°33.8′E,1 km,0.1,---
2026/07/31,01:49:55.8,熊本県天草・芦北地方,32°30.8′N,130°32.7′E,13 km,0.4,---
2026/07/31,01:50:09.0,千葉県北東部,35°53.7′N,140°35.7′E,48 km,0.9,---
2026/07/31,01:50:10.3,熊本県熊本地方,32°40.0′N,130°44.5′E,10 km,0.7,---
2026/07/31,01:50:43.8,熊本県熊本地方,32°31.6′N,130°35.3′E,13 km,0.2,---
2026/07/31,01:50:54.6,熊本県熊本地方,32°39.8′N,130°42.1′E,14 km,0.0,---
2026/07/31,01:51:34.1,熊本県熊本地方,32°41.9′N,130°45.4′E,10 km,-0.1,---
2026/07/31,01:51:44.0,熊本県天草・芦北地方,32°27.9′N,130°32.5′E,4 km,1.0,---
2026/07/31,01:52:26.6,熊本県熊本地方,32°34.3′N,130°39.3′E,8 km,0.5,---
2026/07/31,01:52:43.2,熊本県熊本地方,32°39.5′N,130°43.1′E,11 km,0.8,---
2026/07/31,01:53:07.5,熊本県熊本地方,32°40.4′N,130°40.3′E,17 km,0.7,---
2026/07/31,01:53:32.8,熊本県熊本地方,32°29.3′N,130°34.3′E,10 km,0.1,---
2026/07/31,01:54:02.1,宮崎県南部山沿い,31°51.6′N,131°11.8′E,10 km,0.2,---
2026/07/31,01:54:21.7,熊本県天草・芦北地方,32°27.3′N,130°32.3′E,6 km,0.4,---
2026/07/31,01:54:49.5,熊本県熊本地方,32°29.0′N,130°33.5′E,0 km,-0.2,---
2026/07/31,01:55:14.3,熊本県熊本地方,32°41.1′N,130°40.1′E,17 km,0.7,---
2026/07/31,01:55:46.7,熊本県熊本地方,32°30.4′N,130°35.0′E,11 km,0.6,---
2026/07/31,01:56:15.1,根室半島南東沖,43°08.9′N,145°27.8′E,64 km,0.9,---
2026/07/31,01:56:29.5,熊本県天草・芦北地方,32°24.7′N,130°28.9′E,0 km,-0.1,---
2026/07/31,01:56:49.6,熊本県熊本地方,32°43.8′N,130°46.3′E,11 km,1.9,---
2026/07/31,01:57:06.8,岩手県沖,40°13.8′N,142°53.8′E,15 km,1.4,---
2026/07/31,01:57:23.9,熊本県熊本地方,32°29.5′N,130°34.2′E,10 km,0.8,---
2026/07/31,01:57:38.7,静岡県中部,34°39.2′N,138°11.0′E,264 km,2.7,---
2026/07/31,01:57:48.1,熊本県熊本地方,32°33.6′N,130°38.0′E,5 km,1.1,---
2026/07/31,01:58:19.7,熊本県熊本地方,32°39.7′N,130°42.2′E,16 km,0.4,---
2026/07/31,01:58:36.1,台湾付近,23°05.1′N,121°25.0′E,24 km,4.1,---
2026/07/31,01:58:50.3,熊本県熊本地方,32°38.4′N,130°43.2′E,11 km,0.3,---
2026/07/31,01:59:01.3,熊本県熊本地方,32°36.2′N,130°40.2′E,11 km,1.4,---
2026/07/31,01:59:43.3,熊本県天草・芦北地方,32°27.0′N,130°33.6′E,2 km,0.8,---
2026/07/31,02:00:23.1,熊本県熊本地方,32°25.8′N,130°34.4′E,0 km,0.9,---
2026/07/31,02:01:25.7,熊本県熊本地方,32°36.4′N,130°39.9′E,13 km,1.1,---
2026/07/31,02:02:36.8,熊本県天草・芦北地方,32°23.6′N,130°29.0′E,6 km,0.2,---
2026/07/31,02:03:05.9,熊本県天草・芦北地方,32°28.3′N,130°33.4′E,11 km,1.0,---
2026/07/31,02:03:31.7,熊本県熊本地方,32°32.4′N,130°40.1′E,9 km,0.5,---
2026/07/31,02:04:13.5,熊本県天草・芦北地方,32°25.6′N,130°31.7′E,9 km,0.4,---
2026/07/31,02:04:24.6,熊本県熊本地方,32°42.3′N,130°46.5′E,8 km,0.0,---
2026/07/31,02:04:52.6,熊本県天草・芦北地方,32°28.5′N,130°33.8′E,11 km,1.3,---
2026/07/31,02:05:09.6,紀伊水道,34°02.5′N,135°07.3′E,4 km,-0.2,---
2026/07/31,02:06:20.6,熊本県熊本地方,32°39.8′N,130°41.7′E,15 km,1.1,---
2026/07/31,02:06:56.5,熊本県熊本地方,32°32.1′N,130°37.0′E,15 km,0.2,---
2026/07/31,02:07:41.1,宮城県沖,38°43.0′N,141°51.9′E,58 km,2.2,---
2026/07/31,02:07:46.7,熊本県熊本地方,32°30.9′N,130°37.4′E,8 km,1.8,---
2026/07/31,02:07:54.4,熊本県熊本地方,32°44.9′N,130°46.4′E,10 km,2.0,---
2026/07/31,02:08:39.0,有明海,32°44.4′N,130°33.0′E,10 km,0.4,---
2026/07/31,02:10:58.7,熊本県天草・芦北地方,32°28.9′N,130°30.1′E,11 km,-0.3,---
2026/07/31,02:11:06.6,熊本県熊本地方,32°35.8′N,130°40.7′E,6 km,0.8,---
2026/07/31,02:11:41.3,熊本県天草・芦北地方,32°21.6′N,130°26.3′E,7 km,-0.1,---
2026/07/31,02:11:45.9,熊本県熊本地方,32°28.4′N,130°35.2′E,0 km,0.6,---
2026/07/31,02:12:11.8,熊本県熊本地方,32°40.2′N,130°43.9′E,9 km,0.8,---
2026/07/31,02:12:56.4,熊本県熊本地方,32°42.5′N,130°46.4′E,12 km,0.9,---
2026/07/31,02:13:11.0,熊本県熊本地方,32°32.2′N,130°36.2′E,13 km,0.9,---
2026/07/31,02:13:30.2,三陸沖,40°10.2′N,143°05.9′E,9 km,1.6,---
2026/07/31,02:14:00.4,熊本県天草・芦北地方,32°25.8′N,130°31.0′E,3 km,0.8,---
2026/07/31,02:14:01.0,釧路地方中南部,43°31.2′N,144°12.2′E,0 km,1.0,---
2026/07/31,02:14:19.0,浦河沖,41°42.5′N,142°40.2′E,24 km,1.6,---
2026/07/31,02:14:29.8,熊本県熊本地方,32°33.2′N,130°38.4′E,7 km,0.6,---
2026/07/31,02:14:47.0,熊本県熊本地方,32°37.0′N,130°43.4′E,4 km,0.6,---
2026/07/31,02:15:05.4,熊本県天草・芦北地方,32°28.7′N,130°29.9′E,14 km,0.7,---
2026/07/31,02:15:39.5,熊本県天草・芦北地方,32°28.8′N,130°30.4′E,11 km,1.0,---
2026/07/31,02:15:51.2,京都府北部,35°16.7′N,135°19.8′E,13 km,0.1,---
2026/07/31,02:16:00.2,熊本県熊本地方,32°32.2′N,130°36.7′E,8 km,1.5,---
2026/07/31,02:16:41.8,熊本県天草・芦北地方,32°28.2′N,130°32.7′E,13 km,0.4,---
2026/07/31,02:17:12.8,熊本県天草・芦北地方,32°25.4′N,130°31.6′E,4 km,1.3,---
2026/07/31,02:17:45.7,熊本県熊本地方,32°35.5′N,130°39.6′E,9 km,0.8,---
2026/07/31,02:18:03.0,熊本県熊本地方,32°30.9′N,130°39.6′E,7 km,0.8,---
2026/07/31,02:18:59.0,青森県西方沖,40°45.2′N,139°45.8′E,15 km,0.7,---
2026/07/31,02:19:04.8,熊本県天草・芦北地方,32°28.6′N,130°32.1′E,6 km,0.3,---
2026/07/31,02:19:54.7,熊本県天草・芦北地方,32°28.7′N,130°33.4′E,10 km,1.8,---
2026/07/31,02:20:04.4,三陸沖,39°37.1′N,143°29.3′E,11 km,1.4,---
2026/07/31,02:20:23.7,熊本県熊本地方,32°38.7′N,130°45.1′E,7 km,1.3,---
2026/07/31,02:20:39.5,熊本県熊本地方,32°30.6′N,130°35.3′E,8 km,1.3,---
2026/07/31,02:20:44.4,熊本県熊本地方,32°42.4′N,130°45.9′E,10 km,1.3,---
2026/07/31,02:21:18.6,千葉県南東沖,34°47.2′N,140°06.5′E,58 km,1.6,---
2026/07/31,02:21:27.3,若狭湾,35°51.2′N,135°43.6′E,14 km,0.6,---
2026/07/31,02:21:30.3,薩摩半島西方沖,31°42.5′N,129°57.9′E,13 km,0.7,---
2026/07/31,02:22:00.0,秋田県内陸南部,39°37.3′N,140°37.1′E,7 km,0.8,---
2026/07/31,02:22:38.0,熊本県天草・芦北地方,32°30.3′N,130°31.8′E,15 km,-0.2,---
2026/07/31,02:23:04.4,房総半島南方沖,33°54.7′N,140°34.2′E,52 km,1.6,---
2026/07/31,02:23:40.0,熊本県熊本地方,32°33.9′N,130°40.4′E,5 km,2.3,---
2026/07/31,02:24:13.2,青森県東方沖,40°49.6′N,143°01.4′E,8 km,1.5,---
2026/07/31,02:24:30.5,熊本県熊本地方,32°33.5′N,130°37.5′E,14 km,1.5,---
2026/07/31,02:25:21.6,熊本県熊本地方,32°38.4′N,130°41.3′E,12 km,0.7,---
2026/07/31,02:25:21.6,新島・神津島近海,34°14.3′N,139°08.9′E,11 km,1.5,---
2026/07/31,02:26:12.4,熊本県熊本地方,32°42.0′N,130°46.4′E,8 km,0.1,---
2026/07/31,02:27:05.8,青森県東方沖,40°50.1′N,143°01.3′E,11 km,1.6,---
2026/07/31,02:27:26.6,熊本県天草・芦北地方,32°26.6′N,130°29.7′E,0 km,0.1,---
2026/07/31,02:27:51.9,熊本県熊本地方,32°29.2′N,130°36.0′E,0 km,0.6,---
2026/07/31,02:29:02.2,埼玉県北部,36°03.0′N,139°39.6′E,86 km,1.4,---
2026/07/31,02:29:27.5,三陸沖,39°24.2′N,143°18.7′E,14 km,2.6,---
2026/07/31,02:29:36.9,熊本県熊本地方,32°38.7′N,130°43.4′E,10 km,0.8,---
2026/07/31,02:29:58.6,熊本県熊本地方,32°29.8′N,130°34.7′E,7 km,1.2,---
2026/07/31,02:30:32.1,熊本県天草・芦北地方,32°27.0′N,130°33.5′E,1 km,1.0,---
2026/07/31,02:31:02.7,奄美大島北西沖,28°15.3′N,128°09.8′E,0 km,1.6,---
2026/07/31,02:31:12.8,熊本県熊本地方,32°39.8′N,130°43.9′E,11 km,0.5,---
2026/07/31,02:31:22.9,熊本県熊本地方,32°44.6′N,130°48.1′E,8 km,0.8,---
2026/07/31,02:31:50.2,熊本県熊本地方,32°40.9′N,130°45.4′E,9 km,1.1,---
2026/07/31,02:32:05.9,長野県南部,35°54.0′N,137°43.0′E,6 km,-0.6,---
2026/07/31,02:32:15.7,熊本県天草・芦北地方,32°28.5′N,130°31.7′E,10 km,0.3,---
2026/07/31,02:32:24.4,静岡県西部,34°54.9′N,137°47.1′E,22 km,0.2,---
2026/07/31,02:33:39.0,熊本県熊本地方,32°40.9′N,130°42.6′E,16 km,0.3,---
2026/07/31,02:33:53.9,熊本県天草・芦北地方,32°28.2′N,130°30.2′E,9 km,0.2,---
2026/07/31,02:34:04.0,浦河沖,41°41.8′N,142°40.6′E,25 km,1.9,---
2026/07/31,02:34:24.9,熊本県熊本地方,32°33.2′N,130°37.3′E,5 km,0.3,---
2026/07/31,02:35:23.4,熊本県熊本地方,32°41.8′N,130°44.5′E,11 km,0.4,---
2026/07/31,02:35:48.5,薩摩半島西方沖,31°54.7′N,130°11.1′E,7 km,0.9,---
2026/07/31,02:36:21.6,熊本県熊本地方,32°39.7′N,130°42.2′E,16 km,0.4,---
2026/07/31,02:36:41.0,熊本県熊本地方,32°43.5′N,130°46.2′E,12 km,0.5,---
2026/07/31,02:37:52.4,熊本県熊本地方,32°46.1′N,130°49.0′E,12 km,1.2,---
2026/07/31,02:37:53.0,青森県東方沖,40°50.0′N,143°01.2′E,17 km,1.0,---
2026/07/31,02:38:04.1,熊本県天草・芦北地方,32°28.7′N,130°34.0′E,7 km,1.6,---
2026/07/31,02:38:45.0,静岡県西部,34°54.9′N,137°47.2′E,24 km,0.4,---
2026/07/31,02:39:00.4,新潟県中越地方,37°18.5′N,139°03.4′E,6 km,0.3,---
2026/07/31,02:39:16.3,熊本県天草・芦北地方,32°28.0′N,130°33.6′E,2 km,0.1,---
2026/07/31,02:39:26.0,熊本県熊本地方,32°30.2′N,130°35.9′E,9 km,0.2,---
2026/07/31,02:39:37.3,熊本県熊本地方,32°32.8′N,130°35.0′E,13 km,0.6,---
2026/07/31,02:40:00.0,熊本県天草・芦北地方,32°30.8′N,130°33.6′E,3 km,0.2,---
2026/07/31,02:41:13.9,熊本県熊本地方,32°30.1′N,130°35.1′E,11 km,0.5,---
2026/07/31,02:42:05.1,熊本県熊本地方,32°38.7′N,130°41.7′E,15 km,0.5,---
2026/07/31,02:42:37.6,熊本県熊本地方,32°32.0′N,130°35.0′E,5 km,1.3,---
2026/07/31,02:43:46.0,熊本県天草・芦北地方,32°30.9′N,130°32.8′E,11 km,0.3,---
2026/07/31,02:43:59.8,長崎県南西部,32°56.8′N,129°52.8′E,8 km,0.8,---
2026/07/31,02:44:06.7,熊本県熊本地方,32°35.6′N,130°41.5′E,7 km,0.8,---
2026/07/31,02:45:03.9,熊本県熊本地方,32°34.2′N,130°37.8′E,13 km,0.3,---
2026/07/31,02:45:17.6,熊本県熊本地方,32°32.8′N,130°36.5′E,13 km,不明,---
2026/07/31,02:45:20.8,熊本県熊本地方,32°32.8′N,130°36.9′E,12 km,1.6,---
2026/07/31,02:46:18.3,熊本県熊本地方,32°31.8′N,130°35.6′E,12 km,0.3,---
2026/07/31,02:48:06.3,熊本県天草・芦北地方,32°28.4′N,130°33.7′E,11 km,1.4,---
2026/07/31,02:48:34.3,熊本県天草・芦北地方,32°30.0′N,130°32.5′E,10 km,1.5,---
2026/07/31,02:49:15.9,長野県北部,36°33.5′N,137°51.5′E,7 km,-0.7,---
2026/07/31,02:50:54.8,熊本県天草・芦北地方,32°30.2′N,130°32.1′E,11 km,0.6,---
2026/07/31,02:51:13.9,熊本県熊本地方,32°33.5′N,130°38.0′E,6 km,0.2,---
2026/07/31,02:51:15.2,大分県中部,33°15.0′N,131°19.2′E,9 km,0.2,---
2026/07/31,02:51:40.4,熊本県熊本地方,32°42.8′N,130°45.4′E,11 km,0.7,---
2026/07/31,02:52:39.6,熊本県熊本地方,32°43.8′N,130°46.2′E,11 km,-0.1,---
2026/07/31,02:52:50.9,熊本県熊本地方,32°32.6′N,130°39.4′E,5 km,0.6,---
2026/07/31,02:52:55.5,福島県沖,37°25.3′N,145°02.6′E,63 km,2.2,---
2026/07/31,02:53:27.3,伊予灘,33°19.1′N,131°31.9′E,6 km,1.0,---
2026/07/31,02:53:35.2,熊本県天草・芦北地方,32°29.0′N,130°31.2′E,11 km,0.2,---
2026/07/31,02:53:43.0,和歌山県北部,34°09.8′N,135°21.6′E,6 km,0.1,---
2026/07/31,02:54:03.1,熊本県天草・芦北地方,32°31.6′N,130°33.5′E,13 km,0.2,---
2026/07/31,02:54:16.6,福島県中通り,37°08.2′N,140°14.9′E,94 km,0.7,---
2026/07/31,02:54:38.1,奄美大島北西沖,28°32.0′N,128°17.6′E,23 km,1.5,---
2026/07/31,02:54:45.3,熊本県天草・芦北地方,32°27.9′N,130°32.5′E,8 km,0.8,---
2026/07/31,02:55:39.9,熊本県熊本地方,32°44.0′N,130°46.1′E,10 km,0.2,---
2026/07/31,02:55:59.8,熊本県熊本地方,32°34.2′N,130°37.2′E,13 km,0.1,---
2026/07/31,02:56:20.2,熊本県熊本地方,32°30.6′N,130°37.0′E,6 km,0.7,---
2026/07/31,02:56:30.5,熊本県熊本地方,32°38.9′N,130°44.3′E,6 km,0.8,---
2026/07/31,02:56:35.4,山口県北部,34°22.1′N,131°31.7′E,16 km,1.4,---
2026/07/31,02:56:42.2,熊本県天草・芦北地方,32°30.5′N,130°32.9′E,11 km,0.9,---
2026/07/31,02:58:19.7,熊本県熊本地方,32°30.6′N,130°35.6′E,12 km,1.5,---
2026/07/31,02:58:57.1,与那国島近海,24°12.8′N,123°11.4′E,16 km,0.8,---
2026/07/31,02:59:09.3,鹿児島県薩摩地方,31°58.1′N,130°19.7′E,9 km,-0.4,---
2026/07/31,02:59:22.9,熊本県熊本地方,32°39.9′N,130°43.2′E,9 km,0.8,---
2026/07/31,02:59:47.1,熊本県天草・芦北地方,32°26.8′N,130°32.8′E,0 km,0.5,---
2026/07/31,03:00:03.3,熊本県熊本地方,32°44.8′N,130°47.8′E,7 km,0.3,---
2026/07/31,03:00:05.9,十勝地方北部,43°22.3′N,142°45.2′E,9 km,0.2,---
2026/07/31,03:00:24.8,熊本県熊本地方,32°50.5′N,130°50.3′E,14 km,0.2,---
2026/07/31,03:02:02.0,熊本県熊本地方,32°35.2′N,130°40.0′E,6 km,1.0,---
2026/07/31,03:02:27.8,愛知県西部,35°00.3′N,137°21.9′E,38 km,0.8,---
2026/07/31,03:02:38.9,熊本県熊本地方,32°33.3′N,130°37.3′E,13 km,0.8,---
2026/07/31,03:03:13.3,熊本県熊本地方,32°31.1′N,130°34.0′E,10 km,0.6,---
2026/07/31,03:03:26.9,青森県東方沖,40°58.8′N,142°58.5′E,20 km,1.1,---
2026/07/31,03:04:02.1,熊本県熊本地方,32°30.3′N,130°34.7′E,13 km,0.7,---
2026/07/31,03:04:25.5,熊本県熊本地方,32°39.2′N,130°44.4′E,6 km,0.5,---
2026/07/31,03:05:29.7,熊本県天草・芦北地方,32°22.1′N,130°28.0′E,10 km,1.2,---
2026/07/31,03:06:01.0,熊本県熊本地方,32°37.6′N,130°43.2′E,5 km,1.3,---
2026/07/31,03:06:16.1,長野県北部,36°33.3′N,137°51.5′E,8 km,-0.1,---
2026/07/31,03:06:35.9,熊本県熊本地方,32°34.0′N,130°37.0′E,0 km,0.7,---
2026/07/31,03:06:41.6,十勝地方北部,43°22.3′N,142°45.7′E,10 km,0.4,---
2026/07/31,03:07:04.8,宮崎県南部山沿い,31°57.6′N,130°57.8′E,8 km,0.2,---
2026/07/31,03:07:50.6,熊本県熊本地方,32°38.6′N,130°41.6′E,14 km,1.2,---
2026/07/31,03:08:21.4,埼玉県秩父地方,35°54.0′N,138°55.4′E,132 km,1.8,---
2026/07/31,03:08:50.2,熊本県熊本地方,32°38.1′N,130°42.6′E,9 km,0.7,---
2026/07/31,03:09:10.9,熊本県熊本地方,32°32.2′N,130°36.4′E,12 km,0.9,---
2026/07/31,03:09:28.7,熊本県天草・芦北地方,32°25.9′N,130°32.6′E,5 km,1.9,---
2026/07/31,03:09:59.9,長野県南部,35°53.0′N,137°34.9′E,7 km,-0.3,---
2026/07/31,03:10:13.4,十勝地方北部,43°22.5′N,142°45.7′E,7 km,0.2,---
2026/07/31,03:10:22.0,熊本県熊本地方,32°38.8′N,130°43.4′E,10 km,0.5,---
2026/07/31,03:10:26.5,十勝地方北部,43°22.3′N,142°45.5′E,6 km,0.4,---
2026/07/31,03:10:59.8,熊本県熊本地方,32°30.7′N,130°34.9′E,9 km,0.1,---
2026/07/31,03:11:29.4,熊本県熊本地方,32°33.5′N,130°37.0′E,5 km,0.7,---
2026/07/31,03:12:45.7,千葉県東方沖,35°51.2′N,140°50.4′E,40 km,0.6,---
2026/07/31,03:12:46.5,熊本県熊本地方,32°30.8′N,130°35.3′E,10 km,1.1,---
2026/07/31,03:13:30.1,宮城県沖,37°49.0′N,142°01.3′E,38 km,1.1,---
2026/07/31,03:14:48.1,熊本県天草・芦北地方,32°11.1′N,130°20.8′E,6 km,0.5,---
2026/07/31,03:15:10.6,天草灘,31°59.1′N,130°11.3′E,1 km,0.4,---
2026/07/31,03:15:17.8,福島県沖,37°13.4′N,142°05.6′E,23 km,2.0,---
2026/07/31,03:16:49.3,熊本県熊本地方,32°30.4′N,130°37.7′E,11 km,0.5,---
2026/07/31,03:17:09.3,熊本県熊本地方,32°41.6′N,130°44.7′E,9 km,0.6,---
2026/07/31,03:18:25.6,熊本県熊本地方,32°33.3′N,130°37.1′E,10 km,0.2,---
2026/07/31,03:18:56.7,熊本県天草・芦北地方,32°22.7′N,130°27.8′E,8 km,0.2,---
2026/07/31,03:19:01.4,北海道南西沖,42°25.7′N,139°06.6′E,16 km,1.6,---
2026/07/31,03:21:13.5,岩手県沖,40°13.5′N,142°53.2′E,8 km,1.3,---
2026/07/31,03:21:45.2,熊本県熊本地方,32°37.7′N,130°43.1′E,7 km,0.6,---
2026/07/31,03:22:02.4,熊本県天草・芦北地方,32°25.6′N,130°31.0′E,0 km,2.9,---
2026/07/31,03:23:19.4,秋田県内陸北部,39°58.9′N,140°32.9′E,4 km,0.8,---
2026/07/31,03:23:46.0,熊本県熊本地方,32°33.2′N,130°36.4′E,11 km,0.7,---
2026/07/31,03:24:36.6,熊本県天草・芦北地方,32°23.1′N,130°29.2′E,9 km,1.3,---
2026/07/31,03:25:40.9,熊本県熊本地方,32°43.7′N,130°47.4′E,12 km,0.8,---
2026/07/31,03:26:26.7,茨城県沖,36°26.0′N,141°11.7′E,37 km,1.6,---
2026/07/31,03:28:18.1,熊本県熊本地方,32°29.0′N,130°34.1′E,6 km,1.1,---
2026/07/31,03:29:28.3,熊本県熊本地方,32°36.5′N,130°40.0′E,10 km,0.4,---
2026/07/31,03:30:59.3,熊本県熊本地方,32°32.9′N,130°36.6′E,13 km,1.9,---
2026/07/31,03:31:06.5,奄美大島北西沖,28°29.2′N,128°16.2′E,15 km,2.0,---
2026/07/31,03:31:39.3,鳥取県東部,35°28.7′N,134°16.2′E,10 km,0.6,---
2026/07/31,03:32:13.7,岐阜県美濃東部,35°38.3′N,137°15.3′E,17 km,0.1,---
2026/07/31,03:32:25.7,熊本県熊本地方,32°40.2′N,130°41.9′E,14 km,0.9,---
2026/07/31,03:32:41.4,福島県沖,37°43.8′N,142°22.7′E,28 km,1.1,---
2026/07/31,03:33:36.3,大分県中部,33°15.4′N,131°19.0′E,9 km,0.1,---
2026/07/31,03:33:39.6,熊本県熊本地方,32°39.7′N,130°44.1′E,9 km,1.0,---
2026/07/31,03:34:24.8,熊本県天草・芦北地方,32°21.3′N,130°27.2′E,8 km,-0.1,---
2026/07/31,03:35:00.8,北海道東方沖,43°46.9′N,146°58.5′E,49 km,2.6,---
2026/07/31,03:35:57.0,熊本県熊本地方,32°49.8′N,130°52.1′E,13 km,0.2,---
2026/07/31,03:36:37.3,天草灘,31°58.7′N,130°11.2′E,3 km,-0.2,---
2026/07/31,03:36:40.8,熊本県天草・芦北地方,32°25.8′N,130°32.0′E,8 km,0.7,---
2026/07/31,03:36:48.9,山口県北部,34°27.6′N,131°34.0′E,5 km,0.4,---
2026/07/31,03:36:55.8,熊本県天草・芦北地方,32°26.4′N,130°32.5′E,0 km,0.6,---
2026/07/31,03:37:10.7,茨城県北部,36°16.4′N,140°32.0′E,89 km,0.8,---
2026/07/31,03:37:54.6,熊本県天草・芦北地方,32°19.4′N,130°27.2′E,7 km,0.1,---
2026/07/31,03:38:02.6,島根県東部,35°19.4′N,133°12.8′E,10 km,-0.1,---
2026/07/31,03:38:04.3,熊本県天草・芦北地方,32°28.4′N,130°33.6′E,8 km,2.1,---
2026/07/31,03:38:31.4,紀伊水道,34°09.2′N,135°03.6′E,10 km,1.1,---
2026/07/31,03:39:10.3,熊本県熊本地方,32°40.9′N,130°44.6′E,10 km,2.0,---
2026/07/31,03:39:39.0,熊本県熊本地方,32°40.6′N,130°42.9′E,15 km,2.2,---
2026/07/31,03:39:51.8,福島県沖,37°50.6′N,141°37.0′E,49 km,0.8,---
2026/07/31,03:40:47.5,熊本県熊本地方,32°32.2′N,130°35.9′E,9 km,0.8,---
2026/07/31,03:41:00.5,福島県沖,37°50.0′N,141°36.9′E,48 km,0.8,---
2026/07/31,03:42:07.0,熊本県熊本地方,32°32.1′N,130°36.6′E,6 km,1.3,---
2026/07/31,03:42:18.3,岩手県沖,40°13.0′N,142°51.9′E,3 km,1.6,---
2026/07/31,03:42:34.7,熊本県天草・芦北地方,32°28.5′N,130°33.3′E,8 km,0.4,---
2026/07/31,03:42:39.5,熊本県熊本地方,32°28.9′N,130°35.2′E,9 km,0.8,---
2026/07/31,03:42:59.7,四国沖,33°20.6′N,134°40.9′E,17 km,0.7,---
2026/07/31,03:43:16.7,熊本県天草・芦北地方,32°25.7′N,130°31.7′E,2 km,0.4,---
2026/07/31,03:43:33.3,熊本県天草・芦北地方,32°26.1′N,130°28.5′E,7 km,1.0,---
2026/07/31,03:43:53.5,熊本県天草・芦北地方,32°29.9′N,130°32.1′E,10 km,0.7,---
2026/07/31,03:44:00.9,千葉県南部,35°08.2′N,140°05.7′E,25 km,0.6,---
2026/07/31,03:45:32.8,熊本県天草・芦北地方,32°27.6′N,130°33.0′E,7 km,0.9,---
2026/07/31,03:45:57.3,熊本県熊本地方,32°44.2′N,130°46.8′E,10 km,-0.1,---
2026/07/31,03:47:18.9,熊本県熊本地方,32°42.0′N,130°45.0′E,11 km,0.5,---
2026/07/31,03:47:19.7,熊本県天草・芦北地方,32°26.5′N,130°32.7′E,3 km,0.5,---
2026/07/31,03:48:04.8,熊本県熊本地方,32°39.7′N,130°44.4′E,8 km,0.3,---
2026/07/31,03:48:19.6,熊本県阿蘇地方,32°55.1′N,131°00.9′E,5 km,0.6,---
2026/07/31,03:48:43.9,熊本県熊本地方,32°44.0′N,130°46.6′E,9 km,0.9,---
2026/07/31,03:49:35.8,熊本県熊本地方,32°37.2′N,130°41.6′E,6 km,0.6,---
2026/07/31,03:50:30.4,熊本県熊本地方,32°35.4′N,130°38.1′E,13 km,0.3,---
2026/07/31,03:51:03.4,熊本県天草・芦北地方,32°28.4′N,130°32.8′E,14 km,1.5,---
2026/07/31,03:51:39.7,熊本県熊本地方,32°34.9′N,130°39.6′E,8 km,1.7,---
2026/07/31,03:52:18.3,石川県能登地方,37°19.2′N,136°49.1′E,9 km,0.3,---
2026/07/31,03:53:08.7,岩手県内陸南部,39°01.3′N,140°51.6′E,8 km,0.7,---
2026/07/31,03:54:07.5,三陸沖,39°46.7′N,143°57.1′E,45 km,1.1,---
2026/07/31,03:54:48.6,熊本県天草・芦北地方,32°28.3′N,130°33.4′E,8 km,2.0,---
2026/07/31,03:55:00.9,奄美大島近海,27°51.7′N,129°22.5′E,16 km,1.2,---
2026/07/31,03:55:19.9,秋田県内陸北部,39°58.8′N,140°33.0′E,3 km,2.6,---
2026/07/31,03:55:32.7,奄美大島近海,27°53.0′N,129°22.3′E,17 km,0.7,---
2026/07/31,03:55:35.7,熊本県熊本地方,32°37.0′N,130°44.1′E,5 km,0.8,---
2026/07/31,03:56:14.8,長野県北部,36°30.4′N,137°51.8′E,8 km,-0.1,---
2026/07/31,03:56:25.1,熊本県熊本地方,32°38.9′N,130°44.7′E,8 km,1.1,---
2026/07/31,03:56:55.9,岩手県沖,40°17.2′N,142°20.4′E,39 km,0.8,---
2026/07/31,03:57:10.8,熊本県天草・芦北地方,32°27.6′N,130°32.2′E,13 km,1.2,---
2026/07/31,03:57:49.0,山口県中部,34°23.7′N,131°35.8′E,32 km,0.2,---
2026/07/31,03:57:58.7,熊本県熊本地方,32°33.7′N,130°36.9′E,11 km,0.4,---
2026/07/31,03:58:07.0,日向灘,31°35.4′N,131°53.1′E,16 km,1.5,---
2026/07/31,03:58:10.9,西表島付近,24°25.9′N,123°51.3′E,7 km,0.3,---
2026/07/31,03:58:31.8,熊本県天草・芦北地方,32°25.7′N,130°32.6′E,6 km,1.7,---
2026/07/31,03:58:57.5,和歌山県南部,33°58.5′N,135°37.0′E,46 km,-0.2,---
2026/07/31,03:59:17.0,熊本県天草・芦北地方,32°37.0′N,130°39.0′E,15 km,0.7,---
2026/07/31,03:59:28.7,熊本県熊本地方,32°34.0′N,130°37.9′E,14 km,0.5,---
2026/07/31,04:00:11.7,熊本県熊本地方,32°38.7′N,130°42.5′E,13 km,0.6,---
2026/07/31,04:01:17.9,島根県西部,34°52.8′N,132°14.1′E,14 km,2.0,---
2026/07/31,04:01:44.3,熊本県天草・芦北地方,32°26.2′N,130°30.0′E,12 km,0.4,---
2026/07/31,04:02:12.0,秋田県内陸北部,39°58.9′N,140°32.7′E,3 km,0.1,---
2026/07/31,04:02:22.1,秋田県内陸北部,39°58.9′N,140°32.7′E,3 km,0.0,---
2026/07/31,04:03:11.3,熊本県熊本地方,32°29.1′N,130°34.4′E,9 km,2.5,---
2026/07/31,04:03:12.6,秋田県内陸北部,39°58.5′N,140°32.6′E,2 km,-0.3,---
2026/07/31,04:03:25.0,福島県沖,37°44.6′N,142°25.9′E,18 km,1.6,---
2026/07/31,04:03:48.9,熊本県熊本地方,32°38.8′N,130°41.2′E,15 km,0.9,---
2026/07/31,04:04:26.0,熊本県熊本地方,32°34.3′N,130°37.8′E,10 km,1.2,---
2026/07/31,04:04:49.1,西表島付近,24°04.3′N,123°30.6′E,48 km,0.9,---
2026/07/31,04:05:06.1,茨城県沖,36°11.9′N,140°56.0′E,40 km,1.3,---
2026/07/31,04:05:07.5,熊本県天草・芦北地方,32°22.2′N,130°28.7′E,3 km,0.4,---
2026/07/31,04:05:52.4,熊本県天草・芦北地方,32°28.3′N,130°33.4′E,0 km,0.6,---
2026/07/31,04:06:33.7,熊本県熊本地方,32°31.7′N,130°34.6′E,13 km,2.1,---
2026/07/31,04:08:07.8,熊本県天草・芦北地方,32°25.1′N,130°29.8′E,7 km,0.7,---
2026/07/31,04:09:03.5,熊本県熊本地方,32°32.4′N,130°39.2′E,7 km,-0.2,---
2026/07/31,04:09:10.8,福島県沖,37°44.4′N,142°25.9′E,20 km,1.2,---
2026/07/31,04:09:15.8,奄美大島近海,27°53.3′N,129°20.0′E,17 km,1.7,---
2026/07/31,04:09:24.6,熊本県熊本地方,32°35.6′N,130°41.3′E,11 km,0.0,---
2026/07/31,04:09:38.1,薩摩半島西方沖,31°44.8′N,130°08.3′E,9 km,0.4,---
2026/07/31,04:09:44.2,熊本県熊本地方,32°34.1′N,130°39.6′E,9 km,2.0,---
2026/07/31,04:10:19.2,熊本県天草・芦北地方,32°28.9′N,130°30.6′E,9 km,1.0,---
2026/07/31,04:10:52.7,熊本県阿蘇地方,32°55.7′N,131°01.0′E,7 km,0.3,---
2026/07/31,04:11:28.4,熊本県天草・芦北地方,32°12.9′N,130°27.8′E,9 km,1.4,---
2026/07/31,04:12:06.9,熊本県熊本地方,32°32.9′N,130°40.1′E,6 km,1.5,---
2026/07/31,04:13:09.3,熊本県熊本地方,32°38.7′N,130°43.6′E,9 km,1.4,---
2026/07/31,04:13:40.9,熊本県熊本地方,32°38.8′N,130°43.8′E,8 km,0.4,---
2026/07/31,04:14:04.7,熊本県天草・芦北地方,32°26.4′N,130°31.7′E,7 km,1.3,---
2026/07/31,04:14:45.7,熊本県天草・芦北地方,32°28.3′N,130°30.7′E,8 km,0.7,---
2026/07/31,04:15:13.5,熊本県熊本地方,32°38.5′N,130°43.2′E,9 km,1.0,---
2026/07/31,04:15:27.3,福島県沖,37°44.6′N,142°26.0′E,18 km,1.4,---
2026/07/31,04:15:50.3,熊本県熊本地方,32°44.5′N,130°47.4′E,9 km,-0.1,---
2026/07/31,04:16:03.0,熊本県熊本地方,32°37.1′N,130°43.4′E,4 km,0.8,---
2026/07/31,04:16:31.0,熊本県熊本地方,32°30.4′N,130°34.9′E,8 km,0.5,---
2026/07/31,04:16:35.7,奄美大島近海,28°09.1′N,130°27.3′E,44 km,1.8,---
2026/07/31,04:17:41.8,京都府南部,34°58.2′N,135°40.7′E,12 km,0.5,---
2026/07/31,04:17:46.0,新島・神津島近海,34°14.2′N,139°09.3′E,10 km,1.2,---
2026/07/31,04:18:12.7,熊本県天草・芦北地方,32°23.1′N,130°29.4′E,9 km,1.2,---
2026/07/31,04:19:04.4,熊本県天草・芦北地方,32°25.2′N,130°31.7′E,5 km,0.8,---
2026/07/31,04:19:05.6,島根県東部,35°19.0′N,133°11.6′E,11 km,0.0,---
2026/07/31,04:19:30.0,熊本県天草・芦北地方,32°31.2′N,130°33.0′E,14 km,1.3,---
2026/07/31,04:21:10.8,熊本県熊本地方,32°33.0′N,130°36.8′E,14 km,0.4,---
2026/07/31,04:21:32.0,熊本県熊本地方,32°32.4′N,130°36.6′E,11 km,0.8,---
2026/07/31,04:21:47.7,熊本県熊本地方,32°31.9′N,130°34.6′E,10 km,0.6,---
2026/07/31,04:22:09.5,熊本県熊本地方,32°35.3′N,130°40.7′E,7 km,1.4,---
2026/07/31,04:22:35.0,熊本県天草・芦北地方,32°29.3′N,130°31.6′E,11 km,0.8,---
2026/07/31,04:23:56.5,釧路沖,42°21.2′N,144°33.5′E,19 km,2.6,---
2026/07/31,04:24:33.2,福島県沖,37°38.3′N,141°35.3′E,51 km,1.0,---
2026/07/31,04:24:50.9,熊本県熊本地方,32°34.5′N,130°39.4′E,8 km,-0.1,---
2026/07/31,04:25:53.8,熊本県熊本地方,32°36.7′N,130°43.0′E,5 km,1.1,---
2026/07/31,04:27:47.3,熊本県熊本地方,32°37.6′N,130°43.5′E,9 km,-0.3,---
2026/07/31,04:29:28.5,熊本県熊本地方,32°34.1′N,130°38.7′E,5 km,0.4,---
2026/07/31,04:29:54.9,奄美大島北西沖,28°13.4′N,128°11.5′E,13 km,1.5,---
2026/07/31,04:30:44.6,熊本県熊本地方,32°35.7′N,130°38.6′E,13 km,1.5,---
2026/07/31,04:31:51.1,福島県会津,37°02.8′N,139°20.2′E,7 km,0.8,---
2026/07/31,04:32:07.7,熊本県熊本地方,32°29.2′N,130°34.4′E,12 km,2.1,---
2026/07/31,04:33:40.0,熊本県天草・芦北地方,32°27.2′N,130°31.9′E,7 km,0.5,---
2026/07/31,04:35:07.8,熊本県熊本地方,32°35.2′N,130°40.7′E,6 km,1.3,---
2026/07/31,04:36:02.3,熊本県熊本地方,32°46.4′N,130°49.4′E,12 km,0.4,---
2026/07/31,04:36:19.9,岩手県沖,40°05.9′N,142°25.7′E,38 km,2.9,---
2026/07/31,04:37:23.2,豊後水道,33°26.7′N,132°16.4′E,43 km,1.3,---
2026/07/31,04:37:41.3,熊本県熊本地方,32°33.8′N,130°37.5′E,11 km,1.0,---
2026/07/31,04:38:00.4,熊本県熊本地方,32°32.9′N,130°36.0′E,10 km,1.1,---
2026/07/31,04:39:08.7,熊本県天草・芦北地方,32°25.8′N,130°32.2′E,1 km,1.8,---
2026/07/31,04:39:11.0,福島県沖,37°17.7′N,141°51.4′E,36 km,2.0,---
2026/07/31,04:40:27.9,熊本県熊本地方,32°33.0′N,130°38.6′E,2 km,1.0,---
2026/07/31,04:41:12.1,和歌山県北部,34°04.0′N,135°20.6′E,8 km,-0.3,---
2026/07/31,04:41:37.1,熊本県熊本地方,32°28.2′N,130°35.8′E,6 km,0.5,---
2026/07/31,04:42:46.2,熊本県天草・芦北地方,32°28.0′N,130°30.5′E,11 km,0.2,---
2026/07/31,04:43:16.8,熊本県熊本地方,32°33.7′N,130°37.7′E,16 km,0.1,---
2026/07/31,04:43:49.0,熊本県熊本地方,32°38.8′N,130°43.5′E,11 km,0.4,---
2026/07/31,04:43:52.0,岩手県沖,40°12.7′N,142°51.9′E,4 km,1.6,---
2026/07/31,04:44:19.0,熊本県天草・芦北地方,32°28.6′N,130°33.0′E,9 km,0.1,---
2026/07/31,04:44:36.4,三陸沖,40°33.1′N,145°04.1′E,16 km,3.6,---
2026/07/31,04:45:14.0,熊本県熊本地方,32°33.0′N,130°39.2′E,7 km,0.0,---
2026/07/31,04:45:54.3,熊本県熊本地方,32°35.4′N,130°41.3′E,4 km,1.3,---
2026/07/31,04:47:02.3,熊本県天草・芦北地方,32°28.3′N,130°30.4′E,8 km,0.0,---
2026/07/31,04:47:26.1,熊本県天草・芦北地方,32°26.4′N,130°31.0′E,8 km,1.2,---
2026/07/31,04:48:06.2,熊本県天草・芦北地方,32°26.8′N,130°31.7′E,0 km,0.2,---
2026/07/31,04:49:06.2,熊本県天草・芦北地方,32°28.3′N,130°33.6′E,12 km,0.2,---
2026/07/31,04:49:34.6,熊本県天草・芦北地方,32°25.7′N,130°31.8′E,2 km,0.5,---
2026/07/31,04:50:20.5,熊本県熊本地方,32°32.5′N,130°36.4′E,11 km,1.2,---
2026/07/31,04:50:42.4,熊本県天草・芦北地方,32°28.7′N,130°33.6′E,5 km,0.2,---
2026/07/31,04:51:07.2,熊本県熊本地方,32°39.9′N,130°43.9′E,10 km,0.1,---
2026/07/31,04:51:12.6,新島・神津島近海,34°14.5′N,139°08.7′E,12 km,1.7,---
2026/07/31,04:51:28.1,熊本県天草・芦北地方,32°27.6′N,130°34.6′E,7 km,3.0,---
2026/07/31,04:52:13.5,千葉県北西部,35°51.8′N,139°54.9′E,86 km,0.8,---
2026/07/31,04:53:15.3,熊本県熊本地方,32°39.9′N,130°41.4′E,15 km,1.4,---
2026/07/31,04:54:29.2,和歌山県北部,34°01.9′N,135°19.2′E,5 km,0.9,---
2026/07/31,04:55:58.2,熊本県天草・芦北地方,32°26.5′N,130°34.9′E,6 km,1.3,---
2026/07/31,04:56:49.8,熊本県天草・芦北地方,32°28.5′N,130°30.3′E,11 km,2.2,---
2026/07/31,04:57:35.1,岩手県沖,40°17.6′N,142°18.6′E,41 km,0.9,---
2026/07/31,04:58:11.2,熊本県熊本地方,32°49.1′N,130°48.1′E,13 km,1.7,---
2026/07/31,04:59:01.0,宮古島近海,24°43.7′N,125°23.5′E,24 km,3.4,---
2026/07/31,04:59:22.9,熊本県天草・芦北地方,32°22.2′N,130°33.0′E,4 km,0.1,---
2026/07/31,05:00:12.4,熊本県熊本地方,32°48.3′N,130°47.3′E,16 km,0.3,---
2026/07/31,05:01:01.2,岩手県沖,40°13.0′N,142°52.0′E,4 km,1.3,---
2026/07/31,05:01:21.9,熊本県天草・芦北地方,32°27.4′N,130°32.2′E,14 km,0.4,---
2026/07/31,05:02:23.8,熊本県熊本地方,32°29.0′N,130°35.7′E,10 km,0.8,---
2026/07/31,05:04:00.7,新島・神津島近海,34°14.0′N,139°10.4′E,8 km,1.2,---
2026/07/31,05:04:06.4,天草灘,32°01.8′N,129°52.7′E,8 km,1.2,---
2026/07/31,05:04:38.0,熊本県天草・芦北地方,32°29.8′N,130°32.5′E,10 km,0.4,---
2026/07/31,05:06:02.5,鹿児島県薩摩地方,32°03.9′N,130°22.0′E,5 km,-0.3,---
2026/07/31,05:06:51.9,大分県中部,33°15.3′N,131°18.9′E,9 km,1.3,---
2026/07/31,05:07:38.6,奄美大島近海,26°53.8′N,130°18.2′E,45 km,2.2,---
2026/07/31,05:07:57.9,大分県中部,33°15.2′N,131°18.8′E,9 km,0.5,---
2026/07/31,05:07:59.4,有明海,32°43.7′N,130°32.6′E,11 km,0.1,---
2026/07/31,05:08:06.6,宮古島近海,25°14.7′N,124°48.9′E,90 km,1.4,---
2026/07/31,05:09:06.4,熊本県天草・芦北地方,32°22.0′N,130°28.5′E,7 km,-0.2,---
2026/07/31,05:10:02.2,熊本県熊本地方,32°39.6′N,130°41.7′E,16 km,0.6,---
2026/07/31,05:10:29.5,熊本県熊本地方,32°41.4′N,130°44.2′E,11 km,0.2,---
2026/07/31,05:10:39.6,熊本県熊本地方,32°29.1′N,130°38.4′E,10 km,1.0,---
2026/07/31,05:11:08.3,秋田県内陸北部,39°58.9′N,140°33.0′E,4 km,0.6,---
2026/07/31,05:11:29.9,熊本県熊本地方,32°30.2′N,130°35.7′E,12 km,0.0,---
2026/07/31,05:11:53.5,長野県北部,36°34.9′N,137°51.0′E,7 km,-0.1,---
2026/07/31,05:12:16.3,熊本県天草・芦北地方,32°30.6′N,130°33.0′E,13 km,1.7,---
2026/07/31,05:13:00.5,大分県西部,33°07.0′N,131°11.7′E,8 km,1.4,---
2026/07/31,05:14:37.9,熊本県熊本地方,32°33.2′N,130°35.4′E,11 km,0.2,---
2026/07/31,05:15:19.5,熊本県熊本地方,32°33.3′N,130°39.5′E,8 km,2.4,---
2026/07/31,05:16:40.9,熊本県天草・芦北地方,32°26.7′N,130°33.9′E,1 km,0.3,---
2026/07/31,05:16:52.3,宮古島近海,24°14.8′N,125°13.4′E,34 km,2.5,---
2026/07/31,05:17:14.7,大隅半島東方沖,30°47.2′N,131°30.9′E,30 km,1.2,---
2026/07/31,05:17:39.0,奄美大島近海,28°13.9′N,129°30.5′E,30 km,0.5,---
2026/07/31,05:17:46.3,熊本県天草・芦北地方,32°30.6′N,130°32.7′E,13 km,1.3,---
2026/07/31,05:18:44.0,熊本県熊本地方,32°29.9′N,130°34.6′E,8 km,1.2,---
2026/07/31,05:19:41.5,熊本県熊本地方,32°39.4′N,130°43.6′E,18 km,0.3,---
2026/07/31,05:20:32.9,熊本県熊本地方,32°36.1′N,130°41.1′E,13 km,-0.1,---
2026/07/31,05:20:46.0,島根県東部,35°18.7′N,133°13.3′E,9 km,0.1,---
2026/07/31,05:21:17.1,熊本県天草・芦北地方,32°25.2′N,130°29.1′E,10 km,2.4,---
2026/07/31,05:22:13.8,熊本県天草・芦北地方,32°26.1′N,130°30.0′E,0 km,1.3,---
2026/07/31,05:22:23.2,福島県沖,37°49.0′N,141°37.3′E,50 km,1.0,---
2026/07/31,05:22:34.2,熊本県天草・芦北地方,32°28.8′N,130°33.6′E,5 km,0.7,---
2026/07/31,05:22:55.7,熊本県熊本地方,32°33.2′N,130°38.0′E,9 km,0.5,---
2026/07/31,05:23:51.2,熊本県天草・芦北地方,32°30.5′N,130°32.6′E,13 km,0.5,---
2026/07/31,05:24:13.8,熊本県熊本地方,32°31.7′N,130°36.2′E,12 km,0.7,---
2026/07/31,05:24:31.5,熊本県天草・芦北地方,32°29.1′N,130°31.7′E,4 km,-0.2,---
2026/07/31,05:24:36.1,紀伊水道,33°50.2′N,135°09.0′E,45 km,0.1,---
2026/07/31,05:24:56.3,奄美大島北東沖,28°58.2′N,131°06.1′E,67 km,2.2,---
2026/07/31,05:24:59.0,熊本県天草・芦北地方,32°23.1′N,130°29.2′E,7 km,0.7,---
2026/07/31,05:25:38.6,熊本県熊本地方,32°39.0′N,130°44.2′E,10 km,0.1,---
2026/07/31,05:25:43.2,宮古島近海,24°43.8′N,125°22.4′E,22 km,0.9,---
2026/07/31,05:25:54.2,熊本県熊本地方,32°38.6′N,130°42.2′E,14 km,1.1,---
2026/07/31,05:26:01.6,宮城県沖,38°15.1′N,141°46.2′E,49 km,0.7,---
2026/07/31,05:26:11.5,熊本県熊本地方,32°40.5′N,130°43.7′E,14 km,0.5,---
2026/07/31,05:26:37.8,鹿児島県薩摩地方,32°12.0′N,130°09.4′E,6 km,0.6,---
2026/07/31,05:27:24.8,熊本県熊本地方,32°32.7′N,130°34.4′E,16 km,0.3,---
2026/07/31,05:27:31.1,神奈川県東部,35°21.2′N,139°21.3′E,148 km,1.8,---
2026/07/31,05:27:49.7,福島県会津,37°15.2′N,139°53.1′E,7 km,0.6,---
2026/07/31,05:28:02.1,熊本県熊本地方,32°36.9′N,130°43.8′E,4 km,0.0,---
2026/07/31,05:28:13.0,奄美大島近海,27°41.3′N,128°39.5′E,16 km,1.1,---
2026/07/31,05:28:29.1,秋田県内陸北部,39°58.7′N,140°32.9′E,3 km,0.5,---
2026/07/31,05:28:38.5,熊本県熊本地方,32°37.1′N,130°42.6′E,7 km,0.2,---
2026/07/31,05:28:50.0,熊本県熊本地方,32°39.6′N,130°45.1′E,6 km,0.3,---
2026/07/31,05:29:00.4,釧路沖,42°21.3′N,144°33.1′E,15 km,1.6,---
2026/07/31,05:29:08.7,熊本県熊本地方,32°41.2′N,130°44.2′E,12 km,0.2,---
2026/07/31,05:29:25.4,大分県中部,33°15.5′N,131°18.8′E,8 km,0.8,---
2026/07/31,05:30:31.4,宮崎県南部山沿い,32°03.3′N,131°03.1′E,10 km,-0.4,---
2026/07/31,05:30:54.9,熊本県熊本地方,32°36.8′N,130°42.3′E,21 km,0.8,---
2026/07/31,05:31:30.6,熊本県天草・芦北地方,32°18.9′N,130°27.3′E,8 km,1.1,---
2026/07/31,05:31:35.1,茨城県沖,36°19.2′N,141°02.3′E,34 km,1.2,---
2026/07/31,05:31:55.0,青森県東方沖,40°46.9′N,142°35.1′E,41 km,1.7,---
2026/07/31,05:33:01.9,長野県南部,35°54.5′N,137°36.0′E,10 km,0.0,---
2026/07/31,05:33:38.4,熊本県天草・芦北地方,32°23.4′N,130°26.8′E,11 km,0.6,---
2026/07/31,05:33:58.9,熊本県天草・芦北地方,32°23.0′N,130°30.8′E,11 km,0.9,---
2026/07/31,05:34:42.3,熊本県熊本地方,32°33.3′N,130°36.4′E,11 km,0.7,---
2026/07/31,05:35:10.1,熊本県熊本地方,32°32.2′N,130°35.2′E,11 km,0.9,---
2026/07/31,05:35:24.8,熊本県熊本地方,32°34.0′N,130°39.2′E,7 km,1.8,---
2026/07/31,05:36:04.4,トカラ列島近海,29°12.4′N,129°14.2′E,10 km,2.2,---
2026/07/31,05:36:24.0,熊本県熊本地方,32°29.1′N,130°38.4′E,9 km,0.6,---
2026/07/31,05:37:48.8,熊本県天草・芦北地方,32°28.4′N,130°29.1′E,0 km,0.4,---
2026/07/31,05:38:11.0,熊本県天草・芦北地方,32°28.8′N,130°30.6′E,6 km,0.4,---
2026/07/31,05:38:40.6,熊本県熊本地方,32°38.0′N,130°44.0′E,9 km,0.3,---
2026/07/31,05:39:52.5,熊本県熊本地方,32°43.0′N,130°46.4′E,9 km,0.4,---
2026/07/31,05:39:56.7,熊本県天草・芦北地方,32°29.4′N,130°32.9′E,11 km,2.1,---
2026/07/31,05:40:52.7,熊本県天草・芦北地方,32°23.1′N,130°30.7′E,0 km,0.4,---
2026/07/31,05:41:17.3,熊本県天草・芦北地方,32°30.5′N,130°32.1′E,12 km,0.4,---
2026/07/31,05:41:47.3,熊本県天草・芦北地方,32°29.3′N,130°31.5′E,13 km,1.5,---
2026/07/31,05:42:08.6,熊本県天草・芦北地方,32°31.4′N,130°33.5′E,15 km,0.8,---
2026/07/31,05:43:55.9,熊本県熊本地方,32°37.9′N,130°43.6′E,10 km,2.2,---
2026/07/31,05:44:43.7,熊本県熊本地方,32°39.0′N,130°42.8′E,11 km,0.8,---
2026/07/31,05:44:45.2,熊本県天草・芦北地方,32°28.1′N,130°31.5′E,9 km,1.3,---
2026/07/31,05:45:29.7,トカラ列島近海,29°12.1′N,129°14.3′E,10 km,1.0,---
2026/07/31,05:45:33.8,熊本県熊本地方,32°30.7′N,130°35.1′E,0 km,0.3,---
2026/07/31,05:45:49.5,熊本県天草・芦北地方,32°28.4′N,130°32.3′E,6 km,0.3,---
2026/07/31,05:46:29.4,熊本県熊本地方,32°36.4′N,130°39.9′E,10 km,0.6,---
2026/07/31,05:46:33.2,千葉県南部,34°56.2′N,139°55.3′E,63 km,0.9,---
2026/07/31,05:47:21.1,熊本県天草・芦北地方,32°26.4′N,130°32.5′E,3 km,0.7,---
2026/07/31,05:47:46.7,熊本県熊本地方,32°35.6′N,130°38.2′E,12 km,1.2,---
2026/07/31,05:47:47.6,福島県沖,36°51.1′N,140°50.2′E,84 km,0.6,---
2026/07/31,05:47:59.5,熊本県熊本地方,32°39.3′N,130°43.7′E,10 km,1.1,---
2026/07/31,05:50:07.3,熊本県熊本地方,32°31.9′N,130°37.1′E,2 km,0.2,---
2026/07/31,05:50:43.8,熊本県熊本地方,32°31.1′N,130°34.8′E,10 km,1.1,---
2026/07/31,05:51:40.1,熊本県天草・芦北地方,32°26.9′N,130°34.1′E,0 km,1.2,---
2026/07/31,05:51:52.5,熊本県熊本地方,32°30.1′N,130°34.7′E,8 km,1.6,---
2026/07/31,05:53:16.2,熊本県阿蘇地方,32°59.4′N,131°06.4′E,10 km,1.8,---
2026/07/31,05:54:09.4,熊本県熊本地方,32°40.2′N,130°44.5′E,13 km,0.1,---
2026/07/31,05:54:22.0,三陸沖,40°34.9′N,145°00.2′E,20 km,1.7,---
2026/07/31,05:55:07.0,熊本県熊本地方,32°39.0′N,130°41.7′E,15 km,0.4,---
2026/07/31,05:55:41.6,熊本県天草・芦北地方,32°30.5′N,130°32.5′E,0 km,0.2,---
2026/07/31,05:55:58.9,熊本県天草・芦北地方,32°27.4′N,130°31.6′E,14 km,0.3,---
2026/07/31,05:56:08.9,三陸沖,40°32.8′N,145°05.0′E,13 km,1.3,---
2026/07/31,05:56:20.4,熊本県天草・芦北地方,32°28.1′N,130°31.8′E,1 km,0.9,---
2026/07/31,05:56:52.7,熊本県熊本地方,32°31.9′N,130°35.9′E,8 km,0.6,---
2026/07/31,05:57:27.6,岩手県沖,39°56.9′N,142°24.1′E,34 km,0.8,---
2026/07/31,05:57:42.9,熊本県天草・芦北地方,32°27.7′N,130°30.0′E,0 km,0.8,---
2026/07/31,05:58:31.9,熊本県天草・芦北地方,32°28.8′N,130°33.5′E,6 km,1.1,---
2026/07/31,05:59:28.5,熊本県熊本地方,32°32.1′N,130°35.8′E,12 km,0.8,---
2026/07/31,05:59:39.4,三陸沖,40°34.0′N,145°01.1′E,18 km,1.4,---
2026/07/31,05:59:49.7,熊本県熊本地方,32°29.4′N,130°38.9′E,10 km,1.7,---
2026/07/31,06:01:29.6,熊本県天草・芦北地方,32°28.3′N,130°31.6′E,12 km,0.5,---
2026/07/31,06:02:35.5,熊本県熊本地方,32°40.7′N,130°42.9′E,12 km,2.3,---
2026/07/31,06:03:36.9,熊本県天草・芦北地方,32°29.7′N,130°31.8′E,6 km,0.2,---
2026/07/31,06:03:39.0,秋田県内陸南部,38°55.6′N,140°41.4′E,105 km,1.0,---
2026/07/31,06:03:47.7,岩手県沖,39°27.3′N,142°37.0′E,24 km,0.7,---
2026/07/31,06:03:50.6,熊本県熊本地方,32°32.5′N,130°36.6′E,10 km,0.7,---
2026/07/31,06:04:25.7,熊本県熊本地方,32°36.4′N,130°42.4′E,7 km,0.3,---
2026/07/31,06:04:51.9,熊本県天草・芦北地方,32°31.0′N,130°33.3′E,13 km,0.8,---
2026/07/31,06:05:04.0,熊本県熊本地方,32°39.2′N,130°42.8′E,12 km,0.7,---
2026/07/31,06:06:29.1,熊本県熊本地方,32°28.3′N,130°36.7′E,7 km,1.6,---
2026/07/31,06:06:39.6,三陸沖,40°32.4′N,145°05.0′E,12 km,1.9,---
2026/07/31,06:06:47.9,宮城県北部,38°49.8′N,141°34.6′E,69 km,0.4,---
2026/07/31,06:07:24.7,宮古島近海,24°41.8′N,125°08.5′E,46 km,2.3,---
2026/07/31,06:08:23.6,熊本県熊本地方,32°41.0′N,130°44.2′E,11 km,0.2,---
2026/07/31,06:09:39.9,石川県能登地方,37°28.7′N,137°13.0′E,11 km,1.0,---
2026/07/31,06:09:50.5,熊本県熊本地方,32°32.4′N,130°36.5′E,12 km,1.2,---
2026/07/31,06:10:15.8,熊本県熊本地方,32°30.6′N,130°35.7′E,9 km,0.5,---
2026/07/31,06:10:58.2,熊本県熊本地方,32°42.2′N,130°46.6′E,11 km,0.3,---
2026/07/31,06:11:50.1,熊本県熊本地方,32°35.4′N,130°41.7′E,6 km,0.9,---
2026/07/31,06:12:28.2,熊本県熊本地方,32°36.0′N,130°41.8′E,6 km,1.2,---
2026/07/31,06:15:02.3,宮城県沖,38°03.9′N,141°54.0′E,39 km,0.9,---
2026/07/31,06:15:02.8,熊本県天草・芦北地方,32°28.6′N,130°33.0′E,1 km,1.2,---
2026/07/31,06:16:59.4,熊本県熊本地方,32°31.0′N,130°34.3′E,10 km,0.6,---
2026/07/31,06:17:29.0,大分県中部,33°15.3′N,131°19.3′E,9 km,1.2,---
2026/07/31,06:19:25.6,新島・神津島近海,33°44.2′N,138°42.3′E,252 km,3.0,---
2026/07/31,06:20:16.7,熊本県天草・芦北地方,32°28.9′N,130°29.5′E,7 km,0.2,---
2026/07/31,06:20:31.5,熊本県天草・芦北地方,32°25.4′N,130°29.2′E,7 km,0.6,---
2026/07/31,06:21:29.4,壱岐・対馬近海,33°27.4′N,130°01.1′E,9 km,-0.3,---
2026/07/31,06:23:59.7,熊本県天草・芦北地方,32°28.1′N,130°32.4′E,8 km,1.0,---
2026/07/31,06:24:08.0,静岡県西部,35°03.2′N,137°49.7′E,23 km,0.1,---
2026/07/31,06:25:19.4,熊本県熊本地方,32°39.9′N,130°43.7′E,9 km,1.0,---
2026/07/31,06:25:51.8,和歌山県北部,34°03.9′N,135°18.2′E,4 km,0.3,---
2026/07/31,06:26:44.2,長野県北部,36°34.9′N,137°51.4′E,6 km,-0.1,---
2026/07/31,06:26:55.5,長崎県南西部,32°56.8′N,129°52.2′E,5 km,0.6,---
2026/07/31,06:28:11.1,長崎県南西部,32°56.3′N,129°52.5′E,6 km,0.6,---
2026/07/31,06:29:24.3,熊本県熊本地方,32°33.5′N,130°37.7′E,14 km,0.3,---
2026/07/31,06:30:41.5,熊本県天草・芦北地方,32°26.7′N,130°33.4′E,1 km,1.1,---
2026/07/31,06:31:20.4,熊本県熊本地方,32°33.1′N,130°37.6′E,15 km,0.1,---
2026/07/31,06:31:32.9,宮崎県北部平野部,32°25.4′N,131°31.1′E,15 km,0.2,---
2026/07/31,06:32:15.4,熊本県熊本地方,32°40.6′N,130°43.5′E,12 km,0.7,---
2026/07/31,06:32:38.1,熊本県熊本地方,32°41.0′N,130°45.0′E,10 km,2.1,---
2026/07/31,06:33:48.7,鹿児島県薩摩地方,32°08.3′N,130°21.6′E,2 km,0.2,---
2026/07/31,06:34:25.0,熊本県熊本地方,32°32.0′N,130°36.8′E,12 km,0.3,---
2026/07/31,06:35:22.5,熊本県天草・芦北地方,32°30.8′N,130°32.7′E,11 km,1.3,---
2026/07/31,06:36:06.9,熊本県熊本地方,32°44.7′N,130°47.9′E,7 km,0.5,---
2026/07/31,06:36:41.8,熊本県熊本地方,32°40.8′N,130°43.0′E,14 km,0.9,---
2026/07/31,06:37:14.8,熊本県熊本地方,32°46.4′N,130°48.9′E,7 km,0.2,---
2026/07/31,06:37:27.7,奄美大島北西沖,30°04.3′N,128°14.3′E,193 km,2.5,---
2026/07/31,06:37:31.4,熊本県熊本地方,32°40.8′N,130°42.8′E,15 km,0.6,---
2026/07/31,06:38:24.8,熊本県天草・芦北地方,32°26.6′N,130°33.7′E,0 km,0.1,---
2026/07/31,06:38:53.3,熊本県熊本地方,32°40.0′N,130°42.9′E,17 km,0.3,---
2026/07/31,06:39:22.3,熊本県天草・芦北地方,32°12.9′N,130°25.5′E,8 km,-0.1,---
2026/07/31,06:40:57.2,熊本県熊本地方,32°39.5′N,130°43.4′E,10 km,0.9,---
2026/07/31,06:41:25.9,熊本県熊本地方,32°32.7′N,130°36.4′E,14 km,1.1,---
2026/07/31,06:41:50.4,熊本県熊本地方,32°32.2′N,130°39.0′E,7 km,1.8,---
2026/07/31,06:42:09.2,熊本県熊本地方,32°39.4′N,130°42.5′E,13 km,1.6,---
2026/07/31,06:42:40.1,熊本県天草・芦北地方,32°29.6′N,130°32.9′E,7 km,0.4,---
2026/07/31,06:43:12.8,熊本県熊本地方,32°38.4′N,130°43.9′E,9 km,1.5,---
2026/07/31,06:44:02.5,熊本県熊本地方,32°32.1′N,130°36.8′E,14 km,0.5,---
2026/07/31,06:44:03.1,大分県中部,33°15.3′N,131°19.4′E,10 km,0.4,---
2026/07/31,06:44:12.0,和歌山県北部,34°04.9′N,135°14.7′E,7 km,-0.1,---
2026/07/31,06:45:14.0,熊本県熊本地方,32°38.6′N,130°40.0′E,15 km,1.3,---
2026/07/31,06:45:56.4,熊本県熊本地方,32°34.8′N,130°38.7′E,9 km,0.7,---
2026/07/31,06:46:31.6,熊本県天草・芦北地方,32°24.1′N,130°27.4′E,12 km,0.9,---
2026/07/31,06:47:37.8,種子島近海,30°06.0′N,130°55.6′E,31 km,1.2,---
2026/07/31,06:50:54.5,和歌山県南部,33°55.8′N,135°29.5′E,44 km,0.0,---
2026/07/31,06:50:56.3,熊本県天草・芦北地方,32°24.9′N,130°30.5′E,7 km,0.4,---
2026/07/31,06:52:28.1,熊本県熊本地方,32°36.1′N,130°41.7′E,7 km,0.5,---
2026/07/31,06:52:34.0,薩摩半島西方沖,31°41.2′N,129°57.3′E,7 km,0.1,---
2026/07/31,06:53:38.5,熊本県天草・芦北地方,32°19.7′N,130°25.5′E,9 km,0.2,---
2026/07/31,06:54:21.6,熊本県天草・芦北地方,32°29.2′N,130°32.2′E,8 km,0.5,---
2026/07/31,06:55:15.8,熊本県天草・芦北地方,32°27.9′N,130°32.9′E,13 km,0.1,---
2026/07/31,06:55:20.9,大分県中部,33°15.2′N,131°19.4′E,9 km,0.5,---
2026/07/31,06:55:45.4,熊本県熊本地方,32°40.3′N,130°42.7′E,14 km,2.3,---
2026/07/31,06:57:12.1,熊本県熊本地方,32°44.1′N,130°46.9′E,11 km,0.2,---
2026/07/31,07:01:09.7,熊本県熊本地方,32°35.2′N,130°38.9′E,11 km,0.4,---
2026/07/31,07:01:42.4,熊本県熊本地方,32°43.8′N,130°47.1′E,8 km,0.1,---
2026/07/31,07:02:47.4,熊本県熊本地方,32°41.0′N,130°44.2′E,10 km,1.3,---
2026/07/31,07:03:54.5,熊本県熊本地方,32°38.4′N,130°44.1′E,9 km,0.5,---
2026/07/31,07:04:18.1,熊本県熊本地方,32°37.9′N,130°43.6′E,5 km,1.1,---
2026/07/31,07:05:06.9,和歌山県南部,33°48.4′N,135°26.8′E,19 km,0.0,---
2026/07/31,07:05:07.7,沖縄本島近海,27°09.8′N,128°19.3′E,8 km,1.3,---
2026/07/31,07:05:26.1,熊本県熊本地方,32°35.5′N,130°40.7′E,10 km,1.6,---
2026/07/31,07:06:55.0,熊本県熊本地方,32°30.6′N,130°35.5′E,7 km,0.6,---
2026/07/31,07:08:06.7,熊本県天草・芦北地方,32°26.9′N,130°32.9′E,9 km,0.6,---
2026/07/31,07:09:58.5,熊本県天草・芦北地方,32°28.2′N,130°31.4′E,9 km,0.8,---
2026/07/31,07:11:08.8,熊本県熊本地方,32°40.5′N,130°44.0′E,12 km,2.2,---
2026/07/31,07:12:13.6,岩手県沖,39°04.7′N,142°23.0′E,31 km,2.5,---
2026/07/31,07:12:34.2,八丈島東方沖,33°50.1′N,140°48.8′E,58 km,0.9,---
2026/07/31,07:13:01.4,熊本県熊本地方,32°37.5′N,130°42.5′E,9 km,0.5,---
2026/07/31,07:13:08.6,京都府南部,35°17.8′N,135°44.2′E,11 km,1.0,---
2026/07/31,07:13:58.0,熊本県熊本地方,32°40.8′N,130°43.8′E,12 km,0.2,---
2026/07/31,07:14:30.0,熊本県熊本地方,32°45.0′N,130°47.9′E,6 km,0.4,---
2026/07/31,07:17:03.3,岩手県沖,40°14.6′N,142°47.8′E,4 km,1.4,---
2026/07/31,07:17:11.6,熊本県天草・芦北地方,32°20.4′N,130°27.8′E,9 km,3.0,---
2026/07/31,07:18:17.1,熊本県天草・芦北地方,32°23.7′N,130°29.1′E,7 km,1.5,---
2026/07/31,07:18:27.9,青森県津軽南部,40°39.8′N,140°06.5′E,160 km,2.1,---
2026/07/31,07:19:19.1,大分県中部,33°15.0′N,131°20.2′E,7 km,0.3,---
2026/07/31,07:20:36.2,熊本県熊本地方,32°43.7′N,130°45.9′E,10 km,1.0,---
2026/07/31,07:21:01.5,愛知県東部,34°57.5′N,137°27.8′E,38 km,0.7,---
2026/07/31,07:21:19.9,岩手県沖,39°04.9′N,142°23.0′E,31 km,0.9,---
2026/07/31,07:22:18.2,岩手県沖,39°05.3′N,142°21.6′E,32 km,1.1,---
2026/07/31,07:23:44.6,熊本県天草・芦北地方,32°12.3′N,130°21.8′E,11 km,0.0,---
2026/07/31,07:24:28.4,岩手県沖,39°04.6′N,142°22.7′E,29 km,1.4,---
2026/07/31,07:24:59.7,熊本県熊本地方,32°30.5′N,130°35.3′E,6 km,0.9,---
2026/07/31,07:25:07.3,豊後水道,33°13.8′N,132°22.8′E,36 km,0.6,---
2026/07/31,07:25:57.2,熊本県熊本地方,32°35.4′N,130°40.6′E,8 km,0.2,---
2026/07/31,07:26:46.8,大分県西部,33°16.0′N,131°18.1′E,8 km,0.5,---
2026/07/31,07:27:05.0,和歌山県北部,34°09.8′N,135°16.1′E,4 km,0.6,---
2026/07/31,07:27:10.8,熊本県熊本地方,32°37.2′N,130°42.1′E,9 km,0.9,---
2026/07/31,07:28:30.6,大分県中部,33°14.8′N,131°19.3′E,8 km,0.4,---
2026/07/31,07:31:13.3,熊本県熊本地方,32°32.3′N,130°36.3′E,13 km,0.7,---
2026/07/31,07:31:15.2,青森県東方沖,40°57.8′N,143°03.9′E,19 km,不明,---
2026/07/31,07:31:52.7,熊本県天草・芦北地方,32°25.2′N,130°31.5′E,9 km,0.4,---
2026/07/31,07:32:58.0,熊本県天草・芦北地方,32°29.7′N,130°31.5′E,11 km,1.7,---
2026/07/31,07:35:18.3,熊本県熊本地方,32°33.7′N,130°39.3′E,3 km,0.9,---
2026/07/31,07:35:57.5,熊本県熊本地方,32°38.9′N,130°43.1′E,8 km,1.5,---
2026/07/31,07:35:57.7,千葉県南東沖,34°47.3′N,140°02.4′E,82 km,1.5,---
2026/07/31,07:41:34.4,薩摩半島西方沖,31°54.6′N,130°11.2′E,6 km,0.8,---
2026/07/31,07:41:44.5,福島県沖,37°51.7′N,141°35.5′E,47 km,1.0,---
2026/07/31,07:42:24.1,青森県東方沖,41°26.0′N,142°39.2′E,23 km,1.5,---
2026/07/31,07:43:23.4,熊本県熊本地方,32°31.4′N,130°34.9′E,11 km,1.7,---
2026/07/31,07:43:45.7,熊本県天草・芦北地方,32°32.2′N,130°33.4′E,13 km,1.6,---
2026/07/31,07:45:30.3,広島県北部,34°52.2′N,132°53.9′E,10 km,0.0,---
2026/07/31,07:46:20.6,熊本県天草・芦北地方,32°24.1′N,130°29.3′E,10 km,1.7,---
2026/07/31,07:48:46.8,茨城県沖,36°13.8′N,140°59.4′E,43 km,1.0,---
2026/07/31,07:48:51.7,熊本県天草・芦北地方,32°31.3′N,130°33.2′E,13 km,0.8,---
2026/07/31,07:49:34.4,千葉県東方沖,35°47.5′N,140°56.8′E,27 km,1.2,---
2026/07/31,07:50:18.1,岩手県沖,40°12.7′N,142°51.8′E,4 km,1.8,---
2026/07/31,07:50:31.0,熊本県熊本地方,32°34.1′N,130°40.2′E,6 km,3.4,---
2026/07/31,07:53:06.5,熊本県天草・芦北地方,32°25.5′N,130°31.5′E,11 km,0.7,---
2026/07/31,07:54:28.3,熊本県熊本地方,32°45.7′N,130°46.9′E,9 km,1.0,---
2026/07/31,07:54:32.9,福島県沖,37°49.1′N,141°36.7′E,48 km,1.0,---
2026/07/31,07:54:56.6,福島県沖,37°49.0′N,141°36.2′E,47 km,1.1,---
2026/07/31,07:55:30.8,熊本県天草・芦北地方,32°26.6′N,130°29.8′E,10 km,0.5,---
2026/07/31,07:56:27.4,熊本県天草・芦北地方,32°17.2′N,130°24.6′E,10 km,0.4,---
2026/07/31,07:57:17.2,熊本県天草・芦北地方,32°28.5′N,130°33.5′E,7 km,1.7,---
2026/07/31,07:57:42.7,愛媛県南予,33°03.6′N,132°39.8′E,10 km,-0.1,---
2026/07/31,07:57:58.5,熊本県熊本地方,32°40.6′N,130°44.8′E,11 km,1.1,---
2026/07/31,07:58:29.1,熊本県熊本地方,32°39.8′N,130°42.1′E,13 km,0.8,---
2026/07/31,07:59:42.4,佐渡付近,37°51.2′N,137°42.3′E,21 km,2.6,---
2026/07/31,08:00:25.8,熊本県熊本地方,32°35.4′N,130°38.7′E,11 km,0.5,---
2026/07/31,08:01:08.8,薩摩半島西方沖,31°54.6′N,130°11.3′E,7 km,0.8,---
2026/07/31,08:03:07.1,熊本県熊本地方,32°40.7′N,130°44.8′E,9 km,1.3,---
2026/07/31,08:04:33.8,熊本県熊本地方,32°36.1′N,130°40.6′E,6 km,0.6,---
2026/07/31,08:07:02.8,熊本県熊本地方,32°36.4′N,130°41.2′E,14 km,0.3,---
2026/07/31,08:07:43.7,熊本県熊本地方,32°32.7′N,130°35.1′E,8 km,0.7,---
2026/07/31,08:08:11.0,三重県南東沖,33°42.8′N,136°05.9′E,23 km,0.2,---
2026/07/31,08:08:28.3,熊本県熊本地方,32°38.8′N,130°42.0′E,14 km,0.5,---
2026/07/31,08:08:33.2,伊予灘,33°28.7′N,131°49.5′E,70 km,0.7,---
2026/07/31,08:09:55.0,和歌山県南方沖,33°15.5′N,135°58.8′E,22 km,0.7,---
2026/07/31,08:11:09.6,熊本県天草・芦北地方,32°28.1′N,130°33.3′E,6 km,0.3,---
2026/07/31,08:11:46.7,沖縄本島近海,26°40.1′N,129°36.7′E,40 km,2.5,---
2026/07/31,08:13:18.9,熊本県天草・芦北地方,32°18.3′N,130°26.2′E,8 km,0.8,---
2026/07/31,08:14:54.4,熊本県熊本地方,32°35.4′N,130°38.2′E,9 km,0.2,---
2026/07/31,08:15:16.9,大隅半島東方沖,31°14.0′N,131°23.7′E,40 km,0.8,---
2026/07/31,08:16:34.6,熊本県熊本地方,32°34.1′N,130°38.0′E,11 km,0.3,---
2026/07/31,08:16:51.1,熊本県熊本地方,32°35.2′N,130°39.5′E,7 km,0.9,---
2026/07/31,08:17:44.5,熊本県天草・芦北地方,32°13.9′N,130°26.0′E,10 km,0.1,---
2026/07/31,08:18:39.8,熊本県熊本地方,32°41.1′N,130°42.8′E,14 km,0.5,---
2026/07/31,08:19:47.7,和歌山県北部,34°03.3′N,135°16.0′E,8 km,-0.2,---
2026/07/31,08:21:01.0,熊本県熊本地方,32°33.3′N,130°40.4′E,6 km,0.8,---
2026/07/31,08:23:18.5,熊本県天草・芦北地方,32°27.5′N,130°33.2′E,8 km,1.8,---
2026/07/31,08:23:57.6,熊本県熊本地方,32°35.7′N,130°40.4′E,9 km,1.5,---
2026/07/31,08:25:59.0,宮城県沖,37°57.3′N,141°50.1′E,53 km,0.9,---
2026/07/31,08:26:01.6,熊本県熊本地方,32°39.7′N,130°48.8′E,13 km,1.0,---
2026/07/31,08:26:19.4,熊本県熊本地方,32°29.4′N,130°35.6′E,7 km,1.0,---
2026/07/31,08:26:39.9,熊本県天草・芦北地方,32°27.4′N,130°32.6′E,6 km,1.1,---
2026/07/31,08:28:28.5,熊本県熊本地方,32°32.0′N,130°35.7′E,10 km,1.0,---
2026/07/31,08:28:44.8,苫小牧沖,42°19.0′N,141°10.0′E,110 km,不明,---
2026/07/31,08:29:17.6,熊本県熊本地方,32°33.2′N,130°37.0′E,12 km,1.9,---
2026/07/31,08:30:01.3,熊本県熊本地方,32°44.1′N,130°46.9′E,9 km,0.5,---
2026/07/31,08:30:14.1,熊本県熊本地方,32°39.1′N,130°41.7′E,14 km,0.8,---
2026/07/31,08:31:34.8,熊本県熊本地方,32°36.0′N,130°42.7′E,2 km,0.9,---
2026/07/31,08:32:46.9,熊本県天草・芦北地方,32°28.5′N,130°30.3′E,13 km,2.1,---
2026/07/31,08:33:45.2,熊本県熊本地方,32°32.8′N,130°37.1′E,12 km,0.5,---
2026/07/31,08:35:28.3,熊本県天草・芦北地方,32°28.8′N,130°33.7′E,1 km,1.2,---
2026/07/31,08:36:07.3,熊本県天草・芦北地方,32°28.3′N,130°29.6′E,12 km,1.5,---
2026/07/31,08:36:57.3,熊本県熊本地方,32°34.1′N,130°38.3′E,9 km,2.2,---
2026/07/31,08:38:15.1,熊本県熊本地方,32°50.1′N,130°52.4′E,12 km,0.7,---
2026/07/31,08:38:46.2,熊本県熊本地方,32°39.9′N,130°42.2′E,14 km,0.8,---
2026/07/31,08:39:13.7,熊本県熊本地方,32°36.9′N,130°42.0′E,9 km,1.2,---
2026/07/31,08:40:12.8,宮崎県北部平野部,32°24.8′N,131°31.2′E,13 km,0.5,---
2026/07/31,08:40:13.4,福島県沖,37°11.3′N,141°22.3′E,13 km,1.1,---
2026/07/31,08:40:20.8,熊本県天草・芦北地方,32°28.7′N,130°33.6′E,10 km,0.3,---
2026/07/31,08:40:36.6,石川県能登地方,37°30.0′N,137°13.5′E,10 km,1.0,---
2026/07/31,08:41:20.7,熊本県熊本地方,32°38.5′N,130°43.5′E,10 km,0.6,---
2026/07/31,08:42:07.3,大分県西部,33°16.0′N,131°18.2′E,8 km,0.3,---
2026/07/31,08:42:59.6,熊本県熊本地方,32°40.0′N,130°44.5′E,10 km,0.1,---
2026/07/31,08:43:33.8,熊本県天草・芦北地方,32°23.7′N,130°29.1′E,4 km,0.5,---
2026/07/31,08:43:48.6,熊本県熊本地方,32°39.6′N,130°41.7′E,16 km,0.9,---
2026/07/31,08:44:29.1,熊本県熊本地方,32°34.1′N,130°40.6′E,7 km,1.2,---
2026/07/31,08:45:05.5,岩手県沿岸北部,40°08.5′N,141°36.8′E,72 km,0.4,---
2026/07/31,08:45:07.6,熊本県天草・芦北地方,32°18.3′N,130°26.1′E,9 km,1.4,---
2026/07/31,08:45:45.2,トカラ列島近海,29°29.7′N,129°37.2′E,8 km,2.0,---
2026/07/31,08:45:47.3,熊本県熊本地方,32°38.8′N,130°42.4′E,12 km,0.1,---
2026/07/31,08:45:59.1,熊本県天草・芦北地方,32°25.3′N,130°31.0′E,6 km,0.7,---
2026/07/31,08:46:03.9,熊本県熊本地方,32°49.8′N,130°51.9′E,13 km,1.4,---
2026/07/31,08:46:53.1,熊本県熊本地方,32°38.5′N,130°41.8′E,13 km,1.1,---
2026/07/31,08:47:14.4,熊本県熊本地方,32°31.9′N,130°35.8′E,14 km,2.3,---
2026/07/31,08:47:47.5,福島県沖,37°49.0′N,141°36.2′E,47 km,0.9,---
2026/07/31,08:48:29.0,熊本県熊本地方,32°40.4′N,130°42.9′E,14 km,2.5,---
2026/07/31,08:49:00.9,熊本県熊本地方,32°34.1′N,130°40.0′E,4 km,1.4,---
2026/07/31,08:49:50.4,和歌山県北部,34°04.1′N,135°20.9′E,8 km,0.6,---
2026/07/31,08:50:01.0,岩手県沖,39°04.6′N,142°22.9′E,31 km,1.6,---
2026/07/31,08:50:06.7,福井県嶺北,35°54.7′N,136°49.5′E,9 km,1.4,---
2026/07/31,08:50:12.0,熊本県天草・芦北地方,32°30.4′N,130°33.3′E,12 km,1.7,---
2026/07/31,08:52:06.3,京都府南部,35°11.7′N,135°27.9′E,12 km,0.6,---
2026/07/31,08:52:55.3,熊本県天草・芦北地方,32°23.6′N,130°29.1′E,7 km,1.7,---
2026/07/31,08:53:14.7,熊本県天草・芦北地方,32°27.3′N,130°33.9′E,1 km,1.3,---
2026/07/31,08:53:36.5,熊本県天草・芦北地方,32°27.5′N,130°33.9′E,5 km,1.1,---
2026/07/31,08:54:10.5,熊本県熊本地方,32°38.7′N,130°44.6′E,8 km,0.7,---
2026/07/31,08:54:27.8,熊本県天草・芦北地方,32°29.3′N,130°31.8′E,12 km,2.0,---
2026/07/31,08:55:16.2,熊本県天草・芦北地方,32°26.7′N,130°31.3′E,10 km,不明,---
2026/07/31,08:55:21.4,熊本県天草・芦北地方,32°27.6′N,130°33.7′E,6 km,1.2,---
2026/07/31,08:55:41.1,熊本県天草・芦北地方,32°27.4′N,130°34.4′E,6 km,1.0,---
2026/07/31,08:56:02.4,熊本県天草・芦北地方,32°27.5′N,130°33.8′E,7 km,0.7,---
2026/07/31,08:56:21.5,熊本県熊本地方,32°39.8′N,130°48.9′E,13 km,1.3,---
2026/07/31,08:56:32.3,長野県中部,36°25.4′N,138°02.1′E,5 km,-0.4,---
2026/07/31,08:56:37.7,熊本県天草・芦北地方,32°27.2′N,130°32.6′E,6 km,1.1,---
2026/07/31,08:57:35.5,熊本県天草・芦北地方,32°27.0′N,130°30.6′E,10 km,0.5,---
2026/07/31,08:59:03.9,茨城県沖,36°33.1′N,140°50.1′E,50 km,2.2,---
2026/07/31,09:00:31.7,茨城県南部,36°07.8′N,140°02.7′E,66 km,1.3,---
2026/07/31,09:00:37.2,熊本県天草・芦北地方,32°23.9′N,130°30.8′E,0 km,0.5,---
2026/07/31,09:01:11.4,熊本県熊本地方,32°33.6′N,130°41.4′E,7 km,0.4,---
2026/07/31,09:01:43.8,宮城県沖,37°49.8′N,142°04.2′E,37 km,1.1,---
2026/07/31,09:01:47.2,熊本県熊本地方,32°41.6′N,130°42.8′E,17 km,0.3,---
2026/07/31,09:02:00.4,熊本県熊本地方,32°29.3′N,130°33.5′E,7 km,0.7,---
2026/07/31,09:02:30.3,秋田県内陸北部,39°58.7′N,140°32.6′E,3 km,0.4,---
2026/07/31,09:02:38.9,熊本県熊本地方,32°44.7′N,130°47.5′E,8 km,0.6,---
2026/07/31,09:04:12.5,熊本県天草・芦北地方,32°26.6′N,130°34.1′E,5 km,0.6,---
2026/07/31,09:05:01.3,熊本県天草・芦北地方,32°17.5′N,130°27.9′E,0 km,0.1,---
2026/07/31,09:05:21.9,熊本県熊本地方,32°43.9′N,130°46.8′E,9 km,1.7,---
2026/07/31,09:06:14.3,福島県沖,37°51.9′N,141°34.7′E,45 km,1.0,---
2026/07/31,09:06:40.5,熊本県熊本地方,32°40.8′N,130°43.2′E,16 km,0.4,---
2026/07/31,09:07:20.6,熊本県天草・芦北地方,32°29.2′N,130°32.1′E,13 km,0.3,---
2026/07/31,09:07:54.1,熊本県熊本地方,32°33.7′N,130°40.7′E,8 km,0.5,---
2026/07/31,09:08:10.5,熊本県天草・芦北地方,32°29.2′N,130°31.6′E,12 km,1.6,---
2026/07/31,09:08:45.1,群馬県南部,36°33.4′N,139°25.0′E,5 km,0.6,---
2026/07/31,09:09:48.7,茨城県沖,36°36.6′N,140°59.8′E,81 km,2.0,---
2026/07/31,09:10:35.7,鹿児島県薩摩地方,32°09.0′N,130°17.9′E,11 km,0.1,---
2026/07/31,09:11:46.5,熊本県熊本地方,32°30.0′N,130°34.9′E,10 km,2.6,---
2026/07/31,09:12:42.6,秋田県内陸北部,39°58.8′N,140°32.7′E,3 km,不明,---
2026/07/31,09:12:42.9,秋田県内陸北部,39°59.0′N,140°32.6′E,5 km,1.8,---
2026/07/31,09:13:24.6,熊本県熊本地方,32°35.6′N,130°40.3′E,10 km,0.5,---
2026/07/31,09:13:25.5,千葉県南東沖,34°58.5′N,139°58.1′E,48 km,1.0,---
2026/07/31,09:13:41.5,熊本県熊本地方,32°38.2′N,130°43.8′E,8 km,1.4,---
2026/07/31,09:14:34.7,熊本県熊本地方,32°29.2′N,130°34.5′E,8 km,0.7,---
2026/07/31,09:16:22.3,熊本県天草・芦北地方,32°30.3′N,130°32.9′E,7 km,0.4,---
2026/07/31,09:17:21.4,熊本県天草・芦北地方,32°20.1′N,130°27.3′E,1 km,0.1,---
2026/07/31,09:17:35.8,和歌山県北部,33°52.9′N,135°14.2′E,7 km,0.4,---
2026/07/31,09:17:37.4,熊本県熊本地方,32°33.2′N,130°40.2′E,2 km,0.2,---
2026/07/31,09:17:53.5,岩手県沖,40°17.9′N,142°00.0′E,45 km,0.6,---
2026/07/31,09:18:58.2,熊本県天草・芦北地方,32°27.7′N,130°29.5′E,9 km,0.2,---
2026/07/31,09:19:13.0,熊本県熊本地方,32°30.6′N,130°36.7′E,6 km,2.0,---
2026/07/31,09:19:28.0,岩手県沖,40°15.8′N,142°48.5′E,12 km,1.9,---
2026/07/31,09:19:59.8,岡山県北部,35°14.3′N,134°07.6′E,9 km,0.3,---
2026/07/31,09:20:16.5,熊本県熊本地方,32°41.5′N,130°42.5′E,16 km,0.9,---
2026/07/31,09:20:33.7,熊本県熊本地方,32°39.1′N,130°41.2′E,14 km,1.5,---
2026/07/31,09:21:17.3,熊本県熊本地方,32°30.4′N,130°34.9′E,11 km,0.5,---
2026/07/31,09:21:21.6,奄美大島近海,28°11.1′N,129°23.6′E,16 km,0.5,---
2026/07/31,09:22:24.2,熊本県熊本地方,32°32.0′N,130°35.8′E,7 km,2.1,---
2026/07/31,09:22:37.1,熊本県熊本地方,32°31.2′N,130°35.6′E,3 km,1.6,---
2026/07/31,09:23:43.7,熊本県熊本地方,32°31.3′N,130°34.3′E,11 km,0.9,---
2026/07/31,09:24:08.8,熊本県熊本地方,32°30.9′N,130°43.8′E,16 km,0.1,---
2026/07/31,09:24:56.8,熊本県熊本地方,32°31.1′N,130°43.2′E,13 km,0.7,---
2026/07/31,09:25:43.1,岩手県沖,39°57.4′N,142°57.5′E,19 km,1.3,---
2026/07/31,09:27:48.3,熊本県熊本地方,32°32.8′N,130°38.3′E,12 km,0.2,---
2026/07/31,09:28:21.1,熊本県天草・芦北地方,32°27.6′N,130°32.1′E,14 km,1.2,---
2026/07/31,09:29:10.3,宮崎県北部平野部,32°25.1′N,131°31.3′E,14 km,0.2,---
2026/07/31,09:29:16.8,熊本県熊本地方,32°32.4′N,130°36.4′E,13 km,1.0,---
2026/07/31,09:29:32.0,熊本県熊本地方,32°32.0′N,130°35.7′E,5 km,1.6,---
2026/07/31,09:30:35.3,熊本県天草・芦北地方,32°11.9′N,130°25.6′E,13 km,0.2,---
2026/07/31,09:31:06.1,熊本県熊本地方,32°37.1′N,130°40.8′E,8 km,0.5,---
2026/07/31,09:31:32.1,熊本県熊本地方,32°29.4′N,130°37.3′E,9 km,1.3,---
2026/07/31,09:32:19.5,熊本県天草・芦北地方,32°29.6′N,130°31.9′E,11 km,1.2,---
2026/07/31,09:32:48.4,千葉県南部,35°10.2′N,140°12.0′E,19 km,2.2,---
2026/07/31,09:33:27.7,奄美大島近海,28°23.2′N,129°03.9′E,65 km,1.0,---
2026/07/31,09:33:49.6,熊本県熊本地方,32°39.3′N,130°42.1′E,14 km,0.4,---
2026/07/31,09:35:24.9,岐阜県美濃中西部,35°39.1′N,137°05.6′E,10 km,0.1,---
2026/07/31,09:36:50.3,熊本県天草・芦北地方,32°18.3′N,130°26.1′E,9 km,1.2,---
2026/07/31,09:37:00.2,三陸沖,40°33.7′N,145°03.7′E,16 km,1.2,---
2026/07/31,09:37:12.9,島根県東部,35°22.3′N,133°14.7′E,11 km,2.3,---
2026/07/31,09:37:36.8,熊本県天草・芦北地方,32°21.6′N,130°28.8′E,8 km,-0.3,---
2026/07/31,09:39:35.4,熊本県熊本地方,32°41.2′N,130°45.2′E,9 km,1.8,---
2026/07/31,09:39:51.3,大阪府北部,34°50.7′N,135°35.6′E,10 km,0.7,---
2026/07/31,09:40:04.7,熊本県熊本地方,32°31.2′N,130°34.2′E,11 km,1.5,---
2026/07/31,09:40:37.6,天草灘,31°58.9′N,130°11.3′E,3 km,0.9,---
2026/07/31,09:40:58.5,熊本県熊本地方,32°33.7′N,130°37.4′E,11 km,2.5,---
2026/07/31,09:41:47.7,熊本県天草・芦北地方,32°31.5′N,130°33.1′E,14 km,0.8,---
2026/07/31,09:42:13.2,熊本県天草・芦北地方,32°23.7′N,130°29.2′E,7 km,1.0,---
2026/07/31,09:42:44.0,青森県東方沖,40°54.7′N,143°00.8′E,14 km,1.5,---
2026/07/31,09:42:50.9,熊本県熊本地方,32°39.5′N,130°43.0′E,13 km,0.7,---
2026/07/31,09:43:26.2,熊本県天草・芦北地方,32°24.6′N,130°29.1′E,9 km,0.2,---
2026/07/31,09:45:06.7,熊本県天草・芦北地方,32°27.9′N,130°31.5′E,7 km,0.4,---
2026/07/31,09:46:14.9,山口県中部,34°24.5′N,131°36.2′E,32 km,0.4,---
2026/07/31,09:46:27.2,熊本県熊本地方,32°35.6′N,130°40.2′E,10 km,1.2,---
2026/07/31,09:46:27.5,山形県庄内地方,38°40.6′N,139°47.3′E,169 km,1.9,---
2026/07/31,09:46:47.9,熊本県熊本地方,32°32.3′N,130°36.3′E,8 km,0.7,---
2026/07/31,09:47:19.6,熊本県熊本地方,32°36.7′N,130°40.3′E,10 km,0.6,---
2026/07/31,09:48:12.6,福島県沖,37°16.6′N,141°49.9′E,39 km,0.9,---
2026/07/31,09:48:22.7,秋田県内陸北部,39°58.2′N,140°32.9′E,2 km,0.5,---
2026/07/31,09:48:38.4,熊本県天草・芦北地方,32°22.6′N,130°27.7′E,6 km,0.8,---
2026/07/31,09:48:43.3,熊本県熊本地方,32°36.4′N,130°40.5′E,10 km,1.9,---
2026/07/31,09:49:27.6,熊本県天草・芦北地方,32°22.9′N,130°29.2′E,8 km,1.3,---
2026/07/31,09:49:36.6,岩手県沖,40°06.1′N,142°37.1′E,28 km,0.8,---
2026/07/31,09:49:37.7,和歌山県南方沖,33°06.0′N,135°42.9′E,33 km,3.1,---
2026/07/31,09:50:20.8,熊本県熊本地方,32°32.7′N,130°38.6′E,4 km,0.6,---
2026/07/31,09:51:12.2,熊本県熊本地方,32°35.9′N,130°40.3′E,11 km,0.7,---
2026/07/31,09:52:05.9,熊本県天草・芦北地方,32°20.1′N,130°30.6′E,5 km,0.6,---
2026/07/31,09:52:28.5,千葉県北東部,35°43.0′N,140°40.2′E,47 km,1.3,---
2026/07/31,09:54:16.8,熊本県熊本地方,32°35.0′N,130°38.3′E,14 km,1.2,---
2026/07/31,09:54:21.2,熊本県熊本地方,32°33.1′N,130°36.7′E,10 km,2.6,---
2026/07/31,09:54:41.0,三陸沖,40°34.9′N,145°00.4′E,20 km,1.3,---
2026/07/31,09:55:41.8,熊本県天草・芦北地方,32°18.6′N,130°32.0′E,3 km,0.6,---
2026/07/31,09:56:05.0,熊本県天草・芦北地方,32°22.3′N,130°28.4′E,6 km,0.5,---
2026/07/31,09:57:31.0,熊本県熊本地方,32°30.5′N,130°36.7′E,2 km,1.1,---
2026/07/31,09:58:24.3,熊本県熊本地方,32°32.9′N,130°39.0′E,7 km,0.7,---
2026/07/31,09:58:59.2,熊本県天草・芦北地方,32°30.9′N,130°31.3′E,12 km,0.4,---
2026/07/31,09:59:24.4,岩手県沖,40°11.8′N,142°43.3′E,25 km,1.4,---
2026/07/31,10:00:07.2,熊本県天草・芦北地方,32°28.5′N,130°32.5′E,13 km,1.0,---
2026/07/31,10:03:21.5,熊本県天草・芦北地方,32°23.7′N,130°29.4′E,9 km,0.6,---
2026/07/31,10:03:50.6,熊本県熊本地方,32°33.7′N,130°37.5′E,14 km,1.1,---
2026/07/31,10:04:25.7,熊本県熊本地方,32°39.3′N,130°44.1′E,11 km,0.7,---
2026/07/31,10:05:35.7,熊本県天草・芦北地方,32°27.4′N,130°32.8′E,8 km,0.7,---
2026/07/31,10:06:05.6,熊本県天草・芦北地方,32°25.6′N,130°28.8′E,5 km,0.7,---
2026/07/31,10:06:23.3,岩手県沖,40°16.1′N,142°26.9′E,38 km,不明,---
2026/07/31,10:06:34.5,鹿児島県薩摩地方,32°08.9′N,130°20.1′E,3 km,0.2,---
2026/07/31,10:06:42.4,日高地方中部,42°31.0′N,142°46.0′E,75 km,2.8,---
2026/07/31,10:07:19.6,熊本県熊本地方,32°40.2′N,130°44.0′E,10 km,1.3,---
2026/07/31,10:08:24.5,熊本県天草・芦北地方,32°30.6′N,130°33.1′E,12 km,1.0,---
2026/07/31,10:11:07.4,熊本県熊本地方,32°41.7′N,130°44.5′E,12 km,2.3,---
2026/07/31,10:11:34.6,紀伊水道,33°50.5′N,134°59.2′E,11 km,0.6,---
2026/07/31,10:12:23.1,熊本県熊本地方,32°29.2′N,130°34.0′E,12 km,0.5,---
2026/07/31,10:12:40.6,熊本県熊本地方,32°44.4′N,130°49.0′E,13 km,1.0,---
2026/07/31,10:12:45.3,土佐湾,33°31.0′N,133°45.0′E,17 km,0.4,---
2026/07/31,10:13:54.0,熊本県熊本地方,32°38.4′N,130°43.6′E,9 km,1.5,---
2026/07/31,10:15:32.3,宮古島近海,24°43.9′N,125°23.3′E,24 km,1.6,---
2026/07/31,10:15:55.6,長野県北部,36°29.2′N,137°56.5′E,8 km,0.2,---
2026/07/31,10:15:56.2,新島・神津島近海,34°14.4′N,139°08.7′E,11 km,1.6,---
2026/07/31,10:16:02.5,宮城県中部,38°34.7′N,141°17.8′E,6 km,0.2,---
2026/07/31,10:16:17.6,熊本県熊本地方,32°30.5′N,130°38.0′E,11 km,1.3,---
2026/07/31,10:16:39.9,熊本県天草・芦北地方,32°26.8′N,130°33.7′E,0 km,1.3,---
2026/07/31,10:18:03.5,熊本県熊本地方,32°30.1′N,130°35.0′E,12 km,1.5,---
2026/07/31,10:19:06.9,熊本県熊本地方,32°45.0′N,130°48.0′E,6 km,1.0,---
2026/07/31,10:25:56.5,熊本県熊本地方,32°32.9′N,130°39.7′E,6 km,1.4,---
2026/07/31,10:27:40.5,熊本県熊本地方,32°44.2′N,130°46.4′E,10 km,0.3,---
2026/07/31,10:28:32.6,奄美大島近海,27°26.6′N,129°26.8′E,18 km,1.5,---
2026/07/31,10:28:42.8,熊本県熊本地方,32°38.0′N,130°44.2′E,11 km,0.3,---
2026/07/31,10:29:06.7,熊本県熊本地方,32°30.6′N,130°35.1′E,9 km,1.2,---
2026/07/31,10:30:29.3,熊本県天草・芦北地方,32°24.9′N,130°30.0′E,0 km,0.5,---
2026/07/31,10:30:43.0,熊本県天草・芦北地方,32°28.9′N,130°31.1′E,10 km,1.2,---
2026/07/31,10:31:40.1,熊本県熊本地方,32°30.3′N,130°36.0′E,10 km,0.8,---
2026/07/31,10:31:59.2,熊本県天草・芦北地方,32°28.7′N,130°30.7′E,9 km,1.3,---
2026/07/31,10:33:58.6,岩手県沖,39°15.8′N,142°21.8′E,39 km,0.9,---
2026/07/31,10:34:39.0,愛知県西部,34°56.5′N,137°20.0′E,36 km,2.8,---
2026/07/31,10:36:44.9,熊本県熊本地方,32°40.2′N,130°44.4′E,9 km,0.7,---
2026/07/31,10:38:12.9,熊本県天草・芦北地方,32°27.8′N,130°29.7′E,12 km,1.1,---
2026/07/31,10:38:43.7,熊本県熊本地方,32°33.5′N,130°37.2′E,11 km,0.5,---
2026/07/31,10:40:22.6,福島県沖,37°17.0′N,142°03.1′E,26 km,1.2,---
2026/07/31,10:42:54.4,愛知県西部,34°56.5′N,137°19.8′E,35 km,0.5,---
2026/07/31,10:45:28.8,愛知県西部,34°56.5′N,137°19.9′E,36 km,0.4,---
2026/07/31,10:45:31.5,熊本県天草・芦北地方,32°26.8′N,130°29.8′E,10 km,1.9,---
2026/07/31,10:47:04.6,熊本県天草・芦北地方,32°26.7′N,130°30.1′E,10 km,1.6,---
2026/07/31,10:48:16.2,熊本県天草・芦北地方,32°30.3′N,130°33.2′E,12 km,1.4,---
2026/07/31,10:49:21.3,愛知県西部,34°55.7′N,137°19.9′E,36 km,0.5,---
2026/07/31,10:49:41.4,熊本県天草・芦北地方,32°28.7′N,130°31.6′E,11 km,1.3,---
2026/07/31,10:51:12.3,熊本県熊本地方,32°31.6′N,130°35.0′E,10 km,1.0,---
2026/07/31,10:52:24.6,宮城県沖,37°48.0′N,142°17.3′E,27 km,2.2,---
2026/07/31,10:55:25.7,愛知県西部,34°56.5′N,137°19.8′E,36 km,0.4,---
2026/07/31,10:55:29.7,釧路沖,42°54.2′N,144°09.2′E,107 km,不明,---
2026/07/31,10:55:42.2,三陸沖,39°31.6′N,143°31.6′E,13 km,2.7,---
2026/07/31,10:56:01.6,熊本県熊本地方,32°40.2′N,130°41.8′E,15 km,1.3,---
2026/07/31,10:57:08.6,熊本県熊本地方,32°35.3′N,130°37.7′E,14 km,1.3,---
2026/07/31,10:58:00.0,熊本県熊本地方,32°35.5′N,130°41.0′E,7 km,0.6,---
2026/07/31,10:59:06.9,天草灘,31°58.9′N,129°58.3′E,11 km,0.8,---
2026/07/31,10:59:37.3,熊本県熊本地方,32°31.3′N,130°36.1′E,8 km,0.9,---
2026/07/31,11:00:03.1,熊本県天草・芦北地方,32°28.7′N,130°31.7′E,12 km,0.6,---
2026/07/31,11:00:19.0,熊本県天草・芦北地方,32°23.9′N,130°29.4′E,10 km,0.6,---
2026/07/31,11:00:51.5,熊本県天草・芦北地方,32°28.4′N,130°33.7′E,7 km,0.6,---
2026/07/31,11:02:24.9,熊本県熊本地方,32°38.1′N,130°40.5′E,14 km,1.7,---
2026/07/31,11:02:55.2,熊本県天草・芦北地方,32°26.9′N,130°33.6′E,8 km,0.7,---
2026/07/31,11:02:59.7,熊本県熊本地方,32°40.9′N,130°44.1′E,10 km,2.1,---
2026/07/31,11:04:39.9,熊本県熊本地方,32°31.0′N,130°35.0′E,9 km,0.7,---
2026/07/31,11:05:09.7,熊本県熊本地方,32°40.3′N,130°41.7′E,15 km,1.4,---
2026/07/31,11:05:11.0,大分県西部,33°16.1′N,131°18.5′E,9 km,0.5,---
2026/07/31,11:05:52.2,熊本県天草・芦北地方,32°23.5′N,130°29.3′E,8 km,0.8,---
2026/07/31,11:07:59.1,熊本県熊本地方,32°34.9′N,130°41.9′E,8 km,0.5,---
2026/07/31,11:08:35.5,熊本県熊本地方,32°40.6′N,130°43.8′E,11 km,1.6,---
2026/07/31,11:08:51.7,熊本県熊本地方,32°41.2′N,130°45.3′E,6 km,1.2,---
2026/07/31,11:08:56.4,長野県南部,35°52.8′N,137°44.8′E,6 km,2.1,---
2026/07/31,11:09:11.4,和歌山県北部,34°06.5′N,135°08.2′E,7 km,-0.1,---
2026/07/31,11:09:26.7,熊本県天草・芦北地方,32°18.9′N,130°23.6′E,12 km,0.6,---
2026/07/31,11:09:35.0,和歌山県北部,34°04.1′N,135°19.9′E,9 km,-0.1,---
2026/07/31,11:09:36.4,熊本県天草・芦北地方,32°29.2′N,130°31.7′E,11 km,0.9,---
2026/07/31,11:10:54.5,熊本県熊本地方,32°31.3′N,130°34.5′E,13 km,0.4,---
2026/07/31,11:13:08.4,熊本県天草・芦北地方,32°25.1′N,130°31.3′E,11 km,0.7,---
2026/07/31,11:13:41.2,房総半島南方沖,34°11.9′N,140°16.1′E,44 km,1.5,---
2026/07/31,11:13:55.2,熊本県天草・芦北地方,32°23.2′N,130°29.2′E,9 km,0.1,---
2026/07/31,11:14:14.4,熊本県天草・芦北地方,32°27.2′N,130°30.7′E,0 km,0.4,---
2026/07/31,11:14:32.7,熊本県天草・芦北地方,32°30.9′N,130°32.5′E,9 km,1.0,---
2026/07/31,11:15:21.0,熊本県熊本地方,32°41.3′N,130°45.7′E,11 km,0.1,---
2026/07/31,11:15:23.0,熊本県天草・芦北地方,32°26.2′N,130°31.8′E,5 km,0.9,---
2026/07/31,11:15:34.4,熊本県天草・芦北地方,32°26.5′N,130°34.3′E,11 km,1.2,---
2026/07/31,11:15:54.4,宮古島近海,24°44.2′N,125°23.6′E,23 km,1.6,---
2026/07/31,11:16:29.9,熊本県天草・芦北地方,32°29.3′N,130°32.0′E,14 km,0.5,---
2026/07/31,11:16:31.7,長野県南部,35°52.5′N,137°44.6′E,6 km,-0.3,---
2026/07/31,11:17:42.5,熊本県熊本地方,32°34.5′N,130°38.1′E,15 km,0.7,---
2026/07/31,11:17:52.4,熊本県熊本地方,32°34.1′N,130°38.2′E,11 km,1.0,---
2026/07/31,11:18:21.5,熊本県熊本地方,32°40.3′N,130°45.0′E,10 km,0.9,---
2026/07/31,11:19:14.2,鹿児島県薩摩地方,32°09.2′N,130°19.9′E,3 km,0.2,---
2026/07/31,11:19:16.5,熊本県熊本地方,32°41.1′N,130°39.9′E,16 km,0.5,---
2026/07/31,11:20:27.2,熊本県熊本地方,32°32.1′N,130°34.6′E,13 km,0.8,---
2026/07/31,11:21:27.0,熊本県熊本地方,32°31.2′N,130°34.8′E,13 km,0.5,---
2026/07/31,11:21:35.5,熊本県熊本地方,32°30.3′N,130°34.7′E,12 km,0.9,---
2026/07/31,11:22:46.5,熊本県天草・芦北地方,32°37.4′N,130°39.5′E,9 km,0.5,---
2026/07/31,11:22:55.4,熊本県熊本地方,32°40.6′N,130°44.9′E,10 km,1.1,---
2026/07/31,11:23:10.5,熊本県熊本地方,32°36.6′N,130°42.0′E,9 km,1.5,---
2026/07/31,11:23:34.2,石川県西方沖,37°04.5′N,136°24.1′E,18 km,1.0,---
2026/07/31,11:23:54.0,熊本県熊本地方,32°30.6′N,130°36.5′E,6 km,0.9,---
2026/07/31,11:24:36.0,熊本県天草・芦北地方,32°26.0′N,130°33.6′E,9 km,0.6,---
2026/07/31,11:24:36.2,岩手県内陸北部,40°06.4′N,141°21.0′E,11 km,0.7,---
2026/07/31,11:25:04.7,熊本県天草・芦北地方,32°24.4′N,130°29.3′E,7 km,0.9,---
2026/07/31,11:25:34.4,熊本県熊本地方,32°40.1′N,130°44.2′E,14 km,0.6,---
2026/07/31,11:25:58.4,熊本県天草・芦北地方,32°26.2′N,130°32.7′E,8 km,0.4,---
2026/07/31,11:26:34.6,熊本県熊本地方,32°31.9′N,130°35.9′E,14 km,0.4,---
2026/07/31,11:27:32.2,十勝地方北部,43°22.4′N,142°45.1′E,6 km,0.1,---
2026/07/31,11:27:42.6,石川県能登地方,37°18.7′N,136°53.3′E,8 km,1.0,---
2026/07/31,11:28:18.3,熊本県熊本地方,32°31.9′N,130°39.2′E,6 km,0.1,---
2026/07/31,11:29:56.4,和歌山県北部,34°04.5′N,135°21.4′E,7 km,0.4,---
2026/07/31,11:31:27.2,熊本県熊本地方,32°44.3′N,130°47.4′E,8 km,0.7,---
2026/07/31,11:31:56.7,熊本県天草・芦北地方,32°26.8′N,130°30.8′E,0 km,0.4,---
2026/07/31,11:32:09.5,房総半島南方沖,34°18.7′N,140°20.4′E,50 km,1.8,---
2026/07/31,11:32:33.6,熊本県熊本地方,32°35.6′N,130°41.9′E,7 km,1.4,---
2026/07/31,11:33:09.2,熊本県天草・芦北地方,32°28.8′N,130°32.0′E,8 km,1.2,---
2026/07/31,11:33:45.2,熊本県天草・芦北地方,32°22.9′N,130°28.7′E,9 km,0.9,---
2026/07/31,11:34:48.7,熊本県熊本地方,32°23.9′N,130°32.5′E,12 km,0.6,---
2026/07/31,11:35:06.7,福島県沖,37°25.7′N,141°52.2′E,37 km,0.8,---
2026/07/31,11:35:19.9,熊本県天草・芦北地方,32°27.8′N,130°33.0′E,6 km,1.1,---
2026/07/31,11:37:15.8,熊本県天草・芦北地方,32°26.9′N,130°33.6′E,3 km,1.0,---
2026/07/31,11:37:31.8,熊本県天草・芦北地方,32°26.1′N,130°33.4′E,12 km,1.4,---
2026/07/31,11:37:44.4,長野県南部,35°52.7′N,137°44.6′E,8 km,0.0,---
2026/07/31,11:38:12.1,新潟県上中越沖,37°36.5′N,137°31.8′E,8 km,1.2,---
2026/07/31,11:38:16.8,宮崎県南部山沿い,32°01.8′N,130°56.7′E,9 km,1.2,---
2026/07/31,11:38:43.4,熊本県天草・芦北地方,32°23.5′N,130°29.4′E,2 km,0.5,---
2026/07/31,11:40:00.7,熊本県熊本地方,32°32.4′N,130°35.4′E,10 km,0.3,---
2026/07/31,11:40:15.4,熊本県熊本地方,32°34.6′N,130°36.4′E,12 km,0.6,---
2026/07/31,11:40:23.8,熊本県熊本地方,32°39.3′N,130°43.2′E,8 km,0.4,---
2026/07/31,11:40:30.3,茨城県南部,36°16.9′N,139°56.9′E,95 km,3.6,---
2026/07/31,11:40:31.0,熊本県熊本地方,32°32.0′N,130°36.4′E,13 km,1.2,---
2026/07/31,11:41:41.8,熊本県天草・芦北地方,32°23.1′N,130°28.8′E,8 km,1.3,---
2026/07/31,11:42:10.3,熊本県熊本地方,32°34.2′N,130°37.8′E,11 km,1.6,---
2026/07/31,11:42:46.6,熊本県熊本地方,32°39.3′N,130°42.6′E,15 km,0.6,---
2026/07/31,11:42:50.4,三宅島近海,33°41.6′N,139°42.4′E,128 km,2.7,---
2026/07/31,11:43:36.0,鹿児島県薩摩地方,32°02.1′N,130°15.3′E,11 km,0.3,---
2026/07/31,11:44:41.2,熊本県天草・芦北地方,32°25.7′N,130°29.7′E,9 km,0.8,---
2026/07/31,11:45:02.3,熊本県熊本地方,32°35.0′N,130°38.5′E,8 km,0.6,---
2026/07/31,11:46:16.3,熊本県熊本地方,32°32.9′N,130°36.8′E,13 km,2.4,---
2026/07/31,11:46:51.5,宮城県沖,37°54.6′N,141°48.4′E,58 km,1.1,---
2026/07/31,11:47:47.9,熊本県熊本地方,32°32.6′N,130°36.7′E,12 km,0.5,---
2026/07/31,11:49:24.2,熊本県熊本地方,32°29.5′N,130°34.7′E,7 km,0.8,---
2026/07/31,11:49:56.6,熊本県熊本地方,32°32.5′N,130°36.3′E,11 km,0.3,---
2026/07/31,11:49:58.0,福島県沖,37°47.8′N,141°37.9′E,51 km,1.0,---
2026/07/31,11:50:21.5,熊本県天草・芦北地方,32°25.2′N,130°31.8′E,10 km,0.8,---
2026/07/31,11:50:39.3,熊本県熊本地方,32°40.4′N,130°44.6′E,10 km,0.3,---
2026/07/31,11:50:39.8,長野県北部,36°32.8′N,137°51.0′E,9 km,0.0,---
2026/07/31,11:50:47.4,奄美大島北東沖,29°20.4′N,130°33.3′E,14 km,2.1,---
2026/07/31,11:51:24.3,熊本県熊本地方,32°30.7′N,130°35.6′E,11 km,0.5,---
2026/07/31,11:51:37.5,熊本県熊本地方,32°33.0′N,130°38.3′E,9 km,0.6,---
2026/07/31,11:51:41.5,熊本県熊本地方,32°37.9′N,130°40.7′E,15 km,1.1,---
2026/07/31,11:52:10.6,天草灘,31°58.0′N,130°11.3′E,0 km,0.1,---
2026/07/31,11:54:24.5,熊本県熊本地方,32°29.4′N,130°34.4′E,7 km,1.3,---
2026/07/31,11:54:41.5,関東東方沖,34°02.8′N,140°59.2′E,37 km,1.2,---
2026/07/31,11:55:23.5,熊本県熊本地方,32°37.7′N,130°40.7′E,15 km,0.3,---
2026/07/31,11:55:37.3,熊本県天草・芦北地方,32°28.4′N,130°32.9′E,14 km,1.4,---
2026/07/31,11:56:50.4,熊本県熊本地方,32°41.1′N,130°44.7′E,10 km,1.2,---
2026/07/31,11:58:39.6,熊本県熊本地方,32°39.4′N,130°42.5′E,11 km,0.2,---
2026/07/31,11:59:02.2,熊本県熊本地方,32°33.0′N,130°37.1′E,12 km,0.9,---
2026/07/31,11:59:04.2,種子島近海,30°46.1′N,130°40.3′E,66 km,0.9,---
2026/07/31,11:59:33.5,熊本県天草・芦北地方,32°28.5′N,130°31.4′E,9 km,0.4,---
2026/07/31,11:59:52.6,宮城県沖,38°07.7′N,142°22.8′E,26 km,1.4,---
2026/07/31,12:00:20.6,熊本県熊本地方,32°33.6′N,130°38.7′E,7 km,0.4,---
2026/07/31,12:01:20.5,熊本県熊本地方,32°30.6′N,130°34.5′E,11 km,0.8,---
2026/07/31,12:01:57.7,熊本県天草・芦北地方,32°25.1′N,130°31.5′E,12 km,1.0,---
2026/07/31,12:02:14.4,長野県中部,36°06.0′N,137°38.0′E,9 km,-0.3,---
2026/07/31,12:03:19.6,福島県沖,37°27.6′N,141°56.9′E,32 km,1.2,---
2026/07/31,12:03:56.1,熊本県熊本地方,32°40.7′N,130°42.9′E,15 km,0.2,---
2026/07/31,12:04:54.9,熊本県天草・芦北地方,32°24.2′N,130°29.7′E,10 km,0.6,---
2026/07/31,12:05:10.3,宮城県沖,38°59.1′N,142°26.4′E,27 km,1.3,---
2026/07/31,12:05:21.6,福島県中通り,37°05.9′N,140°25.6′E,9 km,0.6,---
2026/07/31,12:05:37.5,熊本県熊本地方,32°32.7′N,130°37.1′E,13 km,0.2,---
2026/07/31,12:05:56.5,熊本県天草・芦北地方,32°27.7′N,130°34.7′E,6 km,2.7,---
2026/07/31,12:06:53.7,宮城県沖,38°00.9′N,142°11.8′E,36 km,1.1,---
2026/07/31,12:07:34.9,福井県嶺北,36°05.1′N,136°13.6′E,10 km,0.4,---
2026/07/31,12:08:17.1,熊本県熊本地方,32°40.8′N,130°46.8′E,15 km,0.8,---
2026/07/31,12:09:21.0,鹿児島県薩摩地方,32°11.9′N,130°09.6′E,6 km,0.5,---
2026/07/31,12:09:22.1,熊本県熊本地方,32°42.4′N,130°46.9′E,7 km,1.3,---
2026/07/31,12:09:54.6,熊本県熊本地方,32°35.5′N,130°37.8′E,10 km,0.3,---
2026/07/31,12:11:00.0,熊本県熊本地方,32°37.5′N,130°44.0′E,8 km,0.6,---
2026/07/31,12:11:42.2,熊本県熊本地方,32°41.8′N,130°43.7′E,12 km,0.7,---
2026/07/31,12:12:01.0,熊本県熊本地方,32°31.2′N,130°35.3′E,14 km,0.8,---
2026/07/31,12:12:27.0,熊本県熊本地方,32°31.0′N,130°34.4′E,11 km,0.0,---
2026/07/31,12:12:32.4,岐阜県美濃中西部,35°23.8′N,136°52.6′E,8 km,1.1,---
2026/07/31,12:12:35.3,岩手県沖,40°09.3′N,141°58.6′E,64 km,0.6,---
2026/07/31,12:13:30.2,熊本県天草・芦北地方,32°31.2′N,130°33.0′E,14 km,0.4,---
2026/07/31,12:13:35.9,石垣島北西沖,25°00.2′N,124°02.5′E,124 km,1.5,---
2026/07/31,12:13:41.3,岐阜県美濃中西部,35°23.6′N,136°52.6′E,8 km,1.8,---
2026/07/31,12:13:46.3,熊本県熊本地方,32°32.9′N,130°39.1′E,7 km,1.2,---
2026/07/31,12:14:56.8,長野県南部,35°52.9′N,137°44.7′E,7 km,0.5,---
2026/07/31,12:15:58.0,熊本県熊本地方,32°38.7′N,130°44.1′E,8 km,-0.1,---
2026/07/31,12:18:08.0,熊本県天草・芦北地方,32°28.9′N,130°31.8′E,14 km,0.9,---
2026/07/31,12:18:58.0,熊本県熊本地方,32°32.4′N,130°36.4′E,13 km,1.5,---
2026/07/31,12:19:37.1,熊本県熊本地方,32°39.2′N,130°43.1′E,10 km,0.7,---
2026/07/31,12:19:46.3,山口県中部,34°24.8′N,131°36.3′E,31 km,0.6,---
2026/07/31,12:19:57.0,熊本県熊本地方,32°37.7′N,130°43.7′E,10 km,0.4,---
2026/07/31,12:20:19.1,熊本県天草・芦北地方,32°28.3′N,130°31.0′E,11 km,0.3,---
2026/07/31,12:20:35.3,熊本県熊本地方,32°32.2′N,130°35.2′E,8 km,0.1,---
2026/07/31,12:21:43.7,熊本県天草・芦北地方,32°27.8′N,130°33.5′E,13 km,0.3,---
2026/07/31,12:22:16.0,熊本県天草・芦北地方,32°24.7′N,130°30.6′E,7 km,0.5,---
2026/07/31,12:22:25.8,日向灘,32°42.0′N,132°00.3′E,40 km,0.3,---
2026/07/31,12:24:27.9,熊本県熊本地方,32°41.9′N,130°40.2′E,11 km,0.4,---
2026/07/31,12:25:03.8,熊本県天草・芦北地方,32°30.7′N,130°32.6′E,11 km,0.7,---
2026/07/31,12:26:38.5,熊本県熊本地方,32°33.0′N,130°39.6′E,8 km,0.5,---
2026/07/31,12:26:50.2,日向灘,32°46.6′N,132°17.3′E,35 km,1.0,---
2026/07/31,12:27:13.2,熊本県熊本地方,32°30.9′N,130°35.7′E,8 km,1.5,---
2026/07/31,12:27:59.6,和歌山県北部,34°04.0′N,135°21.3′E,7 km,0.0,---
2026/07/31,12:28:04.3,熊本県熊本地方,32°34.7′N,130°40.2′E,7 km,0.2,---
2026/07/31,12:28:11.6,島根県東部,35°20.1′N,133°12.5′E,16 km,0.4,---
2026/07/31,12:28:18.8,静岡県中部,34°56.6′N,138°16.1′E,19 km,-0.1,---
2026/07/31,12:28:26.7,和歌山県北部,34°04.5′N,135°21.3′E,7 km,0.1,---
2026/07/31,12:28:59.6,熊本県天草・芦北地方,32°27.5′N,130°29.1′E,12 km,0.9,---
2026/07/31,12:29:15.8,熊本県熊本地方,32°38.3′N,130°42.9′E,10 km,0.6,---
2026/07/31,12:29:26.6,熊本県熊本地方,32°30.4′N,130°35.3′E,11 km,1.1,---
2026/07/31,12:29:50.6,熊本県熊本地方,32°37.6′N,130°42.6′E,6 km,0.5,---
2026/07/31,12:30:20.0,熊本県球磨地方,32°17.0′N,130°47.9′E,10 km,1.1,---
2026/07/31,12:30:38.3,宮城県沖,38°48.1′N,141°34.9′E,72 km,2.6,---
2026/07/31,12:31:24.5,熊本県熊本地方,32°43.3′N,130°47.2′E,9 km,0.3,---
2026/07/31,12:32:18.7,長野県北部,36°46.2′N,137°53.4′E,5 km,0.1,---
2026/07/31,12:33:07.9,熊本県熊本地方,32°31.0′N,130°35.9′E,10 km,1.4,---
2026/07/31,12:33:36.5,熊本県天草・芦北地方,32°28.5′N,130°31.1′E,10 km,0.2,---
2026/07/31,12:33:44.0,熊本県天草・芦北地方,32°25.4′N,130°29.6′E,7 km,1.1,---
2026/07/31,12:34:47.8,熊本県天草・芦北地方,32°27.7′N,130°32.4′E,14 km,2.0,---
2026/07/31,12:37:09.4,熊本県熊本地方,32°28.6′N,130°36.6′E,10 km,0.4,---
2026/07/31,12:37:37.4,熊本県天草・芦北地方,32°27.7′N,130°32.3′E,14 km,0.7,---
2026/07/31,12:38:12.6,熊本県天草・芦北地方,32°24.5′N,130°28.5′E,14 km,0.5,---
2026/07/31,12:39:51.5,三河湾,34°49.1′N,136°57.2′E,37 km,0.7,---
2026/07/31,12:39:56.5,熊本県熊本地方,32°29.5′N,130°34.5′E,15 km,3.6,---
2026/07/31,12:42:23.9,熊本県熊本地方,32°37.0′N,130°43.3′E,4 km,0.4,---
2026/07/31,12:43:09.0,山口県中部,34°24.1′N,131°36.4′E,32 km,0.3,---
2026/07/31,12:43:24.1,鹿児島県薩摩地方,32°09.0′N,130°34.3′E,9 km,0.4,---
2026/07/31,12:43:25.1,熊本県天草・芦北地方,32°27.1′N,130°33.0′E,10 km,1.0,---
2026/07/31,12:44:04.4,熊本県天草・芦北地方,32°24.8′N,130°27.9′E,2 km,0.1,---
2026/07/31,12:44:22.2,豊後水道,33°26.4′N,132°19.5′E,43 km,-0.2,---
2026/07/31,12:44:33.3,岐阜県美濃中西部,35°24.2′N,136°53.4′E,10 km,0.0,---
2026/07/31,12:44:44.7,日向灘,32°27.9′N,131°49.1′E,43 km,0.4,---
2026/07/31,12:44:57.7,熊本県天草・芦北地方,32°15.0′N,130°24.9′E,4 km,0.7,---
2026/07/31,12:45:23.3,石川県能登地方,37°15.3′N,136°44.8′E,8 km,1.2,---
2026/07/31,12:46:39.2,熊本県熊本地方,32°38.1′N,130°41.3′E,14 km,0.5,---
2026/07/31,12:47:09.0,熊本県天草・芦北地方,32°29.7′N,130°32.9′E,12 km,2.2,---
2026/07/31,12:47:27.8,石川県能登地方,37°26.0′N,137°15.2′E,13 km,1.2,---
2026/07/31,12:47:45.7,熊本県熊本地方,32°37.5′N,130°40.1′E,16 km,0.8,---
2026/07/31,12:48:09.1,宮城県沖,38°17.8′N,142°22.4′E,37 km,2.4,---
2026/07/31,12:48:58.2,熊本県天草・芦北地方,32°14.7′N,130°24.8′E,10 km,-0.1,---
2026/07/31,12:49:22.7,熊本県熊本地方,32°37.8′N,130°40.3′E,15 km,0.8,---
2026/07/31,12:49:44.7,熊本県熊本地方,32°38.4′N,130°42.6′E,9 km,0.5,---
2026/07/31,12:49:47.7,福島県会津,37°46.1′N,140°03.4′E,10 km,0.4,---
2026/07/31,12:51:28.7,長野県北部,36°33.0′N,137°51.7′E,8 km,0.5,---
2026/07/31,12:53:10.8,熊本県熊本地方,32°39.8′N,130°43.6′E,12 km,0.5,---
2026/07/31,12:53:25.4,房総半島南方沖,34°19.1′N,140°16.1′E,64 km,1.8,---
2026/07/31,12:54:18.1,熊本県天草・芦北地方,32°14.1′N,130°25.7′E,9 km,0.1,---
2026/07/31,12:54:56.9,山口県中部,34°24.9′N,131°35.8′E,31 km,0.4,---
2026/07/31,12:55:14.8,熊本県天草・芦北地方,32°26.8′N,130°33.5′E,0 km,0.5,---
2026/07/31,12:55:33.8,関東東方沖,36°33.3′N,142°30.3′E,21 km,1.0,---
2026/07/31,12:56:30.8,熊本県熊本地方,32°33.4′N,130°38.9′E,7 km,1.1,---
2026/07/31,12:56:41.7,熊本県天草・芦北地方,32°27.2′N,130°33.0′E,1 km,2.0,---
2026/07/31,12:57:17.4,熊本県熊本地方,32°40.6′N,130°45.0′E,10 km,2.5,---
2026/07/31,12:58:29.1,熊本県天草・芦北地方,32°27.2′N,130°30.5′E,13 km,0.8,---
2026/07/31,12:59:42.2,熊本県天草・芦北地方,32°26.3′N,130°29.5′E,5 km,0.7,---
2026/07/31,13:00:52.7,熊本県熊本地方,32°33.6′N,130°38.4′E,13 km,0.3,---
2026/07/31,13:01:14.4,熊本県天草・芦北地方,32°28.5′N,130°34.1′E,8 km,0.7,---
2026/07/31,13:02:00.7,熊本県熊本地方,32°34.1′N,130°39.4′E,4 km,0.8,---
2026/07/31,13:02:21.8,熊本県熊本地方,32°32.4′N,130°37.9′E,4 km,1.3,---
2026/07/31,13:02:39.3,奄美大島近海,27°24.4′N,129°17.0′E,23 km,1.7,---
2026/07/31,13:03:25.2,岐阜県美濃中西部,35°23.9′N,136°52.8′E,8 km,0.8,---
2026/07/31,13:03:41.4,熊本県熊本地方,32°34.3′N,130°39.9′E,7 km,0.3,---
2026/07/31,13:04:21.1,熊本県熊本地方,32°38.4′N,130°43.0′E,9 km,1.2,---
2026/07/31,13:05:39.9,熊本県天草・芦北地方,32°31.5′N,130°33.4′E,13 km,1.1,---
2026/07/31,13:07:25.9,熊本県熊本地方,32°34.4′N,130°37.7′E,11 km,3.3,---
2026/07/31,13:08:42.2,熊本県天草・芦北地方,32°28.3′N,130°33.2′E,15 km,1.7,---
2026/07/31,13:09:42.4,熊本県天草・芦北地方,32°19.9′N,130°27.8′E,12 km,0.7,---
2026/07/31,13:10:11.0,熊本県天草・芦北地方,32°26.5′N,130°28.5′E,12 km,0.9,---
2026/07/31,13:10:39.8,熊本県熊本地方,32°38.9′N,130°42.3′E,13 km,0.6,---
2026/07/31,13:11:44.1,熊本県天草・芦北地方,32°28.7′N,130°33.8′E,9 km,0.6,---
2026/07/31,13:13:15.0,熊本県熊本地方,32°32.3′N,130°39.2′E,4 km,1.1,---
2026/07/31,13:14:08.6,日向灘,32°02.7′N,131°41.3′E,38 km,0.7,---
2026/07/31,13:16:57.8,熊本県天草・芦北地方,32°23.2′N,130°28.9′E,9 km,1.3,---
2026/07/31,13:17:32.8,熊本県熊本地方,32°29.7′N,130°38.5′E,10 km,1.1,---
2026/07/31,13:18:38.7,熊本県熊本地方,32°33.3′N,130°39.4′E,3 km,0.6,---
2026/07/31,13:18:46.7,西表島付近,24°02.8′N,123°42.6′E,14 km,3.2,---
2026/07/31,13:19:22.5,熊本県天草・芦北地方,32°27.0′N,130°33.4′E,7 km,0.2,---
2026/07/31,13:20:34.9,薩摩半島西方沖,31°48.0′N,129°45.0′E,15 km,0.3,---
2026/07/31,13:21:05.0,茨城県沖,36°29.1′N,141°04.5′E,37 km,1.9,---
2026/07/31,13:22:03.7,熊本県天草・芦北地方,32°26.0′N,130°29.5′E,10 km,0.9,---
2026/07/31,13:22:34.5,熊本県熊本地方,32°40.1′N,130°42.6′E,15 km,0.5,---
2026/07/31,13:24:00.8,熊本県熊本地方,32°30.3′N,130°34.7′E,7 km,0.4,---
2026/07/31,13:24:17.5,熊本県熊本地方,32°40.7′N,130°42.9′E,13 km,0.7,---
2026/07/31,13:25:00.8,石川県能登地方,37°21.8′N,136°58.4′E,8 km,2.3,---
2026/07/31,13:25:48.6,熊本県天草・芦北地方,32°27.8′N,130°34.7′E,0 km,1.1,---
2026/07/31,13:26:04.4,熊本県熊本地方,32°42.5′N,130°46.3′E,9 km,0.6,---
2026/07/31,13:26:11.1,熊本県天草・芦北地方,32°15.3′N,130°25.4′E,9 km,0.4,---
2026/07/31,13:26:30.7,徳島県南部,33°47.4′N,134°11.8′E,6 km,0.6,---
2026/07/31,13:26:46.4,熊本県天草・芦北地方,32°28.6′N,130°30.8′E,0 km,0.2,---
2026/07/31,13:27:32.8,熊本県天草・芦北地方,32°30.7′N,130°31.9′E,10 km,0.2,---
2026/07/31,13:30:08.6,熊本県熊本地方,32°40.0′N,130°44.2′E,4 km,0.2,---
2026/07/31,13:31:30.5,熊本県熊本地方,32°34.1′N,130°37.7′E,11 km,1.4,---
2026/07/31,13:32:07.0,熊本県天草・芦北地方,32°24.5′N,130°30.2′E,0 km,0.3,---
2026/07/31,13:33:22.8,熊本県天草・芦北地方,32°27.6′N,130°30.9′E,9 km,1.6,---
2026/07/31,13:33:57.3,熊本県天草・芦北地方,32°21.8′N,130°27.0′E,6 km,0.2,---
2026/07/31,13:34:54.7,熊本県天草・芦北地方,32°27.6′N,130°32.4′E,14 km,0.8,---
2026/07/31,13:35:38.4,熊本県天草・芦北地方,32°30.8′N,130°32.7′E,11 km,1.8,---
2026/07/31,13:35:43.6,三陸沖,37°53.1′N,144°48.2′E,30 km,1.9,---
2026/07/31,13:36:04.1,岐阜県飛騨地方,35°48.8′N,137°09.3′E,11 km,0.9,---
2026/07/31,13:37:08.4,熊本県天草・芦北地方,32°28.9′N,130°31.3′E,10 km,1.2,---
2026/07/31,13:37:53.5,熊本県熊本地方,32°40.3′N,130°42.5′E,15 km,0.6,---
2026/07/31,13:37:57.0,宮崎県南部山沿い,32°03.4′N,131°03.0′E,10 km,0.6,---
2026/07/31,13:39:26.6,奄美大島近海,28°01.2′N,129°32.2′E,22 km,1.2,---
2026/07/31,13:39:47.2,熊本県熊本地方,32°25.5′N,130°33.0′E,0 km,1.1,---
2026/07/31,13:40:33.5,大分県中部,33°15.1′N,131°19.6′E,8 km,0.7,---
2026/07/31,13:40:42.5,大分県中部,33°15.0′N,131°19.7′E,8 km,2.2,---
2026/07/31,13:43:25.8,熊本県熊本地方,32°33.7′N,130°40.9′E,8 km,2.3,---
2026/07/31,13:44:20.1,熊本県熊本地方,32°29.0′N,130°34.2′E,9 km,1.5,---
2026/07/31,13:46:25.0,熊本県天草・芦北地方,32°27.4′N,130°31.5′E,9 km,0.5,---
2026/07/31,13:47:13.0,熊本県熊本地方,32°37.7′N,130°42.8′E,8 km,0.6,---
2026/07/31,13:47:17.9,岩手県沖,39°56.8′N,142°06.4′E,38 km,0.7,---
2026/07/31,13:48:35.0,熊本県熊本地方,32°32.3′N,130°35.8′E,11 km,0.8,---
2026/07/31,13:48:47.5,熊本県熊本地方,32°38.4′N,130°43.9′E,9 km,0.7,---
2026/07/31,13:49:08.7,熊本県天草・芦北地方,32°30.0′N,130°31.9′E,11 km,0.9,---
2026/07/31,13:49:22.0,熊本県天草・芦北地方,32°27.8′N,130°32.7′E,10 km,0.6,---
2026/07/31,13:49:51.5,熊本県熊本地方,32°40.1′N,130°42.7′E,14 km,0.8,---
2026/07/31,13:49:54.8,長野県北部,36°34.3′N,137°50.4′E,6 km,1.4,---
2026/07/31,13:50:04.7,熊本県熊本地方,32°33.9′N,130°37.9′E,13 km,1.0,---
2026/07/31,13:50:38.3,岩手県沖,39°40.7′N,142°06.8′E,48 km,1.4,---
2026/07/31,13:50:46.4,熊本県熊本地方,32°38.1′N,130°41.1′E,6 km,0.5,---
2026/07/31,13:50:50.6,福島県沖,37°21.4′N,142°02.8′E,26 km,1.2,---
2026/07/31,13:51:27.8,熊本県熊本地方,32°28.5′N,130°35.8′E,0 km,0.6,---
2026/07/31,13:51:43.5,熊本県天草・芦北地方,32°19.6′N,130°28.4′E,5 km,1.4,---
2026/07/31,13:52:58.3,熊本県熊本地方,32°40.2′N,130°44.7′E,11 km,0.5,---
2026/07/31,13:53:55.1,熊本県熊本地方,32°34.2′N,130°39.7′E,2 km,2.0,---
2026/07/31,13:54:54.5,熊本県熊本地方,32°38.3′N,130°43.4′E,9 km,1.0,---
2026/07/31,13:56:15.4,熊本県熊本地方,32°33.7′N,130°40.2′E,3 km,1.1,---
2026/07/31,13:58:12.0,熊本県熊本地方,32°37.3′N,130°42.8′E,7 km,0.9,---
2026/07/31,13:58:14.9,長野県北部,36°34.3′N,137°52.0′E,7 km,0.2,---
2026/07/31,13:59:05.7,熊本県熊本地方,32°35.3′N,130°38.9′E,12 km,0.6,---
2026/07/31,13:59:47.1,熊本県熊本地方,32°39.7′N,130°44.0′E,9 km,0.8,---
2026/07/31,14:00:27.6,熊本県熊本地方,32°44.0′N,130°47.7′E,6 km,2.1,---
2026/07/31,14:00:48.3,熊本県熊本地方,32°30.1′N,130°34.1′E,14 km,1.6,---
2026/07/31,14:01:21.4,熊本県天草・芦北地方,32°29.0′N,130°31.2′E,8 km,0.7,---
2026/07/31,14:06:31.9,熊本県熊本地方,32°37.4′N,130°42.8′E,9 km,0.7,---
2026/07/31,14:07:33.8,熊本県熊本地方,32°43.7′N,130°46.1′E,10 km,1.6,---
2026/07/31,14:08:12.2,熊本県天草・芦北地方,32°28.4′N,130°30.2′E,8 km,0.7,---
2026/07/31,14:08:55.9,熊本県天草・芦北地方,32°18.8′N,130°27.4′E,8 km,2.1,---
2026/07/31,14:09:33.4,鳥取県中部,35°23.8′N,133°46.6′E,6 km,0.2,---
2026/07/31,14:09:42.6,高知県中部,33°45.4′N,133°26.2′E,35 km,0.7,---
2026/07/31,14:11:25.0,天草灘,31°57.7′N,130°06.5′E,3 km,0.4,---
2026/07/31,14:12:09.4,熊本県熊本地方,32°30.9′N,130°43.3′E,13 km,0.6,---
2026/07/31,14:12:48.1,熊本県熊本地方,32°35.4′N,130°38.3′E,14 km,0.4,---
2026/07/31,14:14:36.2,熊本県熊本地方,32°38.5′N,130°44.1′E,8 km,0.5,---
2026/07/31,14:15:10.6,熊本県熊本地方,32°33.9′N,130°35.2′E,12 km,0.9,---
2026/07/31,14:16:08.5,熊本県熊本地方,32°37.4′N,130°41.6′E,9 km,0.7,---
2026/07/31,14:16:17.7,熊本県熊本地方,32°39.2′N,130°45.4′E,10 km,0.5,---
2026/07/31,14:17:15.7,熊本県熊本地方,32°40.4′N,130°44.3′E,11 km,0.7,---
2026/07/31,14:17:39.2,熊本県熊本地方,32°29.4′N,130°34.3′E,14 km,0.3,---
2026/07/31,14:17:50.0,和歌山県北部,34°04.3′N,135°19.2′E,9 km,-0.3,---
2026/07/31,14:18:07.1,熊本県熊本地方,32°29.8′N,130°34.4′E,13 km,0.7,---
2026/07/31,14:18:40.5,熊本県天草・芦北地方,32°23.3′N,130°27.8′E,6 km,0.9,---
2026/07/31,14:19:19.8,茨城県北部,36°43.6′N,140°33.2′E,10 km,0.4,---
2026/07/31,14:19:41.6,熊本県天草・芦北地方,32°27.5′N,130°31.8′E,10 km,0.6,---
2026/07/31,14:20:13.9,熊本県熊本地方,32°34.2′N,130°37.2′E,12 km,1.2,---
2026/07/31,14:21:37.4,熊本県天草・芦北地方,32°32.8′N,130°33.9′E,5 km,0.4,---
2026/07/31,14:22:31.2,熊本県熊本地方,32°33.4′N,130°36.9′E,11 km,1.5,---
2026/07/31,14:23:03.1,熊本県天草・芦北地方,32°28.2′N,130°32.7′E,15 km,0.7,---
2026/07/31,14:23:15.4,熊本県熊本地方,32°25.6′N,130°33.2′E,7 km,1.6,---
2026/07/31,14:24:41.7,熊本県熊本地方,32°35.4′N,130°41.9′E,2 km,0.3,---
2026/07/31,14:25:06.1,長野県中部,36°11.7′N,137°54.9′E,10 km,0.2,---
2026/07/31,14:25:06.8,熊本県天草・芦北地方,32°25.9′N,130°32.0′E,13 km,1.5,---
2026/07/31,14:25:50.3,熊本県天草・芦北地方,32°22.9′N,130°28.8′E,8 km,1.5,---
2026/07/31,14:27:14.0,熊本県天草・芦北地方,32°26.1′N,130°32.3′E,4 km,0.6,---
2026/07/31,14:28:08.4,熊本県天草・芦北地方,32°32.2′N,130°33.3′E,13 km,0.6,---
2026/07/31,14:28:22.8,熊本県天草・芦北地方,32°30.6′N,130°32.1′E,14 km,0.7,---
2026/07/31,14:28:58.0,岩手県沖,40°04.9′N,142°06.6′E,47 km,0.9,---
2026/07/31,14:29:10.7,熊本県天草・芦北地方,32°25.0′N,130°29.9′E,6 km,0.6,---
2026/07/31,14:29:30.8,熊本県熊本地方,32°48.7′N,130°48.0′E,9 km,0.2,---
2026/07/31,14:29:55.6,熊本県天草・芦北地方,32°28.2′N,130°32.2′E,9 km,0.6,---
2026/07/31,14:30:12.8,熊本県熊本地方,32°34.0′N,130°40.8′E,8 km,1.6,---
2026/07/31,14:30:58.3,熊本県熊本地方,32°29.1′N,130°34.3′E,12 km,0.6,---
2026/07/31,14:32:51.4,熊本県熊本地方,32°40.4′N,130°44.0′E,10 km,0.6,---
2026/07/31,14:33:03.5,宮城県沖,38°19.1′N,142°07.8′E,34 km,0.5,---
2026/07/31,14:34:17.4,熊本県熊本地方,32°38.4′N,130°43.1′E,10 km,0.8,---
2026/07/31,14:36:06.8,熊本県熊本地方,32°47.8′N,130°48.0′E,11 km,0.6,---
2026/07/31,14:36:26.3,熊本県熊本地方,32°30.4′N,130°35.2′E,13 km,0.7,---
2026/07/31,14:37:13.6,熊本県天草・芦北地方,32°26.4′N,130°34.3′E,7 km,0.3,---
2026/07/31,14:37:58.3,渡島地方東部,42°06.3′N,140°26.4′E,4 km,1.1,---
2026/07/31,14:38:48.4,熊本県天草・芦北地方,32°28.0′N,130°33.1′E,9 km,0.4,---
2026/07/31,14:39:27.5,熊本県熊本地方,32°24.4′N,130°34.0′E,14 km,2.3,---
2026/07/31,14:39:50.1,熊本県天草・芦北地方,32°29.8′N,130°32.3′E,9 km,1.1,---
2026/07/31,14:40:19.8,熊本県熊本地方,32°43.0′N,130°47.3′E,5 km,0.6,---
2026/07/31,14:41:15.6,熊本県天草・芦北地方,32°23.7′N,130°29.4′E,8 km,0.8,---
2026/07/31,14:41:50.3,福島県沖,37°10.4′N,142°04.2′E,25 km,1.3,---
2026/07/31,14:41:56.8,熊本県天草・芦北地方,32°22.9′N,130°29.4′E,8 km,0.5,---
2026/07/31,14:43:13.2,熊本県熊本地方,32°40.8′N,130°45.0′E,9 km,1.2,---
2026/07/31,14:43:40.1,三重県南東沖,33°28.6′N,138°03.4′E,46 km,1.9,---
2026/07/31,14:44:08.3,熊本県熊本地方,32°42.8′N,130°45.9′E,9 km,1.5,---
2026/07/31,14:44:25.7,福島県沖,37°25.0′N,141°55.4′E,14 km,1.8,---
2026/07/31,14:44:48.6,熊本県熊本地方,32°35.9′N,130°40.8′E,8 km,3.0,---
2026/07/31,14:46:43.3,熊本県熊本地方,32°43.5′N,130°46.0′E,11 km,0.5,---
2026/07/31,14:47:14.4,福島県沖,37°26.6′N,141°23.3′E,37 km,0.9,---
2026/07/31,14:47:58.1,熊本県熊本地方,32°29.3′N,130°35.9′E,4 km,0.7,---
2026/07/31,14:48:01.3,宮城県沖,38°11.9′N,142°20.3′E,33 km,0.8,---
2026/07/31,14:48:04.3,九州地方南東沖,30°11.9′N,132°35.2′E,49 km,3.0,---
2026/07/31,14:49:30.1,沖縄本島近海,26°40.2′N,127°48.6′E,42 km,1.9,---
2026/07/31,14:50:17.6,熊本県天草・芦北地方,32°28.4′N,130°31.0′E,1 km,0.8,---
2026/07/31,14:51:20.7,熊本県天草・芦北地方,32°22.1′N,130°26.5′E,10 km,0.0,---
2026/07/31,14:51:52.9,熊本県天草・芦北地方,32°26.1′N,130°29.4′E,7 km,0.4,---
2026/07/31,14:52:12.7,熊本県熊本地方,32°30.8′N,130°35.1′E,9 km,0.5,---
2026/07/31,14:53:25.4,宮城県沖,38°16.2′N,142°08.8′E,36 km,1.0,---
2026/07/31,14:53:47.1,熊本県天草・芦北地方,32°31.5′N,130°33.5′E,14 km,1.0,---
2026/07/31,14:54:11.4,岩手県内陸南部,39°03.6′N,140°53.7′E,6 km,0.4,---
2026/07/31,14:55:07.5,熊本県熊本地方,32°32.0′N,130°35.6′E,12 km,0.5,---
2026/07/31,14:55:45.4,熊本県熊本地方,32°39.0′N,130°41.5′E,15 km,0.6,---
2026/07/31,14:57:00.9,熊本県天草・芦北地方,32°25.9′N,130°28.8′E,15 km,0.1,---
2026/07/31,14:57:32.0,山口県中部,34°21.6′N,131°37.3′E,13 km,0.5,---
2026/07/31,14:58:25.3,熊本県熊本地方,32°30.1′N,130°35.4′E,8 km,1.2,---
2026/07/31,14:58:54.6,熊本県熊本地方,32°30.1′N,130°35.1′E,7 km,1.0,---
2026/07/31,14:59:09.9,岡山県北部,35°10.3′N,134°15.8′E,12 km,0.1,---
2026/07/31,14:59:19.5,熊本県熊本地方,32°23.0′N,130°36.2′E,4 km,0.6,---
2026/07/31,15:00:58.7,熊本県天草・芦北地方,32°18.0′N,130°27.4′E,7 km,2.6,---
2026/07/31,15:03:00.6,熊本県熊本地方,32°30.0′N,130°35.4′E,10 km,0.7,---
2026/07/31,15:03:43.4,熊本県熊本地方,32°40.5′N,130°44.6′E,9 km,0.7,---
2026/07/31,15:05:30.1,熊本県熊本地方,32°37.3′N,130°41.5′E,11 km,0.4,---
2026/07/31,15:05:47.4,熊本県天草・芦北地方,32°27.7′N,130°34.4′E,6 km,0.7,---
2026/07/31,15:07:28.8,熊本県熊本地方,32°44.0′N,130°46.1′E,9 km,0.7,---
2026/07/31,15:09:29.2,熊本県熊本地方,32°29.5′N,130°34.8′E,6 km,0.9,---
2026/07/31,15:10:25.4,宮城県沖,37°58.7′N,142°27.7′E,22 km,1.0,---
2026/07/31,15:12:30.6,熊本県熊本地方,32°31.7′N,130°34.0′E,7 km,2.2,---
2026/07/31,15:12:54.9,静岡県西部,34°59.4′N,137°57.4′E,11 km,-0.2,---
2026/07/31,15:13:15.0,千葉県南部,35°14.0′N,140°13.9′E,61 km,1.0,---
2026/07/31,15:13:37.9,熊本県熊本地方,32°33.6′N,130°37.5′E,10 km,0.6,---
2026/07/31,15:14:01.2,岩手県沖,40°15.0′N,142°28.8′E,19 km,1.1,---
2026/07/31,15:14:08.3,熊本県熊本地方,32°41.2′N,130°44.1′E,12 km,0.3,---
2026/07/31,15:15:16.0,熊本県熊本地方,32°35.9′N,130°41.8′E,6 km,1.8,---
2026/07/31,15:16:11.4,熊本県天草・芦北地方,32°23.4′N,130°29.0′E,8 km,0.9,---
2026/07/31,15:16:39.3,長野県中部,36°06.4′N,137°38.1′E,8 km,-0.3,---
2026/07/31,15:16:45.7,熊本県熊本地方,32°34.6′N,130°41.6′E,6 km,1.1,---
2026/07/31,15:19:10.5,熊本県熊本地方,32°39.8′N,130°42.0′E,16 km,0.6,---
2026/07/31,15:21:42.0,熊本県天草・芦北地方,32°30.8′N,130°33.9′E,11 km,0.8,---
2026/07/31,15:21:58.0,熊本県熊本地方,32°31.1′N,130°35.6′E,14 km,2.2,---
2026/07/31,15:23:01.3,熊本県天草・芦北地方,32°27.5′N,130°32.3′E,8 km,1.4,---
2026/07/31,15:23:13.4,和歌山県北部,34°04.0′N,135°18.7′E,9 km,0.1,---
2026/07/31,15:24:38.0,紀伊水道,33°51.0′N,134°59.2′E,11 km,1.1,---
2026/07/31,15:25:46.4,熊本県熊本地方,32°29.3′N,130°35.6′E,10 km,0.2,---
2026/07/31,15:26:24.4,熊本県熊本地方,32°29.5′N,130°34.0′E,12 km,0.6,---
2026/07/31,15:28:42.6,熊本県熊本地方,32°33.7′N,130°41.1′E,9 km,3.9,---
2026/07/31,15:29:28.3,栃木県北部,36°37.0′N,139°26.1′E,6 km,0.1,---
2026/07/31,15:30:08.5,茨城県沖,36°31.7′N,140°42.1′E,81 km,1.0,---
2026/07/31,15:31:05.9,熊本県熊本地方,32°29.9′N,130°35.3′E,12 km,0.7,---
2026/07/31,15:31:45.1,熊本県天草・芦北地方,32°25.7′N,130°31.9′E,13 km,1.5,---
2026/07/31,15:31:53.3,岩手県沖,40°07.3′N,142°46.8′E,25 km,1.0,---
2026/07/31,15:32:05.3,熊本県熊本地方,32°40.7′N,130°44.0′E,12 km,2.7,---
2026/07/31,15:33:30.0,熊本県熊本地方,32°33.0′N,130°39.3′E,9 km,0.3,---
2026/07/31,15:35:04.5,紀伊水道,33°39.3′N,135°10.0′E,41 km,1.5,---
2026/07/31,15:35:14.6,大分県中部,33°15.8′N,131°18.3′E,6 km,0.5,---
2026/07/31,15:35:16.9,熊本県天草・芦北地方,32°19.4′N,130°28.4′E,6 km,2.0,---
2026/07/31,15:35:20.9,静岡県西部,34°52.8′N,137°49.2′E,18 km,-0.2,---
2026/07/31,15:36:19.1,熊本県天草・芦北地方,32°26.1′N,130°32.1′E,12 km,1.1,---
2026/07/31,15:37:08.7,熊本県天草・芦北地方,32°11.6′N,130°21.1′E,5 km,0.9,---
2026/07/31,15:39:55.4,熊本県熊本地方,32°31.2′N,130°34.1′E,12 km,0.7,---
2026/07/31,15:39:59.6,和歌山県南部,33°48.6′N,135°51.9′E,22 km,1.4,---
2026/07/31,15:44:43.7,北見地方,43°44.8′N,143°50.7′E,146 km,1.6,---
2026/07/31,15:47:41.4,熊本県天草・芦北地方,32°29.1′N,130°32.0′E,6 km,0.3,---
2026/07/31,15:47:53.3,熊本県熊本地方,32°41.6′N,130°45.5′E,10 km,1.3,---
2026/07/31,15:48:18.3,熊本県熊本地方,32°33.7′N,130°36.9′E,11 km,0.8,---
2026/07/31,15:51:31.7,熊本県天草・芦北地方,32°24.9′N,130°28.5′E,9 km,0.9,---
2026/07/31,15:54:52.6,佐渡付近,37°50.6′N,137°46.9′E,16 km,1.9,---
2026/07/31,15:55:08.9,熊本県熊本地方,32°39.7′N,130°44.2′E,10 km,1.0,---
2026/07/31,15:55:23.8,熊本県天草・芦北地方,32°27.3′N,130°32.4′E,2 km,1.5,---
2026/07/31,15:57:09.8,熊本県天草・芦北地方,32°26.4′N,130°32.9′E,5 km,1.1,---
2026/07/31,15:57:38.7,熊本県熊本地方,32°31.5′N,130°36.7′E,5 km,1.1,---
2026/07/31,15:58:13.5,紀伊水道,33°51.3′N,134°59.0′E,11 km,0.3,---
2026/07/31,15:58:44.1,和歌山県北部,34°00.9′N,135°15.9′E,6 km,-0.3,---
2026/07/31,15:59:14.3,熊本県熊本地方,32°29.7′N,130°34.4′E,10 km,0.5,---
2026/07/31,16:00:14.7,石川県能登地方,37°20.5′N,136°48.7′E,13 km,1.2,---
2026/07/31,16:00:27.8,熊本県熊本地方,32°39.5′N,130°42.6′E,10 km,0.3,---
2026/07/31,16:00:33.6,熊本県熊本地方,32°35.4′N,130°41.9′E,12 km,0.5,---
2026/07/31,16:01:22.2,西表島付近,24°02.9′N,123°42.7′E,14 km,2.8,---
2026/07/31,16:02:31.8,熊本県熊本地方,32°31.8′N,130°35.7′E,6 km,0.6,---
2026/07/31,16:04:48.0,熊本県熊本地方,32°31.7′N,130°39.5′E,5 km,0.6,---
2026/07/31,16:04:54.7,秋田県内陸北部,39°58.7′N,140°33.3′E,4 km,0.4,---
2026/07/31,16:05:03.6,大分県中部,33°14.9′N,131°20.0′E,11 km,1.1,---
2026/07/31,16:05:35.0,秋田県内陸北部,39°58.8′N,140°33.0′E,2 km,0.0,---
2026/07/31,16:05:41.1,熊本県熊本地方,32°30.6′N,130°35.0′E,10 km,0.5,---
2026/07/31,16:07:10.8,福島県沖,37°26.9′N,141°45.2′E,38 km,2.3,---
2026/07/31,16:07:21.6,熊本県天草・芦北地方,32°20.8′N,130°28.2′E,7 km,0.4,---
2026/07/31,16:08:30.6,熊本県天草・芦北地方,32°23.5′N,130°27.9′E,8 km,0.2,---
2026/07/31,16:08:52.2,熊本県熊本地方,32°40.2′N,130°42.5′E,11 km,0.5,---
2026/07/31,16:09:12.3,熊本県天草・芦北地方,32°10.5′N,130°31.1′E,7 km,1.0,---
2026/07/31,16:10:12.4,熊本県熊本地方,32°40.4′N,130°43.4′E,15 km,0.8,---
2026/07/31,16:11:30.9,熊本県熊本地方,32°41.0′N,130°40.4′E,18 km,0.5,---
2026/07/31,16:11:38.2,沖縄本島北西沖,27°31.8′N,126°55.8′E,158 km,2.2,---
2026/07/31,16:12:04.1,熊本県熊本地方,32°36.4′N,130°40.9′E,12 km,0.6,---
2026/07/31,16:12:36.2,熊本県熊本地方,32°29.0′N,130°33.8′E,7 km,1.8,---
2026/07/31,16:12:45.7,西表島付近,24°03.1′N,123°42.8′E,14 km,2.5,---
2026/07/31,16:13:14.4,熊本県天草・芦北地方,32°29.6′N,130°32.3′E,7 km,0.4,---
2026/07/31,16:13:29.7,熊本県熊本地方,32°42.7′N,130°44.9′E,11 km,0.9,---
2026/07/31,16:13:56.7,熊本県天草・芦北地方,32°30.8′N,130°32.8′E,13 km,0.8,---
2026/07/31,16:14:10.9,熊本県熊本地方,32°38.6′N,130°43.4′E,11 km,0.2,---
2026/07/31,16:14:26.7,熊本県熊本地方,32°32.2′N,130°38.8′E,6 km,1.1,---
2026/07/31,16:15:32.0,熊本県熊本地方,32°33.9′N,130°40.3′E,8 km,2.0,---
2026/07/31,16:16:54.2,関東東方沖,36°10.0′N,143°11.6′E,19 km,1.5,---
2026/07/31,16:17:01.3,熊本県天草・芦北地方,32°36.3′N,130°38.8′E,9 km,0.4,---
2026/07/31,16:17:10.8,能登半島沖,37°14.6′N,136°39.4′E,3 km,0.7,---
2026/07/31,16:17:33.2,熊本県天草・芦北地方,32°14.7′N,130°29.8′E,4 km,0.3,---
2026/07/31,16:17:50.3,熊本県熊本地方,32°39.2′N,130°42.2′E,13 km,1.3,---
2026/07/31,16:18:18.5,熊本県熊本地方,32°30.0′N,130°34.9′E,12 km,0.2,---
2026/07/31,16:18:37.5,三陸沖,39°53.4′N,143°16.4′E,2 km,1.7,---
2026/07/31,16:19:29.5,熊本県天草・芦北地方,32°27.9′N,130°33.8′E,7 km,1.6,---
2026/07/31,16:19:53.5,熊本県天草・芦北地方,32°14.3′N,130°30.7′E,4 km,1.6,---
2026/07/31,16:20:27.7,茨城県沖,36°27.8′N,141°03.5′E,38 km,1.6,---
2026/07/31,16:20:55.5,熊本県天草・芦北地方,32°14.6′N,130°30.5′E,5 km,0.4,---
2026/07/31,16:21:16.3,熊本県熊本地方,32°34.5′N,130°37.8′E,12 km,1.1,---
2026/07/31,16:22:01.4,熊本県熊本地方,32°30.8′N,130°34.8′E,11 km,0.4,---
2026/07/31,16:23:16.2,熊本県熊本地方,32°34.4′N,130°37.7′E,13 km,2.7,---
2026/07/31,16:25:08.6,熊本県熊本地方,32°34.0′N,130°37.9′E,12 km,0.5,---
2026/07/31,16:26:43.3,熊本県熊本地方,32°41.6′N,130°46.1′E,9 km,1.6,---
2026/07/31,16:27:24.4,熊本県天草・芦北地方,32°17.5′N,130°23.8′E,7 km,2.2,---
2026/07/31,16:28:34.5,島根県西部,35°10.8′N,132°33.8′E,11 km,0.6,---
2026/07/31,16:28:59.7,秋田県内陸北部,39°58.7′N,140°32.8′E,4 km,0.4,---
2026/07/31,16:29:06.9,宮崎県北部平野部,32°33.2′N,131°39.2′E,14 km,0.6,---
2026/07/31,16:29:44.5,熊本県熊本地方,32°39.5′N,130°42.0′E,15 km,2.5,---
2026/07/31,16:30:08.0,熊本県熊本地方,32°27.9′N,130°35.5′E,0 km,1.5,---
2026/07/31,16:30:36.9,熊本県熊本地方,32°37.5′N,130°42.6′E,9 km,0.5,---
2026/07/31,16:30:45.7,熊本県熊本地方,32°32.6′N,130°36.5′E,9 km,0.7,---
2026/07/31,16:31:31.2,熊本県天草・芦北地方,32°21.9′N,130°27.9′E,9 km,0.6,---
2026/07/31,16:31:51.7,山口県中部,34°24.5′N,131°35.9′E,33 km,不明,---
2026/07/31,16:32:10.8,熊本県熊本地方,32°30.5′N,130°35.7′E,9 km,0.9,---
2026/07/31,16:32:42.0,山口県中部,34°24.4′N,131°36.3′E,31 km,0.3,---
2026/07/31,16:32:43.2,熊本県熊本地方,32°29.1′N,130°35.1′E,12 km,0.4,---
2026/07/31,16:33:09.0,熊本県熊本地方,32°39.9′N,130°43.0′E,15 km,0.4,---
2026/07/31,16:33:58.5,熊本県熊本地方,32°32.1′N,130°36.0′E,13 km,1.0,---
2026/07/31,16:34:18.0,熊本県熊本地方,32°35.6′N,130°40.3′E,8 km,1.2,---
2026/07/31,16:34:30.7,和歌山県北部,34°15.4′N,135°14.1′E,6 km,0.1,---
2026/07/31,16:35:30.7,新島・神津島近海,34°13.9′N,139°08.7′E,12 km,1.4,---
2026/07/31,16:35:51.5,奄美大島近海,28°24.0′N,129°26.0′E,13 km,1.5,---
2026/07/31,16:36:04.5,熊本県天草・芦北地方,32°28.5′N,130°33.2′E,12 km,0.3,---
2026/07/31,16:37:34.1,熊本県天草・芦北地方,32°25.2′N,130°28.3′E,11 km,1.4,---
2026/07/31,16:37:49.6,熊本県熊本地方,32°39.8′N,130°44.3′E,12 km,1.2,---
2026/07/31,16:38:20.8,岐阜県美濃中西部,35°23.6′N,136°52.8′E,8 km,0.6,---
2026/07/31,16:38:24.0,熊本県天草・芦北地方,32°23.2′N,130°29.4′E,9 km,1.5,---
2026/07/31,16:39:03.9,岐阜県美濃中西部,35°23.7′N,136°52.6′E,8 km,1.9,---
2026/07/31,16:40:40.5,熊本県熊本地方,32°40.6′N,130°44.9′E,10 km,2.0,---
2026/07/31,16:41:41.2,熊本県天草・芦北地方,32°24.0′N,130°29.7′E,6 km,0.1,---
2026/07/31,16:42:09.8,天草灘,32°02.3′N,130°05.1′E,12 km,0.3,---
2026/07/31,16:42:22.1,熊本県熊本地方,32°37.7′N,130°43.4′E,8 km,0.5,---
2026/07/31,16:43:06.1,熊本県熊本地方,32°31.2′N,130°37.2′E,14 km,0.7,---
2026/07/31,16:43:14.5,熊本県熊本地方,32°38.5′N,130°44.1′E,15 km,1.0,---
2026/07/31,16:43:37.7,熊本県熊本地方,32°30.6′N,130°35.0′E,12 km,0.2,---
2026/07/31,16:43:37.8,熊本県阿蘇地方,32°54.7′N,131°00.4′E,9 km,1.0,---
2026/07/31,16:43:51.0,熊本県熊本地方,32°41.0′N,130°45.4′E,11 km,1.0,---
2026/07/31,16:43:59.4,千葉県北東部,35°54.6′N,140°26.1′E,42 km,2.0,---
2026/07/31,16:44:26.0,熊本県天草・芦北地方,32°27.8′N,130°31.6′E,0 km,0.4,---
2026/07/31,16:44:50.1,茨城県北部,36°45.2′N,140°34.3′E,9 km,0.5,---
2026/07/31,16:44:50.8,熊本県熊本地方,32°40.2′N,130°43.6′E,14 km,2.9,---
2026/07/31,16:45:01.4,福島県沖,37°50.2′N,141°37.2′E,49 km,1.1,---
2026/07/31,16:46:15.9,熊本県熊本地方,32°25.6′N,130°33.4′E,0 km,0.5,---
2026/07/31,16:49:24.3,熊本県熊本地方,32°32.4′N,130°36.7′E,14 km,0.6,---
2026/07/31,16:49:46.2,島根県東部,35°22.2′N,133°14.5′E,11 km,1.0,---
2026/07/31,16:50:34.1,熊本県熊本地方,32°38.5′N,130°42.7′E,13 km,3.8,---
2026/07/31,16:51:28.6,岩手県沖,40°03.5′N,142°30.1′E,36 km,1.2,---
2026/07/31,16:51:30.3,和歌山県北部,34°01.2′N,135°16.2′E,8 km,-0.3,---
2026/07/31,16:51:33.1,熊本県熊本地方,32°34.4′N,130°37.8′E,12 km,2.3,---
2026/07/31,16:53:33.4,熊本県熊本地方,32°31.8′N,130°34.9′E,12 km,0.4,---
2026/07/31,16:54:09.0,大分県中部,33°15.1′N,131°19.6′E,9 km,1.2,---
2026/07/31,16:54:10.7,青森県三八上北地方,40°21.3′N,141°17.2′E,9 km,0.3,---
2026/07/31,16:54:59.2,根室半島南東沖,42°44.3′N,146°01.5′E,0 km,2.7,---
2026/07/31,16:55:13.3,青森県東方沖,40°56.3′N,142°59.3′E,16 km,1.3,---
2026/07/31,16:55:31.2,熊本県天草・芦北地方,32°27.9′N,130°30.0′E,12 km,1.0,---
2026/07/31,16:56:31.6,熊本県熊本地方,32°37.6′N,130°43.0′E,9 km,0.8,---
2026/07/31,16:57:03.0,熊本県天草・芦北地方,32°23.4′N,130°29.2′E,8 km,0.1,---
2026/07/31,16:57:24.3,熊本県熊本地方,32°34.5′N,130°39.6′E,10 km,0.9,---
2026/07/31,16:57:44.7,熊本県熊本地方,32°31.6′N,130°38.9′E,9 km,0.7,---
2026/07/31,16:57:51.7,奄美大島近海,28°11.9′N,129°24.2′E,16 km,0.6,---
2026/07/31,16:59:59.8,熊本県熊本地方,32°32.3′N,130°36.4′E,12 km,0.9,---
2026/07/31,17:00:55.6,熊本県熊本地方,32°42.5′N,130°45.7′E,9 km,0.6,---
2026/07/31,17:02:21.7,新潟県中越地方,37°39.1′N,139°05.2′E,167 km,不明,---
2026/07/31,17:03:02.3,熊本県天草・芦北地方,32°27.7′N,130°30.9′E,10 km,1.2,---
2026/07/31,17:03:34.7,熊本県熊本地方,32°38.1′N,130°42.7′E,12 km,0.7,---
2026/07/31,17:03:45.8,薩摩半島西方沖,31°36.9′N,128°53.6′E,5 km,1.8,---
2026/07/31,17:04:22.1,熊本県天草・芦北地方,32°17.6′N,130°23.5′E,8 km,2.0,---
2026/07/31,17:07:14.6,千葉県北東部,35°41.6′N,140°37.5′E,42 km,0.6,---
2026/07/31,17:07:39.6,熊本県熊本地方,32°31.9′N,130°36.0′E,1 km,0.3,---
2026/07/31,17:09:43.8,釧路沖,42°24.0′N,144°38.4′E,30 km,1.6,---
2026/07/31,17:09:52.9,熊本県熊本地方,32°30.6′N,130°34.7′E,7 km,0.8,---
2026/07/31,17:11:55.3,熊本県天草・芦北地方,32°28.8′N,130°34.1′E,12 km,1.7,---
2026/07/31,17:12:43.5,後志地方西部,43°05.5′N,140°30.4′E,0 km,0.4,---
2026/07/31,17:13:19.6,熊本県天草・芦北地方,32°31.1′N,130°33.2′E,9 km,0.8,---
2026/07/31,17:14:45.3,熊本県熊本地方,32°31.0′N,130°35.2′E,9 km,1.0,---
2026/07/31,17:15:22.8,熊本県天草・芦北地方,32°26.3′N,130°30.4′E,6 km,1.4,---
2026/07/31,17:16:07.1,熊本県天草・芦北地方,32°26.5′N,130°33.0′E,6 km,1.2,---
2026/07/31,17:17:16.8,福島県沖,37°15.1′N,142°12.7′E,20 km,1.1,---
2026/07/31,17:17:25.9,熊本県熊本地方,32°41.2′N,130°44.2′E,10 km,1.2,---
2026/07/31,17:17:55.7,熊本県熊本地方,32°38.6′N,130°42.4′E,12 km,1.3,---
2026/07/31,17:19:37.0,熊本県天草・芦北地方,32°29.6′N,130°31.2′E,11 km,0.4,---
2026/07/31,17:23:00.7,熊本県天草・芦北地方,32°31.4′N,130°33.7′E,12 km,0.7,---
2026/07/31,17:24:28.8,熊本県阿蘇地方,32°57.2′N,131°02.2′E,9 km,0.7,---
2026/07/31,17:27:19.9,新島・神津島近海,34°13.9′N,139°10.3′E,8 km,1.7,---
2026/07/31,17:28:12.0,熊本県天草・芦北地方,32°28.3′N,130°30.9′E,6 km,0.3,---
2026/07/31,17:28:46.0,熊本県天草・芦北地方,32°28.0′N,130°33.0′E,0 km,0.4,---
2026/07/31,17:29:13.7,熊本県熊本地方,32°34.5′N,130°39.2′E,7 km,0.1,---
2026/07/31,17:29:38.7,和歌山県南部,33°39.3′N,135°51.1′E,11 km,-0.1,---
2026/07/31,17:29:57.6,秋田県内陸北部,39°58.6′N,140°32.8′E,4 km,0.5,---
2026/07/31,17:30:14.2,新潟県上中越沖,37°40.7′N,137°33.4′E,15 km,不明,---
2026/07/31,17:30:21.8,石川県能登地方,37°17.9′N,136°49.2′E,13 km,1.0,---
2026/07/31,17:33:07.4,北海道北西沖,44°31.0′N,141°41.0′E,272 km,不明,---
2026/07/31,17:33:40.4,茨城県沖,36°21.1′N,140°54.0′E,39 km,0.6,---
2026/07/31,17:33:55.0,熊本県熊本地方,32°32.0′N,130°39.1′E,5 km,1.3,---
2026/07/31,17:34:17.8,岩手県沖,39°55.6′N,142°24.5′E,35 km,0.9,---
2026/07/31,17:34:42.9,熊本県天草・芦北地方,32°22.4′N,130°27.6′E,7 km,1.2,---
2026/07/31,17:35:31.9,熊本県天草・芦北地方,32°23.7′N,130°29.0′E,9 km,2.7,---
2026/07/31,17:36:37.9,三陸沖,40°33.2′N,145°04.5′E,14 km,2.1,---
2026/07/31,17:37:20.4,宮古島近海,24°49.9′N,125°18.9′E,41 km,1.7,---
2026/07/31,17:37:36.3,熊本県熊本地方,32°33.2′N,130°41.4′E,3 km,2.1,---
2026/07/31,17:38:40.0,熊本県天草・芦北地方,32°28.7′N,130°30.3′E,11 km,0.9,---
2026/07/31,17:38:57.6,熊本県天草・芦北地方,32°29.8′N,130°31.1′E,12 km,1.0,---
2026/07/31,17:39:25.7,長崎県南西部,32°56.6′N,129°51.7′E,6 km,0.2,---
2026/07/31,17:39:45.2,熊本県天草・芦北地方,32°12.8′N,130°22.2′E,9 km,1.5,---
2026/07/31,17:40:11.8,熊本県天草・芦北地方,32°25.3′N,130°31.8′E,9 km,0.8,---
2026/07/31,17:40:54.1,熊本県熊本地方,32°45.0′N,130°47.8′E,6 km,0.6,---
2026/07/31,17:41:43.6,熊本県熊本地方,32°39.0′N,130°43.1′E,12 km,0.3,---
2026/07/31,17:42:06.2,長野県中部,36°19.6′N,137°55.3′E,11 km,0.7,---
2026/07/31,17:42:10.5,熊本県天草・芦北地方,32°25.3′N,130°30.7′E,10 km,1.0,---
2026/07/31,17:42:55.1,熊本県熊本地方,32°34.5′N,130°40.3′E,0 km,0.9,---
2026/07/31,17:45:19.6,三重県南東沖,33°42.8′N,136°40.3′E,30 km,2.2,---
2026/07/31,17:46:07.8,福島県沖,37°28.8′N,142°20.8′E,17 km,1.1,---
2026/07/31,17:47:07.6,熊本県熊本地方,32°41.6′N,130°48.0′E,12 km,0.7,---
2026/07/31,17:49:06.6,熊本県天草・芦北地方,32°19.4′N,130°28.5′E,5 km,1.3,---
2026/07/31,17:50:35.7,熊本県熊本地方,32°41.6′N,130°44.3′E,12 km,1.0,---
2026/07/31,17:52:08.4,熊本県天草・芦北地方,32°27.9′N,130°32.6′E,4 km,0.8,---
2026/07/31,17:52:41.0,熊本県熊本地方,32°33.5′N,130°37.8′E,8 km,1.9,---
2026/07/31,17:53:21.7,熊本県熊本地方,32°43.0′N,130°48.7′E,14 km,0.9,---
2026/07/31,17:54:04.9,熊本県熊本地方,32°33.1′N,130°39.3′E,7 km,0.7,---
2026/07/31,17:55:49.2,奄美大島近海,28°05.1′N,129°12.9′E,25 km,0.7,---
2026/07/31,17:55:56.2,熊本県熊本地方,32°32.9′N,130°35.1′E,12 km,0.6,---
2026/07/31,17:56:24.8,熊本県熊本地方,32°35.3′N,130°40.2′E,7 km,1.4,---
2026/07/31,17:56:50.9,宮城県中部,38°28.9′N,141°11.1′E,8 km,-0.3,---
2026/07/31,17:57:12.4,熊本県熊本地方,32°29.7′N,130°35.5′E,2 km,0.6,---
2026/07/31,17:57:31.9,熊本県熊本地方,32°40.8′N,130°46.8′E,15 km,0.6,---
2026/07/31,17:57:43.6,台湾付近,24°31.6′N,122°03.7′E,67 km,不明,---
2026/07/31,17:58:17.2,熊本県熊本地方,32°33.4′N,130°37.5′E,9 km,0.5,---
2026/07/31,17:59:04.9,熊本県熊本地方,32°29.7′N,130°34.6′E,13 km,1.2,---
2026/07/31,17:59:13.6,福島県沖,36°39.2′N,142°02.9′E,15 km,0.8,---
2026/07/31,17:59:23.1,熊本県天草・芦北地方,32°28.0′N,130°29.2′E,2 km,0.8,---
2026/07/31,18:00:16.6,熊本県天草・芦北地方,32°28.2′N,130°31.1′E,12 km,0.8,---
2026/07/31,18:01:01.6,山口県北西沖,34°40.5′N,131°27.4′E,14 km,1.0,---
2026/07/31,18:01:59.9,熊本県熊本地方,32°34.3′N,130°39.7′E,6 km,0.6,---
2026/07/31,18:02:20.6,熊本県天草・芦北地方,32°10.4′N,130°29.7′E,9 km,0.0,---
2026/07/31,18:03:23.1,島根県東部,35°20.0′N,133°16.4′E,11 km,0.6,---
2026/07/31,18:03:40.7,熊本県熊本地方,32°40.5′N,130°43.9′E,11 km,0.3,---
2026/07/31,18:03:55.3,熊本県天草・芦北地方,32°28.8′N,130°34.1′E,9 km,2.5,---
2026/07/31,18:05:23.1,熊本県天草・芦北地方,32°22.9′N,130°28.6′E,6 km,0.7,---
2026/07/31,18:06:25.5,熊本県熊本地方,32°33.7′N,130°38.6′E,6 km,2.0,---
2026/07/31,18:07:05.9,茨城県北部,36°45.2′N,140°34.8′E,10 km,1.9,---
2026/07/31,18:07:37.3,熊本県熊本地方,32°38.8′N,130°42.9′E,7 km,0.5,---
2026/07/31,18:08:37.3,津軽海峡,41°29.5′N,141°13.0′E,91 km,0.8,---
2026/07/31,18:09:27.6,熊本県天草・芦北地方,32°28.4′N,130°33.2′E,9 km,0.9,---
2026/07/31,18:09:47.2,三陸沖,40°33.6′N,143°31.5′E,5 km,1.7,---
2026/07/31,18:10:00.4,熊本県阿蘇地方,32°58.7′N,131°06.4′E,9 km,0.2,---
2026/07/31,18:10:06.5,熊本県熊本地方,32°31.5′N,130°36.0′E,5 km,0.3,---
2026/07/31,18:10:12.5,茨城県北部,36°45.2′N,140°35.0′E,10 km,3.9,---
2026/07/31,18:10:41.2,熊本県天草・芦北地方,32°24.2′N,130°30.2′E,9 km,0.4,---
2026/07/31,18:11:06.0,奄美大島近海,28°23.8′N,129°19.4′E,33 km,1.9,---
2026/07/31,18:11:15.3,熊本県天草・芦北地方,32°27.0′N,130°33.9′E,2 km,0.7,---
2026/07/31,18:12:04.0,熊本県天草・芦北地方,32°28.9′N,130°33.1′E,15 km,2.8,---
2026/07/31,18:12:30.7,島根県西部,35°09.6′N,132°35.0′E,10 km,0.5,---
2026/07/31,18:12:53.0,熊本県熊本地方,32°38.3′N,130°42.6′E,12 km,2.3,---
2026/07/31,18:13:37.0,熊本県天草・芦北地方,32°14.5′N,130°25.8′E,8 km,2.9,---
2026/07/31,18:13:59.5,茨城県北部,36°44.6′N,140°34.0′E,9 km,-0.2,---
2026/07/31,18:14:13.3,福島県沖,37°02.6′N,141°41.3′E,39 km,1.9,---
2026/07/31,18:14:15.6,熊本県天草・芦北地方,32°26.3′N,130°30.7′E,8 km,2.2,---
2026/07/31,18:15:23.0,熊本県熊本地方,32°38.9′N,130°41.4′E,16 km,1.0,---
2026/07/31,18:15:39.9,福島県沖,37°00.8′N,141°41.9′E,39 km,0.9,---
2026/07/31,18:17:00.7,茨城県北部,36°45.4′N,140°34.7′E,9 km,-0.2,---
2026/07/31,18:17:14.8,岩手県沖,40°12.6′N,142°52.1′E,4 km,1.6,---
2026/07/31,18:17:38.8,茨城県北部,36°44.5′N,140°34.5′E,9 km,-0.3,---
2026/07/31,18:18:14.5,熊本県天草・芦北地方,32°24.9′N,130°30.0′E,6 km,0.3,---
2026/07/31,18:18:30.5,熊本県熊本地方,32°33.0′N,130°36.9′E,14 km,0.4,---
2026/07/31,18:18:41.8,大阪府北部,34°53.2′N,135°35.5′E,11 km,2.3,---
2026/07/31,18:19:31.6,熊本県熊本地方,32°42.0′N,130°45.1′E,10 km,0.6,---
2026/07/31,18:20:26.3,熊本県熊本地方,32°35.3′N,130°39.4′E,11 km,0.6,---
2026/07/31,18:20:30.8,茨城県北部,36°44.9′N,140°34.2′E,8 km,-0.2,---
2026/07/31,18:21:19.8,茨城県北部,36°45.0′N,140°34.9′E,10 km,0.6,---
2026/07/31,18:21:26.3,熊本県熊本地方,32°37.2′N,130°43.4′E,13 km,0.4,---
2026/07/31,18:21:45.2,熊本県熊本地方,32°33.3′N,130°35.4′E,5 km,0.4,---
2026/07/31,18:22:25.9,熊本県熊本地方,32°39.0′N,130°42.0′E,15 km,0.3,---
2026/07/31,18:23:00.3,熊本県熊本地方,32°29.0′N,130°33.1′E,14 km,1.3,---
2026/07/31,18:23:22.1,奄美大島北東沖,29°35.3′N,130°16.4′E,24 km,1.4,---
2026/07/31,18:23:30.4,熊本県熊本地方,32°34.6′N,130°39.1′E,5 km,1.5,---
2026/07/31,18:23:54.9,能登半島沖,37°08.3′N,136°40.3′E,4 km,0.8,---
2026/07/31,18:24:46.2,熊本県天草・芦北地方,32°17.5′N,130°25.0′E,12 km,0.5,---
2026/07/31,18:25:32.2,茨城県北部,36°45.2′N,140°34.7′E,9 km,0.8,---
2026/07/31,18:25:56.6,熊本県熊本地方,32°39.1′N,130°42.3′E,14 km,0.6,---
2026/07/31,18:26:07.2,熊本県熊本地方,32°32.5′N,130°37.7′E,9 km,0.8,---
2026/07/31,18:26:15.5,熊本県天草・芦北地方,32°25.5′N,130°32.1′E,2 km,1.4,---
2026/07/31,18:26:33.7,徳島県南部,33°46.9′N,134°33.7′E,13 km,0.0,---
2026/07/31,18:26:45.1,福島県中通り,37°00.0′N,140°30.7′E,102 km,1.0,---
2026/07/31,18:27:01.5,関東東方沖,35°59.4′N,143°10.7′E,29 km,1.7,---
2026/07/31,18:27:46.4,熊本県熊本地方,32°40.4′N,130°44.6′E,8 km,0.2,---
2026/07/31,18:27:47.2,熊本県天草・芦北地方,32°17.2′N,130°24.8′E,10 km,0.2,---
2026/07/31,18:28:05.0,栃木県北部,36°53.7′N,139°48.6′E,8 km,1.8,---
2026/07/31,18:28:10.2,熊本県熊本地方,32°33.7′N,130°38.4′E,14 km,0.6,---
2026/07/31,18:28:26.2,徳島県南部,33°54.0′N,134°27.9′E,10 km,0.1,---
2026/07/31,18:28:48.2,熊本県熊本地方,32°43.0′N,130°46.8′E,6 km,-0.1,---
2026/07/31,18:28:51.4,宮古島近海,25°12.0′N,126°07.0′E,27 km,2.4,---
2026/07/31,18:30:11.5,熊本県熊本地方,32°34.6′N,130°38.4′E,12 km,0.6,---
2026/07/31,18:30:23.3,秋田県内陸北部,39°58.7′N,140°32.8′E,4 km,1.3,---
2026/07/31,18:30:24.4,熊本県天草・芦北地方,32°23.7′N,130°29.7′E,6 km,0.6,---
2026/07/31,18:31:07.5,熊本県天草・芦北地方,32°17.5′N,130°24.7′E,11 km,0.7,---
2026/07/31,18:31:23.2,熊本県天草・芦北地方,32°14.5′N,130°25.8′E,9 km,0.3,---
2026/07/31,18:31:50.0,熊本県熊本地方,32°31.4′N,130°36.1′E,15 km,0.2,---
2026/07/31,18:32:09.8,熊本県熊本地方,32°44.1′N,130°48.3′E,9 km,0.2,---
2026/07/31,18:32:13.3,秋田県内陸北部,39°58.8′N,140°32.6′E,5 km,0.2,---
2026/07/31,18:33:32.5,熊本県熊本地方,32°31.5′N,130°35.5′E,12 km,0.9,---
2026/07/31,18:34:04.5,熊本県熊本地方,32°41.2′N,130°43.6′E,12 km,0.1,---
2026/07/31,18:34:53.3,熊本県熊本地方,32°29.4′N,130°35.0′E,9 km,2.9,---
2026/07/31,18:36:38.5,秋田県内陸北部,39°58.9′N,140°32.7′E,3 km,0.1,---
2026/07/31,18:36:45.8,熊本県熊本地方,32°38.3′N,130°42.9′E,11 km,2.2,---
2026/07/31,18:37:25.8,熊本県熊本地方,32°34.2′N,130°37.8′E,9 km,0.8,---
2026/07/31,18:38:17.9,熊本県天草・芦北地方,32°29.4′N,130°32.1′E,10 km,0.5,---
2026/07/31,18:39:06.6,和歌山県南部,33°33.0′N,135°30.4′E,13 km,0.4,---
2026/07/31,18:39:26.7,宮城県沖,38°00.8′N,141°44.2′E,54 km,2.4,---
2026/07/31,18:39:31.4,熊本県熊本地方,32°40.7′N,130°43.4′E,13 km,0.5,---
2026/07/31,18:39:50.9,熊本県熊本地方,32°38.1′N,130°44.6′E,6 km,0.4,---
2026/07/31,18:40:18.0,熊本県熊本地方,32°33.6′N,130°37.3′E,11 km,0.5,---
2026/07/31,18:40:39.2,熊本県天草・芦北地方,32°23.5′N,130°29.2′E,7 km,1.4,---
2026/07/31,18:40:59.1,熊本県天草・芦北地方,32°28.2′N,130°32.7′E,1 km,1.2,---
2026/07/31,18:41:43.5,熊本県天草・芦北地方,32°14.1′N,130°20.3′E,4 km,0.2,---
2026/07/31,18:41:52.2,熊本県熊本地方,32°33.8′N,130°39.3′E,11 km,0.5,---
2026/07/31,18:42:16.7,山形県最上地方,38°40.5′N,140°14.7′E,11 km,0.0,---
2026/07/31,18:42:17.8,長野県北部,36°51.4′N,138°31.1′E,2 km,1.2,---
2026/07/31,18:42:19.9,熊本県天草・芦北地方,32°19.1′N,130°28.2′E,2 km,0.9,---
2026/07/31,18:42:47.3,熊本県天草・芦北地方,32°14.7′N,130°26.0′E,6 km,1.1,---
2026/07/31,18:44:32.8,熊本県天草・芦北地方,32°27.4′N,130°29.9′E,7 km,-0.1,---
2026/07/31,18:44:46.9,熊本県熊本地方,32°36.3′N,130°40.7′E,14 km,0.4,---
2026/07/31,18:45:20.9,石川県能登地方,37°23.3′N,136°52.6′E,0 km,0.9,---
2026/07/31,18:46:04.8,静岡県西部,35°04.2′N,137°55.5′E,37 km,0.8,---
2026/07/31,18:46:06.3,熊本県熊本地方,32°37.2′N,130°42.5′E,16 km,0.7,---
2026/07/31,18:46:15.6,三陸沖,39°31.6′N,143°31.3′E,13 km,2.7,---
2026/07/31,18:46:35.0,熊本県熊本地方,32°34.0′N,130°40.5′E,6 km,1.5,---
2026/07/31,18:47:00.6,熊本県熊本地方,32°40.0′N,130°43.2′E,14 km,0.6,---
2026/07/31,18:47:44.1,熊本県熊本地方,32°43.4′N,130°47.0′E,8 km,0.9,---
2026/07/31,18:48:13.8,熊本県熊本地方,32°29.5′N,130°34.6′E,9 km,0.5,---
2026/07/31,18:48:32.6,熊本県熊本地方,32°30.4′N,130°36.0′E,14 km,0.2,---
2026/07/31,18:49:17.8,熊本県熊本地方,32°32.5′N,130°37.5′E,7 km,0.3,---
2026/07/31,18:49:50.9,熊本県熊本地方,32°33.6′N,130°37.7′E,5 km,1.1,---
2026/07/31,18:49:59.1,大分県中部,33°15.1′N,131°19.9′E,11 km,0.5,---
2026/07/31,18:50:12.0,茨城県北部,36°44.6′N,140°33.7′E,9 km,-0.3,---
2026/07/31,18:50:29.8,熊本県天草・芦北地方,32°21.3′N,130°26.9′E,0 km,-0.1,---
2026/07/31,18:50:44.2,熊本県熊本地方,32°31.8′N,130°35.9′E,11 km,0.8,---
2026/07/31,18:51:14.5,熊本県天草・芦北地方,32°36.9′N,130°36.5′E,14 km,0.8,---
2026/07/31,18:51:22.0,熊本県熊本地方,32°29.8′N,130°33.4′E,12 km,0.8,---
2026/07/31,18:51:42.2,熊本県熊本地方,32°30.7′N,130°35.3′E,14 km,0.5,---
2026/07/31,18:52:23.2,熊本県熊本地方,32°31.1′N,130°36.6′E,5 km,1.1,---
2026/07/31,18:52:41.5,熊本県天草・芦北地方,32°23.6′N,130°28.6′E,4 km,2.1,---
2026/07/31,18:53:28.1,熊本県熊本地方,32°34.2′N,130°41.4′E,4 km,0.6,---
2026/07/31,18:53:32.4,茨城県北部,36°45.0′N,140°34.6′E,9 km,0.0,---
2026/07/31,18:53:55.0,豊後水道,33°16.7′N,132°04.5′E,54 km,0.4,---
2026/07/31,18:54:03.9,熊本県熊本地方,32°30.4′N,130°36.4′E,7 km,0.5,---
2026/07/31,18:54:36.9,熊本県熊本地方,32°33.8′N,130°37.4′E,13 km,1.3,---
2026/07/31,18:54:50.0,秋田県内陸北部,39°58.7′N,140°33.0′E,3 km,0.1,---
2026/07/31,18:55:35.3,秋田県内陸北部,39°58.7′N,140°33.3′E,4 km,0.1,---
2026/07/31,18:56:01.5,熊本県熊本地方,32°35.0′N,130°37.6′E,14 km,0.6,---
2026/07/31,18:56:12.1,熊本県熊本地方,32°33.9′N,130°38.3′E,12 km,0.5,---
2026/07/31,18:57:15.0,熊本県熊本地方,32°43.0′N,130°46.4′E,9 km,0.5,---
2026/07/31,18:57:19.0,豊後水道,33°16.4′N,132°05.4′E,53 km,0.7,---
2026/07/31,18:58:24.2,熊本県天草・芦北地方,32°28.1′N,130°31.1′E,12 km,0.4,---
2026/07/31,18:58:35.1,熊本県熊本地方,32°31.8′N,130°35.8′E,13 km,0.5,---
2026/07/31,18:59:20.7,台湾付近,23°54.8′N,121°41.9′E,38 km,2.7,---
2026/07/31,18:59:49.5,熊本県天草・芦北地方,32°28.8′N,130°31.4′E,10 km,0.9,---
2026/07/31,19:00:36.8,熊本県熊本地方,32°33.3′N,130°37.1′E,15 km,0.2,---
2026/07/31,19:01:06.5,熊本県天草・芦北地方,32°24.3′N,130°29.8′E,9 km,0.6,---
2026/07/31,19:02:01.9,熊本県熊本地方,32°44.8′N,130°47.0′E,12 km,-0.1,---
2026/07/31,19:02:13.2,熊本県天草・芦北地方,32°25.4′N,130°31.8′E,9 km,1.0,---
2026/07/31,19:02:43.8,熊本県天草・芦北地方,32°22.3′N,130°27.8′E,1 km,0.0,---
2026/07/31,19:05:07.7,熊本県熊本地方,32°35.3′N,130°38.9′E,17 km,0.2,---
2026/07/31,19:05:16.7,茨城県北部,36°45.0′N,140°34.1′E,10 km,0.5,---
2026/07/31,19:05:46.8,青森県東方沖,41°00.9′N,142°00.0′E,57 km,1.1,---
2026/07/31,19:06:02.2,熊本県熊本地方,32°36.9′N,130°41.0′E,13 km,1.5,---
2026/07/31,19:06:49.6,新潟県上中越沖,37°36.1′N,137°31.2′E,13 km,0.9,---
2026/07/31,19:07:12.7,熊本県天草・芦北地方,32°23.4′N,130°28.6′E,1 km,2.4,---
2026/07/31,19:08:09.7,熊本県熊本地方,32°40.7′N,130°42.8′E,13 km,1.1,---
2026/07/31,19:09:02.3,熊本県天草・芦北地方,32°30.2′N,130°31.8′E,9 km,0.6,---
2026/07/31,19:09:04.1,栃木県北部,36°53.8′N,139°49.0′E,8 km,-0.3,---
2026/07/31,19:09:35.9,熊本県熊本地方,32°41.1′N,130°43.9′E,11 km,0.5,---
2026/07/31,19:10:10.6,茨城県北部,36°45.1′N,140°34.9′E,10 km,0.7,---
2026/07/31,19:10:49.1,熊本県熊本地方,32°29.9′N,130°35.3′E,7 km,0.6,---
2026/07/31,19:11:12.1,熊本県天草・芦北地方,32°28.5′N,130°33.3′E,12 km,0.3,---
2026/07/31,19:11:46.0,熊本県天草・芦北地方,32°10.8′N,130°30.4′E,9 km,0.4,---
2026/07/31,19:13:33.4,熊本県熊本地方,32°34.3′N,130°38.0′E,9 km,1.6,---
2026/07/31,19:14:35.3,宮崎県南部山沿い,32°03.3′N,131°02.8′E,9 km,0.0,---
2026/07/31,19:14:59.4,熊本県天草・芦北地方,32°25.7′N,130°29.7′E,7 km,1.2,---
2026/07/31,19:16:42.5,熊本県熊本地方,32°32.6′N,130°36.6′E,13 km,0.8,---
2026/07/31,19:16:44.8,福島県沖,37°49.8′N,141°36.5′E,49 km,1.7,---
2026/07/31,19:17:21.6,熊本県熊本地方,32°33.7′N,130°37.5′E,12 km,2.0,---
2026/07/31,19:17:55.4,和歌山県北部,34°04.1′N,135°21.9′E,5 km,-0.6,---
2026/07/31,19:18:54.1,熊本県天草・芦北地方,32°26.3′N,130°31.1′E,10 km,0.3,---
2026/07/31,19:19:20.4,愛知県東部,34°53.1′N,137°31.4′E,37 km,0.5,---
2026/07/31,19:19:33.6,熊本県熊本地方,32°32.8′N,130°36.7′E,12 km,0.8,---
2026/07/31,19:19:49.8,熊本県熊本地方,32°32.6′N,130°37.0′E,12 km,0.6,---
2026/07/31,19:20:18.9,熊本県天草・芦北地方,32°26.5′N,130°31.7′E,0 km,0.8,---
2026/07/31,19:21:19.3,熊本県熊本地方,32°31.7′N,130°35.5′E,6 km,0.7,---
2026/07/31,19:21:49.2,福島県沖,37°38.9′N,141°38.3′E,57 km,1.4,---
2026/07/31,19:22:06.8,熊本県熊本地方,32°31.5′N,130°34.3′E,12 km,0.7,---
2026/07/31,19:22:25.7,熊本県天草・芦北地方,32°27.3′N,130°33.6′E,1 km,0.4,---
2026/07/31,19:22:39.6,福島県沖,37°17.0′N,142°09.3′E,20 km,1.1,---
2026/07/31,19:23:20.9,熊本県熊本地方,32°45.6′N,130°49.1′E,6 km,0.2,---
2026/07/31,19:23:51.1,熊本県天草・芦北地方,32°25.6′N,130°30.1′E,8 km,1.3,---
2026/07/31,19:24:26.2,熊本県熊本地方,32°31.4′N,130°36.9′E,8 km,1.8,---
2026/07/31,19:25:36.0,熊本県天草・芦北地方,32°29.5′N,130°32.3′E,13 km,2.8,---
2026/07/31,19:26:20.0,熊本県熊本地方,32°41.2′N,130°40.0′E,17 km,1.6,---
2026/07/31,19:26:57.7,熊本県熊本地方,32°32.1′N,130°36.1′E,11 km,3.3,---
2026/07/31,19:28:23.5,熊本県天草・芦北地方,32°29.6′N,130°31.8′E,10 km,0.8,---
2026/07/31,19:28:53.2,長野県北部,36°34.3′N,137°50.4′E,10 km,-0.1,---
2026/07/31,19:29:03.8,熊本県天草・芦北地方,32°29.4′N,130°32.3′E,11 km,1.1,---
2026/07/31,19:30:17.1,熊本県熊本地方,32°42.7′N,130°46.8′E,10 km,1.6,---
2026/07/31,19:30:34.9,茨城県北部,36°45.2′N,140°34.4′E,9 km,-0.1,---
2026/07/31,19:31:27.6,熊本県熊本地方,32°38.5′N,130°44.2′E,10 km,0.6,---
2026/07/31,19:32:48.4,熊本県熊本地方,32°30.9′N,130°43.3′E,15 km,0.5,---
2026/07/31,19:33:17.1,宮古島近海,25°06.0′N,125°17.2′E,59 km,1.1,---
2026/07/31,19:33:23.7,熊本県熊本地方,32°39.5′N,130°42.5′E,10 km,0.3,---
2026/07/31,19:34:15.8,熊本県熊本地方,32°28.6′N,130°36.6′E,7 km,0.3,---
2026/07/31,19:34:39.8,種子島南東沖,30°03.9′N,131°16.1′E,32 km,2.4,---
2026/07/31,19:35:24.1,福島県沖,37°17.7′N,141°52.8′E,34 km,1.2,---
2026/07/31,19:35:26.5,熊本県熊本地方,32°33.6′N,130°36.9′E,14 km,0.9,---
2026/07/31,19:36:07.2,熊本県天草・芦北地方,32°30.1′N,130°32.2′E,9 km,1.3,---
2026/07/31,19:36:34.3,熊本県熊本地方,32°31.2′N,130°35.6′E,10 km,0.3,---
2026/07/31,19:38:13.0,山口県中部,34°24.3′N,131°35.9′E,32 km,0.4,---
2026/07/31,19:38:31.4,茨城県北部,36°44.6′N,140°34.3′E,8 km,-0.3,---
2026/07/31,19:38:36.2,和歌山県南部,33°49.7′N,135°34.7′E,19 km,0.3,---
2026/07/31,19:38:49.7,熊本県熊本地方,32°40.4′N,130°44.4′E,10 km,1.3,---
2026/07/31,19:39:35.9,日向灘,32°28.9′N,132°03.2′E,27 km,1.6,---
2026/07/31,19:39:46.9,熊本県天草・芦北地方,32°24.2′N,130°30.2′E,9 km,0.3,---
2026/07/31,19:40:00.8,新潟県上中越沖,37°17.4′N,138°17.6′E,19 km,0.8,---
2026/07/31,19:40:23.4,熊本県熊本地方,32°30.9′N,130°36.2′E,13 km,0.4,---
2026/07/31,19:41:08.2,熊本県熊本地方,32°45.1′N,130°47.6′E,8 km,0.7,---
2026/07/31,19:41:09.5,茨城県北部,36°45.3′N,140°34.9′E,9 km,-0.1,---
2026/07/31,19:41:25.5,沖縄本島近海,27°08.3′N,127°44.8′E,87 km,1.1,---
2026/07/31,19:42:25.3,熊本県熊本地方,32°38.6′N,130°43.9′E,10 km,0.6,---
2026/07/31,19:42:31.7,奄美大島近海,28°03.6′N,130°56.3′E,72 km,2.3,---
2026/07/31,19:43:20.5,熊本県天草・芦北地方,32°30.3′N,130°32.5′E,11 km,0.2,---
2026/07/31,19:43:53.7,上川地方北部,44°50.6′N,142°10.8′E,14 km,1.3,---
2026/07/31,19:43:57.4,熊本県天草・芦北地方,32°30.7′N,130°33.4′E,10 km,0.2,---
2026/07/31,19:44:11.8,茨城県北部,36°45.6′N,140°34.4′E,9 km,0.2,---
2026/07/31,19:45:37.6,熊本県熊本地方,32°39.4′N,130°44.4′E,7 km,0.5,---
2026/07/31,19:46:31.1,茨城県南部,35°56.7′N,140°05.0′E,74 km,0.7,---
2026/07/31,19:46:35.1,茨城県北部,36°45.3′N,140°34.6′E,9 km,0.5,---
2026/07/31,19:47:14.2,三陸沖,39°13.7′N,144°28.2′E,32 km,1.4,---
2026/07/31,19:47:40.3,熊本県熊本地方,32°48.0′N,130°47.5′E,12 km,0.7,---
2026/07/31,19:48:07.9,熊本県天草・芦北地方,32°23.4′N,130°28.2′E,2 km,1.9,---
2026/07/31,19:49:49.2,山口県中部,34°24.6′N,131°36.1′E,32 km,不明,---
2026/07/31,19:49:52.2,熊本県天草・芦北地方,32°28.7′N,130°30.8′E,13 km,0.0,---
2026/07/31,19:49:52.3,山口県中部,34°24.3′N,131°35.9′E,30 km,不明,---
2026/07/31,19:50:05.6,宮城県沖,38°45.2′N,142°23.8′E,34 km,1.0,---
2026/07/31,19:51:16.4,岡山県北部,34°55.8′N,134°10.6′E,15 km,0.1,---
2026/07/31,19:51:51.5,沖縄本島近海,26°51.2′N,128°42.4′E,23 km,0.8,---
2026/07/31,19:51:56.4,熊本県熊本地方,32°42.3′N,130°45.8′E,9 km,0.4,---
2026/07/31,19:52:49.7,熊本県熊本地方,32°34.0′N,130°37.9′E,13 km,0.2,---
2026/07/31,19:53:12.6,福井県嶺南,35°25.8′N,135°41.4′E,12 km,0.8,---
2026/07/31,19:53:24.0,福島県沖,37°17.6′N,142°13.7′E,22 km,1.4,---
2026/07/31,19:53:43.1,熊本県熊本地方,32°28.1′N,130°37.2′E,11 km,0.0,---
2026/07/31,19:54:08.3,熊本県天草・芦北地方,32°26.0′N,130°28.0′E,12 km,0.2,---
2026/07/31,19:54:43.4,熊本県天草・芦北地方,32°29.8′N,130°31.3′E,8 km,0.2,---
2026/07/31,19:55:36.0,熊本県天草・芦北地方,32°27.2′N,130°32.9′E,0 km,0.3,---
2026/07/31,19:57:07.6,熊本県天草・芦北地方,32°28.2′N,130°32.6′E,5 km,1.0,---
2026/07/31,19:57:24.1,熊本県熊本地方,32°31.6′N,130°36.1′E,13 km,0.8,---
2026/07/31,19:58:41.1,熊本県熊本地方,32°40.6′N,130°44.5′E,13 km,0.2,---
2026/07/31,19:59:46.1,熊本県熊本地方,32°41.1′N,130°44.5′E,12 km,2.4,---
2026/07/31,20:01:52.2,熊本県天草・芦北地方,32°14.5′N,130°26.0′E,7 km,0.5,---
2026/07/31,20:02:31.6,熊本県天草・芦北地方,32°26.9′N,130°33.1′E,10 km,0.8,---
2026/07/31,20:02:35.7,沖縄本島近海,26°50.9′N,128°43.4′E,20 km,1.0,---
2026/07/31,20:03:07.5,熊本県熊本地方,32°32.6′N,130°35.8′E,7 km,0.2,---
2026/07/31,20:03:42.0,熊本県天草・芦北地方,32°28.9′N,130°31.0′E,13 km,0.4,---
2026/07/31,20:03:47.7,熊本県熊本地方,32°29.9′N,130°36.1′E,9 km,1.5,---
2026/07/31,20:04:21.4,熊本県熊本地方,32°40.8′N,130°44.4′E,10 km,1.7,---
2026/07/31,20:05:15.1,熊本県熊本地方,32°33.1′N,130°36.3′E,8 km,0.5,---
2026/07/31,20:05:34.8,熊本県熊本地方,32°47.8′N,130°46.6′E,14 km,1.3,---
2026/07/31,20:05:37.8,熊本県熊本地方,32°30.2′N,130°34.8′E,2 km,2.0,---
2026/07/31,20:06:03.8,熊本県天草・芦北地方,32°26.6′N,130°32.9′E,7 km,1.3,---
2026/07/31,20:06:21.8,熊本県熊本地方,32°38.6′N,130°43.8′E,9 km,1.9,---
2026/07/31,20:06:51.3,熊本県熊本地方,32°40.3′N,130°40.2′E,16 km,1.3,---
2026/07/31,20:07:04.9,熊本県熊本地方,32°44.4′N,130°46.3′E,9 km,1.3,---
2026/07/31,20:07:41.2,日向灘,32°13.5′N,131°42.6′E,7 km,0.6,---
2026/07/31,20:08:07.7,熊本県熊本地方,32°32.8′N,130°36.5′E,12 km,0.7,---
2026/07/31,20:08:33.6,熊本県天草・芦北地方,32°25.5′N,130°29.8′E,8 km,0.8,---
2026/07/31,20:10:12.1,熊本県熊本地方,32°33.1′N,130°36.9′E,14 km,2.0,---
2026/07/31,20:10:52.0,熊本県熊本地方,32°40.6′N,130°45.2′E,9 km,0.5,---
2026/07/31,20:11:22.5,熊本県熊本地方,32°38.3′N,130°42.0′E,14 km,0.8,---
2026/07/31,20:11:29.5,釧路沖,42°47.0′N,145°08.8′E,48 km,不明,---
2026/07/31,20:12:06.3,茨城県沖,36°18.9′N,140°52.4′E,42 km,1.4,---
2026/07/31,20:13:08.2,茨城県北部,36°45.2′N,140°34.2′E,8 km,-0.3,---
2026/07/31,20:13:22.1,熊本県天草・芦北地方,32°28.3′N,130°32.7′E,2 km,0.8,---
2026/07/31,20:13:44.7,薩摩半島西方沖,31°50.5′N,129°41.9′E,10 km,1.0,---
2026/07/31,20:14:26.1,奄美大島近海,28°11.4′N,129°24.4′E,16 km,0.7,---
2026/07/31,20:14:51.3,熊本県天草・芦北地方,32°25.8′N,130°30.8′E,7 km,0.5,---
2026/07/31,20:15:05.3,三河湾,34°39.3′N,137°00.6′E,336 km,2.3,---
2026/07/31,20:15:57.0,石川県能登地方,37°12.7′N,136°50.6′E,10 km,0.9,---
2026/07/31,20:16:04.2,熊本県熊本地方,32°32.1′N,130°34.8′E,12 km,0.8,---
2026/07/31,20:16:14.5,天草灘,31°57.3′N,129°58.6′E,10 km,0.8,---
2026/07/31,20:16:58.5,熊本県天草・芦北地方,32°28.8′N,130°33.4′E,14 km,0.3,---
2026/07/31,20:17:20.5,熊本県天草・芦北地方,32°28.7′N,130°32.9′E,15 km,1.0,---
2026/07/31,20:17:44.3,長野県中部,36°06.1′N,137°38.2′E,9 km,0.0,---
2026/07/31,20:18:16.4,熊本県熊本地方,32°41.5′N,130°45.5′E,11 km,0.4,---
2026/07/31,20:18:31.0,茨城県北部,36°45.6′N,140°34.1′E,9 km,-0.2,---
2026/07/31,20:18:46.6,熊本県熊本地方,32°35.0′N,130°38.6′E,14 km,0.0,---
2026/07/31,20:20:33.4,熊本県天草・芦北地方,32°25.3′N,130°29.9′E,6 km,0.1,---
2026/07/31,20:20:46.4,熊本県熊本地方,32°31.9′N,130°36.4′E,6 km,0.4,---
2026/07/31,20:21:19.3,熊本県熊本地方,32°34.5′N,130°38.7′E,8 km,0.5,---
2026/07/31,20:21:53.8,熊本県天草・芦北地方,32°26.9′N,130°33.3′E,3 km,0.1,---
2026/07/31,20:21:56.8,和歌山県北部,34°04.1′N,135°19.6′E,9 km,-0.3,---
2026/07/31,20:23:10.3,和歌山県北部,34°04.2′N,135°20.7′E,8 km,0.8,---
2026/07/31,20:23:23.0,茨城県沖,36°32.5′N,141°05.3′E,37 km,0.7,---
2026/07/31,20:23:23.6,熊本県天草・芦北地方,32°12.7′N,130°21.7′E,10 km,-0.2,---
2026/07/31,20:23:36.5,トカラ列島近海,29°41.3′N,129°35.4′E,17 km,2.3,---
2026/07/31,20:23:42.7,熊本県熊本地方,32°32.3′N,130°36.4′E,14 km,1.4,---
2026/07/31,20:24:27.6,宮城県沖,38°38.9′N,142°07.1′E,42 km,1.0,---
2026/07/31,20:24:42.5,熊本県天草・芦北地方,32°24.3′N,130°27.2′E,11 km,0.7,---
2026/07/31,20:26:12.4,山梨県東部・富士五湖,35°29.1′N,138°57.2′E,21 km,1.6,---
2026/07/31,20:28:02.3,宮古島北西沖,25°31.3′N,125°10.3′E,17 km,1.8,---
2026/07/31,20:29:43.7,熊本県熊本地方,32°34.3′N,130°39.9′E,6 km,0.6,---
2026/07/31,20:30:13.4,熊本県熊本地方,32°28.9′N,130°36.7′E,8 km,2.8,---
2026/07/31,20:31:32.6,新島・神津島近海,34°13.7′N,139°09.5′E,8 km,1.6,---
2026/07/31,20:32:07.1,熊本県天草・芦北地方,32°30.1′N,130°30.8′E,11 km,0.7,---
2026/07/31,20:32:48.4,熊本県熊本地方,32°33.6′N,130°38.9′E,7 km,0.5,---
2026/07/31,20:33:07.1,熊本県熊本地方,32°37.0′N,130°42.9′E,3 km,0.9,---
2026/07/31,20:33:47.3,熊本県熊本地方,32°40.0′N,130°44.2′E,12 km,0.5,---
2026/07/31,20:33:51.2,熊本県天草・芦北地方,32°14.5′N,130°25.8′E,6 km,0.4,---
2026/07/31,20:35:09.1,宮城県沖,38°18.5′N,142°13.5′E,31 km,1.0,---
2026/07/31,20:35:18.3,熊本県熊本地方,32°33.8′N,130°40.5′E,5 km,1.2,---
2026/07/31,20:37:43.1,熊本県天草・芦北地方,32°28.3′N,130°33.0′E,7 km,1.1,---
2026/07/31,20:37:57.0,四国沖,32°39.9′N,132°37.2′E,23 km,0.7,---
2026/07/31,20:38:58.1,熊本県熊本地方,32°41.8′N,130°45.5′E,11 km,0.4,---
2026/07/31,20:39:25.1,熊本県天草・芦北地方,32°30.5′N,130°33.2′E,12 km,0.8,---
2026/07/31,20:39:49.4,熊本県熊本地方,32°40.7′N,130°42.7′E,14 km,1.0,---
2026/07/31,20:40:42.9,福島県沖,37°31.7′N,142°41.2′E,10 km,1.4,---
2026/07/31,20:40:59.8,島根県東部,35°19.2′N,133°12.7′E,13 km,2.1,---
2026/07/31,20:41:09.5,熊本県天草・芦北地方,32°20.5′N,130°27.4′E,9 km,-0.1,---
2026/07/31,20:41:26.3,福島県沖,37°30.4′N,142°00.9′E,36 km,0.7,---
2026/07/31,20:43:15.0,島根県東部,35°19.8′N,133°12.4′E,12 km,0.0,---
2026/07/31,20:43:20.7,熊本県熊本地方,32°40.6′N,130°42.2′E,14 km,0.8,---
2026/07/31,20:43:37.9,十勝沖,42°23.6′N,143°51.5′E,55 km,1.3,---
2026/07/31,20:43:38.0,熊本県熊本地方,32°38.5′N,130°43.3′E,9 km,1.2,---
2026/07/31,20:43:51.2,熊本県熊本地方,32°28.7′N,130°36.8′E,2 km,1.1,---
2026/07/31,20:44:02.4,長野県北部,36°31.5′N,137°47.5′E,2 km,0.8,---
2026/07/31,20:44:17.0,熊本県熊本地方,32°37.5′N,130°42.7′E,7 km,0.7,---
2026/07/31,20:44:59.4,熊本県天草・芦北地方,32°17.4′N,130°24.1′E,10 km,-0.2,---
2026/07/31,20:45:22.8,熊本県熊本地方,32°39.2′N,130°44.4′E,7 km,0.6,---
2026/07/31,20:45:47.7,熊本県熊本地方,32°37.1′N,130°42.1′E,8 km,1.2,---
2026/07/31,20:46:35.0,熊本県熊本地方,32°30.3′N,130°35.9′E,7 km,2.4,---
2026/07/31,20:46:58.7,岩手県沖,40°19.9′N,142°27.1′E,22 km,1.1,---
2026/07/31,20:47:58.0,熊本県熊本地方,32°32.1′N,130°36.2′E,13 km,1.6,---
2026/07/31,20:48:49.6,四国沖,32°17.1′N,132°53.6′E,17 km,不明,---
2026/07/31,20:48:52.1,熊本県熊本地方,32°31.5′N,130°36.0′E,14 km,1.8,---
2026/07/31,20:49:19.2,四国沖,32°16.0′N,132°53.4′E,13 km,不明,---
2026/07/31,20:49:41.6,熊本県熊本地方,32°31.4′N,130°36.2′E,13 km,0.2,---
2026/07/31,20:49:52.7,熊本県熊本地方,32°39.6′N,130°44.2′E,10 km,0.1,---
2026/07/31,20:50:34.1,熊本県熊本地方,32°31.1′N,130°34.9′E,11 km,0.2,---
2026/07/31,20:50:55.6,熊本県熊本地方,32°39.2′N,130°41.7′E,14 km,0.3,---
2026/07/31,20:51:00.9,天草灘,31°58.7′N,130°10.8′E,4 km,0.7,---
2026/07/31,20:52:02.2,熊本県熊本地方,32°34.2′N,130°36.7′E,13 km,1.3,---
2026/07/31,20:52:03.1,長野県北部,36°34.9′N,137°50.6′E,8 km,0.0,---
2026/07/31,20:52:59.8,熊本県熊本地方,32°36.5′N,130°40.1′E,10 km,1.0,---
2026/07/31,20:53:16.6,熊本県熊本地方,32°33.9′N,130°37.8′E,10 km,2.0,---
2026/07/31,20:54:39.3,熊本県熊本地方,32°50.2′N,130°53.4′E,9 km,-0.1,---
2026/07/31,20:55:55.0,熊本県熊本地方,32°38.0′N,130°43.0′E,10 km,0.4,---
2026/07/31,20:56:36.3,三陸沖,38°16.6′N,142°45.1′E,10 km,1.1,---
2026/07/31,20:56:51.6,熊本県熊本地方,32°41.0′N,130°40.0′E,18 km,1.9,---
2026/07/31,20:57:41.1,熊本県熊本地方,32°40.8′N,130°42.6′E,15 km,1.0,---
2026/07/31,20:58:25.7,熊本県天草・芦北地方,32°23.1′N,130°28.8′E,9 km,1.9,---
2026/07/31,20:58:55.8,岐阜県美濃東部,35°26.9′N,137°22.2′E,8 km,0.0,---
2026/07/31,20:59:38.0,熊本県天草・芦北地方,32°25.9′N,130°31.5′E,7 km,-0.1,---
2026/07/31,21:00:33.9,熊本県天草・芦北地方,32°24.5′N,130°28.1′E,5 km,0.4,---
2026/07/31,21:01:32.1,熊本県熊本地方,32°39.0′N,130°43.1′E,10 km,0.5,---
2026/07/31,21:02:05.4,熊本県天草・芦北地方,32°27.8′N,130°31.2′E,11 km,0.5,---
2026/07/31,21:02:20.2,熊本県天草・芦北地方,32°25.5′N,130°30.8′E,2 km,0.1,---
2026/07/31,21:02:54.8,熊本県熊本地方,32°38.9′N,130°44.4′E,9 km,-0.1,---
2026/07/31,21:03:33.4,岐阜県美濃中西部,35°24.2′N,136°56.4′E,8 km,-0.1,---
2026/07/31,21:04:11.5,三陸沖,39°33.4′N,143°24.1′E,9 km,1.0,---
2026/07/31,21:04:51.8,熊本県熊本地方,32°25.3′N,130°34.2′E,0 km,0.5,---
2026/07/31,21:05:27.1,静岡県中部,35°30.0′N,138°14.0′E,10 km,0.0,---
2026/07/31,21:05:51.9,熊本県熊本地方,32°38.7′N,130°43.9′E,7 km,-0.2,---
2026/07/31,21:06:24.6,岩手県沖,39°54.0′N,142°21.6′E,34 km,0.9,---
2026/07/31,21:06:28.0,熊本県熊本地方,32°35.7′N,130°38.1′E,13 km,0.3,---
2026/07/31,21:07:00.3,熊本県天草・芦北地方,32°24.8′N,130°30.7′E,12 km,3.1,---
2026/07/31,21:07:33.3,鹿児島県薩摩地方,32°09.0′N,130°20.2′E,3 km,1.5,---
2026/07/31,21:09:21.3,熊本県天草・芦北地方,32°28.8′N,130°32.1′E,6 km,0.7,---
2026/07/31,21:09:29.3,十勝地方北部,43°22.4′N,142°45.0′E,9 km,0.2,---
2026/07/31,21:09:29.5,天草灘,32°20.1′N,129°50.3′E,11 km,0.6,---
2026/07/31,21:09:38.6,沖縄本島近海,27°02.3′N,127°54.5′E,58 km,0.3,---
2026/07/31,21:10:08.1,熊本県天草・芦北地方,32°23.3′N,130°29.2′E,10 km,1.3,---
2026/07/31,21:11:20.7,宮城県沖,38°18.0′N,142°06.6′E,35 km,1.1,---
2026/07/31,21:12:29.6,熊本県熊本地方,32°31.6′N,130°35.9′E,11 km,0.4,---
2026/07/31,21:13:08.4,熊本県天草・芦北地方,32°24.7′N,130°30.6′E,10 km,0.8,---
2026/07/31,21:13:25.1,岩手県沖,40°06.3′N,142°33.2′E,8 km,1.3,---
2026/07/31,21:13:35.4,熊本県熊本地方,32°36.5′N,130°42.1′E,12 km,0.4,---
2026/07/31,21:13:53.5,熊本県熊本地方,32°31.8′N,130°35.3′E,12 km,0.6,---
2026/07/31,21:14:33.6,熊本県熊本地方,32°37.0′N,130°44.0′E,6 km,1.7,---
2026/07/31,21:15:05.9,熊本県熊本地方,32°28.9′N,130°36.5′E,7 km,2.4,---
2026/07/31,21:15:20.2,奄美大島近海,28°31.2′N,129°39.0′E,23 km,1.4,---
2026/07/31,21:15:49.6,熊本県熊本地方,32°39.6′N,130°42.0′E,14 km,1.4,---
2026/07/31,21:16:38.7,熊本県熊本地方,32°32.2′N,130°38.8′E,7 km,0.5,---
2026/07/31,21:16:53.0,熊本県熊本地方,32°37.6′N,130°43.6′E,7 km,0.7,---
2026/07/31,21:17:37.5,熊本県天草・芦北地方,32°29.3′N,130°32.7′E,6 km,0.5,---
2026/07/31,21:17:46.7,鳥島近海,31°24.9′N,141°51.9′E,71 km,3.5,---
2026/07/31,21:17:51.1,熊本県熊本地方,32°34.2′N,130°39.4′E,8 km,0.5,---
2026/07/31,21:18:29.7,熊本県熊本地方,32°37.5′N,130°42.4′E,5 km,0.6,---
2026/07/31,21:19:01.3,熊本県天草・芦北地方,32°25.4′N,130°31.0′E,7 km,0.6,---
2026/07/31,21:19:53.3,山口県中部,34°24.8′N,131°35.6′E,32 km,0.3,---
2026/07/31,21:19:56.2,熊本県熊本地方,32°40.0′N,130°43.2′E,9 km,0.8,---
2026/07/31,21:20:24.3,熊本県熊本地方,32°29.9′N,130°33.1′E,1 km,0.3,---
2026/07/31,21:20:53.1,熊本県天草・芦北地方,32°13.5′N,130°25.6′E,1 km,0.5,---
2026/07/31,21:21:36.8,熊本県熊本地方,32°41.1′N,130°44.2′E,13 km,0.3,---
2026/07/31,21:24:46.6,熊本県天草・芦北地方,32°31.5′N,130°32.4′E,11 km,0.2,---
2026/07/31,21:25:18.0,熊本県天草・芦北地方,32°23.2′N,130°28.1′E,0 km,0.1,---
2026/07/31,21:26:01.2,熊本県熊本地方,32°40.0′N,130°43.6′E,11 km,0.7,---
2026/07/31,21:26:26.1,熊本県熊本地方,32°39.5′N,130°42.6′E,14 km,0.3,---
2026/07/31,21:28:08.7,関東東方沖,36°44.2′N,143°37.1′E,26 km,1.4,---
2026/07/31,21:28:44.8,大隅半島東方沖,31°13.8′N,131°38.2′E,20 km,0.8,---
2026/07/31,21:29:01.1,与那国島近海,23°58.3′N,123°11.4′E,25 km,1.1,---
2026/07/31,21:29:11.9,熊本県熊本地方,32°41.7′N,130°46.0′E,10 km,0.2,---
2026/07/31,21:29:34.4,熊本県天草・芦北地方,32°26.1′N,130°32.2′E,4 km,0.6,---
2026/07/31,21:30:21.1,熊本県熊本地方,32°31.6′N,130°35.5′E,0 km,1.1,---
2026/07/31,21:30:47.2,熊本県熊本地方,32°41.3′N,130°45.3′E,9 km,0.9,---
2026/07/31,21:30:58.9,熊本県熊本地方,32°38.9′N,130°42.4′E,12 km,1.9,---
2026/07/31,21:32:01.9,熊本県熊本地方,32°30.3′N,130°34.1′E,15 km,0.4,---
2026/07/31,21:32:34.6,熊本県天草・芦北地方,32°24.4′N,130°29.1′E,3 km,0.0,---
2026/07/31,21:32:57.4,熊本県天草・芦北地方,32°16.8′N,130°26.0′E,13 km,0.4,---
2026/07/31,21:33:02.0,宮城県沖,38°10.0′N,142°23.9′E,29 km,1.1,---
2026/07/31,21:33:33.4,宮城県沖,38°26.0′N,142°06.3′E,28 km,1.2,---
2026/07/31,21:33:42.9,十勝沖,42°24.6′N,143°43.0′E,61 km,0.3,---
2026/07/31,21:33:57.6,熊本県熊本地方,32°40.7′N,130°42.6′E,14 km,1.1,---
2026/07/31,21:34:20.4,能登半島沖,37°33.5′N,137°25.8′E,11 km,1.2,---
2026/07/31,21:34:41.3,熊本県熊本地方,32°37.1′N,130°40.6′E,9 km,0.5,---
2026/07/31,21:34:52.5,熊本県熊本地方,32°34.2′N,130°39.4′E,8 km,0.4,---
2026/07/31,21:35:20.9,熊本県熊本地方,32°40.6′N,130°45.2′E,11 km,0.2,---
2026/07/31,21:36:50.7,熊本県天草・芦北地方,32°29.5′N,130°32.1′E,12 km,0.9,---
2026/07/31,21:38:31.6,熊本県熊本地方,32°39.8′N,130°43.8′E,9 km,0.2,---
2026/07/31,21:39:05.9,上川地方北部,44°13.8′N,142°36.6′E,6 km,0.3,---
2026/07/31,21:39:07.9,島根県東部,35°19.3′N,133°11.3′E,13 km,0.3,---
2026/07/31,21:39:27.6,熊本県天草・芦北地方,32°27.0′N,130°33.7′E,1 km,0.7,---
2026/07/31,21:39:46.7,熊本県熊本地方,32°33.0′N,130°36.7′E,11 km,0.8,---
2026/07/31,21:40:40.2,熊本県天草・芦北地方,32°24.3′N,130°30.0′E,8 km,-0.1,---
2026/07/31,21:41:01.4,熊本県熊本地方,32°33.0′N,130°36.3′E,14 km,0.4,---
2026/07/31,21:41:32.1,熊本県天草・芦北地方,32°28.3′N,130°31.3′E,1 km,0.7,---
2026/07/31,21:41:48.3,能登半島沖,37°32.0′N,137°12.4′E,12 km,0.9,---
2026/07/31,21:41:51.9,熊本県天草・芦北地方,32°27.2′N,130°33.7′E,2 km,0.9,---
2026/07/31,21:43:24.7,熊本県熊本地方,32°31.2′N,130°36.9′E,7 km,1.3,---
2026/07/31,21:43:44.1,熊本県天草・芦北地方,32°26.8′N,130°33.7′E,0 km,0.9,---
2026/07/31,21:44:14.2,熊本県熊本地方,32°32.4′N,130°36.3′E,7 km,0.6,---
2026/07/31,21:44:51.4,熊本県天草・芦北地方,32°31.2′N,130°32.2′E,12 km,0.0,---
2026/07/31,21:45:06.6,熊本県熊本地方,32°31.0′N,130°34.8′E,9 km,0.6,---
2026/07/31,21:45:18.5,熊本県天草・芦北地方,32°24.4′N,130°31.1′E,11 km,0.6,---
2026/07/31,21:46:16.2,熊本県熊本地方,32°39.8′N,130°43.1′E,13 km,0.7,---
2026/07/31,21:46:33.0,奄美大島北西沖,28°16.5′N,128°09.6′E,13 km,1.3,---
2026/07/31,21:46:56.4,熊本県熊本地方,32°35.1′N,130°37.2′E,13 km,0.2,---
2026/07/31,21:47:22.7,熊本県天草・芦北地方,32°28.9′N,130°33.5′E,0 km,-0.1,---
2026/07/31,21:47:55.5,長野県南部,35°48.3′N,138°00.1′E,11 km,1.1,---
2026/07/31,21:48:09.7,熊本県天草・芦北地方,32°15.5′N,130°31.2′E,2 km,0.6,---
2026/07/31,21:48:17.9,十勝地方中部,42°46.9′N,143°29.2′E,104 km,0.8,---
2026/07/31,21:49:33.7,熊本県天草・芦北地方,32°35.2′N,130°36.8′E,15 km,0.4,---
2026/07/31,21:49:48.5,岐阜県飛騨地方,36°01.2′N,137°34.7′E,5 km,0.0,---
2026/07/31,21:50:20.7,熊本県天草・芦北地方,32°36.9′N,130°36.1′E,16 km,0.3,---
2026/07/31,21:50:23.9,静岡県西部,35°01.3′N,137°50.6′E,19 km,-0.1,---
2026/07/31,21:50:32.6,岩手県沖,39°53.4′N,142°21.7′E,35 km,1.0,---
2026/07/31,21:51:12.7,青森県東方沖,40°56.1′N,142°56.3′E,19 km,1.9,---
2026/07/31,21:51:13.1,岩手県沖,39°54.6′N,142°22.6′E,36 km,0.8,---
2026/07/31,21:51:18.4,島根県西部,34°30.4′N,131°47.3′E,14 km,0.5,---
2026/07/31,21:51:29.7,熊本県熊本地方,32°29.8′N,130°35.8′E,7 km,0.5,---
2026/07/31,21:51:44.2,岩手県内陸南部,39°02.6′N,140°51.9′E,8 km,0.2,---
2026/07/31,21:52:15.4,熊本県天草・芦北地方,32°23.3′N,130°29.3′E,6 km,0.2,---
2026/07/31,21:52:44.0,熊本県熊本地方,32°40.4′N,130°40.6′E,16 km,0.6,---
2026/07/31,21:53:02.7,熊本県熊本地方,32°35.9′N,130°42.8′E,10 km,0.3,---
2026/07/31,21:53:11.3,熊本県熊本地方,32°39.9′N,130°43.1′E,13 km,0.6,---
2026/07/31,21:53:25.1,熊本県熊本地方,32°44.5′N,130°47.8′E,7 km,0.4,---
2026/07/31,21:55:27.9,熊本県天草・芦北地方,32°30.9′N,130°32.2′E,13 km,2.1,---
2026/07/31,21:55:59.8,熊本県熊本地方,32°34.7′N,130°41.5′E,3 km,0.7,---
2026/07/31,21:57:18.6,奄美大島北東沖,29°17.0′N,130°30.1′E,25 km,2.2,---
2026/07/31,21:57:41.1,熊本県天草・芦北地方,32°25.3′N,130°29.0′E,9 km,1.4,---
2026/07/31,21:58:06.9,岩手県沖,40°12.2′N,142°52.4′E,3 km,1.3,---
2026/07/31,21:58:18.6,鹿児島県薩摩地方,32°09.0′N,130°19.8′E,5 km,0.3,---
2026/07/31,21:58:30.5,熊本県天草・芦北地方,32°28.9′N,130°31.1′E,8 km,0.5,---
2026/07/31,21:58:38.5,長野県北部,36°33.1′N,137°49.4′E,12 km,-0.5,---
2026/07/31,21:58:40.0,奄美大島北西沖,28°15.1′N,128°09.3′E,12 km,4.5,---
2026/07/31,21:59:39.2,熊本県熊本地方,32°30.7′N,130°35.3′E,10 km,2.7,---
2026/07/31,22:02:35.9,熊本県熊本地方,32°42.3′N,130°45.6′E,10 km,0.7,---
2026/07/31,22:03:43.0,熊本県熊本地方,32°30.2′N,130°35.1′E,7 km,0.8,---
2026/07/31,22:04:14.3,奄美大島北西沖,28°14.5′N,128°13.5′E,6 km,1.2,---
2026/07/31,22:04:36.7,和歌山県南部,33°33.5′N,135°28.6′E,21 km,-0.1,---
2026/07/31,22:04:44.2,奄美大島北西沖,28°14.7′N,128°10.7′E,16 km,1.9,---
2026/07/31,22:04:50.1,熊本県熊本地方,32°29.9′N,130°34.6′E,8 km,0.8,---
2026/07/31,22:05:45.8,熊本県熊本地方,32°34.4′N,130°37.7′E,15 km,0.2,---
2026/07/31,22:05:53.7,山口県中部,34°24.3′N,131°36.2′E,31 km,0.1,---
2026/07/31,22:06:02.5,熊本県天草・芦北地方,32°26.8′N,130°33.7′E,7 km,1.6,---
2026/07/31,22:06:23.9,奄美大島北西沖,28°14.1′N,128°10.9′E,13 km,1.1,---
2026/07/31,22:06:39.7,熊本県天草・芦北地方,32°26.9′N,130°33.4′E,7 km,0.7,---
2026/07/31,22:07:01.9,熊本県天草・芦北地方,32°20.0′N,130°25.9′E,2 km,-0.2,---
2026/07/31,22:07:23.9,熊本県熊本地方,32°31.7′N,130°35.1′E,10 km,0.6,---
2026/07/31,22:08:02.5,茨城県北部,36°45.2′N,140°34.4′E,9 km,-0.6,---
2026/07/31,22:09:07.9,熊本県熊本地方,32°33.0′N,130°39.9′E,4 km,0.8,---
2026/07/31,22:09:10.4,奄美大島近海,28°11.4′N,129°24.5′E,16 km,0.2,---
2026/07/31,22:09:24.5,熊本県天草・芦北地方,32°24.2′N,130°29.5′E,8 km,0.8,---
2026/07/31,22:09:43.3,熊本県熊本地方,32°40.7′N,130°44.1′E,9 km,0.2,---
2026/07/31,22:10:50.6,茨城県北部,36°44.8′N,140°34.8′E,9 km,1.7,---
2026/07/31,22:11:00.4,熊本県熊本地方,32°30.2′N,130°35.1′E,11 km,0.0,---
2026/07/31,22:11:05.0,茨城県北部,36°44.9′N,140°34.4′E,7 km,0.6,---
2026/07/31,22:11:51.2,和歌山県南部,33°46.7′N,135°42.2′E,24 km,0.2,---
2026/07/31,22:11:55.2,西表島付近,24°03.2′N,123°42.8′E,13 km,1.7,---
2026/07/31,22:12:33.1,熊本県天草・芦北地方,32°28.0′N,130°31.6′E,0 km,0.1,---
2026/07/31,22:14:17.3,熊本県熊本地方,32°41.0′N,130°43.3′E,13 km,0.4,---
2026/07/31,22:15:33.6,奄美大島近海,28°10.8′N,129°24.8′E,18 km,1.1,---
2026/07/31,22:15:36.8,三陸沖,40°08.5′N,143°12.7′E,4 km,1.6,---
2026/07/31,22:16:33.0,熊本県熊本地方,32°35.0′N,130°38.2′E,16 km,0.2,---
2026/07/31,22:17:45.8,熊本県天草・芦北地方,32°29.4′N,130°31.9′E,13 km,0.7,---
2026/07/31,22:18:40.9,熊本県熊本地方,32°33.8′N,130°38.8′E,4 km,1.1,---
2026/07/31,22:19:03.3,熊本県天草・芦北地方,32°27.3′N,130°33.0′E,6 km,1.2,---
2026/07/31,22:19:10.3,熊本県熊本地方,32°34.1′N,130°40.6′E,8 km,1.2,---
2026/07/31,22:19:27.2,熊本県熊本地方,32°35.7′N,130°40.5′E,9 km,2.4,---
2026/07/31,22:20:17.5,熊本県天草・芦北地方,32°24.9′N,130°29.6′E,0 km,0.4,---
2026/07/31,22:21:08.3,熊本県天草・芦北地方,32°29.9′N,130°31.6′E,9 km,0.2,---
2026/07/31,22:21:52.3,熊本県熊本地方,32°36.9′N,130°43.5′E,4 km,1.9,---
2026/07/31,22:22:12.7,熊本県熊本地方,32°38.9′N,130°44.7′E,7 km,1.3,---
2026/07/31,22:22:31.4,奄美大島北西沖,28°16.5′N,128°09.8′E,27 km,1.6,---
2026/07/31,22:22:48.3,熊本県天草・芦北地方,32°26.0′N,130°33.2′E,0 km,0.7,---
2026/07/31,22:23:05.9,熊本県熊本地方,32°31.5′N,130°35.8′E,12 km,0.9,---
2026/07/31,22:23:42.9,奄美大島北西沖,28°15.2′N,128°10.7′E,17 km,1.8,---
2026/07/31,22:24:35.2,熊本県熊本地方,32°38.8′N,130°43.3′E,10 km,0.0,---
2026/07/31,22:24:58.0,熊本県熊本地方,32°39.8′N,130°42.6′E,14 km,0.2,---
2026/07/31,22:25:25.1,三陸沖,39°42.1′N,143°26.1′E,14 km,1.9,---
2026/07/31,22:25:29.2,熊本県天草・芦北地方,32°17.9′N,130°25.7′E,0 km,1.9,---
2026/07/31,22:26:26.2,熊本県天草・芦北地方,32°27.9′N,130°30.2′E,10 km,1.7,---
2026/07/31,22:26:54.8,奄美大島北西沖,28°14.6′N,128°09.6′E,9 km,2.0,---
2026/07/31,22:27:49.8,浦河沖,42°13.4′N,142°36.7′E,35 km,1.4,---
2026/07/31,22:28:25.2,熊本県熊本地方,32°39.4′N,130°41.6′E,13 km,1.2,---
2026/07/31,22:28:50.2,熊本県熊本地方,32°32.5′N,130°38.6′E,5 km,1.5,---
2026/07/31,22:29:31.0,石川県能登地方,37°12.2′N,136°47.2′E,11 km,0.5,---
2026/07/31,22:29:41.4,熊本県天草・芦北地方,32°27.2′N,130°33.5′E,2 km,0.6,---
2026/07/31,22:30:11.5,熊本県天草・芦北地方,32°28.5′N,130°32.9′E,6 km,0.5,---
2026/07/31,22:30:57.6,熊本県天草・芦北地方,32°29.1′N,130°30.4′E,14 km,0.1,---
2026/07/31,22:31:56.5,奄美大島北西沖,28°14.5′N,128°10.9′E,13 km,1.2,---
2026/07/31,22:31:57.4,熊本県熊本地方,32°36.1′N,130°40.1′E,12 km,0.2,---
2026/07/31,22:32:28.8,上川地方南部,43°24.0′N,142°33.7′E,10 km,-0.5,---
2026/07/31,22:33:09.3,福島県沖,37°51.1′N,141°34.9′E,49 km,2.8,---
2026/07/31,22:33:42.6,宮古島近海,24°54.9′N,124°51.2′E,54 km,0.2,---
2026/07/31,22:34:15.9,熊本県熊本地方,32°44.1′N,130°46.4′E,9 km,1.0,---
2026/07/31,22:34:22.9,熊本県熊本地方,32°33.3′N,130°37.7′E,4 km,1.4,---
2026/07/31,22:34:37.1,岐阜県飛騨地方,35°52.2′N,137°20.9′E,13 km,-0.1,---
2026/07/31,22:35:09.8,熊本県熊本地方,32°38.4′N,130°40.8′E,15 km,2.9,---
2026/07/31,22:36:34.1,奄美大島北西沖,28°14.7′N,128°10.6′E,12 km,1.5,---
2026/07/31,22:36:54.9,沖縄本島近海,26°07.6′N,129°11.7′E,40 km,1.6,---
2026/07/31,22:37:21.8,宮城県沖,38°27.9′N,142°09.2′E,30 km,1.0,---
2026/07/31,22:37:33.8,熊本県熊本地方,32°43.8′N,130°46.4′E,10 km,1.2,---
2026/07/31,22:38:32.9,青森県津軽北部,40°41.9′N,140°39.3′E,16 km,0.2,---
2026/07/31,22:38:40.5,熊本県熊本地方,32°41.0′N,130°40.7′E,16 km,0.9,---
2026/07/31,22:38:54.3,熊本県天草・芦北地方,32°17.6′N,130°23.7′E,7 km,0.9,---
2026/07/31,22:39:53.3,四国沖,33°17.8′N,134°21.5′E,20 km,0.4,---
2026/07/31,22:40:21.5,熊本県熊本地方,32°37.5′N,130°42.8′E,4 km,1.3,---
2026/07/31,22:41:43.5,熊本県天草・芦北地方,32°26.4′N,130°32.8′E,2 km,0.9,---
2026/07/31,22:42:00.6,熊本県天草・芦北地方,32°33.1′N,130°34.1′E,13 km,0.8,---
2026/07/31,22:42:42.5,茨城県北部,36°45.0′N,140°34.8′E,10 km,0.5,---
2026/07/31,22:42:53.7,奄美大島近海,28°53.2′N,129°32.3′E,17 km,不明,---
2026/07/31,22:44:00.3,熊本県熊本地方,32°31.6′N,130°35.6′E,13 km,0.4,---
2026/07/31,22:44:30.0,熊本県熊本地方,32°38.3′N,130°42.6′E,12 km,0.5,---
2026/07/31,22:45:11.1,三陸沖,40°33.2′N,145°05.7′E,11 km,1.3,---
2026/07/31,22:45:24.1,大分県中部,33°15.1′N,131°19.4′E,10 km,0.3,---
2026/07/31,22:45:45.6,熊本県天草・芦北地方,32°28.8′N,130°32.9′E,12 km,0.1,---
2026/07/31,22:47:19.2,宮崎県南部山沿い,32°02.1′N,130°56.9′E,8 km,-0.1,---
2026/07/31,22:49:13.1,奄美大島近海,28°10.6′N,129°31.0′E,31 km,0.6,---
2026/07/31,22:50:20.9,熊本県熊本地方,32°31.6′N,130°35.5′E,12 km,0.7,---
2026/07/31,22:51:05.9,択捉島南東沖,44°55.8′N,149°13.4′E,30 km,4.1,---
2026/07/31,22:51:48.5,天草灘,32°20.7′N,129°51.2′E,13 km,0.1,---
2026/07/31,22:52:04.6,奄美大島北西沖,28°14.5′N,128°10.4′E,13 km,1.5,---
2026/07/31,22:52:13.9,福島県沖,37°51.4′N,141°34.9′E,46 km,1.2,---
2026/07/31,22:52:16.0,熊本県熊本地方,32°35.4′N,130°38.1′E,10 km,0.0,---
2026/07/31,22:52:18.8,山口県中部,34°24.7′N,131°35.9′E,31 km,0.7,---
2026/07/31,22:52:25.1,岐阜県飛騨地方,36°16.4′N,137°04.6′E,7 km,0.6,---
2026/07/31,22:52:29.9,熊本県熊本地方,32°40.9′N,130°44.1′E,12 km,0.1,---
2026/07/31,22:52:50.1,奄美大島北西沖,28°16.8′N,128°09.8′E,12 km,1.5,---
2026/07/31,22:53:28.3,熊本県熊本地方,32°27.0′N,130°36.1′E,11 km,0.7,---
2026/07/31,22:53:35.5,宮城県沖,38°25.3′N,142°11.1′E,28 km,2.0,---
2026/07/31,22:54:22.2,奄美大島北西沖,28°14.9′N,128°10.6′E,8 km,1.5,---
2026/07/31,22:55:07.2,熊本県熊本地方,32°39.3′N,130°42.9′E,13 km,0.4,---
2026/07/31,22:55:29.1,熊本県熊本地方,32°31.6′N,130°35.5′E,4 km,0.8,---
2026/07/31,22:56:27.8,熊本県天草・芦北地方,32°22.3′N,130°29.1′E,9 km,1.6,---
2026/07/31,22:57:32.7,奄美大島北西沖,28°14.9′N,128°09.3′E,11 km,2.3,---
2026/07/31,22:57:37.4,奄美大島北東沖,29°13.2′N,130°33.0′E,19 km,1.8,---
2026/07/31,22:58:32.8,福島県沖,36°59.7′N,141°13.5′E,28 km,2.4,---
2026/07/31,22:59:08.9,熊本県熊本地方,32°39.8′N,130°42.7′E,13 km,0.3,---
2026/07/31,22:59:25.0,熊本県熊本地方,32°29.8′N,130°35.7′E,8 km,1.0,---
2026/07/31,22:59:46.3,熊本県熊本地方,32°31.8′N,130°34.4′E,4 km,0.8,---
2026/07/31,23:00:36.2,熊本県熊本地方,32°32.4′N,130°38.5′E,5 km,1.0,---
2026/07/31,23:00:36.7,三陸沖,39°42.5′N,143°25.9′E,13 km,1.2,---
2026/07/31,23:01:20.5,熊本県天草・芦北地方,32°28.6′N,130°33.6′E,11 km,0.3,---
2026/07/31,23:02:39.6,福島県沖,37°50.0′N,141°36.0′E,51 km,0.5,---
2026/07/31,23:04:32.2,熊本県熊本地方,32°41.3′N,130°42.3′E,13 km,0.4,---
2026/07/31,23:04:48.6,熊本県天草・芦北地方,32°28.8′N,130°31.3′E,11 km,1.2,---
2026/07/31,23:05:03.5,熊本県天草・芦北地方,32°27.6′N,130°29.5′E,10 km,1.1,---
2026/07/31,23:05:03.9,愛知県西部,34°54.1′N,136°50.2′E,9 km,0.7,---
2026/07/31,23:06:45.5,熊本県熊本地方,32°31.2′N,130°35.3′E,13 km,0.7,---
2026/07/31,23:07:00.1,熊本県熊本地方,32°40.6′N,130°42.9′E,11 km,0.4,---
2026/07/31,23:07:19.0,福島県沖,37°48.5′N,141°38.1′E,45 km,0.8,---
2026/07/31,23:08:12.0,熊本県熊本地方,32°42.4′N,130°47.0′E,12 km,0.5,---
2026/07/31,23:08:41.3,岩手県沖,39°23.9′N,142°18.9′E,36 km,0.5,---
2026/07/31,23:09:17.8,熊本県天草・芦北地方,32°29.0′N,130°31.6′E,7 km,0.6,---
2026/07/31,23:09:32.3,奄美大島近海,28°11.9′N,129°24.5′E,15 km,0.3,---
2026/07/31,23:09:33.0,熊本県天草・芦北地方,32°28.5′N,130°29.3′E,9 km,0.3,---
2026/07/31,23:10:05.0,熊本県熊本地方,32°39.6′N,130°42.0′E,14 km,0.4,---
2026/07/31,23:11:16.9,熊本県天草・芦北地方,32°28.2′N,130°32.3′E,2 km,0.1,---
2026/07/31,23:11:41.5,熊本県天草・芦北地方,32°28.7′N,130°31.5′E,12 km,2.3,---
2026/07/31,23:11:48.5,福島県沖,37°49.7′N,141°36.5′E,49 km,1.2,---
2026/07/31,23:12:56.9,熊本県天草・芦北地方,32°28.7′N,130°31.5′E,12 km,1.7,---
2026/07/31,23:13:33.0,熊本県熊本地方,32°41.2′N,130°44.3′E,11 km,0.3,---
2026/07/31,23:13:53.9,熊本県熊本地方,32°34.1′N,130°37.7′E,10 km,0.7,---
2026/07/31,23:14:07.7,熊本県熊本地方,32°39.6′N,130°44.9′E,9 km,0.7,---
2026/07/31,23:15:00.1,熊本県天草・芦北地方,32°28.2′N,130°31.6′E,8 km,0.2,---
2026/07/31,23:15:25.4,熊本県熊本地方,32°37.8′N,130°43.9′E,8 km,0.0,---
2026/07/31,23:16:13.0,熊本県天草・芦北地方,32°21.6′N,130°28.2′E,5 km,-0.4,---
2026/07/31,23:16:32.4,熊本県熊本地方,32°38.5′N,130°42.1′E,14 km,0.3,---
2026/07/31,23:17:07.2,岩手県沿岸北部,40°09.1′N,141°48.3′E,8 km,0.0,---
2026/07/31,23:17:12.0,三陸沖,39°54.4′N,144°50.9′E,24 km,2.1,---
2026/07/31,23:17:21.4,熊本県天草・芦北地方,32°13.5′N,130°32.2′E,2 km,-0.1,---
2026/07/31,23:17:55.5,熊本県熊本地方,32°31.3′N,130°35.1′E,10 km,0.3,---
2026/07/31,23:18:07.5,熊本県天草・芦北地方,32°28.8′N,130°31.4′E,11 km,0.9,---
2026/07/31,23:18:15.2,山口県中部,34°24.7′N,131°36.2′E,31 km,0.2,---
2026/07/31,23:18:52.1,熊本県熊本地方,32°37.9′N,130°43.1′E,12 km,-0.1,---
2026/07/31,23:18:57.1,熊本県天草・芦北地方,32°29.5′N,130°31.6′E,13 km,1.3,---
2026/07/31,23:19:41.9,熊本県熊本地方,32°33.5′N,130°41.8′E,7 km,1.6,---
2026/07/31,23:20:00.1,トカラ列島近海,29°15.3′N,129°23.8′E,6 km,1.6,---
2026/07/31,23:20:35.9,神奈川県西部,35°26.3′N,138°56.5′E,24 km,0.2,---
2026/07/31,23:20:40.9,熊本県熊本地方,32°31.3′N,130°36.1′E,9 km,0.7,---
2026/07/31,23:20:48.7,熊本県熊本地方,32°39.3′N,130°44.4′E,10 km,1.0,---
2026/07/31,23:21:16.4,熊本県天草・芦北地方,32°27.5′N,130°34.0′E,1 km,0.3,---
2026/07/31,23:21:42.8,鹿児島県薩摩地方,32°06.1′N,130°29.7′E,9 km,0.0,---
2026/07/31,23:21:51.4,熊本県熊本地方,32°39.2′N,130°47.4′E,10 km,0.6,---
2026/07/31,23:22:05.3,熊本県天草・芦北地方,32°30.6′N,130°33.0′E,10 km,0.6,---
2026/07/31,23:22:28.9,熊本県熊本地方,32°29.7′N,130°36.2′E,7 km,0.4,---
2026/07/31,23:22:35.8,熊本県天草・芦北地方,32°28.6′N,130°31.4′E,10 km,1.2,---
2026/07/31,23:24:05.9,熊本県天草・芦北地方,32°28.7′N,130°31.5′E,12 km,2.6,---
2026/07/31,23:24:10.4,奄美大島近海,28°15.4′N,129°31.1′E,30 km,0.4,---
2026/07/31,23:25:29.9,熊本県阿蘇地方,33°00.9′N,131°08.5′E,5 km,0.4,---
2026/07/31,23:25:57.5,能登半島沖,37°33.1′N,137°14.1′E,11 km,0.5,---
2026/07/31,23:25:57.6,熊本県熊本地方,32°40.3′N,130°44.1′E,13 km,0.0,---
2026/07/31,23:26:30.2,三陸沖,40°31.5′N,145°08.6′E,34 km,1.7,---
2026/07/31,23:26:32.8,熊本県天草・芦北地方,32°28.8′N,130°30.6′E,9 km,0.8,---
2026/07/31,23:30:21.3,熊本県天草・芦北地方,32°30.0′N,130°32.8′E,12 km,1.9,---
2026/07/31,23:31:23.2,熊本県熊本地方,32°38.9′N,130°44.5′E,8 km,1.4,---
2026/07/31,23:32:36.3,熊本県熊本地方,32°45.0′N,130°46.0′E,12 km,0.5,---
2026/07/31,23:33:09.8,熊本県熊本地方,32°49.6′N,130°52.7′E,13 km,0.6,---
2026/07/31,23:33:19.1,熊本県熊本地方,32°29.1′N,130°35.7′E,10 km,0.8,---
2026/07/31,23:33:58.4,熊本県熊本地方,32°36.8′N,130°42.4′E,3 km,0.6,---
2026/07/31,23:33:59.1,熊本県阿蘇地方,32°55.7′N,131°04.5′E,6 km,0.3,---
2026/07/31,23:34:42.6,天草灘,31°59.2′N,130°11.3′E,2 km,1.7,---
2026/07/31,23:35:38.5,福島県沖,37°31.2′N,142°00.5′E,38 km,1.2,---
2026/07/31,23:36:15.5,奄美大島北西沖,28°15.0′N,128°10.2′E,10 km,2.0,---
2026/07/31,23:37:07.5,熊本県熊本地方,32°50.8′N,130°49.6′E,12 km,0.0,---
2026/07/31,23:38:07.9,熊本県天草・芦北地方,32°28.8′N,130°33.8′E,4 km,0.5,---
2026/07/31,23:39:05.2,熊本県熊本地方,32°29.0′N,130°34.5′E,9 km,0.4,---
2026/07/31,23:39:21.5,奄美大島北西沖,28°15.1′N,128°10.4′E,12 km,1.7,---
2026/07/31,23:39:49.4,熊本県熊本地方,32°35.1′N,130°38.6′E,11 km,0.5,---
2026/07/31,23:41:07.0,熊本県熊本地方,32°32.0′N,130°35.9′E,12 km,0.8,---
2026/07/31,23:41:24.0,熊本県熊本地方,32°31.9′N,130°35.8′E,11 km,0.7,---
2026/07/31,23:41:46.5,薩摩半島西方沖,31°50.8′N,130°07.1′E,10 km,0.5,---
2026/07/31,23:42:56.2,熊本県熊本地方,32°32.9′N,130°38.5′E,2 km,1.3,---
2026/07/31,23:43:25.6,栃木県南部,36°21.6′N,139°32.9′E,129 km,0.7,---
2026/07/31,23:43:31.3,熊本県天草・芦北地方,32°23.3′N,130°28.2′E,10 km,0.6,---
2026/07/31,23:43:36.7,奄美大島近海,28°01.3′N,129°13.5′E,4 km,不明,---
2026/07/31,23:44:07.8,熊本県熊本地方,32°40.8′N,130°45.5′E,9 km,0.5,---
2026/07/31,23:44:14.2,奄美大島北西沖,28°15.1′N,128°10.3′E,10 km,1.7,---
2026/07/31,23:44:39.1,熊本県熊本地方,32°29.3′N,130°33.7′E,10 km,0.2,---
2026/07/31,23:44:42.6,奄美大島北西沖,28°14.1′N,128°11.0′E,4 km,1.5,---
2026/07/31,23:44:52.1,神奈川県西部,35°28.0′N,139°00.3′E,25 km,0.5,---
2026/07/31,23:45:10.9,熊本県熊本地方,32°30.8′N,130°35.7′E,10 km,0.5,---
2026/07/31,23:47:43.1,熊本県熊本地方,32°39.8′N,130°42.3′E,13 km,1.5,---
2026/07/31,23:48:46.2,熊本県熊本地方,32°39.0′N,130°42.2′E,15 km,0.6,---
2026/07/31,23:49:28.0,熊本県熊本地方,32°30.3′N,130°35.8′E,8 km,0.8,---
2026/07/31,23:49:57.2,熊本県天草・芦北地方,32°29.0′N,130°31.6′E,11 km,0.4,---
2026/07/31,23:49:57.4,岐阜県美濃中西部,35°23.7′N,136°52.7′E,8 km,1.0,---
2026/07/31,23:50:19.2,熊本県熊本地方,32°34.3′N,130°39.6′E,9 km,0.4,---
2026/07/31,23:50:45.1,熊本県熊本地方,32°37.0′N,130°43.7′E,4 km,1.2,---
2026/07/31,23:52:19.1,熊本県熊本地方,32°38.6′N,130°44.3′E,9 km,0.2,---
2026/07/31,23:54:27.9,熊本県熊本地方,32°38.5′N,130°44.1′E,10 km,1.9,---
2026/07/31,23:54:44.9,三陸沖,40°01.7′N,143°25.3′E,13 km,1.1,---
2026/07/31,23:54:59.2,熊本県熊本地方,32°40.5′N,130°42.6′E,13 km,0.4,---
2026/07/31,23:55:23.6,熊本県熊本地方,32°38.5′N,130°43.8′E,10 km,1.3,---
2026/07/31,23:55:45.3,大阪府北部,34°52.9′N,135°35.2′E,11 km,0.7,---
2026/07/31,23:57:28.4,熊本県熊本地方,32°38.1′N,130°43.0′E,9 km,0.0,---
