地震の発生日時,震央地名,緯度,経度,深さ,Ｍ,最大震度
2025/04/19 00:00:10.7,国後島付近,43.635,145.18833333333333,147,1.6,-
2025/04/19 00:00:15.8,長野県北部,36.46666666666667,137.90666666666667,11,-10.2,-
2025/04/19 00:00:35.9,長野県北部,36.47666666666667,137.91333333333333,13,1,-
2025/04/19 00:01:04.5,長野県北部,36.48166666666667,137.905,12,1.3,-
2025/04/19 00:01:10.3,岩手県沖,39.035,142.44166666666666,26,1.2,-
2025/04/19 00:03:07.5,長野県南部,35.89666666666667,137.62,8,-10.2,-
2025/04/19 00:03:17.2,富山湾,36.87833333333333,137.00333333333333,11,0.6,-
2025/04/19 00:03:41.5,和歌山県南方沖,32.711666666666666,136.025,35,1.7,-
2025/04/19 00:04:03.4,長野県北部,36.46333333333333,137.90166666666667,11,0.2,-
2025/04/19 00:04:15.7,長野県北部,36.475,137.91333333333333,12,-10.1,-
2025/04/19 00:04:29.8,釧路沖,42.75,144.20833333333334,77,0.6,-
2025/04/19 00:04:43.2,長野県北部,36.47,137.90666666666667,13,0.1,-
2025/04/19 00:05:11.3,長野県北部,36.46666666666667,137.905,13,-10.1,-
2025/04/19 00:05:18.6,長野県北部,36.475,137.90166666666667,12,-10.2,-
2025/04/19 00:05:56.5,長野県北部,36.45333333333333,137.90833333333333,12,1.3,-
2025/04/19 00:06:17.1,釧路沖,41.575,146.50833333333333,19,1.2,-
2025/04/19 00:06:17.2,長野県北部,36.47,137.90833333333333,11,0.6,-
2025/04/19 00:06:44.2,滋賀県北部,35.416666666666664,136.09833333333333,16,0.7,-
2025/04/19 00:06:55.5,長野県北部,36.468333333333334,137.90333333333334,12,1.1,-
2025/04/19 00:07:23.4,長野県北部,36.46333333333333,137.90833333333333,11,0.2,-
2025/04/19 00:07:59.3,長野県北部,36.461666666666666,137.92,11,3.8,-
2025/04/19 00:09:22.4,長野県北部,36.473333333333336,137.90833333333333,13,1.1,-
2025/04/19 00:09:58.5,長野県北部,36.47666666666667,137.91333333333333,12,1.1,-
2025/04/19 00:10:05.6,十勝地方中部,42.94166666666667,143.37333333333333,121,0.8,-
2025/04/19 00:10:28.6,長野県北部,36.46,137.91166666666666,13,0.7,-
2025/04/19 00:10:38.7,長野県北部,36.46333333333333,137.92166666666665,11,1.7,-
2025/04/19 00:11:31.6,長野県北部,36.455,137.90166666666667,12,0,-
2025/04/19 00:11:46.2,長野県北部,36.47666666666667,137.91166666666666,13,0.6,-
2025/04/19 00:12:00.2,長野県北部,36.455,137.915,12,2.4,-
2025/04/19 00:12:52.5,長野県北部,36.47,137.90833333333333,12,1.8,-
2025/04/19 00:13:23.8,長野県北部,36.47833333333333,137.905,14,0.7,-
2025/04/19 00:13:43.6,石川県西方沖,37.04833333333333,136.39,14,0.8,-
2025/04/19 00:13:45.4,長野県北部,36.458333333333336,137.895,12,-10.1,-
2025/04/19 00:13:56.0,長野県北部,36.46,137.925,11,2.2,-
2025/04/19 00:14:44.7,長野県北部,36.46,137.925,12,0.8,-
2025/04/19 00:15:32.4,長野県北部,36.47,137.91,12,0.1,-
2025/04/19 00:15:58.2,長野県北部,36.46,137.92,13,0.1,-
2025/04/19 00:16:04.6,長野県北部,36.475,137.90833333333333,13,0.1,-
2025/04/19 00:16:21.4,石川県西方沖,36.89666666666667,136.41833333333332,11,1.8,-
2025/04/19 00:16:23.6,長野県北部,36.471666666666664,137.905,12,0.3,-
2025/04/19 00:16:24.1,マリアナ諸島,21.701666666666668,143.36166666666668,315,5,-
2025/04/19 00:16:29.4,長野県北部,36.45666666666666,137.91666666666666,11,0.1,-
2025/04/19 00:17:11.0,釧路沖,42.76833333333333,145.16333333333333,45,1.4,-
2025/04/19 00:17:17.6,長野県北部,36.47,137.905,12,0.2,-
2025/04/19 00:17:34.9,長野県北部,36.473333333333336,137.91333333333333,13,0,-
2025/04/19 00:17:49.6,長野県北部,36.47,137.90833333333333,12,1.5,-
2025/04/19 00:18:38.3,長野県北部,36.46666666666667,137.90833333333333,12,1,-
2025/04/19 00:19:54.2,長野県北部,36.473333333333336,137.905,13,0.7,-
2025/04/19 00:20:02.9,千葉県南東沖,34.63333333333333,140.38333333333333,55,1.9,-
2025/04/19 00:20:06.5,長野県北部,36.475,137.89833333333334,14,0.7,-
2025/04/19 00:20:58.5,大隅半島東方沖,31.136666666666667,131.48833333333334,23,0.7,-
2025/04/19 00:21:03.6,長野県北部,36.46666666666667,137.90666666666667,12,0.6,-
2025/04/19 00:21:43.0,長野県北部,36.461666666666666,137.93,14,-10.3,-
2025/04/19 00:21:49.3,長野県北部,36.468333333333334,137.90166666666667,10,-10.1,-
2025/04/19 00:22:09.5,長野県北部,36.465,137.91,13,0,-
2025/04/19 00:22:54.8,長野県北部,36.47,137.91,12,2.1,-
2025/04/19 00:24:18.5,茨城県沖,36.49333333333333,141.06666666666666,40,1,-
2025/04/19 00:24:27.7,福島県沖,37.471666666666664,141.94166666666666,40,2.9,-
2025/04/19 00:24:59.6,長野県北部,36.465,137.90666666666667,11,-10.2,-
2025/04/19 00:26:10.6,長野県北部,36.485,137.9,13,0.7,-
2025/04/19 00:26:38.5,長野県北部,36.45333333333333,137.91,12,0.5,-
2025/04/19 00:26:52.6,日向灘,32.62,131.99666666666667,40,0.7,-
2025/04/19 00:27:25.3,長野県北部,36.483333333333334,137.88833333333332,11,0.9,-
2025/04/19 00:27:40.8,長野県北部,36.46333333333333,137.92166666666665,12,0.4,-
2025/04/19 00:28:55.4,長野県北部,36.455,137.92166666666665,11,1.5,-
2025/04/19 00:29:19.3,長野県中部,36.475,137.96166666666667,12,0.2,-
2025/04/19 00:30:33.4,長野県北部,36.455,137.92,13,-10.3,-
2025/04/19 00:31:11.4,長野県北部,36.486666666666665,137.91,15,0.2,-
2025/04/19 00:33:33.4,長野県北部,36.47833333333333,137.89333333333335,10,1.2,-
2025/04/19 00:33:54.7,長野県北部,36.475,137.905,13,0.5,-
2025/04/19 00:34:08.1,長野県北部,36.46,137.90166666666667,13,0.3,-
2025/04/19 00:34:53.6,長野県北部,36.468333333333334,137.91,12,0.9,-
2025/04/19 00:35:32.7,長野県北部,36.47666666666667,137.90666666666667,12,-10.3,-
2025/04/19 00:35:49.9,宮城県北部,38.778333333333336,141.2,79,0.8,-
2025/04/19 00:36:13.2,長野県北部,36.46333333333333,137.92333333333335,12,1.2,-
2025/04/19 00:36:38.2,長野県北部,36.465,137.90833333333333,10,-10.1,-
2025/04/19 00:36:39.9,長野県北部,36.46333333333333,137.89166666666668,8,0.2,-
2025/04/19 00:37:40.4,長野県北部,36.461666666666666,137.93,13,-10.5,-
2025/04/19 00:37:53.7,長野県北部,36.49166666666667,137.91166666666666,13,-10.3,-
2025/04/19 00:37:57.6,長野県北部,36.46333333333333,137.90833333333333,14,0,-
2025/04/19 00:38:04.6,能登半島沖,37.565,137.22166666666666,12,0.8,-
2025/04/19 00:38:16.0,長野県北部,36.468333333333334,137.91666666666666,12,-10.2,-
2025/04/19 00:38:36.7,長野県北部,36.45166666666667,137.90833333333333,11,1.4,-
2025/04/19 00:38:53.6,長野県北部,36.455,137.93166666666667,11,0.6,-
2025/04/19 00:39:32.8,長野県北部,36.48,137.90833333333333,12,1.4,-
2025/04/19 00:39:52.1,長野県北部,36.46333333333333,137.92166666666665,10,1.6,-
2025/04/19 00:40:44.6,長野県北部,36.47833333333333,137.89833333333334,11,-10.1,-
2025/04/19 00:40:56.5,長野県北部,36.471666666666664,137.89833333333334,11,1.1,-
2025/04/19 00:41:13.8,長野県北部,36.46333333333333,137.91333333333333,15,0.6,-
2025/04/19 00:42:17.9,長野県北部,36.48166666666667,137.88333333333333,10,0.2,-
2025/04/19 00:42:19.7,長野県北部,36.471666666666664,137.92833333333334,12,0.6,-
2025/04/19 00:42:37.1,長野県北部,36.48166666666667,137.90166666666667,14,0.9,-
2025/04/19 00:43:32.1,長野県北部,36.465,137.90333333333334,12,0,-
2025/04/19 00:44:28.4,長野県北部,36.47666666666667,137.905,15,0.4,-
2025/04/19 00:44:51.3,長野県北部,36.46333333333333,137.925,12,0.2,-
2025/04/19 00:45:31.3,長野県北部,36.47833333333333,137.91166666666666,11,-10.2,-
2025/04/19 00:46:09.4,長野県北部,36.461666666666666,137.92,13,0.7,-
2025/04/19 00:46:25.8,長野県北部,36.47833333333333,137.91333333333333,12,0.1,-
2025/04/19 00:47:03.2,長野県北部,36.53,137.95,7,-10.6,-
2025/04/19 00:47:09.6,長野県北部,36.458333333333336,137.92333333333335,13,0.1,-
2025/04/19 00:47:28.7,福島県沖,37.47,141.955,40,2,-
2025/04/19 00:47:53.8,長野県北部,36.465,137.925,15,-10.6,-
2025/04/19 00:48:13.7,青森県西方沖,40.54833333333333,139.31833333333333,16,1.6,-
2025/04/19 00:48:41.2,日向灘,32.07333333333333,131.81666666666666,28,0.2,-
2025/04/19 00:48:48.5,長野県北部,36.48,137.915,12,0,-
2025/04/19 00:49:06.3,長野県北部,36.486666666666665,137.91166666666666,14,0.8,-
2025/04/19 00:49:27.2,長野県北部,36.46333333333333,137.925,14,0.5,-
2025/04/19 00:49:53.8,長野県北部,36.473333333333336,137.905,13,0.2,-
2025/04/19 00:50:20.6,長野県北部,36.45,137.915,12,0.3,-
2025/04/19 00:50:25.1,父島近海,26.47,141.885,49,4,-
2025/04/19 00:50:49.4,長野県北部,36.475,137.91666666666666,12,-10.3,-
2025/04/19 00:50:53.0,長野県北部,36.473333333333336,137.90833333333333,10,0.3,-
2025/04/19 00:51:51.7,長野県北部,36.461666666666666,137.90833333333333,11,1.6,-
2025/04/19 00:52:54.5,長野県北部,36.47,137.91166666666666,13,-10.1,-
2025/04/19 00:53:34.6,長野県北部,36.473333333333336,137.915,13,0.2,-
2025/04/19 00:54:27.8,長野県北部,36.461666666666666,137.91333333333333,13,0.4,-
2025/04/19 00:54:29.4,長野県北部,36.46666666666667,137.91666666666666,12,1.1,-
2025/04/19 00:54:51.3,長野県北部,36.458333333333336,137.90333333333334,14,0.5,-
2025/04/19 00:55:01.4,薩摩半島西方沖,31.39666666666667,129.45,12,0.7,-
2025/04/19 00:55:13.9,長野県北部,36.47,137.90666666666667,14,0,-
2025/04/19 00:55:24.7,橘湾,32.68833333333333,130.045,11,0,-
2025/04/19 00:55:42.8,長野県北部,36.468333333333334,137.91,11,-10.2,-
2025/04/19 00:56:16.8,長野県北部,36.475,137.89833333333334,11,0,-
2025/04/19 00:56:26.7,長野県北部,36.45333333333333,137.925,12,0.2,-
2025/04/19 00:57:37.8,長野県北部,36.45333333333333,137.92166666666665,11,1.8,-
2025/04/19 00:58:14.0,長野県北部,36.485,137.89666666666668,14,0.4,-
2025/04/19 00:58:32.7,長野県北部,36.45,137.92333333333335,12,-10.1,-
2025/04/19 00:58:55.4,長野県北部,36.49333333333333,137.90666666666667,15,-10.3,-
2025/04/19 00:59:17.4,福島県沖,37.84,141.58,48,1.1,-
2025/04/19 00:59:40.8,長野県北部,36.48,137.90333333333334,13,0.6,-
2025/04/19 00:59:42.2,宮崎県北部平野部,32.57833333333333,131.61666666666667,15,0.2,-
2025/04/19 01:01:41.5,長野県北部,36.468333333333334,137.91833333333332,11,1.8,-
2025/04/19 01:01:46.4,奄美大島北東沖,29.768333333333334,130.32166666666666,41,1.3,-
2025/04/19 01:02:36.6,長野県北部,36.48,137.90333333333334,12,4.3,-
2025/04/19 01:03:26.3,大分県中部,33.288333333333334,131.45666666666668,7,-10.3,-
2025/04/19 01:03:42.4,長野県北部,36.48166666666667,137.91,13,2.1,-
2025/04/19 01:04:03.6,長野県北部,36.47666666666667,137.90833333333333,12,1.5,-
2025/04/19 01:04:15.3,奄美大島近海,28.775,130.05666666666667,22,-1,-
2025/04/19 01:04:27.9,長野県北部,36.48,137.90333333333334,13,1.2,-
2025/04/19 01:04:46.7,長野県北部,36.485,137.90666666666667,13,1.1,-
2025/04/19 01:05:04.4,長野県北部,36.473333333333336,137.89833333333334,12,1,-
2025/04/19 01:05:11.1,長野県北部,36.483333333333334,137.91166666666666,12,1.5,-
2025/04/19 01:05:14.9,長野県北部,36.468333333333334,137.905,12,2,-
2025/04/19 01:06:09.8,長野県北部,36.47833333333333,137.9,11,-10.1,-
2025/04/19 01:06:21.9,長野県北部,36.48,137.90833333333333,12,2.1,-
2025/04/19 01:06:43.0,長野県北部,36.48,137.91,12,1.4,-
2025/04/19 01:06:51.0,長野県北部,36.46333333333333,137.925,12,1.2,-
2025/04/19 01:07:12.8,長野県北部,36.483333333333334,137.90333333333334,12,3.2,-
2025/04/19 01:08:04.9,長野県北部,36.483333333333334,137.905,13,0.9,-
2025/04/19 01:08:12.4,長野県北部,36.48,137.90166666666667,12,1.6,-
2025/04/19 01:08:21.5,長野県北部,36.47666666666667,137.89666666666668,12,1.6,-
2025/04/19 01:08:41.0,長野県北部,36.48,137.90166666666667,13,1.2,-
2025/04/19 01:08:53.5,長野県北部,36.48,137.9,12,0.8,-
2025/04/19 01:10:25.8,長野県北部,36.486666666666665,137.915,13,-10.1,-
2025/04/19 01:10:38.1,長野県北部,36.465,137.92166666666665,13,0.8,-
2025/04/19 01:10:45.3,長野県北部,36.47666666666667,137.91333333333333,12,1.6,-
2025/04/19 01:10:54.3,長野県北部,36.48,137.90833333333333,12,1.9,-
2025/04/19 01:11:35.8,長野県北部,36.45666666666666,137.905,13,0.1,-
2025/04/19 01:11:39.6,岩手県沖,39.43333333333333,142.48166666666665,31,1,-
2025/04/19 01:11:44.6,長野県北部,36.47666666666667,137.91166666666666,13,0.6,-
2025/04/19 01:11:46.4,三陸沖,40.985,145.66333333333333,33,1.4,-
2025/04/19 01:12:11.2,長野県北部,36.485,137.90666666666667,12,1.9,-
2025/04/19 01:12:26.5,長野県北部,36.48,137.91,13,1.8,-
2025/04/19 01:12:32.2,長野県北部,36.48833333333334,137.90833333333333,13,2,-
2025/04/19 01:13:04.1,長野県北部,36.47833333333333,137.885,9,-1,-
2025/04/19 01:13:04.8,長野県北部,36.48,137.88333333333333,8,0.7,-
2025/04/19 01:13:26.5,長野県北部,36.47666666666667,137.90833333333333,12,0.6,-
2025/04/19 01:14:08.2,長野県北部,36.46,137.9,12,0,-
2025/04/19 01:14:50.8,長野県北部,36.48166666666667,137.9,12,0.2,-
2025/04/19 01:15:10.0,長野県北部,36.475,137.9,13,0.8,-
2025/04/19 01:15:18.7,長野県北部,36.47833333333333,137.90333333333334,15,0.7,-
2025/04/19 01:15:35.4,長野県北部,36.48166666666667,137.90166666666667,13,0.8,-
2025/04/19 01:15:45.3,長野県北部,36.486666666666665,137.90666666666667,14,1.3,-
2025/04/19 01:15:52.4,長野県北部,36.471666666666664,137.9,11,1.4,-
2025/04/19 01:16:10.0,長野県北部,36.47,137.86666666666667,4,0.5,-
2025/04/19 01:16:20.3,長野県北部,36.48833333333334,137.90666666666667,13,0.8,-
2025/04/19 01:16:32.7,長野県北部,36.47833333333333,137.91166666666666,13,1,-
2025/04/19 01:16:51.2,長野県北部,36.48166666666667,137.90833333333333,12,1.5,-
2025/04/19 01:17:31.4,長野県北部,36.486666666666665,137.90666666666667,14,1.1,-
2025/04/19 01:17:55.3,長野県北部,36.47833333333333,137.905,13,0.1,-
2025/04/19 01:18:08.2,長野県北部,36.47666666666667,137.905,13,2.4,-
2025/04/19 01:18:24.4,有明海,32.81,130.595,13,0,-
2025/04/19 01:18:39.3,長野県北部,36.47666666666667,137.9,12,1.5,-
2025/04/19 01:18:45.7,長野県北部,36.49,137.91166666666666,15,0.8,-
2025/04/19 01:19:12.9,長野県北部,36.48,137.905,13,1.2,-
2025/04/19 01:19:25.5,長野県北部,36.49,137.9,14,-1,-
2025/04/19 01:19:38.6,千葉県南東沖,34.788333333333334,139.99833333333333,53,1.2,-
2025/04/19 01:20:06.2,長野県北部,36.47,137.91333333333333,12,0.2,-
2025/04/19 01:20:19.2,長野県北部,36.47833333333333,137.90833333333333,14,0.3,-
2025/04/19 01:20:29.0,長野県北部,36.48833333333334,137.905,14,0.5,-
2025/04/19 01:20:36.1,長野県北部,36.475,137.91166666666666,14,0.5,-
2025/04/19 01:21:01.0,長野県北部,36.48,137.90833333333333,12,0.6,-
2025/04/19 01:21:33.3,長野県北部,36.47666666666667,137.89666666666668,12,-10.1,-
2025/04/19 01:21:45.5,長野県中部,36.44833333333333,137.92333333333335,14,0.1,-
2025/04/19 01:21:59.1,長野県北部,36.468333333333334,137.91166666666666,13,0.2,-
2025/04/19 01:22:10.1,長野県北部,36.47833333333333,137.9,12,0.4,-
2025/04/19 01:22:28.9,長野県北部,36.471666666666664,137.90666666666667,13,0.3,-
2025/04/19 01:22:34.8,長野県北部,36.461666666666666,137.92,10,0.8,-
2025/04/19 01:22:58.7,長野県北部,36.45166666666667,137.92,11,1.1,-
2025/04/19 01:23:25.8,長野県北部,36.485,137.905,13,1.1,-
2025/04/19 01:24:17.8,長野県北部,36.48833333333334,137.89666666666668,14,0.1,-
2025/04/19 01:24:21.2,福島県沖,37.38666666666666,141.53,22,1.7,-
2025/04/19 01:25:28.5,長野県北部,36.49333333333333,137.96833333333333,14,-10.3,-
2025/04/19 01:25:42.8,長野県北部,36.483333333333334,137.90666666666667,12,0.5,-
2025/04/19 01:26:18.0,長野県北部,36.475,137.9,12,0,-
2025/04/19 01:26:35.5,長野県北部,36.45666666666666,137.92166666666665,11,0.7,-
2025/04/19 01:26:47.1,長野県北部,36.465,137.93,11,0.5,-
2025/04/19 01:27:03.7,福島県沖,37.83,141.61666666666667,49,1.5,-
2025/04/19 01:27:40.0,長野県北部,36.486666666666665,137.91166666666666,12,-10.2,-
2025/04/19 01:27:46.3,長野県北部,36.445,137.88333333333333,12,0.2,-
2025/04/19 01:28:25.3,長野県北部,36.48166666666667,137.91666666666666,14,-10.3,-
2025/04/19 01:28:29.4,豊後水道,32.805,132.615,27,0.4,-
2025/04/19 01:28:49.9,長野県北部,36.455,137.92166666666665,12,0.2,-
2025/04/19 01:29:15.1,長野県北部,36.48166666666667,137.885,6,-10.1,-
2025/04/19 01:29:45.0,長野県北部,36.475,137.905,12,-10.2,-
2025/04/19 01:29:50.0,長野県北部,36.46,137.92,12,0.3,-
2025/04/19 01:30:07.1,長野県北部,36.48166666666667,137.90333333333334,12,0.5,-
2025/04/19 01:30:18.6,長野県北部,36.48166666666667,137.91166666666666,13,1,-
2025/04/19 01:30:28.6,長野県北部,36.455,137.90833333333333,13,0.9,-
2025/04/19 01:30:44.7,長野県北部,36.471666666666664,137.99333333333334,8,-10.7,-
2025/04/19 01:30:51.7,長野県北部,36.47833333333333,137.905,12,2.7,-
2025/04/19 01:32:11.5,長野県北部,36.46333333333333,137.925,12,0.5,-
2025/04/19 01:32:59.1,長野県北部,36.455,137.92166666666665,11,1.8,-
2025/04/19 01:33:23.9,石川県能登地方,37.49666666666667,137.23166666666665,13,2.8,-
2025/04/19 01:34:24.1,長野県北部,36.47,137.90666666666667,12,0.5,-
2025/04/19 01:34:39.2,長野県北部,36.47666666666667,137.90833333333333,12,0,-
2025/04/19 01:34:47.3,沖縄本島近海,27.318333333333335,127.91833333333334,62,1.2,-
2025/04/19 01:35:09.6,長野県北部,36.473333333333336,137.91,13,-10.2,-
2025/04/19 01:35:10.0,宮古島北西沖,26.036666666666665,125.55166666666666,1,2.9,-
2025/04/19 01:35:26.2,長野県北部,36.461666666666666,137.92333333333335,12,0.5,-
2025/04/19 01:35:40.9,長野県北部,36.458333333333336,137.92,15,0.2,-
2025/04/19 01:36:02.5,長野県北部,36.48,137.915,13,0,-
2025/04/19 01:36:30.3,長野県北部,36.483333333333334,137.90833333333333,13,0.3,-
2025/04/19 01:37:06.4,長野県北部,36.47,137.90833333333333,13,0,-
2025/04/19 01:37:13.4,石川県能登地方,37.49666666666667,137.235,13,0.6,-
2025/04/19 01:37:49.1,長野県北部,36.485,137.92666666666668,13,-10.2,-
2025/04/19 01:38:02.7,長野県北部,36.47833333333333,137.905,15,0.3,-
2025/04/19 01:38:18.7,長野県北部,36.47,137.89666666666668,10,0.4,-
2025/04/19 01:38:23.3,長野県北部,36.47666666666667,137.90666666666667,13,1.8,-
2025/04/19 01:39:00.9,長野県北部,36.473333333333336,137.90166666666667,11,0.3,-
2025/04/19 01:39:14.1,石川県能登地方,37.498333333333335,137.23166666666665,13,1.7,-
2025/04/19 01:39:25.3,長野県北部,36.458333333333336,137.91666666666666,9,0.1,-
2025/04/19 01:39:37.7,長野県北部,36.461666666666666,137.90666666666667,13,0.8,-
2025/04/19 01:39:51.7,長野県北部,36.461666666666666,137.88333333333333,12,0.5,-
2025/04/19 01:40:22.1,長野県北部,36.48,137.91,12,0.4,-
2025/04/19 01:40:49.2,長野県北部,36.48166666666667,137.90666666666667,13,0.2,-
2025/04/19 01:41:05.0,長野県北部,36.468333333333334,137.91333333333333,12,1,-
2025/04/19 01:41:29.3,石川県能登地方,37.51,137.23333333333332,13,0.8,-
2025/04/19 01:42:18.1,長野県北部,36.473333333333336,137.90333333333334,12,0.5,-
2025/04/19 01:42:40.9,長野県北部,36.48,137.90666666666667,13,0.2,-
2025/04/19 01:43:26.4,宮城県沖,38.86833333333333,141.61,57,0,-
2025/04/19 01:44:34.1,長野県北部,36.47666666666667,137.91166666666666,13,-10.3,-
2025/04/19 01:45:28.5,長野県北部,36.48166666666667,137.90666666666667,13,0.2,-
2025/04/19 01:45:38.6,宮崎県南部山沿い,31.94,130.95833333333334,6,-10.3,-
2025/04/19 01:46:04.2,長野県北部,36.48,137.90666666666667,13,1.9,-
2025/04/19 01:46:53.7,長野県北部,36.458333333333336,137.90833333333333,12,0.3,-
2025/04/19 01:46:57.1,大分県中部,33.28333333333333,131.47,6,0.7,-
2025/04/19 01:47:17.5,長野県北部,36.475,137.90333333333334,11,-10.1,-
2025/04/19 01:47:33.6,長野県中部,36.43833333333333,137.99,5,-10.9,-
2025/04/19 01:47:54.0,長野県北部,36.49,137.92,13,-10.3,-
2025/04/19 01:48:15.1,長野県北部,36.475,137.91166666666666,13,0.4,-
2025/04/19 01:49:11.0,長野県中部,36.461666666666666,137.96,11,-10.5,-
2025/04/19 01:50:09.3,石川県能登地方,37.49666666666667,137.23166666666665,13,1.1,-
2025/04/19 01:50:30.2,長野県北部,36.48,137.91833333333332,15,0.2,-
2025/04/19 01:50:44.7,長野県北部,36.475,137.90666666666667,13,3,-
2025/04/19 01:51:42.8,大分県中部,33.281666666666666,131.45666666666668,7,0.1,-
2025/04/19 01:51:46.4,長野県北部,36.468333333333334,137.90333333333334,12,1.4,-
2025/04/19 01:52:12.3,長野県北部,36.461666666666666,137.92666666666668,11,2.7,-
2025/04/19 01:53:50.6,長野県北部,36.473333333333336,137.9,10,1.6,-
2025/04/19 01:53:54.4,長野県北部,36.475,137.90833333333333,13,3.9,-
2025/04/19 01:54:26.2,福島県沖,37.18833333333333,141.96666666666667,35,1.8,-
2025/04/19 01:55:58.0,長野県北部,36.46333333333333,137.92666666666668,11,2.5,-
2025/04/19 01:56:57.9,茨城県沖,36.535,141.685,26,1.5,-
2025/04/19 01:57:33.2,長野県北部,36.47666666666667,137.90333333333334,11,-10.5,-
2025/04/19 01:58:21.3,岐阜県飛騨地方,35.935,137.09333333333333,8,0,-
2025/04/19 01:58:26.8,秋田県内陸北部,40.041666666666664,140.62333333333333,4,1.5,-
2025/04/19 01:58:27.1,長野県北部,36.465,137.91166666666666,13,0,-
2025/04/19 01:59:01.8,長野県北部,36.47833333333333,137.89833333333334,11,0.3,-
2025/04/19 01:59:24.1,長野県北部,36.485,137.90166666666667,12,0.7,-
2025/04/19 01:59:38.4,石川県能登地方,37.17333333333333,136.88333333333333,11,0.7,-
2025/04/19 01:59:49.1,長野県北部,36.473333333333336,137.90833333333333,13,0.7,-
2025/04/19 02:00:27.4,長野県北部,36.485,137.905,13,0.5,-
2025/04/19 02:00:43.2,千葉県北東部,35.745,140.69,49,1.9,-
2025/04/19 02:01:00.0,石川県西方沖,36.905,136.37833333333333,17,0.8,-
2025/04/19 02:01:12.5,長野県北部,36.475,137.89666666666668,13,0,-
2025/04/19 02:02:49.4,石川県能登地方,37.20166666666667,136.785,7,0.6,-
2025/04/19 02:03:35.1,長野県北部,36.46,137.91166666666666,13,0.2,-
2025/04/19 02:03:43.7,長野県北部,36.48,137.905,14,-10.2,-
2025/04/19 02:05:21.7,長野県北部,36.47666666666667,137.90833333333333,14,0.2,-
2025/04/19 02:05:41.5,長野県北部,36.475,137.91166666666666,12,-10.1,-
2025/04/19 02:06:04.4,長野県北部,36.47,137.92,14,-10.2,-
2025/04/19 02:06:30.8,長野県北部,36.468333333333334,137.92166666666665,12,0.2,-
2025/04/19 02:06:47.2,長野県北部,36.485,137.905,13,0.8,-
2025/04/19 02:07:02.4,長野県北部,36.475,137.92166666666665,14,0.5,-
2025/04/19 02:07:17.0,長野県北部,36.473333333333336,137.915,14,0,-
2025/04/19 02:08:07.3,神奈川県西部,35.416666666666664,139.17166666666665,13,0.5,-
2025/04/19 02:08:21.9,釧路沖,42.845,145.58333333333334,32,1.6,-
2025/04/19 02:08:27.3,長野県北部,36.47666666666667,137.90833333333333,14,1,-
2025/04/19 02:08:56.0,北海道東方沖,43.46,146.88666666666666,41,2.8,-
2025/04/19 02:09:17.3,長野県北部,36.471666666666664,137.91166666666666,13,0.5,-
2025/04/19 02:09:51.2,長野県北部,36.45333333333333,137.915,13,0.3,-
2025/04/19 02:10:14.5,長野県北部,36.48166666666667,137.905,12,0,-
2025/04/19 02:12:10.3,鹿児島県薩摩地方,32.11833333333333,130.40833333333333,7,-10.2,-
2025/04/19 02:13:47.0,伊豆大島近海,34.553333333333335,139.72,95,1.6,-
2025/04/19 02:14:12.9,長野県北部,36.483333333333334,137.91166666666666,14,0.5,-
2025/04/19 02:14:42.2,長野県北部,36.473333333333336,137.89666666666668,12,0.2,-
2025/04/19 02:14:50.2,長野県北部,36.48,137.90833333333333,12,1.7,-
2025/04/19 02:15:25.9,長野県北部,36.475,137.90666666666667,13,0.7,-
2025/04/19 02:15:52.7,奄美大島近海,28.263333333333332,129.49,29,-1,-
2025/04/19 02:17:20.6,長野県北部,36.46333333333333,137.92833333333334,11,0.6,-
2025/04/19 02:18:05.0,長野県北部,36.471666666666664,137.91333333333333,13,1.9,-
2025/04/19 02:18:34.6,長野県北部,36.468333333333334,137.9,13,0.8,-
2025/04/19 02:18:55.3,長野県北部,36.485,137.89833333333334,13,0.3,-
2025/04/19 02:19:21.1,長野県北部,36.47833333333333,137.90666666666667,12,-10.1,-
2025/04/19 02:19:46.1,長野県北部,36.48166666666667,137.90666666666667,13,0.1,-
2025/04/19 02:20:00.0,長野県北部,36.465,137.92333333333335,12,1,-
2025/04/19 02:20:01.1,和歌山県南部,33.88166666666667,135.65,43,0.1,-
2025/04/19 02:20:58.6,長野県北部,36.47833333333333,137.89833333333334,12,3.5,-
2025/04/19 02:21:43.2,長野県北部,36.47833333333333,137.90166666666667,12,1.8,-
2025/04/19 02:22:18.1,長野県北部,36.475,137.885,6,0.5,-
2025/04/19 02:22:27.0,長野県北部,36.48166666666667,137.90166666666667,13,1.1,-
2025/04/19 02:24:06.7,東京都２３区,35.65833333333333,139.7,118,0.7,-
2025/04/19 02:24:09.7,長野県北部,36.48,137.88,10,0.9,-
2025/04/19 02:24:13.8,長野県北部,36.47833333333333,137.895,14,1.4,-
2025/04/19 02:24:39.4,長野県北部,36.483333333333334,137.90333333333334,12,3.1,-
2025/04/19 02:24:53.6,長野県北部,36.483333333333334,137.90166666666667,12,2.6,-
2025/04/19 02:24:53.8,京都府南部,35.07,135.62666666666667,11,0,-
2025/04/19 02:25:18.7,岩手県沖,40.13166666666667,142.03,36,0.3,-
2025/04/19 02:25:32.8,長野県北部,36.471666666666664,137.91166666666666,12,1,-
2025/04/19 02:26:41.5,長野県北部,36.49,137.905,13,0.5,-
2025/04/19 02:27:05.9,長野県中部,36.46,137.97,8,-10.5,-
2025/04/19 02:27:23.2,長野県北部,36.48,137.88166666666666,10,0.9,-
2025/04/19 02:27:27.2,長野県北部,36.48166666666667,137.90166666666667,13,3.1,-
2025/04/19 02:28:25.8,長野県北部,36.47,137.90833333333333,13,0.6,-
2025/04/19 02:29:00.1,長野県北部,36.48166666666667,137.90666666666667,12,1.3,-
2025/04/19 02:29:36.1,長野県北部,36.468333333333334,137.91333333333333,13,0.5,-
2025/04/19 02:30:02.9,長野県北部,36.51166666666666,137.92,13,-1,-
2025/04/19 02:30:09.8,長野県北部,36.486666666666665,137.905,12,2.3,-
2025/04/19 02:30:57.1,長野県北部,36.465,137.92666666666668,14,0.4,-
2025/04/19 02:31:13.2,長野県北部,36.473333333333336,137.91666666666666,13,0.2,-
2025/04/19 02:31:24.8,長野県北部,36.46666666666667,137.91,13,0.6,-
2025/04/19 02:31:31.7,神奈川県西部,35.413333333333334,139.15166666666667,13,0.5,-
2025/04/19 02:31:45.9,長野県北部,36.486666666666665,137.90166666666667,12,0.8,-
2025/04/19 02:32:13.1,長野県北部,36.486666666666665,137.905,13,0.6,-
2025/04/19 02:32:41.0,長野県北部,36.485,137.90333333333334,12,0.1,-
2025/04/19 02:33:51.4,長野県北部,36.483333333333334,137.90166666666667,14,0.3,-
2025/04/19 02:34:19.4,長野県北部,36.485,137.905,13,1.2,-
2025/04/19 02:34:49.7,長野県北部,36.48,137.87666666666667,10,1.2,-
2025/04/19 02:35:10.6,長野県北部,36.48166666666667,137.90666666666667,13,-10.1,-
2025/04/19 02:35:48.1,福島県沖,37.355,141.73833333333334,40,1.4,-
2025/04/19 02:36:34.7,長野県北部,36.485,137.91166666666666,14,1,-
2025/04/19 02:37:07.7,長野県北部,36.45666666666666,137.92333333333335,12,0.9,-
2025/04/19 02:37:24.8,長野県北部,36.48,137.90166666666667,12,2.4,-
2025/04/19 02:38:29.8,長野県北部,36.48,137.9,13,0.2,-
2025/04/19 02:38:54.7,長野県北部,36.48166666666667,137.905,13,1,-
2025/04/19 02:39:12.2,長野県北部,36.48166666666667,137.9,13,0.4,-
2025/04/19 02:39:26.2,長野県北部,36.45,137.91833333333332,11,0.4,-
2025/04/19 02:39:28.5,十勝沖,41.56333333333333,144.50333333333333,26,2.1,-
2025/04/19 02:40:08.0,種子島近海,30.158333333333335,130.32,65,1,-
2025/04/19 02:40:18.9,長野県北部,36.458333333333336,137.91166666666666,12,1,-
2025/04/19 02:40:27.3,茨城県南部,36.24166666666667,139.90833333333333,60,0.3,-
2025/04/19 02:40:51.7,長野県北部,36.475,137.91333333333333,13,0.7,-
2025/04/19 02:40:53.8,長野県北部,36.47833333333333,137.88833333333332,11,1.3,-
2025/04/19 02:41:22.3,石垣島近海,24.9,123.435,25,1.3,-
2025/04/19 02:41:24.6,長野県北部,36.48166666666667,137.905,12,3.3,-
2025/04/19 02:42:29.0,長野県北部,36.47833333333333,137.90333333333334,12,0.7,-
2025/04/19 02:42:33.2,大分県中部,33.28333333333333,131.45166666666665,7,0.3,-
2025/04/19 02:43:52.3,長野県北部,36.47666666666667,137.90833333333333,12,0.7,-
2025/04/19 02:44:14.7,長野県北部,36.475,137.90666666666667,13,0.7,-
2025/04/19 02:45:16.8,長野県北部,36.485,137.91333333333333,12,-10.1,-
2025/04/19 02:45:28.8,長野県北部,36.483333333333334,137.905,13,0.6,-
2025/04/19 02:45:35.2,福島県沖,37.67666666666667,141.63166666666666,61,0.7,-
2025/04/19 02:46:00.3,岡山県北部,34.95666666666666,134.24666666666667,18,1.3,-
2025/04/19 02:46:22.4,長野県北部,36.48,137.90666666666667,13,1.1,-
2025/04/19 02:46:42.8,三陸沖,37.89333333333333,144.34833333333333,18,0.8,-
2025/04/19 02:46:49.8,長野県北部,36.461666666666666,137.92833333333334,10,-10.2,-
2025/04/19 02:46:53.4,長野県北部,36.48,137.90666666666667,12,1.7,-
2025/04/19 02:47:18.6,浦河沖,42.111666666666665,142.815,39,0.5,-
2025/04/19 02:47:33.8,長野県北部,36.47833333333333,137.90666666666667,12,1.1,-
2025/04/19 02:48:15.2,長野県北部,36.45666666666666,137.92,12,-10.3,-
2025/04/19 02:48:26.2,長野県北部,36.47666666666667,137.90666666666667,12,0.9,-
2025/04/19 02:50:02.4,和歌山県北部,33.98166666666667,135.09,10,1.6,-
2025/04/19 02:50:11.5,長野県北部,36.47666666666667,137.89833333333334,13,-10.2,-
2025/04/19 02:50:25.9,宮城県沖,38.85166666666667,142.42666666666668,36,1.3,-
2025/04/19 02:51:51.8,長野県北部,36.47666666666667,137.90666666666667,12,0,-
2025/04/19 02:52:11.0,長野県北部,36.485,137.885,10,0.1,-
2025/04/19 02:52:32.1,長野県北部,36.475,137.89666666666668,11,0.1,-
2025/04/19 02:53:16.0,長野県北部,36.483333333333334,137.90166666666667,12,1.5,-
2025/04/19 02:54:19.8,長野県北部,36.48166666666667,137.91,13,0.2,-
2025/04/19 02:54:26.1,長野県北部,36.47833333333333,137.9,12,0.5,-
2025/04/19 02:54:29.6,岐阜県美濃中西部,35.55833333333333,136.36166666666668,11,0,-
2025/04/19 02:55:12.1,長野県北部,36.48,137.89833333333334,12,0.2,-
2025/04/19 02:55:17.0,長野県北部,36.48166666666667,137.9,14,0.7,-
2025/04/19 02:55:23.1,長野県北部,36.48166666666667,137.91166666666666,13,1.1,-
2025/04/19 02:55:48.9,長野県北部,36.471666666666664,137.91333333333333,13,0.3,-
2025/04/19 02:56:36.5,長野県中部,36.44833333333333,137.91833333333332,10,-10.1,-
2025/04/19 02:57:05.6,長野県北部,36.46,137.92333333333335,11,1.2,-
2025/04/19 02:57:57.4,三陸沖,40.968333333333334,145.915,21,2.3,-
2025/04/19 02:58:57.9,福島県沖,37.54666666666667,141.44166666666666,76,1.1,-
2025/04/19 02:59:07.3,長野県北部,36.48166666666667,137.90833333333333,12,0.4,-
2025/04/19 02:59:28.4,石川県能登地方,37.498333333333335,137.23666666666668,13,0.8,-
2025/04/19 02:59:45.4,長野県北部,36.48,137.90666666666667,14,-10.1,-
2025/04/19 03:00:32.3,長野県北部,36.45333333333333,137.915,12,0.3,-
2025/04/19 03:00:41.8,長野県北部,36.483333333333334,137.91333333333333,13,0.5,-
2025/04/19 03:01:11.8,長野県北部,36.47666666666667,137.90666666666667,13,0.4,-
2025/04/19 03:01:28.5,奄美大島近海,28.541666666666668,129.71666666666667,13,-1,-
2025/04/19 03:01:34.3,長野県北部,36.485,137.87833333333333,8,1.3,-
2025/04/19 03:01:54.3,長野県北部,36.471666666666664,137.905,13,0.8,-
2025/04/19 03:03:33.7,長野県北部,36.458333333333336,137.91,12,-10.1,-
2025/04/19 03:04:09.2,長野県北部,36.458333333333336,137.91166666666666,5,-10.8,-
2025/04/19 03:04:54.7,石垣島近海,24.51,124.11333333333333,0,1.1,-
2025/04/19 03:05:02.1,福島県沖,37.223333333333336,142.18666666666667,28,1.3,-
2025/04/19 03:05:18.0,長野県北部,36.473333333333336,137.905,12,-10.1,-
2025/04/19 03:05:24.0,上川地方中部,43.58833333333333,142.47,7,0.4,-
2025/04/19 03:06:38.6,長野県北部,36.48833333333334,137.90166666666667,13,0.4,-
2025/04/19 03:06:45.2,長野県北部,36.485,137.89833333333334,13,0.5,-
2025/04/19 03:07:08.0,長野県中部,36.44833333333333,137.96,13,-10.3,-
2025/04/19 03:08:19.0,長野県北部,36.485,137.90666666666667,14,0.2,-
2025/04/19 03:08:45.8,長野県北部,36.485,137.905,14,-10.1,-
2025/04/19 03:09:39.5,長野県北部,36.495,137.90166666666667,15,0.3,-
2025/04/19 03:10:07.0,長野県北部,36.48833333333334,137.89166666666668,12,-10.1,-
2025/04/19 03:10:22.3,長野県北部,36.455,137.915,11,-10.4,-
2025/04/19 03:10:41.0,長野県北部,36.485,137.9,13,0.1,-
2025/04/19 03:12:10.2,長野県北部,36.486666666666665,137.88666666666666,12,0.4,-
2025/04/19 03:12:15.7,長野県北部,36.485,137.9,14,1,-
2025/04/19 03:12:43.3,長野県北部,36.486666666666665,137.90666666666667,13,1,-
2025/04/19 03:13:37.4,長野県北部,36.455,137.91,12,0.2,-
2025/04/19 03:13:59.6,長野県北部,36.471666666666664,137.915,13,0.7,-
2025/04/19 03:14:53.2,長野県北部,36.485,137.905,14,0.5,-
2025/04/19 03:15:03.0,熊本県熊本地方,32.723333333333336,131.11833333333334,9,0.8,-
2025/04/19 03:15:23.5,長野県北部,36.48,137.91,12,0.9,-
2025/04/19 03:15:49.6,長野県北部,36.475,137.91666666666666,12,0,-
2025/04/19 03:15:52.2,石垣島近海,24.51,124.11333333333333,0,0.2,-
2025/04/19 03:15:54.1,三重県南部,33.94833333333333,136.14666666666668,22,0.1,-
2025/04/19 03:15:55.8,岩手県内陸北部,40.13,141.17,10,0.9,-
2025/04/19 03:16:24.3,岩手県内陸北部,40.126666666666665,141.17333333333335,12,0.1,-
2025/04/19 03:16:53.1,愛知県西部,34.86833333333333,136.945,16,0.6,-
2025/04/19 03:17:01.3,長野県北部,36.48166666666667,137.89666666666668,14,0.3,-
2025/04/19 03:18:42.2,日向灘,32.07833333333333,131.79666666666665,33,1.2,-
2025/04/19 03:19:03.0,長野県北部,36.468333333333334,137.90666666666667,13,0.4,-
2025/04/19 03:19:38.1,長野県北部,36.458333333333336,137.925,12,0.6,-
2025/04/19 03:20:20.4,長野県北部,36.483333333333334,137.90333333333334,13,1.6,-
2025/04/19 03:23:36.8,長野県中部,36.44833333333333,137.94333333333333,12,-10.3,-
2025/04/19 03:23:55.6,長野県中部,36.445,137.975,7,-10.7,-
2025/04/19 03:24:16.4,長野県北部,36.471666666666664,137.91,13,1,-
2025/04/19 03:24:17.4,岩手県内陸北部,39.891666666666666,141.085,34,0.6,-
2025/04/19 03:25:43.2,長野県北部,36.473333333333336,137.90666666666667,12,0.2,-
2025/04/19 03:26:05.1,青森県東方沖,40.52333333333333,142.31833333333333,43,0.6,-
2025/04/19 03:26:24.9,宮城県沖,38.29666666666667,142.12,35,2,-
2025/04/19 03:26:25.1,長野県北部,36.48166666666667,137.90166666666667,12,-10.1,-
2025/04/19 03:27:47.5,長野県北部,36.45666666666666,137.92166666666665,11,0.7,-
2025/04/19 03:28:58.1,長野県北部,36.47,137.91,12,0.5,-
2025/04/19 03:29:04.5,日高地方中部,42.51,142.53,22,0.9,-
2025/04/19 03:29:19.8,長野県北部,36.483333333333334,137.90666666666667,13,0.5,-
2025/04/19 03:30:03.9,長野県北部,36.483333333333334,137.90666666666667,12,-10.5,-
2025/04/19 03:30:28.0,長野県中部,36.458333333333336,137.935,12,0.9,-
2025/04/19 03:30:37.3,能登半島沖,37.495,137.38833333333332,12,0.8,-
2025/04/19 03:31:08.2,長野県北部,36.48833333333334,137.90333333333334,15,0.6,-
2025/04/19 03:31:24.6,長野県北部,36.468333333333334,137.91333333333333,13,0.3,-
2025/04/19 03:31:29.8,石川県能登地方,37.35333333333333,136.93166666666667,10,0.6,-
2025/04/19 03:31:32.0,長野県北部,36.47833333333333,137.91333333333333,15,0.2,-
2025/04/19 03:31:41.7,長野県北部,36.465,137.905,12,-10.3,-
2025/04/19 03:32:05.7,長野県北部,36.485,137.91333333333333,13,-10.1,-
2025/04/19 03:33:55.2,長野県北部,36.46,137.91166666666666,12,1.3,-
2025/04/19 03:36:04.3,長野県北部,36.465,137.91,12,-10.2,-
2025/04/19 03:36:13.2,長野県北部,36.48166666666667,137.91166666666666,11,0.1,-
2025/04/19 03:37:47.5,長野県北部,36.485,137.905,9,-10.5,-
2025/04/19 03:38:02.7,長野県北部,36.47666666666667,137.91166666666666,14,0,-
2025/04/19 03:39:13.6,長野県北部,36.461666666666666,137.895,15,0,-
2025/04/19 03:39:33.6,茨城県南部,36.145,139.87,53,0.6,-
2025/04/19 03:39:42.4,長野県北部,36.46,137.925,11,1.6,-
2025/04/19 03:40:19.6,長野県北部,36.475,137.91333333333333,12,0.8,-
2025/04/19 03:40:33.4,長野県北部,36.47,137.91166666666666,13,0.8,-
2025/04/19 03:40:54.6,長野県北部,36.483333333333334,137.90166666666667,14,0.9,-
2025/04/19 03:41:17.8,長野県北部,36.47833333333333,137.91166666666666,12,-10.2,-
2025/04/19 03:41:40.8,長野県北部,36.485,137.89666666666668,14,0.3,-
2025/04/19 03:41:54.1,長野県北部,36.46,137.91166666666666,13,-10.2,-
2025/04/19 03:42:19.8,長野県北部,36.46,137.91166666666666,12,0.5,-
2025/04/19 03:43:42.4,福岡県北西沖,33.75833333333333,130.13166666666666,12,0.2,-
2025/04/19 03:44:34.3,長野県北部,36.48166666666667,137.9,12,2.2,-
2025/04/19 03:45:18.9,長野県中部,36.461666666666666,137.93666666666667,14,0,-
2025/04/19 03:46:18.1,長野県北部,36.465,137.90666666666667,13,0.3,-
2025/04/19 03:46:47.8,長野県北部,36.475,137.895,17,0.3,-
2025/04/19 03:49:14.6,十勝地方北部,43.43833333333333,142.99666666666667,5,1.1,-
2025/04/19 03:50:39.3,熊本県球磨地方,32.30833333333333,131.09333333333333,14,0.1,-
2025/04/19 03:50:46.0,長野県北部,36.47833333333333,137.90833333333333,13,2,-
2025/04/19 03:52:01.6,長野県北部,36.483333333333334,137.895,14,1,-
2025/04/19 03:52:14.5,十勝地方北部,43.445,142.985,5,0.6,-
2025/04/19 03:52:40.2,長野県北部,36.47833333333333,137.915,13,0.9,-
2025/04/19 03:55:13.4,十勝地方中部,42.663333333333334,143.45333333333335,30,0.2,-
2025/04/19 03:56:05.9,長野県北部,36.468333333333334,137.91333333333333,11,-10.3,-
2025/04/19 03:56:47.7,長野県北部,36.48166666666667,137.92,12,0.1,-
2025/04/19 03:56:56.7,長野県北部,36.458333333333336,137.925,11,1.9,-
2025/04/19 03:57:17.9,長野県北部,36.483333333333334,137.90833333333333,12,1,-
2025/04/19 03:58:25.7,長野県北部,36.455,137.91333333333333,13,0.2,-
2025/04/19 03:59:19.1,長野県北部,36.486666666666665,137.89666666666668,15,0.3,-
2025/04/19 03:59:29.7,長野県北部,36.475,137.9,13,0.1,-
2025/04/19 03:59:30.2,北海道北西沖,44.58166666666666,141.73666666666668,0,1.3,-
2025/04/19 03:59:37.5,福島県会津,36.973333333333336,139.37333333333333,3,0.1,-
2025/04/19 04:00:18.1,長野県北部,36.483333333333334,137.905,12,0.1,-
2025/04/19 04:01:46.5,長野県北部,36.47833333333333,137.90666666666667,12,0.9,-
2025/04/19 04:03:41.6,有明海,32.93,130.375,12,-10.1,-
2025/04/19 04:04:03.0,長野県北部,36.485,137.89833333333334,13,-10.1,-
2025/04/19 04:04:10.7,長野県北部,36.485,137.90333333333334,14,0.1,-
2025/04/19 04:05:29.9,長野県北部,36.47833333333333,137.89333333333335,13,0.5,-
2025/04/19 04:05:41.0,茨城県北部,36.858333333333334,140.605,8,0.6,-
2025/04/19 04:05:44.3,長野県北部,36.46666666666667,137.90333333333334,12,0.2,-
2025/04/19 04:06:37.0,長野県北部,36.48,137.9,12,1.5,-
2025/04/19 04:08:26.6,長野県北部,36.46666666666667,137.90166666666667,12,-10.4,-
2025/04/19 04:09:27.0,十勝地方北部,43.44166666666667,143,3,1.2,-
2025/04/19 04:10:13.4,長野県中部,36.465,137.95833333333334,10,-10.6,-
2025/04/19 04:10:37.7,長野県北部,36.48166666666667,137.91333333333333,12,0.6,-
2025/04/19 04:10:39.0,石川県能登地方,37.51,137.22333333333333,12,1.2,-
2025/04/19 04:10:50.7,三陸沖,39.24166666666667,144.56166666666667,36,1.7,-
2025/04/19 04:10:59.2,長野県北部,36.483333333333334,137.89666666666668,13,0.6,-
2025/04/19 04:11:29.7,長野県北部,36.48,137.88833333333332,12,0,-
2025/04/19 04:12:01.7,長野県北部,36.483333333333334,137.90166666666667,13,1.3,-
2025/04/19 04:13:54.0,長野県北部,36.485,137.9,13,0.1,-
2025/04/19 04:14:31.7,長野県北部,36.48166666666667,137.89166666666668,13,0,-
2025/04/19 04:16:23.7,長野県北部,36.47666666666667,137.90666666666667,12,1.6,-
2025/04/19 04:16:48.8,瀬戸内海中部,34.04833333333333,133.245,12,0.4,-
2025/04/19 04:16:52.4,長野県北部,36.47833333333333,137.91166666666666,12,0.7,-
2025/04/19 04:17:55.2,宮城県沖,38.318333333333335,142.11333333333334,27,0.7,-
2025/04/19 04:19:08.6,長野県北部,36.471666666666664,137.90666666666667,12,0.4,-
2025/04/19 04:20:25.1,長野県北部,36.48166666666667,137.90333333333334,13,1.1,-
2025/04/19 04:21:02.8,長野県北部,36.468333333333334,137.895,11,0.8,-
2025/04/19 04:22:15.0,有明海,32.79666666666667,130.43833333333333,7,-10.1,-
2025/04/19 04:22:57.8,長野県北部,36.48,137.90666666666667,12,0.1,-
2025/04/19 04:23:18.1,長野県北部,36.48166666666667,137.90833333333333,13,0.2,-
2025/04/19 04:23:20.1,有明海,32.925,130.37,12,0.2,-
2025/04/19 04:23:52.9,留萌地方中北部,44.78333333333333,141.84666666666666,24,0.5,-
2025/04/19 04:23:57.9,長野県北部,36.48,137.90833333333333,13,0.3,-
2025/04/19 04:24:17.3,長野県北部,36.46,137.90833333333333,11,0.5,-
2025/04/19 04:25:01.5,長野県北部,36.471666666666664,137.89666666666668,11,0.9,-
2025/04/19 04:26:13.8,福島県沖,37.526666666666664,141.54,45,1.2,-
2025/04/19 04:27:04.0,長野県北部,36.461666666666666,137.92,10,1.4,-
2025/04/19 04:27:32.7,長野県北部,36.483333333333334,137.89166666666668,11,1.5,-
2025/04/19 04:28:27.7,長野県南部,35.84,137.66,10,0.2,-
2025/04/19 04:29:00.2,長野県北部,36.485,137.9,13,1,-
2025/04/19 04:29:44.9,長野県北部,36.485,137.90166666666667,14,0.1,-
2025/04/19 04:30:47.2,長野県北部,36.471666666666664,137.89833333333334,11,-10.1,-
2025/04/19 04:30:57.7,長野県北部,36.485,137.90166666666667,13,-10.4,-
2025/04/19 04:31:03.4,長野県北部,36.455,137.91,12,1.2,-
2025/04/19 04:31:07.5,宮城県沖,38.415,142.21,27,0.6,-
2025/04/19 04:34:56.0,茨城県北部,36.718333333333334,140.55833333333334,6,-10.5,-
2025/04/19 04:35:04.5,山形県置賜地方,38.04333333333334,139.95333333333335,7,0.7,-
2025/04/19 04:35:14.1,長野県北部,36.46666666666667,137.89833333333334,11,0.2,-
2025/04/19 04:35:30.7,兵庫県南東部,35.03333333333333,135.08833333333334,9,1.3,-
2025/04/19 04:35:43.7,長野県北部,36.47833333333333,137.89833333333334,13,0.2,-
2025/04/19 04:36:12.2,長野県中部,36.471666666666664,137.95333333333335,10,-10.4,-
2025/04/19 04:37:00.7,長野県北部,36.49333333333333,137.90666666666667,12,-10.3,-
2025/04/19 04:38:11.9,岐阜県美濃中西部,35.483333333333334,136.75166666666667,8,-10.2,-
2025/04/19 04:38:57.5,土佐湾,33.413333333333334,133.80833333333334,28,1.4,-
2025/04/19 04:39:52.8,台湾付近,21.05,120.39333333333333,55,3.8,-
2025/04/19 04:40:05.8,長野県北部,36.465,137.90666666666667,11,-10.2,-
2025/04/19 04:40:14.1,長野県北部,36.461666666666666,137.925,12,0.4,-
2025/04/19 04:41:13.1,長野県北部,36.48166666666667,137.91,12,1.8,-
2025/04/19 04:41:21.9,長野県北部,36.48,137.90333333333334,12,2.5,-
2025/04/19 04:42:15.7,長野県北部,36.48,137.89666666666668,12,0.5,-
2025/04/19 04:42:23.1,長野県北部,36.486666666666665,137.9,13,0.5,-
2025/04/19 04:43:19.6,長野県北部,36.486666666666665,137.90666666666667,14,0.2,-
2025/04/19 04:43:54.6,大分県中部,33.28333333333333,131.45666666666668,7,-10.3,-
2025/04/19 04:44:04.7,岩手県沖,40.111666666666665,142.44666666666666,20,2.7,-
2025/04/19 04:44:43.7,長野県北部,36.486666666666665,137.90333333333334,14,0.6,-
2025/04/19 04:45:49.9,伊勢湾,34.81333333333333,136.865,15,1.1,-
2025/04/19 04:45:57.7,天草灘,32.215,129.70666666666668,9,-1,-
2025/04/19 04:46:47.2,長野県北部,36.473333333333336,137.91,13,0.7,-
2025/04/19 04:47:19.7,長野県北部,36.465,137.90666666666667,11,-10.2,-
2025/04/19 04:47:47.9,能登半島沖,37.42333333333333,136.91166666666666,9,1,-
2025/04/19 04:47:53.2,長野県北部,36.485,137.9,13,0.5,-
2025/04/19 04:49:26.8,長野県北部,36.48,137.91666666666666,12,0.1,-
2025/04/19 04:49:54.1,石川県能登地方,37.5,137.23166666666665,13,0.8,-
2025/04/19 04:49:59.8,長野県北部,36.48166666666667,137.905,13,1.1,-
2025/04/19 04:50:47.1,長野県北部,36.483333333333334,137.90666666666667,12,1.3,-
2025/04/19 04:51:18.1,台湾付近,21.076666666666668,120.46666666666667,46,3.9,-
2025/04/19 04:51:34.9,北海道東方沖,42.63333333333333,147.95,68,-1,-
2025/04/19 04:51:50.5,福島県沖,37.82333333333333,141.605,48,0.9,-
2025/04/19 04:53:34.0,長野県北部,36.475,137.90833333333333,12,2,-
2025/04/19 04:55:39.5,長野県北部,36.486666666666665,137.90666666666667,13,0.1,-
2025/04/19 04:56:28.7,長野県北部,36.47833333333333,137.90833333333333,12,1.2,-
2025/04/19 04:57:29.0,長野県北部,36.47666666666667,137.91333333333333,13,0.8,-
2025/04/19 04:57:49.7,長野県北部,36.475,137.90666666666667,13,0.6,-
2025/04/19 04:58:25.9,長野県北部,36.486666666666665,137.90333333333334,14,0.2,-
2025/04/19 04:58:54.1,長野県北部,36.48166666666667,137.89833333333334,11,1.2,-
2025/04/19 05:00:08.7,長野県北部,36.475,137.92166666666665,13,0.4,-
2025/04/19 05:01:07.0,大分県中部,33.26833333333333,131.37833333333333,10,0,-
2025/04/19 05:01:26.6,長野県北部,36.48166666666667,137.9,11,0,-
2025/04/19 05:02:31.0,千葉県東方沖,35.63166666666667,140.82666666666665,24,0.5,-
2025/04/19 05:03:14.8,大分県中部,33.285,131.46166666666667,8,-10.4,-
2025/04/19 05:04:52.2,長野県北部,36.483333333333334,137.89833333333334,12,2.1,-
2025/04/19 05:05:48.1,長野県北部,36.45,137.92666666666668,12,-10.2,-
2025/04/19 05:06:35.0,長野県北部,36.458333333333336,137.91333333333333,14,-10.2,-
2025/04/19 05:06:46.5,長野県北部,36.45,137.895,12,0,-
2025/04/19 05:07:57.0,長野県北部,36.483333333333334,137.90166666666667,12,2.1,-
2025/04/19 05:08:27.2,長野県北部,36.486666666666665,137.89166666666668,13,0.8,-
2025/04/19 05:09:45.7,長野県北部,36.483333333333334,137.88666666666666,12,1.5,-
2025/04/19 05:10:04.6,薩摩半島西方沖,30.683333333333334,129.15833333333333,25,2.6,-
2025/04/19 05:10:20.4,長野県北部,36.465,137.92333333333335,13,0.3,-
2025/04/19 05:10:28.1,四国沖,33.41,134.72333333333333,25,1.1,-
2025/04/19 05:10:34.0,長野県北部,36.45166666666667,137.90333333333334,12,0.2,-
2025/04/19 05:10:57.6,長野県北部,36.48833333333334,137.89333333333335,8,-10.1,-
2025/04/19 05:11:13.8,石川県能登地方,37.45333333333333,137.13,11,0.7,-
2025/04/19 05:11:17.6,長野県北部,36.485,137.88833333333332,13,0.7,-
2025/04/19 05:11:32.2,岩手県沖,39.053333333333335,142.40333333333334,26,1.5,-
2025/04/19 05:11:37.9,長野県北部,36.48833333333334,137.885,12,0.6,-
2025/04/19 05:11:53.1,長野県北部,36.48166666666667,137.89,13,0.3,-
2025/04/19 05:12:31.4,長野県北部,36.483333333333334,137.9,12,2.1,-
2025/04/19 05:13:26.3,大分県中部,33.26833333333333,131.37333333333333,9,0.6,-
2025/04/19 05:14:22.5,長野県北部,36.465,137.925,11,0.4,-
2025/04/19 05:14:44.0,長野県北部,36.48,137.88666666666666,10,-10.1,-
2025/04/19 05:15:28.1,種子島南東沖,29.448333333333334,131.36333333333334,62,-1,-
2025/04/19 05:17:04.8,山口県北部,34.473333333333336,131.58,27,0.1,-
2025/04/19 05:19:20.8,長野県北部,36.49166666666667,137.90666666666667,12,-10.3,-
2025/04/19 05:20:09.6,長野県北部,36.483333333333334,137.895,12,0.9,-
2025/04/19 05:21:08.7,石川県能登地方,37.165,136.78833333333333,9,0.5,-
2025/04/19 05:21:18.2,長野県北部,36.483333333333334,137.905,13,-10.1,-
2025/04/19 05:22:18.6,長野県北部,36.45666666666666,137.92333333333335,12,0.2,-
2025/04/19 05:22:47.5,長野県南部,35.94,137.62833333333333,8,0.3,-
2025/04/19 05:22:48.4,三重県南東沖,33.105,137.92166666666665,351,2.7,-
2025/04/19 05:22:54.7,長野県北部,36.48166666666667,137.93166666666667,11,-10.1,-
2025/04/19 05:23:23.1,長野県北部,36.47,137.90666666666667,12,1.4,-
2025/04/19 05:23:47.6,熊本県天草・芦北地方,32.538333333333334,130.55833333333334,2,-10.1,-
2025/04/19 05:23:48.8,長野県北部,36.475,137.90666666666667,11,-10.1,-
2025/04/19 05:24:01.1,長野県北部,36.468333333333334,137.90333333333334,12,0.1,-
2025/04/19 05:24:07.9,土佐湾,33.315,133.57,27,0.7,-
2025/04/19 05:25:20.0,長野県北部,36.46,137.90833333333333,14,-10.2,-
2025/04/19 05:26:28.9,長野県北部,36.45333333333333,137.91166666666666,13,0.6,-
2025/04/19 05:28:00.1,沖縄本島北西沖,27.626666666666665,126.30666666666667,178,2.5,-
2025/04/19 05:29:57.4,和歌山県南部,33.78,135.47833333333332,42,0.1,-
2025/04/19 05:30:03.8,山口県北部,34.48,131.57666666666665,28,0.9,-
2025/04/19 05:30:04.5,長野県北部,36.486666666666665,137.895,13,0.9,-
2025/04/19 05:30:22.0,能登半島沖,37.516666666666666,137.20833333333334,13,0.8,-
2025/04/19 05:30:54.8,長野県北部,36.465,137.93,10,0.1,-
2025/04/19 05:31:09.8,長野県北部,36.461666666666666,137.92833333333334,12,0.5,-
2025/04/19 05:32:17.6,長野県北部,36.48833333333334,137.89333333333335,13,0.3,-
2025/04/19 05:32:19.4,三陸沖,39.61666666666667,142.97166666666666,13,1.2,-
2025/04/19 05:33:09.1,大隅半島東方沖,30.996666666666666,131.60166666666666,16,1.1,-
2025/04/19 05:34:35.7,石川県能登地方,37.486666666666665,137.185,13,0.6,-
2025/04/19 05:34:42.8,浦河沖,42.175,142.59666666666666,55,1,-
2025/04/19 05:35:17.2,山口県北部,34.47833333333333,131.57666666666665,27,0.9,-
2025/04/19 05:36:09.3,長野県北部,36.48833333333334,137.89666666666668,13,0.5,-
2025/04/19 05:36:21.3,長野県北部,36.48,137.89833333333334,12,0.7,-
2025/04/19 05:36:58.6,福岡県筑後地方,33.035,130.46166666666667,11,0.1,-
2025/04/19 05:38:20.6,長野県北部,36.47833333333333,137.90833333333333,12,0.5,-
2025/04/19 05:42:02.0,長野県北部,36.483333333333334,137.90333333333334,12,0,-
2025/04/19 05:42:32.9,長野県北部,36.48833333333334,137.90333333333334,14,1.2,-
2025/04/19 05:43:51.6,長野県北部,36.473333333333336,137.905,14,2.4,-
2025/04/19 05:43:53.9,茨城県沖,36.43833333333333,141.02833333333334,31,1,-
2025/04/19 05:45:34.7,和歌山県北部,33.971666666666664,135.16,11,0.5,-
2025/04/19 05:46:17.5,土佐湾,33.458333333333336,133.935,15,0.6,-
2025/04/19 05:48:49.9,長野県北部,36.748333333333335,138.37333333333333,13,0.7,-
2025/04/19 05:49:08.8,長野県中部,36.471666666666664,137.955,10,0.1,-
2025/04/19 05:49:19.9,長野県北部,36.45333333333333,137.91333333333333,14,0.1,-
2025/04/19 05:50:31.0,長野県北部,36.486666666666665,137.90333333333334,14,0,-
2025/04/19 05:50:52.3,長野県北部,36.458333333333336,137.925,11,1.1,-
2025/04/19 05:51:46.2,長野県中部,36.471666666666664,137.95333333333335,11,-10.5,-
2025/04/19 05:52:34.8,宮城県沖,38.69166666666667,142.23166666666665,42,2.8,-
2025/04/19 05:53:28.4,長野県北部,36.473333333333336,137.90666666666667,13,0.1,-
2025/04/19 05:54:27.0,長野県北部,36.455,137.92666666666668,13,0.1,-
2025/04/19 05:55:43.1,長野県北部,36.47666666666667,137.90666666666667,13,1.8,-
2025/04/19 05:56:19.3,長野県北部,36.465,137.90833333333333,14,0.4,-
2025/04/19 05:56:38.5,長野県北部,36.458333333333336,137.90166666666667,11,0.4,-
2025/04/19 05:56:51.8,福井県嶺北,35.79833333333333,136.17166666666665,17,0.2,-
2025/04/19 05:58:29.1,日向灘,32.031666666666666,131.92833333333334,36,0.5,-
2025/04/19 05:59:10.7,長野県北部,36.48833333333334,137.89,12,0.3,-
2025/04/19 05:59:45.6,長野県北部,36.47833333333333,137.91,12,0.1,-
2025/04/19 06:00:24.8,長野県北部,36.471666666666664,137.89166666666668,12,-10.1,-
2025/04/19 06:01:43.8,長野県北部,36.47,137.895,11,0.3,-
2025/04/19 06:02:01.4,長野県北部,36.458333333333336,137.91,10,0.3,-
2025/04/19 06:02:12.0,長野県北部,36.465,137.915,11,0.5,-
2025/04/19 06:03:29.6,長野県中部,36.461666666666666,137.985,9,-10.3,-
2025/04/19 06:03:40.2,長野県北部,36.45333333333333,137.91333333333333,12,0.2,-
2025/04/19 06:04:27.8,山口県北部,34.473333333333336,131.57833333333335,27,0.8,-
2025/04/19 06:04:41.9,伊予灘,33.525,131.995,62,0.4,-
2025/04/19 06:05:54.6,長野県北部,36.485,137.90333333333334,12,1.6,-
2025/04/19 06:06:15.2,長野県北部,36.475,137.90666666666667,13,1,-
2025/04/19 06:08:52.3,十勝沖,41.986666666666665,144.34666666666666,21,4.3,-
2025/04/19 06:09:01.0,徳島県北部,33.99,134.53,33,0.1,-
2025/04/19 06:09:03.3,長野県北部,36.495,137.89166666666668,15,0.5,-
2025/04/19 06:09:06.9,長野県北部,36.47,137.88666666666666,11,0.8,-
2025/04/19 06:12:10.3,長野県北部,36.46333333333333,137.92166666666665,12,0.3,-
2025/04/19 06:13:39.3,長野県北部,36.46333333333333,137.875,10,0,-
2025/04/19 06:14:15.3,長野県北部,36.471666666666664,137.90666666666667,13,-10.1,-
2025/04/19 06:14:31.1,長野県北部,36.475,137.91166666666666,12,0.3,-
2025/04/19 06:14:39.4,長野県北部,36.47,137.89833333333334,12,0.5,-
2025/04/19 06:15:19.6,長野県北部,36.468333333333334,137.91,14,0.2,-
2025/04/19 06:15:59.1,長野県北部,36.486666666666665,137.895,14,0.7,-
2025/04/19 06:17:15.2,長野県北部,36.47833333333333,137.89833333333334,11,-10.2,-
2025/04/19 06:17:26.7,長野県北部,36.48833333333334,137.90166666666667,14,0.3,-
2025/04/19 06:17:38.1,長野県北部,36.473333333333336,137.90666666666667,11,0.2,-
2025/04/19 06:17:53.8,宮城県沖,38.4,142.18,25,1.1,-
2025/04/19 06:18:35.1,長野県北部,36.485,137.875,10,-10.3,-
2025/04/19 06:18:36.5,福島県沖,37.20333333333333,142.25,19,0.9,-
2025/04/19 06:18:51.1,長野県北部,36.475,137.90666666666667,12,-10.6,-
2025/04/19 06:19:15.0,長野県北部,36.48166666666667,137.90666666666667,12,2.6,-
2025/04/19 06:20:11.2,長野県北部,36.48166666666667,137.91333333333333,12,0.7,-
2025/04/19 06:20:40.8,長野県北部,36.48166666666667,137.90833333333333,13,0.3,-
2025/04/19 06:23:06.9,長野県北部,36.44,137.89,13,0.3,-
2025/04/19 06:23:15.5,長野県北部,36.51,137.90833333333333,15,0,-
2025/04/19 06:23:21.3,秋田県内陸北部,39.95,140.6,3,0.7,-
2025/04/19 06:23:31.4,長野県中部,36.46,137.96333333333334,8,-10.8,-
2025/04/19 06:24:48.3,紀伊水道,33.70166666666667,135.39666666666668,38,0,-
2025/04/19 06:25:20.5,宮古島近海,24.246666666666666,125.16333333333333,20,2.1,-
2025/04/19 06:25:23.6,長野県北部,36.48166666666667,137.91,13,0.6,-
2025/04/19 06:25:32.3,長野県北部,36.483333333333334,137.9,12,0.3,-
2025/04/19 06:26:29.0,長野県北部,36.45,137.92,11,1.2,-
2025/04/19 06:27:08.1,長野県北部,36.486666666666665,137.89333333333335,13,0.8,-
2025/04/19 06:27:48.1,茨城県沖,36.41833333333334,140.93833333333333,43,0.9,-
2025/04/19 06:27:54.9,長野県北部,36.485,137.89833333333334,13,1.1,-
2025/04/19 06:28:18.1,長野県南部,35.87833333333333,137.63,9,-10.1,-
2025/04/19 06:28:19.4,長野県中部,36.44833333333333,137.93166666666667,10,0,-
2025/04/19 06:28:31.3,三陸沖,39.196666666666665,144.74833333333333,13,1.3,-
2025/04/19 06:28:54.0,長野県北部,36.461666666666666,137.90833333333333,14,0,-
2025/04/19 06:29:51.4,長野県北部,36.486666666666665,137.89666666666668,14,0.3,-
2025/04/19 06:30:07.9,長野県北部,36.468333333333334,137.91833333333332,13,0.4,-
2025/04/19 06:30:24.0,長野県北部,36.485,137.89166666666668,12,0.9,-
2025/04/19 06:32:05.8,山口県北部,34.47,131.57333333333332,27,0.2,-
2025/04/19 06:32:42.7,山口県北部,34.47,131.57833333333335,27,0.1,-
2025/04/19 06:32:58.7,長野県北部,36.468333333333334,137.91166666666666,15,-10.1,-
2025/04/19 06:33:08.9,茨城県沖,36.29666666666667,141.07666666666665,24,0.9,-
2025/04/19 06:34:46.4,長野県北部,36.45,137.92333333333335,12,0.6,-
2025/04/19 06:35:46.9,長野県北部,36.486666666666665,137.89833333333334,14,1.1,-
2025/04/19 06:36:48.7,長野県中部,36.46333333333333,137.95666666666668,10,-10.3,-
2025/04/19 06:36:59.8,茨城県南部,36.20333333333333,139.70666666666668,116,0.6,-
2025/04/19 06:37:01.5,長野県北部,36.485,137.9,14,0.5,-
2025/04/19 06:38:58.3,長野県北部,36.485,137.90166666666667,13,0.2,-
2025/04/19 06:39:00.2,長野県北部,36.45666666666666,137.91,10,0.4,-
2025/04/19 06:40:49.3,鳥島近海,31.588333333333335,139.49166666666667,23,2.9,-
2025/04/19 06:40:52.6,長野県北部,36.49166666666667,137.9,15,0.1,-
2025/04/19 06:42:48.2,長野県北部,36.475,137.93166666666667,12,0,-
2025/04/19 06:44:30.1,長野県北部,36.48166666666667,137.90666666666667,13,0.1,-
2025/04/19 06:46:54.7,長野県北部,36.468333333333334,137.90666666666667,10,-10.2,-
2025/04/19 06:47:36.5,長野県北部,36.46666666666667,137.91166666666666,12,2.5,-
2025/04/19 06:48:31.5,山口県北部,34.48,131.56333333333333,30,0.3,-
2025/04/19 06:49:02.9,長野県北部,36.485,137.895,12,1,-
2025/04/19 06:50:34.7,長野県北部,36.483333333333334,137.91333333333333,13,1.2,-
2025/04/19 06:51:46.7,長野県北部,36.48166666666667,137.89833333333334,11,0.2,-
2025/04/19 06:51:50.0,長野県北部,36.505,137.92,11,0.4,-
2025/04/19 06:53:03.5,長野県北部,36.475,137.90333333333334,14,0.8,-
2025/04/19 06:53:43.9,長野県北部,36.486666666666665,137.905,13,-1,-
2025/04/19 06:54:33.0,長野県北部,36.485,137.91,14,0.5,-
2025/04/19 06:55:08.4,長野県北部,36.47,137.90666666666667,14,0.1,-
2025/04/19 06:56:14.2,長野県北部,36.48166666666667,137.90833333333333,13,0.5,-
2025/04/19 06:56:53.1,愛媛県南予,33.06666666666667,132.50666666666666,36,0.4,-
2025/04/19 06:58:04.1,福島県沖,37.27333333333333,142.24666666666667,18,1.1,-
2025/04/19 06:58:12.8,長野県北部,36.49166666666667,137.88666666666666,10,0,-
2025/04/19 06:58:47.3,長野県北部,36.485,137.91333333333333,16,0.2,-
2025/04/19 07:00:00.3,長野県北部,36.468333333333334,137.91,13,0.1,-
2025/04/19 07:02:41.5,鳥島近海,31.781666666666666,139.28833333333333,0,-1,-
2025/04/19 07:03:08.8,長野県中部,36.458333333333336,137.93666666666667,11,-10.2,-
2025/04/19 07:04:09.9,長野県北部,36.48166666666667,137.89166666666668,10,0.1,-
2025/04/19 07:05:08.2,鹿児島県薩摩地方,31.338333333333335,130.36,158,1.7,-
2025/04/19 07:05:37.6,長野県北部,36.486666666666665,137.90833333333333,12,-10.1,-
2025/04/19 07:06:59.2,長野県北部,36.45666666666666,137.89,12,-10.1,-
2025/04/19 07:08:02.7,長野県北部,36.47,137.89833333333334,12,0.3,-
2025/04/19 07:08:08.8,長野県北部,36.48833333333334,137.88666666666666,8,-10.1,-
2025/04/19 07:10:45.8,長野県北部,36.47,137.90666666666667,12,0.4,-
2025/04/19 07:11:00.8,長野県北部,36.48833333333334,137.87666666666667,10,0,-
2025/04/19 07:11:52.9,長野県北部,36.47833333333333,137.91,12,0.1,-
2025/04/19 07:12:46.4,長野県北部,36.47,137.92666666666668,13,-10.2,-
2025/04/19 07:13:37.2,鳥島近海,31.741666666666667,139.315,0,3.3,-
2025/04/19 07:14:09.0,長野県中部,36.45333333333333,137.95333333333335,9,-10.6,-
2025/04/19 07:14:09.3,沖縄本島近海,27.301666666666666,128.89833333333334,32,1.4,-
2025/04/19 07:15:27.0,長野県北部,36.46333333333333,137.89833333333334,12,0.1,-
2025/04/19 07:15:40.0,宮城県沖,37.958333333333336,141.805,52,1.2,-
2025/04/19 07:19:54.1,長野県中部,36.44833333333333,137.91833333333332,9,-10.5,-
2025/04/19 07:19:58.3,長野県北部,36.45666666666666,137.915,8,0.6,-
2025/04/19 07:20:53.9,長野県北部,36.468333333333334,137.91666666666666,12,-1,-
2025/04/19 07:21:55.2,長野県北部,36.485,137.90333333333334,14,-10.1,-
2025/04/19 07:22:59.8,長野県北部,36.485,137.89833333333334,13,1.7,-
2025/04/19 07:25:37.0,鳥取県中部,35.373333333333335,133.74833333333333,6,-10.2,-
2025/04/19 07:26:01.6,長野県北部,36.485,137.90333333333334,13,-10.1,-
2025/04/19 07:26:27.2,長野県北部,36.458333333333336,137.92166666666665,9,-10.3,-
2025/04/19 07:26:45.6,長野県北部,36.45666666666666,137.90833333333333,13,-10.1,-
2025/04/19 07:31:18.0,長野県北部,36.468333333333334,137.9,10,0.8,-
2025/04/19 07:31:49.1,山口県北部,34.471666666666664,131.57833333333335,28,0.1,-
2025/04/19 07:32:31.2,長野県中部,36.46,137.97,9,-10.5,-
2025/04/19 07:33:20.5,山口県北部,34.47666666666667,131.57666666666665,28,0.3,-
2025/04/19 07:33:29.1,千葉県東方沖,35.84,140.91166666666666,30,1.1,-
2025/04/19 07:34:03.5,長野県北部,36.45666666666666,137.89166666666668,9,-10.1,-
2025/04/19 07:35:24.9,長野県中部,36.45333333333333,137.96666666666667,7,-10.7,-
2025/04/19 07:35:41.6,長野県北部,36.45666666666666,137.92333333333335,12,0.4,-
2025/04/19 07:37:25.8,茨城県南部,36.22,140.52333333333334,75,1.2,-
2025/04/19 07:38:12.5,長野県北部,36.471666666666664,137.93,11,-10.5,-
2025/04/19 07:39:24.1,熊本県天草・芦北地方,32.33166666666666,130.46833333333333,8,-10.2,-
2025/04/19 07:40:36.6,長野県北部,36.45,137.915,10,-10.4,-
2025/04/19 07:42:46.2,長野県北部,36.47666666666667,137.89666666666668,12,1.4,-
2025/04/19 07:42:48.3,山口県北部,34.47833333333333,131.58333333333334,27,0.5,-
2025/04/19 07:46:33.1,長野県中部,36.45333333333333,137.95833333333334,10,-10.4,-
2025/04/19 07:49:27.4,長野県北部,36.461666666666666,137.915,14,0.3,-
2025/04/19 07:49:52.4,沖縄本島近海,27.336666666666666,128.87833333333333,30,2.3,-
2025/04/19 07:50:51.7,薩摩半島西方沖,31.296666666666667,128.74666666666667,0,1.6,-
2025/04/19 07:51:35.4,長野県北部,36.45666666666666,137.92,10,-10.1,-
2025/04/19 07:52:41.6,長野県北部,36.47666666666667,137.905,12,-10.4,-
2025/04/19 07:53:14.8,長野県北部,36.49,137.90166666666667,14,0.2,-
2025/04/19 07:53:34.5,関東東方沖,34.403333333333336,141.28666666666666,28,2.3,-
2025/04/19 07:53:49.3,石川県西方沖,36.945,136.43833333333333,12,0.8,-
2025/04/19 07:54:39.0,長野県北部,36.446666666666665,137.89833333333334,11,-10.1,-
2025/04/19 07:56:53.2,長野県北部,36.46,137.90666666666667,11,0.2,-
2025/04/19 07:57:43.6,石川県能登地方,37.343333333333334,136.86,9,0.7,-
2025/04/19 07:58:06.2,長野県北部,36.486666666666665,137.89333333333335,13,0.4,-
2025/04/19 07:58:17.3,和歌山県北部,34.11,135.13833333333332,4,0,-
2025/04/19 07:58:43.3,長野県北部,36.483333333333334,137.895,14,0.9,-
2025/04/19 07:59:44.6,長野県北部,36.455,137.92833333333334,11,-10.1,-
2025/04/19 07:59:59.7,能登半島沖,37.526666666666664,137.20166666666665,13,0.6,-
2025/04/19 08:00:38.3,長野県北部,36.47,137.90333333333334,12,0,-
2025/04/19 08:03:29.3,長野県北部,36.475,137.90833333333333,12,0.8,-
2025/04/19 08:04:43.6,内浦湾,42.553333333333335,140.66333333333333,5,0.8,-
2025/04/19 08:05:32.9,山口県北部,34.471666666666664,131.57666666666665,28,0.1,-
2025/04/19 08:06:24.9,長野県北部,36.47,137.91333333333333,12,0.9,-
2025/04/19 08:06:31.8,山口県北部,34.486666666666665,131.57166666666666,27,0,-
2025/04/19 08:07:33.7,宮崎県南部山沿い,32.053333333333335,131.05,10,-1,-
2025/04/19 08:07:34.1,長野県北部,36.47666666666667,137.90833333333333,10,-10.5,-
2025/04/19 08:07:44.4,長野県北部,36.47666666666667,137.91666666666666,12,-10.2,-
2025/04/19 08:09:14.4,長野県北部,36.486666666666665,137.89333333333335,14,0.6,-
2025/04/19 08:09:49.5,鳥島近海,31.631666666666668,139.675,63,-1,-
2025/04/19 08:09:54.2,石川県西方沖,36.94166666666667,136.41666666666666,15,0.8,-
2025/04/19 08:10:35.0,長野県中部,36.471666666666664,137.96333333333334,9,-10.4,-
2025/04/19 08:10:41.2,長野県北部,36.485,137.9,12,0.8,-
2025/04/19 08:11:33.0,福岡県北西沖,34.955,129.64,15,1.2,-
2025/04/19 08:12:32.1,長野県北部,36.47833333333333,137.92166666666665,12,-10.3,-
2025/04/19 08:12:59.2,長野県北部,36.483333333333334,137.89666666666668,12,2.2,-
2025/04/19 08:13:04.9,石垣島近海,24.668333333333333,123.86,74,0.9,-
2025/04/19 08:15:35.5,長野県中部,36.44833333333333,137.97,10,-10.1,-
2025/04/19 08:15:38.8,長野県北部,36.49166666666667,137.90833333333333,15,1.1,-
2025/04/19 08:15:58.2,岩手県沖,39.65833333333333,142.27166666666668,32,2.1,-
2025/04/19 08:16:13.7,長野県北部,36.486666666666665,137.9,13,1.7,-
2025/04/19 08:16:53.2,長野県北部,36.501666666666665,137.90666666666667,15,0.2,-
2025/04/19 08:18:14.4,長野県北部,36.48166666666667,137.89666666666668,12,1.3,-
2025/04/19 08:19:18.4,長野県中部,36.47,137.96166666666667,10,-10.3,-
2025/04/19 08:20:19.8,長野県北部,36.458333333333336,137.92333333333335,12,0.2,-
2025/04/19 08:21:16.0,北海道南西沖,42.013333333333335,139.32333333333332,7,1.5,-
2025/04/19 08:22:21.9,岩手県沖,39.656666666666666,142.28166666666667,32,0.9,-
2025/04/19 08:25:09.9,石垣島近海,24.691666666666666,124.19,65,1.2,-
2025/04/19 08:26:09.7,三陸沖,39.18333333333333,143.38833333333332,14,2.8,-
2025/04/19 08:26:56.2,山口県北部,34.48,131.57333333333332,27,0.5,-
2025/04/19 08:27:22.0,長野県北部,36.475,137.915,13,-10.3,-
2025/04/19 08:27:24.7,山口県北部,34.483333333333334,131.575,27,0.7,-
2025/04/19 08:29:29.2,長野県北部,36.458333333333336,137.92833333333334,13,0.1,-
2025/04/19 08:32:32.5,長野県北部,36.45,137.90333333333334,9,-10.1,-
2025/04/19 08:33:45.7,和歌山県北部,34.105,135.18333333333334,3,-10.1,-
2025/04/19 08:35:43.0,長野県北部,36.486666666666665,137.89666666666668,14,0.3,-
2025/04/19 08:36:25.2,長野県北部,36.48166666666667,137.905,12,0.8,-
2025/04/19 08:36:47.6,宮城県沖,37.94833333333333,141.70666666666668,54,1,-
2025/04/19 08:36:58.4,長野県北部,36.455,137.92666666666668,10,-10.2,-
2025/04/19 08:37:10.3,長野県北部,36.47833333333333,137.90166666666667,13,-10.1,-
2025/04/19 08:38:10.1,長野県北部,36.516666666666666,137.915,13,0,-
2025/04/19 08:39:10.2,長野県北部,36.468333333333334,137.92166666666665,13,0.2,-
2025/04/19 08:39:18.3,三陸沖,39.19,143.39333333333335,14,1.7,-
2025/04/19 08:39:44.1,千葉県北西部,35.656666666666666,140.05166666666668,71,2.4,-
2025/04/19 08:40:18.3,長野県北部,36.48,137.9,11,0.7,-
2025/04/19 08:42:34.3,山口県北部,34.473333333333336,131.57833333333335,27,0,-
2025/04/19 08:42:57.6,島根県西部,34.48,131.855,10,-10.1,-
2025/04/19 08:45:32.6,長野県北部,36.461666666666666,137.90666666666667,10,0.4,-
2025/04/19 08:47:15.8,長野県北部,36.461666666666666,137.92333333333335,12,-10.1,-
2025/04/19 08:48:06.6,台湾付近,24.35,121.91166666666666,15,-1,-
2025/04/19 08:48:51.2,長野県北部,36.458333333333336,137.90666666666667,13,0.4,-
2025/04/19 08:50:13.4,長野県北部,36.475,137.915,11,-10.2,-
2025/04/19 08:50:15.2,三陸沖,39.185,143.39,14,1.8,-
2025/04/19 08:52:41.4,徳島県南部,33.843333333333334,134.63166666666666,8,0.5,-
2025/04/19 08:52:59.1,長野県北部,36.47,137.91166666666666,10,0.3,-
2025/04/19 08:53:35.7,長野県北部,36.455,137.92166666666665,13,-10.1,-
2025/04/19 08:53:41.0,長野県北部,36.48,137.90666666666667,13,1.7,-
2025/04/19 08:54:02.5,山口県北部,34.48166666666667,131.57,28,0.1,-
2025/04/19 08:57:17.8,長野県北部,36.48166666666667,137.91166666666666,13,0.2,-
2025/04/19 08:57:32.7,福島県沖,37.86333333333333,141.64666666666668,48,0.7,-
2025/04/19 09:02:51.6,長野県北部,36.48833333333334,137.905,13,1.6,-
2025/04/19 09:03:18.5,長野県北部,36.45666666666666,137.90666666666667,11,0.4,-
2025/04/19 09:03:42.0,橘湾,32.64333333333333,129.99666666666667,9,0.2,-
2025/04/19 09:04:07.2,長野県北部,36.47,137.915,12,0.6,-
2025/04/19 09:05:48.4,沖縄本島近海,26.928333333333335,128.97166666666666,20,1.7,-
2025/04/19 09:07:18.0,和歌山県南部,33.74333333333333,135.58833333333334,15,-10.1,-
2025/04/19 09:08:32.9,長野県北部,36.486666666666665,137.895,12,1,-
2025/04/19 09:12:33.8,長野県北部,36.48833333333334,137.92833333333334,14,0.4,-
2025/04/19 09:13:04.6,長野県北部,36.47,137.91833333333332,12,0.1,-
2025/04/19 09:14:36.3,長野県北部,36.495,137.92,13,-10.1,-
2025/04/19 09:16:22.0,長野県北部,36.475,137.895,12,-10.1,-
2025/04/19 09:18:44.3,岩手県沖,39.651666666666664,142.27,32,1.6,-
2025/04/19 09:18:50.7,福島県沖,37.745,141.84,21,2.1,-
2025/04/19 09:20:46.4,和歌山県北部,34.19833333333333,135.46666666666667,5,0.1,-
2025/04/19 09:21:34.8,福島県中通り,37.07666666666667,140.43333333333334,10,0.7,-
2025/04/19 09:21:44.0,長野県北部,36.45166666666667,137.91666666666666,13,0.8,-
2025/04/19 09:23:02.8,長野県北部,36.46,137.925,13,0.7,-
2025/04/19 09:24:51.2,福島県沖,37.795,141.64833333333334,53,1.4,-
2025/04/19 09:24:53.5,栃木県北部,36.63,139.41,8,1.9,-
2025/04/19 09:26:07.9,長野県北部,36.48166666666667,137.895,12,0.5,-
2025/04/19 09:26:21.0,長野県北部,36.475,137.90166666666667,13,0,-
2025/04/19 09:26:27.7,長野県北部,36.45166666666667,137.89833333333334,12,0.2,-
2025/04/19 09:26:53.3,奄美大島近海,28.005,129.405,15,-1,-
2025/04/19 09:27:23.5,長野県北部,36.46666666666667,137.91166666666666,14,0,-
2025/04/19 09:27:48.5,和歌山県北部,34.08166666666666,135.34166666666667,5,-10.1,-
2025/04/19 09:28:18.2,栃木県北部,36.62833333333333,139.40833333333333,8,0.9,-
2025/04/19 09:29:43.0,高知県西部,33.27333333333333,133.195,22,0.6,-
2025/04/19 09:30:23.5,長野県北部,36.473333333333336,137.90333333333334,13,1.4,-
2025/04/19 09:30:38.6,日向灘,32.03666666666667,131.90166666666667,31,1.3,-
2025/04/19 09:30:44.9,大隅半島東方沖,31.118333333333332,131.09166666666667,9,0.9,-
2025/04/19 09:32:01.1,栃木県南部,36.28666666666667,139.57166666666666,120,1.1,-
2025/04/19 09:35:00.7,紀伊水道,33.87,135.01333333333332,10,0.2,-
2025/04/19 09:37:06.9,長野県北部,36.48,137.905,12,2.2,-
2025/04/19 09:37:35.1,岩手県内陸南部,39.06166666666667,140.88666666666666,10,1,-
2025/04/19 09:37:50.4,長野県北部,36.45,137.91666666666666,13,0.4,-
2025/04/19 09:39:01.9,長野県北部,36.43833333333333,137.88833333333332,12,-10.4,-
2025/04/19 09:39:07.6,長野県北部,36.465,137.90333333333334,14,0,-
2025/04/19 09:40:15.3,岩手県内陸南部,39.00333333333333,140.85166666666666,3,0.7,-
2025/04/19 09:41:10.5,長野県北部,36.48,137.90833333333333,13,0.7,-
2025/04/19 09:41:28.6,福島県沖,37.20166666666667,141.94,28,1.6,-
2025/04/19 09:42:13.1,長野県中部,36.473333333333336,137.93666666666667,10,0,-
2025/04/19 09:42:23.7,宮城県沖,38.666666666666664,142.20666666666668,38,1.1,-
2025/04/19 09:44:10.4,長野県北部,36.455,137.89166666666668,12,0,-
2025/04/19 09:44:10.6,山口県北部,34.47666666666667,131.575,27,0.6,-
2025/04/19 09:44:33.4,長野県北部,36.46666666666667,137.91333333333333,12,0,-
2025/04/19 09:47:12.0,長野県北部,36.47,137.91666666666666,12,1.3,-
2025/04/19 09:48:29.0,長野県北部,36.48166666666667,137.91333333333333,13,-10.3,-
2025/04/19 09:48:39.7,島根県西部,34.77333333333333,132.07166666666666,11,0.4,-
2025/04/19 09:48:40.1,長野県北部,36.46,137.91666666666666,16,0.3,-
2025/04/19 09:49:23.8,長野県北部,36.47666666666667,137.90166666666667,13,0.3,-
2025/04/19 09:50:16.1,長野県北部,36.475,137.88166666666666,10,0,-
2025/04/19 09:52:07.7,熊本県熊本地方,32.803333333333335,130.705,8,-1,-
2025/04/19 09:52:56.2,静岡県西部,34.89,137.76333333333332,31,0.4,-
2025/04/19 09:53:12.5,長野県北部,36.48,137.89666666666668,13,0.3,-
2025/04/19 09:53:22.8,栃木県北部,36.62833333333333,139.39666666666668,7,0.1,-
2025/04/19 09:54:31.5,長野県北部,36.471666666666664,137.90666666666667,15,0.1,-
2025/04/19 09:54:44.2,天草灘,32.096666666666664,129.73166666666665,8,1.6,-
2025/04/19 09:54:53.0,長野県北部,36.46666666666667,137.90833333333333,12,0.2,-
2025/04/19 09:54:59.5,土佐湾,33.33166666666666,133.35,18,0.4,-
2025/04/19 09:56:01.2,長野県中部,36.443333333333335,137.925,12,-10.4,-
2025/04/19 09:56:08.7,山口県北部,34.46333333333333,131.585,27,0.5,-
2025/04/19 09:58:08.8,福島県沖,37.635,141.53166666666667,51,1,-
2025/04/19 09:58:52.9,奄美大島近海,28.561666666666667,129.62,9,3.5,-
2025/04/19 09:59:42.3,長野県北部,36.49166666666667,137.89666666666668,14,0,-
2025/04/19 10:00:08.9,長野県北部,36.47833333333333,137.92833333333334,12,-10.6,-
2025/04/19 10:00:47.9,長野県北部,36.455,137.91833333333332,13,0.2,-
2025/04/19 10:03:09.7,関東東方沖,35.68666666666667,143.965,42,1.7,-
2025/04/19 10:03:13.2,長野県北部,36.48,137.90333333333334,12,0.1,-
2025/04/19 10:05:07.8,長野県北部,36.468333333333334,137.91166666666666,13,0.9,-
2025/04/19 10:05:59.5,神奈川県西部,35.17,139.14,15,-1,-
2025/04/19 10:08:14.1,長野県中部,36.46,137.95333333333335,10,-10.2,-
2025/04/19 10:09:13.6,長野県北部,36.48166666666667,137.90333333333334,14,0.2,-
2025/04/19 10:09:17.0,福島県沖,37.81333333333333,141.57833333333335,52,1.1,-
2025/04/19 10:10:53.3,長野県北部,36.48,137.90666666666667,13,1.4,-
2025/04/19 10:12:04.5,茨城県北部,36.78666666666667,140.565,7,0.1,-
2025/04/19 10:12:43.0,鹿児島県薩摩地方,32.223333333333336,130.28166666666667,8,-1,-
2025/04/19 10:13:27.5,山口県北部,34.47833333333333,131.57,28,0.2,-
2025/04/19 10:13:46.8,奄美大島近海,28.563333333333333,129.62166666666667,6,2.7,-
2025/04/19 10:16:24.4,静岡県中部,35.14333333333333,138.57333333333332,10,0.6,-
2025/04/19 10:16:43.4,長野県北部,36.45666666666666,137.92,16,1.5,-
2025/04/19 10:17:17.4,長野県北部,36.45333333333333,137.915,11,-10.1,-
2025/04/19 10:17:36.8,長野県北部,36.45666666666666,137.90166666666667,11,0.2,-
2025/04/19 10:17:44.0,長野県北部,36.461666666666666,137.90666666666667,10,1.3,-
2025/04/19 10:18:12.2,長野県北部,36.465,137.89666666666668,11,1.5,-
2025/04/19 10:21:35.5,石川県西方沖,36.93333333333333,136.43333333333334,16,1,-
2025/04/19 10:21:50.0,与那国島近海,24.213333333333335,122.785,14,1.7,-
2025/04/19 10:23:15.8,長野県北部,36.46666666666667,137.90166666666667,12,-10.2,-
2025/04/19 10:24:20.3,新潟県上中越沖,37.723333333333336,138.63166666666666,17,0.5,-
2025/04/19 10:26:39.6,長野県北部,36.486666666666665,137.90166666666667,14,1.3,-
2025/04/19 10:26:56.3,大阪府北部,34.84166666666667,135.61166666666668,9,0.4,-
2025/04/19 10:27:21.3,伊予灘,33.45166666666667,132.07166666666666,57,1.1,-
2025/04/19 10:31:15.9,関東東方沖,36.77333333333333,144.03333333333333,27,2.9,-
2025/04/19 10:34:42.9,青森県東方沖,40.83833333333333,142.97833333333332,16,1.5,-
2025/04/19 10:35:54.2,日高地方東部,42.17166666666667,143.015,47,0.7,-
2025/04/19 10:37:41.5,長野県北部,36.458333333333336,137.925,12,0.5,-
2025/04/19 10:39:00.8,長野県北部,36.47833333333333,137.91166666666666,12,0.6,-
2025/04/19 10:40:42.5,長野県北部,36.48,137.905,13,0.3,-
2025/04/19 10:42:20.0,長野県北部,36.483333333333334,137.90166666666667,13,0.6,-
2025/04/19 10:42:40.7,長野県北部,36.48833333333334,137.90166666666667,13,0.7,-
2025/04/19 10:42:50.1,三陸沖,40.901666666666664,144.92666666666668,31,2.2,-
2025/04/19 10:43:47.2,長野県北部,36.475,137.90833333333333,13,1,-
2025/04/19 10:44:25.8,天草灘,32.498333333333335,129.82166666666666,15,0.3,-
2025/04/19 10:46:30.5,沖縄本島近海,26.351666666666667,128.965,17,1.2,-
2025/04/19 10:48:29.3,栃木県北部,36.651666666666664,139.42333333333335,4,0.1,-
2025/04/19 10:48:40.9,台湾付近,24.795,122.13166666666666,55,3.4,-
2025/04/19 10:49:19.7,長野県北部,36.483333333333334,137.90166666666667,15,0.1,-
2025/04/19 10:49:22.4,釧路地方中南部,43.126666666666665,143.81333333333333,12,0.2,-
2025/04/19 10:51:14.1,房総半島南方沖,34.26,139.98666666666668,24,1.8,-
2025/04/19 10:51:40.0,長野県北部,36.46333333333333,137.90833333333333,13,0.2,-
2025/04/19 10:52:14.9,佐渡付近,37.91833333333334,137.71833333333333,23,1.6,-
2025/04/19 10:58:13.1,宮城県沖,38.445,141.905,81,1,-
2025/04/19 10:58:33.5,西表島付近,24.425,123.78,14,-1,-
2025/04/19 10:59:31.2,長野県北部,36.483333333333334,137.90333333333334,11,-10.2,-
2025/04/19 10:59:37.2,宮崎県北部山沿い,32.708333333333336,131.23666666666668,5,0.3,-
2025/04/19 11:01:55.9,福島県会津,36.96666666666667,139.37333333333333,4,0.2,-
2025/04/19 11:03:28.4,山口県北部,34.473333333333336,131.575,27,0.6,-
2025/04/19 11:03:41.0,長野県中部,36.445,137.92,10,0,-
2025/04/19 11:03:46.1,長野県北部,36.45333333333333,137.90333333333334,11,0,-
2025/04/19 11:07:27.4,島根県沖,35.41833333333334,132.335,18,0.5,-
2025/04/19 11:09:49.6,沖縄本島近海,26.526666666666667,128.85,34,1.6,-
2025/04/19 11:12:25.2,茨城県沖,36.605,142.15,14,2.3,-
2025/04/19 11:13:13.5,熊本県熊本地方,32.718333333333334,131.125,8,1.4,-
2025/04/19 11:13:32.3,長野県北部,36.455,137.925,12,0.2,-
2025/04/19 11:13:34.2,福島県会津,37.038333333333334,139.39666666666668,8,1.1,-
2025/04/19 11:17:06.6,沖縄本島近海,26.376666666666665,128.97833333333332,35,3.1,-
2025/04/19 11:19:27.3,山口県北部,34.475,131.57833333333335,28,0.2,-
2025/04/19 11:19:48.4,栃木県北部,36.62833333333333,139.40833333333333,8,0.8,-
2025/04/19 11:20:26.0,茨城県南部,36.16166666666667,139.83833333333334,109,1.3,-
2025/04/19 11:22:01.6,奄美大島北東沖,29.595,130.17166666666665,52,1.4,-
2025/04/19 11:22:06.5,福島県沖,37.833333333333336,141.605,51,1.1,-
2025/04/19 11:23:31.3,福島県沖,37.21,141.26833333333335,60,1.9,-
2025/04/19 11:24:10.6,長野県北部,36.465,137.89166666666668,10,0.3,-
2025/04/19 11:24:26.0,長野県北部,36.465,137.905,12,1.1,-
2025/04/19 11:28:06.4,長野県北部,36.485,137.90333333333334,12,0.1,-
2025/04/19 11:28:19.1,長野県北部,36.46333333333333,137.91,13,1.5,-
2025/04/19 11:28:26.6,長野県北部,36.49666666666667,137.915,12,1.3,-
2025/04/19 11:31:24.7,長野県北部,36.461666666666666,137.905,14,0.1,-
2025/04/19 11:34:36.2,石垣島近海,24.506666666666668,124.11666666666666,3,0.1,-
2025/04/19 11:38:19.9,長野県北部,36.5,137.90833333333333,14,0.1,-
2025/04/19 11:41:25.6,和歌山県北部,34.23833333333334,135.46833333333333,8,0.3,-
2025/04/19 11:42:49.4,岐阜県飛騨地方,35.983333333333334,137.54833333333335,8,-10.1,-
2025/04/19 11:43:14.9,長野県北部,36.47666666666667,137.91166666666666,13,-10.2,-
2025/04/19 11:44:50.0,岩手県沖,39.42,142.35333333333332,35,0.8,-
2025/04/19 11:45:19.9,紀伊水道,33.78666666666667,134.88666666666666,18,0.5,-
2025/04/19 11:45:20.6,長野県北部,36.475,137.91666666666666,12,1.8,-
2025/04/19 11:48:57.9,宮崎県南部山沿い,32.05,131.02333333333334,11,0.2,-
2025/04/19 11:50:13.4,石川県能登地方,37.235,136.785,8,1.6,-
2025/04/19 11:52:45.5,宮城県南部,37.905,140.68833333333333,129,1.2,-
2025/04/19 11:52:51.4,長野県南部,35.461666666666666,137.84833333333333,4,1,-
2025/04/19 11:56:42.5,長野県北部,36.48166666666667,137.90833333333333,14,0,-
2025/04/19 11:57:08.9,岐阜県飛騨地方,36.265,137.56833333333333,27,0,-
2025/04/19 11:57:20.8,長野県中部,36.445,137.92166666666665,12,-10.1,-
2025/04/19 11:58:46.7,千葉県東方沖,35.233333333333334,140.46833333333333,45,0.9,-
2025/04/19 12:02:15.1,関東東方沖,36.75333333333333,144.06333333333333,26,1.7,-
2025/04/19 12:02:30.5,留萌地方中北部,44.69166666666667,141.94833333333332,262,2,-
2025/04/19 12:04:32.2,熊本県熊本地方,32.39333333333333,130.68666666666667,9,0.2,-
2025/04/19 12:04:49.6,熊本県熊本地方,32.66,130.70666666666668,14,0,-
2025/04/19 12:08:07.9,宮城県沖,37.90833333333333,141.91666666666666,42,0.8,-
2025/04/19 12:10:56.9,三重県南部,33.931666666666665,136.05666666666667,22,0.1,-
2025/04/19 12:19:52.2,長野県北部,36.46666666666667,137.91,12,0.6,-
2025/04/19 12:20:04.1,佐渡付近,37.985,138.20666666666668,9,-10.2,-
2025/04/19 12:23:34.0,長野県北部,36.485,137.90333333333334,14,-10.2,-
2025/04/19 12:24:55.3,長野県北部,36.47833333333333,137.90166666666667,13,3.3,-
2025/04/19 12:27:57.5,福岡県福岡地方,33.505,130.49166666666667,14,0.3,-
2025/04/19 12:28:08.7,長野県北部,36.45333333333333,137.92,12,0,-
2025/04/19 12:28:43.9,長野県南部,35.848333333333336,138.14166666666668,8,0.6,-
2025/04/19 12:29:53.7,長野県北部,36.48,137.90166666666667,13,1,-
2025/04/19 12:32:00.8,長野県北部,36.458333333333336,137.90833333333333,14,0.2,-
2025/04/19 12:37:15.6,豊後水道,33.17333333333333,132.295,41,0.5,-
2025/04/19 12:40:13.6,長野県北部,36.46333333333333,137.90666666666667,14,0.5,-
2025/04/19 12:40:16.3,根室半島南東沖,42.99333333333333,145.83166666666668,32,1.2,-
2025/04/19 12:40:33.0,石川県能登地方,37.233333333333334,136.81,12,0.4,-
2025/04/19 12:42:19.9,長野県北部,36.47666666666667,137.90666666666667,14,-10.3,-
2025/04/19 12:42:28.9,栃木県北部,36.62833333333333,139.41333333333333,8,0.5,-
2025/04/19 12:43:10.0,長野県北部,36.468333333333334,137.91166666666666,13,0.2,-
2025/04/19 12:45:36.4,沖縄本島近海,27.236666666666668,128.19,14,0.8,-
2025/04/19 12:47:54.8,長野県北部,36.455,137.925,11,1.3,-
2025/04/19 12:50:52.6,岩手県内陸南部,39.405,141.025,98,1.3,-
2025/04/19 12:51:44.4,千葉県北東部,35.49166666666667,140.4,35,0.7,-
2025/04/19 12:53:00.4,四国沖,32.06333333333333,132.69,14,1.8,-
2025/04/19 12:54:36.0,神奈川県西部,35.48,139.05833333333334,15,0.7,-
2025/04/19 12:54:54.5,長野県中部,36.465,137.935,11,-10.1,-
2025/04/19 12:54:57.2,奄美大島北東沖,29.258333333333333,130.64,59,2.3,-
2025/04/19 12:55:29.6,長野県北部,36.485,137.89833333333334,13,0.5,-
2025/04/19 12:55:50.4,長野県北部,36.45,137.92666666666668,11,-10.2,-
2025/04/19 12:56:59.6,能登半島沖,37.56,137.22333333333333,13,3.8,-
2025/04/19 12:57:01.1,山口県北部,34.455,131.57833333333335,30,0.2,-
2025/04/19 12:59:26.5,和歌山県北部,34.086666666666666,135.395,6,0.2,-
2025/04/19 13:00:14.8,能登半島沖,37.56666666666667,137.22,13,1.2,-
2025/04/19 13:01:00.6,長野県北部,36.471666666666664,137.91,12,0.7,-
2025/04/19 13:02:06.7,栃木県北部,36.651666666666664,139.42666666666668,4,1.4,-
2025/04/19 13:03:52.3,石川県能登地方,37.486666666666665,137.23833333333334,13,0.8,-
2025/04/19 13:04:09.8,長野県北部,36.461666666666666,137.92333333333335,11,2.4,-
2025/04/19 13:07:26.3,鹿児島県薩摩地方,31.3,130.44166666666666,140,1.6,-
2025/04/19 13:11:55.9,長野県北部,36.45333333333333,137.91666666666666,14,0.1,-
2025/04/19 13:12:56.8,熊本県熊本地方,32.538333333333334,130.71666666666667,11,-10.1,-
2025/04/19 13:15:59.1,日向灘,32.78,132.33666666666667,16,0.6,-
2025/04/19 13:18:48.2,福島県沖,37.693333333333335,142.32666666666665,24,1.4,-
2025/04/19 13:24:12.9,京都府南部,35.016666666666666,135.46833333333333,12,0.5,-
2025/04/19 13:24:23.9,高知県東部,33.33,134.13,17,0.5,-
2025/04/19 13:24:45.0,岩手県沖,39.375,142.06,58,1,-
2025/04/19 13:25:36.5,栃木県北部,36.626666666666665,139.41333333333333,8,0,-
2025/04/19 13:26:08.3,京都府北部,35.365,135.31666666666666,12,0.7,-
2025/04/19 13:26:43.5,日向灘,32.10333333333333,131.89166666666668,25,1.2,-
2025/04/19 13:29:38.6,長野県北部,36.48,137.92,13,-10.1,-
2025/04/19 13:30:02.4,長野県北部,36.46666666666667,137.89833333333334,13,-10.1,-
2025/04/19 13:30:08.6,宮城県沖,37.965,141.40833333333333,88,1,-
2025/04/19 13:33:22.9,千葉県北西部,35.843333333333334,140.05833333333334,43,0.5,-
2025/04/19 13:34:33.3,青森県東方沖,40.77166666666667,142.76,32,1.1,-
2025/04/19 13:34:38.6,長野県北部,36.471666666666664,137.91166666666666,12,-10.3,-
2025/04/19 13:36:05.3,三陸沖,39.501666666666665,144.72333333333333,14,1.3,-
2025/04/19 13:38:33.4,長野県北部,36.47833333333333,137.89833333333334,10,1.6,-
2025/04/19 13:39:49.1,長野県北部,36.47666666666667,137.885,10,0.2,-
2025/04/19 13:40:01.4,茨城県沖,36.8,141.34166666666667,38,1.1,-
2025/04/19 13:40:09.3,長野県北部,36.483333333333334,137.96666666666667,10,-10.2,-
2025/04/19 13:41:46.4,長野県北部,36.47666666666667,137.925,15,1.3,-
2025/04/19 13:44:41.9,長野県北部,36.483333333333334,137.90666666666667,12,0.2,-
2025/04/19 13:46:33.3,長野県南部,35.86,137.59333333333333,6,1.2,-
2025/04/19 13:47:19.7,石川県能登地方,37.50333333333333,137.23333333333332,13,1.1,-
2025/04/19 13:48:06.8,宮城県沖,38.913333333333334,142.05,43,0.8,-
2025/04/19 13:49:33.2,長野県南部,35.81666666666667,137.985,9,-10.4,-
2025/04/19 13:52:46.4,長野県北部,36.45666666666666,137.91833333333332,14,0,-
2025/04/19 13:53:06.1,秋田県内陸北部,39.946666666666665,140.60166666666666,4,0.7,-
2025/04/19 13:54:17.8,長野県南部,35.861666666666665,137.59333333333333,7,0.2,-
2025/04/19 13:55:30.2,沖縄本島近海,26.365,128.98166666666665,50,1.3,-
2025/04/19 13:55:46.8,茨城県南部,36.00666666666667,139.95333333333335,32,1,-
2025/04/19 13:55:47.4,関東東方沖,36.751666666666665,144.07833333333335,27,1.5,-
2025/04/19 13:55:55.9,石川県能登地方,37.498333333333335,137.22666666666666,12,2.3,-
2025/04/19 13:56:01.7,長野県南部,35.85666666666667,137.59,6,0.3,-
2025/04/19 13:57:21.5,長野県北部,36.471666666666664,137.91333333333333,13,0,-
2025/04/19 13:59:05.2,根室半島南東沖,43.205,146.10666666666665,43,1.7,-
2025/04/19 14:00:56.4,長野県北部,36.47833333333333,137.90666666666667,12,0,-
2025/04/19 14:02:09.7,長野県北部,36.483333333333334,137.9,13,0.3,-
2025/04/19 14:03:59.1,長野県北部,36.47833333333333,137.89,7,0,-
2025/04/19 14:05:43.6,島根県西部,34.81,132.06666666666666,10,1.3,-
2025/04/19 14:05:50.5,能登半島沖,37.56,137.225,12,0.5,-
2025/04/19 14:07:37.6,石川県能登地方,37.31333333333333,136.865,9,1.8,-
2025/04/19 14:09:04.1,与那国島近海,24.043333333333333,122.68333333333334,37,2.9,-
2025/04/19 14:09:54.2,長野県中部,36.46333333333333,137.96666666666667,9,-10.6,-
2025/04/19 14:10:28.6,福島県沖,37.276666666666664,142.22666666666666,19,-1,-
2025/04/19 14:10:36.6,福島県沖,37.57,143.67166666666665,31,2.5,-
2025/04/19 14:10:43.2,福島県沖,37.69166666666667,142.34666666666666,27,1.6,-
2025/04/19 14:12:58.5,長野県北部,36.46666666666667,137.89333333333335,15,0.3,-
2025/04/19 14:14:21.3,大阪湾,34.54833333333333,135.365,13,0.5,-
2025/04/19 14:16:26.3,和歌山県北部,34.045,135.315,7,0.7,-
2025/04/19 14:16:56.6,長野県中部,36.458333333333336,137.94166666666666,12,-10.1,-
2025/04/19 14:17:25.3,長野県北部,36.47833333333333,137.99,6,-10.5,-
2025/04/19 14:20:30.3,長野県北部,36.475,137.91333333333333,12,0.2,-
2025/04/19 14:21:22.0,山口県北部,34.46333333333333,131.57333333333332,29,0.4,-
2025/04/19 14:26:18.7,長野県北部,36.48166666666667,137.905,15,0.2,-
2025/04/19 14:28:31.0,長野県中部,36.46,137.985,7,-10.4,-
2025/04/19 14:30:39.6,長野県北部,36.49166666666667,137.90333333333334,15,0.3,-
2025/04/19 14:32:01.5,愛媛県南予,32.971666666666664,132.54333333333332,14,1,-
2025/04/19 14:33:11.1,能登半島沖,37.57833333333333,137.26166666666666,12,1.2,-
2025/04/19 14:34:41.0,山口県北部,34.49166666666667,131.55833333333334,29,0.4,-
2025/04/19 14:34:46.5,長野県北部,36.458333333333336,137.90833333333333,13,0.2,-
2025/04/19 14:35:26.9,長野県北部,36.45666666666666,137.91,13,1.2,-
2025/04/19 14:35:58.1,長野県北部,36.468333333333334,137.87833333333333,2,-10.1,-
2025/04/19 14:36:34.9,長野県北部,36.465,137.92333333333335,13,0.4,-
2025/04/19 14:36:35.1,長野県北部,36.461666666666666,137.92166666666665,12,0.4,-
2025/04/19 14:36:37.4,新潟県上中越沖,37.586666666666666,137.53,12,1.1,-
2025/04/19 14:37:23.2,紀伊水道,33.855,134.985,13,2.1,-
2025/04/19 14:38:32.2,長野県北部,36.46333333333333,137.925,12,0.7,-
2025/04/19 14:39:01.2,長野県北部,36.485,137.89666666666668,14,1.4,-
2025/04/19 14:41:41.9,長野県北部,36.455,137.92333333333335,11,0.2,-
2025/04/19 14:42:48.1,石川県能登地方,37.498333333333335,137.235,14,0.7,-
2025/04/19 14:48:41.8,八丈島東方沖,33.69833333333333,140.64333333333335,49,1.2,-
2025/04/19 14:50:39.2,長野県中部,36.45166666666667,137.97333333333333,8,-10.3,-
2025/04/19 14:51:04.3,茨城県北部,36.805,140.595,8,0.9,-
2025/04/19 14:54:34.6,日向灘,32.71666666666667,132.00666666666666,47,0.9,-
2025/04/19 14:54:59.8,長野県北部,36.48166666666667,137.88333333333333,12,0.8,-
2025/04/19 14:55:07.6,愛知県東部,34.925,137.45833333333334,37,0.1,-
2025/04/19 14:58:39.8,長野県北部,36.486666666666665,137.90666666666667,15,0.2,-
2025/04/19 14:59:59.1,長野県北部,36.458333333333336,137.90166666666667,15,0.3,-
2025/04/19 15:01:41.4,長野県北部,36.47,137.91166666666666,12,1.5,-
2025/04/19 15:04:06.8,長野県中部,36.446666666666665,137.91833333333332,12,1.4,-
2025/04/19 15:06:11.9,長野県北部,36.45333333333333,137.90333333333334,13,0.2,-
2025/04/19 15:07:12.1,豊後水道,33.29666666666667,131.99333333333334,56,1.6,-
2025/04/19 15:12:44.4,十勝沖,42.401666666666664,143.97666666666666,57,1.3,-
2025/04/19 15:13:28.6,長野県北部,36.47833333333333,137.905,13,2.3,-
2025/04/19 15:13:47.2,長野県北部,36.48,137.90166666666667,12,1.2,-
2025/04/19 15:15:12.7,長野県南部,35.861666666666665,137.61166666666668,10,-10.3,-
2025/04/19 15:15:31.7,長野県北部,36.471666666666664,137.92333333333335,13,0.2,-
2025/04/19 15:16:24.2,種子島近海,30.036666666666665,130.47666666666666,42,-1,-
2025/04/19 15:21:21.2,紀伊水道,33.86666666666667,134.985,13,1.2,-
2025/04/19 15:26:09.1,岐阜県美濃中西部,35.54833333333333,136.76,16,1.9,-
2025/04/19 15:27:29.6,長野県北部,36.47666666666667,137.92333333333335,12,-10.4,-
2025/04/19 15:27:53.0,長野県中部,36.46333333333333,137.955,10,-10.6,-
2025/04/19 15:28:10.6,栃木県北部,36.626666666666665,139.40833333333333,8,0.6,-
2025/04/19 15:28:53.4,福島県沖,37.095,141.935,25,1.4,-
2025/04/19 15:30:53.0,長野県北部,36.49,137.91166666666666,13,-10.3,-
2025/04/19 15:31:04.5,長野県北部,36.468333333333334,137.925,13,-10.2,-
2025/04/19 15:32:01.0,石垣島北西沖,25.346666666666668,123.50333333333333,195,2.5,-
2025/04/19 15:32:31.7,三陸沖,37.95,144.55833333333334,20,1.6,-
2025/04/19 15:33:54.6,石川県能登地方,37.50333333333333,137.22666666666666,13,2.3,-
2025/04/19 15:34:20.7,千葉県東方沖,35.663333333333334,140.725,47,0.4,-
2025/04/19 15:34:30.7,石川県能登地方,37.50333333333333,137.23,13,1.5,-
2025/04/19 15:34:40.0,京都府南部,35.016666666666666,135.56,9,0.8,-
2025/04/19 15:34:42.5,秋田県内陸南部,39.02333333333333,140.65,8,0.5,-
2025/04/19 15:35:37.8,石川県能登地方,37.501666666666665,137.23166666666665,13,1.8,-
2025/04/19 15:38:39.7,福島県沖,37.69166666666667,142.09333333333333,35,1,-
2025/04/19 15:39:30.6,石川県能登地方,37.515,137.20666666666668,14,0.8,-
2025/04/19 15:40:40.9,長野県中部,36.47,137.96,10,-10.5,-
2025/04/19 15:42:57.6,十勝沖,41.66,143.87666666666667,20,1.8,-
2025/04/19 15:43:25.5,長野県北部,36.455,137.925,11,0.8,-
2025/04/19 15:44:04.3,福島県沖,37.81166666666667,141.65666666666667,55,0.9,-
2025/04/19 15:45:11.2,長野県中部,36.465,137.94166666666666,10,-10.5,-
2025/04/19 15:46:46.1,奄美大島近海,28.001666666666665,129.40666666666667,14,-1,-
2025/04/19 15:47:44.7,長野県中部,36.46333333333333,137.96666666666667,9,-10.6,-
2025/04/19 15:49:29.3,長野県北部,36.48166666666667,137.90666666666667,12,0.2,-
2025/04/19 15:49:58.3,長野県北部,36.46333333333333,137.91833333333332,13,0.3,-
2025/04/19 15:50:07.2,山口県北部,34.47833333333333,131.565,28,0.3,-
2025/04/19 15:50:39.9,和歌山県南方沖,33.276666666666664,135.57666666666665,21,1.9,-
2025/04/19 15:50:55.9,北海道東方沖,43.736666666666665,147.50666666666666,0,2.9,-
2025/04/19 15:51:33.1,三陸沖,39.083333333333336,144.90833333333333,18,1.4,-
2025/04/19 15:54:05.8,長野県北部,36.486666666666665,137.97166666666666,4,-10.4,-
2025/04/19 15:54:23.6,長野県北部,36.48166666666667,137.90333333333334,14,0.3,-
2025/04/19 15:56:29.1,福島県沖,37.835,141.61,47,1.1,-
2025/04/19 15:57:21.3,長野県中部,36.18833333333333,138.005,10,0.3,-
2025/04/19 16:00:19.6,長野県北部,36.486666666666665,137.88833333333332,12,0.4,-
2025/04/19 16:03:39.7,福島県沖,37.30166666666667,141.38,25,1,-
2025/04/19 16:05:43.7,三陸沖,39.575,143.97166666666666,46,0.7,-
2025/04/19 16:08:02.8,宮城県沖,38.67,142.54333333333332,31,1.1,-
2025/04/19 16:13:50.1,和歌山県南方沖,33.428333333333335,135.5,32,0.6,-
2025/04/19 16:15:03.9,千葉県東方沖,35.623333333333335,140.71333333333334,17,0.5,-
2025/04/19 16:15:39.6,千葉県南東沖,34.593333333333334,139.82666666666665,24,0.7,-
2025/04/19 16:16:21.7,長野県北部,36.45666666666666,137.92666666666668,11,0.4,-
2025/04/19 16:17:55.0,熊本県熊本地方,32.39833333333333,130.68166666666667,10,-1,-
2025/04/19 16:17:58.6,熊本県熊本地方,32.39,130.69,10,0.2,-
2025/04/19 16:18:11.5,長野県南部,35.88,138.11,8,-10.3,-
2025/04/19 16:18:33.1,長野県北部,36.465,137.90833333333333,12,0.6,-
2025/04/19 16:20:32.5,大隅半島東方沖,30.993333333333332,131.58333333333334,30,1.3,-
2025/04/19 16:20:47.4,長野県北部,36.458333333333336,137.92333333333335,11,1.5,-
2025/04/19 16:21:40.5,能登半島沖,37.575,137.25166666666667,12,0.7,-
2025/04/19 16:22:23.0,三陸沖,39.40833333333333,144.815,17,2.9,-
2025/04/19 16:22:52.1,長野県北部,36.46666666666667,137.90333333333334,12,0.8,-
2025/04/19 16:23:36.9,長野県北部,36.483333333333334,137.89,12,0.3,-
2025/04/19 16:28:07.9,岩手県内陸南部,39.35,141.47333333333333,109,2.2,-
2025/04/19 16:28:51.0,宮城県沖,38.07,141.75666666666666,78,1.7,-
2025/04/19 16:29:42.5,長野県北部,36.446666666666665,137.90833333333333,14,0.1,-
2025/04/19 16:30:02.9,茨城県沖,36.193333333333335,140.94166666666666,43,1.5,-
2025/04/19 16:32:15.3,和歌山県南方沖,33.275,135.86333333333334,24,0.9,-
2025/04/19 16:34:56.1,長野県北部,36.47833333333333,137.90833333333333,12,-10.2,-
2025/04/19 16:36:33.6,群馬県北部,36.68,139.31,8,0.3,-
2025/04/19 16:37:22.5,山口県北部,34.47,131.57,28,0.2,-
2025/04/19 16:39:13.5,静岡県西部,34.846666666666664,138.075,35,0.1,-
2025/04/19 16:39:39.8,長野県北部,36.47666666666667,137.915,12,1.1,-
2025/04/19 16:42:35.5,長野県北部,36.483333333333334,137.89333333333335,15,0.6,-
2025/04/19 16:48:05.8,長野県南部,35.96666666666667,138.04666666666665,8,1.1,-
2025/04/19 16:49:27.5,福島県沖,37.43833333333333,141.41666666666666,25,1.6,-
2025/04/19 16:49:32.8,長野県北部,36.468333333333334,137.91333333333333,14,-10.1,-
2025/04/19 16:51:12.3,熊本県熊本地方,32.39333333333333,130.68666666666667,9,0.8,-
2025/04/19 16:53:26.3,長野県北部,36.47833333333333,137.91166666666666,11,1.4,-
2025/04/19 16:54:55.0,長野県北部,36.471666666666664,137.90666666666667,13,-10.2,-
2025/04/19 16:55:13.8,十勝地方中部,42.875,143.16833333333332,11,0.1,-
2025/04/19 16:59:04.7,長野県中部,36.445,137.95666666666668,10,-10.3,-
2025/04/19 17:01:50.0,豊後水道,33.14333333333333,132.355,8,1.5,-
2025/04/19 17:02:39.0,三陸沖,40.958333333333336,145,26,1.7,-
2025/04/19 17:02:46.3,留萌地方中北部,44.95333333333333,141.84333333333333,0,0.6,-
2025/04/19 17:03:19.1,長野県北部,36.461666666666666,137.91,12,0.4,-
2025/04/19 17:05:01.4,長野県北部,36.48166666666667,137.91333333333333,13,1.1,-
2025/04/19 17:06:40.5,高知県西部,33.141666666666666,132.83166666666668,16,0.7,-
2025/04/19 17:07:52.4,石垣島近海,24.411666666666665,124.265,15,-1,-
2025/04/19 17:08:46.7,長野県北部,36.48,137.89166666666668,13,0.5,-
2025/04/19 17:09:52.3,福島県沖,37.70166666666667,141.67833333333334,53,2,-
2025/04/19 17:12:28.8,宮城県沖,38.42333333333333,142.15166666666667,27,1.2,-
2025/04/19 17:14:11.2,福島県沖,37.678333333333335,142.40666666666667,24,1.8,-
2025/04/19 17:14:26.3,山口県北部,34.485,131.575,27,-1,-
2025/04/19 17:15:07.8,福島県沖,37.675,142.40166666666667,23,1.5,-
2025/04/19 17:16:17.9,福島県沖,37.693333333333335,142.40666666666667,22,2,-
2025/04/19 17:16:39.2,山口県北部,34.47666666666667,131.57666666666665,27,0.4,-
2025/04/19 17:18:08.1,渡島地方東部,41.781666666666666,140.92,3,0.2,-
2025/04/19 17:19:11.2,長野県北部,36.458333333333336,137.90666666666667,13,0.8,-
2025/04/19 17:23:36.5,福島県沖,37.43,142.4,9,-1,-
2025/04/19 17:25:45.0,福島県沖,37.44166666666667,141.50166666666667,24,-1,-
2025/04/19 17:25:56.3,石川県能登地方,37.24166666666667,136.80666666666667,10,-1,-
2025/04/19 17:26:07.9,長野県中部,36.46666666666667,137.955,11,-10.2,-
2025/04/19 17:29:54.6,奄美大島近海,27.348333333333333,130.15166666666667,48,-1,-
2025/04/19 17:29:54.9,福島県沖,37.82833333333333,141.60166666666666,48,0.7,-
2025/04/19 17:30:59.7,長野県北部,36.47833333333333,137.91166666666666,12,1,-
2025/04/19 17:32:50.8,長野県中部,36.43,137.94,11,-10.5,-
2025/04/19 17:33:45.4,三陸沖,38.25833333333333,144.055,23,1.7,-
2025/04/19 17:33:56.8,福島県沖,37.835,141.55666666666667,47,1.3,-
2025/04/19 17:37:24.7,静岡県西部,35.04,137.77166666666668,12,0.3,-
2025/04/19 17:37:50.3,茨城県沖,36.336666666666666,140.88166666666666,42,0.8,-
2025/04/19 17:39:08.6,台湾付近,24.776666666666667,122.12666666666667,55,2.3,-
2025/04/19 17:40:47.9,網走沖,44.04333333333334,144.84166666666667,182,-1,-
2025/04/19 17:41:50.8,種子島近海,30.998333333333335,130.32,144,2.4,-
2025/04/19 17:44:06.4,石川県能登地方,37.27333333333333,136.75666666666666,10,0.7,-
2025/04/19 17:44:25.6,能登半島沖,37.55,137.22,11,0.3,-
2025/04/19 17:45:59.7,長野県中部,36.16833333333334,137.965,6,-1,-
2025/04/19 17:46:52.6,石川県西方沖,36.903333333333336,136.37333333333333,14,1.3,-
2025/04/19 17:47:52.9,長野県北部,36.461666666666666,137.915,13,0.2,-
2025/04/19 17:48:51.1,愛媛県南予,32.973333333333336,132.54166666666666,13,0.3,-
2025/04/19 17:49:48.1,愛媛県南予,32.975,132.55,13,0.5,-
2025/04/19 17:49:50.4,長野県南部,35.935,137.78333333333333,8,0,-
2025/04/19 17:50:04.1,石川県能登地方,37.266666666666666,136.76,9,1.1,-
2025/04/19 17:54:07.9,長野県中部,36.471666666666664,137.965,10,-1,-
2025/04/19 17:57:05.3,長野県北部,36.473333333333336,137.905,14,0.3,-
2025/04/19 17:59:34.0,長野県北部,36.48166666666667,137.89833333333334,12,0.4,-
2025/04/19 18:02:23.9,長野県北部,36.48166666666667,137.9,12,0.3,-
2025/04/19 18:03:00.7,長野県北部,36.485,137.89666666666668,11,1.4,-
2025/04/19 18:03:35.8,熊本県球磨地方,32.303333333333335,131.08666666666667,12,0,-
2025/04/19 18:04:09.9,長野県北部,36.42333333333333,137.89166666666668,10,-10.1,-
2025/04/19 18:04:45.4,能登半島沖,37.535,137.305,10,-1,-
2025/04/19 18:05:01.4,福島県沖,36.916666666666664,141.66166666666666,34,1.8,-
2025/04/19 18:05:42.4,長野県北部,36.48166666666667,137.905,13,0.2,-
2025/04/19 18:06:17.1,和歌山県北部,34.04666666666667,135.30333333333334,5,0.1,-
2025/04/19 18:08:14.0,長野県北部,36.47833333333333,137.91166666666666,11,1.7,-
2025/04/19 18:09:33.7,千葉県南東沖,34.625,140.17666666666668,54,0.9,-
2025/04/19 18:09:54.0,長野県北部,36.47833333333333,137.91166666666666,13,0.2,-
2025/04/19 18:11:35.7,長野県北部,36.42333333333333,137.89833333333334,12,-10.2,-
2025/04/19 18:12:01.5,長野県北部,36.461666666666666,137.92333333333335,13,-1,-
2025/04/19 18:12:25.6,北海道北西沖,44.58833333333333,141.74166666666667,0,-1,-
2025/04/19 18:12:48.8,長野県中部,36.455,137.94166666666666,13,-10.7,-
2025/04/19 18:16:46.5,富山湾,37.413333333333334,137.26333333333332,14,1.5,-
2025/04/19 18:18:22.9,長野県北部,36.45333333333333,137.92,11,0.7,-
2025/04/19 18:21:01.5,宮城県沖,37.885,142.57833333333335,18,1.9,-
2025/04/19 18:21:22.1,長野県中部,36.45,137.95333333333335,12,-10.1,-
2025/04/19 18:21:38.8,愛媛県南予,33.06333333333333,132.58666666666667,12,0.9,-
2025/04/19 18:21:58.6,長野県北部,36.458333333333336,137.90166666666667,12,0.2,-
2025/04/19 18:22:40.3,長野県北部,36.465,137.91,12,-10.2,-
2025/04/19 18:23:34.3,石川県能登地方,37.501666666666665,137.25833333333333,7,-10.5,-
2025/04/19 18:23:56.0,長野県北部,36.475,137.905,12,0,-
2025/04/19 18:24:21.4,能登半島沖,37.545,137.23166666666665,11,-1,-
2025/04/19 18:24:59.5,長野県中部,36.475,137.945,13,0.2,-
2025/04/19 18:25:28.7,種子島近海,30.191666666666666,130.84666666666666,9,1.4,-
2025/04/19 18:25:37.4,長野県中部,36.47666666666667,137.955,10,-10.1,-
2025/04/19 18:26:20.0,奄美大島近海,28.828333333333333,129.80833333333334,25,-1,-
2025/04/19 18:26:39.9,福島県沖,37.83833333333333,141.60333333333332,47,0.8,-
2025/04/19 18:28:10.2,長野県北部,36.45666666666666,137.91,13,0.5,-
2025/04/19 18:28:20.1,徳島県北部,34.1,134.48666666666668,13,1.6,-
2025/04/19 18:31:59.8,長野県北部,36.455,137.91833333333332,14,-10.1,-
2025/04/19 18:34:07.2,長野県中部,36.46333333333333,137.94666666666666,12,-1,-
2025/04/19 18:35:52.5,長野県北部,36.461666666666666,137.92833333333334,13,0.3,-
2025/04/19 18:37:20.0,房総半島南方沖,34.01166666666666,140.31833333333333,75,1.4,-
2025/04/19 18:38:47.1,福島県沖,37.43666666666667,141.91666666666666,38,-1,-
2025/04/19 18:39:15.9,福島県沖,37.545,142.28166666666667,28,-1,-
2025/04/19 18:39:26.3,長野県南部,35.965,138.04333333333332,7,0.8,-
2025/04/19 18:44:05.0,長野県北部,36.501666666666665,137.90333333333334,13,0.3,-
2025/04/19 18:44:28.3,奄美大島北東沖,29.403333333333332,130.76166666666666,24,2.6,-
2025/04/19 18:46:23.1,長野県中部,36.425,138.065,9,-1,-
2025/04/19 18:49:46.4,長野県中部,36.48,137.95166666666665,11,-10.3,-
2025/04/19 18:50:32.5,石川県能登地方,37.35333333333333,136.97166666666666,9,0.6,-
2025/04/19 18:52:52.1,長野県北部,36.461666666666666,137.92666666666668,13,-10.1,-
2025/04/19 18:53:35.6,宮城県沖,38.751666666666665,141.65,62,0.2,-
2025/04/19 18:54:05.5,長野県南部,35.95666666666666,138.04666666666665,7,-10.3,-
2025/04/19 18:54:42.8,長野県南部,35.96333333333333,138.04333333333332,7,0.8,-
2025/04/19 18:54:47.5,長野県北部,36.486666666666665,137.87166666666667,11,0.4,-
2025/04/19 18:55:50.5,長野県中部,36.06666666666667,137.94,6,-10.6,-
2025/04/19 18:58:39.7,長野県北部,36.471666666666664,137.90166666666667,11,0.1,-
2025/04/19 18:58:44.4,岩手県沖,39.975,142.09833333333333,41,2.1,-
2025/04/19 18:59:44.1,長野県北部,36.485,137.90166666666667,14,0.8,-
2025/04/19 19:01:30.2,長野県北部,36.45,137.91833333333332,13,0.2,-
2025/04/19 19:02:45.7,長野県北部,36.46666666666667,137.90666666666667,12,0,-
2025/04/19 19:03:33.4,長野県北部,36.47833333333333,137.91166666666666,14,-10.4,-
2025/04/19 19:05:04.1,長野県北部,36.46666666666667,137.89833333333334,10,0.1,-
2025/04/19 19:05:36.6,長野県北部,36.44833333333333,137.915,11,1.2,-
2025/04/19 19:07:12.3,根室半島南東沖,42.96333333333333,146.43,22,1.7,-
2025/04/19 19:07:19.5,長野県中部,36.47833333333333,137.94833333333332,13,-10.3,-
2025/04/19 19:11:52.4,茨城県北部,36.805,140.59166666666667,8,0.2,-
2025/04/19 19:14:08.0,新潟県上越地方,36.88333333333333,138.08333333333334,4,0.5,-
2025/04/19 19:14:09.7,茨城県沖,36.285,141.76,4,3.1,-
2025/04/19 19:14:35.2,茨城県南部,36.11333333333334,140.05333333333334,65,1.9,-
2025/04/19 19:16:20.6,奄美大島近海,27.511666666666667,129.28666666666666,18,1.5,-
2025/04/19 19:17:24.9,福島県沖,37.821666666666665,141.60833333333332,49,1.3,-
2025/04/19 19:17:32.4,千葉県東方沖,35.775,140.95833333333334,33,0.9,-
2025/04/19 19:17:51.0,日向灘,31.68,132.09666666666666,24,0.9,-
2025/04/19 19:18:45.5,能登半島沖,37.125,136.63,6,0.6,-
2025/04/19 19:19:45.6,奄美大島近海,27.538333333333334,129.23,29,1.1,-
2025/04/19 19:20:36.0,長野県中部,36.446666666666665,137.91666666666666,11,0.5,-
2025/04/19 19:21:21.7,長野県北部,36.46,137.91333333333333,13,-10.1,-
2025/04/19 19:21:32.4,長野県北部,36.485,137.90666666666667,12,0.6,-
2025/04/19 19:23:15.1,愛媛県南予,33.43333333333333,132.21333333333334,47,0.9,-
2025/04/19 19:25:33.2,国後島付近,43.571666666666665,145.62666666666667,134,1.9,-
2025/04/19 19:28:01.9,三陸沖,39.41166666666667,144.79166666666666,17,3.5,-
2025/04/19 19:29:12.3,薩摩半島西方沖,31.838333333333335,129.15666666666667,8,1.9,-
2025/04/19 19:30:15.2,熊本県天草・芦北地方,32.36,130.485,9,0.7,-
2025/04/19 19:31:31.3,茨城県沖,36.78,140.96333333333334,57,2.3,-
2025/04/19 19:33:31.3,長野県北部,36.483333333333334,137.905,15,0,-
2025/04/19 19:33:51.5,島根県東部,35.276666666666664,133.26166666666666,34,0.7,-
2025/04/19 19:35:29.7,長野県中部,36.44833333333333,137.96666666666667,9,-10.5,-
2025/04/19 19:36:25.3,長野県中部,36.45166666666667,137.95,10,0,-
2025/04/19 19:38:31.6,岩手県沖,39.425,142.35333333333332,35,0.8,-
2025/04/19 19:38:37.6,茨城県南部,35.87166666666667,140.265,36,0.5,-
2025/04/19 19:40:39.6,長野県北部,36.45333333333333,137.905,13,-10.3,-
2025/04/19 19:40:42.9,山口県北部,34.47666666666667,131.57833333333335,28,0.6,-
2025/04/19 19:41:09.4,長野県北部,36.468333333333334,137.92,13,0.5,-
2025/04/19 19:43:33.5,長野県中部,36.45166666666667,137.95666666666668,9,-10.5,-
2025/04/19 19:45:16.7,長野県北部,36.47,137.91,13,1.1,-
2025/04/19 19:48:15.2,熊本県熊本地方,32.7,130.715,17,0.2,-
2025/04/19 19:50:31.3,長野県南部,35.96666666666667,138.045,8,1.5,-
2025/04/19 19:52:04.2,長野県北部,36.48166666666667,137.90833333333333,14,0.1,-
2025/04/19 19:52:38.5,山口県北部,34.46666666666667,131.57333333333332,27,0.2,-
2025/04/19 19:54:19.5,茨城県沖,36.07,141.84,5,0.9,-
2025/04/19 19:54:52.0,福島県沖,37.63166666666667,144.71166666666667,41,2.2,-
2025/04/19 19:58:25.8,高知県中部,33.608333333333334,133.55166666666668,5,0.4,-
2025/04/19 19:58:36.0,長野県北部,36.455,137.925,17,0,-
2025/04/19 20:00:54.2,長野県北部,36.47833333333333,137.91,13,0,-
2025/04/19 20:02:12.0,長野県北部,36.47666666666667,137.90666666666667,11,0.2,-
2025/04/19 20:03:57.5,大分県中部,33.28333333333333,131.45333333333335,6,0.4,-
2025/04/19 20:04:30.4,長野県中部,36.46333333333333,137.94666666666666,14,0,-
2025/04/19 20:05:03.0,長野県北部,36.48166666666667,137.89166666666668,11,0,-
2025/04/19 20:06:15.3,三陸沖,37.92333333333333,144.415,39,1,-
2025/04/19 20:06:50.9,長野県北部,36.465,137.91166666666666,13,0.2,-
2025/04/19 20:07:01.0,三重県南部,34.026666666666664,136.14833333333334,22,0.2,-
2025/04/19 20:07:51.6,茨城県沖,36.623333333333335,141.01166666666666,43,0.9,-
2025/04/19 20:08:59.3,釧路沖,42.983333333333334,145.44166666666666,46,1.2,-
2025/04/19 20:09:11.4,山口県北部,34.475,131.575,29,0.6,-
2025/04/19 20:11:31.3,長野県北部,36.47,137.91833333333332,11,-10.1,-
2025/04/19 20:11:56.0,長野県北部,36.461666666666666,137.92333333333335,11,1.2,-
2025/04/19 20:12:25.3,長野県北部,36.455,137.925,9,2.2,-
2025/04/19 20:12:59.1,山口県北部,34.458333333333336,131.57666666666665,28,0.5,-
2025/04/19 20:13:31.8,長野県北部,36.475,137.89333333333335,12,-10.2,-
2025/04/19 20:14:49.3,山口県北部,34.46333333333333,131.56666666666666,26,0.2,-
2025/04/19 20:15:04.5,能登半島沖,37.18666666666667,136.66,10,0.3,-
2025/04/19 20:15:35.3,八丈島東方沖,33.79,141.705,13,1.3,-
2025/04/19 20:16:36.9,長野県中部,36.46666666666667,137.94833333333332,8,-10.2,-
2025/04/19 20:17:43.4,新潟県上中越沖,37.67333333333333,137.58833333333334,16,0.9,-
2025/04/19 20:20:23.7,長野県北部,36.45,137.92,13,0.2,-
2025/04/19 20:24:07.1,長野県北部,36.465,137.915,11,-10.1,-
2025/04/19 20:25:06.2,長野県北部,36.45166666666667,137.92166666666665,9,0.2,-
2025/04/19 20:25:18.7,長野県北部,36.45,137.92666666666668,12,0.3,-
2025/04/19 20:25:55.7,宮城県沖,38.2,141.53666666666666,66,0.4,-
2025/04/19 20:29:10.2,山口県北部,34.471666666666664,131.57666666666665,28,0.4,-
2025/04/19 20:29:27.6,長野県北部,36.47,137.90666666666667,13,0.2,-
2025/04/19 20:30:03.5,愛知県西部,35.346666666666664,137.06166666666667,43,0.1,-
2025/04/19 20:31:09.9,長野県北部,36.455,137.90333333333334,14,0.3,-
2025/04/19 20:31:27.6,長野県北部,36.46,137.93166666666667,12,0,-
2025/04/19 20:33:36.0,熊本県熊本地方,32.638333333333335,130.66833333333332,6,-10.2,-
2025/04/19 20:33:45.1,佐渡付近,37.94833333333333,137.73666666666668,14,0.9,-
2025/04/19 20:36:54.9,岐阜県美濃中西部,35.18333333333333,136.64166666666668,35,0.4,-
2025/04/19 20:37:08.3,石川県能登地方,37.30833333333333,136.93666666666667,12,1,-
2025/04/19 20:43:39.2,和歌山県北部,34.14666666666667,135.255,7,0.1,-
2025/04/19 20:44:02.9,長野県北部,36.475,137.91166666666666,12,1.6,-
2025/04/19 20:44:14.4,愛媛県南予,33.51833333333333,132.58166666666668,36,0.4,-
2025/04/19 20:44:54.8,和歌山県北部,34.20166666666667,135.15166666666667,6,0.9,-
2025/04/19 20:46:07.1,長野県北部,36.473333333333336,137.90833333333333,13,0.6,-
2025/04/19 20:50:12.2,長野県中部,36.455,137.94166666666666,12,0,-
2025/04/19 20:50:36.3,長野県北部,36.485,137.96666666666667,10,-10.8,-
2025/04/19 20:50:59.0,長野県中部,36.46333333333333,137.94,13,0,-
2025/04/19 20:53:29.5,岐阜県美濃中西部,35.266666666666666,136.505,7,0.6,-
2025/04/19 20:54:07.1,福岡県筑後地方,33.07333333333333,130.53666666666666,15,0.3,-
2025/04/19 20:56:50.3,静岡県西部,34.99333333333333,137.82166666666666,20,0,-
2025/04/19 21:04:48.5,愛知県西部,35.36666666666667,136.88333333333333,6,-10.4,-
2025/04/19 21:05:28.0,愛知県西部,35.36,136.88333333333333,5,-10.4,-
2025/04/19 21:05:35.8,茨城県沖,36.401666666666664,140.92833333333334,43,1.7,-
2025/04/19 21:06:40.2,長野県北部,36.46,137.92166666666665,11,0.2,-
2025/04/19 21:06:46.0,長野県北部,36.465,137.91666666666666,11,-10.1,-
2025/04/19 21:08:01.9,長野県北部,36.48166666666667,137.91833333333332,12,-10.2,-
2025/04/19 21:08:13.0,熊本県天草・芦北地方,32.17166666666667,130.35166666666666,6,-10.3,-
2025/04/19 21:08:33.1,紀伊水道,34.195,135.155,5,0,-
2025/04/19 21:10:56.4,長野県中部,36.44166666666667,137.95833333333334,11,-10.4,-
2025/04/19 21:11:31.6,岐阜県美濃中西部,35.265,136.505,6,0.1,-
2025/04/19 21:12:23.1,長野県北部,36.48,137.91166666666666,13,0.4,-
2025/04/19 21:12:30.6,長野県北部,36.48166666666667,137.91,12,0.1,-
2025/04/19 21:12:30.7,東京湾,35.611666666666665,140.07833333333335,66,0.5,-
2025/04/19 21:16:55.4,有明海,33.05833333333333,130.335,12,0.4,-
2025/04/19 21:17:32.3,新潟県上越地方,36.821666666666665,137.80333333333334,0,-10.2,-
2025/04/19 21:18:13.8,長野県北部,36.5,137.90833333333333,14,-10.5,-
2025/04/19 21:19:01.5,長野県北部,36.471666666666664,137.90166666666667,12,-10.4,-
2025/04/19 21:19:44.8,愛知県西部,35.37,136.88166666666666,8,0.8,-
2025/04/19 21:20:15.8,長野県北部,36.468333333333334,137.92166666666665,11,0.5,-
2025/04/19 21:20:48.0,福島県沖,37.24,142.195,3,1.2,-
2025/04/19 21:22:38.0,沖縄本島北西沖,27.386666666666667,127.00166666666667,136,1.6,-
2025/04/19 21:23:13.5,福島県沖,37.84166666666667,141.66166666666666,52,0.8,-
2025/04/19 21:24:35.8,長野県北部,36.46,137.92,15,-10.2,-
2025/04/19 21:25:37.3,和歌山県北部,34.195,135.33833333333334,9,0.2,-
2025/04/19 21:27:05.4,長野県北部,36.44833333333333,137.90833333333333,11,-10.6,-
2025/04/19 21:27:52.0,京都府南部,34.99166666666667,135.58,10,0.3,-
2025/04/19 21:27:55.7,長野県中部,36.461666666666666,137.94666666666666,10,0.1,-
2025/04/19 21:28:11.5,沖縄本島近海,26.546666666666667,128.75333333333333,12,1.2,-
2025/04/19 21:30:28.8,富山湾,37.42,137.29666666666665,16,0.3,-
2025/04/19 21:33:45.5,長野県北部,36.486666666666665,137.9,14,-10.3,-
2025/04/19 21:34:35.7,長野県北部,36.45166666666667,137.92333333333335,12,-10.4,-
2025/04/19 21:34:40.5,十勝沖,41.92166666666667,144.00833333333333,0,1.3,-
2025/04/19 21:34:45.4,長野県中部,36.461666666666666,137.94166666666666,10,-10.9,-
2025/04/19 21:35:35.3,長野県中部,36.47,137.96333333333334,11,-10.2,-
2025/04/19 21:35:58.0,茨城県北部,36.77,140.665,53,0.6,-
2025/04/19 21:36:21.1,長野県北部,36.46666666666667,137.92666666666668,12,0.8,-
2025/04/19 21:36:48.8,長野県北部,36.473333333333336,137.92,13,-10.2,-
2025/04/19 21:37:22.3,長野県北部,36.47,137.92166666666665,12,0.6,-
2025/04/19 21:38:12.4,沖縄本島近海,26.881666666666668,128.14833333333334,33,0.7,-
2025/04/19 21:38:37.6,宮崎県南部山沿い,32.04333333333334,131.01666666666668,8,-10.2,-
2025/04/19 21:39:11.0,石川県能登地方,37.17666666666667,136.78333333333333,15,1.4,-
2025/04/19 21:40:14.4,能登半島沖,37.54,137.22,13,0.7,-
2025/04/19 21:40:44.0,胆振地方中東部,42.535,141.97666666666666,34,0.9,-
2025/04/19 21:42:29.1,長野県中部,36.44833333333333,137.925,14,0,-
2025/04/19 21:45:33.0,長野県北部,36.47666666666667,137.905,12,0,-
2025/04/19 21:46:13.6,浦河沖,41.608333333333334,142.54,30,1.2,-
2025/04/19 21:46:27.2,熊本県天草・芦北地方,32.26833333333333,130.40833333333333,12,0,-
2025/04/19 21:47:59.6,福島県沖,37.32666666666667,142.365,5,1.8,-
2025/04/19 21:52:40.7,長野県南部,35.96333333333333,138.04333333333332,7,0.7,-
2025/04/19 21:52:57.5,熊本県天草・芦北地方,32.218333333333334,130.43333333333334,6,-10.1,-
2025/04/19 21:53:52.5,長野県北部,36.46666666666667,137.92166666666665,13,-10.3,-
2025/04/19 21:54:22.9,山梨県中・西部,35.88,138.69833333333332,7,0.3,-
2025/04/19 21:54:58.7,長野県北部,36.465,137.92666666666668,14,-10.4,-
2025/04/19 21:56:51.2,三陸沖,39.016666666666666,144.63666666666666,14,1.4,-
2025/04/19 21:57:19.4,十勝地方中部,42.81333333333333,143.31166666666667,107,0.6,-
2025/04/19 21:58:29.9,島根県西部,34.75666666666667,132.06,9,0.9,-
2025/04/19 21:59:46.8,長野県北部,36.428333333333335,137.90333333333334,12,-10.2,-
2025/04/19 22:00:25.3,関東東方沖,36.74666666666667,144.085,29,2.1,-
2025/04/19 22:01:12.0,長野県中部,36.45166666666667,137.97,9,-10.4,-
2025/04/19 22:06:19.2,三陸沖,38.255,144.82666666666665,26,1.7,-
2025/04/19 22:08:00.0,日向灘,32.66833333333334,132.27,37,0.7,-
2025/04/19 22:08:21.3,岐阜県飛騨地方,36.02333333333333,137.545,9,-10.2,-
2025/04/19 22:09:13.4,関東東方沖,36.77166666666667,144.04333333333332,30,1.4,-
2025/04/19 22:09:35.0,西表島付近,24.401666666666667,123.78666666666666,11,0.9,-
2025/04/19 22:11:17.4,長野県北部,36.468333333333334,137.90666666666667,12,0.1,-
2025/04/19 22:12:17.2,愛知県東部,35.163333333333334,137.62333333333333,12,-10.4,-
2025/04/19 22:13:47.1,沖縄本島近海,26.888333333333332,128.58333333333334,13,1.1,-
2025/04/19 22:15:23.9,長野県北部,36.48,137.91166666666666,13,0.5,-
2025/04/19 22:16:17.1,関東東方沖,36.76833333333333,144.04333333333332,28,2,-
2025/04/19 22:16:28.7,茨城県南部,36.085,140.08833333333334,61,0.3,-
2025/04/19 22:17:42.8,長野県北部,36.471666666666664,137.91333333333333,12,1.2,-
2025/04/19 22:17:50.0,新潟県中越地方,37.21333333333333,138.75,26,1.2,-
2025/04/19 22:17:51.2,紀伊水道,34.178333333333335,135.15333333333334,8,0,-
2025/04/19 22:18:38.0,福島県沖,36.71666666666667,141.83666666666667,22,1.5,-
2025/04/19 22:19:57.0,宮城県沖,37.94833333333333,142.41,25,1.3,-
2025/04/19 22:22:14.3,宮城県沖,38.346666666666664,142.15666666666667,38,1,-
2025/04/19 22:23:12.7,石川県西方沖,37.06333333333333,136.38333333333333,8,0.9,-
2025/04/19 22:23:13.1,長野県北部,36.483333333333334,137.92333333333335,13,-10.3,-
2025/04/19 22:23:34.3,長野県北部,36.46,137.91833333333332,13,0.1,-
2025/04/19 22:24:00.3,長野県北部,36.46666666666667,137.92,11,1.6,-
2025/04/19 22:24:15.9,三重県南部,34.09,136.31166666666667,8,0,-
2025/04/19 22:25:13.2,関東東方沖,36.77,144.04,32,1.4,-
2025/04/19 22:25:47.2,石川県能登地方,37.33833333333333,137,9,2.3,-
2025/04/19 22:29:28.0,長野県中部,36.45166666666667,137.97,11,-10.7,-
2025/04/19 22:32:24.3,福井県嶺南,35.44833333333333,135.895,12,0.3,-
2025/04/19 22:32:38.1,福島県沖,37.12166666666667,141.95666666666668,28,1.5,-
2025/04/19 22:33:54.1,長野県北部,36.45666666666666,137.91333333333333,12,-10.3,-
2025/04/19 22:34:46.6,奈良県,34.42666666666667,135.72666666666666,9,1.3,-
2025/04/19 22:35:15.9,茨城県北部,36.81333333333333,140.59333333333333,6,0.7,-
2025/04/19 22:38:03.7,茨城県沖,36.43666666666667,141.13666666666666,33,0.9,-
2025/04/19 22:38:39.8,島根県西部,34.99,132.38,7,0.2,-
2025/04/19 22:39:35.2,台湾付近,24.611666666666668,121.89166666666667,64,3.2,-
2025/04/19 22:40:13.7,長野県北部,36.48166666666667,137.91,12,2,-
2025/04/19 22:40:25.2,佐渡付近,38.413333333333334,137.73,24,2.1,-
2025/04/19 22:41:06.5,新潟県中越地方,37.12833333333333,138.80333333333334,13,0.8,-
2025/04/19 22:41:46.3,福島県沖,37.85666666666667,141.65833333333333,52,0.9,-
2025/04/19 22:43:08.2,岩手県沖,39.44166666666667,142.53833333333333,33,1,-
2025/04/19 22:43:09.2,釧路地方中南部,43.21,143.88666666666666,139,1.7,-
2025/04/19 22:43:38.9,長野県北部,36.475,137.89833333333334,13,0.2,-
2025/04/19 22:44:53.9,茨城県北部,36.87,140.61833333333334,5,0.2,-
2025/04/19 22:48:31.8,山梨県中・西部,35.88166666666667,138.69833333333332,8,0.4,-
2025/04/19 22:50:13.4,長野県北部,36.685,138.06833333333333,13,0.2,-
2025/04/19 22:50:24.8,福島県沖,37.873333333333335,141.63333333333333,47,0.7,-
2025/04/19 22:53:12.2,長野県中部,36.443333333333335,137.935,9,-10.6,-
2025/04/19 22:59:26.7,新潟県中越地方,37.21666666666667,138.78166666666667,27,0.8,-
2025/04/19 23:00:44.6,愛知県西部,34.928333333333335,137.09,35,1.2,-
2025/04/19 23:01:22.9,長野県北部,36.468333333333334,137.895,12,-10.1,-
2025/04/19 23:01:47.3,長野県北部,36.471666666666664,137.90833333333333,12,1.6,-
2025/04/19 23:02:19.8,長野県中部,36.42,138.07,7,0.2,-
2025/04/19 23:02:50.5,奄美大島近海,28.786666666666665,129.885,24,1.9,-
2025/04/19 23:03:43.4,北海道西方沖,43.57333333333333,140.4,11,1.5,-
2025/04/19 23:04:14.2,能登半島沖,37.575,137.22666666666666,11,0.3,-
2025/04/19 23:06:31.9,三陸沖,39.406666666666666,144.82,17,2,-
2025/04/19 23:06:50.9,長野県北部,36.44833333333333,137.91166666666666,10,-10.3,-
2025/04/19 23:07:56.1,石川県能登地方,37.32333333333333,136.86666666666667,10,0.4,-
2025/04/19 23:09:01.0,熊本県熊本地方,32.70666666666666,130.76666666666668,10,0.3,-
2025/04/19 23:09:01.2,石川県能登地方,37.318333333333335,136.87166666666667,8,0.3,-
2025/04/19 23:09:50.2,長野県北部,36.46333333333333,137.91666666666666,12,0.6,-
2025/04/19 23:10:21.8,青森県東方沖,41.568333333333335,142.77,31,3.4,-
2025/04/19 23:11:00.2,長野県中部,36.443333333333335,137.94666666666666,11,-10.7,-
2025/04/19 23:11:11.4,長野県北部,36.47666666666667,137.91166666666666,12,0.6,-
2025/04/19 23:13:59.9,熊本県天草・芦北地方,32.425,130.53166666666667,12,2.2,-
2025/04/19 23:14:55.1,熊本県天草・芦北地方,32.425,130.535,10,0.2,-
2025/04/19 23:15:45.6,トカラ列島近海,29.571666666666665,129.73166666666665,0,2.3,-
2025/04/19 23:17:17.5,トカラ列島近海,29.568333333333335,129.72,0,1.9,-
2025/04/19 23:20:03.5,長野県北部,36.47666666666667,137.91333333333333,13,1.2,-
2025/04/19 23:20:58.0,和歌山県北部,33.998333333333335,135.15166666666667,8,0.6,-
2025/04/19 23:21:53.8,長野県北部,36.468333333333334,137.91333333333333,12,-10.1,-
2025/04/19 23:23:23.8,山口県北部,34.47,131.575,27,0.5,-
2025/04/19 23:25:28.1,長野県北部,36.48833333333334,137.90333333333334,12,0.5,-
2025/04/19 23:25:37.6,長野県北部,36.48833333333334,137.88666666666666,11,0,-
2025/04/19 23:26:11.3,関東東方沖,36.76166666666667,144.04,22,1.3,-
2025/04/19 23:27:32.9,山口県北部,34.44833333333333,131.57833333333335,30,-10.1,-
2025/04/19 23:27:37.7,天草灘,32.545,129.81166666666667,10,2,-
2025/04/19 23:28:33.6,天草灘,32.55166666666667,129.825,9,0.3,-
2025/04/19 23:29:40.5,山口県北部,34.468333333333334,131.57166666666666,27,0,-
2025/04/19 23:32:00.8,岐阜県美濃中西部,35.67,137.04333333333332,6,0.4,-
2025/04/19 23:32:07.7,宮崎県南部山沿い,31.95,130.89666666666668,0,0.5,-
2025/04/19 23:34:04.8,長野県北部,36.48,137.89833333333334,11,0.2,-
2025/04/19 23:35:01.6,大分県中部,33.37,131.53666666666666,12,0.2,-
2025/04/19 23:36:54.0,山梨県中・西部,35.88166666666667,138.7,7,-10.1,-
2025/04/19 23:37:18.3,日向灘,31.605,131.82,17,1,-
2025/04/19 23:39:11.7,長野県中部,36.44166666666667,137.95333333333335,12,-10.4,-
2025/04/19 23:39:58.9,台湾付近,23.263333333333332,120.39333333333333,0,3.5,-
2025/04/19 23:40:17.1,長野県北部,36.45333333333333,137.91666666666666,12,0.2,-
2025/04/19 23:40:37.0,京都府南部,34.92333333333333,135.56166666666667,13,0,-
2025/04/19 23:40:45.4,京都府南部,34.92166666666667,135.56333333333333,14,1.2,-
2025/04/19 23:42:34.9,宮城県沖,38.25833333333333,142.595,34,0.9,-
2025/04/19 23:44:39.3,長野県北部,36.48,137.91166666666666,13,0.2,-
2025/04/19 23:45:58.6,熊本県天草・芦北地方,32.38333333333333,130.50333333333333,8,-10.4,-
2025/04/19 23:47:10.3,福島県沖,37.08833333333333,141.94833333333332,22,1.2,-
2025/04/19 23:47:45.2,山梨県中・西部,35.88333333333333,138.7,7,0.4,-
2025/04/19 23:48:01.3,種子島近海,30.403333333333332,131.265,27,1.3,-
2025/04/19 23:48:04.7,豊後水道,33.135,132.11666666666667,46,0.7,-
2025/04/19 23:48:59.9,長野県南部,35.965,138.04666666666665,8,0.3,-
2025/04/19 23:50:20.6,福島県会津,36.97833333333333,139.38333333333333,4,1.2,-
2025/04/19 23:52:05.0,秋田県内陸北部,39.928333333333335,140.63166666666666,5,0,-
2025/04/19 23:52:10.7,栃木県北部,36.82666666666667,139.64,8,0.6,-
2025/04/19 23:55:28.4,三陸沖,38.46,144.69666666666666,20,1.1,-
2025/04/19 23:56:09.9,長野県北部,36.47,137.96666666666667,9,-10.9,-
2025/04/19 23:57:55.1,長野県北部,36.473333333333336,137.92166666666665,12,0,-
2025/04/19 23:59:28.3,日高地方中部,42.5,142.51666666666668,28,-10.1,-
2025/04/19 23:59:29.7,福島県沖,37.85166666666667,141.58666666666667,48,2.3,-
