地震の発生日,地震の発生時刻,震央地名,緯度,経度,深さ,Ｍ,最大震度
2024/01/03,00:00:47.9,能登半島沖,37°27.2′N,136°48.1′E,11 km,1.6,---
2024/01/03,00:00:55.0,能登半島沖,37°25.0′N,136°56.5′E,0 km,1.8,---
2024/01/03,00:01:16.1,有明海,32°55.9′N,130°23.5′E,6 km,-10.3,---
2024/01/03,00:01:30.0,能登半島沖,37°32.8′N,137°17.0′E,16 km,2,---
2024/01/03,00:01:34.6,佐渡付近,37°52.2′N,137°46.7′E,24 km,2.1,---
2024/01/03,00:01:52.4,能登半島沖,37°36.8′N,137°18.1′E,9 km,2.6,---
2024/01/03,00:02:16.3,熊本県球磨地方,32°19.7′N,130°38.6′E,11 km,-10.6,---
2024/01/03,00:02:33.1,石川県能登地方,37°23.1′N,136°52.3′E,2 km,1.7,---
2024/01/03,00:02:54.5,佐渡付近,37°49.9′N,137°44.8′E,17 km,3,---
2024/01/03,00:03:00.7,浦河沖,42°0.2′N,142°42.9′E,36 km,1.2,---
2024/01/03,00:03:41.9,熊本県熊本地方,32°22.8′N,130°41.2′E,11 km,-10.1,---
2024/01/03,00:04:39.7,石川県能登地方,37°24.5′N,137°9.5′E,10 km,1.2,---
2024/01/03,00:04:40.6,石川県能登地方,37°12.7′N,136°44.3′E,11 km,2.1,---
2024/01/03,00:04:48.7,熊本県天草・芦北地方,32°9.6′N,130°30.1′E,6 km,-10.4,---
2024/01/03,00:05:02.3,福島県沖,37°49.7′N,141°36.6′E,48 km,0.7,---
2024/01/03,00:05:25.9,能登半島沖,37°34.1′N,137°15.0′E,13 km,1.9,---
2024/01/03,00:05:35.1,能登半島沖,37°27.9′N,136°23.2′E,0 km,2.4,---
2024/01/03,00:05:49.1,福島県沖,37°33.3′N,142°16.1′E,30 km,1.2,---
2024/01/03,00:05:57.7,台湾付近,23°14.0′N,121°33.1′E,42 km,3.9,---
2024/01/03,00:06:07.4,石川県能登地方,37°12.2′N,136°44.2′E,5 km,1.9,---
2024/01/03,00:06:24.1,石川県能登地方,37°18.2′N,136°47.2′E,0 km,1.3,---
2024/01/03,00:06:46.7,富山県東部,36°38.8′N,137°45.9′E,3 km,0.7,---
2024/01/03,00:07:18.7,石川県能登地方,37°21.9′N,136°53.6′E,2 km,1.7,---
2024/01/03,00:07:21.9,佐渡付近,37°52.3′N,137°44.7′E,20 km,2,---
2024/01/03,00:07:54.3,石川県能登地方,37°21.3′N,136°48.5′E,10 km,2.1,---
2024/01/03,00:08:17.3,石川県能登地方,37°8.9′N,136°45.0′E,3 km,2.7,---
2024/01/03,00:09:28.0,能登半島沖,37°33.4′N,137°10.2′E,8 km,2,---
2024/01/03,00:09:49.1,石川県能登地方,37°21.6′N,136°52.7′E,3 km,1.8,---
2024/01/03,00:10:09.8,石川県能登地方,37°14.2′N,136°45.5′E,5 km,1.8,---
2024/01/03,00:12:17.4,石川県能登地方,37°30.4′N,137°12.4′E,13 km,1.9,---
2024/01/03,00:12:31.1,石川県能登地方,37°19.1′N,136°53.7′E,12 km,1.9,---
2024/01/03,00:12:47.2,能登半島沖,37°9.5′N,136°35.5′E,7 km,2.5,---
2024/01/03,00:13:00.1,石川県能登地方,37°20.2′N,136°54.1′E,0 km,2.8,---
2024/01/03,00:14:20.3,石川県能登地方,37°27.1′N,137°13.9′E,11 km,1.6,---
2024/01/03,00:14:46.1,佐渡付近,37°53.1′N,137°48.6′E,17 km,2.2,---
2024/01/03,00:16:13.3,石川県能登地方,37°11.4′N,136°44.4′E,0 km,2,---
2024/01/03,00:17:12.4,石川県能登地方,37°22.6′N,136°52.5′E,8 km,2.6,---
2024/01/03,00:18:01.1,能登半島沖,37°29.6′N,137°23.5′E,11 km,2,---
2024/01/03,00:18:40.3,能登半島沖,37°32.5′N,136°32.5′E,18 km,2,---
2024/01/03,00:19:16.6,石川県能登地方,37°23.0′N,137°13.8′E,12 km,1.7,---
2024/01/03,00:20:37.0,能登半島沖,37°35.6′N,137°25.5′E,9 km,2.4,---
2024/01/03,00:21:18.3,茨城県沖,36°10.2′N,141°19.6′E,5 km,1.2,---
2024/01/03,00:21:22.7,能登半島沖,37°32.3′N,137°29.7′E,14 km,1.7,---
2024/01/03,00:21:33.7,日向灘,32°44.0′N,132°0.2′E,37 km,0.4,---
2024/01/03,00:22:09.4,石川県能登地方,37°22.6′N,136°56.2′E,8 km,1.7,---
2024/01/03,00:22:30.9,石川県能登地方,37°29.5′N,137°18.3′E,10 km,2.1,---
2024/01/03,00:22:47.1,新潟県上中越沖,37°41.2′N,137°37.3′E,15 km,2.6,---
2024/01/03,00:24:00.8,石川県能登地方,37°13.5′N,136°44.4′E,11 km,3.5,---
2024/01/03,00:24:52.6,石川県能登地方,37°15.7′N,136°49.5′E,10 km,2.5,---
2024/01/03,00:25:30.1,石川県能登地方,37°19.7′N,136°47.0′E,9 km,1.9,---
2024/01/03,00:25:38.9,能登半島沖,37°18.8′N,136°43.5′E,3 km,2.2,---
2024/01/03,00:25:59.3,石川県能登地方,37°28.5′N,137°13.7′E,10 km,2.8,---
2024/01/03,00:26:24.3,石川県能登地方,37°27.5′N,137°10.9′E,13 km,2.7,---
2024/01/03,00:27:02.9,石川県能登地方,37°14.5′N,136°50.4′E,11 km,1.9,---
2024/01/03,00:27:14.7,愛媛県東予,33°58.2′N,132°54.8′E,11 km,0.2,---
2024/01/03,00:27:55.4,石川県能登地方,37°11.3′N,136°43.5′E,6 km,1.5,---
2024/01/03,00:28:21.9,佐渡付近,37°47.8′N,137°45.5′E,16 km,2.1,---
2024/01/03,00:28:40.1,福島県会津,37°46.5′N,139°58.7′E,12 km,0.7,---
2024/01/03,00:29:18.5,佐渡付近,37°43.2′N,137°39.9′E,8 km,2.1,---
2024/01/03,00:29:36.9,千葉県北西部,35°42.4′N,140°0.5′E,69 km,3.2,---
2024/01/03,00:29:45.2,佐渡付近,37°51.2′N,137°46.0′E,17 km,2,---
2024/01/03,00:30:56.9,石川県能登地方,37°28.4′N,137°6.3′E,11 km,1.8,---
2024/01/03,00:31:23.1,大阪府北部,34°52.1′N,135°34.9′E,11 km,0.6,---
2024/01/03,00:31:46.1,石川県能登地方,37°20.6′N,136°51.9′E,0 km,1.3,---
2024/01/03,00:32:24.3,石川県能登地方,37°12.3′N,136°48.5′E,8 km,1.9,---
2024/01/03,00:32:46.2,石川県能登地方,37°17.7′N,136°49.5′E,4 km,1.9,---
2024/01/03,00:32:54.2,石川県能登地方,37°19.6′N,136°47.5′E,7 km,2.5,---
2024/01/03,00:33:56.4,能登半島沖,37°39.3′N,137°29.4′E,9 km,1.7,---
2024/01/03,00:34:00.5,静岡県西部,34°52.2′N,137°48.9′E,20 km,0.1,---
2024/01/03,00:34:27.7,三陸沖,37°55.9′N,143°58.7′E,18 km,2.4,---
2024/01/03,00:34:33.6,西表島付近,24°31.4′N,123°28.5′E,17 km,1.3,---
2024/01/03,00:34:48.1,佐渡付近,37°55.6′N,137°47.9′E,11 km,2.3,---
2024/01/03,00:35:06.2,新潟県上中越沖,37°40.4′N,137°35.2′E,14 km,2.2,---
2024/01/03,00:35:42.3,石川県能登地方,37°28.8′N,137°13.6′E,9 km,2,---
2024/01/03,00:36:00.7,石川県能登地方,37°30.4′N,137°14.1′E,10 km,1.9,---
2024/01/03,00:36:05.1,石川県能登地方,37°9.7′N,136°41.8′E,7 km,2.4,---
2024/01/03,00:36:25.2,長野県中部,36°12.5′N,137°57.3′E,8 km,0.9,---
2024/01/03,00:36:54.3,能登半島沖,37°16.1′N,136°41.9′E,4 km,1.6,---
2024/01/03,00:37:19.3,石川県能登地方,37°17.4′N,136°49.5′E,9 km,2.5,---
2024/01/03,00:38:19.5,橘湾,32°42.2′N,130°6.3′E,14 km,0.2,---
2024/01/03,00:38:19.6,豊後水道,33°5.9′N,132°5.8′E,45 km,0.3,---
2024/01/03,00:38:33.6,石川県能登地方,37°30.7′N,137°14.0′E,13 km,1.7,---
2024/01/03,00:38:49.9,石川県能登地方,37°29.4′N,137°18.8′E,10 km,1.8,---
2024/01/03,00:39:12.7,日向灘,31°29.4′N,132°6.5′E,35 km,1,---
2024/01/03,00:39:14.0,能登半島沖,37°37.7′N,137°26.1′E,11 km,1.5,---
2024/01/03,00:39:17.0,石川県能登地方,37°19.0′N,136°47.6′E,10 km,1.8,---
2024/01/03,00:39:27.1,石川県能登地方,37°20.0′N,136°58.4′E,15 km,2,---
2024/01/03,00:40:17.2,石川県能登地方,37°23.4′N,136°59.6′E,19 km,1.6,---
2024/01/03,00:40:27.1,宮城県沖,37°48.7′N,142°2.1′E,39 km,1.6,---
2024/01/03,00:40:51.2,静岡県西部,35°3.3′N,137°50.9′E,24 km,0.5,---
2024/01/03,00:41:23.8,石川県能登地方,37°20.9′N,136°59.6′E,5 km,1.6,---
2024/01/03,00:41:41.2,能登半島沖,37°7.6′N,136°40.3′E,13 km,1.5,---
2024/01/03,00:42:04.1,石川県能登地方,37°13.3′N,136°43.5′E,12 km,1.8,---
2024/01/03,00:42:30.5,石川県能登地方,37°23.8′N,137°1.9′E,10 km,2,---
2024/01/03,00:42:51.0,能登半島沖,37°33.8′N,136°59.7′E,65 km,2.8,---
2024/01/03,00:43:53.7,能登半島沖,37°31.4′N,137°7.6′E,16 km,2.1,---
2024/01/03,00:44:22.9,石川県能登地方,37°12.3′N,136°44.2′E,4 km,1.8,---
2024/01/03,00:44:26.8,石川県能登地方,37°27.7′N,137°5.2′E,10 km,2.2,---
2024/01/03,00:44:31.7,長野県中部,35°59.6′N,138°5.8′E,13 km,0.1,---
2024/01/03,00:45:19.2,能登半島沖,37°11.7′N,136°37.6′E,0 km,1.1,---
2024/01/03,00:45:33.3,石川県能登地方,37°16.1′N,136°47.1′E,9 km,1.1,---
2024/01/03,00:46:14.3,能登半島沖,37°32.6′N,137°17.5′E,8 km,1.5,---
2024/01/03,00:46:37.3,石川県能登地方,37°9.7′N,136°43.0′E,5 km,1.6,---
2024/01/03,00:47:36.7,石川県能登地方,37°27.6′N,137°8.3′E,11 km,1.9,---
2024/01/03,00:48:13.0,新潟県上中越沖,37°37.6′N,137°30.4′E,19 km,2.2,---
2024/01/03,00:49:26.6,石川県能登地方,37°12.4′N,136°50.6′E,12 km,2.4,---
2024/01/03,00:50:23.3,能登半島沖,37°31.8′N,137°12.6′E,8 km,2.6,---
2024/01/03,00:50:50.4,石川県能登地方,37°20.1′N,136°52.4′E,9 km,2.2,---
2024/01/03,00:51:17.1,根室地方中部,43°23.1′N,145°17.4′E,81 km,1,---
2024/01/03,00:51:24.4,能登半島沖,37°33.1′N,137°23.0′E,9 km,2.8,---
2024/01/03,00:52:32.7,石川県能登地方,37°26.8′N,137°13.5′E,15 km,1.8,---
2024/01/03,00:53:14.7,石川県能登地方,37°9.0′N,136°42.1′E,7 km,1.6,---
2024/01/03,00:53:17.3,能登半島沖,37°33.8′N,137°18.4′E,0 km,1.8,---
2024/01/03,00:53:39.5,佐渡付近,37°49.5′N,137°44.2′E,19 km,2.2,---
2024/01/03,00:54:14.0,能登半島沖,37°33.5′N,137°23.4′E,1 km,2.1,---
2024/01/03,00:54:43.6,石川県能登地方,37°23.2′N,136°59.8′E,5 km,2.6,---
2024/01/03,00:55:35.1,能登半島沖,37°34.2′N,137°24.9′E,1 km,1.5,---
2024/01/03,00:56:11.1,石川県能登地方,37°17.1′N,136°51.4′E,0 km,1.4,---
2024/01/03,00:56:19.1,石川県能登地方,37°15.9′N,136°50.5′E,14 km,1.6,---
2024/01/03,00:56:46.9,石川県能登地方,37°11.9′N,136°47.4′E,0 km,1.3,---
2024/01/03,00:57:19.6,石川県能登地方,37°19.8′N,136°44.7′E,0 km,1.8,---
2024/01/03,00:57:28.8,佐渡付近,37°47.3′N,138°2.7′E,20 km,1.2,---
2024/01/03,00:58:02.6,長野県中部,36°13.7′N,137°41.1′E,11 km,-10.1,---
2024/01/03,00:58:22.8,宮古島近海,25°11.6′N,125°49.4′E,27 km,3,---
2024/01/03,00:58:31.7,新潟県上中越沖,37°40.7′N,137°39.6′E,12 km,1.9,---
2024/01/03,00:58:32.8,高知県東部,33°37.6′N,134°7.4′E,15 km,-10.3,---
2024/01/03,00:59:17.3,沖縄本島近海,26°53.4′N,128°33.4′E,17 km,2.8,---
2024/01/03,00:59:18.5,能登半島沖,37°25.1′N,136°58.1′E,14 km,1.4,---
2024/01/03,00:59:33.2,能登半島沖,37°34.0′N,137°6.0′E,13 km,2.4,---
2024/01/03,01:00:08.8,石川県能登地方,37°20.9′N,136°56.0′E,10 km,2.7,---
2024/01/03,01:00:55.9,石川県能登地方,37°24.0′N,137°7.8′E,9 km,1.6,---
2024/01/03,01:01:25.8,石川県能登地方,37°30.4′N,137°16.0′E,14 km,1.6,---
2024/01/03,01:01:28.9,群馬県南部,36°33.2′N,139°22.5′E,7 km,0.7,---
2024/01/03,01:01:37.3,能登半島沖,37°33.0′N,137°22.2′E,9 km,3.1,---
2024/01/03,01:01:45.3,日高地方東部,42°19.9′N,143°2.6′E,54 km,0.8,---
2024/01/03,01:02:13.2,福島県中通り,36°49.2′N,140°30.9′E,8 km,0.1,---
2024/01/03,01:02:35.7,石川県能登地方,37°10.7′N,136°44.9′E,9 km,1.6,---
2024/01/03,01:02:38.1,石川県能登地方,37°21.3′N,136°48.6′E,11 km,3.1,---
2024/01/03,01:03:16.5,石川県能登地方,37°11.6′N,136°46.3′E,5 km,2,---
2024/01/03,01:03:49.3,能登半島沖,37°15.8′N,136°42.2′E,14 km,1.6,---
2024/01/03,01:04:07.8,能登半島沖,37°31.7′N,137°9.8′E,21 km,1.5,---
2024/01/03,01:04:51.9,石川県能登地方,37°12.5′N,136°48.4′E,9 km,1.1,---
2024/01/03,01:05:18.2,石川県能登地方,37°12.0′N,136°44.5′E,4 km,1.7,---
2024/01/03,01:05:40.0,千葉県南部,35°9.7′N,140°11.4′E,14 km,1.3,---
2024/01/03,01:05:57.3,能登半島沖,37°34.4′N,137°15.5′E,11 km,1.4,---
2024/01/03,01:06:29.3,宮城県沖,38°3.5′N,141°59.4′E,41 km,0.9,---
2024/01/03,01:06:30.9,新潟県上中越沖,37°24.0′N,137°55.2′E,19 km,1.8,---
2024/01/03,01:06:32.2,能登半島沖,37°35.5′N,137°25.8′E,0 km,1.6,---
2024/01/03,01:06:41.0,佐渡付近,37°44.9′N,137°41.6′E,14 km,2.1,---
2024/01/03,01:06:46.8,能登半島沖,37°9.2′N,136°40.1′E,11 km,1.7,---
2024/01/03,01:07:22.0,能登半島沖,37°12.6′N,136°41.3′E,6 km,1.8,---
2024/01/03,01:08:19.0,佐渡付近,37°50.6′N,137°43.3′E,21 km,3.1,---
2024/01/03,01:08:39.8,石川県能登地方,37°21.9′N,136°53.5′E,12 km,2.3,---
2024/01/03,01:08:59.8,石川県能登地方,37°22.6′N,137°0.1′E,5 km,2.1,---
2024/01/03,01:09:25.7,石川県能登地方,37°24.7′N,136°53.5′E,9 km,2.5,---
2024/01/03,01:10:12.0,能登半島沖,37°35.3′N,137°25.4′E,10 km,2.7,---
2024/01/03,01:10:27.0,能登半島沖,37°7.3′N,136°39.0′E,9 km,2.9,---
2024/01/03,01:12:25.3,新潟県中越地方,37°10.7′N,138°57.9′E,3 km,2.1,---
2024/01/03,01:12:52.7,石川県能登地方,37°11.7′N,137°0.5′E,26 km,0.9,---
2024/01/03,01:13:02.5,佐渡付近,37°48.9′N,137°39.8′E,11 km,2.1,---
2024/01/03,01:13:30.4,石川県能登地方,37°12.3′N,136°42.8′E,3 km,3.3,---
2024/01/03,01:14:30.8,石川県能登地方,37°23.3′N,136°51.1′E,8 km,1.9,---
2024/01/03,01:14:40.0,福島県沖,37°50.1′N,141°35.9′E,47 km,1.1,---
2024/01/03,01:14:46.3,佐渡付近,37°42.2′N,137°33.6′E,18 km,2.2,---
2024/01/03,01:15:38.4,能登半島沖,37°24.1′N,136°43.1′E,10 km,2.1,---
2024/01/03,01:15:47.1,石川県能登地方,37°22.7′N,136°54.6′E,6 km,2.2,---
2024/01/03,01:16:02.8,佐渡付近,37°52.8′N,137°48.9′E,17 km,2.3,---
2024/01/03,01:16:31.1,能登半島沖,37°10.5′N,136°38.9′E,3 km,2.6,---
2024/01/03,01:16:56.5,石川県能登地方,37°11.8′N,136°44.9′E,7 km,2.1,---
2024/01/03,01:17:19.5,能登半島沖,37°26.5′N,137°1.9′E,6 km,1.8,---
2024/01/03,01:18:28.1,能登半島沖,37°7.7′N,136°43.6′E,10 km,0.8,---
2024/01/03,01:18:57.9,石川県能登地方,37°26.4′N,137°13.8′E,13 km,1.6,---
2024/01/03,01:19:06.7,宮古島近海,24°34.1′N,125°40.4′E,49 km,1.6,---
2024/01/03,01:19:40.9,神奈川県西部,35°13.7′N,139°0.3′E,2 km,0.8,---
2024/01/03,01:19:41.8,宮城県沖,38°8.0′N,141°44.1′E,55 km,0.6,---
2024/01/03,01:19:57.0,能登半島沖,37°11.0′N,136°40.3′E,10 km,1.5,---
2024/01/03,01:19:57.3,能登半島沖,37°30.3′N,137°8.3′E,7 km,1.3,---
2024/01/03,01:21:10.1,能登半島沖,37°9.0′N,136°38.9′E,3 km,3.5,---
2024/01/03,01:22:28.4,能登半島沖,37°10.7′N,136°39.9′E,6 km,1.6,---
2024/01/03,01:22:34.3,佐渡付近,37°53.4′N,137°47.6′E,20 km,2.3,---
2024/01/03,01:23:19.2,佐渡付近,37°47.5′N,138°4.6′E,19 km,2.1,---
2024/01/03,01:23:59.7,石川県能登地方,37°22.0′N,136°52.7′E,11 km,2.4,---
2024/01/03,01:24:41.9,能登半島沖,37°22.9′N,136°43.2′E,11 km,1.7,---
2024/01/03,01:24:55.3,石川県能登地方,37°22.9′N,137°6.0′E,11 km,2.1,---
2024/01/03,01:24:57.0,四国沖,33°28.4′N,134°16.5′E,31 km,1,---
2024/01/03,01:25:17.5,石川県能登地方,37°10.3′N,136°41.8′E,2 km,2.6,---
2024/01/03,01:27:18.4,石川県能登地方,37°21.2′N,136°48.6′E,12 km,1.7,---
2024/01/03,01:27:22.9,鹿児島県薩摩地方,31°51.7′N,130°18.9′E,9 km,-10.1,---
2024/01/03,01:27:24.4,新潟県中越地方,37°11.2′N,138°58.2′E,6 km,0.3,---
2024/01/03,01:27:53.0,石川県能登地方,37°24.7′N,137°3.4′E,9 km,2.5,---
2024/01/03,01:28:51.1,石川県能登地方,37°16.1′N,136°49.5′E,7 km,1.2,---
2024/01/03,01:29:01.2,石川県能登地方,37°12.5′N,136°44.1′E,6 km,2,---
2024/01/03,01:29:36.5,宮城県沖,37°56.3′N,141°48.3′E,53 km,2.4,---
2024/01/03,01:29:49.6,能登半島沖,37°9.6′N,136°39.7′E,6 km,1.6,---
2024/01/03,01:30:06.8,佐渡付近,37°46.9′N,137°39.0′E,17 km,2.2,---
2024/01/03,01:30:39.8,能登半島沖,37°26.3′N,136°54.6′E,13 km,1.8,---
2024/01/03,01:30:54.7,石川県能登地方,37°20.0′N,136°57.9′E,9 km,2.4,---
2024/01/03,01:31:35.7,佐渡付近,37°50.8′N,137°46.5′E,19 km,2.4,---
2024/01/03,01:31:36.9,能登半島沖,37°28.6′N,136°50.9′E,18 km,1.9,---
2024/01/03,01:32:47.0,石川県能登地方,37°22.3′N,137°4.1′E,12 km,1.6,---
2024/01/03,01:33:23.3,能登半島沖,37°30.8′N,136°56.9′E,37 km,1.9,---
2024/01/03,01:33:51.0,石川県能登地方,37°11.9′N,136°42.0′E,6 km,2.2,---
2024/01/03,01:34:12.0,石川県能登地方,37°17.4′N,136°47.7′E,7 km,1.6,---
2024/01/03,01:35:10.3,石川県能登地方,37°27.3′N,137°15.3′E,11 km,1.6,---
2024/01/03,01:36:00.9,福島県中通り,37°2.6′N,140°36.7′E,8 km,-10.1,---
2024/01/03,01:36:04.3,石川県能登地方,37°21.1′N,136°57.0′E,8 km,1.2,---
2024/01/03,01:37:08.6,佐渡付近,37°45.1′N,137°32.3′E,20 km,1.8,---
2024/01/03,01:37:12.9,沖縄本島近海,26°53.7′N,128°32.9′E,17 km,0.9,---
2024/01/03,01:38:13.3,石川県能登地方,37°9.6′N,136°41.3′E,7 km,1.4,---
2024/01/03,01:39:25.0,石川県能登地方,37°27.9′N,137°8.8′E,10 km,2.7,---
2024/01/03,01:40:01.3,能登半島沖,37°34.2′N,137°27.5′E,2 km,1.8,---
2024/01/03,01:40:54.9,石川県能登地方,37°22.1′N,137°3.9′E,12 km,1.6,---
2024/01/03,01:41:31.2,石川県能登地方,37°22.5′N,136°53.9′E,1 km,1.6,---
2024/01/03,01:41:51.6,日高地方西部,42°46.0′N,142°29.8′E,129 km,2.4,---
2024/01/03,01:42:34.9,石川県能登地方,37°26.5′N,137°9.8′E,12 km,2.1,---
2024/01/03,01:42:46.3,石川県能登地方,37°21.2′N,137°2.3′E,12 km,2.4,---
2024/01/03,01:43:29.0,石川県能登地方,37°20.4′N,136°59.1′E,10 km,1.8,---
2024/01/03,01:43:52.4,佐渡付近,37°47.2′N,137°40.5′E,20 km,2.2,---
2024/01/03,01:44:13.1,石川県能登地方,37°18.2′N,136°52.7′E,9 km,1.8,---
2024/01/03,01:44:27.0,石川県能登地方,37°14.8′N,136°46.3′E,6 km,2.3,---
2024/01/03,01:45:08.3,佐渡付近,37°45.4′N,137°32.3′E,17 km,2.3,---
2024/01/03,01:46:08.0,石川県能登地方,37°28.0′N,137°8.1′E,9 km,2.5,---
2024/01/03,01:47:31.4,石川県能登地方,37°15.0′N,136°44.6′E,7 km,2,---
2024/01/03,01:48:25.8,能登半島沖,37°18.6′N,136°43.6′E,0 km,2.1,---
2024/01/03,01:48:44.2,能登半島沖,37°10.2′N,136°35.7′E,0 km,1.9,---
2024/01/03,01:50:19.2,能登半島沖,37°26.5′N,136°55.8′E,0 km,2.1,---
2024/01/03,01:50:34.7,石川県能登地方,37°12.8′N,136°47.3′E,0 km,2.1,---
2024/01/03,01:51:09.2,薩摩半島西方沖,31°26.9′N,130°7.0′E,4 km,2,---
2024/01/03,01:51:16.9,石川県能登地方,37°13.9′N,136°51.0′E,10 km,1.9,---
2024/01/03,01:51:34.3,石川県能登地方,37°19.6′N,136°49.0′E,9 km,2.5,---
2024/01/03,01:51:59.1,石川県能登地方,37°10.8′N,136°47.7′E,5 km,2.4,---
2024/01/03,01:53:27.7,富山県東部,36°39.0′N,137°45.3′E,2 km,0.4,---
2024/01/03,01:53:37.8,能登半島沖,37°31.7′N,137°13.5′E,11 km,1.6,---
2024/01/03,01:53:49.7,沖縄本島近海,27°11.7′N,128°26.6′E,43 km,0.2,---
2024/01/03,01:53:50.3,石川県能登地方,37°19.0′N,136°58.7′E,14 km,1.7,---
2024/01/03,01:54:07.0,石川県能登地方,37°23.7′N,137°3.5′E,8 km,2,---
2024/01/03,01:54:51.7,石川県能登地方,37°28.8′N,137°13.5′E,13 km,1.9,---
2024/01/03,01:55:28.9,石川県能登地方,37°13.8′N,136°47.6′E,9 km,1.4,---
2024/01/03,01:55:29.0,佐渡付近,37°42.7′N,137°37.8′E,12 km,1.6,---
2024/01/03,01:56:11.8,石川県能登地方,37°17.3′N,136°45.8′E,10 km,1.7,---
2024/01/03,01:56:16.4,九州地方南東沖,30°47.8′N,132°2.4′E,57 km,3.4,---
2024/01/03,01:57:39.8,石川県能登地方,37°14.9′N,136°44.2′E,4 km,1.9,---
2024/01/03,01:57:51.7,石川県能登地方,37°17.7′N,136°47.1′E,11 km,1.9,---
2024/01/03,01:58:51.2,石川県能登地方,37°15.9′N,136°44.6′E,7 km,2,---
2024/01/03,01:59:15.9,石川県能登地方,37°28.0′N,137°11.1′E,12 km,1.8,---
2024/01/03,01:59:26.9,能登半島沖,37°29.1′N,137°22.4′E,14 km,2,---
2024/01/03,02:00:15.4,石川県能登地方,37°13.7′N,136°42.5′E,5 km,3,---
2024/01/03,02:00:35.2,佐渡付近,37°49.8′N,137°45.5′E,18 km,3.5,---
2024/01/03,02:01:33.8,石川県能登地方,37°12.6′N,136°43.9′E,7 km,2,---
2024/01/03,02:02:09.8,石川県能登地方,37°27.6′N,137°15.1′E,13 km,1.4,---
2024/01/03,02:02:42.0,石川県能登地方,37°26.4′N,137°5.0′E,14 km,1.6,---
2024/01/03,02:03:05.0,石川県能登地方,37°20.3′N,137°15.8′E,9 km,1.5,---
2024/01/03,02:03:16.5,能登半島沖,37°12.0′N,136°39.6′E,7 km,-1,---
2024/01/03,02:03:47.2,能登半島沖,37°29.9′N,137°24.5′E,12 km,1.8,---
2024/01/03,02:04:18.7,石川県能登地方,37°24.9′N,137°8.0′E,7 km,2.3,---
2024/01/03,02:04:52.2,能登半島沖,37°28.7′N,137°5.8′E,4 km,1.5,---
2024/01/03,02:05:08.6,長野県北部,36°38.5′N,137°46.2′E,2 km,0.4,---
2024/01/03,02:05:37.0,佐渡付近,37°42.1′N,137°35.4′E,11 km,1.9,---
2024/01/03,02:06:38.0,新潟県上中越沖,37°39.7′N,137°31.3′E,13 km,2.1,---
2024/01/03,02:06:40.4,石川県能登地方,37°12.2′N,136°47.5′E,8 km,2,---
2024/01/03,02:07:02.8,宮城県沖,38°25.7′N,142°8.3′E,28 km,1.2,---
2024/01/03,02:07:39.5,石川県能登地方,37°13.0′N,136°48.4′E,11 km,1.8,---
2024/01/03,02:08:01.6,石川県能登地方,37°9.3′N,136°41.5′E,6 km,1.9,---
2024/01/03,02:08:22.5,石川県能登地方,37°17.5′N,136°45.3′E,10 km,1.7,---
2024/01/03,02:08:25.3,新潟県上中越沖,37°41.7′N,137°42.1′E,19 km,3.3,---
2024/01/03,02:09:32.5,佐渡付近,37°43.1′N,137°37.6′E,16 km,2.2,---
2024/01/03,02:10:10.3,能登半島沖,37°33.3′N,137°23.3′E,10 km,2.8,---
2024/01/03,02:10:51.7,能登半島沖,37°25.0′N,136°43.4′E,12 km,2.2,---
2024/01/03,02:11:07.2,能登半島沖,37°11.6′N,136°40.7′E,9 km,1.6,---
2024/01/03,02:11:48.5,能登半島沖,37°14.6′N,136°40.6′E,9 km,2.5,---
2024/01/03,02:14:05.9,宮城県北部,38°52.8′N,140°51.1′E,10 km,0.2,---
2024/01/03,02:14:27.2,石川県能登地方,37°19.0′N,136°46.2′E,8 km,2,---
2024/01/03,02:16:04.7,石川県能登地方,37°12.5′N,136°46.2′E,6 km,2.1,---
2024/01/03,02:16:33.9,佐渡付近,37°47.8′N,137°44.7′E,18 km,2.6,---
2024/01/03,02:17:05.6,石川県能登地方,37°21.4′N,136°58.3′E,7 km,2.6,---
2024/01/03,02:17:09.8,福島県沖,37°34.3′N,144°44.0′E,34 km,2.4,---
2024/01/03,02:17:31.0,能登半島沖,37°6.9′N,136°40.2′E,7 km,2.5,---
2024/01/03,02:17:43.7,奄美大島近海,27°31.6′N,128°52.1′E,0 km,1.3,---
2024/01/03,02:18:34.9,能登半島沖,37°33.9′N,137°12.7′E,0 km,2.6,---
2024/01/03,02:19:22.7,能登半島沖,37°39.6′N,137°21.6′E,19 km,2.1,---
2024/01/03,02:20:25.1,石川県能登地方,37°9.3′N,136°42.0′E,7 km,2.6,---
2024/01/03,02:21:11.0,石川県能登地方,37°19.9′N,136°55.5′E,10 km,1.5,---
2024/01/03,02:21:45.5,宮城県北部,38°34.6′N,140°50.2′E,94 km,0.7,---
2024/01/03,02:21:48.0,石川県能登地方,37°28.9′N,137°18.2′E,12 km,4.9,---
2024/01/03,02:25:14.3,能登半島沖,37°32.3′N,137°20.6′E,19 km,2.5,---
2024/01/03,02:25:35.6,石川県能登地方,37°29.2′N,137°18.7′E,11 km,2.4,---
2024/01/03,02:25:39.2,福島県沖,37°49.6′N,141°35.8′E,48 km,1.3,---
2024/01/03,02:25:59.7,能登半島沖,37°31.5′N,137°8.6′E,4 km,2.1,---
2024/01/03,02:26:43.7,石川県能登地方,37°9.9′N,136°43.0′E,5 km,2.6,---
2024/01/03,02:27:33.5,石川県能登地方,37°19.4′N,136°54.2′E,10 km,2,---
2024/01/03,02:27:48.7,石川県能登地方,37°24.4′N,137°3.4′E,9 km,2.1,---
2024/01/03,02:28:09.9,石川県能登地方,37°29.5′N,137°17.8′E,11 km,2.4,---
2024/01/03,02:28:32.3,能登半島沖,37°39.5′N,137°28.2′E,5 km,2.7,---
2024/01/03,02:29:05.3,石川県能登地方,37°16.4′N,136°46.3′E,7 km,2.5,---
2024/01/03,02:29:49.4,石川県能登地方,37°26.5′N,137°12.7′E,14 km,2.1,---
2024/01/03,02:30:31.4,石川県能登地方,37°29.2′N,137°18.0′E,13 km,4.4,---
2024/01/03,02:31:38.0,石川県能登地方,37°29.1′N,137°18.0′E,12 km,3.5,---
2024/01/03,02:33:05.0,兵庫県南東部,34°42.6′N,135°10.6′E,11 km,1.2,---
2024/01/03,02:33:17.4,石川県能登地方,37°29.3′N,137°18.2′E,5 km,2.2,---
2024/01/03,02:33:44.2,橘湾,32°39.4′N,130°4.7′E,13 km,1.4,---
2024/01/03,02:34:16.1,石川県能登地方,37°23.2′N,137°0.5′E,2 km,2.1,---
2024/01/03,02:34:44.4,新潟県上中越沖,37°39.0′N,137°36.8′E,17 km,2.7,---
2024/01/03,02:35:29.8,石川県能登地方,37°29.7′N,137°12.7′E,11 km,1.7,---
2024/01/03,02:36:03.1,能登半島沖,37°31.9′N,137°5.6′E,0 km,1.7,---
2024/01/03,02:36:36.3,佐渡付近,37°45.6′N,137°31.4′E,15 km,1.9,---
2024/01/03,02:37:01.0,能登半島沖,37°24.2′N,136°51.8′E,14 km,1.7,---
2024/01/03,02:37:26.7,岐阜県美濃中西部,35°15.1′N,136°26.7′E,9 km,-10.1,---
2024/01/03,02:37:54.3,佐渡付近,37°44.9′N,137°36.3′E,19 km,2.4,---
2024/01/03,02:38:08.8,宮城県中部,38°16.6′N,140°46.8′E,10 km,0.4,---
2024/01/03,02:38:31.8,鳥取県中部,35°22.0′N,133°45.0′E,8 km,-10.6,---
2024/01/03,02:38:46.0,佐渡付近,37°44.2′N,137°36.3′E,17 km,2.8,---
2024/01/03,02:40:07.4,石川県能登地方,37°27.5′N,137°8.4′E,14 km,1.9,---
2024/01/03,02:40:20.3,石川県能登地方,37°18.8′N,136°48.0′E,8 km,2,---
2024/01/03,02:41:02.2,石川県能登地方,37°13.5′N,136°42.5′E,5 km,1.5,---
2024/01/03,02:41:30.6,石川県能登地方,37°14.3′N,136°50.6′E,14 km,1.4,---
2024/01/03,02:42:35.6,石川県能登地方,37°28.1′N,137°14.1′E,10 km,1.6,---
2024/01/03,02:42:45.4,佐渡付近,37°51.4′N,137°31.1′E,19 km,2.3,---
2024/01/03,02:43:51.8,石川県能登地方,37°10.4′N,136°42.3′E,8 km,2.1,---
2024/01/03,02:43:54.2,新潟県上中越沖,37°40.3′N,137°38.0′E,15 km,3.1,---
2024/01/03,02:45:25.6,能登半島沖,37°33.8′N,137°10.5′E,13 km,1.9,---
2024/01/03,02:46:04.4,石川県能登地方,37°20.4′N,136°54.4′E,0 km,2.3,---
2024/01/03,02:47:28.9,能登半島沖,37°8.0′N,136°43.4′E,6 km,1.1,---
2024/01/03,02:48:43.6,石川県能登地方,37°20.4′N,136°51.7′E,0 km,1.6,---
2024/01/03,02:49:10.0,石川県能登地方,37°26.0′N,137°10.6′E,14 km,3.1,---
2024/01/03,02:50:16.0,石川県能登地方,37°13.1′N,136°53.4′E,11 km,1.8,---
2024/01/03,02:51:01.0,石川県能登地方,37°14.6′N,136°47.4′E,9 km,1.9,---
2024/01/03,02:51:15.5,能登半島沖,37°34.5′N,136°57.4′E,9 km,3.3,---
2024/01/03,02:51:50.8,石川県能登地方,37°23.7′N,137°0.3′E,6 km,2.7,---
2024/01/03,02:52:43.1,能登半島沖,37°8.6′N,136°39.9′E,0 km,1.5,---
2024/01/03,02:52:54.4,三陸沖,39°32.9′N,143°40.6′E,8 km,1.4,---
2024/01/03,02:53:27.9,富山湾,37°14.6′N,137°6.9′E,17 km,1.4,---
2024/01/03,02:53:38.9,能登半島沖,37°30.8′N,137°11.8′E,17 km,1.9,---
2024/01/03,02:54:29.2,石垣島近海,23°3.6′N,124°2.6′E,47 km,2.2,---
2024/01/03,02:54:37.9,石川県能登地方,37°25.6′N,137°7.3′E,8 km,3.8,---
2024/01/03,02:56:03.6,能登半島沖,37°12.5′N,136°41.8′E,5 km,2,---
2024/01/03,02:56:35.4,石川県能登地方,37°27.1′N,137°5.5′E,11 km,2,---
2024/01/03,02:57:09.1,能登半島沖,37°36.6′N,137°22.2′E,17 km,2,---
2024/01/03,02:57:29.0,石川県能登地方,37°29.3′N,137°18.7′E,11 km,2.6,---
2024/01/03,02:58:12.5,佐渡付近,37°51.8′N,137°49.2′E,16 km,1.8,---
2024/01/03,02:58:17.1,四国沖,33°19.0′N,134°18.3′E,26 km,0.5,---
2024/01/03,02:58:39.9,和歌山県北部,33°59.2′N,135°32.1′E,47 km,1.5,---
2024/01/03,02:58:42.4,石川県能登地方,37°29.1′N,137°18.3′E,12 km,3.1,---
2024/01/03,02:58:46.0,石川県能登地方,37°29.5′N,137°19.4′E,12 km,3.1,---
2024/01/03,03:00:05.2,石川県能登地方,37°27.7′N,137°11.7′E,12 km,3.3,---
2024/01/03,03:00:13.2,石川県能登地方,37°21.2′N,136°58.3′E,9 km,3.5,---
2024/01/03,03:01:16.0,能登半島沖,37°37.0′N,137°22.6′E,3 km,2.5,---
2024/01/03,03:03:12.9,石川県能登地方,37°27.7′N,137°7.5′E,8 km,2.1,---
2024/01/03,03:03:43.9,佐渡付近,37°49.9′N,137°49.4′E,15 km,2.4,---
2024/01/03,03:04:07.3,石川県能登地方,37°15.6′N,136°47.2′E,10 km,1.8,---
2024/01/03,03:04:53.4,石川県能登地方,37°10.4′N,136°41.7′E,6 km,1.9,---
2024/01/03,03:05:38.5,石川県能登地方,37°10.8′N,136°46.6′E,9 km,2.8,---
2024/01/03,03:06:43.8,石川県能登地方,37°22.8′N,136°57.5′E,6 km,2.4,---
2024/01/03,03:08:14.9,佐渡付近,37°53.7′N,137°50.1′E,18 km,2.1,---
2024/01/03,03:08:16.8,能登半島沖,37°11.2′N,136°34.7′E,9 km,1.4,---
2024/01/03,03:08:32.5,能登半島沖,37°15.0′N,136°42.1′E,8 km,2,---
2024/01/03,03:08:52.4,石川県能登地方,37°11.8′N,136°48.9′E,6 km,1.8,---
2024/01/03,03:09:23.8,能登半島沖,37°12.6′N,136°41.9′E,4 km,1.9,---
2024/01/03,03:10:20.5,石川県能登地方,37°14.0′N,136°45.4′E,7 km,1.6,---
2024/01/03,03:10:37.4,石川県能登地方,37°25.0′N,137°9.5′E,11 km,2,---
2024/01/03,03:10:56.1,石川県能登地方,37°12.3′N,136°46.0′E,6 km,2.2,---
2024/01/03,03:11:20.3,石川県能登地方,37°12.9′N,136°47.6′E,8 km,2.1,---
2024/01/03,03:12:07.8,佐渡付近,37°44.5′N,137°41.2′E,17 km,2.2,---
2024/01/03,03:12:31.3,石垣島北西沖,25°30.3′N,123°24.7′E,172 km,2,---
2024/01/03,03:12:34.3,能登半島沖,37°25.6′N,136°54.2′E,0 km,1.8,---
2024/01/03,03:12:39.3,福島県沖,37°51.3′N,141°35.6′E,48 km,1.1,---
2024/01/03,03:13:07.1,佐渡付近,37°44.5′N,137°43.1′E,17 km,2.1,---
2024/01/03,03:14:27.0,石川県能登地方,37°16.5′N,136°45.9′E,5 km,1.9,---
2024/01/03,03:14:53.6,佐渡付近,38°0.8′N,137°46.1′E,17 km,2,---
2024/01/03,03:15:24.6,佐渡付近,37°43.8′N,138°0.1′E,21 km,1.5,---
2024/01/03,03:15:36.5,石川県能登地方,37°10.9′N,136°44.5′E,4 km,1.3,---
2024/01/03,03:16:15.0,石川県能登地方,37°12.3′N,136°45.3′E,1 km,1.8,---
2024/01/03,03:16:19.2,三陸沖,39°1.2′N,143°22.2′E,0 km,1.1,---
2024/01/03,03:16:53.9,石川県能登地方,37°14.6′N,136°45.9′E,8 km,1.5,---
2024/01/03,03:16:59.4,和歌山県北部,33°59.8′N,135°14.7′E,7 km,0.4,---
2024/01/03,03:18:00.0,福島県沖,37°9.6′N,142°4.4′E,24 km,1.9,---
2024/01/03,03:18:11.3,石川県能登地方,37°22.6′N,136°56.4′E,10 km,3.2,---
2024/01/03,03:18:34.5,東京都多摩東部,35°35.5′N,139°28.5′E,27 km,0.2,---
2024/01/03,03:19:12.6,石川県能登地方,37°15.7′N,136°46.7′E,0 km,1.7,---
2024/01/03,03:19:30.7,トカラ列島近海,29°56.2′N,130°0.0′E,11 km,1.3,---
2024/01/03,03:19:53.2,東京都多摩東部,35°35.4′N,139°28.1′E,27 km,0.2,---
2024/01/03,03:20:09.0,石川県能登地方,37°30.9′N,137°19.6′E,9 km,2.9,---
2024/01/03,03:21:26.9,石川県能登地方,37°26.4′N,137°6.6′E,7 km,2.4,---
2024/01/03,03:22:23.1,石川県能登地方,37°10.7′N,136°43.0′E,13 km,1.3,---
2024/01/03,03:22:42.4,能登半島沖,37°11.1′N,136°37.3′E,1 km,2.7,---
2024/01/03,03:23:56.8,石川県能登地方,37°17.7′N,136°45.5′E,13 km,1.4,---
2024/01/03,03:24:14.3,石川県能登地方,37°30.5′N,137°17.8′E,9 km,2,---
2024/01/03,03:24:49.4,能登半島沖,37°31.3′N,137°9.2′E,0 km,1.8,---
2024/01/03,03:25:11.8,佐渡付近,37°44.9′N,137°39.4′E,19 km,2.8,---
2024/01/03,03:25:20.2,能登半島沖,37°11.6′N,136°40.1′E,8 km,1.5,---
2024/01/03,03:26:44.1,能登半島沖,37°9.9′N,136°36.6′E,6 km,1.1,---
2024/01/03,03:26:57.8,佐渡付近,37°44.7′N,137°40.0′E,17 km,2.9,---
2024/01/03,03:27:21.5,石川県能登地方,37°30.0′N,137°18.6′E,11 km,2.9,---
2024/01/03,03:27:43.7,天草灘,32°7.0′N,130°5.9′E,10 km,0.9,---
2024/01/03,03:28:19.7,鹿児島県薩摩地方,31°33.8′N,130°39.2′E,2 km,0.4,---
2024/01/03,03:28:28.1,石川県能登地方,37°21.0′N,136°48.5′E,10 km,1.7,---
2024/01/03,03:29:34.0,佐渡付近,37°51.5′N,137°45.1′E,20 km,2.1,---
2024/01/03,03:31:04.2,石川県能登地方,37°18.5′N,136°46.2′E,6 km,2.4,---
2024/01/03,03:31:38.7,石川県能登地方,37°19.2′N,136°50.7′E,3 km,2.1,---
2024/01/03,03:31:57.5,熊本県天草・芦北地方,32°31.3′N,130°33.4′E,12 km,-10.1,---
2024/01/03,03:32:24.2,新潟県上中越沖,37°40.5′N,137°35.4′E,15 km,2.1,---
2024/01/03,03:32:38.5,福島県沖,37°1.9′N,141°55.2′E,26 km,1.8,---
2024/01/03,03:33:00.3,石川県能登地方,37°20.1′N,136°55.5′E,8 km,2.2,---
2024/01/03,03:33:09.6,新潟県上中越沖,37°37.4′N,137°31.6′E,11 km,2.6,---
2024/01/03,03:34:26.6,石川県能登地方,37°18.0′N,136°49.1′E,10 km,1.9,---
2024/01/03,03:34:53.1,石川県能登地方,37°20.5′N,136°48.3′E,13 km,1.7,---
2024/01/03,03:36:31.0,佐渡付近,37°49.6′N,137°41.6′E,14 km,2.3,---
2024/01/03,03:37:17.7,能登半島沖,37°19.3′N,136°42.3′E,13 km,1.9,---
2024/01/03,03:37:36.4,能登半島沖,37°14.7′N,136°42.8′E,6 km,1.7,---
2024/01/03,03:37:37.5,新潟県中越地方,37°4.0′N,139°2.8′E,4 km,1.4,---
2024/01/03,03:38:11.9,石川県能登地方,37°11.2′N,136°44.2′E,8 km,2.4,---
2024/01/03,03:39:18.0,石川県能登地方,37°16.2′N,136°47.5′E,0 km,1.4,---
2024/01/03,03:40:16.5,石川県能登地方,37°22.3′N,136°50.5′E,13 km,2,---
2024/01/03,03:41:26.0,佐渡付近,37°43.6′N,137°37.0′E,13 km,2.6,---
2024/01/03,03:41:46.7,石川県能登地方,37°11.1′N,136°42.1′E,2 km,1.6,---
2024/01/03,03:42:10.3,石川県能登地方,37°11.2′N,136°42.2′E,4 km,2.3,---
2024/01/03,03:42:19.9,石川県西方沖,37°4.8′N,136°37.6′E,8 km,2.6,---
2024/01/03,03:43:05.6,日向灘,32°15.2′N,132°0.2′E,24 km,0.5,---
2024/01/03,03:43:27.8,石川県能登地方,37°13.5′N,136°50.9′E,10 km,1.9,---
2024/01/03,03:44:57.9,石川県能登地方,37°12.1′N,136°45.2′E,3 km,-1,---
2024/01/03,03:45:01.2,石川県能登地方,37°9.6′N,136°43.4′E,5 km,3.7,---
2024/01/03,03:45:44.3,奄美大島近海,28°4.2′N,129°2.8′E,12 km,1.6,---
2024/01/03,03:46:13.9,能登半島沖,37°26.7′N,136°48.9′E,4 km,2.5,---
2024/01/03,03:46:45.9,宮崎県南部山沿い,31°39.2′N,131°9.7′E,61 km,-10.2,---
2024/01/03,03:46:51.7,石川県能登地方,37°13.7′N,136°49.7′E,5 km,2,---
2024/01/03,03:47:10.1,能登半島沖,37°36.5′N,137°21.8′E,12 km,3,---
2024/01/03,03:47:26.9,岩手県沖,39°59.2′N,142°7.0′E,44 km,0.6,---
2024/01/03,03:47:46.2,能登半島沖,37°7.0′N,136°39.3′E,6 km,2.5,---
2024/01/03,03:48:28.2,石川県能登地方,37°18.2′N,136°47.6′E,13 km,2.8,---
2024/01/03,03:49:16.2,愛知県東部,34°35.4′N,137°4.3′E,8 km,0.6,---
2024/01/03,03:49:18.2,富山県東部,36°38.9′N,137°45.7′E,2 km,0.3,---
2024/01/03,03:49:26.6,石川県能登地方,37°30.4′N,137°16.3′E,5 km,1.8,---
2024/01/03,03:49:48.2,石川県能登地方,37°21.6′N,136°46.7′E,0 km,2,---
2024/01/03,03:50:26.3,石川県能登地方,37°14.5′N,136°45.7′E,1 km,1.7,---
2024/01/03,03:50:47.5,石川県能登地方,37°18.1′N,136°49.4′E,0 km,1.8,---
2024/01/03,03:51:03.1,新潟県中越地方,36°49.7′N,138°46.3′E,6 km,0.4,---
2024/01/03,03:51:06.1,石川県能登地方,37°26.4′N,137°14.4′E,12 km,1.6,---
2024/01/03,03:51:44.6,石川県能登地方,37°22.8′N,136°53.1′E,0 km,1.9,---
2024/01/03,03:51:59.0,佐渡付近,37°52.4′N,137°48.8′E,19 km,2.6,---
2024/01/03,03:52:42.1,石川県能登地方,37°23.3′N,137°6.1′E,11 km,2.5,---
2024/01/03,03:53:01.4,石川県能登地方,37°30.3′N,137°18.2′E,8 km,2.6,---
2024/01/03,03:54:13.0,東京都多摩東部,35°40.3′N,139°14.4′E,113 km,0.8,---
2024/01/03,03:55:10.9,石川県能登地方,37°18.4′N,136°52.7′E,12 km,2.2,---
2024/01/03,03:55:51.0,能登半島沖,37°32.8′N,137°20.5′E,7 km,2.3,---
2024/01/03,03:56:36.0,佐渡付近,37°45.4′N,137°41.4′E,23 km,2.2,---
2024/01/03,03:56:36.5,宮城県沖,38°46.6′N,141°45.2′E,50 km,0.4,---
2024/01/03,03:56:47.3,石川県能登地方,37°13.6′N,136°50.7′E,12 km,1.3,---
2024/01/03,03:57:02.0,京都府南部,35°3.6′N,135°30.9′E,10 km,-10.1,---
2024/01/03,03:57:08.5,石川県能登地方,37°22.6′N,136°58.5′E,7 km,2.1,---
2024/01/03,03:57:13.9,岐阜県美濃東部,35°17.4′N,137°28.1′E,8 km,-10.2,---
2024/01/03,03:57:50.6,能登半島沖,37°10.3′N,136°37.8′E,3 km,1,---
2024/01/03,03:58:10.0,佐渡付近,37°48.5′N,137°39.6′E,19 km,1.4,---
2024/01/03,04:00:15.9,能登半島沖,37°32.7′N,137°21.7′E,9 km,2.8,---
2024/01/03,04:01:07.8,石川県能登地方,37°9.6′N,136°43.9′E,5 km,2.5,---
2024/01/03,04:02:06.3,石川県能登地方,37°11.6′N,136°43.3′E,3 km,2.3,---
2024/01/03,04:02:32.3,石川県能登地方,37°10.2′N,136°41.0′E,0 km,1.8,---
2024/01/03,04:03:33.8,石川県能登地方,37°27.3′N,137°14.7′E,13 km,1.9,---
2024/01/03,04:03:58.4,石川県能登地方,37°22.0′N,136°53.9′E,10 km,2.1,---
2024/01/03,04:04:49.0,奄美大島近海,28°46.9′N,129°57.7′E,38 km,2.5,---
2024/01/03,04:04:56.1,石川県能登地方,37°13.6′N,136°43.4′E,3 km,2,---
2024/01/03,04:05:13.1,岐阜県美濃中西部,35°41.6′N,136°18.5′E,9 km,0.5,---
2024/01/03,04:05:26.1,能登半島沖,37°13.1′N,136°37.5′E,7 km,1.7,---
2024/01/03,04:05:38.3,石川県能登地方,37°27.8′N,137°7.7′E,13 km,2.1,---
2024/01/03,04:06:55.4,岡山県南部,34°38.2′N,133°24.7′E,22 km,0.7,---
2024/01/03,04:06:57.3,熊本県天草・芦北地方,32°20.3′N,130°28.6′E,10 km,-10.2,---
2024/01/03,04:07:17.3,佐渡付近,37°51.1′N,137°41.1′E,16 km,2.3,---
2024/01/03,04:07:24.8,長野県中部,36°14.1′N,137°39.7′E,5 km,0.1,---
2024/01/03,04:07:55.0,石川県能登地方,37°27.0′N,137°15.8′E,14 km,2,---
2024/01/03,04:09:04.6,石川県能登地方,37°24.2′N,137°1.0′E,3 km,1.8,---
2024/01/03,04:09:25.8,三陸沖,39°2.8′N,144°37.4′E,17 km,3.4,---
2024/01/03,04:10:14.1,能登半島沖,37°28.7′N,137°5.2′E,10 km,2,---
2024/01/03,04:10:55.5,種子島近海,30°23.4′N,131°3.4′E,38 km,0.3,---
2024/01/03,04:13:17.5,福岡県筑後地方,33°4.6′N,130°29.5′E,13 km,0.5,---
2024/01/03,04:13:32.0,石川県能登地方,37°27.4′N,137°11.2′E,0 km,2.1,---
2024/01/03,04:13:37.8,佐渡付近,37°52.8′N,137°48.5′E,17 km,2.3,---
2024/01/03,04:14:33.4,石川県能登地方,37°18.3′N,136°53.0′E,0 km,1.9,---
2024/01/03,04:14:46.9,佐渡付近,37°49.8′N,137°48.0′E,19 km,2.9,---
2024/01/03,04:15:41.5,石川県能登地方,37°22.6′N,136°57.4′E,9 km,2.4,---
2024/01/03,04:16:57.8,富山湾,37°17.9′N,137°25.4′E,5 km,1.8,---
2024/01/03,04:17:09.3,茨城県南部,36°1.1′N,139°57.7′E,41 km,0,---
2024/01/03,04:17:15.2,佐渡付近,37°49.5′N,137°48.3′E,20 km,2.2,---
2024/01/03,04:17:37.5,新潟県上中越沖,37°35.3′N,138°19.7′E,0 km,2.5,---
2024/01/03,04:17:40.3,能登半島沖,37°7.3′N,136°38.6′E,9 km,2.4,---
2024/01/03,04:18:22.5,千葉県北東部,35°45.5′N,140°39.1′E,21 km,1.1,---
2024/01/03,04:19:53.2,山梨県東部・富士五湖,35°31.0′N,139°0.8′E,20 km,0.1,---
2024/01/03,04:20:12.8,能登半島沖,37°25.5′N,136°46.0′E,13 km,2.7,---
2024/01/03,04:20:54.6,福岡県筑後地方,33°4.0′N,130°29.2′E,15 km,0.2,---
2024/01/03,04:20:59.1,能登半島沖,37°33.6′N,137°27.5′E,14 km,2.1,---
2024/01/03,04:21:15.6,福島県沖,36°57.9′N,142°7.7′E,19 km,-1,---
2024/01/03,04:21:43.4,石川県能登地方,37°19.4′N,136°54.3′E,5 km,1.7,---
2024/01/03,04:22:03.2,石川県能登地方,37°20.0′N,136°46.0′E,10 km,1.8,---
2024/01/03,04:22:46.5,石川県能登地方,37°14.4′N,136°49.7′E,12 km,1.9,---
2024/01/03,04:23:05.9,奄美大島近海,28°36.6′N,129°28.5′E,18 km,-1,---
2024/01/03,04:23:07.5,豊後水道,32°53.8′N,132°6.8′E,10 km,1.6,---
2024/01/03,04:23:23.1,佐渡付近,37°42.0′N,137°35.7′E,4 km,1.8,---
2024/01/03,04:23:50.0,能登半島沖,37°34.0′N,137°20.6′E,13 km,2.2,---
2024/01/03,04:24:43.4,石川県能登地方,37°20.8′N,136°49.6′E,13 km,2.1,---
2024/01/03,04:24:58.4,石川県能登地方,37°23.7′N,136°49.5′E,0 km,2.1,---
2024/01/03,04:25:59.3,石川県能登地方,37°23.1′N,136°52.9′E,7 km,2.2,---
2024/01/03,04:27:28.9,佐渡付近,37°55.7′N,137°44.5′E,22 km,2.2,---
2024/01/03,04:27:59.4,岩手県内陸南部,39°1.1′N,140°56.2′E,11 km,0.8,---
2024/01/03,04:28:53.7,石川県能登地方,37°19.9′N,136°55.1′E,11 km,2,---
2024/01/03,04:29:30.2,佐渡付近,37°42.9′N,137°38.5′E,15 km,2.4,---
2024/01/03,04:30:10.0,能登半島沖,37°9.8′N,136°37.8′E,1 km,2,---
2024/01/03,04:30:26.6,石川県能登地方,37°21.9′N,136°52.3′E,10 km,2.1,---
2024/01/03,04:30:51.8,富山湾,37°18.2′N,137°21.2′E,15 km,1.8,---
2024/01/03,04:31:38.2,能登半島沖,37°35.5′N,137°25.1′E,11 km,2.7,---
2024/01/03,04:33:06.5,石川県能登地方,37°22.9′N,137°3.5′E,14 km,1.7,---
2024/01/03,04:33:24.3,能登半島沖,37°7.4′N,136°40.8′E,0 km,1.9,---
2024/01/03,04:34:48.4,能登半島沖,37°32.4′N,137°20.6′E,9 km,2.2,---
2024/01/03,04:35:09.0,石川県西方沖,37°6.1′N,136°31.0′E,7 km,2,---
2024/01/03,04:35:32.2,島根県西部,35°10.0′N,132°35.3′E,8 km,0.8,---
2024/01/03,04:35:46.7,石川県能登地方,37°22.9′N,136°53.0′E,6 km,2.4,---
2024/01/03,04:37:03.2,和歌山県北部,34°3.3′N,135°22.4′E,7 km,-10.4,---
2024/01/03,04:37:05.0,石川県能登地方,37°22.1′N,136°57.0′E,8 km,2,---
2024/01/03,04:37:07.5,佐渡付近,37°54.0′N,137°47.8′E,26 km,2.2,---
2024/01/03,04:39:24.4,石川県能登地方,37°17.8′N,136°45.6′E,12 km,3.2,---
2024/01/03,04:39:59.1,国後島付近,43°30.9′N,146°0.3′E,102 km,2,---
2024/01/03,04:40:25.7,福島県沖,37°50.1′N,141°35.8′E,47 km,0.9,---
2024/01/03,04:41:42.8,石川県能登地方,37°13.7′N,136°48.5′E,13 km,1.7,---
2024/01/03,04:42:01.6,能登半島沖,37°40.3′N,137°20.7′E,15 km,2.1,---
2024/01/03,04:42:04.2,茨城県北部,36°48.6′N,140°35.5′E,8 km,0.4,---
2024/01/03,04:42:54.1,宮古島近海,25°10.3′N,125°34.1′E,24 km,2.2,---
2024/01/03,04:43:09.3,石川県能登地方,37°20.7′N,136°57.5′E,12 km,2.2,---
2024/01/03,04:43:29.8,福島県沖,37°48.3′N,141°40.0′E,57 km,2.6,---
2024/01/03,04:44:09.0,宮古島近海,25°11.8′N,125°35.0′E,16 km,-1,---
2024/01/03,04:45:04.1,能登半島沖,37°10.1′N,136°37.8′E,2 km,1.8,---
2024/01/03,04:45:14.8,長野県中部,36°26.5′N,138°3.7′E,5 km,-10.8,---
2024/01/03,04:45:16.8,佐渡付近,37°43.1′N,137°41.3′E,23 km,2,---
2024/01/03,04:45:40.9,種子島南東沖,30°5.6′N,131°22.0′E,18 km,1.4,---
2024/01/03,04:47:08.8,能登半島沖,37°31.6′N,137°21.8′E,18 km,1.7,---
2024/01/03,04:47:22.2,熊本県熊本地方,32°45.9′N,130°44.3′E,10 km,-10.2,---
2024/01/03,04:48:31.5,石川県能登地方,37°27.0′N,137°13.1′E,12 km,2.1,---
2024/01/03,04:49:10.8,能登半島沖,37°36.5′N,137°26.7′E,14 km,2.6,---
2024/01/03,04:50:08.0,石川県能登地方,37°10.2′N,136°43.3′E,6 km,3.4,---
2024/01/03,04:51:09.3,佐渡付近,37°50.7′N,137°48.5′E,19 km,1.8,---
2024/01/03,04:51:13.8,石川県能登地方,37°25.1′N,137°8.6′E,9 km,2.2,---
2024/01/03,04:51:31.1,能登半島沖,37°12.2′N,136°41.2′E,6 km,2.4,---
2024/01/03,04:52:09.7,石川県能登地方,37°19.7′N,136°56.1′E,7 km,1.7,---
2024/01/03,04:52:13.3,佐渡付近,37°43.6′N,137°42.0′E,17 km,2.3,---
2024/01/03,04:53:28.4,石川県能登地方,37°15.0′N,136°45.2′E,8 km,2.1,---
2024/01/03,04:54:22.4,佐渡付近,37°52.9′N,137°42.3′E,17 km,1.9,---
2024/01/03,04:54:38.1,愛知県西部,34°59.8′N,137°8.2′E,37 km,0.3,---
2024/01/03,04:54:46.3,石川県西方沖,37°5.0′N,136°29.6′E,8 km,2.6,---
2024/01/03,04:55:02.2,青森県東方沖,41°27.7′N,142°9.0′E,51 km,2.4,---
2024/01/03,04:55:33.5,石川県能登地方,37°20.3′N,136°56.8′E,12 km,2.3,---
2024/01/03,04:56:19.6,石川県能登地方,37°21.1′N,136°47.6′E,4 km,2.3,---
2024/01/03,04:56:38.4,奄美大島近海,26°42.4′N,130°11.5′E,46 km,2.6,---
2024/01/03,04:56:42.8,石川県能登地方,37°20.5′N,136°57.0′E,11 km,3.3,---
2024/01/03,04:57:44.1,石川県能登地方,37°22.2′N,136°48.5′E,8 km,1.9,---
2024/01/03,04:57:53.7,岩手県内陸南部,38°58.2′N,140°52.9′E,4 km,-1,---
2024/01/03,04:58:40.7,東京都多摩東部,35°38.5′N,139°21.0′E,15 km,0,---
2024/01/03,04:59:03.4,石川県能登地方,37°23.0′N,136°53.2′E,6 km,2.3,---
2024/01/03,04:59:38.0,石川県能登地方,37°21.3′N,136°56.7′E,7 km,2.1,---
2024/01/03,05:00:19.3,石川県能登地方,37°28.8′N,137°18.4′E,10 km,1.7,---
2024/01/03,05:00:52.4,石川県能登地方,37°19.1′N,136°44.3′E,2 km,1.8,---
2024/01/03,05:01:33.6,熊本県天草・芦北地方,32°21.4′N,130°31.7′E,10 km,-10.4,---
2024/01/03,05:01:47.4,能登半島沖,37°12.6′N,136°38.6′E,16 km,1.7,---
2024/01/03,05:01:47.7,福島県沖,37°42.3′N,141°33.3′E,54 km,1.1,---
2024/01/03,05:01:48.3,佐渡付近,37°55.9′N,137°39.5′E,20 km,2.1,---
2024/01/03,05:02:37.5,石川県能登地方,37°21.6′N,136°52.8′E,0 km,2.2,---
2024/01/03,05:03:07.1,能登半島沖,37°30.9′N,137°9.4′E,21 km,1.7,---
2024/01/03,05:03:23.7,佐渡付近,37°49.7′N,137°48.0′E,17 km,2.8,---
2024/01/03,05:03:58.0,佐渡付近,37°51.7′N,137°50.8′E,17 km,3.1,---
2024/01/03,05:05:12.2,石川県能登地方,37°14.0′N,136°48.8′E,11 km,2.2,---
2024/01/03,05:05:33.4,石川県能登地方,37°29.0′N,137°9.2′E,11 km,2.1,---
2024/01/03,05:05:59.4,佐渡付近,37°49.6′N,137°45.3′E,17 km,2.1,---
2024/01/03,05:06:30.7,石川県能登地方,37°22.1′N,137°4.9′E,11 km,2,---
2024/01/03,05:06:48.0,石川県能登地方,37°10.1′N,136°44.7′E,8 km,2.3,---
2024/01/03,05:07:18.9,サハリン南部付近,46°10.8′N,142°59.6′E,0 km,-1,---
2024/01/03,05:08:30.7,渡島地方北部,42°12.0′N,140°23.3′E,153 km,-1,---
2024/01/03,05:08:37.2,石川県能登地方,37°29.4′N,137°18.4′E,11 km,1.9,---
2024/01/03,05:09:39.7,能登半島沖,37°24.1′N,136°56.5′E,0 km,2.1,---
2024/01/03,05:09:45.6,三重県北部,34°55.1′N,136°39.2′E,13 km,1.2,---
2024/01/03,05:10:59.8,能登半島沖,37°22.3′N,136°34.2′E,22 km,1.7,---
2024/01/03,05:11:07.1,佐渡付近,37°44.1′N,137°36.8′E,13 km,1.7,---
2024/01/03,05:12:01.5,石川県能登地方,37°28.7′N,137°8.6′E,8 km,1.8,---
2024/01/03,05:13:25.5,新潟県上中越沖,37°35.5′N,137°41.6′E,26 km,2.1,---
2024/01/03,05:14:34.8,石川県能登地方,37°12.4′N,136°46.0′E,7 km,1.9,---
2024/01/03,05:14:37.8,佐渡付近,37°46.0′N,137°39.5′E,19 km,2.3,---
2024/01/03,05:15:20.1,石川県能登地方,37°10.9′N,136°44.8′E,6 km,2,---
2024/01/03,05:16:58.3,佐渡付近,37°44.7′N,137°37.0′E,0 km,2,---
2024/01/03,05:17:40.2,石川県能登地方,37°16.4′N,136°55.4′E,4 km,2.8,---
2024/01/03,05:18:49.6,石川県能登地方,37°18.0′N,136°49.7′E,10 km,1.7,---
2024/01/03,05:19:12.3,日向灘,32°27.3′N,131°43.2′E,20 km,0.1,---
2024/01/03,05:19:39.7,能登半島沖,37°32.6′N,137°21.7′E,11 km,2,---
2024/01/03,05:20:33.9,石川県能登地方,37°10.2′N,136°43.6′E,6 km,2.9,---
2024/01/03,05:20:38.4,和歌山県南部,33°44.4′N,135°31.3′E,42 km,0.5,---
2024/01/03,05:22:19.8,石川県能登地方,37°20.5′N,136°54.1′E,8 km,2.1,---
2024/01/03,05:23:42.6,石川県能登地方,37°12.5′N,136°43.4′E,4 km,3.1,---
2024/01/03,05:24:59.6,能登半島沖,37°35.0′N,137°19.8′E,10 km,2.4,---
2024/01/03,05:26:03.1,石川県能登地方,37°23.9′N,137°2.5′E,7 km,2.1,---
2024/01/03,05:27:10.8,佐渡付近,37°51.7′N,137°46.5′E,17 km,2.1,---
2024/01/03,05:27:11.5,石川県能登地方,37°21.9′N,136°54.5′E,0 km,2,---
2024/01/03,05:27:46.6,石川県能登地方,37°27.4′N,137°8.9′E,10 km,1.7,---
2024/01/03,05:28:07.8,石川県能登地方,37°13.9′N,136°47.9′E,17 km,1.8,---
2024/01/03,05:29:21.6,岩手県沖,39°5.8′N,142°23.1′E,29 km,1,---
2024/01/03,05:29:58.1,能登半島沖,37°10.2′N,136°39.6′E,6 km,2.4,---
2024/01/03,05:32:08.4,石川県能登地方,37°29.6′N,137°17.5′E,10 km,1.7,---
2024/01/03,05:32:24.0,能登半島沖,37°31.8′N,137°20.9′E,14 km,1.8,---
2024/01/03,05:32:53.3,茨城県南部,36°18.8′N,140°0.3′E,72 km,1.3,---
2024/01/03,05:33:15.5,石川県能登地方,37°13.3′N,136°47.1′E,10 km,2.2,---
2024/01/03,05:34:59.4,能登半島沖,37°16.1′N,136°37.9′E,10 km,1.7,---
2024/01/03,05:35:15.4,日向灘,31°52.8′N,131°28.0′E,44 km,0.3,---
2024/01/03,05:35:21.0,新潟県上中越沖,37°37.0′N,137°34.2′E,9 km,2.5,---
2024/01/03,05:35:48.9,石川県能登地方,37°11.7′N,136°42.3′E,5 km,2.4,---
2024/01/03,05:36:12.6,岩手県沖,39°58.4′N,141°59.5′E,86 km,2.2,---
2024/01/03,05:36:15.6,能登半島沖,37°33.8′N,137°17.7′E,3 km,1.9,---
2024/01/03,05:36:31.2,新潟県上中越沖,37°31.7′N,137°51.5′E,30 km,1.7,---
2024/01/03,05:36:40.5,石川県能登地方,37°12.2′N,136°43.2′E,7 km,3.7,---
2024/01/03,05:38:45.7,島根県西部,34°49.5′N,132°3.5′E,17 km,1.5,---
2024/01/03,05:38:55.2,石川県能登地方,37°13.2′N,136°51.6′E,12 km,1.7,---
2024/01/03,05:39:07.1,佐渡付近,37°45.6′N,137°33.0′E,17 km,2.3,---
2024/01/03,05:39:44.0,能登半島沖,37°7.4′N,136°38.2′E,9 km,1.8,---
2024/01/03,05:40:42.3,釧路沖,42°47.2′N,144°3.7′E,78 km,1,---
2024/01/03,05:41:04.2,能登半島沖,37°14.5′N,136°38.1′E,7 km,2.4,---
2024/01/03,05:41:40.1,佐賀県北部,33°20.4′N,129°54.4′E,10 km,-10.1,---
2024/01/03,05:42:17.3,福島県沖,37°49.9′N,141°37.1′E,49 km,1.3,---
2024/01/03,05:43:03.1,能登半島沖,37°35.8′N,137°25.6′E,13 km,2.7,---
2024/01/03,05:43:50.0,石川県能登地方,37°10.3′N,136°41.6′E,3 km,1.8,---
2024/01/03,05:45:54.1,鹿児島湾,31°26.7′N,130°38.8′E,9 km,-10.4,---
2024/01/03,05:45:55.3,佐渡付近,37°49.4′N,137°48.4′E,18 km,2.1,---
2024/01/03,05:47:19.9,能登半島沖,37°38.5′N,137°29.1′E,13 km,3.7,---
2024/01/03,05:47:31.9,石川県能登地方,37°10.4′N,136°41.6′E,7 km,3.3,---
2024/01/03,05:48:03.8,奄美大島北東沖,29°24.8′N,130°46.4′E,66 km,1.8,---
2024/01/03,05:49:06.9,佐渡付近,37°55.8′N,137°51.4′E,20 km,2.6,---
2024/01/03,05:49:26.6,石川県能登地方,37°11.2′N,136°43.4′E,5 km,3,---
2024/01/03,05:49:42.6,熊本県熊本地方,32°32.9′N,130°41.0′E,12 km,-10.2,---
2024/01/03,05:50:14.4,能登半島沖,37°12.1′N,136°40.4′E,1 km,2.5,---
2024/01/03,05:50:37.1,新潟県上中越沖,37°11.2′N,137°53.5′E,10 km,1.9,---
2024/01/03,05:50:54.6,石川県能登地方,37°9.9′N,136°44.3′E,6 km,2.6,---
2024/01/03,05:51:55.0,石川県能登地方,37°22.0′N,136°57.0′E,8 km,1.9,---
2024/01/03,05:52:12.8,石川県能登地方,37°22.4′N,136°49.5′E,7 km,2.2,---
2024/01/03,05:53:09.3,石川県能登地方,37°19.3′N,136°52.9′E,11 km,1.8,---
2024/01/03,05:53:11.4,熊本県熊本地方,33°2.3′N,130°31.8′E,8 km,0.3,---
2024/01/03,05:54:33.7,佐渡付近,37°48.6′N,137°43.4′E,20 km,4,---
2024/01/03,05:55:21.5,三陸沖,37°54.9′N,144°21.5′E,12 km,1.9,---
2024/01/03,05:56:03.1,佐渡付近,37°52.3′N,137°49.9′E,18 km,2.8,---
2024/01/03,05:57:05.6,佐渡付近,37°43.4′N,137°39.8′E,14 km,2.1,---
2024/01/03,05:58:23.2,能登半島沖,37°13.0′N,136°39.1′E,8 km,1.9,---
2024/01/03,05:59:23.6,長野県中部,36°13.9′N,137°39.1′E,7 km,0.3,---
2024/01/03,06:00:00.5,能登半島沖,37°8.4′N,136°40.4′E,10 km,1.9,---
2024/01/03,06:00:18.1,石川県能登地方,37°11.5′N,136°50.5′E,10 km,2,---
2024/01/03,06:00:59.5,石川県能登地方,37°19.7′N,136°51.3′E,7 km,1.6,---
2024/01/03,06:02:10.4,石川県能登地方,37°18.2′N,136°51.1′E,8 km,1.4,---
2024/01/03,06:02:35.8,能登半島沖,37°15.8′N,136°41.6′E,0 km,1.4,---
2024/01/03,06:03:54.1,東京都多摩東部,35°35.0′N,139°28.0′E,27 km,0.4,---
2024/01/03,06:04:02.2,石川県能登地方,37°13.7′N,136°43.4′E,6 km,2.3,---
2024/01/03,06:04:50.8,石川県能登地方,37°11.7′N,136°50.5′E,10 km,2,---
2024/01/03,06:06:14.2,佐渡付近,37°51.7′N,137°40.2′E,10 km,1.7,---
2024/01/03,06:06:35.7,佐渡付近,37°54.1′N,137°45.3′E,19 km,2,---
2024/01/03,06:07:32.9,能登半島沖,37°53.5′N,137°5.5′E,8 km,2.7,---
2024/01/03,06:08:20.3,能登半島沖,37°11.6′N,136°35.8′E,4 km,2.1,---
2024/01/03,06:09:07.5,能登半島沖,37°16.6′N,136°40.4′E,6 km,2.4,---
2024/01/03,06:10:21.5,石川県能登地方,37°13.7′N,136°44.5′E,8 km,1.7,---
2024/01/03,06:11:04.2,能登半島沖,37°14.1′N,136°40.7′E,10 km,2.1,---
2024/01/03,06:11:32.2,福島県沖,37°11.0′N,141°11.5′E,80 km,0.7,---
2024/01/03,06:12:30.5,石川県能登地方,37°12.9′N,136°42.9′E,4 km,2.5,---
2024/01/03,06:14:32.2,大阪府北部,34°50.2′N,135°27.1′E,12 km,0.7,---
2024/01/03,06:14:52.2,石川県能登地方,37°11.6′N,136°46.5′E,9 km,1.8,---
2024/01/03,06:15:43.1,新潟県上中越沖,37°39.2′N,137°32.9′E,15 km,1.9,---
2024/01/03,06:17:14.8,能登半島沖,37°13.0′N,136°41.3′E,8 km,1.8,---
2024/01/03,06:17:37.2,北海道東方沖,43°50.9′N,147°9.1′E,100 km,-1,---
2024/01/03,06:17:48.2,石川県能登地方,37°22.6′N,136°59.5′E,9 km,1.8,---
2024/01/03,06:17:50.2,沖縄本島近海,27°26.9′N,128°49.4′E,39 km,0.4,---
2024/01/03,06:18:16.3,石川県能登地方,37°12.2′N,136°43.9′E,4 km,2.2,---
2024/01/03,06:18:20.8,能登半島沖,37°8.1′N,136°40.3′E,7 km,2.3,---
2024/01/03,06:19:21.6,能登半島沖,37°8.5′N,136°43.9′E,3 km,2.2,---
2024/01/03,06:19:24.7,長野県中部,36°26.9′N,138°2.9′E,6 km,-10.4,---
2024/01/03,06:19:48.0,石川県能登地方,37°21.8′N,136°56.3′E,3 km,1.9,---
2024/01/03,06:21:00.5,佐渡付近,37°53.6′N,137°42.9′E,24 km,2.1,---
2024/01/03,06:21:28.1,佐渡付近,37°48.1′N,137°44.0′E,17 km,1.9,---
2024/01/03,06:22:46.3,関東東方沖,34°42.4′N,141°30.9′E,2 km,1.5,---
2024/01/03,06:24:40.5,石垣島近海,24°58.5′N,124°2.8′E,19 km,0.9,---
2024/01/03,06:25:31.7,石川県能登地方,37°27.6′N,137°8.0′E,4 km,1.8,---
2024/01/03,06:26:12.7,石川県能登地方,37°10.4′N,136°45.5′E,1 km,1.9,---
2024/01/03,06:26:46.9,富山湾,37°23.9′N,137°16.7′E,15 km,2,---
2024/01/03,06:27:55.8,日向灘,32°31.3′N,132°17.4′E,26 km,0.8,---
2024/01/03,06:29:05.7,佐渡付近,37°49.8′N,137°46.6′E,19 km,1.8,---
2024/01/03,06:29:59.0,能登半島沖,37°40.8′N,137°23.7′E,24 km,2.7,---
2024/01/03,06:30:11.1,能登半島沖,37°6.9′N,136°42.4′E,4 km,2.2,---
2024/01/03,06:30:30.5,佐渡付近,37°53.6′N,137°46.5′E,21 km,1.8,---
2024/01/03,06:30:57.7,三陸沖,38°20.4′N,144°52.7′E,26 km,1.7,---
2024/01/03,06:31:43.7,石川県能登地方,37°12.1′N,136°45.1′E,4 km,2.5,---
2024/01/03,06:32:12.1,石川県能登地方,37°15.0′N,136°50.4′E,11 km,2.3,---
2024/01/03,06:32:18.9,四国沖,33°34.1′N,134°42.5′E,53 km,0.4,---
2024/01/03,06:32:38.5,石川県能登地方,37°10.3′N,136°43.7′E,5 km,4.3,---
2024/01/03,06:33:58.6,石川県能登地方,37°15.1′N,136°51.6′E,11 km,2.4,---
2024/01/03,06:35:07.1,岩手県沖,39°48.0′N,142°36.2′E,15 km,1,---
2024/01/03,06:35:55.7,能登半島沖,37°18.1′N,136°43.2′E,24 km,1.9,---
2024/01/03,06:36:12.5,石川県能登地方,37°21.1′N,136°58.4′E,11 km,1.9,---
2024/01/03,06:37:30.9,佐渡付近,37°52.4′N,137°45.7′E,22 km,1.8,---
2024/01/03,06:38:01.3,能登半島沖,37°29.8′N,137°21.9′E,13 km,3.3,---
2024/01/03,06:39:16.3,石川県能登地方,37°29.6′N,137°10.0′E,8 km,2.2,---
2024/01/03,06:40:18.3,福島県沖,37°51.9′N,141°34.7′E,47 km,0.9,---
2024/01/03,06:41:06.4,能登半島沖,37°20.5′N,136°43.8′E,10 km,1.8,---
2024/01/03,06:41:25.9,房総半島南方沖,34°24.5′N,140°29.4′E,51 km,1.3,---
2024/01/03,06:42:21.5,能登半島沖,37°14.9′N,136°42.5′E,1 km,1.9,---
2024/01/03,06:43:01.2,能登半島沖,37°10.5′N,136°40.6′E,3 km,2.1,---
2024/01/03,06:43:01.5,鹿児島湾,31°33.3′N,130°37.8′E,30 km,0.1,---
2024/01/03,06:43:09.7,福島県沖,36°57.5′N,141°45.0′E,36 km,0.7,---
2024/01/03,06:44:13.9,能登半島沖,37°26.1′N,136°58.7′E,0 km,2.1,---
2024/01/03,06:44:26.8,能登半島沖,37°12.3′N,136°40.0′E,8 km,2.1,---
2024/01/03,06:44:54.7,能登半島沖,37°8.0′N,136°37.6′E,4 km,2.4,---
2024/01/03,06:45:25.2,石川県能登地方,37°11.0′N,136°47.5′E,9 km,3.1,---
2024/01/03,06:45:27.7,種子島近海,30°53.6′N,130°14.7′E,130 km,1.1,---
2024/01/03,06:46:14.9,島根県東部,35°19.7′N,133°17.6′E,11 km,1.1,---
2024/01/03,06:46:32.3,和歌山県北部,34°4.8′N,135°8.7′E,7 km,0.9,---
2024/01/03,06:46:41.2,能登半島沖,37°24.2′N,136°56.4′E,4 km,2.8,---
2024/01/03,06:47:29.0,石川県能登地方,37°22.0′N,136°52.6′E,12 km,1.9,---
2024/01/03,06:47:55.6,石川県能登地方,37°15.7′N,136°45.0′E,7 km,2,---
2024/01/03,06:49:21.5,長野県北部,36°57.4′N,138°30.3′E,8 km,0.8,---
2024/01/03,06:49:22.6,石川県能登地方,37°13.4′N,137°2.7′E,17 km,2.8,---
2024/01/03,06:50:07.2,石川県能登地方,37°30.0′N,137°13.8′E,6 km,1.9,---
2024/01/03,06:51:07.1,佐渡付近,37°54.5′N,137°46.9′E,18 km,2,---
2024/01/03,06:51:26.1,愛知県西部,35°13.1′N,137°27.2′E,17 km,-10.1,---
2024/01/03,06:52:31.9,石川県能登地方,37°13.0′N,136°46.8′E,9 km,2.7,---
2024/01/03,06:52:32.5,トカラ列島近海,29°56.0′N,130°2.1′E,10 km,2.3,---
2024/01/03,06:53:39.9,石川県能登地方,37°10.0′N,136°44.2′E,5 km,3,---
2024/01/03,06:54:50.2,能登半島沖,37°33.4′N,137°12.8′E,11 km,1.8,---
2024/01/03,06:55:17.2,能登半島沖,37°39.6′N,137°29.9′E,14 km,2,---
2024/01/03,06:55:58.3,兵庫県南東部,34°57.0′N,135°22.2′E,8 km,0.4,---
2024/01/03,06:56:09.6,能登半島沖,37°6.8′N,136°35.5′E,4 km,1.8,---
2024/01/03,06:56:22.2,石川県能登地方,37°26.5′N,137°9.6′E,19 km,2.2,---
2024/01/03,06:56:53.8,石川県能登地方,37°22.4′N,136°56.4′E,7 km,2,---
2024/01/03,06:57:33.1,岐阜県飛騨地方,36°2.6′N,137°34.2′E,7 km,0.3,---
2024/01/03,06:58:09.8,石川県能登地方,37°21.0′N,137°1.6′E,11 km,2.7,---
2024/01/03,06:59:10.3,佐渡付近,37°46.6′N,137°44.4′E,18 km,2.3,---
2024/01/03,06:59:25.0,岩手県沖,39°36.6′N,142°6.8′E,48 km,1.8,---
2024/01/03,07:00:34.1,三宅島近海,34°10.4′N,139°40.2′E,115 km,3,---
2024/01/03,07:00:52.1,石川県能登地方,37°21.6′N,136°59.3′E,9 km,2.1,---
2024/01/03,07:01:07.2,岩手県沖,39°36.7′N,142°6.0′E,45 km,0.6,---
2024/01/03,07:03:12.1,長野県北部,36°56.6′N,138°28.5′E,10 km,0.7,---
2024/01/03,07:03:15.7,能登半島沖,37°16.3′N,136°41.2′E,6 km,1.7,---
2024/01/03,07:04:19.5,石川県能登地方,37°4.2′N,136°44.1′E,7 km,2.9,---
2024/01/03,07:05:47.8,佐渡付近,37°45.1′N,137°37.1′E,20 km,2.3,---
2024/01/03,07:06:03.5,能登半島沖,37°26.1′N,137°2.7′E,6 km,2.7,---
2024/01/03,07:08:40.6,佐渡付近,37°49.0′N,137°40.8′E,13 km,1.8,---
2024/01/03,07:09:05.6,能登半島沖,37°34.7′N,137°26.6′E,14 km,2.3,---
2024/01/03,07:09:59.2,能登半島沖,37°23.4′N,136°44.1′E,17 km,1.9,---
2024/01/03,07:11:14.0,紀伊水道,33°47.1′N,134°48.4′E,16 km,0.8,---
2024/01/03,07:12:24.3,福島県沖,37°44.3′N,141°36.2′E,55 km,1.3,---
2024/01/03,07:12:31.9,島根県西部,35°11.6′N,132°35.0′E,13 km,0.9,---
2024/01/03,07:13:15.3,石川県能登地方,37°4.9′N,136°44.4′E,7 km,1.7,---
2024/01/03,07:13:24.2,大隅半島東方沖,31°29.8′N,131°35.8′E,29 km,0.5,---
2024/01/03,07:14:31.4,石川県能登地方,37°21.6′N,137°2.0′E,9 km,2.1,---
2024/01/03,07:14:40.6,根室半島南東沖,43°3.4′N,145°51.3′E,36 km,2,---
2024/01/03,07:14:58.4,紀伊水道,34°9.6′N,135°8.0′E,6 km,-10.1,---
2024/01/03,07:15:08.0,石川県能登地方,37°9.8′N,136°43.6′E,4 km,1.9,---
2024/01/03,07:15:33.5,石川県能登地方,37°31.1′N,137°18.4′E,10 km,2.6,---
2024/01/03,07:16:07.6,佐渡付近,37°48.7′N,137°44.0′E,21 km,2.6,---
2024/01/03,07:16:24.0,石川県能登地方,37°19.5′N,136°59.3′E,7 km,2.3,---
2024/01/03,07:16:49.3,石川県能登地方,37°13.0′N,136°53.2′E,10 km,2.2,---
2024/01/03,07:17:01.7,能登半島沖,37°9.9′N,136°39.6′E,10 km,2.3,---
2024/01/03,07:18:09.7,福島県沖,37°23.8′N,142°2.6′E,27 km,1,---
2024/01/03,07:18:30.2,日向灘,31°53.5′N,131°45.6′E,26 km,1,---
2024/01/03,07:18:32.7,石川県能登地方,37°21.6′N,136°55.3′E,10 km,2.4,---
2024/01/03,07:19:25.1,石川県能登地方,37°13.5′N,136°42.2′E,11 km,2.4,---
2024/01/03,07:19:31.7,能登半島沖,37°8.2′N,136°40.6′E,7 km,2.4,---
2024/01/03,07:21:04.2,福島県沖,37°24.3′N,141°45.8′E,44 km,1.4,---
2024/01/03,07:21:12.4,石川県能登地方,37°24.5′N,137°11.8′E,4 km,1.7,---
2024/01/03,07:21:41.0,石川県能登地方,37°17.6′N,136°45.6′E,0 km,2.1,---
2024/01/03,07:21:57.6,千葉県東方沖,35°27.1′N,140°25.1′E,54 km,0.8,---
2024/01/03,07:22:47.9,長野県中部,36°14.2′N,137°39.0′E,8 km,0.2,---
2024/01/03,07:23:14.4,能登半島沖,37°35.9′N,137°11.8′E,4 km,2.3,---
2024/01/03,07:24:49.2,佐渡付近,37°45.2′N,137°39.5′E,18 km,3.1,---
2024/01/03,07:26:01.9,石川県能登地方,37°21.9′N,136°58.0′E,4 km,1.9,---
2024/01/03,07:28:31.2,石川県能登地方,37°20.5′N,136°55.1′E,8 km,2.6,---
2024/01/03,07:32:03.1,石川県能登地方,37°19.8′N,136°47.8′E,0 km,2,---
2024/01/03,07:32:43.4,石川県能登地方,37°17.4′N,136°49.3′E,10 km,2.2,---
2024/01/03,07:32:48.9,佐渡付近,37°49.7′N,137°46.3′E,16 km,2.3,---
2024/01/03,07:33:57.3,鹿児島湾,31°26.2′N,130°38.8′E,9 km,0.1,---
2024/01/03,07:36:07.2,石川県能登地方,37°15.3′N,136°47.6′E,10 km,2.1,---
2024/01/03,07:36:42.3,能登半島沖,37°12.5′N,136°41.0′E,6 km,2.4,---
2024/01/03,07:38:00.6,石川県能登地方,37°26.8′N,137°9.7′E,12 km,1.7,---
2024/01/03,07:38:06.6,新潟県上中越沖,37°41.7′N,137°40.6′E,19 km,3.4,---
2024/01/03,07:38:36.9,宮古島近海,25°9.3′N,125°47.5′E,27 km,2.9,---
2024/01/03,07:39:34.0,佐渡付近,37°42.0′N,137°41.2′E,20 km,3.1,---
2024/01/03,07:40:06.6,能登半島沖,37°9.3′N,136°40.5′E,10 km,2.4,---
2024/01/03,07:40:53.3,石川県能登地方,37°9.4′N,136°41.1′E,7 km,2.5,---
2024/01/03,07:41:18.5,石川県能登地方,37°27.5′N,137°14.8′E,13 km,2.5,---
2024/01/03,07:43:00.4,石川県能登地方,37°22.1′N,136°58.1′E,8 km,1.9,---
2024/01/03,07:43:49.9,天草灘,32°29.8′N,129°42.8′E,11 km,-10.3,---
2024/01/03,07:44:16.1,長野県中部,36°12.4′N,137°35.4′E,3 km,0.3,---
2024/01/03,07:44:27.3,石川県能登地方,37°21.8′N,137°3.3′E,12 km,1.8,---
2024/01/03,07:44:28.7,奄美大島北東沖,29°11.8′N,130°46.7′E,78 km,1.4,---
2024/01/03,07:44:30.2,福井県嶺南,35°35.7′N,136°6.5′E,11 km,0.5,---
2024/01/03,07:44:59.6,石川県能登地方,37°24.5′N,137°4.5′E,8 km,2.2,---
2024/01/03,07:45:37.0,能登半島沖,37°39.3′N,136°43.5′E,16 km,2.4,---
2024/01/03,07:46:57.2,石川県能登地方,37°26.6′N,137°11.1′E,13 km,1.7,---
2024/01/03,07:47:58.5,佐渡付近,37°52.2′N,137°44.3′E,12 km,2.7,---
2024/01/03,07:48:08.1,十勝沖,42°29.2′N,143°41.6′E,82 km,1.1,---
2024/01/03,07:48:37.9,千葉県東方沖,35°33.9′N,141°3.6′E,18 km,1.2,---
2024/01/03,07:49:41.3,岩手県沖,39°54.1′N,142°38.6′E,34 km,1.6,---
2024/01/03,07:51:11.4,沖縄本島近海,26°58.4′N,128°46.7′E,21 km,1.2,---
2024/01/03,07:51:46.5,石川県西方沖,37°4.9′N,136°29.3′E,6 km,4,---
2024/01/03,07:52:40.3,石川県能登地方,37°23.1′N,137°12.1′E,26 km,2.7,---
2024/01/03,07:53:44.4,宮城県沖,38°46.9′N,141°45.4′E,53 km,1.1,---
2024/01/03,07:53:49.8,石川県西方沖,37°9.4′N,136°28.0′E,13 km,2.2,---
2024/01/03,07:53:57.2,石川県能登地方,37°19.5′N,136°44.2′E,6 km,2,---
2024/01/03,07:54:12.9,遠州灘,34°12.7′N,137°31.6′E,15 km,1.2,---
2024/01/03,07:54:22.4,佐渡付近,37°42.8′N,137°33.7′E,22 km,3.8,---
2024/01/03,07:55:48.9,豊後水道,32°56.7′N,132°10.4′E,38 km,0.5,---
2024/01/03,07:56:24.4,能登半島沖,37°38.4′N,137°25.6′E,11 km,2.4,---
2024/01/03,07:56:56.1,能登半島沖,37°11.5′N,136°40.7′E,7 km,2.9,---
2024/01/03,07:57:42.0,石川県西方沖,37°6.9′N,136°29.9′E,15 km,2.4,---
2024/01/03,07:58:19.3,秋田県内陸北部,40°10.9′N,140°33.4′E,11 km,1.5,---
2024/01/03,07:58:52.6,茨城県北部,36°49.4′N,140°35.2′E,6 km,-10.5,---
2024/01/03,07:59:16.9,能登半島沖,37°6.2′N,136°38.9′E,7 km,2,---
2024/01/03,07:59:42.3,石川県能登地方,37°23.1′N,136°58.0′E,5 km,1.8,---
2024/01/03,08:00:34.2,石川県能登地方,37°24.2′N,137°7.9′E,11 km,2.1,---
2024/01/03,08:01:33.5,石川県能登地方,37°21.7′N,137°2.5′E,12 km,1.7,---
2024/01/03,08:02:48.8,トカラ列島近海,29°39.8′N,130°6.6′E,0 km,1.8,---
2024/01/03,08:03:16.9,石川県能登地方,37°19.6′N,136°47.9′E,10 km,2.1,---
2024/01/03,08:03:55.2,茨城県南部,35°55.0′N,140°13.7′E,47 km,0.7,---
2024/01/03,08:04:17.9,石川県能登地方,37°26.1′N,137°9.5′E,12 km,1.8,---
2024/01/03,08:04:35.9,宮古島近海,24°39.8′N,125°12.5′E,29 km,1.2,---
2024/01/03,08:05:14.5,石川県能登地方,37°10.7′N,136°44.5′E,0 km,1.9,---
2024/01/03,08:05:43.6,佐渡付近,37°42.5′N,137°33.9′E,22 km,2.3,---
2024/01/03,08:06:56.0,石川県能登地方,37°21.4′N,136°54.3′E,2 km,2.3,---
2024/01/03,08:07:08.8,福島県沖,37°18.5′N,141°42.2′E,40 km,2.1,---
2024/01/03,08:07:32.7,石川県能登地方,37°27.6′N,137°15.5′E,11 km,2.2,---
2024/01/03,08:07:42.0,宮城県沖,38°8.7′N,142°29.5′E,23 km,1.8,---
2024/01/03,08:07:58.3,石川県能登地方,37°13.6′N,136°46.7′E,9 km,2.8,---
2024/01/03,08:09:20.5,佐渡付近,37°42.6′N,137°36.3′E,17 km,3.4,---
2024/01/03,08:09:48.3,石川県能登地方,37°11.8′N,136°53.1′E,11 km,3.1,---
2024/01/03,08:10:51.4,石川県能登地方,37°19.9′N,137°11.4′E,16 km,1.9,---
2024/01/03,08:11:10.3,石川県西方沖,37°5.0′N,136°30.1′E,9 km,2.2,---
2024/01/03,08:11:35.4,石川県能登地方,37°23.7′N,136°51.8′E,6 km,2,---
2024/01/03,08:12:34.1,能登半島沖,37°20.7′N,136°43.7′E,8 km,1.7,---
2024/01/03,08:14:48.5,石川県能登地方,37°22.3′N,136°52.3′E,0 km,2.4,---
2024/01/03,08:15:33.4,石川県能登地方,37°19.5′N,136°56.2′E,0 km,1.8,---
2024/01/03,08:15:40.5,佐渡付近,37°54.1′N,137°49.5′E,20 km,2.3,---
2024/01/03,08:16:54.6,石川県能登地方,37°20.5′N,136°47.2′E,9 km,2.4,---
2024/01/03,08:17:44.8,石川県能登地方,37°22.7′N,136°58.4′E,10 km,1.7,---
2024/01/03,08:18:11.2,山口県中部,34°16.5′N,131°32.5′E,16 km,0.3,---
2024/01/03,08:18:26.2,能登半島沖,37°15.7′N,136°41.5′E,5 km,2.3,---
2024/01/03,08:18:50.5,宮古島近海,24°49.4′N,125°15.0′E,49 km,1.3,---
2024/01/03,08:20:44.6,佐渡付近,37°47.6′N,137°43.7′E,18 km,2.4,---
2024/01/03,08:21:51.1,佐渡付近,37°44.9′N,137°40.1′E,20 km,2.3,---
2024/01/03,08:22:27.7,佐渡付近,37°47.4′N,137°44.0′E,15 km,2.6,---
2024/01/03,08:23:01.6,佐渡付近,37°45.9′N,137°35.5′E,15 km,2,---
2024/01/03,08:23:50.5,石川県西方沖,37°5.4′N,136°29.5′E,9 km,2.4,---
2024/01/03,08:23:58.3,佐渡付近,37°53.7′N,137°48.0′E,18 km,1.9,---
2024/01/03,08:24:28.4,奄美大島北東沖,29°18.2′N,130°53.7′E,25 km,1.9,---
2024/01/03,08:26:03.5,能登半島沖,37°33.9′N,137°27.5′E,0 km,1.9,---
2024/01/03,08:27:50.1,石川県能登地方,37°25.7′N,137°6.1′E,10 km,1.9,---
2024/01/03,08:28:58.9,石川県能登地方,37°24.9′N,137°10.1′E,3 km,2.1,---
2024/01/03,08:29:15.7,青森県東方沖,40°40.3′N,142°45.1′E,44 km,0.9,---
2024/01/03,08:29:52.8,石川県能登地方,37°24.7′N,137°10.0′E,1 km,2.2,---
2024/01/03,08:30:09.3,豊後水道,33°20.0′N,132°13.2′E,49 km,0.4,---
2024/01/03,08:30:28.9,長野県中部,36°10.9′N,137°59.9′E,7 km,1,---
2024/01/03,08:30:35.5,石川県能登地方,37°24.8′N,137°9.8′E,1 km,2.2,---
2024/01/03,08:30:58.7,石川県能登地方,37°15.3′N,136°52.3′E,2 km,2,---
2024/01/03,08:32:06.3,能登半島沖,37°36.8′N,137°19.5′E,6 km,2.5,---
2024/01/03,08:32:28.5,石垣島近海,24°46.2′N,124°19.0′E,76 km,0.9,---
2024/01/03,08:33:08.1,伊予灘,33°38.8′N,132°26.0′E,44 km,-1,---
2024/01/03,08:34:17.7,福島県沖,37°25.4′N,141°55.3′E,35 km,1.3,---
2024/01/03,08:34:19.0,石川県能登地方,37°21.6′N,136°59.7′E,13 km,4,---
2024/01/03,08:36:13.9,佐渡付近,37°43.4′N,137°59.8′E,21 km,2.2,---
2024/01/03,08:36:49.4,石川県能登地方,37°18.7′N,136°56.6′E,11 km,1.8,---
2024/01/03,08:37:08.5,宮古島近海,24°52.7′N,125°21.9′E,49 km,1.6,---
2024/01/03,08:38:11.1,石川県能登地方,37°29.2′N,137°13.7′E,8 km,1.7,---
2024/01/03,08:38:42.9,石川県能登地方,37°17.3′N,136°47.1′E,0 km,2.2,---
2024/01/03,08:39:12.1,石川県能登地方,37°27.0′N,137°14.5′E,13 km,2.2,---
2024/01/03,08:40:34.4,能登半島沖,37°43.7′N,136°41.3′E,0 km,3.3,---
2024/01/03,08:41:28.6,能登半島沖,37°12.8′N,136°41.4′E,7 km,3,---
2024/01/03,08:42:05.5,宮古島近海,25°9.3′N,125°50.2′E,30 km,2.1,---
2024/01/03,08:42:29.6,能登半島沖,37°15.3′N,136°38.5′E,11 km,1.7,---
2024/01/03,08:42:46.3,新潟県上中越沖,37°40.9′N,137°38.0′E,18 km,3.2,---
2024/01/03,08:43:36.3,石川県能登地方,37°9.6′N,136°53.8′E,11 km,2.3,---
2024/01/03,08:44:03.7,能登半島沖,37°37.7′N,137°26.8′E,16 km,2.7,---
2024/01/03,08:44:14.2,千島列島,45°50.8′N,149°57.1′E,169 km,3.2,---
2024/01/03,08:45:26.4,石川県能登地方,37°9.4′N,136°46.1′E,6 km,3,---
2024/01/03,08:46:50.0,石川県能登地方,37°9.7′N,136°45.8′E,6 km,1.8,---
2024/01/03,08:47:29.0,石川県能登地方,37°24.9′N,137°9.9′E,4 km,1.6,---
2024/01/03,08:47:37.9,長野県中部,36°10.7′N,137°59.5′E,3 km,-10.2,---
2024/01/03,08:48:26.2,奄美大島近海,28°4.5′N,129°24.2′E,36 km,1.4,---
2024/01/03,08:48:37.7,石川県能登地方,37°18.3′N,136°48.6′E,8 km,1.8,---
2024/01/03,08:49:07.2,福島県沖,36°55.4′N,141°3.1′E,45 km,0.5,---
2024/01/03,08:49:15.9,石川県西方沖,37°4.6′N,136°31.1′E,5 km,2,---
2024/01/03,08:50:18.2,佐渡付近,37°45.0′N,137°38.0′E,10 km,1.7,---
2024/01/03,08:53:27.0,石川県能登地方,37°11.5′N,136°41.1′E,4 km,1.8,---
2024/01/03,08:55:38.4,福島県沖,37°16.4′N,141°53.3′E,38 km,1.5,---
2024/01/03,08:56:35.1,石川県能登地方,37°10.6′N,136°49.0′E,10 km,2.5,---
2024/01/03,08:58:36.1,新潟県上中越沖,37°39.7′N,137°37.2′E,11 km,2.8,---
2024/01/03,08:59:26.2,青森県東方沖,40°49.9′N,141°30.0′E,81 km,1,---
2024/01/03,09:00:00.3,石川県能登地方,37°28.2′N,137°13.7′E,11 km,2.5,---
2024/01/03,09:02:06.3,能登半島沖,37°12.4′N,136°39.9′E,5 km,1.9,---
2024/01/03,09:02:17.6,奄美大島北東沖,29°23.6′N,130°47.5′E,59 km,2.1,---
2024/01/03,09:02:28.6,能登半島沖,37°7.3′N,136°42.9′E,3 km,2.2,---
2024/01/03,09:04:17.8,佐渡付近,37°43.1′N,137°33.0′E,16 km,2.2,---
2024/01/03,09:04:33.2,石川県能登地方,37°14.0′N,136°48.7′E,15 km,1.7,---
2024/01/03,09:04:42.8,石川県能登地方,37°27.4′N,137°10.9′E,13 km,2.3,---
2024/01/03,09:05:27.9,佐渡付近,37°54.4′N,137°41.8′E,23 km,2.9,---
2024/01/03,09:07:11.9,石川県能登地方,37°10.0′N,136°42.5′E,7 km,2.6,---
2024/01/03,09:08:28.9,能登半島沖,37°3.0′N,136°42.1′E,9 km,1.7,---
2024/01/03,09:08:45.3,佐渡付近,37°55.8′N,137°45.9′E,23 km,2.2,---
2024/01/03,09:10:06.5,茨城県沖,36°12.3′N,141°7.0′E,38 km,1.6,---
2024/01/03,09:10:42.6,石川県能登地方,37°25.4′N,137°2.7′E,7 km,2.1,---
2024/01/03,09:10:50.5,石川県能登地方,37°13.4′N,136°45.9′E,7 km,2.1,---
2024/01/03,09:11:17.6,三陸沖,39°9.1′N,143°20.2′E,2 km,1.8,---
2024/01/03,09:11:29.1,佐渡付近,37°45.4′N,137°43.9′E,19 km,2.4,---
2024/01/03,09:14:24.0,福島県沖,37°36.8′N,141°34.0′E,55 km,0.9,---
2024/01/03,09:14:24.9,佐渡付近,37°54.9′N,137°37.8′E,21 km,2.4,---
2024/01/03,09:15:47.9,佐渡付近,37°43.7′N,137°59.0′E,22 km,1.8,---
2024/01/03,09:16:38.3,石川県能登地方,37°11.6′N,136°44.0′E,8 km,2.5,---
2024/01/03,09:17:01.6,和歌山県南方沖,33°30.7′N,135°31.3′E,8 km,0.6,---
2024/01/03,09:18:15.3,石川県能登地方,37°15.2′N,136°50.8′E,14 km,3,---
2024/01/03,09:18:37.4,石川県能登地方,37°13.1′N,136°44.7′E,9 km,2.9,---
2024/01/03,09:19:16.0,新潟県上中越沖,37°29.8′N,137°38.8′E,22 km,2.8,---
2024/01/03,09:19:52.8,石川県能登地方,37°30.3′N,137°16.1′E,11 km,2.9,---
2024/01/03,09:21:07.8,兵庫県南西部,34°56.4′N,134°22.9′E,17 km,0.3,---
2024/01/03,09:22:20.3,石川県能登地方,37°23.1′N,136°55.6′E,9 km,3.3,---
2024/01/03,09:23:56.0,石川県能登地方,37°23.3′N,136°55.2′E,7 km,1.8,---
2024/01/03,09:24:10.2,能登半島沖,37°28.2′N,137°5.8′E,11 km,1.8,---
2024/01/03,09:25:11.6,石川県能登地方,37°27.8′N,137°12.7′E,13 km,2.4,---
2024/01/03,09:25:21.9,佐渡付近,37°43.0′N,137°41.6′E,18 km,2.7,---
2024/01/03,09:26:30.9,天草灘,32°20.8′N,129°49.2′E,16 km,0.1,---
2024/01/03,09:26:47.5,能登半島沖,37°37.4′N,137°29.6′E,16 km,1.7,---
2024/01/03,09:27:02.3,能登半島沖,37°38.0′N,137°28.8′E,13 km,3,---
2024/01/03,09:27:59.4,能登半島沖,37°25.3′N,136°54.4′E,7 km,2.3,---
2024/01/03,09:28:32.9,奈良県,34°12.1′N,136°0.1′E,5 km,0.2,---
2024/01/03,09:29:25.1,茨城県北部,36°45.8′N,140°34.2′E,9 km,0.6,---
2024/01/03,09:29:57.9,石川県能登地方,37°19.9′N,136°47.3′E,9 km,1.7,---
2024/01/03,09:30:09.3,土佐湾,33°23.2′N,133°58.6′E,26 km,1.2,---
2024/01/03,09:30:13.5,有明海,32°48.1′N,130°33.3′E,10 km,-10.1,---
2024/01/03,09:32:07.1,能登半島沖,37°32.6′N,137°9.7′E,0 km,1.9,---
2024/01/03,09:32:20.9,青森県東方沖,40°31.1′N,142°18.9′E,42 km,0.8,---
2024/01/03,09:35:07.7,石川県能登地方,37°22.8′N,136°47.1′E,5 km,2.1,---
2024/01/03,09:35:54.3,佐渡付近,37°50.8′N,137°42.1′E,20 km,2,---
2024/01/03,09:36:16.0,広島県南西部,34°29.4′N,132°51.5′E,31 km,1.5,---
2024/01/03,09:36:21.3,石川県能登地方,37°22.1′N,136°51.9′E,11 km,1.9,---
2024/01/03,09:37:16.7,石川県西方沖,37°5.2′N,136°30.1′E,9 km,2.5,---
2024/01/03,09:37:35.1,佐渡付近,37°51.6′N,137°49.1′E,12 km,2.1,---
2024/01/03,09:39:16.3,佐渡付近,37°52.2′N,137°50.2′E,16 km,2.2,---
2024/01/03,09:39:58.4,和歌山県北部,33°50.7′N,135°25.6′E,45 km,-10.1,---
2024/01/03,09:40:05.1,石川県能登地方,37°15.4′N,136°52.0′E,13 km,2,---
2024/01/03,09:40:53.9,能登半島沖,37°8.1′N,136°42.1′E,7 km,1.8,---
2024/01/03,09:41:30.5,京都府北部,35°36.9′N,135°5.4′E,8 km,0.5,---
2024/01/03,09:42:25.0,能登半島沖,37°7.0′N,136°42.5′E,3 km,1.7,---
2024/01/03,09:45:31.0,能登半島沖,37°27.6′N,137°4.5′E,0 km,1.8,---
2024/01/03,09:45:56.8,石川県能登地方,37°20.5′N,136°57.1′E,11 km,2.4,---
2024/01/03,09:46:19.8,茨城県沖,36°16.2′N,141°28.6′E,28 km,2.4,---
2024/01/03,09:47:36.4,択捉島南東沖,44°21.4′N,149°1.2′E,30 km,3.9,---
2024/01/03,09:47:42.7,石川県能登地方,37°11.1′N,136°45.1′E,0 km,1.7,---
2024/01/03,09:48:06.8,石川県能登地方,37°30.5′N,137°18.3′E,18 km,2.2,---
2024/01/03,09:48:35.9,石川県能登地方,37°21.3′N,136°49.4′E,9 km,2.3,---
2024/01/03,09:49:21.8,佐渡付近,37°42.2′N,137°35.1′E,21 km,2.2,---
2024/01/03,09:49:22.6,石川県能登地方,37°25.9′N,137°6.6′E,10 km,2.1,---
2024/01/03,09:50:05.1,福島県沖,37°20.2′N,141°57.3′E,36 km,1.5,---
2024/01/03,09:53:12.4,福島県沖,37°22.7′N,141°47.2′E,40 km,1.4,---
2024/01/03,09:53:38.2,佐渡付近,37°42.9′N,137°36.8′E,13 km,1.9,---
2024/01/03,09:54:28.9,能登半島沖,37°46.2′N,137°27.3′E,15 km,3.5,---
2024/01/03,09:55:25.8,石川県能登地方,37°25.0′N,137°14.0′E,16 km,1.9,---
2024/01/03,09:55:42.5,能登半島沖,37°32.7′N,137°18.6′E,3 km,2.3,---
2024/01/03,09:56:45.8,福島県沖,37°23.8′N,142°2.4′E,28 km,-1,---
2024/01/03,09:56:48.2,石川県能登地方,37°29.5′N,137°11.6′E,10 km,1.8,---
2024/01/03,09:57:57.6,大隅半島東方沖,30°48.1′N,131°27.0′E,33 km,1.8,---
2024/01/03,09:58:20.6,能登半島沖,37°36.4′N,137°16.9′E,12 km,2,---
2024/01/03,09:58:27.4,石川県能登地方,37°10.6′N,136°45.1′E,0 km,3.1,---
2024/01/03,09:59:14.3,津軽海峡,41°42.0′N,141°15.3′E,139 km,-1,---
2024/01/03,10:00:27.2,愛知県西部,35°12.1′N,137°13.8′E,40 km,1,---
2024/01/03,10:00:29.2,岩手県沿岸北部,40°9.7′N,141°34.9′E,7 km,1.2,---
2024/01/03,10:00:46.3,能登半島沖,37°7.5′N,136°39.9′E,6 km,2.9,---
2024/01/03,10:01:19.3,能登半島沖,37°7.7′N,136°39.9′E,8 km,2,---
2024/01/03,10:01:44.8,能登半島沖,37°21.0′N,136°42.5′E,8 km,1.9,---
2024/01/03,10:02:11.9,能登半島沖,37°29.3′N,137°21.6′E,11 km,2,---
2024/01/03,10:04:12.2,佐渡付近,37°51.5′N,137°47.7′E,16 km,2.2,---
2024/01/03,10:04:59.6,石川県能登地方,37°25.9′N,137°10.7′E,13 km,2,---
2024/01/03,10:06:13.9,石川県能登地方,37°29.5′N,137°17.8′E,9 km,2.2,---
2024/01/03,10:07:02.9,佐渡付近,37°50.4′N,137°43.2′E,12 km,3.2,---
2024/01/03,10:07:55.7,石川県能登地方,37°14.7′N,136°50.0′E,14 km,2.7,---
2024/01/03,10:09:13.2,能登半島沖,37°38.4′N,137°27.8′E,10 km,2.5,---
2024/01/03,10:09:49.7,石川県能登地方,37°27.8′N,137°9.9′E,9 km,1.8,---
2024/01/03,10:10:06.4,新潟県上中越沖,37°39.4′N,137°34.8′E,11 km,2.1,---
2024/01/03,10:10:08.5,宮古島近海,24°42.7′N,125°9.2′E,30 km,-1,---
2024/01/03,10:10:47.4,能登半島沖,37°12.0′N,136°39.9′E,8 km,1.9,---
2024/01/03,10:10:59.7,能登半島沖,37°21.7′N,136°40.0′E,8 km,2.5,---
2024/01/03,10:12:08.5,能登半島沖,37°19.2′N,136°40.3′E,22 km,1.9,---
2024/01/03,10:12:11.3,福島県中通り,37°3.8′N,140°27.4′E,9 km,0.5,---
2024/01/03,10:12:49.4,能登半島沖,37°8.6′N,136°41.4′E,7 km,1.7,---
2024/01/03,10:13:38.7,能登半島沖,37°21.0′N,136°44.5′E,0 km,1.8,---
2024/01/03,10:14:14.6,土佐湾,33°23.3′N,133°58.2′E,23 km,0.2,---
2024/01/03,10:14:23.5,宮城県沖,38°53.0′N,142°26.4′E,34 km,0.9,---
2024/01/03,10:16:11.2,石川県能登地方,37°19.7′N,136°45.6′E,9 km,2.7,---
2024/01/03,10:16:20.6,福島県沖,37°14.1′N,142°11.6′E,20 km,1.9,---
2024/01/03,10:16:47.8,新潟県上中越沖,37°38.1′N,137°37.6′E,12 km,2.8,---
2024/01/03,10:17:23.5,紀伊水道,34°8.6′N,135°6.1′E,8 km,0.7,---
2024/01/03,10:17:47.4,愛知県西部,34°56.4′N,137°22.4′E,37 km,0.3,---
2024/01/03,10:18:15.1,新潟県上中越沖,37°38.3′N,137°33.9′E,12 km,2.6,---
2024/01/03,10:19:31.7,能登半島沖,37°38.7′N,137°20.7′E,19 km,1.7,---
2024/01/03,10:20:07.1,能登半島沖,37°26.6′N,136°57.4′E,3 km,2.1,---
2024/01/03,10:20:28.8,宮城県北部,38°55.7′N,140°53.3′E,6 km,0.5,---
2024/01/03,10:20:46.6,岐阜県美濃中西部,35°38.0′N,137°1.4′E,4 km,0,---
2024/01/03,10:21:03.6,石川県能登地方,37°24.9′N,137°2.1′E,7 km,1.7,---
2024/01/03,10:22:03.0,佐渡付近,37°55.9′N,137°41.4′E,20 km,1.9,---
2024/01/03,10:22:29.1,能登半島沖,37°40.1′N,137°25.0′E,13 km,1.9,---
2024/01/03,10:22:53.0,能登半島沖,37°13.6′N,136°40.1′E,6 km,1.8,---
2024/01/03,10:22:54.1,日向灘,31°43.8′N,131°49.6′E,35 km,1.5,---
2024/01/03,10:23:26.8,能登半島沖,37°32.0′N,137°10.9′E,7 km,2.9,---
2024/01/03,10:24:19.5,日向灘,31°43.8′N,131°50.5′E,34 km,1.4,---
2024/01/03,10:24:51.6,石川県能登地方,37°21.5′N,136°57.9′E,13 km,3.2,---
2024/01/03,10:26:29.8,岩手県沿岸北部,40°9.2′N,141°33.6′E,9 km,0,---
2024/01/03,10:26:38.4,熊本県天草・芦北地方,32°19.7′N,130°27.7′E,10 km,-10.2,---
2024/01/03,10:26:44.7,石川県能登地方,37°11.8′N,136°44.9′E,10 km,2.5,---
2024/01/03,10:30:41.3,能登半島沖,37°39.6′N,137°17.3′E,13 km,1.7,---
2024/01/03,10:31:09.8,石川県能登地方,37°20.4′N,136°51.9′E,8 km,2.2,---
2024/01/03,10:31:44.7,石川県能登地方,37°21.4′N,136°51.4′E,12 km,1.8,---
2024/01/03,10:32:08.8,高知県西部,33°8.3′N,132°46.5′E,5 km,0.3,---
2024/01/03,10:33:32.4,茨城県南部,36°9.6′N,140°10.0′E,59 km,0.5,---
2024/01/03,10:34:01.5,能登半島沖,37°21.6′N,136°40.8′E,10 km,1.8,---
2024/01/03,10:34:56.6,能登半島沖,37°12.9′N,136°41.0′E,7 km,2.1,---
2024/01/03,10:35:27.2,天草灘,32°34.5′N,129°50.0′E,11 km,0.3,---
2024/01/03,10:35:49.2,石川県能登地方,37°12.6′N,136°46.7′E,7 km,1.7,---
2024/01/03,10:35:56.3,茨城県沖,36°8.7′N,141°56.9′E,11 km,2.7,---
2024/01/03,10:36:01.5,石川県能登地方,37°28.3′N,137°9.5′E,13 km,2.4,---
2024/01/03,10:36:02.3,佐渡付近,37°52.8′N,137°49.5′E,19 km,3.7,---
2024/01/03,10:36:06.9,熊本県熊本地方,32°24.8′N,130°44.6′E,11 km,0.1,---
2024/01/03,10:37:53.1,愛知県西部,35°12.0′N,137°14.0′E,41 km,1,---
2024/01/03,10:37:55.4,宮城県沖,38°22.3′N,141°6.0′E,79 km,0.8,---
2024/01/03,10:38:00.0,能登半島沖,37°16.2′N,136°42.8′E,10 km,1.7,---
2024/01/03,10:40:22.6,能登半島沖,37°31.2′N,137°10.2′E,10 km,2.4,---
2024/01/03,10:41:15.7,新潟県上中越沖,37°39.7′N,137°34.7′E,15 km,2.5,---
2024/01/03,10:41:24.2,青森県東方沖,41°35.6′N,141°32.1′E,120 km,1.6,---
2024/01/03,10:41:42.1,石川県能登地方,37°21.3′N,136°52.2′E,0 km,2.4,---
2024/01/03,10:43:24.8,富山県東部,36°29.0′N,137°26.7′E,9 km,0.3,---
2024/01/03,10:43:32.6,台湾付近,23°35.6′N,121°33.1′E,29 km,4,---
2024/01/03,10:44:00.5,石川県能登地方,37°11.0′N,136°48.9′E,12 km,2.6,---
2024/01/03,10:46:27.4,佐渡付近,37°54.9′N,137°42.5′E,20 km,2.4,---
2024/01/03,10:46:29.5,茨城県沖,36°32.5′N,140°47.8′E,50 km,1.2,---
2024/01/03,10:46:43.5,和歌山県南部,33°43.5′N,135°26.2′E,15 km,0.1,---
2024/01/03,10:46:56.5,相模湾,35°7.5′N,139°16.7′E,1 km,0.1,---
2024/01/03,10:47:10.2,能登半島沖,37°8.0′N,136°39.9′E,7 km,2.1,---
2024/01/03,10:47:16.9,石川県能登地方,37°14.7′N,136°51.3′E,0 km,2.4,---
2024/01/03,10:47:57.8,能登半島沖,37°21.4′N,136°41.2′E,10 km,1.9,---
2024/01/03,10:48:42.4,佐渡付近,37°51.1′N,137°46.3′E,20 km,3.2,---
2024/01/03,10:49:05.7,石川県能登地方,37°14.9′N,136°44.8′E,9 km,3.1,---
2024/01/03,10:50:24.2,東京都多摩東部,35°42.6′N,139°22.7′E,102 km,2,---
2024/01/03,10:50:27.0,石川県能登地方,37°26.2′N,137°5.6′E,7 km,2.1,---
2024/01/03,10:51:24.9,石川県能登地方,37°22.1′N,136°54.8′E,9 km,1.9,---
2024/01/03,10:52:10.6,石川県能登地方,37°21.3′N,136°47.5′E,10 km,1.9,---
2024/01/03,10:53:10.5,能登半島沖,37°25.6′N,136°27.9′E,9 km,2.5,---
2024/01/03,10:53:48.3,石川県能登地方,37°12.0′N,136°45.7′E,7 km,2,---
2024/01/03,10:54:35.0,石川県能登地方,37°22.4′N,136°52.3′E,13 km,5.6,---
2024/01/03,10:58:35.3,能登半島沖,37°24.9′N,136°56.4′E,4 km,2.7,---
2024/01/03,11:00:22.2,福島県沖,37°44.8′N,141°51.3′E,43 km,2.1,---
2024/01/03,11:00:51.0,能登半島沖,37°29.9′N,137°21.8′E,8 km,1.3,---
2024/01/03,11:01:12.5,能登半島沖,37°12.1′N,136°40.7′E,5 km,1.6,---
2024/01/03,11:02:13.2,石川県能登地方,37°22.7′N,136°51.2′E,9 km,2,---
2024/01/03,11:02:40.8,石川県能登地方,37°12.0′N,136°43.4′E,6 km,1.4,---
2024/01/03,11:03:13.6,石川県能登地方,37°21.6′N,137°6.2′E,12 km,1.3,---
2024/01/03,11:04:05.8,新潟県上中越沖,37°39.7′N,137°40.6′E,22 km,2.2,---
2024/01/03,11:04:45.2,石川県能登地方,37°22.1′N,136°53.1′E,6 km,2.3,---
2024/01/03,11:04:55.8,石川県能登地方,37°14.4′N,136°47.7′E,9 km,2.5,---
2024/01/03,11:05:19.4,石川県能登地方,37°10.7′N,136°46.5′E,8 km,2.1,---
2024/01/03,11:05:30.5,石川県能登地方,37°21.6′N,136°52.4′E,10 km,2.3,---
2024/01/03,11:06:13.8,石川県能登地方,37°11.6′N,136°43.6′E,7 km,1.2,---
2024/01/03,11:07:54.8,石川県能登地方,37°22.7′N,136°52.1′E,10 km,2,---
2024/01/03,11:09:33.6,富山県東部,36°30.3′N,137°30.0′E,8 km,0.5,---
2024/01/03,11:09:35.4,宮崎県北部平野部,32°22.2′N,131°27.3′E,62 km,0.2,---
2024/01/03,11:09:47.1,石川県能登地方,37°14.9′N,136°44.6′E,12 km,1.4,---
2024/01/03,11:11:04.0,石川県能登地方,37°13.6′N,136°48.1′E,3 km,1,---
2024/01/03,11:11:33.6,能登半島沖,37°7.9′N,136°41.4′E,9 km,0.6,---
2024/01/03,11:11:50.5,石川県能登地方,37°21.8′N,136°54.7′E,6 km,2,---
2024/01/03,11:11:56.7,能登半島沖,37°25.1′N,136°59.9′E,19 km,2.2,---
2024/01/03,11:12:13.2,新潟県上中越沖,37°38.9′N,137°37.3′E,0 km,3,---
2024/01/03,11:13:32.7,能登半島沖,37°25.0′N,136°56.2′E,0 km,2.7,---
2024/01/03,11:14:26.5,能登半島沖,37°6.7′N,136°39.0′E,9 km,1.7,---
2024/01/03,11:14:53.1,石川県能登地方,37°27.8′N,137°10.6′E,14 km,2,---
2024/01/03,11:15:06.9,石川県能登地方,37°21.1′N,136°54.9′E,0 km,2.1,---
2024/01/03,11:15:47.2,宗谷地方北部,45°2.8′N,141°53.8′E,0 km,1.1,---
2024/01/03,11:15:55.2,能登半島沖,37°5.8′N,136°43.7′E,7 km,1.1,---
2024/01/03,11:16:14.2,新潟県上中越沖,37°41.8′N,137°38.4′E,20 km,2.3,---
2024/01/03,11:16:25.6,福島県沖,37°48.9′N,141°35.1′E,49 km,0.7,---
2024/01/03,11:16:47.8,能登半島沖,37°19.1′N,136°43.6′E,8 km,1.9,---
2024/01/03,11:16:53.0,佐渡付近,37°54.0′N,137°43.6′E,23 km,2.3,---
2024/01/03,11:18:02.0,石川県能登地方,37°15.6′N,136°46.3′E,8 km,1.5,---
2024/01/03,11:18:42.8,宮城県沖,37°57.6′N,141°48.4′E,38 km,1.6,---
2024/01/03,11:18:46.4,和歌山県北部,34°1.9′N,135°19.0′E,8 km,-10.3,---
2024/01/03,11:18:47.8,石川県能登地方,37°18.1′N,136°46.7′E,5 km,1.5,---
2024/01/03,11:19:36.9,石川県能登地方,37°25.7′N,137°6.1′E,9 km,1.9,---
2024/01/03,11:19:57.6,石川県能登地方,37°23.3′N,136°52.4′E,1 km,1.7,---
2024/01/03,11:20:31.8,能登半島沖,37°30.4′N,137°24.3′E,14 km,2.3,---
2024/01/03,11:20:42.5,佐渡付近,37°51.8′N,137°46.2′E,13 km,2.4,---
2024/01/03,11:21:37.6,石川県能登地方,37°13.6′N,136°47.4′E,8 km,1.3,---
2024/01/03,11:22:13.5,石川県能登地方,37°20.6′N,136°53.3′E,11 km,2.2,---
2024/01/03,11:22:59.2,石川県能登地方,37°22.8′N,136°52.4′E,10 km,1.7,---
2024/01/03,11:23:21.8,佐渡付近,37°50.8′N,137°42.2′E,21 km,1.9,---
2024/01/03,11:24:03.5,佐渡付近,37°43.1′N,137°38.3′E,13 km,2.9,---
2024/01/03,11:24:15.6,能登半島沖,37°15.4′N,136°41.6′E,6 km,2.5,---
2024/01/03,11:24:41.7,能登半島沖,37°6.2′N,136°35.1′E,0 km,1.8,---
2024/01/03,11:25:07.0,佐渡付近,37°46.0′N,137°40.6′E,15 km,2.2,---
2024/01/03,11:26:03.8,能登半島沖,37°26.2′N,137°2.4′E,5 km,1.7,---
2024/01/03,11:27:05.1,石川県能登地方,37°24.5′N,137°9.0′E,5 km,1.9,---
2024/01/03,11:27:40.0,佐渡付近,37°52.6′N,137°51.7′E,15 km,1.6,---
2024/01/03,11:28:21.0,能登半島沖,37°7.8′N,136°41.6′E,11 km,1.4,---
2024/01/03,11:28:46.3,石川県能登地方,37°12.7′N,136°45.3′E,10 km,1.3,---
2024/01/03,11:29:21.6,能登半島沖,37°23.8′N,136°47.0′E,14 km,2.3,---
2024/01/03,11:29:43.4,神奈川県西部,35°35.3′N,139°21.7′E,52 km,1.1,---
2024/01/03,11:29:57.3,秋田県内陸北部,40°22.1′N,140°51.6′E,3 km,0.1,---
2024/01/03,11:30:11.0,石川県能登地方,37°22.1′N,136°56.4′E,6 km,1.7,---
2024/01/03,11:30:23.9,佐渡付近,37°44.8′N,137°37.2′E,19 km,2.3,---
2024/01/03,11:31:40.0,宮城県沖,38°23.4′N,142°5.9′E,35 km,1.6,---
2024/01/03,11:32:49.0,佐渡付近,37°54.0′N,137°42.4′E,16 km,2.1,---
2024/01/03,11:32:59.3,愛知県東部,34°56.6′N,137°26.1′E,37 km,0.3,---
2024/01/03,11:33:16.0,石川県能登地方,37°21.4′N,136°56.6′E,14 km,1.3,---
2024/01/03,11:33:56.2,能登半島沖,37°8.6′N,136°41.8′E,7 km,2.3,---
2024/01/03,11:35:17.8,石川県能登地方,37°21.9′N,137°0.3′E,8 km,2.1,---
2024/01/03,11:36:05.4,石川県能登地方,37°21.2′N,136°52.8′E,7 km,1.7,---
2024/01/03,11:36:48.0,石川県能登地方,37°20.9′N,136°57.5′E,12 km,3,---
2024/01/03,11:37:10.6,岩手県沖,39°7.9′N,142°23.4′E,24 km,1.3,---
2024/01/03,11:38:05.1,石川県能登地方,37°23.1′N,136°52.2′E,11 km,2.4,---
2024/01/03,11:39:40.4,秋田県内陸北部,40°22.6′N,140°52.2′E,4 km,0.6,---
2024/01/03,11:39:52.8,能登半島沖,37°31.3′N,137°14.7′E,14 km,1.5,---
2024/01/03,11:40:28.7,能登半島沖,37°13.1′N,136°37.9′E,0 km,2.5,---
2024/01/03,11:40:46.4,三陸沖,39°16.9′N,143°36.4′E,11 km,1.4,---
2024/01/03,11:41:14.7,岩手県沖,39°32.0′N,142°36.3′E,44 km,2,---
2024/01/03,11:42:54.4,佐渡付近,37°51.5′N,137°50.6′E,19 km,3.1,---
2024/01/03,11:44:18.1,石川県能登地方,37°15.1′N,136°48.9′E,13 km,1.5,---
2024/01/03,11:44:57.4,佐渡付近,37°43.1′N,137°36.6′E,9 km,2.3,---
2024/01/03,11:45:56.3,能登半島沖,37°13.9′N,136°39.2′E,4 km,2.2,---
2024/01/03,11:46:38.4,茨城県北部,36°49.3′N,140°31.8′E,9 km,0.9,---
2024/01/03,11:47:42.0,能登半島沖,37°37.7′N,137°23.1′E,13 km,1.8,---
2024/01/03,11:48:28.0,石川県能登地方,37°27.5′N,137°12.1′E,12 km,4.2,---
2024/01/03,11:51:12.4,石川県西方沖,37°4.9′N,136°29.3′E,7 km,3.1,---
2024/01/03,11:52:13.0,石川県能登地方,37°23.0′N,136°55.6′E,9 km,2.1,---
2024/01/03,11:52:25.8,石川県能登地方,37°19.6′N,136°49.1′E,8 km,2.2,---
2024/01/03,11:53:09.2,石川県能登地方,37°23.5′N,137°3.8′E,10 km,2.5,---
2024/01/03,11:54:05.9,石川県能登地方,37°10.6′N,136°53.1′E,11 km,1.6,---
2024/01/03,11:54:19.8,石川県能登地方,37°12.9′N,136°52.5′E,10 km,1.9,---
2024/01/03,11:54:22.9,宗谷地方北部,45°2.9′N,141°53.7′E,0 km,1,---
2024/01/03,11:54:39.6,能登半島沖,37°15.7′N,136°28.3′E,6 km,2.4,---
2024/01/03,11:54:52.5,十勝地方北部,43°35.1′N,143°45.6′E,6 km,0.2,---
2024/01/03,11:55:08.3,能登半島沖,37°7.1′N,136°41.3′E,0 km,1.5,---
2024/01/03,11:55:27.0,熊本県天草・芦北地方,32°12.7′N,130°20.6′E,12 km,-10.5,---
2024/01/03,11:56:24.5,石川県能登地方,37°22.1′N,136°52.1′E,11 km,1.7,---
2024/01/03,11:56:35.6,鳥取県東部,35°12.8′N,134°14.1′E,9 km,1.1,---
2024/01/03,11:56:47.9,北海道南西沖,42°9.3′N,139°13.8′E,11 km,1.2,---
2024/01/03,11:56:51.3,宮城県沖,38°53.3′N,142°26.8′E,35 km,1.1,---
2024/01/03,11:57:49.3,石川県能登地方,37°25.9′N,137°6.0′E,6 km,3.7,---
2024/01/03,12:00:08.9,宮崎県北部山沿い,32°43.8′N,131°15.0′E,13 km,0.4,---
2024/01/03,12:00:55.8,佐渡付近,37°44.0′N,137°37.7′E,15 km,2,---
2024/01/03,12:01:30.7,石川県西方沖,37°4.6′N,136°30.1′E,0 km,2,---
2024/01/03,12:01:53.2,沖縄本島近海,26°48.5′N,128°7.6′E,33 km,1.5,---
2024/01/03,12:02:17.5,石川県西方沖,37°5.1′N,136°29.7′E,9 km,2.9,---
2024/01/03,12:02:41.8,石川県能登地方,37°11.8′N,136°45.9′E,2 km,3.4,---
2024/01/03,12:03:28.7,能登半島沖,37°34.2′N,136°57.5′E,4 km,2.3,---
2024/01/03,12:04:56.7,能登半島沖,37°6.2′N,136°38.6′E,10 km,2.1,---
2024/01/03,12:04:59.9,佐渡付近,37°44.3′N,137°58.9′E,19 km,1.9,---
2024/01/03,12:06:00.7,茨城県北部,36°46.5′N,140°34.4′E,7 km,-10.2,---
2024/01/03,12:06:05.5,佐渡付近,37°46.5′N,137°39.7′E,20 km,2.2,---
2024/01/03,12:07:16.7,能登半島沖,37°31.6′N,137°14.6′E,13 km,1.8,---
2024/01/03,12:07:37.1,石川県能登地方,37°10.9′N,136°42.3′E,7 km,2.1,---
2024/01/03,12:08:05.5,新潟県上中越沖,37°37.9′N,137°37.7′E,13 km,2.4,---
2024/01/03,12:08:41.1,石川県能登地方,37°20.4′N,136°58.7′E,12 km,1.7,---
2024/01/03,12:08:52.8,石川県能登地方,37°27.9′N,137°8.9′E,11 km,2.8,---
2024/01/03,12:10:05.0,和歌山県南方沖,33°29.4′N,135°28.3′E,10 km,0.8,---
2024/01/03,12:10:09.5,石川県能登地方,37°15.1′N,136°45.2′E,10 km,1.6,---
2024/01/03,12:10:48.5,石川県能登地方,37°12.9′N,136°49.6′E,5 km,1.6,---
2024/01/03,12:11:16.0,石川県能登地方,37°14.2′N,136°52.1′E,12 km,2.3,---
2024/01/03,12:11:49.8,能登半島沖,37°18.0′N,136°41.5′E,9 km,1.5,---
2024/01/03,12:12:41.8,千葉県東方沖,35°46.7′N,140°54.0′E,17 km,1,---
2024/01/03,12:12:45.0,佐渡付近,37°48.0′N,137°40.0′E,13 km,1.6,---
2024/01/03,12:13:48.2,新潟県上中越沖,37°37.1′N,137°32.2′E,16 km,2.4,---
2024/01/03,12:13:49.1,能登半島沖,37°14.7′N,136°42.8′E,4 km,2.1,---
2024/01/03,12:14:20.9,福島県沖,37°48.5′N,141°39.8′E,55 km,1,---
2024/01/03,12:15:43.4,石川県能登地方,37°14.9′N,136°46.7′E,7 km,-1,---
2024/01/03,12:16:12.5,石川県能登地方,37°25.5′N,137°6.6′E,9 km,1.7,---
2024/01/03,12:16:49.8,石川県能登地方,37°13.9′N,136°47.0′E,10 km,1.5,---
2024/01/03,12:16:59.9,石川県能登地方,37°13.4′N,136°44.2′E,8 km,1.6,---
2024/01/03,12:17:46.5,石川県能登地方,37°21.7′N,136°54.3′E,9 km,2.1,---
2024/01/03,12:18:39.0,能登半島沖,37°45.1′N,137°26.6′E,13 km,1.8,---
2024/01/03,12:19:06.0,石川県能登地方,37°15.3′N,136°46.3′E,9 km,1.5,---
2024/01/03,12:20:43.8,能登半島沖,37°8.8′N,136°41.6′E,14 km,1.3,---
2024/01/03,12:21:16.5,石川県能登地方,37°9.6′N,136°41.4′E,9 km,1.4,---
2024/01/03,12:21:39.5,沖縄本島近海,27°8.6′N,128°18.4′E,11 km,0.9,---
2024/01/03,12:21:53.1,石川県能登地方,37°10.8′N,136°41.8′E,4 km,1.8,---
2024/01/03,12:22:06.2,青森県津軽北部,40°37.5′N,140°52.0′E,0 km,0.2,---
2024/01/03,12:22:29.5,石川県能登地方,37°11.2′N,136°49.3′E,11 km,1.3,---
2024/01/03,12:23:01.4,鳥島近海,31°26.4′N,138°47.9′E,394 km,3.3,---
2024/01/03,12:23:19.2,能登半島沖,37°30.3′N,137°3.8′E,12 km,1.6,---
2024/01/03,12:23:19.8,佐渡付近,37°51.8′N,137°40.9′E,15 km,2.1,---
2024/01/03,12:24:01.1,佐渡付近,37°44.7′N,137°37.7′E,21 km,1.9,---
2024/01/03,12:24:03.6,石川県能登地方,37°22.6′N,137°1.5′E,13 km,1.7,---
2024/01/03,12:24:38.1,石川県能登地方,37°22.4′N,136°54.8′E,9 km,2.1,---
2024/01/03,12:25:20.3,佐渡付近,37°54.9′N,137°44.7′E,23 km,2.2,---
2024/01/03,12:26:27.8,石川県能登地方,37°18.7′N,136°44.7′E,10 km,1.6,---
2024/01/03,12:26:45.1,石川県能登地方,37°21.2′N,136°54.1′E,0 km,1.7,---
2024/01/03,12:27:16.2,石川県能登地方,37°12.0′N,136°42.1′E,2 km,2.1,---
2024/01/03,12:28:23.2,茨城県沖,36°15.6′N,140°56.5′E,37 km,0.6,---
2024/01/03,12:28:29.3,能登半島沖,37°11.9′N,136°39.5′E,8 km,3.2,---
2024/01/03,12:31:27.5,石川県能登地方,37°25.0′N,137°8.6′E,5 km,2,---
2024/01/03,12:31:29.1,宗谷地方北部,45°2.7′N,141°52.4′E,0 km,0.5,---
2024/01/03,12:31:54.1,石川県能登地方,37°31.7′N,137°15.6′E,4 km,2.4,---
2024/01/03,12:33:56.0,石川県能登地方,37°22.3′N,136°56.4′E,8 km,1.4,---
2024/01/03,12:34:18.4,石川県能登地方,37°20.1′N,137°1.2′E,9 km,2.2,---
2024/01/03,12:34:32.3,石川県能登地方,37°18.7′N,136°46.1′E,7 km,2.6,---
2024/01/03,12:35:11.4,佐渡付近,37°54.3′N,137°44.6′E,27 km,2,---
2024/01/03,12:36:34.4,石川県能登地方,37°20.4′N,136°49.6′E,11 km,2.4,---
2024/01/03,12:37:23.1,能登半島沖,37°14.2′N,136°38.4′E,5 km,4.3,---
2024/01/03,12:39:30.1,能登半島沖,37°15.0′N,136°38.7′E,4 km,1.8,---
2024/01/03,12:40:07.7,熊本県熊本地方,32°40.8′N,130°44.5′E,11 km,0.5,---
2024/01/03,12:40:18.4,石川県能登地方,37°20.0′N,136°58.3′E,13 km,2.1,---
2024/01/03,12:40:45.2,能登半島沖,37°18.7′N,136°42.6′E,3 km,2.1,---
2024/01/03,12:43:15.5,佐渡付近,37°52.7′N,137°46.7′E,19 km,2.9,---
2024/01/03,12:43:42.2,十勝地方中部,42°50.8′N,143°37.4′E,115 km,1.2,---
2024/01/03,12:44:34.7,熊本県阿蘇地方,32°59.2′N,131°5.0′E,11 km,0.4,---
2024/01/03,12:44:45.2,佐渡付近,37°46.9′N,138°6.0′E,20 km,2.7,---
2024/01/03,12:46:08.7,石川県能登地方,37°18.2′N,136°47.2′E,0 km,1.1,---
2024/01/03,12:46:33.0,日向灘,31°44.2′N,131°52.2′E,24 km,0.5,---
2024/01/03,12:46:37.9,佐渡付近,37°46.6′N,138°5.9′E,19 km,2.9,---
2024/01/03,12:47:59.4,能登半島沖,37°17.8′N,136°44.9′E,7 km,2,---
2024/01/03,12:48:17.4,佐渡付近,37°46.6′N,138°5.9′E,20 km,4.1,---
2024/01/03,12:49:58.4,石川県能登地方,37°24.3′N,136°52.8′E,11 km,1.6,---
2024/01/03,12:50:17.6,岩手県沖,40°8.2′N,142°19.2′E,39 km,1.2,---
2024/01/03,12:50:57.9,佐渡付近,37°54.6′N,137°45.3′E,23 km,2.5,---
2024/01/03,12:51:34.7,石川県能登地方,37°25.0′N,137°11.7′E,15 km,2.2,---
2024/01/03,12:51:52.6,富山県東部,36°28.8′N,137°26.1′E,8 km,2.5,---
2024/01/03,12:53:39.1,石川県能登地方,37°30.1′N,137°14.6′E,11 km,1.9,---
2024/01/03,12:54:01.9,和歌山県北部,34°0.0′N,135°13.4′E,7 km,0.3,---
2024/01/03,12:54:06.3,石川県能登地方,37°17.2′N,136°47.1′E,4 km,1.8,---
2024/01/03,12:54:11.2,新潟県上中越沖,37°38.5′N,137°36.3′E,22 km,-1,---
2024/01/03,12:54:15.0,新潟県上中越沖,37°38.8′N,137°36.4′E,23 km,5,---
2024/01/03,12:55:29.9,石川県能登地方,37°27.2′N,137°8.7′E,11 km,4.1,---
2024/01/03,12:57:01.0,石川県能登地方,37°18.5′N,136°48.3′E,13 km,2.3,---
2024/01/03,12:59:31.1,能登半島沖,37°33.6′N,137°22.4′E,10 km,2,---
2024/01/03,13:00:06.5,佐渡付近,37°53.7′N,137°46.4′E,19 km,2.4,---
2024/01/03,13:00:47.2,石川県能登地方,37°29.7′N,137°14.4′E,8 km,1.3,---
2024/01/03,13:01:31.9,石川県能登地方,37°20.7′N,136°48.9′E,7 km,2.3,---
2024/01/03,13:02:23.5,能登半島沖,37°36.6′N,137°6.3′E,2 km,2.2,---
2024/01/03,13:02:30.5,石川県能登地方,37°28.5′N,137°9.9′E,11 km,2.1,---
2024/01/03,13:02:57.6,石川県能登地方,37°22.2′N,136°59.2′E,6 km,2.4,---
2024/01/03,13:04:02.7,能登半島沖,37°13.2′N,136°40.3′E,4 km,1.7,---
2024/01/03,13:04:32.1,能登半島沖,37°40.3′N,137°26.0′E,15 km,4,---
2024/01/03,13:07:04.5,石川県能登地方,37°27.2′N,137°15.7′E,13 km,2.4,---
2024/01/03,13:07:31.8,石川県能登地方,37°19.2′N,136°48.2′E,8 km,2.4,---
2024/01/03,13:08:02.7,岩手県沖,39°43.3′N,142°27.4′E,19 km,1,---
2024/01/03,13:08:43.5,石川県能登地方,37°9.4′N,136°44.2′E,3 km,1.9,---
2024/01/03,13:09:07.7,石川県能登地方,37°21.0′N,137°8.2′E,7 km,1.6,---
2024/01/03,13:09:20.3,石川県能登地方,37°27.2′N,137°15.2′E,13 km,1.7,---
2024/01/03,13:09:40.1,長野県南部,35°53.0′N,138°5.9′E,11 km,0.4,---
2024/01/03,13:10:06.5,長野県中部,36°20.5′N,138°2.1′E,5 km,-10.2,---
2024/01/03,13:10:47.1,種子島近海,30°53.7′N,130°16.4′E,141 km,1.4,---
2024/01/03,13:10:49.5,栃木県南部,36°39.0′N,139°30.7′E,8 km,0.6,---
2024/01/03,13:10:51.8,栃木県南部,36°39.0′N,139°30.9′E,8 km,0.7,---
2024/01/03,13:11:03.2,石川県能登地方,37°17.6′N,136°49.3′E,7 km,1.1,---
2024/01/03,13:12:58.9,石川県能登地方,37°11.1′N,136°42.7′E,5 km,1.4,---
2024/01/03,13:13:03.2,日向灘,32°30.6′N,132°17.4′E,26 km,0.8,---
2024/01/03,13:14:54.2,石川県能登地方,37°20.1′N,136°57.4′E,10 km,1.1,---
2024/01/03,13:15:06.8,石川県能登地方,37°13.3′N,136°42.2′E,6 km,1.8,---
2024/01/03,13:15:20.0,石川県能登地方,37°19.2′N,136°55.6′E,13 km,1.9,---
2024/01/03,13:15:37.0,能登半島沖,37°14.0′N,136°38.9′E,6 km,2,---
2024/01/03,13:15:54.3,石川県能登地方,37°20.5′N,136°51.9′E,9 km,2.2,---
2024/01/03,13:17:26.0,佐渡付近,37°51.7′N,137°51.5′E,17 km,2.3,---
2024/01/03,13:17:44.4,新潟県上中越沖,37°38.3′N,137°35.9′E,13 km,2.7,---
2024/01/03,13:18:18.2,石川県能登地方,37°17.9′N,136°50.6′E,12 km,2.1,---
2024/01/03,13:18:48.2,石川県能登地方,37°10.7′N,136°45.6′E,4 km,1.8,---
2024/01/03,13:19:16.0,石川県能登地方,37°15.4′N,136°50.9′E,14 km,1.4,---
2024/01/03,13:19:55.7,三陸沖,39°7.4′N,143°1.6′E,20 km,1.8,---
2024/01/03,13:20:20.0,石川県能登地方,37°27.2′N,137°9.8′E,17 km,1.7,---
2024/01/03,13:20:37.5,石川県能登地方,37°17.9′N,136°45.7′E,11 km,1.5,---
2024/01/03,13:21:33.4,石川県西方沖,37°2.4′N,136°27.6′E,13 km,2,---
2024/01/03,13:21:55.9,石川県能登地方,37°22.4′N,136°51.0′E,7 km,2.6,---
2024/01/03,13:22:32.6,石川県能登地方,37°22.0′N,136°53.5′E,11 km,2,---
2024/01/03,13:23:06.0,沖縄本島近海,27°3.5′N,127°54.2′E,60 km,1,---
2024/01/03,13:24:13.7,佐渡付近,37°44.4′N,137°44.2′E,24 km,1.1,---
2024/01/03,13:25:30.4,能登半島沖,37°35.3′N,137°25.2′E,12 km,2.6,---
2024/01/03,13:26:15.7,能登半島沖,37°35.2′N,136°47.1′E,0 km,1.8,---
2024/01/03,13:26:25.1,能登半島沖,37°32.0′N,137°13.9′E,11 km,1.7,---
2024/01/03,13:26:44.3,能登半島沖,37°7.8′N,136°41.2′E,6 km,3.1,---
2024/01/03,13:27:41.8,能登半島沖,37°15.1′N,136°41.6′E,7 km,2.3,---
2024/01/03,13:27:58.6,石川県能登地方,37°12.0′N,136°51.2′E,9 km,2,---
2024/01/03,13:28:29.2,石川県能登地方,37°22.1′N,136°52.2′E,8 km,1.8,---
2024/01/03,13:28:43.3,能登半島沖,37°10.9′N,136°35.9′E,16 km,2,---
2024/01/03,13:29:43.1,石川県能登地方,37°11.5′N,136°44.0′E,8 km,1.6,---
2024/01/03,13:30:19.3,能登半島沖,37°39.5′N,137°29.6′E,15 km,2.9,---
2024/01/03,13:31:49.7,佐渡付近,37°43.2′N,137°38.3′E,15 km,1.9,---
2024/01/03,13:32:30.6,石川県能登地方,37°13.7′N,136°47.8′E,9 km,1.4,---
2024/01/03,13:32:58.7,佐渡付近,37°53.2′N,137°49.4′E,17 km,2.4,---
2024/01/03,13:33:22.7,石川県能登地方,37°9.1′N,136°43.3′E,6 km,1.8,---
2024/01/03,13:33:40.2,佐渡付近,37°42.9′N,137°30.3′E,17 km,1.8,---
2024/01/03,13:34:15.5,新潟県下越地方,38°25.5′N,139°40.7′E,10 km,1.7,---
2024/01/03,13:34:20.7,十勝沖,42°25.7′N,143°25.9′E,53 km,0.4,---
2024/01/03,13:34:25.2,石川県能登地方,37°27.3′N,137°12.2′E,13 km,1.9,---
2024/01/03,13:35:51.5,佐渡付近,37°53.4′N,137°44.3′E,22 km,0.4,---
2024/01/03,13:35:56.8,宮古島近海,24°39.3′N,125°14.7′E,49 km,1.6,---
2024/01/03,13:37:08.3,能登半島沖,37°15.6′N,136°41.7′E,6 km,0.9,---
2024/01/03,13:37:27.2,能登半島沖,37°42.2′N,137°17.4′E,21 km,1.7,---
2024/01/03,13:37:53.0,石川県能登地方,37°23.3′N,137°2.3′E,9 km,2.6,---
2024/01/03,13:39:18.2,石川県能登地方,37°21.0′N,136°52.7′E,12 km,3.2,---
2024/01/03,13:39:37.2,紀伊水道,34°7.2′N,135°8.2′E,6 km,0.4,---
2024/01/03,13:39:58.6,宮城県沖,37°57.6′N,141°47.9′E,35 km,1,---
2024/01/03,13:40:24.5,石川県能登地方,37°24.2′N,137°7.0′E,11 km,2.4,---
2024/01/03,13:40:40.4,能登半島沖,37°12.3′N,136°41.3′E,1 km,3.1,---
2024/01/03,13:41:02.3,佐渡付近,37°44.7′N,137°41.0′E,22 km,2.5,---
2024/01/03,13:41:31.0,日向灘,32°23.2′N,131°51.5′E,32 km,0.1,---
2024/01/03,13:41:47.6,能登半島沖,37°8.6′N,136°41.3′E,9 km,1.2,---
2024/01/03,13:42:05.0,石川県能登地方,37°22.4′N,136°57.1′E,9 km,1.6,---
2024/01/03,13:42:43.4,新潟県上中越沖,37°37.2′N,137°31.5′E,12 km,2.1,---
2024/01/03,13:42:48.2,茨城県北部,36°49.8′N,140°31.1′E,8 km,0,---
2024/01/03,13:43:11.1,能登半島沖,37°34.0′N,137°26.7′E,13 km,1.8,---
2024/01/03,13:43:57.2,石川県能登地方,37°27.8′N,137°12.1′E,10 km,1,---
2024/01/03,13:44:08.1,瀬戸内海中部,34°22.6′N,133°9.3′E,22 km,1.8,---
2024/01/03,13:44:09.0,能登半島沖,37°33.8′N,137°22.8′E,11 km,4.1,---
2024/01/03,13:45:52.9,石川県能登地方,37°9.2′N,136°52.0′E,11 km,2.1,---
2024/01/03,13:46:36.2,石川県能登地方,37°11.5′N,136°44.6′E,7 km,2.8,---
2024/01/03,13:47:26.0,石川県能登地方,37°15.1′N,136°49.9′E,13 km,1.3,---
2024/01/03,13:48:28.4,石川県能登地方,37°22.4′N,136°57.8′E,0 km,1.4,---
2024/01/03,13:48:53.7,佐渡付近,37°43.0′N,137°34.7′E,23 km,2.7,---
2024/01/03,13:49:58.2,石川県能登地方,37°23.1′N,136°53.6′E,0 km,1.6,---
2024/01/03,13:50:20.9,佐渡付近,37°43.5′N,137°30.9′E,28 km,1.9,---
2024/01/03,13:50:58.4,愛知県東部,35°2.3′N,137°41.2′E,9 km,0.2,---
2024/01/03,13:52:19.1,能登半島沖,37°14.0′N,136°38.8′E,16 km,1.4,---
2024/01/03,13:53:05.1,能登半島沖,37°25.3′N,136°47.1′E,4 km,1.5,---
2024/01/03,13:53:37.6,石川県能登地方,37°19.5′N,136°58.3′E,19 km,1.2,---
2024/01/03,13:54:15.6,能登半島沖,37°45.0′N,137°18.1′E,7 km,1.8,---
2024/01/03,13:54:26.2,石川県能登地方,37°11.5′N,136°42.6′E,10 km,1.5,---
2024/01/03,13:55:17.7,八丈島東方沖,32°55.6′N,142°22.2′E,63 km,3.7,---
2024/01/03,13:55:23.9,石川県能登地方,37°20.7′N,136°51.9′E,11 km,1.6,---
2024/01/03,13:55:47.8,日向灘,31°43.9′N,131°46.6′E,10 km,0.8,---
2024/01/03,13:55:51.6,石川県能登地方,37°28.0′N,137°11.8′E,13 km,1.6,---
2024/01/03,13:56:51.9,石川県能登地方,37°11.9′N,136°45.9′E,7 km,2.3,---
2024/01/03,13:57:46.1,石川県能登地方,37°18.5′N,136°50.5′E,7 km,1.7,---
2024/01/03,13:57:53.6,三重県南東沖,33°56.4′N,136°16.1′E,33 km,0.9,---
2024/01/03,13:58:01.1,石川県能登地方,37°26.3′N,137°8.2′E,11 km,2,---
2024/01/03,13:58:10.7,石川県能登地方,37°9.2′N,136°47.6′E,9 km,2.3,---
2024/01/03,13:58:37.2,石川県能登地方,37°27.4′N,137°14.9′E,14 km,2.4,---
2024/01/03,13:58:59.8,新潟県上中越沖,37°38.5′N,137°35.1′E,17 km,2.8,---
2024/01/03,13:59:36.2,石川県能登地方,37°21.3′N,137°9.6′E,15 km,2.2,---
2024/01/03,14:00:26.3,能登半島沖,37°13.9′N,136°39.7′E,13 km,1.9,---
2024/01/03,14:00:33.5,石川県能登地方,37°9.2′N,136°43.8′E,4 km,2.3,---
2024/01/03,14:01:08.1,石川県能登地方,37°13.4′N,136°49.0′E,12 km,2,---
2024/01/03,14:01:45.2,石川県能登地方,37°19.8′N,136°47.7′E,8 km,1.7,---
2024/01/03,14:01:58.5,宮古島近海,24°38.5′N,125°14.3′E,27 km,1.6,---
2024/01/03,14:02:23.3,長野県南部,35°52.0′N,137°37.4′E,6 km,-10.4,---
2024/01/03,14:02:31.0,石川県能登地方,37°22.0′N,137°1.9′E,7 km,1.8,---
2024/01/03,14:02:39.6,青森県東方沖,41°31.0′N,142°21.9′E,42 km,1,---
2024/01/03,14:03:14.5,石川県能登地方,37°9.4′N,136°44.4′E,11 km,1.2,---
2024/01/03,14:03:42.8,能登半島沖,37°7.5′N,136°42.2′E,5 km,1.7,---
2024/01/03,14:03:43.0,石川県能登地方,37°22.4′N,136°52.0′E,11 km,2.3,---
2024/01/03,14:04:08.1,能登半島沖,37°34.6′N,137°21.4′E,10 km,3.1,---
2024/01/03,14:04:36.0,石川県能登地方,37°13.7′N,136°49.1′E,11 km,2.7,---
2024/01/03,14:05:17.4,神奈川県西部,35°13.2′N,139°1.4′E,0 km,-10.3,---
2024/01/03,14:06:44.6,石川県能登地方,37°21.8′N,136°52.0′E,11 km,2.6,---
2024/01/03,14:07:36.1,石川県能登地方,37°19.4′N,136°58.9′E,7 km,1.6,---
2024/01/03,14:08:36.4,石川県能登地方,37°10.6′N,136°54.0′E,10 km,1.6,---
2024/01/03,14:09:01.6,石川県能登地方,37°13.4′N,136°47.1′E,0 km,1.7,---
2024/01/03,14:09:22.4,豊後水道,33°12.8′N,132°21.8′E,37 km,0.2,---
2024/01/03,14:09:24.9,能登半島沖,37°32.4′N,137°6.0′E,14 km,1.8,---
2024/01/03,14:10:06.0,能登半島沖,37°8.7′N,136°43.6′E,6 km,2,---
2024/01/03,14:10:59.5,石川県能登地方,37°16.0′N,136°48.4′E,11 km,1.4,---
2024/01/03,14:11:53.8,石川県西方沖,37°6.4′N,136°29.4′E,12 km,1.8,---
2024/01/03,14:12:17.6,石川県能登地方,37°19.9′N,136°57.6′E,8 km,2.4,---
2024/01/03,14:13:39.2,石川県能登地方,37°13.2′N,136°47.6′E,13 km,0.9,---
2024/01/03,14:15:02.8,奄美大島近海,27°19.9′N,129°18.2′E,27 km,-1,---
2024/01/03,14:15:09.4,能登半島沖,37°9.0′N,136°36.7′E,10 km,1.5,---
2024/01/03,14:15:49.2,佐渡付近,37°49.4′N,137°45.8′E,17 km,0.8,---
2024/01/03,14:17:32.3,佐渡付近,37°53.2′N,137°49.7′E,18 km,2.3,---
2024/01/03,14:18:53.7,石川県西方沖,37°7.6′N,136°29.0′E,12 km,1.6,---
2024/01/03,14:19:15.1,石川県能登地方,37°25.8′N,137°3.0′E,7 km,2,---
2024/01/03,14:19:17.9,宮崎県南部山沿い,31°56.3′N,131°2.0′E,8 km,-10.7,---
2024/01/03,14:19:47.9,石川県西方沖,37°4.3′N,136°30.0′E,1 km,2.3,---
2024/01/03,14:20:35.8,石川県能登地方,37°16.7′N,136°45.9′E,11 km,1.6,---
2024/01/03,14:20:43.9,茨城県沖,36°37.3′N,141°32.0′E,39 km,1.6,---
2024/01/03,14:20:47.9,福島県沖,37°46.6′N,141°34.9′E,52 km,1.1,---
2024/01/03,14:21:16.2,石川県能登地方,37°13.8′N,136°47.5′E,5 km,1.7,---
2024/01/03,14:21:23.2,石川県西方沖,37°5.0′N,136°29.1′E,9 km,1.7,---
2024/01/03,14:22:21.2,奄美大島近海,28°12.6′N,128°59.7′E,67 km,1.6,---
2024/01/03,14:22:33.3,石川県能登地方,37°9.3′N,136°42.5′E,9 km,0.9,---
2024/01/03,14:23:12.5,能登半島沖,37°32.1′N,137°12.8′E,10 km,2.1,---
2024/01/03,14:23:59.4,石川県能登地方,37°18.8′N,136°54.6′E,12 km,2.9,---
2024/01/03,14:24:47.6,佐渡付近,37°52.8′N,137°44.1′E,20 km,2.3,---
2024/01/03,14:25:46.3,新潟県上中越沖,37°41.9′N,137°33.9′E,19 km,1.7,---
2024/01/03,14:25:57.0,鹿児島湾,31°24.4′N,130°37.8′E,12 km,0,---
2024/01/03,14:26:18.8,石川県能登地方,37°17.3′N,136°46.5′E,14 km,1.3,---
2024/01/03,14:26:19.7,紀伊水道,34°10.8′N,135°7.6′E,8 km,0.2,---
2024/01/03,14:27:18.7,石川県能登地方,37°20.0′N,136°55.0′E,12 km,2,---
2024/01/03,14:27:20.9,新潟県上中越沖,37°36.1′N,137°32.6′E,15 km,3,---
2024/01/03,14:28:25.6,和歌山県南方沖,33°33.3′N,135°5.9′E,16 km,0.3,---
2024/01/03,14:28:41.9,佐渡付近,37°55.5′N,137°42.1′E,19 km,2,---
2024/01/03,14:29:32.2,北海道東方沖,43°32.8′N,147°3.6′E,91 km,2.5,---
2024/01/03,14:29:34.7,石川県能登地方,37°11.9′N,136°45.8′E,10 km,1.3,---
2024/01/03,14:29:38.8,大阪湾,34°31.0′N,135°17.0′E,11 km,0.6,---
2024/01/03,14:30:24.4,佐渡付近,37°42.0′N,137°34.6′E,23 km,2,---
2024/01/03,14:31:07.9,石川県能登地方,37°17.2′N,136°48.2′E,10 km,1,---
2024/01/03,14:31:26.1,石川県能登地方,37°12.4′N,136°44.1′E,3 km,2.8,---
2024/01/03,14:31:45.0,島根県西部,35°11.7′N,132°34.8′E,13 km,0.8,---
2024/01/03,14:32:00.9,和歌山県北部,33°56.9′N,135°14.1′E,10 km,-10.5,---
2024/01/03,14:32:19.7,石川県能登地方,37°19.6′N,137°0.6′E,14 km,2,---
2024/01/03,14:32:27.4,三陸沖,39°9.2′N,142°53.2′E,23 km,2.7,---
2024/01/03,14:33:10.1,石川県能登地方,37°24.0′N,137°7.0′E,11 km,2,---
2024/01/03,14:33:30.8,佐渡付近,37°56.0′N,137°42.7′E,25 km,2,---
2024/01/03,14:34:37.5,能登半島沖,37°26.2′N,137°0.7′E,2 km,1.5,---
2024/01/03,14:34:57.1,栃木県北部,36°58.7′N,139°28.4′E,6 km,0.5,---
2024/01/03,14:35:01.2,熊本県熊本地方,32°24.3′N,130°34.3′E,14 km,0.1,---
2024/01/03,14:35:03.7,石川県能登地方,37°3.3′N,136°48.6′E,3 km,1.9,---
2024/01/03,14:36:04.7,石川県能登地方,37°12.3′N,136°44.9′E,10 km,1.5,---
2024/01/03,14:36:07.6,佐渡付近,37°53.0′N,137°47.0′E,16 km,2,---
2024/01/03,14:36:57.3,石川県能登地方,37°13.4′N,137°1.7′E,18 km,1.3,---
2024/01/03,14:37:29.0,石川県能登地方,37°22.1′N,136°58.1′E,10 km,2.6,---
2024/01/03,14:38:03.4,岩手県沖,40°26.6′N,141°49.4′E,68 km,0.8,---
2024/01/03,14:38:32.6,石川県能登地方,37°12.9′N,136°50.5′E,11 km,1.2,---
2024/01/03,14:39:32.7,能登半島沖,37°6.6′N,136°39.5′E,0 km,0.9,---
2024/01/03,14:39:43.1,佐渡付近,38°2.3′N,137°49.7′E,11 km,2,---
2024/01/03,14:39:55.9,能登半島沖,37°22.4′N,136°43.3′E,12 km,1.3,---
2024/01/03,14:40:13.1,能登半島沖,37°38.3′N,137°24.8′E,18 km,2,---
2024/01/03,14:41:42.7,能登半島沖,37°35.6′N,137°21.5′E,13 km,1.6,---
2024/01/03,14:42:33.1,富山湾,37°24.5′N,137°15.3′E,14 km,1.6,---
2024/01/03,14:42:36.6,岐阜県美濃中西部,35°36.2′N,136°33.1′E,9 km,0.3,---
2024/01/03,14:42:56.8,能登半島沖,37°38.1′N,137°28.5′E,15 km,2.2,---
2024/01/03,14:43:33.3,石川県能登地方,37°22.3′N,136°52.2′E,11 km,1.8,---
2024/01/03,14:44:00.2,石川県能登地方,37°26.8′N,137°14.9′E,14 km,1.6,---
2024/01/03,14:44:27.9,千葉県南東沖,34°47.9′N,140°47.4′E,48 km,0.9,---
2024/01/03,14:45:01.1,石川県能登地方,37°28.0′N,137°12.0′E,11 km,1.8,---
2024/01/03,14:45:30.9,石川県能登地方,37°24.4′N,137°12.0′E,13 km,2,---
2024/01/03,14:46:10.4,石川県能登地方,37°29.3′N,137°18.0′E,12 km,2.2,---
2024/01/03,14:46:32.2,福島県沖,37°50.6′N,141°35.6′E,47 km,1,---
2024/01/03,14:47:03.8,能登半島沖,37°26.2′N,137°0.7′E,2 km,2,---
2024/01/03,14:48:20.9,日向灘,31°44.5′N,131°45.3′E,18 km,0.9,---
2024/01/03,14:48:35.8,石川県能登地方,37°8.5′N,136°47.6′E,10 km,1.2,---
2024/01/03,14:48:43.3,能登半島沖,37°35.8′N,137°25.7′E,11 km,2,---
2024/01/03,14:49:19.6,佐渡付近,37°49.0′N,137°38.2′E,23 km,3.5,---
2024/01/03,14:50:21.2,石川県能登地方,37°13.3′N,136°42.4′E,5 km,1.9,---
2024/01/03,14:51:02.3,石川県能登地方,37°22.8′N,136°50.0′E,10 km,3,---
2024/01/03,14:52:21.0,石川県能登地方,37°14.4′N,136°45.3′E,9 km,2.3,---
2024/01/03,14:52:57.8,石川県能登地方,37°14.1′N,136°47.9′E,8 km,1.9,---
2024/01/03,14:53:22.6,佐渡付近,37°43.1′N,138°20.7′E,20 km,1.8,---
2024/01/03,14:53:24.9,能登半島沖,37°7.8′N,136°42.3′E,7 km,1.9,---
2024/01/03,14:53:31.0,宮古島北西沖,26°12.4′N,124°58.1′E,217 km,3.2,---
2024/01/03,14:54:43.8,佐渡付近,37°44.6′N,137°43.0′E,18 km,2.6,---
2024/01/03,14:55:25.7,石川県能登地方,37°21.6′N,137°0.4′E,8 km,2,---
2024/01/03,14:55:36.5,能登半島沖,37°6.8′N,136°36.6′E,4 km,3.4,---
2024/01/03,14:55:48.4,豊後水道,32°54.6′N,132°4.9′E,8 km,0.8,---
2024/01/03,14:56:34.4,新潟県上中越沖,37°39.9′N,137°38.0′E,14 km,3.5,---
2024/01/03,14:58:20.1,石川県西方沖,37°5.6′N,136°29.9′E,11 km,1.7,---
2024/01/03,14:58:39.9,択捉島南東沖,44°4.6′N,147°59.7′E,115 km,2.9,---
2024/01/03,14:59:03.4,能登半島沖,37°7.5′N,136°40.1′E,8 km,1.1,---
2024/01/03,15:00:00.8,五島列島近海,32°38.1′N,129°40.8′E,4 km,-10.3,---
2024/01/03,15:00:09.0,石川県能登地方,37°14.8′N,136°47.6′E,10 km,1.8,---
2024/01/03,15:00:29.3,石川県能登地方,37°20.2′N,137°0.2′E,9 km,1.5,---
2024/01/03,15:00:46.5,佐渡付近,37°49.1′N,137°41.0′E,21 km,1.7,---
2024/01/03,15:00:47.2,能登半島沖,37°8.4′N,136°40.3′E,9 km,1.7,---
2024/01/03,15:02:12.0,石川県能登地方,37°19.8′N,136°53.3′E,0 km,1.2,---
2024/01/03,15:02:22.0,石川県能登地方,37°23.0′N,137°4.1′E,14 km,2.9,---
2024/01/03,15:03:31.9,紀伊水道,33°51.8′N,134°59.0′E,12 km,0.7,---
2024/01/03,15:04:39.4,石川県能登地方,37°11.8′N,136°42.8′E,3 km,1.7,---
2024/01/03,15:04:40.9,石川県能登地方,37°22.7′N,136°52.6′E,12 km,2.2,---
2024/01/03,15:05:47.2,石川県能登地方,37°14.8′N,136°45.9′E,10 km,1.7,---
2024/01/03,15:06:00.0,能登半島沖,37°27.8′N,137°4.8′E,8 km,1.8,---
2024/01/03,15:06:18.9,岩手県沖,40°5.9′N,141°51.8′E,37 km,0.5,---
2024/01/03,15:06:35.1,石川県能登地方,37°22.7′N,136°58.1′E,7 km,2.2,---
2024/01/03,15:08:17.3,石川県能登地方,37°20.4′N,136°50.8′E,0 km,1.8,---
2024/01/03,15:09:15.1,石川県能登地方,37°23.8′N,136°56.0′E,5 km,1.8,---
2024/01/03,15:09:56.6,新潟県上中越沖,37°40.6′N,137°35.8′E,13 km,1.7,---
2024/01/03,15:10:28.6,栃木県南部,36°31.8′N,139°45.3′E,108 km,1.6,---
2024/01/03,15:10:29.1,石川県能登地方,37°21.0′N,136°57.0′E,8 km,1.6,---
2024/01/03,15:10:32.8,十勝沖,42°32.9′N,144°8.9′E,67 km,1.8,---
2024/01/03,15:10:35.2,石川県能登地方,37°21.4′N,137°2.9′E,10 km,2.1,---
2024/01/03,15:11:12.1,石川県能登地方,37°9.7′N,136°44.4′E,5 km,2.2,---
2024/01/03,15:11:24.3,三陸沖,38°5.5′N,144°20.4′E,20 km,1.7,---
2024/01/03,15:11:35.6,能登半島沖,37°8.9′N,136°40.8′E,8 km,1.8,---
2024/01/03,15:11:38.1,鳥取県中部,35°21.6′N,133°52.2′E,10 km,0.6,---
2024/01/03,15:11:46.4,福島県沖,37°29.2′N,141°51.6′E,36 km,1.7,---
2024/01/03,15:12:51.2,石川県能登地方,37°12.8′N,136°47.3′E,9 km,1.4,---
2024/01/03,15:14:33.6,紀伊水道,34°12.9′N,135°6.1′E,8 km,-10.2,---
2024/01/03,15:15:59.6,能登半島沖,37°27.0′N,137°2.1′E,11 km,1.4,---
2024/01/03,15:16:15.7,新潟県上中越沖,37°8.7′N,137°43.0′E,42 km,1.3,---
2024/01/03,15:17:00.6,三陸沖,38°21.0′N,144°53.0′E,27 km,1.8,---
2024/01/03,15:17:41.0,石川県能登地方,37°28.3′N,137°15.9′E,12 km,3.2,---
2024/01/03,15:18:14.0,滋賀県南部,34°55.2′N,136°3.9′E,9 km,1.1,---
2024/01/03,15:18:51.8,石川県能登地方,37°29.2′N,137°14.3′E,11 km,2,---
2024/01/03,15:19:50.2,三陸沖,37°48.2′N,144°29.0′E,7 km,1.2,---
2024/01/03,15:20:39.6,石川県能登地方,37°27.4′N,137°7.2′E,0 km,1.4,---
2024/01/03,15:21:08.2,福岡県筑後地方,33°7.3′N,130°29.6′E,10 km,0.4,---
2024/01/03,15:22:03.6,石川県能登地方,37°12.0′N,136°48.8′E,13 km,1.6,---
2024/01/03,15:22:42.4,石川県能登地方,37°22.6′N,137°1.2′E,9 km,1.6,---
2024/01/03,15:23:27.1,能登半島沖,37°32.9′N,137°27.2′E,18 km,2.4,---
2024/01/03,15:24:11.8,愛媛県南予,32°57.6′N,132°32.5′E,7 km,1,---
2024/01/03,15:24:49.5,紀伊水道,33°49.3′N,134°54.3′E,16 km,0.4,---
2024/01/03,15:25:19.4,石川県能登地方,37°19.5′N,136°56.6′E,13 km,2,---
2024/01/03,15:25:36.0,石川県能登地方,37°21.6′N,136°52.6′E,6 km,2.2,---
2024/01/03,15:27:39.2,能登半島沖,37°7.4′N,136°40.2′E,7 km,2,---
2024/01/03,15:28:15.2,石川県能登地方,37°8.7′N,137°2.8′E,14 km,1.3,---
2024/01/03,15:28:30.8,群馬県南部,36°20.2′N,139°12.4′E,15 km,0.2,---
2024/01/03,15:29:16.5,能登半島沖,37°8.7′N,136°38.0′E,13 km,1.5,---
2024/01/03,15:30:02.2,石川県能登地方,37°24.2′N,137°0.9′E,5 km,2.9,---
2024/01/03,15:32:14.9,石川県能登地方,37°18.6′N,136°46.3′E,10 km,1.7,---
2024/01/03,15:32:27.2,石川県能登地方,37°22.0′N,136°49.4′E,0 km,2.1,---
2024/01/03,15:33:21.8,石川県能登地方,37°29.2′N,137°14.2′E,11 km,2,---
2024/01/03,15:35:41.5,福島県沖,37°25.6′N,141°53.6′E,37 km,1.2,---
2024/01/03,15:36:31.4,佐渡付近,37°51.9′N,137°44.3′E,19 km,2.8,---
2024/01/03,15:36:36.2,石川県能登地方,37°23.0′N,136°52.0′E,9 km,2.1,---
2024/01/03,15:36:49.3,福井県嶺北,36°8.4′N,136°30.5′E,8 km,0.9,---
2024/01/03,15:37:25.7,石川県能登地方,37°15.7′N,136°44.5′E,10 km,1.8,---
2024/01/03,15:37:39.6,岐阜県飛騨地方,36°0.8′N,137°31.2′E,9 km,2.1,---
2024/01/03,15:37:46.7,石川県能登地方,37°27.4′N,137°15.4′E,14 km,2.6,---
2024/01/03,15:38:20.1,千葉県東方沖,35°49.7′N,140°53.5′E,32 km,1.1,---
2024/01/03,15:39:02.3,能登半島沖,37°36.1′N,137°23.1′E,14 km,1.9,---
2024/01/03,15:39:30.6,石川県能登地方,37°19.5′N,136°53.1′E,10 km,2.8,---
2024/01/03,15:39:50.8,熊本県阿蘇地方,33°1.9′N,131°13.2′E,7 km,0.4,---
2024/01/03,15:40:48.2,石川県能登地方,37°24.2′N,137°6.8′E,6 km,1.9,---
2024/01/03,15:42:00.0,石川県能登地方,37°27.1′N,137°11.6′E,12 km,2,---
2024/01/03,15:42:15.8,山形県最上地方,38°39.5′N,140°14.8′E,21 km,0.4,---
2024/01/03,15:42:35.4,石川県能登地方,37°17.6′N,136°45.6′E,10 km,1.8,---
2024/01/03,15:42:44.5,能登半島沖,37°32.2′N,137°2.8′E,21 km,2.2,---
2024/01/03,15:43:28.4,石川県能登地方,37°23.4′N,136°59.4′E,4 km,1.7,---
2024/01/03,15:43:33.7,宮城県沖,37°58.6′N,141°39.4′E,48 km,0.6,---
2024/01/03,15:44:02.3,石川県能登地方,37°22.2′N,136°49.0′E,8 km,3.6,---
2024/01/03,15:45:19.3,石川県能登地方,37°21.5′N,136°58.8′E,2 km,1.7,---
2024/01/03,15:46:49.0,能登半島沖,37°33.4′N,136°20.1′E,0 km,2.1,---
2024/01/03,15:48:03.7,石川県能登地方,37°18.7′N,136°49.1′E,10 km,1.7,---
2024/01/03,15:48:08.1,宮城県沖,38°25.2′N,141°50.1′E,53 km,0.5,---
2024/01/03,15:48:26.9,能登半島沖,37°30.2′N,136°47.7′E,19 km,1.7,---
2024/01/03,15:48:57.4,石川県能登地方,37°22.4′N,136°54.2′E,0 km,0.9,---
2024/01/03,15:49:05.6,新潟県上中越沖,37°37.6′N,137°34.1′E,17 km,3.4,---
2024/01/03,15:50:59.0,佐渡付近,37°45.6′N,137°40.5′E,13 km,1.7,---
2024/01/03,15:51:51.1,佐渡付近,37°44.1′N,137°32.5′E,22 km,1.7,---
2024/01/03,15:52:17.9,石川県能登地方,37°25.7′N,137°2.2′E,0 km,3.1,---
2024/01/03,15:53:38.2,陸奥湾,41°8.6′N,140°51.6′E,11 km,0.2,---
2024/01/03,15:56:30.5,能登半島沖,37°16.7′N,136°35.8′E,5 km,1.8,---
2024/01/03,15:56:32.5,日高地方中部,42°31.7′N,142°27.5′E,76 km,0.5,---
2024/01/03,15:56:44.6,能登半島沖,37°16.1′N,136°42.4′E,6 km,1.8,---
2024/01/03,15:57:02.9,佐渡付近,37°42.1′N,137°38.3′E,20 km,2,---
2024/01/03,15:57:12.8,福島県沖,37°24.7′N,141°46.5′E,43 km,1.2,---
2024/01/03,15:57:15.6,宮崎県北部平野部,32°39.5′N,131°38.1′E,13 km,0.1,---
2024/01/03,15:59:04.6,石川県能登地方,37°20.4′N,136°57.3′E,10 km,2.3,---
2024/01/03,16:00:35.5,石川県能登地方,37°21.8′N,136°50.7′E,3 km,1.3,---
2024/01/03,16:00:53.9,能登半島沖,37°13.1′N,136°41.0′E,7 km,1.5,---
2024/01/03,16:01:08.0,佐渡付近,37°51.3′N,137°46.9′E,15 km,2.1,---
2024/01/03,16:01:12.2,石川県能登地方,37°19.3′N,136°59.8′E,0 km,1.5,---
2024/01/03,16:01:30.5,日高地方西部,42°49.7′N,142°32.0′E,52 km,0.7,---
2024/01/03,16:01:55.1,青森県津軽南部,40°34.9′N,140°21.7′E,8 km,0.5,---
2024/01/03,16:02:22.9,石川県西方沖,37°5.4′N,136°30.3′E,10 km,1.9,---
2024/01/03,16:02:23.0,岩手県内陸南部,39°2.8′N,140°53.0′E,9 km,0.2,---
2024/01/03,16:02:41.4,石川県西方沖,37°5.6′N,136°29.2′E,7 km,1.8,---
2024/01/03,16:04:01.9,石川県能登地方,37°19.6′N,137°1.4′E,14 km,1.8,---
2024/01/03,16:06:09.1,茨城県北部,36°45.9′N,140°33.9′E,7 km,-10.1,---
2024/01/03,16:06:17.4,石川県能登地方,37°11.7′N,136°48.1′E,6 km,1.3,---
2024/01/03,16:06:54.7,能登半島沖,37°35.9′N,137°27.2′E,14 km,1.9,---
2024/01/03,16:08:11.9,石川県能登地方,37°23.3′N,136°51.4′E,11 km,4.2,---
2024/01/03,16:08:41.9,福島県沖,37°21.2′N,142°26.1′E,7 km,1.8,---
2024/01/03,16:10:28.5,茨城県沖,36°28.9′N,140°58.9′E,41 km,1.2,---
2024/01/03,16:10:39.1,石川県能登地方,37°13.0′N,136°42.1′E,7 km,2.2,---
2024/01/03,16:11:00.1,佐渡付近,37°47.0′N,138°5.5′E,20 km,2.6,---
2024/01/03,16:12:27.7,石川県能登地方,37°11.1′N,136°42.9′E,7 km,1.1,---
2024/01/03,16:12:56.0,与那国島近海,24°52.2′N,123°13.2′E,113 km,2.2,---
2024/01/03,16:13:02.9,石川県能登地方,37°22.8′N,136°57.6′E,1 km,1.4,---
2024/01/03,16:13:29.5,石川県能登地方,37°27.6′N,137°15.7′E,13 km,1.8,---
2024/01/03,16:14:11.6,石川県能登地方,37°12.7′N,136°46.1′E,12 km,2.5,---
2024/01/03,16:14:55.7,新潟県上中越沖,37°21.2′N,137°52.6′E,29 km,1.8,---
2024/01/03,16:14:56.5,富山湾,37°13.5′N,137°5.6′E,15 km,1.9,---
2024/01/03,16:16:07.4,新潟県上中越沖,37°37.4′N,137°34.4′E,19 km,2.4,---
2024/01/03,16:16:55.4,紀伊水道,33°51.4′N,134°59.2′E,11 km,0.4,---
2024/01/03,16:18:00.2,石川県能登地方,37°22.3′N,136°52.6′E,10 km,1.7,---
2024/01/03,16:18:54.6,石川県能登地方,37°19.3′N,137°1.8′E,7 km,1.6,---
2024/01/03,16:19:31.0,能登半島沖,37°30.8′N,137°10.2′E,10 km,3,---
2024/01/03,16:19:51.5,福島県沖,37°27.0′N,141°18.9′E,43 km,1.5,---
2024/01/03,16:19:58.2,能登半島沖,37°15.6′N,136°39.1′E,8 km,2.8,---
2024/01/03,16:20:17.3,佐渡付近,37°44.7′N,137°38.5′E,18 km,2.7,---
2024/01/03,16:21:05.9,福島県沖,37°21.0′N,141°44.7′E,41 km,2,---
2024/01/03,16:21:19.6,能登半島沖,37°36.5′N,137°26.3′E,12 km,2.2,---
2024/01/03,16:23:41.1,石川県能登地方,37°16.0′N,136°48.3′E,9 km,1.5,---
2024/01/03,16:23:48.8,福島県沖,37°9.2′N,142°4.6′E,26 km,0.9,---
2024/01/03,16:24:56.9,石川県能登地方,37°11.9′N,136°47.5′E,9 km,3.1,---
2024/01/03,16:26:05.4,石川県能登地方,37°12.9′N,136°50.5′E,13 km,1.5,---
2024/01/03,16:27:03.1,福島県沖,37°51.0′N,141°34.9′E,46 km,0.5,---
2024/01/03,16:27:12.0,佐渡付近,37°49.4′N,137°40.7′E,14 km,1.2,---
2024/01/03,16:27:21.1,能登半島沖,37°10.5′N,136°37.0′E,7 km,1.5,---
2024/01/03,16:27:55.3,石川県能登地方,37°19.5′N,136°55.8′E,13 km,2.5,---
2024/01/03,16:29:15.8,石川県能登地方,37°12.4′N,136°46.6′E,11 km,1.1,---
2024/01/03,16:30:39.0,能登半島沖,37°27.2′N,136°55.7′E,6 km,1.7,---
2024/01/03,16:31:56.0,石川県能登地方,37°26.8′N,137°5.5′E,8 km,2.6,---
2024/01/03,16:32:25.5,佐渡付近,37°44.9′N,137°40.4′E,19 km,2.7,---
2024/01/03,16:33:27.7,佐渡付近,37°42.0′N,138°6.3′E,36 km,2.1,---
2024/01/03,16:33:39.1,新潟県上中越沖,37°35.7′N,138°22.6′E,35 km,2.2,---
2024/01/03,16:33:39.9,能登半島沖,37°16.1′N,136°43.3′E,16 km,2.3,---
2024/01/03,16:33:40.7,岩手県沖,40°1.9′N,141°55.0′E,9 km,0.6,---
2024/01/03,16:34:19.0,石川県能登地方,37°10.5′N,136°45.8′E,4 km,2.4,---
2024/01/03,16:35:52.2,石川県西方沖,37°4.7′N,136°29.6′E,8 km,2.1,---
2024/01/03,16:37:58.8,石川県能登地方,37°28.7′N,137°21.7′E,14 km,1.8,---
2024/01/03,16:38:17.0,石川県能登地方,37°23.1′N,136°51.7′E,7 km,2.4,---
2024/01/03,16:39:34.1,佐渡付近,37°50.6′N,137°45.1′E,16 km,1.8,---
2024/01/03,16:40:07.2,能登半島沖,37°37.1′N,137°28.1′E,0 km,2.1,---
2024/01/03,16:41:02.3,能登半島沖,37°34.8′N,137°24.7′E,9 km,1.8,---
2024/01/03,16:41:57.0,石川県能登地方,37°27.0′N,137°9.4′E,10 km,2.6,---
2024/01/03,16:42:12.6,富山県東部,36°48.4′N,137°26.6′E,16 km,1.7,---
2024/01/03,16:43:23.7,石川県能登地方,37°22.1′N,136°58.5′E,7 km,2.2,---
2024/01/03,16:43:27.0,茨城県北部,36°24.2′N,140°32.4′E,55 km,1.8,---
2024/01/03,16:45:33.9,佐渡付近,37°47.4′N,137°38.8′E,24 km,2.5,---
2024/01/03,16:47:07.4,石川県能登地方,37°24.3′N,137°5.9′E,9 km,1.7,---
2024/01/03,16:47:45.7,石川県能登地方,37°22.3′N,137°9.5′E,13 km,1.8,---
2024/01/03,16:49:40.7,石川県能登地方,37°11.6′N,136°45.6′E,7 km,1.8,---
2024/01/03,16:50:05.2,石川県能登地方,37°17.5′N,136°50.0′E,11 km,1.6,---
2024/01/03,16:50:35.4,能登半島沖,37°24.4′N,136°47.3′E,13 km,1.9,---
2024/01/03,16:51:04.6,静岡県西部,35°0.7′N,137°51.9′E,13 km,-10.1,---
2024/01/03,16:51:26.0,石川県能登地方,37°11.5′N,136°45.7′E,8 km,1.2,---
2024/01/03,16:51:35.4,宮崎県北部山沿い,32°28.2′N,131°28.9′E,14 km,1.3,---
2024/01/03,16:52:17.0,福島県沖,37°28.8′N,141°26.5′E,26 km,1,---
2024/01/03,16:52:36.3,能登半島沖,37°26.2′N,136°59.5′E,0 km,1.7,---
2024/01/03,16:53:24.4,石川県能登地方,37°17.2′N,136°45.0′E,10 km,1.3,---
2024/01/03,16:54:09.5,能登半島沖,37°42.4′N,137°28.1′E,13 km,1.9,---
2024/01/03,16:54:54.6,石川県能登地方,37°12.7′N,136°51.3′E,8 km,1.4,---
2024/01/03,16:55:26.0,石川県能登地方,37°17.1′N,136°46.6′E,10 km,2.4,---
2024/01/03,16:56:20.7,石川県能登地方,37°15.5′N,136°47.5′E,9 km,1.7,---
2024/01/03,16:56:40.4,石川県能登地方,37°10.6′N,136°52.4′E,12 km,2.1,---
2024/01/03,16:58:00.8,佐渡付近,37°52.8′N,137°45.8′E,16 km,3.3,---
2024/01/03,17:00:09.4,佐渡付近,37°51.3′N,137°55.3′E,18 km,2.2,---
2024/01/03,17:01:42.9,佐渡付近,37°45.4′N,137°31.1′E,17 km,2.1,---
2024/01/03,17:02:00.7,新潟県下越地方,37°30.7′N,139°21.8′E,9 km,0.9,---
2024/01/03,17:02:26.8,能登半島沖,37°12.2′N,136°41.9′E,3 km,2.7,---
2024/01/03,17:02:44.7,宮城県沖,38°47.6′N,141°36.8′E,72 km,0.3,---
2024/01/03,17:02:56.8,石川県能登地方,37°22.8′N,136°59.6′E,6 km,2.6,---
2024/01/03,17:03:53.0,新潟県上中越沖,37°37.2′N,137°35.1′E,15 km,2,---
2024/01/03,17:04:00.3,関東東方沖,35°50.0′N,142°17.5′E,7 km,1.2,---
2024/01/03,17:04:31.0,新潟県上中越沖,37°37.9′N,137°34.2′E,21 km,1.9,---
2024/01/03,17:04:34.1,滋賀県北部,35°30.4′N,136°16.4′E,8 km,0.6,---
2024/01/03,17:04:41.5,能登半島沖,37°13.1′N,136°41.5′E,10 km,1.8,---
2024/01/03,17:04:50.9,長野県中部,36°11.5′N,137°57.0′E,7 km,-10.4,---
2024/01/03,17:05:26.9,宮崎県北部山沿い,32°28.1′N,131°28.8′E,15 km,0.3,---
2024/01/03,17:06:12.1,石川県能登地方,37°29.1′N,137°17.7′E,14 km,2.4,---
2024/01/03,17:06:35.7,新潟県上中越沖,37°38.0′N,137°34.3′E,20 km,2.4,---
2024/01/03,17:06:43.3,薩摩半島西方沖,31°43.6′N,129°56.6′E,9 km,2.5,---
2024/01/03,17:08:37.8,福島県沖,37°44.3′N,142°22.9′E,25 km,1.1,---
2024/01/03,17:08:39.2,佐渡付近,37°45.0′N,137°37.3′E,18 km,3.2,---
2024/01/03,17:09:26.2,駿河湾,34°48.3′N,138°33.7′E,21 km,0.8,---
2024/01/03,17:11:14.6,能登半島沖,37°31.0′N,137°10.4′E,9 km,1.9,---
2024/01/03,17:11:34.6,新潟県中越地方,36°49.7′N,138°45.8′E,4 km,0.7,---
2024/01/03,17:11:35.3,富山湾,37°17.9′N,137°13.8′E,22 km,1.8,---
2024/01/03,17:11:46.3,静岡県西部,35°0.1′N,137°52.4′E,24 km,0.1,---
2024/01/03,17:11:46.7,石川県能登地方,37°22.0′N,136°56.3′E,9 km,1.7,---
2024/01/03,17:12:38.0,石川県能登地方,37°23.9′N,137°2.1′E,5 km,1.8,---
2024/01/03,17:14:05.4,三陸沖,38°6.4′N,144°20.3′E,18 km,0.5,---
2024/01/03,17:14:10.6,石川県能登地方,37°23.1′N,137°0.3′E,6 km,3,---
2024/01/03,17:15:07.9,佐渡付近,37°48.7′N,137°43.9′E,20 km,4,---
2024/01/03,17:17:04.3,石川県能登地方,37°24.7′N,137°11.3′E,14 km,2.4,---
2024/01/03,17:17:32.7,石川県能登地方,37°20.4′N,137°6.1′E,7 km,2.3,---
2024/01/03,17:17:56.6,佐渡付近,37°51.4′N,137°44.8′E,18 km,2.3,---
2024/01/03,17:18:26.5,佐渡付近,37°51.0′N,137°45.1′E,18 km,2.4,---
2024/01/03,17:19:21.9,能登半島沖,37°34.6′N,137°23.0′E,16 km,1.7,---
2024/01/03,17:19:43.3,宮崎県北部平野部,32°30.1′N,131°42.8′E,19 km,0.7,---
2024/01/03,17:19:58.9,佐渡付近,37°44.2′N,137°33.6′E,0 km,2.3,---
2024/01/03,17:20:24.0,石川県能登地方,37°25.6′N,137°10.1′E,13 km,2,---
2024/01/03,17:20:45.7,能登半島沖,37°13.3′N,136°38.5′E,6 km,3.5,---
2024/01/03,17:22:28.4,佐渡付近,37°52.4′N,137°43.2′E,17 km,2.1,---
2024/01/03,17:22:52.4,石川県能登地方,37°10.5′N,136°41.4′E,4 km,3.6,---
2024/01/03,17:24:24.5,根室半島南東沖,43°8.1′N,146°20.8′E,50 km,2.8,---
2024/01/03,17:24:52.1,石川県能登地方,37°22.4′N,136°58.9′E,8 km,2,---
2024/01/03,17:24:57.3,佐渡付近,37°52.6′N,137°47.1′E,19 km,2.9,---
2024/01/03,17:26:29.9,石川県能登地方,37°27.3′N,137°8.9′E,11 km,1.8,---
2024/01/03,17:28:30.2,岩手県沖,40°10.9′N,142°26.8′E,48 km,0.9,---
2024/01/03,17:28:55.0,岐阜県飛騨地方,36°0.9′N,137°31.4′E,6 km,-10.5,---
2024/01/03,17:29:19.7,石川県能登地方,37°17.6′N,136°51.5′E,12 km,2.4,---
2024/01/03,17:30:23.1,能登半島沖,37°11.6′N,136°39.0′E,3 km,2,---
2024/01/03,17:30:40.2,福島県沖,37°16.4′N,142°15.3′E,22 km,1.1,---
2024/01/03,17:30:55.1,石川県能登地方,37°23.3′N,137°8.2′E,12 km,1.9,---
2024/01/03,17:31:33.2,宮城県沖,37°54.1′N,141°41.3′E,53 km,2.3,---
2024/01/03,17:32:25.6,能登半島沖,37°12.8′N,136°38.7′E,7 km,2.8,---
2024/01/03,17:33:07.5,佐渡付近,37°42.6′N,137°35.9′E,17 km,2.3,---
2024/01/03,17:33:27.2,能登半島沖,37°7.8′N,136°38.3′E,1 km,2.5,---
2024/01/03,17:33:52.1,石川県能登地方,37°11.5′N,136°52.4′E,12 km,1.8,---
2024/01/03,17:34:15.2,宮城県沖,38°40.5′N,141°43.6′E,48 km,0.5,---
2024/01/03,17:34:48.9,石川県能登地方,37°21.3′N,136°52.7′E,0 km,1.9,---
2024/01/03,17:35:53.6,石川県西方沖,37°5.4′N,136°29.1′E,12 km,1.7,---
2024/01/03,17:37:04.4,石川県能登地方,37°10.2′N,136°46.2′E,7 km,2.5,---
2024/01/03,17:38:22.5,能登半島沖,37°10.6′N,136°40.9′E,6 km,2.4,---
2024/01/03,17:39:51.4,和歌山県南部,33°46.8′N,135°40.0′E,42 km,0.1,---
2024/01/03,17:39:58.5,伊豆半島東方沖,34°52.1′N,139°10.9′E,10 km,-10.1,---
2024/01/03,17:40:00.1,佐渡付近,37°44.5′N,137°43.1′E,25 km,2.4,---
2024/01/03,17:41:01.7,能登半島沖,37°24.9′N,136°51.0′E,4 km,1.7,---
2024/01/03,17:41:20.9,三陸沖,39°25.8′N,143°5.9′E,7 km,-1,---
2024/01/03,17:41:28.6,石川県能登地方,37°20.3′N,136°47.6′E,0 km,1.8,---
2024/01/03,17:43:19.6,石川県能登地方,37°12.6′N,136°42.2′E,7 km,1.9,---
2024/01/03,17:43:52.8,三陸沖,40°21.8′N,143°34.7′E,9 km,1.7,---
2024/01/03,17:44:28.0,能登半島沖,37°12.9′N,136°41.0′E,8 km,1.9,---
2024/01/03,17:45:23.8,能登半島沖,37°34.3′N,137°29.3′E,16 km,2.2,---
2024/01/03,17:47:19.5,石川県能登地方,37°21.2′N,136°52.8′E,11 km,1.7,---
2024/01/03,17:47:44.2,能登半島沖,37°23.8′N,136°47.6′E,6 km,1.9,---
2024/01/03,17:48:14.9,石川県能登地方,37°21.3′N,137°10.3′E,18 km,2.1,---
2024/01/03,17:49:44.6,島根県西部,34°46.5′N,132°11.3′E,8 km,0.9,---
2024/01/03,17:50:36.8,宮城県沖,37°53.6′N,141°40.6′E,52 km,0.9,---
2024/01/03,17:51:22.4,石川県能登地方,37°10.5′N,136°44.0′E,8 km,3.1,---
2024/01/03,17:52:34.5,能登半島沖,37°28.1′N,137°2.4′E,0 km,1.8,---
2024/01/03,17:52:48.9,石川県能登地方,37°23.3′N,136°52.7′E,11 km,1.7,---
2024/01/03,17:53:12.8,熊本県熊本地方,32°25.3′N,130°33.2′E,9 km,0.1,---
2024/01/03,17:53:20.8,能登半島沖,37°43.8′N,137°18.7′E,6 km,2,---
2024/01/03,17:53:26.9,能登半島沖,37°13.0′N,136°40.4′E,4 km,2.1,---
2024/01/03,17:53:53.9,能登半島沖,37°44.1′N,137°17.5′E,14 km,3,---
2024/01/03,17:54:06.7,石川県能登地方,37°13.4′N,136°44.1′E,10 km,3.5,---
2024/01/03,17:54:22.6,長野県北部,36°46.9′N,138°32.1′E,8 km,1.2,---
2024/01/03,17:56:00.2,石川県能登地方,37°10.1′N,136°42.4′E,7 km,2.1,---
2024/01/03,17:57:49.2,能登半島沖,37°7.7′N,136°41.1′E,5 km,2.5,---
2024/01/03,17:59:15.9,石川県能登地方,37°27.4′N,137°6.6′E,8 km,2,---
2024/01/03,17:59:56.0,能登半島沖,37°16.9′N,136°40.0′E,0 km,2.3,---
2024/01/03,18:00:32.2,石川県能登地方,37°23.4′N,136°52.7′E,2 km,1.9,---
2024/01/03,18:00:35.7,新潟県上中越沖,37°28.8′N,137°31.3′E,39 km,2.5,---
2024/01/03,18:00:55.6,石川県能登地方,37°20.9′N,137°1.8′E,10 km,2,---
2024/01/03,18:01:24.6,新潟県上中越沖,37°41.6′N,137°37.5′E,18 km,2.4,---
2024/01/03,18:01:53.6,石川県能登地方,37°18.4′N,136°48.7′E,4 km,1.7,---
2024/01/03,18:02:26.4,能登半島沖,37°31.7′N,137°24.3′E,14 km,1.8,---
2024/01/03,18:05:47.3,富山湾,37°15.9′N,137°21.6′E,10 km,1.9,---
2024/01/03,18:05:57.1,石川県西方沖,37°5.1′N,136°32.2′E,10 km,1.7,---
2024/01/03,18:07:07.4,能登半島沖,37°31.5′N,137°4.3′E,21 km,1.9,---
2024/01/03,18:07:22.2,茨城県沖,36°48.8′N,141°22.9′E,5 km,1.5,---
2024/01/03,18:08:18.9,石川県能登地方,37°13.9′N,136°49.7′E,8 km,1.7,---
2024/01/03,18:08:45.8,石川県西方沖,37°5.0′N,136°31.5′E,7 km,3.2,---
2024/01/03,18:10:23.9,能登半島沖,37°12.9′N,136°41.1′E,7 km,2.5,---
2024/01/03,18:10:51.5,能登半島沖,37°12.6′N,136°39.1′E,6 km,2.3,---
2024/01/03,18:11:15.6,能登半島沖,37°11.2′N,136°35.5′E,4 km,1.8,---
2024/01/03,18:12:44.8,石川県能登地方,37°22.6′N,136°59.6′E,4 km,2.2,---
2024/01/03,18:12:54.9,能登半島沖,37°13.1′N,136°39.7′E,3 km,2.6,---
2024/01/03,18:14:50.7,新潟県中越地方,37°11.3′N,138°57.3′E,5 km,-10.1,---
2024/01/03,18:14:51.4,富山県東部,36°34.1′N,137°21.3′E,12 km,0.3,---
2024/01/03,18:16:59.0,新潟県中越地方,37°16.0′N,139°4.5′E,3 km,0.3,---
2024/01/03,18:18:37.2,能登半島沖,37°7.2′N,136°41.4′E,6 km,2.9,---
2024/01/03,18:19:28.7,石川県能登地方,37°22.1′N,136°53.1′E,8 km,1.9,---
2024/01/03,18:20:16.3,滋賀県北部,35°28.2′N,135°56.9′E,13 km,0.2,---
2024/01/03,18:20:50.7,石川県能登地方,37°21.9′N,136°51.8′E,10 km,1.8,---
2024/01/03,18:21:31.4,周防灘,33°52.7′N,131°23.7′E,13 km,0.8,---
2024/01/03,18:21:39.4,石川県能登地方,37°12.5′N,136°50.2′E,10 km,2,---
2024/01/03,18:21:44.8,福島県沖,37°48.5′N,141°42.8′E,55 km,1,---
2024/01/03,18:21:49.7,沖縄本島近海,27°27.4′N,128°40.3′E,34 km,2.3,---
2024/01/03,18:22:15.0,鹿児島県薩摩地方,31°52.5′N,130°18.8′E,8 km,0.3,---
2024/01/03,18:22:31.0,滋賀県北部,35°28.3′N,135°57.0′E,13 km,0.4,---
2024/01/03,18:22:51.8,能登半島沖,37°32.2′N,137°20.8′E,10 km,1.9,---
2024/01/03,18:24:03.5,佐渡付近,37°52.1′N,137°46.0′E,17 km,1.7,---
2024/01/03,18:24:47.8,佐渡付近,37°44.1′N,137°37.2′E,15 km,1.7,---
2024/01/03,18:27:01.9,石川県能登地方,37°14.2′N,136°44.1′E,8 km,2.1,---
2024/01/03,18:28:27.1,佐渡付近,37°45.7′N,137°43.0′E,20 km,2.2,---
2024/01/03,18:29:41.7,佐渡付近,37°54.0′N,137°41.6′E,25 km,1.8,---
2024/01/03,18:30:16.3,石川県能登地方,37°24.0′N,137°7.2′E,11 km,2.2,---
2024/01/03,18:30:42.4,茨城県北部,36°47.0′N,140°34.5′E,8 km,-10.1,---
2024/01/03,18:30:57.4,石川県能登地方,37°20.0′N,136°50.6′E,12 km,2.6,---
2024/01/03,18:31:12.8,長野県中部,36°23.4′N,137°59.1′E,6 km,0.2,---
2024/01/03,18:31:26.2,石川県能登地方,37°20.9′N,136°55.1′E,9 km,2,---
2024/01/03,18:32:08.7,富山県西部,36°37.0′N,136°48.3′E,8 km,1,---
2024/01/03,18:32:26.6,石川県能登地方,37°27.7′N,137°8.6′E,12 km,3.1,---
2024/01/03,18:33:01.7,鹿児島県薩摩地方,31°41.9′N,130°34.2′E,150 km,-1,---
2024/01/03,18:33:08.2,石川県能登地方,37°14.4′N,136°48.4′E,9 km,2.6,---
2024/01/03,18:33:53.3,福島県沖,37°49.9′N,141°44.1′E,42 km,1,---
2024/01/03,18:34:02.7,石川県能登地方,37°12.7′N,136°52.8′E,12 km,1.9,---
2024/01/03,18:36:53.6,石川県能登地方,37°27.6′N,137°8.1′E,9 km,1.7,---
2024/01/03,18:38:07.8,石川県能登地方,37°11.2′N,136°43.6′E,5 km,1.7,---
2024/01/03,18:38:15.3,石川県能登地方,37°18.7′N,136°46.0′E,18 km,1.9,---
2024/01/03,18:40:17.8,佐渡付近,37°45.1′N,137°40.8′E,0 km,1.9,---
2024/01/03,18:40:32.5,能登半島沖,37°13.2′N,136°40.4′E,12 km,1.7,---
2024/01/03,18:40:38.6,能登半島沖,37°12.0′N,136°39.8′E,3 km,2.4,---
2024/01/03,18:42:55.0,能登半島沖,37°33.4′N,137°15.7′E,11 km,2.2,---
2024/01/03,18:43:36.2,能登半島沖,37°14.9′N,136°40.8′E,8 km,1.8,---
2024/01/03,18:43:48.4,能登半島沖,37°13.3′N,136°40.7′E,11 km,1.7,---
2024/01/03,18:45:15.9,能登半島沖,37°30.9′N,137°23.4′E,0 km,1.9,---
2024/01/03,18:46:19.0,新潟県上中越沖,37°38.1′N,137°30.7′E,13 km,2.1,---
2024/01/03,18:47:52.3,石川県能登地方,37°29.9′N,137°9.4′E,10 km,1.7,---
2024/01/03,18:48:00.7,石川県能登地方,37°19.3′N,136°48.2′E,12 km,4.8,---
2024/01/03,18:51:01.4,石川県能登地方,37°28.4′N,137°8.8′E,10 km,2.6,---
2024/01/03,18:51:57.0,福島県中通り,37°3.3′N,140°33.7′E,10 km,1.2,---
2024/01/03,18:53:12.0,能登半島沖,37°51.4′N,137°15.6′E,24 km,1.9,---
2024/01/03,18:53:28.4,石川県能登地方,37°24.3′N,137°4.4′E,11 km,2.7,---
2024/01/03,18:53:52.2,三陸沖,39°9.4′N,142°53.4′E,23 km,4.1,---
2024/01/03,18:54:05.9,茨城県北部,36°27.1′N,140°26.5′E,91 km,0.8,---
2024/01/03,18:55:35.0,石川県能登地方,37°9.9′N,136°47.4′E,9 km,1.8,---
2024/01/03,18:55:44.0,石川県能登地方,37°14.8′N,136°48.8′E,13 km,1.8,---
2024/01/03,18:58:03.0,能登半島沖,37°34.0′N,137°21.2′E,12 km,2.3,---
2024/01/03,19:00:02.9,石川県能登地方,37°27.3′N,137°15.2′E,13 km,1.7,---
2024/01/03,19:00:28.3,石川県能登地方,37°20.5′N,136°48.1′E,9 km,1.7,---
2024/01/03,19:00:41.7,紋別地方,43°49.5′N,143°7.2′E,6 km,0.4,---
2024/01/03,19:00:53.8,茨城県北部,36°47.2′N,140°34.3′E,9 km,0.9,---
2024/01/03,19:01:01.4,能登半島沖,37°10.8′N,136°38.1′E,3 km,3.8,---
2024/01/03,19:01:05.6,岩手県沖,39°5.6′N,142°24.5′E,22 km,1,---
2024/01/03,19:02:12.5,佐渡付近,37°54.9′N,137°41.6′E,24 km,2.3,---
2024/01/03,19:02:54.1,石川県能登地方,37°20.3′N,136°53.8′E,0 km,2.4,---
2024/01/03,19:04:20.5,石川県能登地方,37°19.4′N,136°48.6′E,10 km,1.8,---
2024/01/03,19:04:51.4,能登半島沖,37°17.0′N,136°44.1′E,7 km,2.6,---
2024/01/03,19:07:37.7,福島県沖,37°39.0′N,141°53.2′E,40 km,1.5,---
2024/01/03,19:07:50.5,石川県能登地方,37°27.7′N,137°7.9′E,12 km,3.6,---
2024/01/03,19:09:06.2,石川県能登地方,37°11.0′N,136°52.2′E,11 km,2.2,---
2024/01/03,19:09:30.0,宮城県沖,38°19.1′N,141°45.5′E,54 km,0.7,---
2024/01/03,19:09:35.3,佐渡付近,37°59.9′N,137°44.9′E,26 km,2.7,---
2024/01/03,19:11:03.6,佐渡付近,37°49.8′N,137°41.9′E,15 km,1.9,---
2024/01/03,19:12:15.0,滋賀県北部,35°20.5′N,136°22.8′E,7 km,0.6,---
2024/01/03,19:12:20.8,福島県沖,36°40.6′N,142°8.8′E,16 km,2,---
2024/01/03,19:13:44.9,佐渡付近,37°44.2′N,137°44.5′E,19 km,2.6,---
2024/01/03,19:14:33.2,石川県能登地方,37°24.9′N,137°1.8′E,5 km,2,---
2024/01/03,19:14:47.7,石川県能登地方,37°11.7′N,136°50.9′E,11 km,2.8,---
2024/01/03,19:17:05.9,茨城県沖,36°28.3′N,141°1.7′E,42 km,1.1,---
2024/01/03,19:17:13.7,父島近海,26°56.5′N,143°51.9′E,1 km,-1,---
2024/01/03,19:17:43.0,石川県能登地方,37°24.3′N,137°0.4′E,4 km,2.7,---
2024/01/03,19:19:45.6,石川県能登地方,37°27.5′N,137°15.5′E,13 km,2.1,---
2024/01/03,19:21:53.3,石川県西方沖,37°5.4′N,136°29.6′E,9 km,2,---
2024/01/03,19:23:11.6,能登半島沖,37°18.2′N,136°41.2′E,9 km,2.2,---
2024/01/03,19:23:25.7,青森県西方沖,40°52.2′N,139°13.1′E,24 km,2.4,---
2024/01/03,19:25:00.3,石川県能登地方,37°17.7′N,136°48.5′E,12 km,2.4,---
2024/01/03,19:25:16.8,能登半島沖,37°36.2′N,137°25.2′E,11 km,2.8,---
2024/01/03,19:26:39.0,佐渡付近,37°43.8′N,137°41.3′E,18 km,2.4,---
2024/01/03,19:28:15.2,伊豆半島東方沖,34°51.9′N,139°10.2′E,10 km,0.1,---
2024/01/03,19:31:31.4,佐渡付近,37°53.0′N,137°44.5′E,15 km,1.8,---
2024/01/03,19:31:33.1,トカラ列島近海,29°18.0′N,129°30.1′E,5 km,1.9,---
2024/01/03,19:32:31.2,石川県能登地方,37°13.9′N,136°43.2′E,0 km,1.8,---
2024/01/03,19:32:37.6,石川県能登地方,37°16.4′N,136°45.5′E,12 km,1.9,---
2024/01/03,19:32:48.6,石川県能登地方,37°13.4′N,136°50.4′E,6 km,1.8,---
2024/01/03,19:34:46.3,石川県能登地方,37°12.6′N,136°42.8′E,5 km,3.6,---
2024/01/03,19:36:23.3,石川県能登地方,37°21.0′N,136°50.7′E,8 km,2.1,---
2024/01/03,19:36:45.4,宮城県沖,38°43.6′N,142°19.7′E,39 km,1.3,---
2024/01/03,19:37:25.5,宮城県沖,37°58.9′N,141°40.5′E,48 km,1,---
2024/01/03,19:38:02.5,宮崎県北部山沿い,32°27.8′N,131°28.8′E,15 km,0.5,---
2024/01/03,19:38:10.6,宮崎県北部山沿い,32°28.2′N,131°28.8′E,14 km,1.4,---
2024/01/03,19:38:34.4,新潟県上中越沖,37°36.2′N,137°32.7′E,9 km,2.1,---
2024/01/03,19:38:37.8,長野県南部,35°55.3′N,137°33.7′E,4 km,0,---
2024/01/03,19:39:22.3,石川県能登地方,37°15.0′N,136°44.2′E,8 km,3.2,---
2024/01/03,19:40:08.7,新潟県上中越沖,37°14.2′N,137°49.3′E,12 km,2.1,---
2024/01/03,19:42:14.4,石川県能登地方,37°10.2′N,136°44.2′E,8 km,4.1,---
2024/01/03,19:42:40.2,千葉県東方沖,35°37.3′N,140°43.6′E,44 km,0.8,---
2024/01/03,19:43:45.5,石川県能登地方,37°18.6′N,136°48.5′E,12 km,2.5,---
2024/01/03,19:45:24.7,新潟県中越地方,37°13.4′N,139°4.9′E,3 km,0.2,---
2024/01/03,19:46:41.2,佐渡付近,37°52.8′N,137°45.9′E,19 km,1.9,---
2024/01/03,19:47:11.6,能登半島沖,37°32.6′N,137°19.7′E,11 km,1.9,---
2024/01/03,19:47:42.6,石川県能登地方,37°17.6′N,136°48.6′E,10 km,2.1,---
2024/01/03,19:47:44.1,佐渡付近,37°54.5′N,137°45.6′E,22 km,2.6,---
2024/01/03,19:49:11.9,能登半島沖,37°35.1′N,137°26.6′E,14 km,4.1,---
2024/01/03,19:50:22.6,日向灘,32°3.0′N,131°54.2′E,26 km,-1,---
2024/01/03,19:50:52.1,日向灘,32°32.8′N,132°10.2′E,31 km,1.4,---
2024/01/03,19:50:52.7,能登半島沖,37°29.6′N,137°22.2′E,14 km,1.9,---
2024/01/03,19:51:17.3,八丈島東方沖,33°44.7′N,141°41.3′E,18 km,3.6,---
2024/01/03,19:52:10.5,佐渡付近,37°58.4′N,137°44.4′E,22 km,2.6,---
2024/01/03,19:53:10.8,佐渡付近,38°9.3′N,138°12.1′E,15 km,1.7,---
2024/01/03,19:53:15.5,石川県能登地方,37°28.5′N,137°9.8′E,10 km,2.2,---
2024/01/03,19:53:55.3,石川県能登地方,37°27.8′N,137°15.4′E,13 km,2.1,---
2024/01/03,19:54:03.7,紀伊水道,33°52.2′N,134°41.9′E,31 km,0.3,---
2024/01/03,19:54:33.9,能登半島沖,37°22.2′N,136°41.4′E,7 km,2.2,---
2024/01/03,19:56:14.0,熊本県熊本地方,33°0.6′N,130°43.3′E,7 km,-10.2,---
2024/01/03,19:58:00.5,能登半島沖,37°12.5′N,136°41.9′E,5 km,1.8,---
2024/01/03,19:58:14.2,石川県能登地方,37°24.9′N,137°8.0′E,6 km,1.8,---
2024/01/03,19:59:03.6,長野県北部,36°46.8′N,138°32.0′E,6 km,0.3,---
2024/01/03,19:59:13.0,石川県能登地方,37°21.2′N,137°1.2′E,7 km,1.8,---
2024/01/03,19:59:25.5,石川県能登地方,37°9.4′N,136°41.5′E,9 km,1.7,---
2024/01/03,20:00:11.2,石川県能登地方,37°14.6′N,136°53.7′E,10 km,1.5,---
2024/01/03,20:00:51.2,愛知県東部,35°8.1′N,137°48.8′E,21 km,0,---
2024/01/03,20:01:12.8,石川県能登地方,37°9.5′N,136°41.2′E,10 km,1.2,---
2024/01/03,20:01:28.0,石川県能登地方,37°21.9′N,137°0.9′E,8 km,1.7,---
2024/01/03,20:02:27.7,佐渡付近,37°55.5′N,137°45.3′E,23 km,2.5,---
2024/01/03,20:03:09.3,新潟県上中越沖,37°41.3′N,137°38.1′E,13 km,2.7,---
2024/01/03,20:03:43.1,佐渡付近,37°52.3′N,137°49.8′E,18 km,2.4,---
2024/01/03,20:03:49.2,石川県能登地方,37°10.3′N,136°50.1′E,12 km,1.2,---
2024/01/03,20:04:59.5,佐渡付近,37°48.8′N,137°30.9′E,15 km,2,---
2024/01/03,20:05:18.7,石川県能登地方,37°27.6′N,137°12.0′E,14 km,1.6,---
2024/01/03,20:05:19.4,栃木県北部,36°38.6′N,139°20.7′E,6 km,0.4,---
2024/01/03,20:05:24.9,岩手県内陸南部,39°30.3′N,141°24.3′E,73 km,0.4,---
2024/01/03,20:05:41.3,能登半島沖,37°29.0′N,136°53.6′E,0 km,2.2,---
2024/01/03,20:05:56.1,福島県沖,37°22.6′N,143°58.1′E,25 km,1.6,---
2024/01/03,20:06:02.4,石川県能登地方,37°23.4′N,136°55.5′E,9 km,2.1,---
2024/01/03,20:07:02.4,能登半島沖,37°12.6′N,136°40.9′E,8 km,2.9,---
2024/01/03,20:07:08.0,伊豆半島東方沖,34°52.0′N,139°10.3′E,11 km,0.4,---
2024/01/03,20:07:58.7,能登半島沖,37°13.6′N,136°41.2′E,0 km,2.3,---
2024/01/03,20:08:26.4,石川県能登地方,37°27.6′N,137°7.0′E,9 km,2.8,---
2024/01/03,20:10:06.1,石川県能登地方,37°24.5′N,137°5.7′E,10 km,2.5,---
2024/01/03,20:11:03.3,石川県能登地方,37°24.4′N,137°4.3′E,8 km,2.2,---
2024/01/03,20:11:13.7,長野県中部,36°29.0′N,138°3.9′E,5 km,0,---
2024/01/03,20:11:24.9,石川県能登地方,37°27.9′N,137°15.5′E,19 km,1.9,---
2024/01/03,20:12:31.5,佐渡付近,37°46.0′N,137°39.0′E,0 km,1.9,---
2024/01/03,20:13:12.3,佐渡付近,37°51.5′N,137°46.6′E,18 km,1.9,---
2024/01/03,20:14:26.3,宮崎県北部山沿い,32°28.3′N,131°28.9′E,14 km,0.4,---
2024/01/03,20:14:32.9,石川県能登地方,37°19.3′N,136°45.2′E,8 km,1.6,---
2024/01/03,20:15:03.5,石川県能登地方,37°13.4′N,136°48.8′E,4 km,1.3,---
2024/01/03,20:15:18.5,福島県沖,36°56.0′N,141°2.9′E,44 km,0.6,---
2024/01/03,20:15:44.2,新潟県上中越沖,37°38.9′N,137°36.1′E,18 km,1.9,---
2024/01/03,20:16:42.0,石川県能登地方,37°29.5′N,137°20.3′E,10 km,1.9,---
2024/01/03,20:17:00.8,石川県能登地方,37°22.0′N,137°6.6′E,12 km,1.4,---
2024/01/03,20:18:18.7,能登半島沖,37°8.3′N,136°43.3′E,9 km,0.7,---
2024/01/03,20:19:17.6,富山湾,37°5.8′N,137°27.0′E,15 km,1.6,---
2024/01/03,20:21:22.7,石川県能登地方,37°12.0′N,136°47.4′E,9 km,2,---
2024/01/03,20:21:24.9,三陸沖,39°42.7′N,143°9.9′E,10 km,1.5,---
2024/01/03,20:23:17.3,石川県能登地方,37°14.2′N,136°44.6′E,10 km,1.5,---
2024/01/03,20:23:18.4,石川県能登地方,37°31.0′N,137°15.9′E,7 km,2,---
2024/01/03,20:25:20.0,能登半島沖,37°8.4′N,136°36.6′E,8 km,1.7,---
2024/01/03,20:26:11.0,能登半島沖,37°12.2′N,136°40.3′E,7 km,1.7,---
2024/01/03,20:27:34.9,佐渡付近,37°54.8′N,137°41.6′E,24 km,2.4,---
2024/01/03,20:28:23.5,能登半島沖,37°22.4′N,136°43.8′E,0 km,2.4,---
2024/01/03,20:29:18.3,石川県能登地方,37°10.2′N,136°44.7′E,7 km,1.6,---
2024/01/03,20:31:42.4,能登半島沖,37°35.2′N,137°27.6′E,13 km,2.2,---
2024/01/03,20:31:50.9,能登半島沖,37°35.4′N,137°28.4′E,9 km,2.7,---
2024/01/03,20:32:43.9,新潟県上中越沖,37°41.9′N,137°32.3′E,13 km,2.3,---
2024/01/03,20:33:49.2,能登半島沖,37°28.9′N,136°47.2′E,11 km,1.8,---
2024/01/03,20:34:03.3,能登半島沖,37°9.9′N,136°38.5′E,0 km,2.1,---
2024/01/03,20:35:05.7,石川県能登地方,37°15.7′N,136°46.9′E,7 km,1.3,---
2024/01/03,20:35:20.1,石川県能登地方,37°15.4′N,136°50.9′E,0 km,1.7,---
2024/01/03,20:35:53.0,能登半島沖,37°21.2′N,136°45.7′E,8 km,1.7,---
2024/01/03,20:35:56.7,岩手県沖,40°0.4′N,142°0.3′E,38 km,0.4,---
2024/01/03,20:36:23.8,石川県能登地方,37°10.9′N,136°45.1′E,5 km,1.9,---
2024/01/03,20:37:07.2,石川県能登地方,37°22.8′N,137°3.5′E,11 km,1.5,---
2024/01/03,20:37:15.5,熊本県天草・芦北地方,32°13.6′N,130°35.6′E,6 km,0.2,---
2024/01/03,20:38:02.0,石川県能登地方,37°11.2′N,136°44.8′E,9 km,1.4,---
2024/01/03,20:39:05.1,能登半島沖,37°11.9′N,136°39.0′E,7 km,1,---
2024/01/03,20:41:46.8,長野県北部,36°50.4′N,138°32.8′E,5 km,0.6,---
2024/01/03,20:41:49.3,能登半島沖,37°16.3′N,136°39.3′E,5 km,1.9,---
2024/01/03,20:45:34.3,石川県能登地方,37°18.5′N,136°50.2′E,8 km,1.3,---
2024/01/03,20:45:45.3,新潟県上中越沖,37°41.1′N,137°34.6′E,18 km,3.1,---
2024/01/03,20:46:11.6,石川県能登地方,37°13.1′N,136°50.2′E,11 km,3,---
2024/01/03,20:46:24.6,和歌山県南部,33°45.2′N,135°35.5′E,39 km,0.3,---
2024/01/03,20:46:31.4,石川県能登地方,37°13.3′N,136°45.0′E,9 km,3.2,---
2024/01/03,20:48:14.5,新潟県上中越沖,37°32.3′N,137°30.1′E,16 km,1.7,---
2024/01/03,20:48:37.5,石川県能登地方,37°27.8′N,137°12.7′E,12 km,3.8,---
2024/01/03,20:48:38.7,十勝地方南部,42°21.0′N,143°6.8′E,50 km,2.6,---
2024/01/03,20:50:45.5,佐渡付近,37°52.3′N,137°49.5′E,17 km,1.9,---
2024/01/03,20:52:33.7,石川県能登地方,37°13.4′N,136°45.7′E,4 km,1,---
2024/01/03,20:53:06.1,能登半島沖,37°14.2′N,136°42.5′E,7 km,2.9,---
2024/01/03,20:54:02.7,石川県能登地方,37°22.1′N,137°4.6′E,13 km,1.8,---
2024/01/03,20:54:08.0,福島県沖,37°30.1′N,144°46.4′E,40 km,1.9,---
2024/01/03,20:54:36.2,能登半島沖,37°30.1′N,137°22.1′E,12 km,1.7,---
2024/01/03,20:54:57.4,能登半島沖,37°6.8′N,136°35.7′E,7 km,3.7,---
2024/01/03,20:56:08.4,石川県能登地方,37°20.6′N,136°58.5′E,11 km,2.2,---
2024/01/03,20:57:13.8,佐渡付近,37°51.3′N,137°40.5′E,22 km,2.3,---
2024/01/03,20:58:23.5,佐渡付近,37°44.4′N,137°37.0′E,9 km,1.7,---
2024/01/03,20:58:50.5,能登半島沖,37°35.2′N,137°29.3′E,3 km,2,---
2024/01/03,20:59:48.5,長野県南部,35°55.1′N,137°39.8′E,8 km,0.5,---
2024/01/03,21:00:10.6,岩手県沖,39°55.6′N,142°26.8′E,9 km,1,---
2024/01/03,21:00:37.3,石川県能登地方,37°18.4′N,137°0.6′E,4 km,1.4,---
2024/01/03,21:01:08.6,佐渡付近,37°52.8′N,137°44.8′E,16 km,1.9,---
2024/01/03,21:01:30.1,福島県沖,37°50.5′N,141°34.7′E,47 km,0.9,---
2024/01/03,21:02:16.7,佐渡付近,37°53.4′N,137°42.8′E,19 km,2.5,---
2024/01/03,21:02:41.5,石川県能登地方,37°11.1′N,136°54.4′E,12 km,2.2,---
2024/01/03,21:03:27.2,石川県西方沖,37°4.8′N,136°37.4′E,9 km,1.3,---
2024/01/03,21:03:52.7,石川県能登地方,37°13.5′N,136°43.5′E,4 km,1.2,---
2024/01/03,21:04:05.1,佐渡付近,37°51.5′N,137°50.2′E,17 km,2.1,---
2024/01/03,21:04:08.3,石川県能登地方,37°14.2′N,136°48.5′E,11 km,1.7,---
2024/01/03,21:04:34.5,石川県能登地方,37°22.0′N,136°52.9′E,8 km,2.2,---
2024/01/03,21:05:18.9,石川県能登地方,37°14.1′N,136°47.9′E,7 km,1.7,---
2024/01/03,21:06:45.5,能登半島沖,37°25.1′N,136°58.9′E,5 km,2,---
2024/01/03,21:07:15.1,能登半島沖,37°32.7′N,137°28.1′E,11 km,2.4,---
2024/01/03,21:08:37.5,茨城県沖,36°47.1′N,141°25.7′E,0 km,1.7,---
2024/01/03,21:08:38.8,能登半島沖,37°11.4′N,136°38.9′E,0 km,1,---
2024/01/03,21:09:04.6,根室半島南東沖,43°0.3′N,145°45.7′E,45 km,1.5,---
2024/01/03,21:09:54.0,能登半島沖,37°8.5′N,136°38.4′E,10 km,1,---
2024/01/03,21:09:56.5,福島県沖,37°38.5′N,141°36.9′E,55 km,1.7,---
2024/01/03,21:10:06.9,茨城県南部,36°6.2′N,140°1.4′E,67 km,2.1,---
2024/01/03,21:10:48.9,和歌山県北部,34°11.2′N,135°13.3′E,4 km,0.6,---
2024/01/03,21:11:33.3,石川県西方沖,37°5.1′N,136°32.9′E,10 km,1.4,---
2024/01/03,21:12:29.7,佐渡付近,37°56.2′N,137°46.9′E,18 km,2,---
2024/01/03,21:12:48.8,能登半島沖,37°12.5′N,136°40.1′E,10 km,2.9,---
2024/01/03,21:13:37.9,石川県能登地方,37°9.9′N,136°42.1′E,8 km,2,---
2024/01/03,21:14:22.6,石川県能登地方,37°10.4′N,136°47.0′E,9 km,2.5,---
2024/01/03,21:14:50.0,能登半島沖,37°11.8′N,136°37.6′E,16 km,1.7,---
2024/01/03,21:15:16.0,能登半島沖,37°14.1′N,136°40.1′E,5 km,1.4,---
2024/01/03,21:15:38.9,石川県能登地方,37°22.3′N,137°0.1′E,11 km,2.1,---
2024/01/03,21:16:02.9,石川県能登地方,37°16.3′N,136°45.0′E,7 km,1.9,---
2024/01/03,21:16:12.9,八丈島東方沖,33°40.2′N,140°33.1′E,54 km,1,---
2024/01/03,21:16:50.5,佐渡付近,37°47.6′N,137°44.2′E,16 km,2,---
2024/01/03,21:17:00.8,福島県沖,37°49.1′N,141°39.3′E,56 km,1,---
2024/01/03,21:18:26.3,能登半島沖,37°11.6′N,136°40.1′E,0 km,1,---
2024/01/03,21:19:09.8,石川県能登地方,37°17.2′N,136°49.4′E,8 km,1.9,---
2024/01/03,21:19:44.4,石川県能登地方,37°16.5′N,136°44.0′E,6 km,1.8,---
2024/01/03,21:19:52.6,種子島南東沖,29°57.7′N,131°17.5′E,26 km,2.2,---
2024/01/03,21:20:49.2,石川県能登地方,37°20.4′N,136°52.0′E,8 km,1.6,---
2024/01/03,21:21:15.2,石川県能登地方,37°30.3′N,137°20.9′E,11 km,2.1,---
2024/01/03,21:21:23.2,長野県南部,35°59.8′N,137°34.7′E,13 km,0,---
2024/01/03,21:21:41.9,能登半島沖,37°12.6′N,136°41.5′E,5 km,2,---
2024/01/03,21:22:06.4,能登半島沖,37°23.0′N,136°42.3′E,8 km,1.6,---
2024/01/03,21:22:25.6,能登半島沖,37°10.8′N,136°37.4′E,11 km,1.1,---
2024/01/03,21:22:43.1,能登半島沖,37°12.0′N,136°41.3′E,6 km,2.6,---
2024/01/03,21:23:07.3,石川県能登地方,37°23.3′N,136°53.7′E,0 km,2.5,---
2024/01/03,21:23:41.1,佐渡付近,37°45.5′N,137°37.6′E,17 km,3.2,---
2024/01/03,21:24:48.1,三河湾,34°40.8′N,137°7.3′E,9 km,0.4,---
2024/01/03,21:25:12.7,新潟県上中越沖,37°39.7′N,137°38.6′E,14 km,2.2,---
2024/01/03,21:25:13.0,石川県能登地方,37°10.5′N,136°41.8′E,11 km,1.8,---
2024/01/03,21:26:06.7,能登半島沖,37°15.5′N,136°39.9′E,11 km,1.7,---
2024/01/03,21:26:43.8,島根県東部,35°6.6′N,133°6.4′E,9 km,1.2,---
2024/01/03,21:28:17.3,石川県能登地方,37°15.0′N,136°50.3′E,7 km,1.2,---
2024/01/03,21:28:37.1,石川県能登地方,37°31.5′N,137°15.1′E,9 km,3.5,---
2024/01/03,21:29:18.9,石川県能登地方,37°23.2′N,136°59.4′E,3 km,2.6,---
2024/01/03,21:30:14.8,富山湾,37°3.3′N,137°5.2′E,17 km,1.3,---
2024/01/03,21:31:13.6,石川県能登地方,37°9.6′N,136°43.0′E,7 km,2.7,---
2024/01/03,21:32:28.4,能登半島沖,37°7.9′N,136°39.0′E,0 km,1.8,---
2024/01/03,21:32:47.5,石川県能登地方,37°19.6′N,136°52.9′E,12 km,3.1,---
2024/01/03,21:34:44.7,青森県西方沖,41°8.9′N,139°21.3′E,17 km,1.2,---
2024/01/03,21:35:31.8,佐渡付近,37°52.4′N,137°44.2′E,20 km,1.6,---
2024/01/03,21:35:39.2,石川県能登地方,37°20.4′N,136°45.7′E,7 km,1.6,---
2024/01/03,21:36:05.4,石川県能登地方,37°11.5′N,136°49.3′E,12 km,2.2,---
2024/01/03,21:37:46.6,佐渡付近,37°53.4′N,137°45.4′E,21 km,2.5,---
2024/01/03,21:37:47.9,能登半島沖,37°36.5′N,137°27.6′E,14 km,2.4,---
2024/01/03,21:39:24.5,石川県能登地方,37°17.1′N,136°53.3′E,7 km,1.5,---
2024/01/03,21:41:31.4,能登半島沖,37°22.9′N,136°41.5′E,7 km,2.7,---
2024/01/03,21:42:47.2,石川県能登地方,37°10.8′N,136°44.8′E,6 km,3.1,---
2024/01/03,21:43:50.0,佐渡付近,37°44.7′N,137°39.5′E,19 km,3.6,---
2024/01/03,21:44:58.5,佐渡付近,37°45.8′N,137°37.6′E,18 km,2.4,---
2024/01/03,21:45:35.0,徳島県南部,33°57.4′N,134°30.2′E,11 km,0.4,---
2024/01/03,21:46:16.3,宮城県沖,38°30.7′N,142°11.9′E,63 km,3.3,---
2024/01/03,21:46:21.8,佐渡付近,37°58.9′N,137°45.0′E,24 km,2.4,---
2024/01/03,21:46:41.9,石川県能登地方,37°14.0′N,136°48.7′E,12 km,1.3,---
2024/01/03,21:49:01.7,石川県能登地方,37°20.7′N,136°52.3′E,9 km,2.3,---
2024/01/03,21:49:44.2,石川県能登地方,37°13.2′N,136°43.1′E,3 km,2,---
2024/01/03,21:50:03.8,石川県能登地方,37°23.0′N,136°52.0′E,11 km,3.3,---
2024/01/03,21:50:26.1,福島県沖,37°39.8′N,141°36.2′E,53 km,1.1,---
2024/01/03,21:51:20.0,三陸沖,40°51.1′N,145°15.6′E,13 km,2.5,---
2024/01/03,21:52:38.5,石川県能登地方,37°27.4′N,137°14.8′E,13 km,1.8,---
2024/01/03,21:54:46.2,新潟県上越地方,36°59.5′N,138°17.8′E,16 km,0.3,---
2024/01/03,21:56:21.1,愛知県西部,34°53.1′N,137°3.3′E,8 km,0.1,---
2024/01/03,21:57:55.7,佐渡付近,37°47.2′N,137°45.2′E,18 km,1.1,---
2024/01/03,21:58:33.1,能登半島沖,37°15.9′N,136°42.3′E,5 km,2,---
2024/01/03,21:58:37.8,長崎県南西部,32°51.8′N,129°44.9′E,11 km,0.4,---
2024/01/03,21:58:46.3,新潟県上中越沖,37°40.6′N,137°38.9′E,22 km,3.1,---
2024/01/03,21:59:47.0,石川県能登地方,37°17.1′N,136°50.9′E,13 km,1.8,---
2024/01/03,22:00:43.6,石川県能登地方,37°27.8′N,137°15.2′E,14 km,1.6,---
2024/01/03,22:01:38.4,千葉県北西部,35°39.3′N,140°13.8′E,12 km,2.5,---
2024/01/03,22:02:21.0,石川県能登地方,37°30.3′N,137°15.4′E,15 km,1.5,---
2024/01/03,22:02:42.2,石川県能登地方,37°12.0′N,136°45.2′E,9 km,1.6,---
2024/01/03,22:03:16.4,佐渡付近,37°51.7′N,137°43.2′E,0 km,1.1,---
2024/01/03,22:03:49.2,石川県能登地方,37°16.7′N,136°51.1′E,14 km,1.4,---
2024/01/03,22:04:49.8,石川県能登地方,37°3.7′N,136°44.1′E,13 km,1,---
2024/01/03,22:05:13.6,福島県沖,37°49.9′N,141°36.9′E,49 km,1.6,---
2024/01/03,22:05:27.4,石川県能登地方,37°23.0′N,136°51.2′E,0 km,2.2,---
2024/01/03,22:06:04.4,能登半島沖,37°7.1′N,136°39.4′E,8 km,1.9,---
2024/01/03,22:06:21.5,新潟県上中越沖,37°40.8′N,137°52.6′E,25 km,2.7,---
2024/01/03,22:06:41.6,新潟県上中越沖,37°40.9′N,137°52.4′E,23 km,3.5,---
2024/01/03,22:07:18.1,石川県能登地方,37°21.4′N,136°47.8′E,8 km,3.6,---
2024/01/03,22:08:59.3,石川県能登地方,37°10.4′N,136°49.2′E,16 km,2.1,---
2024/01/03,22:09:40.2,新潟県上中越沖,37°40.9′N,137°52.5′E,25 km,3.8,---
2024/01/03,22:09:55.9,宮城県沖,38°41.3′N,142°15.7′E,42 km,1.4,---
2024/01/03,22:11:40.6,佐渡付近,37°44.0′N,137°41.2′E,16 km,1.6,---
2024/01/03,22:13:22.9,石川県能登地方,37°12.3′N,136°45.5′E,3 km,2.2,---
2024/01/03,22:14:35.5,石川県能登地方,37°9.4′N,136°43.9′E,15 km,1,---
2024/01/03,22:14:59.6,佐渡付近,37°44.8′N,137°41.8′E,17 km,1.9,---
2024/01/03,22:15:51.9,石川県能登地方,37°25.1′N,137°8.0′E,14 km,1.7,---
2024/01/03,22:17:12.9,能登半島沖,37°6.4′N,136°39.0′E,7 km,1.8,---
2024/01/03,22:17:55.3,石川県能登地方,37°11.4′N,136°42.0′E,8 km,0.8,---
2024/01/03,22:18:41.3,石川県能登地方,37°11.0′N,136°46.4′E,4 km,1.5,---
2024/01/03,22:19:12.5,新潟県上中越沖,37°41.2′N,137°57.1′E,24 km,1.4,---
2024/01/03,22:20:03.0,佐渡付近,37°43.8′N,137°39.3′E,17 km,1.6,---
2024/01/03,22:21:01.2,石川県能登地方,37°24.6′N,137°6.5′E,12 km,1.2,---
2024/01/03,22:22:52.6,石川県能登地方,37°22.0′N,137°5.9′E,12 km,1.6,---
2024/01/03,22:23:05.0,石川県能登地方,37°20.9′N,136°49.0′E,11 km,2.2,---
2024/01/03,22:23:07.7,宮城県沖,38°24.4′N,142°20.4′E,36 km,1.1,---
2024/01/03,22:23:22.4,福島県中通り,37°5.0′N,140°35.1′E,9 km,0.8,---
2024/01/03,22:23:46.8,能登半島沖,37°7.8′N,136°38.4′E,7 km,2.6,---
2024/01/03,22:25:49.8,石川県能登地方,37°14.4′N,136°47.5′E,9 km,1.8,---
2024/01/03,22:26:27.1,石川県能登地方,37°29.2′N,137°18.0′E,11 km,3.2,---
2024/01/03,22:28:43.4,能登半島沖,37°8.3′N,136°37.2′E,8 km,1,---
2024/01/03,22:29:16.2,石川県能登地方,37°18.6′N,136°52.1′E,4 km,1.7,---
2024/01/03,22:29:36.8,茨城県北部,36°22.3′N,140°32.9′E,83 km,0.7,---
2024/01/03,22:29:46.4,石川県能登地方,37°13.5′N,136°45.9′E,9 km,1,---
2024/01/03,22:31:54.9,石川県能登地方,37°12.3′N,136°42.9′E,11 km,1.5,---
2024/01/03,22:32:36.8,根室半島南東沖,43°9.8′N,145°46.7′E,45 km,1.8,---
2024/01/03,22:32:49.3,能登半島沖,37°23.4′N,136°48.2′E,6 km,2.1,---
2024/01/03,22:33:29.1,石川県能登地方,37°22.8′N,136°53.2′E,0 km,1.6,---
2024/01/03,22:33:56.3,石川県能登地方,37°27.8′N,137°8.4′E,11 km,3.1,---
2024/01/03,22:35:08.8,群馬県南部,36°34.2′N,139°27.7′E,7 km,1.2,---
2024/01/03,22:35:43.9,福島県沖,37°18.0′N,141°38.0′E,12 km,1.3,---
2024/01/03,22:36:03.3,石川県能登地方,37°21.8′N,136°59.8′E,8 km,2.4,---
2024/01/03,22:36:20.1,石川県能登地方,37°18.0′N,136°48.7′E,9 km,2.4,---
2024/01/03,22:37:27.3,能登半島沖,37°8.3′N,136°38.8′E,9 km,1.7,---
2024/01/03,22:37:47.8,能登半島沖,37°33.2′N,137°26.2′E,11 km,1.9,---
2024/01/03,22:38:24.5,佐渡付近,37°50.5′N,137°45.6′E,18 km,2.9,---
2024/01/03,22:39:21.5,石川県能登地方,37°19.6′N,136°59.1′E,12 km,1.5,---
2024/01/03,22:40:40.5,石川県西方沖,37°4.9′N,136°29.0′E,8 km,2.5,---
2024/01/03,22:40:56.4,新潟県上中越沖,37°38.1′N,138°22.6′E,23 km,1.7,---
2024/01/03,22:42:12.7,石川県能登地方,37°22.5′N,136°59.4′E,8 km,2.3,---
2024/01/03,22:42:43.7,石川県能登地方,37°27.3′N,137°16.2′E,13 km,2.3,---
2024/01/03,22:43:02.5,福島県沖,37°22.1′N,141°57.2′E,39 km,1.3,---
2024/01/03,22:43:18.1,石川県能登地方,37°24.6′N,136°58.9′E,0 km,1.7,---
2024/01/03,22:44:37.0,石川県能登地方,37°10.6′N,136°51.8′E,13 km,1.7,---
2024/01/03,22:45:20.4,能登半島沖,37°8.4′N,136°39.3′E,11 km,1.8,---
2024/01/03,22:45:59.5,石川県能登地方,37°11.2′N,136°44.4′E,7 km,1.5,---
2024/01/03,22:46:42.4,能登半島沖,37°36.1′N,137°24.5′E,8 km,1.8,---
2024/01/03,22:47:16.4,石川県能登地方,37°15.2′N,136°49.5′E,5 km,1.8,---
2024/01/03,22:47:53.9,石川県西方沖,37°6.1′N,136°33.5′E,14 km,1.6,---
2024/01/03,22:48:20.8,福島県沖,37°11.5′N,142°8.6′E,24 km,1.2,---
2024/01/03,22:48:20.8,石川県能登地方,37°16.1′N,136°48.9′E,11 km,1.6,---
2024/01/03,22:49:13.0,能登半島沖,37°36.0′N,137°25.7′E,0 km,1.4,---
2024/01/03,22:50:05.1,能登半島沖,37°12.6′N,136°41.4′E,4 km,1.8,---
2024/01/03,22:50:18.5,群馬県南部,36°35.9′N,139°24.5′E,5 km,0,---
2024/01/03,22:50:53.6,能登半島沖,37°30.6′N,137°10.1′E,8 km,2.3,---
2024/01/03,22:52:06.6,石川県能登地方,37°11.7′N,136°49.8′E,10 km,1.6,---
2024/01/03,22:52:31.6,新潟県上中越沖,37°41.0′N,137°39.1′E,13 km,2.1,---
2024/01/03,22:53:33.1,石川県能登地方,37°10.5′N,136°54.3′E,9 km,1.4,---
2024/01/03,22:54:18.4,佐渡付近,37°46.2′N,137°42.8′E,15 km,2.1,---
2024/01/03,22:56:30.4,岐阜県飛騨地方,36°4.6′N,137°19.9′E,10 km,-10.2,---
2024/01/03,22:56:40.8,石川県能登地方,37°11.1′N,136°46.9′E,2 km,1.4,---
2024/01/03,22:56:46.5,能登半島沖,37°16.2′N,136°39.2′E,17 km,1.6,---
2024/01/03,22:57:01.3,千葉県東方沖,35°51.1′N,140°55.5′E,32 km,0.7,---
2024/01/03,22:57:10.8,茨城県北部,36°26.6′N,140°28.2′E,92 km,2,---
2024/01/03,22:57:51.3,石川県能登地方,37°21.0′N,137°5.1′E,11 km,2.1,---
2024/01/03,22:58:37.1,石川県能登地方,37°21.1′N,136°59.1′E,7 km,1.8,---
2024/01/03,22:58:58.2,石川県能登地方,37°13.0′N,136°43.0′E,4 km,1.9,---
2024/01/03,22:59:25.8,石川県能登地方,37°12.4′N,136°46.3′E,7 km,1.2,---
2024/01/03,22:59:49.9,石川県能登地方,37°18.0′N,136°46.9′E,9 km,1.6,---
2024/01/03,23:00:51.0,和歌山県北部,33°53.3′N,135°19.5′E,12 km,0.6,---
2024/01/03,23:00:54.9,福岡県福岡地方,33°40.0′N,130°19.0′E,10 km,1,---
2024/01/03,23:01:37.3,石川県能登地方,37°13.0′N,136°42.7′E,4 km,2,---
2024/01/03,23:02:09.5,能登半島沖,37°41.3′N,137°26.4′E,12 km,2.8,---
2024/01/03,23:05:39.4,能登半島沖,37°13.0′N,136°41.5′E,6 km,1.7,---
2024/01/03,23:06:06.5,新潟県上中越沖,37°36.5′N,137°31.8′E,10 km,2.1,---
2024/01/03,23:06:42.0,奄美大島北東沖,29°23.7′N,130°46.5′E,55 km,2.3,---
2024/01/03,23:06:54.8,石川県能登地方,37°22.2′N,136°55.6′E,5 km,1.9,---
2024/01/03,23:07:24.7,愛知県西部,35°5.2′N,137°14.8′E,40 km,0,---
2024/01/03,23:07:32.1,福井県嶺南,35°29.8′N,135°55.6′E,11 km,0,---
2024/01/03,23:07:58.2,石川県能登地方,37°21.4′N,136°47.7′E,6 km,1.8,---
2024/01/03,23:08:33.3,能登半島沖,37°7.2′N,136°33.6′E,0 km,1.2,---
2024/01/03,23:09:45.1,佐渡付近,37°49.3′N,137°40.7′E,12 km,1.6,---
2024/01/03,23:10:11.0,秋田県内陸北部,40°0.8′N,140°28.6′E,4 km,0,---
2024/01/03,23:10:18.9,佐渡付近,37°44.0′N,137°36.4′E,15 km,1.7,---
2024/01/03,23:10:26.2,能登半島沖,37°8.9′N,136°41.5′E,9 km,1.6,---
2024/01/03,23:11:15.0,能登半島沖,37°8.2′N,136°36.9′E,7 km,1.8,---
2024/01/03,23:11:21.2,和歌山県北部,34°4.8′N,135°10.9′E,5 km,0,---
2024/01/03,23:11:26.9,石川県能登地方,37°25.0′N,137°7.5′E,8 km,1.7,---
2024/01/03,23:12:03.9,新潟県上中越沖,37°38.7′N,137°30.4′E,10 km,1.4,---
2024/01/03,23:12:15.2,能登半島沖,37°6.3′N,136°38.0′E,10 km,1.5,---
2024/01/03,23:13:33.1,石川県能登地方,37°25.4′N,137°8.9′E,6 km,2,---
2024/01/03,23:13:39.3,愛知県東部,35°11.8′N,137°41.4′E,15 km,0.4,---
2024/01/03,23:14:18.1,能登半島沖,37°37.8′N,137°29.2′E,13 km,3.1,---
2024/01/03,23:15:08.2,石川県能登地方,37°3.9′N,136°44.1′E,3 km,1.6,---
2024/01/03,23:16:22.7,石川県能登地方,37°11.2′N,136°48.4′E,9 km,0.9,---
2024/01/03,23:17:44.0,石川県能登地方,37°28.6′N,137°12.6′E,12 km,1.7,---
2024/01/03,23:18:15.7,能登半島沖,37°13.5′N,136°39.8′E,0 km,1.6,---
2024/01/03,23:19:45.2,新潟県上越地方,36°59.6′N,137°43.9′E,0 km,0.4,---
2024/01/03,23:19:45.9,石川県能登地方,37°20.0′N,136°48.2′E,4 km,1.8,---
2024/01/03,23:20:22.6,石川県能登地方,37°12.1′N,136°49.7′E,0 km,1.4,---
2024/01/03,23:21:14.9,宮城県沖,37°56.4′N,142°25.7′E,26 km,1.4,---
2024/01/03,23:22:00.1,鳥島近海,31°21.4′N,140°33.0′E,253 km,3.4,---
2024/01/03,23:22:07.7,石川県能登地方,37°30.9′N,137°19.3′E,10 km,1.6,---
2024/01/03,23:22:49.9,能登半島沖,37°10.2′N,136°37.5′E,0 km,1.9,---
2024/01/03,23:23:26.8,石川県能登地方,37°14.3′N,136°51.6′E,9 km,1.7,---
2024/01/03,23:24:03.8,石川県能登地方,37°11.8′N,136°45.0′E,9 km,1.6,---
2024/01/03,23:25:41.9,石川県西方沖,37°5.6′N,136°31.4′E,8 km,1.5,---
2024/01/03,23:25:50.8,北海道東方沖,43°49.6′N,147°36.7′E,0 km,3.5,---
2024/01/03,23:26:31.7,石川県能登地方,37°25.2′N,137°8.2′E,12 km,1.9,---
2024/01/03,23:26:58.9,石川県能登地方,37°22.6′N,136°55.9′E,0 km,2.6,---
2024/01/03,23:27:00.9,宮城県沖,38°33.6′N,142°7.5′E,33 km,1,---
2024/01/03,23:27:36.5,福島県沖,37°0.9′N,141°6.5′E,30 km,0.6,---
2024/01/03,23:28:12.3,石川県能登地方,37°21.2′N,137°7.2′E,11 km,1.9,---
2024/01/03,23:28:29.9,石川県能登地方,37°11.1′N,136°45.9′E,0 km,1.9,---
2024/01/03,23:28:48.3,石川県能登地方,37°12.2′N,136°52.3′E,9 km,2.4,---
2024/01/03,23:29:25.3,能登半島沖,37°19.0′N,136°42.4′E,6 km,2,---
2024/01/03,23:30:01.7,能登半島沖,37°20.2′N,136°41.7′E,6 km,2,---
2024/01/03,23:30:39.9,石川県能登地方,37°28.4′N,137°15.7′E,12 km,1.6,---
2024/01/03,23:31:07.6,石川県能登地方,37°12.2′N,136°51.9′E,13 km,2.1,---
2024/01/03,23:32:17.2,佐渡付近,37°46.9′N,137°44.2′E,17 km,1.5,---
2024/01/03,23:33:17.3,石川県能登地方,37°19.2′N,136°59.0′E,13 km,4.2,---
2024/01/03,23:35:15.8,能登半島沖,37°15.1′N,136°42.5′E,7 km,1.7,---
2024/01/03,23:35:42.2,石川県能登地方,37°16.4′N,137°3.0′E,9 km,1.4,---
2024/01/03,23:35:49.1,宮城県沖,38°0.7′N,141°50.1′E,51 km,0.8,---
2024/01/03,23:36:03.8,能登半島沖,37°34.0′N,137°21.0′E,10 km,3.1,---
2024/01/03,23:37:40.5,石川県能登地方,37°11.9′N,136°51.4′E,10 km,1.4,---
2024/01/03,23:37:58.9,石川県能登地方,37°27.2′N,137°13.5′E,13 km,1.8,---
2024/01/03,23:39:03.9,佐渡付近,37°43.8′N,137°37.4′E,19 km,1.3,---
2024/01/03,23:40:01.0,石川県能登地方,37°18.3′N,137°2.1′E,9 km,1.7,---
2024/01/03,23:41:29.8,石川県能登地方,37°13.2′N,136°48.3′E,8 km,1.5,---
2024/01/03,23:42:20.6,石川県能登地方,37°16.8′N,136°49.2′E,0 km,1.4,---
2024/01/03,23:43:13.7,佐渡付近,37°45.0′N,137°43.4′E,19 km,2.2,---
2024/01/03,23:43:59.3,能登半島沖,37°27.0′N,136°59.6′E,0 km,1.8,---
2024/01/03,23:44:12.3,宮城県沖,37°58.2′N,142°38.7′E,17 km,1.7,---
2024/01/03,23:44:25.3,石川県能登地方,37°13.2′N,136°45.5′E,8 km,1.9,---
2024/01/03,23:45:08.0,能登半島沖,37°7.1′N,136°40.1′E,6 km,2,---
2024/01/03,23:46:26.3,能登半島沖,37°12.5′N,136°36.2′E,0 km,1.1,---
2024/01/03,23:46:33.6,大隅半島東方沖,31°1.6′N,131°19.8′E,39 km,0.9,---
2024/01/03,23:48:27.7,石川県能登地方,37°22.2′N,136°51.8′E,0 km,1.5,---
2024/01/03,23:49:06.5,石川県能登地方,37°13.1′N,136°42.6′E,8 km,2.3,---
2024/01/03,23:49:27.0,石川県能登地方,37°15.0′N,136°48.7′E,14 km,2.4,---
2024/01/03,23:51:11.1,石川県能登地方,37°17.7′N,136°54.0′E,10 km,1.5,---
2024/01/03,23:51:59.4,能登半島沖,37°34.5′N,137°12.1′E,9 km,1.8,---
2024/01/03,23:52:28.4,石川県能登地方,37°21.3′N,136°58.9′E,11 km,2,---
2024/01/03,23:53:41.8,能登半島沖,37°24.2′N,136°55.1′E,8 km,1.8,---
2024/01/03,23:54:01.0,石川県能登地方,37°11.7′N,136°44.7′E,5 km,1.9,---
2024/01/03,23:54:19.7,静岡県西部,35°5.6′N,137°55.4′E,21 km,-10.1,---
2024/01/03,23:54:33.8,石川県能登地方,37°25.1′N,137°13.1′E,20 km,1.5,---
2024/01/03,23:55:13.4,能登半島沖,37°32.1′N,137°22.1′E,9 km,1.9,---
2024/01/03,23:55:54.0,富山湾,37°17.2′N,137°10.4′E,0 km,1.4,---
2024/01/03,23:56:17.3,石川県能登地方,37°27.7′N,137°16.4′E,14 km,1.9,---
2024/01/03,23:56:17.5,沖縄本島近海,26°58.3′N,128°18.5′E,29 km,1,---
2024/01/03,23:56:50.7,石川県能登地方,37°22.5′N,137°7.7′E,10 km,1.5,---
2024/01/03,23:58:27.6,石川県能登地方,37°23.1′N,136°55.3′E,13 km,1.5,---
2024/01/03,23:58:47.3,石川県能登地方,37°13.0′N,136°47.4′E,1 km,1.1,---
2024/01/03,23:58:53.8,佐渡付近,37°55.8′N,137°43.0′E,24 km,1.6,---
2024/01/03,23:59:14.2,薩摩半島西方沖,31°13.0′N,129°35.9′E,9 km,1.8,---
2024/01/03,23:59:19.4,千葉県北東部,35°42.9′N,140°46.2′E,51 km,0.8,---
2024/01/03,23:59:54.6,石川県能登地方,37°21.5′N,136°51.0′E,11 km,1.9,---
