地震の発生日,地震の発生時刻,震央地名,緯度,経度,深さ,Ｍ,最大震度
2024/01/01,00:00:04.5,日向灘,32°38.6′N,131°59.1′E,36 km,0.4,---
2024/01/01,00:00:30.9,愛知県西部,35°18.6′N,136°54.8′E,7 km,0.5,---
2024/01/01,00:00:36.1,岐阜県飛騨地方,36°03.0′N,137°32.9′E,6 km,0.5,---
2024/01/01,00:02:15.3,岐阜県飛騨地方,36°00.7′N,137°31.4′E,8 km,0.0,---
2024/01/01,00:08:13.3,秋田県内陸北部,40°03.1′N,140°38.9′E,8 km,0.3,---
2024/01/01,00:08:38.1,沖縄本島北西沖,27°30.6′N,126°23.1′E,186 km,3.3,---
2024/01/01,00:25:20.9,福島県沖,37°21.4′N,141°55.4′E,34 km,1.2,---
2024/01/01,00:30:19.3,三河湾,34°46.1′N,137°15.8′E,32 km,1.3,---
2024/01/01,00:31:06.1,千葉県北西部,35°51.3′N,140°26.7′E,45 km,0.3,---
2024/01/01,00:31:53.5,福島県沖,37°50.6′N,141°36.2′E,49 km,0.8,---
2024/01/01,00:32:06.1,岐阜県飛騨地方,35°43.4′N,137°07.1′E,10 km,0.9,---
2024/01/01,00:33:56.0,択捉島南東沖,44°20.5′N,149°04.0′E,30 km,不明,---
2024/01/01,00:41:00.9,福島県沖,37°46.4′N,141°35.7′E,53 km,1.0,---
2024/01/01,00:41:10.0,和歌山県北部,34°13.9′N,135°09.9′E,7 km,1.7,---
2024/01/01,00:42:43.7,和歌山県北部,34°13.9′N,135°10.0′E,6 km,1.4,---
2024/01/01,00:45:43.1,関東東方沖,36°15.2′N,143°48.6′E,34 km,1.9,---
2024/01/01,00:51:39.9,茨城県南部,36°00.6′N,140°02.1′E,61 km,0.5,---
2024/01/01,01:01:38.0,滋賀県北部,35°29.2′N,135°56.4′E,13 km,0.6,---
2024/01/01,01:04:38.2,長野県南部,35°54.2′N,137°41.9′E,4 km,-0.2,---
2024/01/01,01:11:15.5,福島県沖,37°49.8′N,141°31.7′E,46 km,0.8,---
2024/01/01,01:12:03.2,福島県沖,37°52.2′N,141°37.4′E,48 km,1.1,---
2024/01/01,01:14:31.1,福島県沖,37°14.1′N,142°09.7′E,25 km,1.8,---
2024/01/01,01:20:10.3,福島県沖,37°23.7′N,141°42.2′E,42 km,0.6,---
2024/01/01,01:24:57.7,与那国島近海,23°51.1′N,123°19.0′E,24 km,2.8,---
2024/01/01,01:27:06.0,宮城県南部,37°51.5′N,140°44.3′E,87 km,1.4,---
2024/01/01,01:28:02.9,栃木県北部,36°42.3′N,139°24.0′E,6 km,0.0,---
2024/01/01,01:28:24.3,福島県沖,37°39.4′N,141°39.6′E,52 km,0.9,---
2024/01/01,01:28:59.2,茨城県沖,35°58.8′N,141°12.8′E,6 km,1.5,---
2024/01/01,01:29:46.7,鹿児島湾,31°27.2′N,130°37.5′E,11 km,0.8,---
2024/01/01,01:30:20.0,高知県東部,33°31.0′N,134°00.5′E,17 km,1.5,---
2024/01/01,01:31:32.6,高知県東部,33°31.1′N,134°00.4′E,16 km,0.5,---
2024/01/01,01:33:52.4,与那国島近海,23°51.0′N,123°19.0′E,29 km,3.2,---
2024/01/01,01:35:35.5,与那国島近海,23°52.3′N,123°16.0′E,45 km,不明,---
2024/01/01,01:35:50.8,与那国島近海,23°45.8′N,123°15.3′E,16 km,3.4,---
2024/01/01,01:36:00.8,京都府南部,35°03.7′N,135°31.1′E,10 km,2.2,---
2024/01/01,01:37:26.7,与那国島近海,23°53.4′N,123°18.3′E,31 km,1.8,---
2024/01/01,01:39:11.7,福島県沖,37°49.9′N,141°33.1′E,49 km,0.9,---
2024/01/01,01:42:55.9,福島県沖,37°50.5′N,141°37.8′E,50 km,1.1,---
2024/01/01,01:48:37.1,鹿児島湾,31°31.1′N,130°33.0′E,11 km,0.1,---
2024/01/01,01:49:27.2,与那国島近海,23°51.2′N,123°19.3′E,27 km,2.5,---
2024/01/01,01:51:38.6,与那国島近海,23°49.0′N,123°18.1′E,26 km,2.0,---
2024/01/01,01:56:07.3,宮城県沖,38°45.4′N,141°44.5′E,54 km,1.5,---
2024/01/01,02:01:16.2,関東東方沖,34°23.0′N,141°40.0′E,15 km,2.0,---
2024/01/01,02:03:04.7,静岡県中部,35°33.7′N,138°15.0′E,8 km,-0.1,---
2024/01/01,02:03:39.4,宮城県沖,37°58.0′N,141°38.8′E,49 km,0.9,---
2024/01/01,02:03:44.0,浦河沖,42°07.4′N,142°14.5′E,23 km,1.8,---
2024/01/01,02:09:12.6,与那国島近海,23°59.3′N,123°15.8′E,60 km,1.6,---
2024/01/01,02:12:25.7,豊後水道,33°05.7′N,132°11.2′E,43 km,1.0,---
2024/01/01,02:14:35.5,奄美大島北東沖,29°09.8′N,130°47.2′E,54 km,2.4,---
2024/01/01,02:25:16.9,福島県中通り,37°14.0′N,140°10.7′E,8 km,1.3,---
2024/01/01,02:27:31.7,三陸沖,39°30.8′N,143°06.0′E,32 km,1.5,---
2024/01/01,02:32:09.1,埼玉県南部,35°55.5′N,139°36.1′E,88 km,0.8,---
2024/01/01,02:32:32.8,八丈島東方沖,33°36.3′N,141°27.6′E,24 km,1.9,---
2024/01/01,02:37:49.1,苫小牧沖,42°15.1′N,141°48.3′E,25 km,1.4,---
2024/01/01,02:48:19.4,宮城県沖,38°06.6′N,141°40.0′E,57 km,1.0,---
2024/01/01,02:48:53.4,宮城県沖,38°57.5′N,142°24.5′E,32 km,1.9,---
2024/01/01,02:55:57.4,福島県沖,37°46.0′N,141°47.4′E,43 km,0.9,---
2024/01/01,02:55:58.1,釧路沖,42°24.3′N,144°37.8′E,13 km,1.6,---
2024/01/01,03:00:52.1,岐阜県美濃中西部,35°23.0′N,136°47.1′E,6 km,0.9,---
2024/01/01,03:02:32.1,長野県中部,36°08.6′N,137°39.7′E,9 km,0.1,---
2024/01/01,03:04:43.8,日向灘,32°35.1′N,132°20.0′E,28 km,1.1,---
2024/01/01,03:06:55.9,千葉県東方沖,35°43.0′N,141°07.7′E,37 km,1.7,---
2024/01/01,03:07:47.3,大分県中部,33°00.7′N,131°44.5′E,60 km,0.8,---
2024/01/01,03:09:57.5,土佐湾,33°18.4′N,133°34.4′E,22 km,0.9,---
2024/01/01,03:20:17.3,岐阜県飛騨地方,36°00.8′N,137°31.2′E,8 km,-0.1,---
2024/01/01,03:22:01.6,宮城県沖,38°37.4′N,141°36.5′E,27 km,0.8,---
2024/01/01,03:23:14.2,長野県中部,36°14.6′N,137°39.8′E,7 km,0.4,---
2024/01/01,03:29:41.1,宮城県沖,38°56.2′N,142°19.9′E,54 km,1.3,---
2024/01/01,03:30:56.4,岩手県沖,39°52.0′N,142°17.8′E,28 km,1.1,---
2024/01/01,03:35:50.2,石垣島近海,24°11.6′N,124°13.5′E,13 km,2.0,---
2024/01/01,03:42:30.8,静岡県西部,35°03.5′N,137°50.3′E,24 km,0.5,---
2024/01/01,03:48:21.2,茨城県南部,36°00.1′N,140°07.2′E,62 km,0.7,---
2024/01/01,03:48:33.0,八丈島近海,33°05.9′N,139°29.3′E,182 km,2.7,---
2024/01/01,03:50:45.6,和歌山県北部,34°04.0′N,135°07.0′E,7 km,1.4,---
2024/01/01,03:52:10.0,奄美大島北東沖,29°10.2′N,130°47.6′E,63 km,2.7,---
2024/01/01,03:57:52.1,宮古島近海,24°57.0′N,125°27.7′E,22 km,1.7,---
2024/01/01,03:59:59.8,兵庫県南東部,34°49.9′N,135°08.8′E,12 km,1.0,---
2024/01/01,04:00:07.8,沖縄本島近海,26°58.6′N,128°40.7′E,16 km,2.1,---
2024/01/01,04:01:31.6,長野県中部,36°14.6′N,137°39.7′E,9 km,0.8,---
2024/01/01,04:02:23.1,岐阜県美濃中西部,35°37.9′N,136°43.1′E,13 km,0.7,---
2024/01/01,04:06:00.4,福島県沖,37°45.1′N,142°05.8′E,33 km,1.1,---
2024/01/01,04:06:47.4,栃木県北部,36°39.2′N,139°28.2′E,8 km,0.2,---
2024/01/01,04:07:54.3,宮城県沖,38°26.7′N,142°11.1′E,30 km,1.2,---
2024/01/01,04:08:02.0,伊予灘,33°31.8′N,131°51.8′E,70 km,1.5,---
2024/01/01,04:12:37.2,兵庫県南東部,35°04.6′N,135°17.5′E,7 km,0.7,---
2024/01/01,04:15:13.4,千葉県北西部,35°38.4′N,140°06.0′E,67 km,0.9,---
2024/01/01,04:21:04.5,日高地方西部,42°48.7′N,142°32.3′E,36 km,0.7,---
2024/01/01,04:24:31.4,長野県中部,36°14.3′N,137°39.6′E,7 km,0.2,---
2024/01/01,04:30:11.3,高知県中部,33°43.8′N,133°27.1′E,4 km,0.8,---
2024/01/01,04:31:15.6,長野県中部,36°15.2′N,137°39.1′E,10 km,0.2,---
2024/01/01,04:32:15.7,長野県中部,36°14.4′N,137°40.0′E,5 km,不明,---
2024/01/01,04:33:47.4,福島県沖,37°51.1′N,141°36.1′E,49 km,1.6,---
2024/01/01,04:37:59.3,岐阜県美濃中西部,35°22.9′N,136°47.1′E,7 km,0.5,---
2024/01/01,04:41:03.6,種子島近海,30°37.0′N,130°50.2′E,1 km,1.4,---
2024/01/01,04:41:26.7,長野県中部,36°14.7′N,137°39.3′E,8 km,0.3,---
2024/01/01,04:47:10.2,青森県東方沖,40°56.7′N,142°56.3′E,24 km,2.7,---
2024/01/01,04:54:13.2,滋賀県南部,35°08.0′N,135°55.7′E,15 km,0.7,---
2024/01/01,04:55:27.5,宮古島近海,24°50.8′N,125°09.5′E,52 km,1.8,---
2024/01/01,04:58:31.3,福島県沖,37°00.7′N,143°22.0′E,50 km,1.8,---
2024/01/01,04:58:40.5,沖縄本島近海,26°14.0′N,128°57.5′E,20 km,1.5,---
2024/01/01,04:59:21.3,福島県沖,37°35.4′N,141°52.7′E,43 km,1.6,---
2024/01/01,04:59:49.6,福島県沖,37°30.9′N,141°24.0′E,47 km,1.4,---
2024/01/01,05:00:08.0,岩手県沖,39°28.0′N,142°50.5′E,18 km,不明,---
2024/01/01,05:01:00.7,熊本県熊本地方,32°45.0′N,130°45.9′E,12 km,0.6,---
2024/01/01,05:01:37.2,群馬県北部,36°38.8′N,138°58.5′E,140 km,2.1,---
2024/01/01,05:02:38.7,釧路沖,42°22.9′N,144°32.4′E,38 km,1.6,---
2024/01/01,05:02:50.5,宮崎県北部平野部,32°38.3′N,131°27.8′E,17 km,0.9,---
2024/01/01,05:08:04.2,岐阜県飛騨地方,36°00.6′N,137°31.3′E,8 km,0.3,---
2024/01/01,05:08:21.6,茨城県南部,35°59.7′N,140°12.8′E,37 km,0.2,---
2024/01/01,05:08:44.0,福島県沖,37°47.7′N,141°38.1′E,53 km,1.2,---
2024/01/01,05:17:28.3,千葉県北西部,35°51.3′N,140°25.0′E,32 km,1.3,---
2024/01/01,05:22:56.9,留萌地方中北部,44°46.5′N,141°52.4′E,14 km,0.9,---
2024/01/01,05:33:13.6,福島県会津,37°36.9′N,139°35.0′E,13 km,1.1,---
2024/01/01,05:36:46.7,紀伊水道,33°47.7′N,134°43.3′E,34 km,0.9,---
2024/01/01,05:37:01.9,長野県南部,35°23.1′N,137°56.1′E,12 km,0.2,---
2024/01/01,05:45:52.2,橘湾,32°37.9′N,130°05.2′E,12 km,0.3,---
2024/01/01,05:46:36.3,山梨県中・西部,35°45.2′N,138°15.4′E,9 km,0.6,---
2024/01/01,05:52:54.8,和歌山県北部,33°58.8′N,135°11.2′E,9 km,1.5,---
2024/01/01,05:54:50.5,和歌山県北部,34°14.3′N,135°13.5′E,4 km,0.4,---
2024/01/01,05:58:57.2,宮崎県南部山沿い,31°56.1′N,130°53.5′E,1 km,0.8,---
2024/01/01,05:59:07.8,徳島県北部,34°03.2′N,134°12.0′E,6 km,0.3,---
2024/01/01,06:11:18.6,浦河沖,42°08.6′N,142°35.7′E,48 km,1.2,---
2024/01/01,06:13:18.7,土佐湾,33°26.9′N,133°42.9′E,29 km,0.8,---
2024/01/01,06:16:18.0,石垣島近海,24°52.5′N,123°48.0′E,87 km,2.0,---
2024/01/01,06:24:39.9,福島県沖,37°13.2′N,142°08.4′E,21 km,1.5,---
2024/01/01,06:26:01.2,福島県浜通り,36°55.8′N,140°38.2′E,7 km,0.5,---
2024/01/01,06:29:12.7,茨城県北部,36°39.9′N,140°38.7′E,11 km,1.1,---
2024/01/01,06:30:29.4,和歌山県北部,33°54.8′N,135°13.5′E,8 km,1.9,---
2024/01/01,06:34:56.1,与那国島近海,23°51.6′N,123°20.5′E,26 km,1.9,---
2024/01/01,06:34:56.2,福島県沖,37°41.9′N,141°35.9′E,58 km,2.6,---
2024/01/01,06:39:52.9,栃木県南部,36°21.2′N,139°56.8′E,76 km,0.9,---
2024/01/01,06:46:30.0,岩手県沖,39°14.2′N,142°35.7′E,24 km,1.4,---
2024/01/01,06:49:31.5,関東東方沖,36°17.2′N,143°25.0′E,17 km,2.5,---
2024/01/01,07:00:15.3,岩手県沖,39°33.2′N,142°43.0′E,11 km,2.0,---
2024/01/01,07:05:24.3,天草灘,31°57.2′N,130°11.4′E,1 km,-0.1,---
2024/01/01,07:08:40.9,沖縄本島近海,27°18.9′N,128°57.1′E,20 km,1.1,---
2024/01/01,07:12:33.9,宮城県沖,38°07.9′N,142°43.1′E,26 km,1.4,---
2024/01/01,07:13:06.8,岐阜県美濃中西部,35°27.7′N,136°44.8′E,10 km,0.2,---
2024/01/01,07:20:23.3,駿河湾南方沖,34°33.4′N,138°16.0′E,239 km,3.0,---
2024/01/01,07:27:00.2,栃木県南部,36°24.1′N,139°56.6′E,79 km,1.0,---
2024/01/01,07:28:21.9,岐阜県美濃中西部,35°54.1′N,136°54.2′E,8 km,0.8,---
2024/01/01,07:29:52.0,福島県沖,37°51.3′N,141°36.0′E,48 km,1.2,---
2024/01/01,07:30:00.6,沖縄本島近海,26°58.4′N,128°40.9′E,16 km,2.8,---
2024/01/01,07:32:34.4,福島県沖,37°52.2′N,141°37.9′E,47 km,1.0,---
2024/01/01,07:32:43.9,千島列島,47°24.2′N,153°37.2′E,247 km,4.4,---
2024/01/01,07:36:00.4,福島県沖,37°21.1′N,141°55.6′E,38 km,3.0,---
2024/01/01,07:37:38.2,福島県沖,37°20.7′N,141°56.4′E,33 km,不明,---
2024/01/01,07:40:28.1,福島県沖,37°21.2′N,141°55.2′E,37 km,2.1,---
2024/01/01,07:42:30.7,薩摩半島西方沖,32°04.8′N,129°19.5′E,5 km,1.8,---
2024/01/01,07:45:14.9,千葉県東方沖,34°52.6′N,141°05.1′E,20 km,2.3,---
2024/01/01,07:50:01.3,福島県沖,37°51.5′N,141°33.8′E,47 km,1.1,---
2024/01/01,07:50:33.5,宮古島近海,25°07.4′N,125°35.0′E,27 km,1.9,---
2024/01/01,07:55:17.0,茨城県南部,35°54.7′N,140°09.5′E,61 km,0.9,---
2024/01/01,07:59:12.4,千葉県南東沖,34°43.0′N,140°37.8′E,44 km,1.4,---
2024/01/01,08:04:16.3,福島県沖,37°33.8′N,142°15.6′E,30 km,1.6,---
2024/01/01,08:09:38.2,宮城県南部,37°51.5′N,140°46.0′E,117 km,2.9,---
2024/01/01,08:14:24.8,与那国島近海,23°51.0′N,123°18.8′E,28 km,2.0,---
2024/01/01,08:15:03.0,青森県東方沖,41°29.4′N,142°00.9′E,57 km,3.5,---
2024/01/01,08:18:27.1,十勝地方中部,42°53.8′N,143°15.9′E,120 km,1.2,---
2024/01/01,08:19:15.0,宮城県沖,37°58.7′N,141°40.9′E,48 km,1.0,---
2024/01/01,08:19:51.0,与那国島近海,23°53.3′N,123°20.3′E,26 km,2.3,---
2024/01/01,08:20:12.1,日高地方東部,42°19.8′N,142°58.8′E,48 km,1.1,---
2024/01/01,08:22:12.9,四国沖,33°18.3′N,134°31.7′E,5 km,1.2,---
2024/01/01,08:22:26.2,岐阜県飛騨地方,36°01.9′N,137°35.9′E,5 km,0.4,---
2024/01/01,08:24:46.2,宮城県沖,38°46.1′N,142°12.5′E,36 km,1.4,---
2024/01/01,08:28:08.6,愛知県西部,35°22.4′N,136°52.2′E,12 km,0.4,---
2024/01/01,08:28:15.5,福島県沖,37°21.2′N,141°56.7′E,33 km,1.1,---
2024/01/01,08:35:09.7,岩手県沖,40°04.6′N,142°51.1′E,26 km,1.1,---
2024/01/01,08:39:35.2,千葉県東方沖,35°36.4′N,141°41.5′E,13 km,1.6,---
2024/01/01,08:51:32.4,新潟県上中越沖,37°08.0′N,137°51.6′E,16 km,0.9,---
2024/01/01,08:53:03.5,福島県沖,37°51.7′N,141°43.6′E,62 km,3.5,---
2024/01/01,09:05:52.0,沖縄本島近海,26°34.5′N,127°22.8′E,20 km,1.6,---
2024/01/01,09:12:04.7,和歌山県北部,34°10.1′N,135°19.9′E,8 km,0.1,---
2024/01/01,09:12:22.2,福島県沖,37°47.5′N,141°44.3′E,61 km,1.9,---
2024/01/01,09:20:17.0,宮城県沖,38°26.2′N,142°04.1′E,75 km,1.2,---
2024/01/01,09:21:48.2,愛媛県南予,33°19.3′N,132°38.7′E,37 km,1.0,---
2024/01/01,09:40:11.7,岐阜県飛騨地方,36°01.9′N,137°35.8′E,5 km,0.2,---
2024/01/01,09:47:08.4,奄美大島近海,27°59.9′N,129°08.5′E,19 km,1.5,---
2024/01/01,09:48:31.4,福島県沖,37°50.8′N,141°35.2′E,48 km,1.1,---
2024/01/01,09:49:48.1,紀伊水道,33°49.1′N,134°53.4′E,15 km,0.7,---
2024/01/01,09:58:53.9,長野県南部,35°43.9′N,137°32.3′E,7 km,1.0,---
2024/01/01,10:01:15.9,静岡県中部,34°53.0′N,138°08.6′E,35 km,2.5,---
2024/01/01,10:04:05.1,愛知県西部,34°55.3′N,137°08.5′E,34 km,1.0,---
2024/01/01,10:06:05.8,東海道南方沖,33°33.5′N,138°40.3′E,257 km,3.0,---
2024/01/01,10:18:37.6,三陸沖,38°00.0′N,144°23.8′E,12 km,1.7,---
2024/01/01,10:26:44.8,熊本県熊本地方,32°22.4′N,130°40.7′E,11 km,0.3,---
2024/01/01,10:29:36.1,福島県沖,37°37.6′N,141°42.3′E,52 km,1.2,---
2024/01/01,10:31:10.7,長野県南部,35°56.2′N,138°05.7′E,6 km,-0.5,---
2024/01/01,10:36:11.1,八丈島東方沖,32°20.2′N,141°53.2′E,77 km,不明,---
2024/01/01,10:40:57.6,沖縄本島北西沖,26°32.6′N,126°36.4′E,81 km,2.3,---
2024/01/01,10:44:13.4,青森県西方沖,41°17.9′N,139°16.2′E,21 km,1.4,---
2024/01/01,10:48:40.1,岩手県沖,39°06.1′N,142°24.7′E,30 km,1.1,---
2024/01/01,10:51:22.8,与那国島近海,23°51.1′N,123°18.7′E,28 km,2.5,---
2024/01/01,10:56:14.1,福島県沖,37°39.2′N,141°37.0′E,55 km,1.0,---
2024/01/01,11:05:16.7,日向灘,32°11.6′N,131°57.4′E,29 km,0.9,---
2024/01/01,11:05:58.3,埼玉県南部,35°52.4′N,139°45.2′E,118 km,1.0,---
2024/01/01,11:12:43.4,長野県南部,35°55.2′N,137°36.2′E,6 km,0.1,---
2024/01/01,11:14:33.0,福島県沖,37°22.6′N,141°55.2′E,37 km,1.5,---
2024/01/01,11:15:15.8,福島県沖,37°35.9′N,142°07.3′E,35 km,1.3,---
2024/01/01,11:19:21.8,沖縄本島近海,26°08.2′N,127°29.5′E,27 km,2.1,---
2024/01/01,11:31:56.9,山梨県東部・富士五湖,35°32.6′N,138°55.7′E,22 km,0.7,---
2024/01/01,11:33:27.2,新潟県中越地方,36°49.8′N,138°44.4′E,5 km,0.5,---
2024/01/01,11:41:39.7,福島県沖,36°56.7′N,141°10.5′E,29 km,2.7,---
2024/01/01,11:52:58.2,長野県中部,36°14.6′N,137°39.4′E,8 km,0.4,---
2024/01/01,11:54:52.5,福島県沖,37°51.4′N,141°34.8′E,48 km,1.2,---
2024/01/01,11:57:25.0,岐阜県飛騨地方,36°00.6′N,137°31.6′E,7 km,0.1,---
2024/01/01,11:58:09.0,大阪府北部,34°53.0′N,135°35.1′E,12 km,0.5,---
2024/01/01,12:03:21.4,和歌山県南方沖,32°50.5′N,136°37.7′E,31 km,1.7,---
2024/01/01,12:03:59.1,留萌地方中北部,44°44.5′N,141°57.5′E,12 km,0.3,---
2024/01/01,12:04:08.6,熊本県熊本地方,32°39.0′N,130°45.2′E,16 km,0.8,---
2024/01/01,12:04:48.3,相模湾,35°13.8′N,139°22.1′E,108 km,1.5,---
2024/01/01,12:11:42.1,和歌山県北部,33°58.9′N,135°15.7′E,12 km,0.8,---
2024/01/01,12:12:24.0,沖縄本島近海,27°19.3′N,128°56.2′E,23 km,1.2,---
2024/01/01,12:16:35.0,和歌山県北部,33°58.7′N,135°16.1′E,11 km,0.3,---
2024/01/01,12:21:34.2,胆振地方中東部,42°32.1′N,141°05.2′E,3 km,0.2,---
2024/01/01,12:25:40.3,福岡県筑後地方,33°05.4′N,130°33.5′E,13 km,0.5,---
2024/01/01,12:28:24.2,和歌山県北部,33°58.9′N,135°16.1′E,11 km,0.7,---
2024/01/01,12:32:07.5,択捉島南東沖,44°17.3′N,149°12.4′E,30 km,3.9,---
2024/01/01,12:32:51.4,和歌山県北部,33°58.4′N,135°16.0′E,10 km,0.8,---
2024/01/01,12:34:15.4,豊後水道,33°07.7′N,132°11.6′E,51 km,0.8,---
2024/01/01,12:39:56.8,宮城県北部,38°45.5′N,140°48.6′E,23 km,0.7,---
2024/01/01,12:43:58.9,熊本県熊本地方,32°38.8′N,130°44.9′E,16 km,0.7,---
2024/01/01,12:46:44.0,長野県南部,35°26.9′N,137°40.2′E,13 km,0.6,---
2024/01/01,12:47:14.7,長野県南部,35°27.0′N,137°40.2′E,12 km,0.6,---
2024/01/01,12:49:20.9,富山湾,37°24.4′N,137°16.1′E,8 km,1.2,---
2024/01/01,12:52:35.0,宮城県沖,38°24.7′N,142°32.2′E,30 km,1.1,---
2024/01/01,12:52:55.6,奄美大島北東沖,29°09.9′N,130°47.1′E,62 km,2.6,---
2024/01/01,12:53:07.7,埼玉県南部,36°01.4′N,139°48.9′E,77 km,0.4,---
2024/01/01,12:53:25.4,和歌山県北部,33°58.9′N,135°16.2′E,11 km,1.1,---
2024/01/01,12:54:11.0,和歌山県北部,33°54.6′N,135°12.8′E,9 km,0.5,---
2024/01/01,12:55:00.1,和歌山県北部,33°59.1′N,135°15.8′E,12 km,1.2,---
2024/01/01,13:03:54.3,奄美大島北東沖,29°06.9′N,130°51.7′E,15 km,2.4,---
2024/01/01,13:06:26.8,宮城県沖,38°15.7′N,142°09.8′E,33 km,1.4,---
2024/01/01,13:06:41.7,日向灘,32°16.8′N,132°15.8′E,14 km,1.2,---
2024/01/01,13:09:15.5,和歌山県北部,33°58.9′N,135°16.0′E,11 km,0.3,---
2024/01/01,13:10:02.3,和歌山県北部,33°58.9′N,135°16.0′E,11 km,0.6,---
2024/01/01,13:11:36.4,奄美大島北東沖,29°11.5′N,130°45.6′E,63 km,2.3,---
2024/01/01,13:13:10.1,和歌山県北部,33°59.0′N,135°16.0′E,11 km,0.4,---
2024/01/01,13:13:20.6,和歌山県北部,33°55.4′N,135°23.6′E,51 km,0.3,---
2024/01/01,13:14:59.1,和歌山県北部,33°59.1′N,135°15.9′E,12 km,0.3,---
2024/01/01,13:15:28.6,和歌山県北部,33°58.1′N,135°16.7′E,7 km,0.1,---
2024/01/01,13:18:49.3,茨城県北部,36°46.4′N,140°34.1′E,8 km,0.5,---
2024/01/01,13:20:13.8,神奈川県東部,35°29.7′N,139°41.6′E,24 km,0.4,---
2024/01/01,13:20:16.4,和歌山県北部,33°58.6′N,135°15.5′E,12 km,0.2,---
2024/01/01,13:22:13.0,和歌山県北部,33°59.0′N,135°16.1′E,11 km,0.3,---
2024/01/01,13:25:24.2,岐阜県飛騨地方,36°00.5′N,137°31.3′E,8 km,-0.1,---
2024/01/01,13:27:42.4,福島県沖,36°52.8′N,141°13.8′E,75 km,1.9,---
2024/01/01,13:28:01.8,和歌山県北部,33°58.8′N,135°15.8′E,12 km,0.6,---
2024/01/01,13:32:50.1,与那国島近海,24°55.2′N,122°47.9′E,145 km,3.1,---
2024/01/01,13:34:05.9,石垣島近海,23°32.8′N,124°11.5′E,20 km,不明,---
2024/01/01,13:35:14.4,日高地方西部,42°48.3′N,142°32.0′E,35 km,2.6,---
2024/01/01,13:38:22.8,宮城県沖,38°29.1′N,142°18.0′E,36 km,1.0,---
2024/01/01,13:46:21.1,福島県沖,37°42.4′N,141°33.7′E,69 km,1.1,---
2024/01/01,13:46:43.2,福島県沖,37°51.3′N,141°36.5′E,48 km,1.1,---
2024/01/01,13:47:46.6,四国沖,32°21.2′N,132°59.7′E,35 km,1.4,---
2024/01/01,13:48:13.7,福島県沖,37°36.9′N,141°55.3′E,22 km,1.1,---
2024/01/01,13:49:03.5,択捉島南東沖,44°12.3′N,148°55.2′E,30 km,3.9,---
2024/01/01,13:49:09.5,紀伊水道,33°43.4′N,135°13.5′E,21 km,1.1,---
2024/01/01,13:52:33.2,奄美大島北東沖,29°12.0′N,130°43.3′E,78 km,2.1,---
2024/01/01,13:58:14.0,浦河沖,42°10.1′N,142°36.2′E,42 km,0.9,---
2024/01/01,13:59:33.0,岩手県沖,39°40.1′N,142°30.0′E,30 km,1.2,---
2024/01/01,14:01:30.5,父島近海,26°29.8′N,143°11.9′E,3 km,不明,---
2024/01/01,14:01:43.4,和歌山県北部,33°58.7′N,135°16.2′E,10 km,0.6,---
2024/01/01,14:11:33.9,和歌山県南方沖,33°20.1′N,135°43.6′E,24 km,0.8,---
2024/01/01,14:11:49.8,和歌山県北部,33°58.8′N,135°15.8′E,12 km,0.5,---
2024/01/01,14:13:03.1,和歌山県北部,33°58.9′N,135°15.8′E,12 km,0.7,---
2024/01/01,14:14:12.7,和歌山県北部,33°57.3′N,135°28.6′E,49 km,0.2,---
2024/01/01,14:17:16.0,石川県能登地方,37°28.1′N,137°15.8′E,8 km,1.6,---
2024/01/01,14:32:14.5,和歌山県北部,33°58.9′N,135°15.9′E,11 km,1.7,---
2024/01/01,14:32:22.3,広島県南西部,34°27.1′N,132°38.5′E,29 km,0.8,---
2024/01/01,14:33:06.2,和歌山県北部,33°59.0′N,135°16.0′E,11 km,0.4,---
2024/01/01,14:33:39.2,和歌山県北部,33°58.9′N,135°15.9′E,11 km,0.6,---
2024/01/01,14:34:05.5,和歌山県北部,33°58.9′N,135°15.9′E,11 km,1.2,---
2024/01/01,14:34:58.3,和歌山県北部,33°58.8′N,135°16.1′E,11 km,0.8,---
2024/01/01,14:37:15.8,和歌山県北部,33°58.9′N,135°15.8′E,12 km,0.6,---
2024/01/01,14:38:36.0,茨城県北部,36°27.4′N,140°33.8′E,57 km,0.6,---
2024/01/01,14:38:52.0,長野県南部,35°49.2′N,137°41.7′E,4 km,不明,---
2024/01/01,14:40:24.5,和歌山県北部,33°58.9′N,135°15.8′E,11 km,0.4,---
2024/01/01,14:41:13.2,神奈川県西部,35°33.6′N,139°24.1′E,25 km,0.6,---
2024/01/01,14:41:54.8,和歌山県北部,33°58.6′N,135°16.6′E,9 km,0.5,---
2024/01/01,14:42:26.9,和歌山県北部,33°58.9′N,135°15.9′E,11 km,-0.3,---
2024/01/01,14:43:28.4,岐阜県美濃中西部,35°23.3′N,136°51.3′E,17 km,0.3,---
2024/01/01,14:44:11.2,豊後水道,33°18.3′N,131°58.0′E,60 km,0.5,---
2024/01/01,14:44:33.6,日高地方中部,42°43.4′N,142°37.3′E,88 km,1.1,---
2024/01/01,14:44:55.5,和歌山県北部,33°58.7′N,135°16.1′E,11 km,0.2,---
2024/01/01,14:45:20.8,和歌山県北部,33°58.9′N,135°15.8′E,11 km,不明,---
2024/01/01,14:46:44.4,能登半島沖,37°31.3′N,137°14.3′E,12 km,1.9,---
2024/01/01,14:46:53.3,福島県沖,37°22.9′N,141°42.2′E,37 km,1.2,---
2024/01/01,14:47:47.3,熊本県熊本地方,33°00.6′N,130°46.4′E,10 km,0.6,---
2024/01/01,14:48:25.6,和歌山県北部,33°58.9′N,135°15.9′E,11 km,2.2,---
2024/01/01,14:48:48.9,和歌山県北部,33°58.9′N,135°15.9′E,11 km,1.4,---
2024/01/01,14:49:04.6,和歌山県北部,33°58.9′N,135°15.9′E,11 km,0.7,---
2024/01/01,14:49:09.4,茨城県北部,36°26.1′N,140°23.2′E,96 km,1.5,---
2024/01/01,14:50:55.8,能登半島沖,37°31.7′N,137°14.7′E,12 km,1.1,---
2024/01/01,14:51:04.6,和歌山県北部,33°58.9′N,135°15.5′E,12 km,0.3,---
2024/01/01,14:52:08.9,石垣島近海,24°57.2′N,123°59.0′E,22 km,不明,---
2024/01/01,14:52:29.9,石垣島近海,24°55.6′N,123°59.2′E,17 km,1.2,---
2024/01/01,14:52:33.1,和歌山県北部,33°58.9′N,135°15.7′E,12 km,1.4,---
2024/01/01,14:53:19.6,石垣島近海,24°53.6′N,124°01.0′E,27 km,不明,---
2024/01/01,14:53:22.2,和歌山県北部,33°59.1′N,135°15.6′E,13 km,1.2,---
2024/01/01,14:55:18.1,和歌山県北部,33°58.7′N,135°16.1′E,11 km,0.2,---
2024/01/01,14:56:20.6,和歌山県北部,33°59.1′N,135°15.6′E,12 km,1.1,---
2024/01/01,15:00:29.4,和歌山県北部,33°58.9′N,135°15.9′E,11 km,0.3,---
2024/01/01,15:03:09.3,和歌山県北部,33°59.1′N,135°16.0′E,11 km,0.9,---
2024/01/01,15:07:20.1,青森県東方沖,41°22.1′N,142°08.7′E,51 km,1.3,---
2024/01/01,15:07:53.8,宮崎県北部平野部,32°29.5′N,131°39.8′E,19 km,0.6,---
2024/01/01,15:08:46.7,能登半島沖,37°31.4′N,137°14.4′E,12 km,1.7,---
2024/01/01,15:09:44.5,沖縄本島近海,25°45.3′N,129°30.2′E,46 km,2.5,---
2024/01/01,15:10:44.8,和歌山県北部,33°58.1′N,135°15.1′E,14 km,0.5,---
2024/01/01,15:10:45.8,沖縄本島近海,25°45.5′N,129°30.2′E,45 km,2.5,---
2024/01/01,15:11:22.9,石川県能登地方,37°30.2′N,137°14.3′E,6 km,0.7,---
2024/01/01,15:12:02.5,能登半島沖,37°32.4′N,137°14.0′E,13 km,1.6,---
2024/01/01,15:13:44.0,福島県沖,37°44.5′N,142°07.4′E,33 km,1.1,---
2024/01/01,15:17:05.3,和歌山県北部,33°59.1′N,135°16.1′E,11 km,0.4,---
2024/01/01,15:21:01.3,和歌山県北部,33°56.0′N,135°17.5′E,7 km,0.6,---
2024/01/01,15:21:28.9,岩手県沖,39°40.1′N,142°30.3′E,32 km,1.0,---
2024/01/01,15:21:33.7,和歌山県北部,33°58.9′N,135°15.8′E,11 km,0.7,---
2024/01/01,15:22:58.4,和歌山県北部,33°58.6′N,135°16.4′E,11 km,0.2,---
2024/01/01,15:23:27.4,能登半島沖,37°31.4′N,137°14.5′E,12 km,0.7,---
2024/01/01,15:25:29.2,和歌山県北部,33°56.7′N,135°17.7′E,4 km,0.1,---
2024/01/01,15:25:31.3,栃木県南部,36°39.2′N,139°35.0′E,7 km,-0.3,---
2024/01/01,15:26:25.3,福島県沖,37°42.0′N,142°25.2′E,23 km,1.3,---
2024/01/01,15:32:00.3,能登半島沖,37°31.9′N,137°14.3′E,12 km,1.1,---
2024/01/01,15:33:23.0,和歌山県南方沖,33°38.4′N,135°16.4′E,24 km,1.3,---
2024/01/01,15:33:52.9,鹿児島県薩摩地方,31°30.9′N,130°20.5′E,0 km,-0.3,---
2024/01/01,15:34:46.5,岩手県沖,39°06.7′N,142°23.5′E,30 km,0.9,---
2024/01/01,15:35:07.7,石川県能登地方,37°29.9′N,137°15.3′E,7 km,0.6,---
2024/01/01,15:35:28.5,和歌山県北部,33°58.9′N,135°15.8′E,11 km,0.4,---
2024/01/01,15:36:38.0,和歌山県北部,33°58.9′N,135°16.2′E,10 km,0.1,---
2024/01/01,15:37:36.7,和歌山県北部,33°58.9′N,135°15.5′E,12 km,0.5,---
2024/01/01,15:44:35.2,青森県西方沖,41°11.1′N,139°06.9′E,25 km,1.4,---
2024/01/01,15:48:56.5,福井県嶺北,35°59.3′N,136°24.3′E,9 km,0.9,---
2024/01/01,15:49:53.7,房総半島南方沖,34°27.2′N,140°09.6′E,33 km,2.3,---
2024/01/01,15:52:23.3,和歌山県北部,33°59.1′N,135°16.1′E,12 km,0.4,---
2024/01/01,15:53:14.1,和歌山県北部,33°58.9′N,135°16.1′E,11 km,0.5,---
2024/01/01,15:55:36.5,和歌山県北部,33°58.8′N,135°15.9′E,11 km,0.7,---
2024/01/01,15:55:59.7,千葉県東方沖,35°36.7′N,140°57.2′E,36 km,2.2,---
2024/01/01,15:57:11.7,鹿児島湾,31°39.9′N,130°39.9′E,129 km,1.3,---
2024/01/01,15:57:18.6,能登半島沖,37°31.5′N,137°14.2′E,12 km,1.1,---
2024/01/01,15:58:37.4,岩手県沖,39°06.9′N,142°23.2′E,24 km,1.2,---
2024/01/01,16:03:01.5,栃木県南部,36°38.5′N,139°32.4′E,6 km,0.2,---
2024/01/01,16:04:01.5,岩手県沖,39°00.6′N,142°23.1′E,26 km,2.2,---
2024/01/01,16:06:06.1,石川県能登地方,37°30.6′N,137°14.7′E,12 km,5.5,---
2024/01/01,16:06:21.1,福島県沖,37°52.0′N,141°37.4′E,48 km,0.8,---
2024/01/01,16:06:38.8,福島県沖,37°51.8′N,141°37.9′E,48 km,1.4,---
2024/01/01,16:07:15.1,能登半島沖,37°31.6′N,137°14.5′E,12 km,不明,---
2024/01/01,16:07:32.8,与那国島近海,24°07.4′N,122°52.2′E,43 km,2.4,---
2024/01/01,16:07:50.9,能登半島沖,37°32.4′N,137°15.8′E,13 km,不明,---
2024/01/01,16:08:10.7,能登半島沖,37°32.4′N,137°15.2′E,12 km,不明,---
2024/01/01,16:08:25.6,石川県能登地方,37°29.7′N,137°13.0′E,11 km,4.6,---
2024/01/01,16:09:21.3,能登半島沖,37°32.1′N,137°14.4′E,11 km,不明,---
2024/01/01,16:09:43.2,石川県能登地方,37°31.6′N,137°15.4′E,12 km,不明,---
2024/01/01,16:10:08.3,能登半島沖,37°31.0′N,137°14.4′E,10 km,不明,---
2024/01/01,16:10:09.5,石川県能登地方,37°30.4′N,137°13.8′E,10 km,5.9,---
2024/01/01,16:10:22.5,石川県能登地方,37°29.7′N,137°16.2′E,16 km,7.6,---
2024/01/01,16:12:16.6,能登半島沖,37°09.3′N,136°39.5′E,9 km,5.7,---
2024/01/01,16:12:30.6,能登半島沖,37°44.2′N,137°24.0′E,8 km,5.9,---
2024/01/01,16:12:34.2,新潟県上中越沖,37°29.7′N,137°30.3′E,8 km,5.7,---
2024/01/01,16:12:42.6,石川県能登地方,37°14.5′N,136°54.6′E,5 km,4.8,---
2024/01/01,16:12:49.8,石川県能登地方,37°27.7′N,137°18.1′E,15 km,5.1,---
2024/01/01,16:13:22.5,新潟県上中越沖,37°40.2′N,137°33.0′E,12 km,5.1,---
2024/01/01,16:13:54.5,石川県能登地方,37°15.5′N,136°49.3′E,12 km,4.3,---
2024/01/01,16:13:57.3,新潟県上中越沖,37°34.7′N,137°31.2′E,11 km,5.0,---
2024/01/01,16:14:04.7,石川県能登地方,37°12.4′N,136°55.4′E,12 km,3.8,---
2024/01/01,16:14:05.5,能登半島沖,37°29.3′N,137°26.6′E,11 km,4.5,---
2024/01/01,16:14:12.8,石川県能登地方,37°27.7′N,137°15.8′E,5 km,4.1,---
2024/01/01,16:14:34.6,石川県能登地方,37°25.7′N,137°15.1′E,7 km,不明,---
2024/01/01,16:14:45.6,佐渡付近,37°50.4′N,137°38.6′E,13 km,4.8,---
2024/01/01,16:14:47.6,石川県能登地方,37°12.4′N,136°47.8′E,6 km,3.6,---
2024/01/01,16:14:48.5,能登半島沖,37°34.1′N,137°19.0′E,13 km,4.4,---
2024/01/01,16:15:03.1,石川県能登地方,37°18.1′N,136°46.4′E,11 km,4.5,---
2024/01/01,16:15:21.7,石川県能登地方,37°15.5′N,136°49.8′E,12 km,4.5,---
2024/01/01,16:15:28.7,石川県能登地方,37°25.6′N,137°12.6′E,15 km,4.3,---
2024/01/01,16:15:36.9,能登半島沖,37°40.2′N,137°25.2′E,20 km,5.1,---
2024/01/01,16:15:50.6,石川県能登地方,37°26.5′N,137°10.8′E,14 km,4.6,---
2024/01/01,16:15:57.3,石川県能登地方,37°19.7′N,136°52.0′E,6 km,4.8,---
2024/01/01,16:16:13.3,石川県能登地方,37°27.2′N,137°16.3′E,13 km,5.1,---
2024/01/01,16:16:33.7,石川県能登地方,37°30.4′N,137°13.7′E,11 km,4.0,---
2024/01/01,16:16:39.8,石川県能登地方,37°18.5′N,136°51.8′E,9 km,4.1,---
2024/01/01,16:16:45.7,佐渡付近,37°49.8′N,137°38.7′E,22 km,4.6,---
2024/01/01,16:16:57.9,石川県能登地方,37°25.4′N,137°12.5′E,13 km,5.0,---
2024/01/01,16:17:18.8,石川県能登地方,37°22.5′N,136°47.3′E,9 km,4.8,---
2024/01/01,16:17:23.5,能登半島沖,37°33.6′N,137°17.2′E,9 km,4.2,---
2024/01/01,16:17:49.4,石川県能登地方,37°18.8′N,136°56.9′E,12 km,5.0,---
2024/01/01,16:18:30.0,石川県能登地方,37°29.3′N,137°14.4′E,15 km,3.7,---
2024/01/01,16:18:30.0,佐渡付近,37°44.5′N,137°34.3′E,4 km,4.7,---
2024/01/01,16:18:34.5,能登半島沖,37°04.7′N,136°43.2′E,7 km,3.7,---
2024/01/01,16:18:42.6,石川県能登地方,37°11.9′N,136°49.1′E,11 km,6.1,---
2024/01/01,16:19:22.7,能登半島沖,37°32.1′N,137°10.8′E,7 km,4.7,---
2024/01/01,16:19:41.3,新潟県上中越沖,37°31.8′N,137°31.3′E,6 km,5.2,---
2024/01/01,16:20:11.4,石川県能登地方,37°29.3′N,137°14.8′E,12 km,4.5,---
2024/01/01,16:20:35.3,石川県能登地方,37°12.2′N,136°53.8′E,9 km,4.2,---
2024/01/01,16:20:52.5,石川県能登地方,37°22.1′N,137°01.6′E,10 km,4.3,---
2024/01/01,16:20:53.3,石川県能登地方,37°29.5′N,137°12.0′E,13 km,4.1,---
2024/01/01,16:21:05.2,佐渡付近,37°47.6′N,137°36.1′E,24 km,4.5,---
2024/01/01,16:21:26.1,石川県能登地方,37°30.8′N,137°20.7′E,11 km,4.1,---
2024/01/01,16:21:27.1,石川県能登地方,37°19.0′N,137°06.6′E,10 km,4.1,---
2024/01/01,16:21:56.3,石川県能登地方,37°28.0′N,137°07.6′E,11 km,4.2,---
2024/01/01,16:22:14.7,佐渡付近,37°48.3′N,137°46.7′E,16 km,3.4,---
2024/01/01,16:22:20.2,石川県能登地方,37°11.9′N,136°49.8′E,12 km,3.3,---
2024/01/01,16:22:42.2,能登半島沖,37°29.3′N,137°23.0′E,11 km,4.1,---
2024/01/01,16:23:03.7,石川県能登地方,37°25.0′N,137°12.2′E,14 km,3.9,---
2024/01/01,16:23:11.5,能登半島沖,37°32.4′N,137°13.4′E,12 km,3.9,---
2024/01/01,16:23:21.4,石川県能登地方,37°30.2′N,137°18.4′E,10 km,3.8,---
2024/01/01,16:23:46.7,石川県能登地方,37°27.7′N,137°10.3′E,12 km,4.3,---
2024/01/01,16:24:31.0,石川県能登地方,37°28.8′N,137°17.4′E,11 km,3.5,---
2024/01/01,16:24:42.1,石川県能登地方,37°17.4′N,136°54.9′E,13 km,3.6,---
2024/01/01,16:24:51.4,石川県能登地方,37°15.8′N,136°50.8′E,11 km,4.0,---
2024/01/01,16:25:07.4,石川県能登地方,37°12.5′N,136°50.4′E,11 km,3.4,---
2024/01/01,16:25:11.4,石川県能登地方,37°30.3′N,137°17.3′E,10 km,4.0,---
2024/01/01,16:25:15.1,石川県能登地方,37°18.2′N,136°50.0′E,13 km,4.1,---
2024/01/01,16:25:20.4,能登半島沖,37°29.4′N,137°26.0′E,13 km,3.9,---
2024/01/01,16:25:29.0,石川県能登地方,37°16.5′N,136°50.5′E,8 km,3.5,---
2024/01/01,16:25:42.9,石川県能登地方,37°26.3′N,137°09.2′E,12 km,4.1,---
2024/01/01,16:26:10.0,佐渡付近,37°46.4′N,137°37.8′E,17 km,4.0,---
2024/01/01,16:26:19.2,石川県能登地方,37°19.4′N,136°59.1′E,12 km,3.9,---
2024/01/01,16:26:23.2,石川県能登地方,37°13.5′N,136°48.2′E,2 km,3.9,---
2024/01/01,16:27:14.3,石川県能登地方,37°24.8′N,137°05.3′E,8 km,3.7,---
2024/01/01,16:27:30.1,石川県能登地方,37°22.1′N,137°08.3′E,13 km,4.4,---
2024/01/01,16:27:39.7,国後島付近,44°29.8′N,146°29.0′E,172 km,3.7,---
2024/01/01,16:27:44.9,石川県能登地方,37°16.2′N,136°46.9′E,10 km,4.4,---
2024/01/01,16:28:13.6,能登半島沖,37°16.5′N,136°42.0′E,6 km,5.0,---
2024/01/01,16:28:22.7,佐渡付近,37°45.8′N,137°42.4′E,15 km,4.4,---
2024/01/01,16:29:02.8,能登半島沖,37°30.7′N,137°05.6′E,10 km,4.7,---
2024/01/01,16:29:48.4,石川県能登地方,37°28.1′N,137°10.2′E,13 km,4.1,---
2024/01/01,16:29:49.7,石川県能登地方,37°11.8′N,136°49.9′E,12 km,3.9,---
2024/01/01,16:30:03.0,石川県能登地方,37°29.1′N,137°15.7′E,12 km,3.8,---
2024/01/01,16:30:07.7,石川県能登地方,37°31.4′N,137°18.3′E,7 km,4.1,---
2024/01/01,16:30:49.8,石川県能登地方,37°29.3′N,137°17.5′E,10 km,3.3,---
2024/01/01,16:30:59.8,石川県能登地方,37°22.5′N,137°08.6′E,13 km,3.4,---
2024/01/01,16:31:15.3,能登半島沖,37°32.9′N,137°21.3′E,8 km,3.7,---
2024/01/01,16:31:41.3,石川県能登地方,37°22.2′N,136°58.1′E,14 km,4.0,---
2024/01/01,16:32:27.0,能登半島沖,37°29.7′N,137°21.3′E,14 km,4.0,---
2024/01/01,16:32:32.3,石川県能登地方,37°17.8′N,136°50.0′E,12 km,4.1,---
2024/01/01,16:32:43.0,石川県能登地方,37°19.3′N,136°58.3′E,13 km,4.7,---
2024/01/01,16:33:03.5,石川県能登地方,37°20.9′N,137°02.3′E,14 km,4.0,---
2024/01/01,16:33:28.4,石川県能登地方,37°27.6′N,137°10.6′E,11 km,3.7,---
2024/01/01,16:33:38.2,能登半島沖,37°12.4′N,136°40.0′E,5 km,4.2,---
2024/01/01,16:34:05.5,能登半島沖,37°35.4′N,137°22.0′E,7 km,3.6,---
2024/01/01,16:35:03.8,石川県能登地方,37°14.4′N,136°56.5′E,14 km,3.1,---
2024/01/01,16:35:04.3,能登半島沖,37°32.7′N,137°24.0′E,2 km,4.1,---
2024/01/01,16:35:30.6,能登半島沖,37°31.1′N,137°06.5′E,5 km,3.4,---
2024/01/01,16:35:45.0,佐渡付近,37°44.8′N,137°37.9′E,20 km,4.3,---
2024/01/01,16:35:46.4,石川県能登地方,37°22.5′N,137°05.7′E,14 km,4.1,---
2024/01/01,16:36:15.6,石川県能登地方,37°22.3′N,136°53.2′E,9 km,3.9,---
2024/01/01,16:36:53.0,能登半島沖,37°32.6′N,137°19.9′E,11 km,3.5,---
2024/01/01,16:37:19.4,石川県能登地方,37°28.8′N,137°13.1′E,12 km,3.5,---
2024/01/01,16:37:33.6,石川県能登地方,37°18.9′N,136°55.1′E,9 km,4.7,---
2024/01/01,16:38:04.9,岩手県沖,39°58.3′N,142°31.7′E,29 km,1.6,---
2024/01/01,16:38:21.0,能登半島沖,37°08.3′N,136°41.3′E,8 km,3.4,---
2024/01/01,16:38:35.2,石川県能登地方,37°28.8′N,137°12.3′E,14 km,3.8,---
2024/01/01,16:38:39.9,福島県沖,37°51.7′N,141°37.7′E,49 km,1.5,---
2024/01/01,16:39:06.0,能登半島沖,37°35.5′N,137°22.8′E,0 km,3.6,---
2024/01/01,16:39:29.1,能登半島沖,37°29.2′N,137°22.4′E,13 km,3.9,---
2024/01/01,16:39:50.3,能登半島沖,37°32.9′N,137°26.5′E,13 km,5.2,---
2024/01/01,16:40:42.1,石川県能登地方,37°14.7′N,136°49.2′E,13 km,4.2,---
2024/01/01,16:41:06.0,富山県東部,36°28.9′N,137°26.3′E,6 km,4.0,---
2024/01/01,16:41:25.5,石川県能登地方,37°14.4′N,136°49.1′E,7 km,3.6,---
2024/01/01,16:42:00.3,石川県能登地方,37°12.3′N,136°44.7′E,6 km,3.7,---
2024/01/01,16:42:33.6,石川県能登地方,37°13.9′N,136°51.2′E,11 km,3.9,---
2024/01/01,16:42:43.7,石川県能登地方,37°26.8′N,137°11.4′E,12 km,5.0,---
2024/01/01,16:43:25.2,佐渡付近,37°45.5′N,137°42.9′E,20 km,4.2,---
2024/01/01,16:43:39.4,能登半島沖,37°36.6′N,137°17.2′E,4 km,4.3,---
2024/01/01,16:45:01.5,佐渡付近,37°50.2′N,137°43.4′E,16 km,3.6,---
2024/01/01,16:45:32.1,佐渡付近,37°51.4′N,137°50.1′E,14 km,4.7,---
2024/01/01,16:46:02.6,石川県能登地方,37°12.4′N,136°53.7′E,9 km,3.7,---
2024/01/01,16:46:34.5,石川県能登地方,37°11.9′N,136°50.2′E,10 km,3.9,---
2024/01/01,16:47:01.1,石川県能登地方,37°21.4′N,136°51.4′E,12 km,3.5,---
2024/01/01,16:47:22.7,石川県能登地方,37°18.0′N,136°54.7′E,9 km,3.6,---
2024/01/01,16:48:05.3,石川県能登地方,37°08.0′N,136°51.0′E,10 km,2.9,---
2024/01/01,16:48:15.3,石川県能登地方,37°15.1′N,136°50.6′E,13 km,4.9,---
2024/01/01,16:49:35.0,石川県能登地方,37°16.3′N,136°45.5′E,8 km,3.3,---
2024/01/01,16:49:46.8,石川県能登地方,37°22.6′N,136°59.9′E,11 km,4.4,---
2024/01/01,16:51:11.2,能登半島沖,37°36.5′N,137°28.8′E,15 km,3.7,---
2024/01/01,16:51:16.1,石川県能登地方,37°20.9′N,137°03.1′E,15 km,4.3,---
2024/01/01,16:52:24.4,石川県能登地方,37°12.5′N,136°52.8′E,4 km,3.6,---
2024/01/01,16:52:25.8,佐渡付近,37°46.9′N,137°38.7′E,22 km,4.2,---
2024/01/01,16:52:41.6,石川県能登地方,37°24.6′N,137°08.4′E,12 km,4.1,---
2024/01/01,16:53:27.8,佐渡付近,37°45.0′N,137°39.7′E,19 km,4.0,---
2024/01/01,16:53:44.6,能登半島沖,37°09.7′N,136°40.3′E,8 km,3.8,---
2024/01/01,16:54:13.0,和歌山県北部,33°59.0′N,135°15.8′E,11 km,0.9,---
2024/01/01,16:54:21.7,新潟県上中越沖,37°40.7′N,137°30.7′E,0 km,4.4,---
2024/01/01,16:55:00.2,能登半島沖,37°16.4′N,136°43.4′E,6 km,4.1,---
2024/01/01,16:55:21.1,石川県能登地方,37°20.8′N,136°55.1′E,9 km,4.1,---
2024/01/01,16:55:35.9,石川県能登地方,37°24.9′N,137°10.7′E,15 km,4.8,---
2024/01/01,16:55:59.6,石川県能登地方,37°26.0′N,137°11.5′E,14 km,4.2,---
2024/01/01,16:56:18.0,能登半島沖,37°33.6′N,137°21.4′E,3 km,4.3,---
2024/01/01,16:56:48.7,石川県能登地方,37°15.7′N,136°51.4′E,14 km,5.8,---
2024/01/01,16:57:03.0,日向灘,32°39.8′N,132°00.4′E,38 km,1.1,---
2024/01/01,16:57:55.2,能登半島沖,37°32.0′N,137°18.9′E,9 km,4.4,---
2024/01/01,16:59:14.1,石川県能登地方,37°24.0′N,137°08.4′E,13 km,4.0,---
2024/01/01,16:59:55.0,佐渡付近,37°52.0′N,137°44.1′E,11 km,4.3,---
2024/01/01,17:00:12.1,石川県能登地方,37°13.0′N,136°49.8′E,0 km,2.8,---
2024/01/01,17:00:24.6,佐渡付近,37°47.1′N,137°37.9′E,16 km,3.5,---
2024/01/01,17:00:25.2,能登半島沖,37°34.7′N,137°16.8′E,5 km,3.3,---
2024/01/01,17:00:32.7,石川県能登地方,37°29.1′N,137°07.8′E,9 km,4.0,---
2024/01/01,17:00:40.7,石川県能登地方,37°14.3′N,136°44.8′E,10 km,3.6,---
2024/01/01,17:01:05.4,能登半島沖,37°37.4′N,137°29.2′E,18 km,3.8,---
2024/01/01,17:01:34.3,能登半島沖,37°32.7′N,137°14.7′E,8 km,3.5,---
2024/01/01,17:02:03.7,石川県能登地方,37°20.3′N,136°58.2′E,4 km,3.4,---
2024/01/01,17:02:15.2,宮古島近海,24°40.9′N,125°13.8′E,49 km,3.0,---
2024/01/01,17:02:31.1,日向灘,32°38.3′N,131°59.4′E,36 km,2.1,---
2024/01/01,17:02:40.0,石川県能登地方,37°28.2′N,137°20.4′E,15 km,4.5,---
2024/01/01,17:02:44.7,能登半島沖,37°37.1′N,137°21.1′E,8 km,5.0,---
2024/01/01,17:04:18.9,石川県能登地方,37°20.5′N,136°47.6′E,2 km,3.2,---
2024/01/01,17:04:26.9,佐渡付近,37°52.3′N,137°43.0′E,17 km,3.5,---
2024/01/01,17:04:29.5,石川県能登地方,37°20.8′N,136°58.9′E,12 km,3.8,---
2024/01/01,17:05:10.0,新潟県上中越沖,37°38.0′N,137°32.1′E,16 km,3.7,---
2024/01/01,17:05:40.0,能登半島沖,37°32.6′N,137°19.9′E,8 km,不明,---
2024/01/01,17:05:49.5,石川県能登地方,37°26.8′N,137°10.8′E,15 km,3.6,---
2024/01/01,17:06:14.3,石川県能登地方,37°22.9′N,136°57.2′E,8 km,3.8,---
2024/01/01,17:06:36.4,能登半島沖,37°35.9′N,137°25.2′E,3 km,3.4,---
2024/01/01,17:06:56.0,愛知県東部,34°56.1′N,137°25.0′E,40 km,1.2,---
2024/01/01,17:07:00.7,石川県能登地方,37°28.6′N,137°21.4′E,12 km,3.4,---
2024/01/01,17:07:09.9,能登半島沖,37°06.6′N,136°36.6′E,0 km,5.3,---
2024/01/01,17:07:24.5,宮城県沖,38°17.7′N,142°05.3′E,38 km,1.7,---
2024/01/01,17:08:07.7,能登半島沖,37°05.6′N,136°36.4′E,11 km,3.2,---
2024/01/01,17:08:45.9,石川県能登地方,37°29.8′N,137°18.2′E,9 km,3.9,---
2024/01/01,17:09:37.7,佐渡付近,37°50.6′N,137°41.6′E,18 km,3.6,---
2024/01/01,17:09:38.8,能登半島沖,37°14.4′N,136°41.1′E,7 km,3.4,---
2024/01/01,17:10:16.7,石川県能登地方,37°23.7′N,137°06.5′E,11 km,4.1,---
2024/01/01,17:10:26.1,佐渡付近,37°53.0′N,137°43.5′E,16 km,3.6,---
2024/01/01,17:10:49.5,佐渡付近,37°53.4′N,137°49.9′E,10 km,4.4,---
2024/01/01,17:11:34.2,佐渡付近,37°52.0′N,137°43.9′E,18 km,4.1,---
2024/01/01,17:12:13.1,石川県能登地方,37°28.4′N,137°11.9′E,12 km,3.5,---
2024/01/01,17:12:45.8,能登半島沖,37°13.0′N,136°38.9′E,4 km,2.8,---
2024/01/01,17:12:50.8,沖縄本島近海,27°02.7′N,127°52.2′E,63 km,2.0,---
2024/01/01,17:13:08.8,石川県能登地方,37°25.9′N,137°05.5′E,9 km,3.8,---
2024/01/01,17:13:50.1,能登半島沖,37°12.4′N,136°40.8′E,6 km,3.9,---
2024/01/01,17:14:25.4,石川県能登地方,37°21.3′N,136°52.0′E,7 km,3.9,---
2024/01/01,17:14:57.4,石川県能登地方,37°11.4′N,136°46.6′E,7 km,3.2,---
2024/01/01,17:15:18.6,石川県能登地方,37°16.6′N,136°50.4′E,9 km,3.6,---
2024/01/01,17:15:33.8,佐渡付近,37°52.2′N,137°49.0′E,15 km,3.6,---
2024/01/01,17:15:39.6,新潟県上中越沖,37°39.5′N,137°33.3′E,16 km,4.5,---
2024/01/01,17:15:47.1,石川県能登地方,37°17.3′N,136°50.0′E,11 km,4.2,---
2024/01/01,17:16:04.0,網走地方,43°51.8′N,144°15.1′E,18 km,1.6,---
2024/01/01,17:16:21.8,網走地方,43°50.8′N,144°15.8′E,15 km,2.0,---
2024/01/01,17:16:54.2,佐渡付近,37°43.1′N,137°30.2′E,19 km,3.3,---
2024/01/01,17:17:26.7,石川県能登地方,37°17.4′N,136°51.2′E,10 km,3.3,---
2024/01/01,17:17:34.0,能登半島沖,37°34.9′N,137°23.8′E,0 km,不明,---
2024/01/01,17:17:47.9,石川県能登地方,37°28.0′N,137°09.5′E,12 km,4.7,---
2024/01/01,17:18:40.1,石川県能登地方,37°10.8′N,136°50.2′E,10 km,4.3,---
2024/01/01,17:19:03.1,網走地方,43°51.5′N,144°15.3′E,13 km,1.0,---
2024/01/01,17:19:20.4,石川県能登地方,37°20.3′N,137°06.3′E,12 km,3.7,---
2024/01/01,17:19:39.4,石川県能登地方,37°15.6′N,136°51.5′E,9 km,3.5,---
2024/01/01,17:20:06.4,新潟県上中越沖,37°40.8′N,137°37.4′E,20 km,3.8,---
2024/01/01,17:20:28.0,石川県能登地方,37°14.1′N,136°51.8′E,9 km,3.5,---
2024/01/01,17:20:31.9,石川県能登地方,37°22.6′N,136°55.9′E,2 km,3.9,---
2024/01/01,17:20:34.3,新潟県上中越沖,37°40.1′N,137°30.7′E,21 km,4.3,---
2024/01/01,17:21:07.6,石川県能登地方,37°09.4′N,136°41.1′E,6 km,2.8,---
2024/01/01,17:21:29.7,石川県能登地方,37°12.5′N,136°42.4′E,8 km,3.7,---
2024/01/01,17:21:37.6,石川県能登地方,37°22.9′N,136°52.3′E,0 km,3.7,---
2024/01/01,17:22:11.4,石川県能登地方,37°27.9′N,137°12.3′E,12 km,4.9,---
2024/01/01,17:23:01.5,石川県能登地方,37°16.5′N,136°48.3′E,11 km,4.3,---
2024/01/01,17:23:33.3,石川県能登地方,37°28.3′N,137°08.2′E,12 km,3.6,---
2024/01/01,17:23:58.1,石川県能登地方,37°10.1′N,136°43.1′E,5 km,3.0,---
2024/01/01,17:24:25.2,石川県能登地方,37°21.7′N,136°50.2′E,15 km,4.2,---
2024/01/01,17:24:39.9,石川県能登地方,37°11.8′N,136°51.1′E,13 km,3.9,---
2024/01/01,17:24:59.7,石川県能登地方,37°29.8′N,137°17.6′E,10 km,4.0,---
2024/01/01,17:25:41.9,石川県能登地方,37°14.6′N,136°43.1′E,4 km,3.6,---
2024/01/01,17:26:10.0,石川県能登地方,37°30.2′N,137°15.9′E,9 km,3.6,---
2024/01/01,17:26:23.3,石川県能登地方,37°22.4′N,136°55.3′E,9 km,3.8,---
2024/01/01,17:26:40.5,能登半島沖,37°07.7′N,136°37.4′E,4 km,3.6,---
2024/01/01,17:26:41.1,能登半島沖,37°35.4′N,137°28.4′E,18 km,3.9,---
2024/01/01,17:27:17.6,能登半島沖,37°39.2′N,137°24.8′E,3 km,3.8,---
2024/01/01,17:27:19.2,佐渡付近,37°48.0′N,137°41.5′E,20 km,4.0,---
2024/01/01,17:27:30.9,能登半島沖,37°39.1′N,137°29.6′E,9 km,4.3,---
2024/01/01,17:28:22.0,石川県能登地方,37°12.6′N,136°44.5′E,1 km,3.0,---
2024/01/01,17:28:33.8,佐渡付近,37°49.7′N,137°39.6′E,17 km,3.7,---
2024/01/01,17:28:43.9,石川県能登地方,37°15.0′N,136°45.2′E,11 km,2.9,---
2024/01/01,17:28:52.4,豊後水道,33°28.6′N,132°20.4′E,44 km,1.8,---
2024/01/01,17:29:03.4,新潟県上中越沖,37°38.0′N,137°32.7′E,14 km,4.9,---
2024/01/01,17:30:08.4,宮崎県南部山沿い,31°56.1′N,131°02.1′E,8 km,-0.2,---
2024/01/01,17:30:24.1,石川県能登地方,37°11.9′N,136°48.9′E,14 km,4.0,---
2024/01/01,17:31:12.2,石川県能登地方,37°11.2′N,136°51.3′E,13 km,2.9,---
2024/01/01,17:31:28.9,能登半島沖,37°41.1′N,137°27.2′E,19 km,3.5,---
2024/01/01,17:31:32.2,佐渡付近,37°42.4′N,137°35.4′E,16 km,2.6,---
2024/01/01,17:31:34.8,新潟県上中越沖,37°28.3′N,137°31.7′E,14 km,2.9,---
2024/01/01,17:31:35.7,石川県能登地方,37°10.2′N,136°49.4′E,10 km,2.4,---
2024/01/01,17:32:10.6,石川県能登地方,37°16.4′N,136°47.3′E,1 km,2.8,---
2024/01/01,17:32:12.3,富山県東部,36°29.2′N,137°27.0′E,8 km,1.9,---
2024/01/01,17:32:35.0,佐渡付近,37°45.9′N,137°43.7′E,19 km,3.7,---
2024/01/01,17:32:48.7,石川県能登地方,37°18.6′N,136°52.2′E,13 km,3.2,---
2024/01/01,17:33:21.9,能登半島沖,37°09.0′N,136°36.9′E,11 km,3.0,---
2024/01/01,17:33:37.1,能登半島沖,37°41.4′N,137°28.9′E,1 km,4.0,---
2024/01/01,17:34:12.6,能登半島沖,37°36.2′N,137°29.0′E,11 km,不明,---
2024/01/01,17:34:24.4,能登半島沖,37°10.6′N,136°37.4′E,5 km,2.7,---
2024/01/01,17:34:41.9,石川県能登地方,37°22.4′N,136°51.5′E,0 km,2.9,---
2024/01/01,17:34:47.4,新潟県上中越沖,37°39.9′N,137°30.9′E,23 km,3.1,---
2024/01/01,17:35:21.5,能登半島沖,37°40.3′N,137°26.6′E,15 km,3.5,---
2024/01/01,17:35:28.4,佐渡付近,37°50.6′N,137°43.6′E,16 km,3.4,---
2024/01/01,17:36:19.6,石川県能登地方,37°25.5′N,137°10.8′E,13 km,3.8,---
2024/01/01,17:36:27.3,石川県能登地方,37°28.1′N,137°09.7′E,11 km,3.4,---
2024/01/01,17:36:33.4,石川県能登地方,37°22.4′N,137°05.4′E,11 km,3.9,---
2024/01/01,17:36:54.6,福島県沖,37°44.6′N,142°04.4′E,35 km,1.8,---
2024/01/01,17:36:59.0,石川県能登地方,37°11.3′N,136°42.4′E,5 km,3.8,---
2024/01/01,17:37:35.2,石川県能登地方,37°29.7′N,137°12.3′E,14 km,3.6,---
2024/01/01,17:37:36.2,石川県能登地方,37°13.8′N,136°49.3′E,10 km,3.4,---
2024/01/01,17:38:02.6,石川県能登地方,37°12.1′N,136°51.6′E,8 km,3.2,---
2024/01/01,17:38:20.2,石川県能登地方,37°27.8′N,137°09.3′E,11 km,3.3,---
2024/01/01,17:38:31.3,石川県能登地方,37°21.4′N,136°54.4′E,7 km,3.0,---
2024/01/01,17:38:46.9,新潟県上中越沖,37°38.0′N,137°35.9′E,10 km,3.7,---
2024/01/01,17:38:52.3,石川県能登地方,37°10.6′N,136°42.4′E,4 km,2.7,---
2024/01/01,17:38:54.9,佐渡付近,37°42.9′N,137°39.0′E,17 km,3.9,---
2024/01/01,17:39:02.0,石川県能登地方,37°19.6′N,136°57.7′E,10 km,3.5,---
2024/01/01,17:39:47.4,能登半島沖,37°15.9′N,136°42.9′E,4 km,3.1,---
2024/01/01,17:39:54.9,石川県能登地方,37°17.9′N,136°53.2′E,16 km,4.0,---
2024/01/01,17:40:23.6,石川県能登地方,37°26.8′N,137°08.6′E,10 km,3.3,---
2024/01/01,17:40:42.0,能登半島沖,37°35.1′N,137°20.9′E,12 km,4.0,---
2024/01/01,17:40:47.1,石川県能登地方,37°29.3′N,137°16.3′E,13 km,3.8,---
2024/01/01,17:41:04.9,佐渡付近,37°47.9′N,137°50.1′E,13 km,2.5,---
2024/01/01,17:41:33.0,能登半島沖,37°32.2′N,137°19.7′E,11 km,不明,---
2024/01/01,17:41:33.7,佐渡付近,37°51.9′N,137°46.4′E,13 km,3.2,---
2024/01/01,17:41:33.9,新潟県上中越沖,37°30.5′N,137°47.6′E,17 km,3.2,---
2024/01/01,17:41:40.9,石川県能登地方,37°11.9′N,136°44.2′E,4 km,3.0,---
2024/01/01,17:41:53.8,石川県能登地方,37°28.4′N,137°06.2′E,9 km,3.1,---
2024/01/01,17:42:02.9,石川県能登地方,37°18.4′N,136°56.2′E,9 km,3.2,---
2024/01/01,17:42:07.2,佐渡付近,37°43.9′N,137°42.2′E,18 km,3.9,---
2024/01/01,17:42:57.6,石川県能登地方,37°21.5′N,136°47.1′E,14 km,3.0,---
2024/01/01,17:43:21.6,石川県能登地方,37°14.1′N,136°47.4′E,8 km,2.8,---
2024/01/01,17:43:31.2,石川県能登地方,37°13.6′N,136°51.6′E,10 km,3.1,---
2024/01/01,17:43:40.0,佐渡付近,37°46.7′N,137°44.4′E,9 km,2.1,---
2024/01/01,17:43:42.6,石川県能登地方,37°21.1′N,136°49.6′E,0 km,3.6,---
2024/01/01,17:43:56.8,佐渡付近,37°48.7′N,137°38.1′E,19 km,3.6,---
2024/01/01,17:44:16.6,能登半島沖,37°08.7′N,136°39.8′E,7 km,3.3,---
2024/01/01,17:44:35.1,石川県能登地方,37°15.8′N,136°47.4′E,7 km,3.0,---
2024/01/01,17:44:39.4,佐渡付近,37°52.7′N,137°53.5′E,17 km,不明,---
2024/01/01,17:45:03.4,新潟県上中越沖,37°41.7′N,137°50.4′E,32 km,2.7,---
2024/01/01,17:45:09.5,石川県能登地方,37°22.7′N,136°50.6′E,8 km,3.2,---
2024/01/01,17:45:27.1,佐渡付近,37°50.2′N,137°45.7′E,18 km,不明,---
2024/01/01,17:45:51.8,石川県能登地方,37°19.1′N,137°00.5′E,7 km,2.9,---
2024/01/01,17:46:08.6,石川県能登地方,37°22.0′N,136°57.4′E,8 km,3.0,---
2024/01/01,17:46:23.2,佐渡付近,37°57.3′N,137°39.5′E,13 km,2.7,---
2024/01/01,17:46:34.3,石川県能登地方,37°11.2′N,136°45.7′E,14 km,2.0,---
2024/01/01,17:47:01.6,石川県能登地方,37°29.5′N,137°13.8′E,11 km,2.6,---
2024/01/01,17:47:09.4,石川県能登地方,37°26.7′N,137°07.0′E,7 km,3.1,---
2024/01/01,17:47:24.6,石川県能登地方,37°29.0′N,137°20.5′E,12 km,2.6,---
2024/01/01,17:47:28.2,石川県能登地方,37°15.6′N,136°52.1′E,13 km,3.1,---
2024/01/01,17:47:28.8,新潟県上中越沖,37°31.6′N,137°31.8′E,9 km,2.8,---
2024/01/01,17:47:46.4,石川県能登地方,37°12.5′N,136°50.5′E,1 km,2.9,---
2024/01/01,17:48:03.2,石川県能登地方,37°21.2′N,137°02.9′E,12 km,3.6,---
2024/01/01,17:48:13.7,石川県能登地方,37°28.5′N,137°17.9′E,12 km,3.8,---
2024/01/01,17:48:24.0,佐渡付近,37°53.6′N,137°41.9′E,18 km,4.5,---
2024/01/01,17:49:02.2,石川県能登地方,37°18.3′N,136°45.5′E,7 km,3.5,---
2024/01/01,17:49:12.3,能登半島沖,37°37.2′N,137°25.5′E,11 km,3.9,---
2024/01/01,17:49:53.7,石川県能登地方,37°23.6′N,136°51.7′E,8 km,3.8,---
2024/01/01,17:50:05.7,石川県能登地方,37°27.1′N,137°11.4′E,13 km,4.0,---
2024/01/01,17:50:58.4,石川県能登地方,37°11.8′N,136°54.8′E,10 km,2.9,---
2024/01/01,17:51:11.8,能登半島沖,37°06.7′N,136°38.8′E,11 km,3.4,---
2024/01/01,17:51:30.7,佐渡付近,37°51.7′N,137°46.4′E,10 km,2.8,---
2024/01/01,17:51:43.5,石川県能登地方,37°25.0′N,137°03.5′E,8 km,2.8,---
2024/01/01,17:51:56.0,佐渡付近,37°44.3′N,137°33.3′E,16 km,3.0,---
2024/01/01,17:52:18.4,石川県能登地方,37°27.9′N,137°11.2′E,11 km,3.0,---
2024/01/01,17:52:25.5,石川県能登地方,37°20.2′N,137°00.7′E,14 km,3.1,---
2024/01/01,17:52:35.1,石川県能登地方,37°23.4′N,137°06.7′E,12 km,3.0,---
2024/01/01,17:52:51.4,佐渡付近,37°55.0′N,138°02.2′E,14 km,3.0,---
2024/01/01,17:53:11.7,石川県能登地方,37°31.4′N,137°18.2′E,10 km,3.3,---
2024/01/01,17:53:12.9,石川県能登地方,37°17.7′N,136°49.6′E,11 km,3.7,---
2024/01/01,17:53:36.6,能登半島沖,37°07.8′N,136°39.5′E,10 km,2.8,---
2024/01/01,17:53:53.9,能登半島沖,37°34.6′N,137°25.3′E,2 km,2.7,---
2024/01/01,17:53:54.6,石川県能登地方,37°14.5′N,136°58.5′E,7 km,2.9,---
2024/01/01,17:53:59.4,能登半島沖,37°34.6′N,137°23.6′E,0 km,3.6,---
2024/01/01,17:54:08.1,石川県能登地方,37°15.7′N,136°46.7′E,4 km,3.1,---
2024/01/01,17:54:21.0,石川県能登地方,37°28.1′N,137°08.4′E,11 km,3.1,---
2024/01/01,17:54:29.3,能登半島沖,37°34.9′N,137°25.2′E,2 km,3.1,---
2024/01/01,17:54:40.7,石川県能登地方,37°24.2′N,137°07.8′E,11 km,3.5,---
2024/01/01,17:54:42.9,石川県能登地方,37°04.5′N,136°44.3′E,7 km,2.7,---
2024/01/01,17:54:51.1,石川県能登地方,37°11.1′N,136°53.2′E,11 km,3.7,---
2024/01/01,17:54:55.4,佐渡付近,37°52.2′N,137°47.4′E,19 km,3.5,---
2024/01/01,17:54:59.6,石川県能登地方,37°27.2′N,137°11.0′E,15 km,3.5,---
2024/01/01,17:55:18.1,石川県能登地方,37°24.8′N,136°54.1′E,10 km,3.7,---
2024/01/01,17:55:42.0,石川県能登地方,37°18.9′N,136°49.1′E,16 km,3.1,---
2024/01/01,17:56:18.2,石川県能登地方,37°14.5′N,136°49.0′E,5 km,3.5,---
2024/01/01,17:56:20.9,能登半島沖,37°23.0′N,136°47.6′E,0 km,4.1,---
2024/01/01,17:56:45.3,能登半島沖,37°29.4′N,137°04.8′E,11 km,不明,---
2024/01/01,17:57:04.9,石川県能登地方,37°29.7′N,137°14.2′E,10 km,2.9,---
2024/01/01,17:57:13.0,石川県能登地方,37°25.5′N,137°06.1′E,10 km,2.8,---
2024/01/01,17:57:17.1,石川県能登地方,37°17.4′N,136°54.7′E,14 km,3.8,---
2024/01/01,17:58:01.6,石川県能登地方,37°21.2′N,136°57.3′E,13 km,3.6,---
2024/01/01,17:58:22.0,富山湾,37°27.9′N,137°22.6′E,12 km,3.0,---
2024/01/01,17:58:38.9,石川県能登地方,37°17.2′N,136°56.6′E,1 km,2.7,---
2024/01/01,17:58:45.4,能登半島沖,37°15.6′N,136°42.1′E,9 km,3.7,---
2024/01/01,17:58:59.6,能登半島沖,37°08.6′N,136°41.4′E,10 km,3.2,---
2024/01/01,17:59:18.7,石川県能登地方,37°16.9′N,136°44.7′E,0 km,3.3,---
2024/01/01,17:59:37.2,能登半島沖,37°07.2′N,136°37.9′E,1 km,2.6,---
2024/01/01,17:59:56.6,佐渡付近,37°47.9′N,137°42.0′E,16 km,3.9,---
2024/01/01,18:00:10.0,石川県能登地方,37°20.6′N,136°56.3′E,9 km,3.9,---
2024/01/01,18:00:21.3,能登半島沖,37°41.6′N,137°29.4′E,0 km,4.4,---
2024/01/01,18:00:50.6,石川県能登地方,37°20.4′N,136°52.5′E,4 km,3.1,---
2024/01/01,18:01:28.3,能登半島沖,37°07.6′N,136°41.1′E,7 km,3.6,---
2024/01/01,18:02:09.9,石川県能登地方,37°25.1′N,137°08.1′E,4 km,3.3,---
2024/01/01,18:02:38.7,石川県能登地方,37°19.8′N,136°47.4′E,10 km,3.3,---
2024/01/01,18:03:02.5,佐渡付近,37°48.1′N,137°39.6′E,25 km,2.9,---
2024/01/01,18:03:07.1,石川県能登地方,37°18.3′N,136°48.4′E,12 km,3.0,---
2024/01/01,18:03:32.2,石川県能登地方,37°10.3′N,136°44.7′E,9 km,2.6,---
2024/01/01,18:03:50.1,能登半島沖,37°35.5′N,137°24.4′E,14 km,5.5,---
2024/01/01,18:06:14.6,能登半島沖,37°32.6′N,137°27.2′E,14 km,4.6,---
2024/01/01,18:07:06.8,石川県能登地方,37°21.4′N,136°53.8′E,0 km,3.8,---
2024/01/01,18:07:29.8,能登半島沖,37°36.3′N,137°23.4′E,3 km,3.5,---
2024/01/01,18:07:50.6,能登半島沖,37°32.3′N,137°19.4′E,10 km,2.8,---
2024/01/01,18:08:16.2,能登半島沖,37°08.0′N,136°41.0′E,6 km,2.7,---
2024/01/01,18:08:18.4,能登半島沖,37°34.7′N,137°22.9′E,14 km,5.8,---
2024/01/01,18:10:00.3,石川県能登地方,37°28.4′N,137°20.5′E,13 km,3.2,---
2024/01/01,18:10:10.4,石川県能登地方,37°29.1′N,137°12.9′E,10 km,3.6,---
2024/01/01,18:10:25.5,能登半島沖,37°40.0′N,137°27.4′E,10 km,3.7,---
2024/01/01,18:10:50.5,能登半島沖,37°35.1′N,137°22.4′E,10 km,3.4,---
2024/01/01,18:11:11.5,能登半島沖,37°27.0′N,137°04.5′E,9 km,3.9,---
2024/01/01,18:12:03.8,能登半島沖,37°34.1′N,137°23.5′E,14 km,3.0,---
2024/01/01,18:12:14.0,石川県能登地方,37°24.1′N,137°03.6′E,9 km,3.6,---
2024/01/01,18:12:45.5,能登半島沖,37°31.4′N,137°09.8′E,3 km,不明,---
2024/01/01,18:12:53.8,石川県能登地方,37°11.8′N,136°46.2′E,8 km,2.7,---
2024/01/01,18:13:28.1,石川県能登地方,37°27.5′N,137°08.2′E,8 km,3.0,---
2024/01/01,18:13:45.6,能登半島沖,37°35.5′N,137°28.4′E,3 km,3.6,---
2024/01/01,18:13:53.0,石川県能登地方,37°19.1′N,136°52.7′E,12 km,3.1,---
2024/01/01,18:14:15.6,石川県能登地方,37°28.8′N,137°14.8′E,13 km,4.4,---
2024/01/01,18:15:24.6,佐渡付近,37°42.2′N,137°37.0′E,18 km,3.0,---
2024/01/01,18:15:39.6,能登半島沖,37°30.4′N,137°10.2′E,12 km,2.8,---
2024/01/01,18:16:00.7,石川県能登地方,37°13.4′N,136°43.4′E,5 km,4.0,---
2024/01/01,18:16:33.9,能登半島沖,37°29.8′N,137°23.4′E,12 km,3.6,---
2024/01/01,18:16:47.4,石川県能登地方,37°28.7′N,137°16.3′E,15 km,2.6,---
2024/01/01,18:17:33.7,石川県能登地方,37°12.7′N,136°51.6′E,8 km,3.2,---
2024/01/01,18:18:25.8,能登半島沖,37°35.7′N,137°27.0′E,0 km,3.1,---
2024/01/01,18:18:46.0,宮城県沖,38°56.0′N,142°19.8′E,39 km,1.2,---
2024/01/01,18:19:05.5,石川県能登地方,37°29.1′N,137°14.1′E,11 km,3.2,---
2024/01/01,18:19:12.1,大隅半島東方沖,31°08.6′N,131°31.6′E,25 km,1.2,---
2024/01/01,18:19:18.9,佐渡付近,37°53.3′N,137°45.0′E,14 km,3.4,---
2024/01/01,18:19:53.0,佐渡付近,37°45.5′N,137°34.2′E,10 km,3.3,---
2024/01/01,18:20:01.6,石川県能登地方,37°28.8′N,137°11.7′E,12 km,2.8,---
2024/01/01,18:20:10.6,新潟県上中越沖,37°40.9′N,137°41.3′E,15 km,3.4,---
2024/01/01,18:20:12.0,石川県能登地方,37°12.8′N,136°46.5′E,9 km,3.7,---
2024/01/01,18:20:44.2,能登半島沖,37°35.1′N,137°25.5′E,0 km,2.5,---
2024/01/01,18:21:03.9,能登半島沖,37°37.2′N,137°22.1′E,4 km,3.2,---
2024/01/01,18:21:34.4,新潟県上中越沖,37°38.3′N,137°35.7′E,7 km,3.3,---
2024/01/01,18:21:43.0,石川県能登地方,37°11.2′N,136°47.4′E,8 km,3.8,---
2024/01/01,18:22:44.7,石川県能登地方,37°20.1′N,136°51.7′E,11 km,3.3,---
2024/01/01,18:23:07.4,石川県能登地方,37°18.7′N,136°55.1′E,10 km,不明,---
2024/01/01,18:23:07.9,石川県能登地方,37°30.1′N,137°17.6′E,9 km,4.5,---
2024/01/01,18:23:22.0,沖縄本島近海,27°24.1′N,128°55.4′E,29 km,1.0,---
2024/01/01,18:24:10.4,石川県能登地方,37°22.1′N,137°06.3′E,12 km,3.1,---
2024/01/01,18:24:27.6,石川県能登地方,37°10.6′N,136°41.4′E,7 km,2.8,---
2024/01/01,18:24:37.6,佐渡付近,37°47.9′N,137°38.6′E,20 km,2.9,---
2024/01/01,18:24:44.6,能登半島沖,37°07.4′N,136°41.1′E,11 km,2.3,---
2024/01/01,18:25:27.0,石川県能登地方,37°31.6′N,137°18.7′E,7 km,3.9,---
2024/01/01,18:26:09.0,石川県能登地方,37°28.6′N,137°10.4′E,12 km,2.5,---
2024/01/01,18:26:12.8,石川県能登地方,37°19.5′N,136°52.3′E,14 km,2.9,---
2024/01/01,18:26:35.4,能登半島沖,37°08.2′N,136°37.8′E,10 km,2.5,---
2024/01/01,18:26:49.5,石川県能登地方,37°18.1′N,136°55.6′E,12 km,3.4,---
2024/01/01,18:27:26.5,佐渡付近,37°53.3′N,137°44.7′E,15 km,3.0,---
2024/01/01,18:27:40.6,石川県能登地方,37°13.1′N,136°48.4′E,14 km,2.3,---
2024/01/01,18:27:47.4,石川県能登地方,37°20.6′N,137°00.8′E,11 km,3.0,---
2024/01/01,18:28:05.4,新潟県上中越沖,37°38.1′N,137°35.0′E,15 km,4.0,---
2024/01/01,18:28:32.5,石川県能登地方,37°26.8′N,137°10.1′E,9 km,3.4,---
2024/01/01,18:28:42.2,石川県能登地方,37°23.7′N,137°07.2′E,11 km,3.4,---
2024/01/01,18:29:03.6,石川県能登地方,37°21.2′N,137°06.5′E,13 km,3.6,---
2024/01/01,18:29:10.6,石川県能登地方,37°25.6′N,137°09.7′E,13 km,3.7,---
2024/01/01,18:29:33.6,石川県能登地方,37°21.6′N,136°58.5′E,8 km,3.4,---
2024/01/01,18:29:34.6,和歌山県北部,34°04.0′N,135°10.7′E,5 km,0.6,---
2024/01/01,18:30:03.8,能登半島沖,37°33.7′N,137°10.2′E,4 km,2.5,---
2024/01/01,18:30:08.2,能登半島沖,37°17.3′N,136°43.3′E,5 km,3.7,---
2024/01/01,18:30:22.4,能登半島沖,37°33.1′N,137°22.3′E,12 km,4.9,---
2024/01/01,18:32:15.1,能登半島沖,37°12.4′N,136°40.5′E,5 km,2.7,---
2024/01/01,18:32:23.3,石川県能登地方,37°27.3′N,137°17.0′E,14 km,3.1,---
2024/01/01,18:32:28.4,能登半島沖,37°33.1′N,137°22.8′E,11 km,3.3,---
2024/01/01,18:32:31.6,石川県能登地方,37°09.6′N,136°44.2′E,4 km,2.9,---
2024/01/01,18:32:42.2,石川県能登地方,37°17.6′N,136°51.8′E,12 km,3.8,---
2024/01/01,18:33:30.8,能登半島沖,37°33.1′N,137°28.1′E,8 km,3.0,---
2024/01/01,18:33:33.9,能登半島沖,37°09.8′N,136°39.5′E,8 km,2.8,---
2024/01/01,18:33:40.1,石川県能登地方,37°25.6′N,137°08.4′E,4 km,3.9,---
2024/01/01,18:34:07.1,新潟県上中越沖,37°39.5′N,137°35.5′E,11 km,4.2,---
2024/01/01,18:34:41.3,能登半島沖,37°39.4′N,137°23.9′E,0 km,3.3,---
2024/01/01,18:35:02.2,石川県能登地方,37°27.5′N,137°17.4′E,12 km,3.7,---
2024/01/01,18:35:27.6,石川県能登地方,37°29.2′N,137°10.6′E,11 km,2.5,---
2024/01/01,18:36:20.0,能登半島沖,37°39.0′N,137°26.2′E,0 km,3.2,---
2024/01/01,18:36:27.7,能登半島沖,37°10.0′N,136°40.5′E,11 km,3.1,---
2024/01/01,18:36:33.4,能登半島沖,37°30.5′N,137°22.9′E,7 km,2.5,---
2024/01/01,18:37:00.8,石川県能登地方,37°12.4′N,136°47.1′E,10 km,3.0,---
2024/01/01,18:37:22.5,石川県能登地方,37°11.3′N,136°41.6′E,4 km,2.9,---
2024/01/01,18:37:54.4,石川県能登地方,37°16.1′N,136°48.7′E,10 km,2.8,---
2024/01/01,18:38:20.9,石川県能登地方,37°17.2′N,136°47.4′E,10 km,2.9,---
2024/01/01,18:38:48.3,佐渡付近,37°43.4′N,137°33.9′E,19 km,3.3,---
2024/01/01,18:38:49.7,石川県能登地方,37°19.8′N,136°44.3′E,7 km,3.7,---
2024/01/01,18:39:12.6,能登半島沖,37°30.4′N,137°22.3′E,10 km,3.3,---
2024/01/01,18:39:30.9,石川県能登地方,37°21.5′N,137°15.5′E,13 km,3.2,---
2024/01/01,18:39:59.7,能登半島沖,37°06.4′N,136°38.8′E,6 km,4.8,---
2024/01/01,18:41:30.1,岩手県沖,40°15.3′N,142°11.6′E,45 km,2.0,---
2024/01/01,18:41:33.9,石川県能登地方,37°26.3′N,137°08.9′E,12 km,2.7,---
2024/01/01,18:41:40.7,石川県能登地方,37°28.1′N,137°09.5′E,12 km,2.7,---
2024/01/01,18:41:56.4,能登半島沖,37°14.7′N,136°42.6′E,6 km,2.6,---
2024/01/01,18:42:05.8,石川県能登地方,37°18.3′N,136°49.7′E,9 km,4.0,---
2024/01/01,18:42:12.4,愛媛県南予,33°19.4′N,132°32.3′E,36 km,1.8,---
2024/01/01,18:42:31.5,石川県能登地方,37°14.6′N,136°48.6′E,11 km,3.3,---
2024/01/01,18:42:56.8,佐渡付近,37°52.0′N,137°44.3′E,16 km,3.6,---
2024/01/01,18:43:02.2,石川県能登地方,37°09.9′N,136°42.5′E,0 km,2.1,---
2024/01/01,18:43:34.0,能登半島沖,37°09.8′N,136°36.8′E,0 km,2.7,---
2024/01/01,18:43:55.5,石川県能登地方,37°27.4′N,137°07.1′E,13 km,2.9,---
2024/01/01,18:43:59.4,石川県能登地方,37°11.2′N,136°50.2′E,10 km,4.0,---
2024/01/01,18:44:35.2,能登半島沖,37°33.7′N,137°23.8′E,5 km,3.5,---
2024/01/01,18:44:56.0,石川県能登地方,37°30.4′N,137°20.5′E,14 km,3.2,---
2024/01/01,18:44:57.6,能登半島沖,37°43.5′N,137°23.2′E,14 km,3.7,---
2024/01/01,18:45:19.0,新潟県上中越沖,37°34.0′N,137°37.3′E,20 km,4.6,---
2024/01/01,18:45:26.7,佐渡付近,37°44.3′N,137°37.4′E,13 km,4.7,---
2024/01/01,18:45:42.0,沖縄本島近海,27°24.3′N,128°54.4′E,27 km,1.1,---
2024/01/01,18:46:27.4,佐渡付近,37°43.2′N,137°37.1′E,11 km,3.1,---
2024/01/01,18:46:57.4,佐渡付近,37°44.0′N,137°37.3′E,12 km,3.5,---
2024/01/01,18:47:00.7,能登半島沖,37°21.0′N,136°42.4′E,8 km,2.6,---
2024/01/01,18:47:27.1,石川県能登地方,37°19.1′N,136°47.6′E,2 km,2.8,---
2024/01/01,18:47:37.2,石川県能登地方,37°30.2′N,137°20.4′E,9 km,2.4,---
2024/01/01,18:48:32.4,能登半島沖,37°26.1′N,137°02.8′E,7 km,2.9,---
2024/01/01,18:48:51.7,石川県能登地方,37°12.0′N,136°44.8′E,3 km,3.1,---
2024/01/01,18:48:54.3,能登半島沖,37°32.1′N,137°14.6′E,12 km,2.5,---
2024/01/01,18:49:15.1,能登半島沖,37°35.2′N,137°21.1′E,6 km,4.6,---
2024/01/01,18:50:36.2,石川県能登地方,37°24.5′N,137°06.9′E,11 km,3.2,---
2024/01/01,18:50:55.5,佐渡付近,37°52.0′N,137°44.4′E,23 km,3.4,---
2024/01/01,18:51:12.0,能登半島沖,37°07.2′N,136°39.1′E,9 km,2.6,---
2024/01/01,18:51:41.8,石川県能登地方,37°22.3′N,137°00.8′E,12 km,3.5,---
2024/01/01,18:51:44.8,石川県能登地方,37°30.3′N,137°18.9′E,12 km,3.0,---
2024/01/01,18:51:58.1,石川県能登地方,37°26.4′N,137°12.2′E,13 km,3.4,---
2024/01/01,18:52:26.8,石川県能登地方,37°21.3′N,136°51.5′E,6 km,3.2,---
2024/01/01,18:52:31.1,新潟県上中越沖,37°40.1′N,137°31.3′E,10 km,4.1,---
2024/01/01,18:52:38.6,石川県能登地方,37°13.1′N,136°46.9′E,5 km,不明,---
2024/01/01,18:52:40.7,能登半島沖,37°14.3′N,136°41.2′E,7 km,4.0,---
2024/01/01,18:53:11.4,佐渡付近,37°50.6′N,137°45.1′E,16 km,3.5,---
2024/01/01,18:53:49.9,石川県能登地方,37°27.5′N,137°15.6′E,13 km,4.0,---
2024/01/01,18:54:34.0,石川県能登地方,37°20.7′N,136°48.2′E,8 km,2.9,---
2024/01/01,18:54:54.1,石川県能登地方,37°17.2′N,136°49.2′E,0 km,2.7,---
2024/01/01,18:55:40.9,石川県能登地方,37°18.7′N,136°53.7′E,16 km,2.6,---
2024/01/01,18:56:01.4,石川県能登地方,37°27.6′N,137°10.2′E,12 km,2.6,---
2024/01/01,18:56:03.4,佐渡付近,37°51.2′N,137°48.9′E,18 km,3.0,---
2024/01/01,18:56:12.1,能登半島沖,37°24.9′N,136°56.7′E,8 km,4.1,---
2024/01/01,18:56:50.8,石川県能登地方,37°09.0′N,136°45.0′E,0 km,3.3,---
2024/01/01,18:57:10.8,石川県能登地方,37°22.3′N,136°48.7′E,7 km,4.2,---
2024/01/01,18:57:43.7,能登半島沖,37°14.9′N,136°37.5′E,5 km,3.0,---
2024/01/01,18:57:58.2,佐渡付近,37°53.7′N,137°43.2′E,22 km,3.2,---
2024/01/01,18:58:19.3,新潟県上中越沖,37°41.2′N,137°33.7′E,24 km,3.2,---
2024/01/01,18:58:47.0,佐渡付近,37°55.2′N,137°38.5′E,11 km,3.0,---
2024/01/01,18:59:20.7,石川県能登地方,37°13.9′N,136°48.0′E,8 km,3.6,---
2024/01/01,18:59:40.8,能登半島沖,37°37.4′N,137°23.4′E,16 km,3.5,---
2024/01/01,19:00:14.5,佐渡付近,37°44.2′N,137°38.6′E,18 km,3.6,---
2024/01/01,19:00:18.1,石川県能登地方,37°22.3′N,137°01.2′E,10 km,2.9,---
2024/01/01,19:00:23.1,能登半島沖,37°32.2′N,137°20.4′E,12 km,4.0,---
2024/01/01,19:00:47.5,石川県能登地方,37°20.6′N,136°46.7′E,7 km,2.8,---
2024/01/01,19:01:02.6,石川県能登地方,37°28.3′N,137°08.6′E,12 km,2.8,---
2024/01/01,19:01:03.6,佐渡付近,37°44.1′N,138°04.3′E,20 km,3.0,---
2024/01/01,19:01:23.6,石川県能登地方,37°21.4′N,137°00.0′E,10 km,3.1,---
2024/01/01,19:01:42.5,佐渡付近,37°50.6′N,137°46.5′E,16 km,3.3,---
2024/01/01,19:02:09.2,石川県能登地方,37°28.0′N,137°09.9′E,9 km,3.7,---
2024/01/01,19:02:09.3,秋田県沿岸北部,40°27.3′N,140°02.0′E,8 km,0.9,---
2024/01/01,19:02:37.9,石川県能登地方,37°20.3′N,136°58.2′E,11 km,3.6,---
2024/01/01,19:03:02.9,石川県能登地方,37°20.6′N,136°51.1′E,11 km,3.2,---
2024/01/01,19:03:18.4,佐渡付近,37°46.4′N,137°44.5′E,17 km,3.5,---
2024/01/01,19:03:21.1,石川県能登地方,37°19.7′N,136°46.6′E,6 km,3.4,---
2024/01/01,19:03:56.5,石川県能登地方,37°11.5′N,136°46.9′E,7 km,2.8,---
2024/01/01,19:04:17.6,佐渡付近,37°52.0′N,137°44.2′E,21 km,2.8,---
2024/01/01,19:04:20.2,石川県能登地方,37°10.3′N,136°45.4′E,2 km,2.2,---
2024/01/01,19:04:56.5,石川県能登地方,37°10.5′N,136°52.3′E,12 km,3.4,---
2024/01/01,19:05:20.3,能登半島沖,37°11.9′N,136°39.3′E,3 km,不明,---
2024/01/01,19:05:26.4,石川県能登地方,37°12.5′N,136°51.8′E,9 km,2.8,---
2024/01/01,19:05:36.2,石川県能登地方,37°21.3′N,136°55.5′E,2 km,3.1,---
2024/01/01,19:05:39.9,石川県能登地方,37°29.5′N,137°17.6′E,12 km,3.9,---
2024/01/01,19:05:55.9,能登半島沖,37°16.4′N,136°43.9′E,4 km,3.2,---
2024/01/01,19:06:08.7,石川県能登地方,37°22.5′N,136°52.9′E,12 km,3.5,---
2024/01/01,19:06:33.1,石川県能登地方,37°20.2′N,136°56.9′E,13 km,2.8,---
2024/01/01,19:06:47.6,佐渡付近,37°43.7′N,137°36.8′E,8 km,3.2,---
2024/01/01,19:06:56.2,佐渡付近,37°53.1′N,137°42.6′E,19 km,4.3,---
2024/01/01,19:07:42.1,三陸沖,39°34.0′N,144°36.2′E,21 km,2.0,---
2024/01/01,19:07:57.5,石川県能登地方,37°21.8′N,136°54.9′E,0 km,2.6,---
2024/01/01,19:08:19.9,石川県能登地方,37°23.1′N,137°02.1′E,14 km,2.3,---
2024/01/01,19:08:37.6,石川県能登地方,37°14.6′N,136°43.3′E,6 km,3.4,---
2024/01/01,19:09:19.1,能登半島沖,37°09.5′N,136°39.3′E,1 km,2.3,---
2024/01/01,19:09:42.4,石川県能登地方,37°15.2′N,136°46.5′E,4 km,3.4,---
2024/01/01,19:09:44.8,佐渡付近,37°45.8′N,137°40.4′E,21 km,3.3,---
2024/01/01,19:10:23.4,佐渡付近,37°51.9′N,137°45.1′E,15 km,3.1,---
2024/01/01,19:10:31.1,能登半島沖,37°07.9′N,136°42.2′E,4 km,2.7,---
2024/01/01,19:10:38.8,石川県能登地方,37°13.1′N,136°51.8′E,11 km,3.8,---
2024/01/01,19:10:51.3,石川県能登地方,37°19.5′N,136°44.3′E,3 km,3.2,---
2024/01/01,19:10:51.6,新潟県上中越沖,37°40.4′N,137°39.6′E,10 km,3.2,---
2024/01/01,19:11:51.7,石川県能登地方,37°27.2′N,137°09.0′E,10 km,2.6,---
2024/01/01,19:11:55.0,能登半島沖,37°34.7′N,137°20.8′E,0 km,2.8,---
2024/01/01,19:12:02.5,石川県能登地方,37°27.7′N,137°13.3′E,14 km,3.0,---
2024/01/01,19:12:15.9,石川県能登地方,37°22.7′N,137°04.3′E,7 km,2.6,---
2024/01/01,19:12:26.3,石川県能登地方,37°29.9′N,137°16.6′E,12 km,2.5,---
2024/01/01,19:12:37.4,石川県能登地方,37°13.7′N,136°45.5′E,0 km,2.0,---
2024/01/01,19:12:47.4,新潟県上中越沖,37°36.4′N,137°30.8′E,0 km,3.3,---
2024/01/01,19:13:14.5,能登半島沖,37°06.8′N,136°37.7′E,13 km,2.3,---
2024/01/01,19:13:34.2,石川県能登地方,37°20.8′N,137°00.5′E,10 km,2.5,---
2024/01/01,19:13:46.1,石川県能登地方,37°19.9′N,136°59.7′E,11 km,2.6,---
2024/01/01,19:13:49.8,能登半島沖,37°12.9′N,136°40.2′E,2 km,2.4,---
2024/01/01,19:14:17.5,能登半島沖,37°41.9′N,137°29.4′E,14 km,2.3,---
2024/01/01,19:14:19.7,石川県能登地方,37°10.5′N,136°42.1′E,9 km,3.3,---
2024/01/01,19:14:29.2,石川県能登地方,37°22.1′N,137°01.2′E,10 km,3.2,---
2024/01/01,19:14:50.5,能登半島沖,37°29.2′N,137°22.4′E,12 km,2.8,---
2024/01/01,19:15:29.2,佐渡付近,37°53.4′N,137°47.1′E,18 km,3.3,---
2024/01/01,19:15:44.9,石川県能登地方,37°21.1′N,137°02.1′E,10 km,3.0,---
2024/01/01,19:15:58.9,能登半島沖,37°35.2′N,137°26.6′E,0 km,2.9,---
2024/01/01,19:16:12.1,能登半島沖,37°15.9′N,136°41.9′E,5 km,2.5,---
2024/01/01,19:16:18.2,石川県能登地方,37°27.9′N,137°10.0′E,11 km,2.5,---
2024/01/01,19:16:26.4,能登半島沖,37°27.5′N,136°56.4′E,8 km,3.4,---
2024/01/01,19:17:08.2,石川県能登地方,37°11.3′N,136°46.5′E,8 km,2.3,---
2024/01/01,19:17:29.0,福島県沖,37°14.7′N,141°54.1′E,31 km,1.1,---
2024/01/01,19:17:52.4,石川県能登地方,37°22.0′N,136°53.7′E,5 km,2.9,---
2024/01/01,19:17:56.6,佐渡付近,37°43.4′N,137°30.4′E,15 km,3.1,---
2024/01/01,19:18:28.0,石川県能登地方,37°11.0′N,136°46.1′E,6 km,2.9,---
2024/01/01,19:18:38.0,石川県能登地方,37°18.0′N,136°50.9′E,11 km,2.9,---
2024/01/01,19:18:52.2,能登半島沖,37°34.7′N,137°28.9′E,9 km,3.0,---
2024/01/01,19:19:25.9,石川県能登地方,37°26.3′N,137°03.0′E,0 km,2.6,---
2024/01/01,19:19:37.2,石川県能登地方,37°17.7′N,136°51.7′E,14 km,3.0,---
2024/01/01,19:20:03.0,佐渡付近,37°50.9′N,137°41.9′E,14 km,3.1,---
2024/01/01,19:20:26.7,佐渡付近,37°46.1′N,137°40.5′E,10 km,3.4,---
2024/01/01,19:21:01.6,石川県能登地方,37°28.8′N,137°06.5′E,11 km,2.8,---
2024/01/01,19:21:16.3,能登半島沖,37°32.8′N,137°08.2′E,3 km,2.8,---
2024/01/01,19:21:36.1,能登半島沖,37°12.4′N,136°41.9′E,4 km,3.5,---
2024/01/01,19:22:02.8,佐渡付近,37°54.6′N,137°43.3′E,16 km,3.2,---
2024/01/01,19:22:15.0,石川県能登地方,37°20.9′N,136°49.1′E,10 km,3.1,---
2024/01/01,19:22:26.4,石川県能登地方,37°17.4′N,136°47.6′E,11 km,2.8,---
2024/01/01,19:22:37.4,石川県能登地方,37°18.6′N,136°49.6′E,11 km,3.0,---
2024/01/01,19:23:09.1,岩手県沖,39°46.5′N,142°24.4′E,25 km,1.0,---
2024/01/01,19:23:17.5,能登半島沖,37°34.9′N,137°27.8′E,9 km,3.0,---
2024/01/01,19:23:34.3,天草灘,32°30.2′N,129°45.2′E,12 km,0.7,---
2024/01/01,19:23:41.5,能登半島沖,37°34.5′N,137°25.7′E,6 km,2.5,---
2024/01/01,19:23:53.0,石川県能登地方,37°12.4′N,136°43.2′E,0 km,2.6,---
2024/01/01,19:24:11.7,新潟県中越地方,37°26.6′N,138°36.6′E,23 km,2.1,---
2024/01/01,19:24:16.7,石川県能登地方,37°26.7′N,137°07.8′E,13 km,2.8,---
2024/01/01,19:24:16.9,佐渡付近,37°50.9′N,137°43.1′E,14 km,3.7,---
2024/01/01,19:25:02.9,佐渡付近,37°44.6′N,137°37.0′E,0 km,3.6,---
2024/01/01,19:25:43.5,石川県能登地方,37°27.0′N,137°10.2′E,14 km,2.9,---
2024/01/01,19:25:57.9,石川県能登地方,37°27.4′N,137°11.9′E,13 km,4.3,---
2024/01/01,19:26:23.3,能登半島沖,37°34.2′N,137°27.7′E,7 km,3.2,---
2024/01/01,19:26:37.3,石川県能登地方,37°26.5′N,137°07.7′E,12 km,3.0,---
2024/01/01,19:27:02.8,茨城県沖,36°20.3′N,141°31.6′E,18 km,2.1,---
2024/01/01,19:27:04.9,石川県能登地方,37°24.1′N,137°03.6′E,8 km,3.6,---
2024/01/01,19:27:16.4,新潟県上中越沖,37°41.4′N,137°43.9′E,26 km,3.2,---
2024/01/01,19:27:34.2,石川県能登地方,37°19.7′N,136°44.7′E,3 km,2.9,---
2024/01/01,19:27:46.4,能登半島沖,37°15.9′N,136°42.0′E,3 km,2.8,---
2024/01/01,19:27:48.8,能登半島沖,37°30.5′N,137°11.2′E,11 km,2.0,---
2024/01/01,19:27:59.4,石川県能登地方,37°28.0′N,137°13.3′E,10 km,4.5,---
2024/01/01,19:28:02.0,紀伊水道,33°45.5′N,134°56.6′E,13 km,0.9,---
2024/01/01,19:28:21.4,石川県能登地方,37°30.4′N,137°20.1′E,13 km,3.6,---
2024/01/01,19:28:29.8,能登半島沖,37°24.4′N,136°46.5′E,8 km,3.8,---
2024/01/01,19:29:02.0,石川県能登地方,37°13.6′N,136°44.2′E,0 km,2.7,---
2024/01/01,19:29:19.2,茨城県沖,36°20.3′N,141°31.3′E,18 km,1.5,---
2024/01/01,19:29:29.3,佐渡付近,37°46.4′N,137°39.5′E,16 km,2.7,---
2024/01/01,19:29:31.1,石川県能登地方,37°10.8′N,136°41.3′E,6 km,4.0,---
2024/01/01,19:30:19.9,能登半島沖,37°16.8′N,136°43.1′E,4 km,2.6,---
2024/01/01,19:30:25.4,新潟県上中越沖,37°39.7′N,137°33.1′E,14 km,4.1,---
2024/01/01,19:30:45.4,能登半島沖,37°35.7′N,137°28.1′E,0 km,3.8,---
2024/01/01,19:30:59.0,石川県能登地方,37°17.8′N,136°50.1′E,10 km,3.2,---
2024/01/01,19:31:39.4,石川県能登地方,37°20.8′N,137°01.2′E,6 km,3.0,---
2024/01/01,19:31:53.5,石川県能登地方,37°22.4′N,137°05.0′E,12 km,3.5,---
2024/01/01,19:32:25.3,能登半島沖,37°15.5′N,136°43.6′E,6 km,2.6,---
2024/01/01,19:32:30.7,佐渡付近,37°53.1′N,137°42.4′E,21 km,3.1,---
2024/01/01,19:32:44.7,石川県能登地方,37°26.4′N,137°09.0′E,15 km,2.4,---
2024/01/01,19:33:21.5,石川県能登地方,37°14.2′N,136°51.0′E,13 km,2.5,---
2024/01/01,19:33:25.1,能登半島沖,37°31.8′N,137°10.8′E,9 km,2.3,---
2024/01/01,19:33:42.8,新潟県上中越沖,37°40.7′N,137°35.2′E,5 km,3.0,---
2024/01/01,19:34:11.3,石川県能登地方,37°30.6′N,137°20.1′E,12 km,2.2,---
2024/01/01,19:34:14.1,佐渡付近,37°51.0′N,137°42.2′E,15 km,2.9,---
2024/01/01,19:34:20.6,石川県能登地方,37°28.5′N,137°08.5′E,15 km,2.8,---
2024/01/01,19:34:23.4,石川県能登地方,37°19.4′N,136°49.7′E,7 km,2.9,---
2024/01/01,19:34:45.4,石川県能登地方,37°23.4′N,136°49.8′E,11 km,3.0,---
2024/01/01,19:34:55.8,能登半島沖,37°41.3′N,137°25.3′E,0 km,3.4,---
2024/01/01,19:35:49.3,佐渡付近,37°50.3′N,137°41.9′E,27 km,2.2,---
2024/01/01,19:35:59.9,石川県能登地方,37°10.5′N,136°42.6′E,6 km,2.7,---
2024/01/01,19:36:11.6,三陸沖,37°49.6′N,143°37.4′E,19 km,1.9,---
2024/01/01,19:36:16.1,石川県能登地方,37°15.2′N,136°45.0′E,8 km,2.4,---
2024/01/01,19:36:17.7,佐渡付近,37°55.2′N,137°43.7′E,16 km,2.7,---
2024/01/01,19:36:44.2,石川県能登地方,37°30.9′N,137°19.1′E,12 km,2.1,---
2024/01/01,19:37:09.9,石川県能登地方,37°20.9′N,137°03.7′E,11 km,2.9,---
2024/01/01,19:37:23.8,石川県能登地方,37°19.8′N,136°52.2′E,10 km,2.9,---
2024/01/01,19:37:34.8,新潟県上中越沖,37°37.3′N,137°31.4′E,7 km,2.9,---
2024/01/01,19:37:44.0,石川県能登地方,37°08.5′N,136°45.0′E,2 km,2.3,---
2024/01/01,19:37:45.2,石川県能登地方,37°30.6′N,137°19.3′E,12 km,2.8,---
2024/01/01,19:37:49.8,佐渡付近,37°51.5′N,137°40.9′E,22 km,3.2,---
2024/01/01,19:38:22.3,石川県能登地方,37°10.7′N,136°42.6′E,5 km,2.7,---
2024/01/01,19:38:34.7,石川県能登地方,37°18.1′N,136°52.6′E,9 km,3.7,---
2024/01/01,19:39:08.6,石川県能登地方,37°27.3′N,137°17.2′E,15 km,2.9,---
2024/01/01,19:39:25.2,石川県能登地方,37°27.3′N,137°06.7′E,9 km,3.1,---
2024/01/01,19:39:46.8,石川県能登地方,37°19.2′N,136°53.4′E,10 km,3.0,---
2024/01/01,19:39:55.9,石川県能登地方,37°17.7′N,136°54.3′E,13 km,3.2,---
2024/01/01,19:40:25.4,能登半島沖,37°31.3′N,137°11.2′E,8 km,2.9,---
2024/01/01,19:40:58.5,新潟県上中越沖,37°40.7′N,137°35.4′E,14 km,3.6,---
2024/01/01,19:41:29.1,能登半島沖,37°29.6′N,137°27.5′E,11 km,3.0,---
2024/01/01,19:41:38.0,石川県能登地方,37°17.8′N,136°53.1′E,11 km,3.1,---
2024/01/01,19:41:49.0,伊豆大島近海,34°43.0′N,139°17.6′E,9 km,0.9,---
2024/01/01,19:42:01.7,石川県能登地方,37°27.1′N,137°15.8′E,12 km,2.3,---
2024/01/01,19:42:16.0,石川県能登地方,37°13.5′N,136°44.3′E,9 km,3.4,---
2024/01/01,19:42:55.1,新潟県上中越沖,37°41.8′N,137°32.5′E,12 km,3.3,---
2024/01/01,19:43:58.4,石川県能登地方,37°22.4′N,136°53.9′E,0 km,2.4,---
2024/01/01,19:44:39.1,日向灘,32°28.9′N,132°04.0′E,28 km,1.0,---
2024/01/01,19:44:42.0,石川県能登地方,37°24.8′N,136°57.8′E,8 km,3.2,---
2024/01/01,19:45:06.4,石川県能登地方,37°09.7′N,136°42.6′E,4 km,3.2,---
2024/01/01,19:45:35.7,栃木県北部,37°07.7′N,139°56.9′E,3 km,1.8,---
2024/01/01,19:45:45.0,石川県能登地方,37°30.9′N,137°18.3′E,13 km,2.7,---
2024/01/01,19:46:16.0,石川県能登地方,37°10.4′N,136°50.5′E,9 km,3.3,---
2024/01/01,19:46:34.8,佐渡付近,37°53.6′N,137°46.6′E,23 km,2.8,---
2024/01/01,19:46:42.0,能登半島沖,37°11.8′N,136°40.4′E,6 km,2.4,---
2024/01/01,19:47:19.0,石川県能登地方,37°21.8′N,136°58.4′E,9 km,3.4,---
2024/01/01,19:47:49.5,能登半島沖,37°10.2′N,136°38.7′E,10 km,2.8,---
2024/01/01,19:48:04.2,石川県能登地方,37°29.2′N,137°16.1′E,11 km,3.2,---
2024/01/01,19:48:32.6,石川県能登地方,37°19.7′N,136°47.6′E,9 km,3.2,---
2024/01/01,19:49:14.5,石川県能登地方,37°29.7′N,137°17.5′E,11 km,2.6,---
2024/01/01,19:49:47.5,石川県能登地方,37°15.9′N,136°44.1′E,9 km,2.5,---
2024/01/01,19:49:55.3,佐渡付近,37°48.1′N,137°40.1′E,22 km,3.6,---
2024/01/01,19:49:59.1,石川県能登地方,37°24.7′N,137°00.2′E,8 km,3.7,---
2024/01/01,19:49:59.8,能登半島沖,37°07.8′N,136°37.1′E,8 km,3.6,---
2024/01/01,19:50:25.3,能登半島沖,37°08.3′N,136°37.7′E,11 km,3.2,---
2024/01/01,19:50:30.3,石川県能登地方,37°13.4′N,136°44.5′E,10 km,3.3,---
2024/01/01,19:50:36.8,石川県能登地方,37°30.7′N,137°16.4′E,12 km,4.6,---
2024/01/01,19:51:18.2,石川県能登地方,37°09.4′N,136°43.4′E,4 km,2.8,---
2024/01/01,19:51:38.9,能登半島沖,37°15.6′N,136°43.1′E,8 km,不明,---
2024/01/01,19:51:41.5,石川県能登地方,37°29.0′N,137°14.0′E,11 km,2.8,---
2024/01/01,19:52:02.9,日向灘,32°05.6′N,131°50.7′E,16 km,0.6,---
2024/01/01,19:52:11.3,石川県能登地方,37°27.6′N,137°10.0′E,10 km,2.4,---
2024/01/01,19:52:47.0,石川県能登地方,37°29.9′N,137°11.1′E,6 km,1.9,---
2024/01/01,19:53:07.6,佐渡付近,37°43.1′N,137°39.6′E,15 km,2.7,---
2024/01/01,19:53:43.2,石川県能登地方,37°19.7′N,136°44.5′E,4 km,2.3,---
2024/01/01,19:53:43.6,石川県能登地方,37°29.7′N,137°10.9′E,13 km,2.0,---
2024/01/01,19:54:01.4,石川県能登地方,37°14.5′N,136°45.8′E,10 km,2.6,---
2024/01/01,19:54:15.1,石川県能登地方,37°21.6′N,137°01.4′E,10 km,3.1,---
2024/01/01,19:54:43.5,能登半島沖,37°33.1′N,137°23.8′E,0 km,2.5,---
2024/01/01,19:54:59.3,能登半島沖,37°27.3′N,137°04.8′E,12 km,2.8,---
2024/01/01,19:55:12.3,能登半島沖,37°27.8′N,137°04.5′E,7 km,3.0,---
2024/01/01,19:55:25.3,石川県能登地方,37°26.6′N,137°13.6′E,14 km,2.9,---
2024/01/01,19:55:45.1,能登半島沖,37°31.0′N,137°25.7′E,9 km,2.4,---
2024/01/01,19:55:57.5,石川県能登地方,37°12.7′N,136°42.9′E,4 km,2.7,---
2024/01/01,19:56:18.5,能登半島沖,37°08.3′N,136°40.0′E,3 km,2.4,---
2024/01/01,19:56:28.9,石川県能登地方,37°23.5′N,136°54.0′E,7 km,3.5,---
2024/01/01,19:57:03.4,石川県能登地方,37°28.9′N,137°20.1′E,12 km,2.8,---
2024/01/01,19:57:09.2,石川県能登地方,37°20.4′N,136°46.7′E,6 km,2.8,---
2024/01/01,19:57:37.8,石川県能登地方,37°11.9′N,136°54.0′E,14 km,2.2,---
2024/01/01,19:57:52.2,石川県能登地方,37°22.5′N,136°59.2′E,4 km,2.6,---
2024/01/01,19:58:20.9,石川県能登地方,37°29.2′N,137°11.0′E,10 km,2.3,---
2024/01/01,19:58:29.9,福島県沖,37°11.3′N,144°59.6′E,68 km,1.7,---
2024/01/01,19:58:34.1,石川県能登地方,37°25.4′N,137°09.4′E,13 km,2.3,---
2024/01/01,19:58:34.6,石川県能登地方,37°17.3′N,136°51.2′E,10 km,2.2,---
2024/01/01,19:58:54.7,石川県能登地方,37°11.3′N,136°43.3′E,4 km,2.5,---
2024/01/01,19:59:13.8,三陸沖,38°48.2′N,144°17.9′E,32 km,1.4,---
2024/01/01,19:59:26.5,石川県能登地方,37°29.7′N,137°09.9′E,10 km,2.2,---
2024/01/01,19:59:30.8,佐渡付近,37°44.2′N,137°39.8′E,12 km,3.3,---
2024/01/01,20:00:39.6,石川県能登地方,37°25.6′N,137°02.4′E,6 km,2.9,---
2024/01/01,20:00:54.7,石川県能登地方,37°10.2′N,136°50.6′E,11 km,3.6,---
2024/01/01,20:01:10.5,浦河沖,41°38.8′N,142°44.2′E,31 km,1.1,---
2024/01/01,20:01:18.4,能登半島沖,37°33.2′N,137°24.1′E,11 km,2.9,---
2024/01/01,20:01:21.9,石川県能登地方,37°14.6′N,136°47.1′E,11 km,3.7,---
2024/01/01,20:02:15.4,石川県能登地方,37°12.5′N,136°48.2′E,8 km,2.3,---
2024/01/01,20:02:46.4,石川県能登地方,37°23.3′N,136°51.2′E,0 km,2.3,---
2024/01/01,20:03:04.3,石川県能登地方,37°16.7′N,136°48.0′E,11 km,3.1,---
2024/01/01,20:03:33.2,能登半島沖,37°08.6′N,136°42.6′E,7 km,3.1,---
2024/01/01,20:03:48.0,石川県能登地方,37°19.2′N,136°48.2′E,11 km,2.9,---
2024/01/01,20:03:59.1,能登半島沖,37°34.0′N,137°22.5′E,7 km,3.5,---
2024/01/01,20:04:16.9,能登半島沖,37°32.4′N,137°18.1′E,10 km,2.3,---
2024/01/01,20:04:47.9,石川県能登地方,37°10.5′N,136°44.9′E,0 km,1.9,---
2024/01/01,20:04:55.2,石川県能登地方,37°31.2′N,137°18.8′E,7 km,2.5,---
2024/01/01,20:05:39.5,能登半島沖,37°30.1′N,137°23.6′E,12 km,2.4,---
2024/01/01,20:05:53.5,石川県能登地方,37°11.3′N,136°49.2′E,10 km,3.5,---
2024/01/01,20:06:11.4,佐渡付近,37°44.5′N,137°40.8′E,17 km,2.6,---
2024/01/01,20:06:24.1,石川県能登地方,37°13.6′N,136°44.9′E,8 km,2.3,---
2024/01/01,20:06:51.0,石川県能登地方,37°20.9′N,136°51.9′E,9 km,3.3,---
2024/01/01,20:06:59.3,石川県能登地方,37°29.7′N,137°16.9′E,13 km,3.2,---
2024/01/01,20:07:25.5,石川県能登地方,37°24.7′N,137°11.3′E,14 km,2.7,---
2024/01/01,20:07:41.6,石川県能登地方,37°21.9′N,136°53.2′E,9 km,3.6,---
2024/01/01,20:08:29.1,石川県能登地方,37°12.8′N,136°47.4′E,9 km,2.4,---
2024/01/01,20:09:06.2,佐渡付近,37°51.4′N,137°47.1′E,18 km,3.7,---
2024/01/01,20:09:28.5,佐渡付近,37°55.8′N,137°47.4′E,20 km,3.9,---
2024/01/01,20:09:43.6,能登半島沖,37°15.1′N,136°42.0′E,8 km,3.0,---
2024/01/01,20:10:22.5,石川県能登地方,37°11.8′N,136°43.3′E,2 km,2.5,---
2024/01/01,20:10:24.1,十勝沖,42°05.6′N,144°10.3′E,33 km,1.5,---
2024/01/01,20:10:32.5,石川県能登地方,37°29.9′N,137°14.1′E,9 km,2.8,---
2024/01/01,20:11:17.6,能登半島沖,37°41.2′N,137°25.2′E,0 km,2.8,---
2024/01/01,20:12:10.4,能登半島沖,37°35.1′N,137°23.8′E,11 km,3.6,---
2024/01/01,20:12:12.5,石川県能登地方,37°18.8′N,136°44.2′E,5 km,2.4,---
2024/01/01,20:12:53.7,石川県能登地方,37°26.3′N,137°07.6′E,14 km,2.6,---
2024/01/01,20:13:16.5,佐渡付近,37°45.9′N,137°40.0′E,18 km,3.0,---
2024/01/01,20:13:22.6,能登半島沖,37°08.0′N,136°37.7′E,10 km,2.2,---
2024/01/01,20:13:46.1,能登半島沖,37°12.6′N,136°40.8′E,11 km,2.9,---
2024/01/01,20:14:20.8,能登半島沖,37°29.4′N,137°26.1′E,11 km,3.1,---
2024/01/01,20:14:30.5,能登半島沖,37°25.4′N,136°49.1′E,13 km,2.7,---
2024/01/01,20:15:02.1,石川県能登地方,37°29.7′N,137°17.6′E,10 km,2.5,---
2024/01/01,20:15:19.8,能登半島沖,37°15.2′N,136°40.6′E,2 km,2.3,---
2024/01/01,20:15:22.3,石川県能登地方,37°29.6′N,137°16.7′E,11 km,3.0,---
2024/01/01,20:15:43.4,能登半島沖,37°12.1′N,136°41.5′E,4 km,3.3,---
2024/01/01,20:16:21.4,伊予灘,33°44.5′N,132°34.5′E,44 km,3.2,---
2024/01/01,20:16:43.3,能登半島沖,37°30.9′N,137°11.2′E,5 km,2.7,---
2024/01/01,20:16:44.0,新潟県上中越沖,37°39.5′N,137°47.6′E,24 km,3.6,---
2024/01/01,20:17:02.0,石川県能登地方,37°09.4′N,136°43.5′E,6 km,3.0,---
2024/01/01,20:17:27.5,能登半島沖,37°07.0′N,136°35.3′E,2 km,2.4,---
2024/01/01,20:18:02.5,石川県能登地方,37°26.1′N,137°03.4′E,5 km,2.6,---
2024/01/01,20:18:48.2,能登半島沖,38°00.1′N,137°25.7′E,10 km,3.6,---
2024/01/01,20:18:52.9,和歌山県北部,33°59.1′N,135°15.9′E,12 km,0.4,---
2024/01/01,20:19:20.3,福島県沖,37°40.3′N,141°42.9′E,40 km,1.3,---
2024/01/01,20:19:48.6,能登半島沖,37°33.7′N,137°10.1′E,11 km,2.7,---
2024/01/01,20:20:13.5,佐渡付近,37°53.0′N,137°45.6′E,14 km,3.4,---
2024/01/01,20:21:17.5,石川県能登地方,37°16.8′N,136°47.3′E,13 km,2.9,---
2024/01/01,20:21:27.3,新潟県上中越沖,37°41.6′N,137°30.1′E,24 km,4.1,---
2024/01/01,20:21:33.1,石川県能登地方,37°23.5′N,136°50.9′E,11 km,3.9,---
2024/01/01,20:22:18.7,石川県能登地方,37°22.3′N,137°01.8′E,8 km,3.2,---
2024/01/01,20:22:31.8,石川県能登地方,37°09.9′N,136°42.9′E,5 km,3.1,---
2024/01/01,20:22:42.4,佐渡付近,37°50.8′N,137°47.5′E,13 km,2.8,---
2024/01/01,20:23:35.8,石川県能登地方,37°18.9′N,136°58.4′E,13 km,3.3,---
2024/01/01,20:24:17.4,佐渡付近,37°51.1′N,137°41.6′E,17 km,2.9,---
2024/01/01,20:24:24.0,石川県能登地方,37°17.3′N,136°48.0′E,13 km,2.6,---
2024/01/01,20:24:35.7,能登半島沖,37°38.9′N,137°29.8′E,11 km,3.1,---
2024/01/01,20:25:15.6,石川県能登地方,37°18.8′N,136°53.6′E,0 km,2.5,---
2024/01/01,20:25:35.7,能登半島沖,37°10.9′N,136°37.6′E,1 km,2.3,---
2024/01/01,20:25:41.4,石川県能登地方,37°19.8′N,136°58.2′E,13 km,3.4,---
2024/01/01,20:25:47.2,青森県東方沖,41°03.4′N,142°48.3′E,28 km,2.3,---
2024/01/01,20:26:27.9,石川県能登地方,37°27.6′N,137°09.6′E,14 km,2.3,---
2024/01/01,20:26:49.9,石川県能登地方,37°22.8′N,136°51.3′E,10 km,2.7,---
2024/01/01,20:27:18.7,石川県能登地方,37°13.2′N,136°44.4′E,7 km,2.8,---
2024/01/01,20:27:36.6,石川県能登地方,37°22.4′N,136°51.3′E,7 km,4.2,---
2024/01/01,20:27:48.5,石川県能登地方,37°04.5′N,136°44.4′E,12 km,3.8,---
2024/01/01,20:28:12.6,能登半島沖,37°38.7′N,137°29.7′E,0 km,3.2,---
2024/01/01,20:28:14.0,能登半島沖,37°13.2′N,136°40.5′E,4 km,3.0,---
2024/01/01,20:28:44.8,石川県能登地方,37°22.2′N,136°53.5′E,10 km,3.5,---
2024/01/01,20:29:44.1,石川県能登地方,37°25.5′N,137°09.8′E,13 km,3.3,---
2024/01/01,20:30:02.8,石川県能登地方,37°29.1′N,137°17.1′E,13 km,2.6,---
2024/01/01,20:30:37.0,石川県能登地方,37°28.1′N,137°08.5′E,14 km,2.2,---
2024/01/01,20:30:41.7,石川県能登地方,37°17.7′N,136°51.0′E,11 km,2.5,---
2024/01/01,20:30:54.1,青森県東方沖,40°28.3′N,142°53.0′E,21 km,1.1,---
2024/01/01,20:31:13.8,石川県能登地方,37°19.0′N,136°46.2′E,6 km,2.5,---
2024/01/01,20:31:39.3,長野県南部,35°51.9′N,138°04.5′E,10 km,0.3,---
2024/01/01,20:31:44.3,石川県能登地方,37°29.5′N,137°08.3′E,8 km,2.8,---
2024/01/01,20:31:53.1,佐渡付近,37°43.4′N,137°36.4′E,17 km,3.1,---
2024/01/01,20:32:19.4,石川県能登地方,37°31.9′N,137°15.1′E,11 km,2.8,---
2024/01/01,20:32:42.5,石川県能登地方,37°24.0′N,136°57.1′E,7 km,3.7,---
2024/01/01,20:33:37.2,佐渡付近,37°51.8′N,137°45.5′E,16 km,3.8,---
2024/01/01,20:33:43.5,石川県能登地方,37°11.1′N,136°47.2′E,0 km,1.9,---
2024/01/01,20:34:20.9,石川県能登地方,37°21.1′N,136°56.0′E,10 km,4.5,---
2024/01/01,20:35:32.1,石川県能登地方,37°09.3′N,136°44.6′E,4 km,4.1,---
2024/01/01,20:35:40.8,石川県能登地方,37°09.2′N,136°45.4′E,2 km,4.5,---
2024/01/01,20:35:46.8,佐渡付近,37°42.5′N,137°37.4′E,13 km,4.5,---
2024/01/01,20:37:12.1,能登半島沖,37°34.1′N,137°26.1′E,0 km,2.4,---
2024/01/01,20:37:21.3,石川県能登地方,37°26.5′N,137°06.0′E,11 km,2.5,---
2024/01/01,20:37:44.3,石川県能登地方,37°16.4′N,136°47.3′E,9 km,2.2,---
2024/01/01,20:37:57.6,石川県能登地方,37°15.3′N,136°49.1′E,12 km,3.2,---
2024/01/01,20:38:02.9,佐渡付近,37°45.3′N,137°36.2′E,20 km,3.4,---
2024/01/01,20:38:16.0,石川県能登地方,37°15.4′N,136°45.7′E,9 km,3.2,---
2024/01/01,20:38:41.2,石川県能登地方,37°10.0′N,136°44.9′E,2 km,2.4,---
2024/01/01,20:38:55.7,石川県能登地方,37°27.6′N,137°12.9′E,14 km,2.8,---
2024/01/01,20:39:14.4,石川県能登地方,37°15.8′N,136°49.1′E,7 km,2.9,---
2024/01/01,20:39:33.0,佐渡付近,37°52.7′N,137°46.9′E,14 km,3.3,---
2024/01/01,20:39:52.8,石川県能登地方,37°10.7′N,136°46.1′E,5 km,2.4,---
2024/01/01,20:40:29.9,石川県能登地方,37°13.9′N,136°47.0′E,0 km,1.9,---
2024/01/01,20:40:42.7,佐渡付近,37°46.1′N,138°02.3′E,18 km,2.0,---
2024/01/01,20:40:42.8,能登半島沖,37°33.8′N,137°28.7′E,0 km,2.3,---
2024/01/01,20:41:12.9,石川県能登地方,37°18.4′N,136°46.5′E,11 km,2.8,---
2024/01/01,20:41:24.0,能登半島沖,37°32.5′N,137°09.3′E,9 km,3.2,---
2024/01/01,20:41:56.3,石川県能登地方,37°27.8′N,137°08.4′E,13 km,3.7,---
2024/01/01,20:42:22.5,石川県能登地方,37°18.5′N,136°52.8′E,10 km,2.9,---
2024/01/01,20:43:12.6,石川県能登地方,37°18.0′N,136°54.7′E,12 km,3.1,---
2024/01/01,20:43:25.8,能登半島沖,37°23.0′N,136°46.7′E,7 km,3.1,---
2024/01/01,20:43:47.9,石川県能登地方,37°15.5′N,136°52.1′E,11 km,3.7,---
2024/01/01,20:44:11.8,石川県能登地方,37°12.7′N,136°50.0′E,13 km,3.6,---
2024/01/01,20:44:42.0,石川県能登地方,37°12.5′N,136°42.9′E,0 km,2.5,---
2024/01/01,20:45:08.4,石川県能登地方,37°20.0′N,136°46.7′E,11 km,2.8,---
2024/01/01,20:45:13.3,石川県能登地方,37°22.9′N,136°48.3′E,7 km,3.1,---
2024/01/01,20:45:26.4,能登半島沖,37°06.9′N,136°36.3′E,8 km,2.9,---
2024/01/01,20:45:40.9,石川県能登地方,37°10.9′N,136°46.4′E,5 km,3.1,---
2024/01/01,20:45:58.0,佐渡付近,37°50.7′N,137°44.4′E,21 km,3.4,---
2024/01/01,20:46:50.2,能登半島沖,37°06.7′N,136°40.2′E,9 km,2.2,---
2024/01/01,20:47:06.5,能登半島沖,37°05.0′N,136°36.5′E,8 km,2.8,---
2024/01/01,20:47:41.6,石川県能登地方,37°24.3′N,137°07.8′E,12 km,3.4,---
2024/01/01,20:48:06.3,能登半島沖,37°08.4′N,136°41.1′E,11 km,2.9,---
2024/01/01,20:48:11.8,石川県能登地方,37°27.9′N,137°10.1′E,13 km,不明,---
2024/01/01,20:48:20.1,福島県沖,37°49.2′N,141°39.9′E,54 km,1.4,---
2024/01/01,20:48:31.9,能登半島沖,37°32.9′N,137°14.6′E,0 km,3.0,---
2024/01/01,20:48:32.9,日向灘,32°29.3′N,132°05.0′E,29 km,0.6,---
2024/01/01,20:48:37.8,石川県能登地方,37°28.9′N,137°14.2′E,10 km,3.3,---
2024/01/01,20:48:55.5,石川県能登地方,37°11.7′N,136°45.4′E,0 km,2.9,---
2024/01/01,20:48:55.6,新潟県上中越沖,37°37.9′N,137°35.4′E,0 km,3.6,---
2024/01/01,20:49:47.2,石川県能登地方,37°11.0′N,136°42.1′E,5 km,2.5,---
2024/01/01,20:49:55.2,石川県能登地方,37°11.0′N,136°49.1′E,13 km,3.6,---
2024/01/01,20:49:57.8,佐渡付近,37°48.2′N,137°40.2′E,19 km,2.8,---
2024/01/01,20:50:09.8,石川県能登地方,37°27.3′N,137°11.4′E,13 km,3.8,---
2024/01/01,20:50:13.7,紀伊水道,33°37.6′N,134°38.4′E,16 km,0.6,---
2024/01/01,20:50:29.4,宮城県沖,38°45.4′N,142°27.4′E,42 km,1.7,---
2024/01/01,20:51:01.5,石川県能登地方,37°28.5′N,137°12.9′E,11 km,2.8,---
2024/01/01,20:51:21.6,石川県能登地方,37°26.5′N,137°06.9′E,13 km,2.2,---
2024/01/01,20:51:32.9,石川県能登地方,37°27.4′N,137°07.8′E,8 km,3.5,---
2024/01/01,20:52:46.2,石川県能登地方,37°21.3′N,137°02.7′E,13 km,2.4,---
2024/01/01,20:52:49.7,石川県能登地方,37°28.6′N,137°13.9′E,10 km,2.6,---
2024/01/01,20:53:37.7,能登半島沖,37°36.9′N,137°27.6′E,13 km,3.5,---
2024/01/01,20:54:03.0,石川県能登地方,37°18.2′N,136°50.4′E,8 km,3.6,---
2024/01/01,20:54:45.3,能登半島沖,37°14.2′N,136°42.1′E,7 km,3.7,---
2024/01/01,20:55:28.2,石川県能登地方,37°23.3′N,136°58.9′E,4 km,2.9,---
2024/01/01,20:55:55.8,佐渡付近,37°43.7′N,137°35.7′E,16 km,2.8,---
2024/01/01,20:56:26.1,沖縄本島近海,26°56.9′N,128°29.3′E,30 km,2.0,---
2024/01/01,20:56:45.3,石川県能登地方,37°12.9′N,136°42.4′E,1 km,2.7,---
2024/01/01,20:57:28.5,石川県能登地方,37°27.3′N,137°10.0′E,11 km,2.7,---
2024/01/01,20:57:31.5,能登半島沖,37°12.1′N,136°39.3′E,2 km,2.9,---
2024/01/01,20:57:34.4,能登半島沖,37°37.4′N,137°26.1′E,14 km,4.1,---
2024/01/01,20:58:28.3,石川県能登地方,37°19.7′N,137°02.7′E,9 km,3.0,---
2024/01/01,20:58:38.6,佐渡付近,37°54.1′N,137°46.3′E,23 km,3.0,---
2024/01/01,20:59:25.6,石川県能登地方,37°17.7′N,136°51.6′E,11 km,2.5,---
2024/01/01,20:59:41.4,和歌山県北部,33°58.3′N,135°15.8′E,10 km,0.4,---
2024/01/01,20:59:56.3,石川県能登地方,37°10.0′N,136°44.9′E,5 km,2.2,---
2024/01/01,21:00:09.2,能登半島沖,37°06.9′N,136°39.7′E,5 km,3.0,---
2024/01/01,21:00:23.5,石川県能登地方,37°10.2′N,136°42.1′E,1 km,2.6,---
2024/01/01,21:00:30.2,石川県能登地方,37°10.2′N,136°49.1′E,11 km,2.8,---
2024/01/01,21:00:44.8,石川県能登地方,37°10.8′N,136°45.5′E,2 km,3.1,---
2024/01/01,21:01:06.7,石川県能登地方,37°12.6′N,136°50.9′E,9 km,3.0,---
2024/01/01,21:01:14.5,石川県能登地方,37°20.3′N,136°46.2′E,9 km,3.1,---
2024/01/01,21:01:33.3,石川県能登地方,37°21.5′N,136°51.8′E,8 km,2.8,---
2024/01/01,21:01:53.1,新潟県上中越沖,37°40.4′N,137°39.9′E,0 km,3.2,---
2024/01/01,21:02:32.4,能登半島沖,37°32.6′N,137°23.9′E,11 km,2.8,---
2024/01/01,21:02:35.8,日向灘,32°14.4′N,132°11.6′E,15 km,1.5,---
2024/01/01,21:03:06.0,石川県能登地方,37°16.8′N,136°47.9′E,10 km,2.7,---
2024/01/01,21:03:10.3,新潟県上中越沖,37°39.5′N,137°37.5′E,18 km,2.3,---
2024/01/01,21:03:53.5,能登半島沖,37°31.8′N,137°09.1′E,0 km,2.7,---
2024/01/01,21:03:59.1,石川県能登地方,37°16.1′N,136°48.1′E,9 km,3.0,---
2024/01/01,21:04:14.3,石川県能登地方,37°23.3′N,136°53.9′E,1 km,3.1,---
2024/01/01,21:04:26.4,千葉県東方沖,35°12.0′N,141°10.4′E,6 km,1.5,---
2024/01/01,21:04:51.8,石川県能登地方,37°19.4′N,136°58.6′E,12 km,2.9,---
2024/01/01,21:05:37.8,石川県能登地方,37°18.9′N,136°53.7′E,12 km,3.1,---
2024/01/01,21:06:34.1,石川県能登地方,37°13.8′N,136°51.0′E,10 km,2.2,---
2024/01/01,21:06:39.5,伊豆大島近海,34°42.6′N,139°17.5′E,9 km,0.7,---
2024/01/01,21:06:56.5,石川県能登地方,37°27.4′N,137°17.3′E,13 km,2.7,---
2024/01/01,21:07:15.0,石川県能登地方,37°25.3′N,137°09.6′E,12 km,2.2,---
2024/01/01,21:07:39.7,新潟県上中越沖,37°37.7′N,137°30.6′E,11 km,3.1,---
2024/01/01,21:07:53.0,伊豆大島近海,34°40.0′N,139°18.5′E,14 km,1.1,---
2024/01/01,21:08:00.0,佐渡付近,37°42.4′N,137°37.3′E,32 km,2.9,---
2024/01/01,21:08:29.6,佐渡付近,37°45.9′N,137°37.1′E,18 km,2.5,---
2024/01/01,21:09:16.9,石川県能登地方,37°13.9′N,136°47.2′E,9 km,3.0,---
2024/01/01,21:09:33.7,佐渡付近,37°42.9′N,137°38.4′E,0 km,3.3,---
2024/01/01,21:09:37.5,石川県能登地方,37°10.0′N,136°42.1′E,6 km,2.4,---
2024/01/01,21:10:19.1,石川県能登地方,37°14.6′N,136°47.5′E,4 km,1.9,---
2024/01/01,21:10:34.1,佐渡付近,37°45.4′N,137°40.4′E,20 km,2.5,---
2024/01/01,21:11:04.4,石川県能登地方,37°14.2′N,136°51.0′E,13 km,2.8,---
2024/01/01,21:11:21.9,石川県能登地方,37°10.8′N,136°52.0′E,11 km,2.2,---
2024/01/01,21:11:43.3,石川県能登地方,37°13.6′N,136°45.4′E,3 km,2.1,---
2024/01/01,21:12:16.5,石川県能登地方,37°10.3′N,136°48.8′E,11 km,3.2,---
2024/01/01,21:12:40.2,佐渡付近,37°42.1′N,137°31.6′E,0 km,3.4,---
2024/01/01,21:12:51.4,能登半島沖,37°35.8′N,137°22.8′E,13 km,3.3,---
2024/01/01,21:13:26.2,与那国島近海,23°43.8′N,123°19.0′E,25 km,不明,---
2024/01/01,21:13:30.6,石川県能登地方,37°23.8′N,137°03.8′E,10 km,4.0,---
2024/01/01,21:13:31.5,福井県嶺北,36°04.6′N,136°16.3′E,6 km,1.3,---
2024/01/01,21:14:42.4,石川県能登地方,37°10.7′N,136°42.6′E,5 km,2.7,---
2024/01/01,21:15:01.0,能登半島沖,37°44.2′N,137°23.8′E,11 km,3.1,---
2024/01/01,21:15:07.3,石川県能登地方,37°09.7′N,136°45.7′E,9 km,2.3,---
2024/01/01,21:15:22.9,奄美大島近海,27°58.4′N,129°08.1′E,47 km,1.9,---
2024/01/01,21:15:35.4,石川県能登地方,37°12.5′N,136°53.1′E,10 km,2.4,---
2024/01/01,21:15:46.4,石川県能登地方,37°21.5′N,137°01.0′E,9 km,2.7,---
2024/01/01,21:15:54.7,秋田県内陸北部,39°53.8′N,140°22.3′E,4 km,1.2,---
2024/01/01,21:16:02.7,石川県能登地方,37°23.2′N,136°54.7′E,11 km,2.5,---
2024/01/01,21:16:20.9,能登半島沖,37°10.7′N,136°37.4′E,1 km,2.7,---
2024/01/01,21:17:01.1,石川県能登地方,37°09.2′N,136°42.3′E,5 km,2.3,---
2024/01/01,21:17:10.4,石川県能登地方,37°19.8′N,136°47.1′E,9 km,4.1,---
2024/01/01,21:17:29.6,福島県沖,37°23.0′N,141°53.9′E,35 km,0.7,---
2024/01/01,21:17:42.7,能登半島沖,37°17.6′N,136°42.2′E,9 km,2.8,---
2024/01/01,21:17:54.9,石川県能登地方,37°26.6′N,137°09.7′E,13 km,2.5,---
2024/01/01,21:17:58.9,石川県能登地方,37°13.9′N,136°43.5′E,10 km,2.5,---
2024/01/01,21:18:12.8,能登半島沖,37°30.6′N,137°23.9′E,12 km,3.0,---
2024/01/01,21:18:56.7,能登半島沖,37°44.7′N,137°29.5′E,19 km,2.7,---
2024/01/01,21:19:28.7,能登半島沖,37°13.2′N,136°38.5′E,6 km,3.2,---
2024/01/01,21:19:44.9,石川県能登地方,37°18.9′N,136°44.7′E,9 km,3.4,---
2024/01/01,21:20:00.6,石川県能登地方,37°12.2′N,136°45.0′E,0 km,3.0,---
2024/01/01,21:20:45.7,石川県能登地方,37°28.3′N,137°13.3′E,11 km,4.5,---
2024/01/01,21:22:09.1,能登半島沖,37°32.1′N,137°16.9′E,4 km,3.3,---
2024/01/01,21:22:11.7,石川県能登地方,37°10.7′N,136°46.5′E,7 km,2.2,---
2024/01/01,21:22:16.9,佐渡付近,37°49.1′N,137°43.0′E,16 km,3.8,---
2024/01/01,21:22:28.0,石川県能登地方,37°20.7′N,136°53.7′E,7 km,2.9,---
2024/01/01,21:23:06.8,佐渡付近,37°43.3′N,137°38.6′E,16 km,2.3,---
2024/01/01,21:23:21.2,佐渡付近,37°42.9′N,137°38.2′E,16 km,3.0,---
2024/01/01,21:23:23.0,石川県能登地方,37°13.0′N,136°51.2′E,11 km,2.8,---
2024/01/01,21:23:42.7,石川県能登地方,37°26.4′N,137°03.9′E,8 km,3.8,---
2024/01/01,21:24:47.9,石川県能登地方,37°12.7′N,136°45.4′E,2 km,1.9,---
2024/01/01,21:25:12.9,能登半島沖,37°14.6′N,136°42.9′E,6 km,2.7,---
2024/01/01,21:25:35.3,能登半島沖,37°36.0′N,137°27.8′E,11 km,3.1,---
2024/01/01,21:25:57.9,石川県能登地方,37°18.8′N,136°51.4′E,12 km,2.5,---
2024/01/01,21:26:23.3,石川県能登地方,37°26.9′N,137°08.7′E,15 km,2.4,---
2024/01/01,21:26:33.5,佐渡付近,37°51.3′N,137°46.2′E,21 km,2.6,---
2024/01/01,21:26:37.2,能登半島沖,37°34.5′N,137°14.1′E,2 km,3.1,---
2024/01/01,21:26:41.1,佐渡付近,37°53.7′N,137°41.9′E,12 km,2.9,---
2024/01/01,21:26:47.7,石川県能登地方,37°21.8′N,136°55.5′E,7 km,2.3,---
2024/01/01,21:27:14.7,石川県能登地方,37°13.4′N,136°50.8′E,17 km,3.1,---
2024/01/01,21:27:33.9,瀬戸内海中部,34°04.4′N,133°25.9′E,14 km,1.2,---
2024/01/01,21:27:41.4,石川県能登地方,37°12.4′N,136°51.2′E,8 km,2.5,---
2024/01/01,21:27:42.0,能登半島沖,37°31.1′N,137°09.9′E,10 km,2.3,---
2024/01/01,21:27:44.5,岩手県内陸南部,38°57.7′N,140°51.9′E,9 km,0.3,---
2024/01/01,21:27:49.5,石川県能登地方,37°27.4′N,137°06.5′E,11 km,3.0,---
2024/01/01,21:28:29.4,石川県能登地方,37°13.7′N,136°46.8′E,11 km,2.2,---
2024/01/01,21:29:07.1,佐渡付近,37°51.2′N,138°03.0′E,14 km,2.7,---
2024/01/01,21:29:14.8,石川県能登地方,37°21.5′N,136°50.5′E,9 km,3.2,---
2024/01/01,21:29:29.7,石川県西方沖,37°04.7′N,136°37.2′E,10 km,3.0,---
2024/01/01,21:30:06.1,石川県能登地方,37°20.9′N,136°53.7′E,0 km,2.7,---
2024/01/01,21:30:44.0,石川県能登地方,37°18.4′N,136°47.0′E,13 km,2.2,---
2024/01/01,21:31:02.7,能登半島沖,37°31.8′N,137°23.8′E,14 km,2.1,---
2024/01/01,21:31:06.8,能登半島沖,37°29.7′N,137°21.2′E,11 km,2.8,---
2024/01/01,21:31:14.7,福島県沖,37°49.9′N,141°36.4′E,49 km,1.2,---
2024/01/01,21:31:32.8,石川県能登地方,37°28.7′N,137°16.3′E,12 km,3.1,---
2024/01/01,21:31:36.8,石川県能登地方,37°20.0′N,136°59.5′E,12 km,3.1,---
2024/01/01,21:31:51.6,石川県能登地方,37°16.8′N,136°49.7′E,11 km,3.3,---
2024/01/01,21:32:06.2,佐渡付近,37°48.8′N,137°46.5′E,29 km,2.7,---
2024/01/01,21:32:08.2,茨城県南部,36°04.2′N,139°49.9′E,55 km,1.5,---
2024/01/01,21:32:41.2,石川県能登地方,37°28.4′N,137°10.9′E,13 km,2.7,---
2024/01/01,21:32:56.3,福島県沖,37°47.3′N,141°36.2′E,55 km,1.2,---
2024/01/01,21:33:09.9,能登半島沖,37°42.6′N,137°27.6′E,6 km,3.3,---
2024/01/01,21:34:12.0,石川県能登地方,37°23.2′N,137°07.0′E,11 km,2.6,---
2024/01/01,21:34:29.8,石川県能登地方,37°13.1′N,136°48.2′E,2 km,2.3,---
2024/01/01,21:34:33.5,石川県能登地方,37°18.5′N,136°47.8′E,10 km,3.0,---
2024/01/01,21:34:49.8,能登半島沖,37°32.1′N,137°16.2′E,8 km,2.6,---
2024/01/01,21:34:57.7,石川県能登地方,37°13.2′N,136°55.4′E,3 km,不明,---
2024/01/01,21:35:12.5,石川県能登地方,37°20.3′N,136°52.8′E,10 km,3.3,---
2024/01/01,21:35:32.7,佐渡付近,37°51.0′N,137°43.1′E,11 km,2.8,---
2024/01/01,21:36:02.7,佐渡付近,37°51.6′N,137°40.9′E,24 km,3.0,---
2024/01/01,21:36:14.9,石川県能登地方,37°16.1′N,136°46.7′E,9 km,2.7,---
2024/01/01,21:36:25.2,佐渡付近,37°54.3′N,137°43.0′E,22 km,3.1,---
2024/01/01,21:36:30.0,石川県能登地方,37°20.3′N,136°57.9′E,11 km,3.6,---
2024/01/01,21:36:58.4,石川県能登地方,37°27.9′N,137°06.9′E,11 km,3.0,---
2024/01/01,21:37:04.1,石川県能登地方,37°29.1′N,137°09.2′E,9 km,3.0,---
2024/01/01,21:37:28.6,石川県能登地方,37°22.5′N,136°51.6′E,7 km,2.5,---
2024/01/01,21:38:08.8,石川県能登地方,37°11.5′N,136°42.7′E,1 km,2.5,---
2024/01/01,21:38:29.6,和歌山県北部,33°59.2′N,135°16.1′E,10 km,0.5,---
2024/01/01,21:38:50.9,石川県能登地方,37°27.3′N,137°17.0′E,13 km,3.1,---
2024/01/01,21:38:51.3,石川県能登地方,37°10.5′N,136°43.1′E,3 km,不明,---
2024/01/01,21:39:51.3,石川県能登地方,37°24.6′N,137°02.4′E,6 km,2.5,---
2024/01/01,21:40:00.5,能登半島沖,37°32.0′N,137°09.5′E,7 km,2.2,---
2024/01/01,21:40:19.2,佐渡付近,37°43.0′N,137°36.6′E,13 km,3.7,---
2024/01/01,21:40:26.3,石川県能登地方,37°29.4′N,137°17.5′E,13 km,2.8,---
2024/01/01,21:40:56.8,石川県能登地方,37°22.0′N,136°56.3′E,10 km,3.4,---
2024/01/01,21:41:02.1,茨城県沖,36°29.9′N,141°16.7′E,31 km,1.3,---
2024/01/01,21:41:04.4,能登半島沖,37°07.5′N,136°40.6′E,4 km,3.9,---
2024/01/01,21:41:34.9,能登半島沖,37°34.2′N,137°24.1′E,0 km,2.6,---
2024/01/01,21:41:58.4,石川県能登地方,37°27.3′N,137°15.6′E,13 km,2.3,---
2024/01/01,21:42:12.0,能登半島沖,37°07.6′N,136°40.5′E,5 km,3.0,---
2024/01/01,21:42:36.7,石川県能登地方,37°18.8′N,136°44.6′E,5 km,3.3,---
2024/01/01,21:43:14.2,新潟県上中越沖,37°39.5′N,137°35.5′E,0 km,3.2,---
2024/01/01,21:43:30.7,能登半島沖,37°31.2′N,137°24.4′E,10 km,2.9,---
2024/01/01,21:43:54.3,石川県能登地方,37°27.0′N,137°10.1′E,12 km,2.6,---
2024/01/01,21:44:11.7,能登半島沖,37°35.8′N,137°18.3′E,0 km,2.6,---
2024/01/01,21:44:12.3,佐渡付近,37°48.3′N,137°41.9′E,19 km,2.8,---
2024/01/01,21:44:45.4,福島県沖,37°14.4′N,142°11.1′E,20 km,1.4,---
2024/01/01,21:45:04.5,石川県能登地方,37°31.0′N,137°15.1′E,10 km,2.6,---
2024/01/01,21:45:09.8,石川県能登地方,37°15.1′N,136°48.5′E,11 km,2.6,---
2024/01/01,21:45:34.6,石川県能登地方,37°27.8′N,137°10.2′E,11 km,3.0,---
2024/01/01,21:46:29.8,佐渡付近,37°49.9′N,137°38.8′E,20 km,2.3,---
2024/01/01,21:46:46.2,佐渡付近,37°42.9′N,137°32.3′E,17 km,2.8,---
2024/01/01,21:47:03.0,福島県中通り,36°53.1′N,140°33.7′E,10 km,0.3,---
2024/01/01,21:47:08.5,岩手県沖,39°03.3′N,142°17.0′E,75 km,1.1,---
2024/01/01,21:47:11.5,佐渡付近,37°42.7′N,137°38.9′E,16 km,2.6,---
2024/01/01,21:48:31.9,新潟県上中越沖,37°41.1′N,137°34.4′E,13 km,4.3,---
2024/01/01,21:49:45.4,沖縄本島近海,26°56.6′N,128°29.6′E,30 km,1.0,---
2024/01/01,21:50:00.0,石川県能登地方,37°19.0′N,136°55.1′E,11 km,3.3,---
2024/01/01,21:50:41.4,石川県能登地方,37°29.1′N,137°13.1′E,11 km,2.4,---
2024/01/01,21:50:55.3,佐渡付近,37°47.2′N,137°41.4′E,20 km,2.7,---
2024/01/01,21:51:44.0,佐渡付近,37°44.8′N,137°36.4′E,18 km,3.3,---
2024/01/01,21:53:05.1,能登半島沖,37°07.3′N,136°36.8′E,3 km,3.4,---
2024/01/01,21:53:44.4,能登半島沖,37°31.3′N,137°21.1′E,8 km,2.5,---
2024/01/01,21:54:12.6,能登半島沖,37°35.7′N,137°26.1′E,7 km,3.0,---
2024/01/01,21:54:14.1,石川県能登地方,37°09.4′N,136°42.7′E,5 km,3.4,---
2024/01/01,21:54:28.4,能登半島沖,37°06.8′N,136°38.0′E,2 km,4.2,---
2024/01/01,21:55:08.1,石川県能登地方,37°21.3′N,136°56.8′E,8 km,2.8,---
2024/01/01,21:55:20.4,石川県能登地方,37°27.6′N,137°06.8′E,10 km,3.1,---
2024/01/01,21:56:19.6,石川県能登地方,37°26.3′N,137°06.4′E,9 km,3.1,---
2024/01/01,21:56:46.9,石川県能登地方,37°24.5′N,136°59.1′E,2 km,2.4,---
2024/01/01,21:56:52.8,富山県東部,36°32.4′N,137°34.6′E,1 km,1.5,---
2024/01/01,21:56:55.9,能登半島沖,37°13.5′N,136°37.8′E,11 km,2.4,---
2024/01/01,21:57:21.8,石川県能登地方,37°22.5′N,137°03.0′E,10 km,2.3,---
2024/01/01,21:57:41.7,石川県能登地方,37°16.9′N,136°49.4′E,7 km,2.4,---
2024/01/01,21:57:48.8,能登半島沖,37°13.3′N,136°39.7′E,5 km,3.3,---
2024/01/01,21:57:53.8,能登半島沖,37°34.2′N,137°13.9′E,6 km,3.1,---
2024/01/01,21:58:08.3,能登半島沖,37°08.8′N,136°41.7′E,3 km,2.3,---
2024/01/01,21:59:20.8,石川県能登地方,37°27.3′N,137°12.5′E,13 km,2.5,---
2024/01/01,22:00:21.0,能登半島沖,37°32.5′N,137°15.2′E,10 km,2.8,---
2024/01/01,22:00:48.8,石川県能登地方,37°23.3′N,137°08.3′E,13 km,2.5,---
2024/01/01,22:02:05.1,石川県能登地方,37°22.9′N,136°59.8′E,13 km,3.5,---
2024/01/01,22:02:19.8,能登半島沖,37°29.4′N,137°23.3′E,12 km,3.3,---
2024/01/01,22:02:34.6,石川県能登地方,37°28.0′N,137°16.2′E,12 km,3.5,---
2024/01/01,22:02:54.2,石川県能登地方,37°28.8′N,137°13.7′E,11 km,3.2,---
2024/01/01,22:03:00.3,石川県能登地方,37°19.4′N,136°56.2′E,13 km,4.2,---
2024/01/01,22:03:24.1,石川県能登地方,37°18.6′N,136°54.6′E,11 km,3.5,---
2024/01/01,22:04:12.6,佐渡付近,37°44.5′N,137°36.1′E,14 km,3.0,---
2024/01/01,22:04:20.5,有明海,32°57.3′N,130°23.7′E,13 km,0.9,---
2024/01/01,22:04:25.8,石川県能登地方,37°27.5′N,137°11.4′E,13 km,3.4,---
2024/01/01,22:04:29.9,石川県能登地方,37°09.6′N,136°44.9′E,4 km,3.0,---
2024/01/01,22:05:11.0,能登半島沖,37°31.8′N,137°13.0′E,10 km,2.3,---
2024/01/01,22:05:16.0,石川県能登地方,37°28.4′N,137°14.5′E,12 km,2.9,---
2024/01/01,22:05:27.6,福島県沖,37°41.3′N,142°24.1′E,19 km,1.2,---
2024/01/01,22:05:37.1,石川県能登地方,37°25.1′N,137°04.8′E,9 km,2.6,---
2024/01/01,22:06:08.2,石川県能登地方,37°22.4′N,136°50.3′E,8 km,3.4,---
2024/01/01,22:06:49.7,石川県能登地方,37°24.7′N,137°09.5′E,16 km,2.6,---
2024/01/01,22:07:57.5,能登半島沖,37°07.3′N,136°36.9′E,4 km,3.0,---
2024/01/01,22:08:00.7,宮城県沖,38°47.9′N,141°36.7′E,14 km,0.6,---
2024/01/01,22:08:46.3,石川県能登地方,37°12.7′N,136°46.0′E,0 km,3.6,---
2024/01/01,22:09:23.5,和歌山県北部,33°58.9′N,135°15.5′E,11 km,0.4,---
2024/01/01,22:09:43.3,石川県能登地方,37°03.6′N,136°44.5′E,5 km,2.4,---
2024/01/01,22:10:16.2,石川県能登地方,37°10.3′N,136°42.3′E,8 km,3.1,---
2024/01/01,22:10:57.6,石川県能登地方,37°23.8′N,137°03.7′E,9 km,4.4,---
2024/01/01,22:11:44.4,能登半島沖,37°08.1′N,136°42.9′E,2 km,3.1,---
2024/01/01,22:11:59.0,福島県沖,37°17.7′N,141°54.1′E,31 km,1.2,---
2024/01/01,22:12:01.7,石川県能登地方,37°27.5′N,137°15.8′E,13 km,3.2,---
2024/01/01,22:12:26.8,石川県能登地方,37°16.2′N,136°47.6′E,8 km,2.2,---
2024/01/01,22:13:08.4,能登半島沖,37°07.7′N,136°37.8′E,8 km,2.4,---
2024/01/01,22:13:16.3,石川県能登地方,37°27.4′N,137°15.6′E,14 km,2.0,---
2024/01/01,22:13:33.1,能登半島沖,37°32.3′N,137°16.5′E,5 km,2.8,---
2024/01/01,22:13:38.6,石川県能登地方,37°19.2′N,136°54.7′E,11 km,2.8,---
2024/01/01,22:14:09.4,石川県能登地方,37°26.6′N,137°10.4′E,13 km,3.6,---
2024/01/01,22:14:29.5,福島県沖,37°53.1′N,141°34.2′E,46 km,0.9,---
2024/01/01,22:14:50.7,沖縄本島近海,26°56.7′N,128°29.1′E,29 km,0.3,---
2024/01/01,22:15:29.4,能登半島沖,37°12.1′N,136°41.8′E,6 km,2.1,---
2024/01/01,22:16:01.8,石川県能登地方,37°22.8′N,136°56.5′E,9 km,2.6,---
2024/01/01,22:16:14.4,能登半島沖,37°29.7′N,137°25.6′E,12 km,2.9,---
2024/01/01,22:16:24.6,石川県能登地方,37°27.5′N,137°12.0′E,13 km,2.6,---
2024/01/01,22:16:38.7,石川県能登地方,37°29.5′N,137°14.6′E,11 km,2.6,---
2024/01/01,22:16:53.7,佐渡付近,37°55.4′N,137°43.0′E,23 km,2.3,---
2024/01/01,22:17:12.9,石川県能登地方,37°11.3′N,136°43.9′E,5 km,2.0,---
2024/01/01,22:17:46.8,佐渡付近,37°53.3′N,137°42.5′E,16 km,3.4,---
2024/01/01,22:17:51.1,能登半島沖,37°33.1′N,137°14.7′E,5 km,1.9,---
2024/01/01,22:17:52.5,佐渡付近,37°52.9′N,137°43.7′E,15 km,3.4,---
2024/01/01,22:17:56.7,石川県能登地方,37°22.3′N,137°00.2′E,7 km,3.6,---
2024/01/01,22:18:35.9,佐渡付近,37°45.6′N,137°37.0′E,2 km,3.4,---
2024/01/01,22:18:52.0,石川県能登地方,37°12.5′N,136°47.4′E,9 km,3.0,---
2024/01/01,22:19:26.2,石川県能登地方,37°19.5′N,136°48.5′E,9 km,2.7,---
2024/01/01,22:19:28.4,佐渡付近,37°48.1′N,137°30.4′E,15 km,2.5,---
2024/01/01,22:19:30.7,佐渡付近,37°42.0′N,137°39.2′E,26 km,2.8,---
2024/01/01,22:19:52.1,能登半島沖,37°33.3′N,137°23.1′E,12 km,2.7,---
2024/01/01,22:20:08.8,石川県能登地方,37°17.9′N,136°48.2′E,10 km,3.3,---
2024/01/01,22:20:09.7,能登半島沖,37°34.3′N,137°24.2′E,3 km,2.2,---
2024/01/01,22:20:44.3,石川県能登地方,37°09.3′N,136°43.5′E,4 km,2.6,---
2024/01/01,22:20:54.2,能登半島沖,37°37.2′N,137°28.1′E,13 km,3.7,---
2024/01/01,22:21:12.2,三河湾,34°45.0′N,137°07.5′E,9 km,1.4,---
2024/01/01,22:22:31.0,石川県西方沖,37°05.4′N,136°34.7′E,7 km,2.5,---
2024/01/01,22:22:38.1,釧路地方中南部,43°03.8′N,144°03.5′E,89 km,1.4,---
2024/01/01,22:22:41.1,能登半島沖,37°38.1′N,137°28.7′E,13 km,3.7,---
2024/01/01,22:23:01.9,石川県能登地方,37°29.5′N,137°14.5′E,13 km,3.0,---
2024/01/01,22:23:39.8,能登半島沖,37°07.5′N,136°40.8′E,9 km,2.2,---
2024/01/01,22:24:01.0,宮崎県南部山沿い,31°55.8′N,131°01.9′E,9 km,-0.2,---
2024/01/01,22:24:20.0,石川県能登地方,37°27.7′N,137°06.8′E,12 km,2.8,---
2024/01/01,22:24:34.5,新潟県上中越沖,37°38.4′N,137°37.0′E,15 km,3.7,---
2024/01/01,22:25:13.1,石川県能登地方,37°09.2′N,136°47.3′E,11 km,2.1,---
2024/01/01,22:25:29.3,石川県能登地方,37°09.1′N,136°41.2′E,13 km,1.9,---
2024/01/01,22:25:45.2,能登半島沖,37°34.5′N,137°25.1′E,12 km,2.4,---
2024/01/01,22:26:26.7,石川県能登地方,37°20.2′N,136°45.3′E,5 km,2.6,---
2024/01/01,22:26:47.1,石川県能登地方,37°21.9′N,136°59.2′E,6 km,2.5,---
2024/01/01,22:26:49.3,佐渡付近,37°54.4′N,137°45.7′E,21 km,2.8,---
2024/01/01,22:27:07.3,石川県能登地方,37°17.8′N,136°49.8′E,13 km,3.4,---
2024/01/01,22:27:10.0,能登半島沖,37°30.5′N,137°23.1′E,5 km,2.8,---
2024/01/01,22:28:02.5,石川県能登地方,37°18.2′N,136°45.7′E,6 km,2.5,---
2024/01/01,22:28:24.6,能登半島沖,37°07.2′N,136°39.2′E,10 km,3.8,---
2024/01/01,22:29:06.6,石川県能登地方,37°14.8′N,136°49.0′E,11 km,3.4,---
2024/01/01,22:30:07.8,能登半島沖,37°24.3′N,136°48.2′E,9 km,2.6,---
2024/01/01,22:30:28.1,石川県能登地方,37°23.7′N,136°55.4′E,0 km,3.2,---
2024/01/01,22:31:01.1,石川県能登地方,37°28.5′N,137°07.5′E,13 km,2.3,---
2024/01/01,22:31:49.4,佐渡付近,37°51.8′N,137°43.0′E,21 km,2.7,---
2024/01/01,22:31:57.7,佐渡付近,37°52.6′N,137°47.6′E,17 km,3.1,---
2024/01/01,22:32:52.7,石川県能登地方,37°22.3′N,137°00.5′E,11 km,3.0,---
2024/01/01,22:33:25.0,能登半島沖,37°33.6′N,137°26.9′E,12 km,2.8,---
2024/01/01,22:33:42.4,石川県能登地方,37°13.4′N,136°51.7′E,13 km,2.7,---
2024/01/01,22:34:36.4,石川県能登地方,37°12.2′N,136°42.7′E,3 km,3.1,---
2024/01/01,22:35:16.9,茨城県沖,36°20.6′N,141°30.1′E,28 km,2.2,---
2024/01/01,22:35:26.8,石川県能登地方,37°21.3′N,136°46.2′E,6 km,2.5,---
2024/01/01,22:36:01.1,八丈島東方沖,33°31.5′N,140°44.4′E,45 km,1.4,---
2024/01/01,22:36:09.8,石川県能登地方,37°31.1′N,137°19.4′E,9 km,3.8,---
2024/01/01,22:36:12.8,石川県能登地方,37°16.3′N,136°52.5′E,11 km,2.8,---
2024/01/01,22:36:58.1,石川県能登地方,37°28.4′N,137°08.5′E,9 km,3.1,---
2024/01/01,22:37:07.5,石川県能登地方,37°29.0′N,137°16.9′E,14 km,3.0,---
2024/01/01,22:37:25.8,能登半島沖,37°09.7′N,136°39.3′E,2 km,2.3,---
2024/01/01,22:37:37.6,石川県能登地方,37°22.3′N,137°07.5′E,14 km,2.9,---
2024/01/01,22:37:51.5,能登半島沖,37°38.5′N,137°27.1′E,0 km,2.8,---
2024/01/01,22:38:19.9,能登半島沖,37°07.9′N,136°40.6′E,11 km,2.7,---
2024/01/01,22:38:43.5,能登半島沖,37°34.7′N,137°23.6′E,16 km,2.6,---
2024/01/01,22:38:51.0,佐渡付近,37°53.3′N,137°38.9′E,13 km,2.4,---
2024/01/01,22:39:25.8,佐渡付近,37°43.3′N,137°32.8′E,17 km,2.5,---
2024/01/01,22:39:47.6,石川県能登地方,37°14.1′N,136°44.4′E,7 km,2.0,---
2024/01/01,22:39:58.8,石川県能登地方,37°10.8′N,136°41.4′E,6 km,2.1,---
2024/01/01,22:40:52.3,富山県東部,36°31.9′N,137°34.4′E,2 km,1.7,---
2024/01/01,22:41:02.3,能登半島沖,37°07.4′N,136°36.7′E,2 km,2.6,---
2024/01/01,22:41:47.7,石川県能登地方,37°13.9′N,136°48.9′E,9 km,2.1,---
2024/01/01,22:41:51.6,能登半島沖,37°32.9′N,137°09.0′E,4 km,2.4,---
2024/01/01,22:43:04.6,富山県東部,36°32.2′N,137°34.9′E,0 km,0.8,---
2024/01/01,22:43:25.7,石川県能登地方,37°11.7′N,136°50.0′E,10 km,2.8,---
2024/01/01,22:43:47.5,新潟県上中越沖,37°36.0′N,137°31.0′E,0 km,2.4,---
2024/01/01,22:44:47.4,石川県能登地方,37°30.2′N,137°21.2′E,10 km,2.9,---
2024/01/01,22:45:01.4,石川県能登地方,37°21.5′N,136°52.5′E,7 km,2.7,---
2024/01/01,22:45:31.1,能登半島沖,37°10.1′N,136°39.1′E,0 km,1.6,---
2024/01/01,22:45:55.1,石川県能登地方,37°13.8′N,136°51.9′E,11 km,1.9,---
2024/01/01,22:46:04.1,佐渡付近,37°53.9′N,137°42.1′E,22 km,3.5,---
2024/01/01,22:46:35.8,相模湾,35°07.2′N,139°12.4′E,6 km,0.8,---
2024/01/01,22:46:48.8,石川県能登地方,37°17.0′N,136°50.3′E,10 km,2.4,---
2024/01/01,22:47:06.9,石川県能登地方,37°10.7′N,136°42.2′E,10 km,2.3,---
2024/01/01,22:47:08.2,石川県能登地方,37°28.5′N,137°16.8′E,12 km,1.9,---
2024/01/01,22:47:35.9,佐渡付近,37°44.9′N,137°42.9′E,17 km,3.1,---
2024/01/01,22:47:37.2,石川県能登地方,37°27.3′N,137°07.2′E,10 km,2.9,---
2024/01/01,22:48:14.4,石川県能登地方,37°14.6′N,136°45.9′E,7 km,2.9,---
2024/01/01,22:48:22.8,石川県能登地方,37°12.9′N,136°42.3′E,4 km,3.7,---
2024/01/01,22:49:06.0,石川県能登地方,37°15.8′N,136°46.3′E,8 km,2.4,---
2024/01/01,22:49:46.5,福島県沖,37°16.8′N,142°16.1′E,19 km,1.7,---
2024/01/01,22:49:53.6,石川県能登地方,37°25.9′N,137°09.3′E,13 km,2.7,---
2024/01/01,22:49:58.5,新潟県上中越沖,37°41.3′N,137°37.8′E,18 km,3.8,---
2024/01/01,22:50:49.3,能登半島沖,37°34.9′N,137°23.3′E,0 km,2.7,---
2024/01/01,22:50:49.5,能登半島沖,37°08.9′N,136°41.2′E,0 km,2.3,---
2024/01/01,22:51:25.3,能登半島沖,37°35.1′N,137°27.3′E,9 km,3.0,---
2024/01/01,22:51:41.0,石川県能登地方,37°13.6′N,136°46.4′E,0 km,2.1,---
2024/01/01,22:52:09.2,福島県沖,37°50.7′N,141°34.8′E,49 km,1.3,---
2024/01/01,22:52:10.7,新潟県上中越沖,37°37.3′N,137°32.9′E,14 km,3.1,---
2024/01/01,22:52:17.9,石川県西方沖,37°05.2′N,136°34.3′E,8 km,2.4,---
2024/01/01,22:52:54.9,石川県能登地方,37°23.5′N,137°03.9′E,10 km,2.5,---
2024/01/01,22:53:23.9,和歌山県北部,33°58.8′N,135°15.9′E,11 km,0.1,---
2024/01/01,22:53:49.0,新潟県上中越沖,37°38.2′N,137°33.2′E,13 km,3.2,---
2024/01/01,22:54:04.4,高知県中部,33°46.0′N,133°36.8′E,7 km,1.1,---
2024/01/01,22:54:30.5,能登半島沖,37°08.1′N,136°38.9′E,10 km,2.5,---
2024/01/01,22:55:00.3,能登半島沖,37°33.0′N,137°07.6′E,2 km,2.1,---
2024/01/01,22:55:07.1,能登半島沖,37°09.2′N,136°39.2′E,7 km,2.4,---
2024/01/01,22:55:20.6,佐渡付近,37°54.3′N,137°43.2′E,19 km,2.4,---
2024/01/01,22:55:24.3,能登半島沖,37°32.9′N,137°26.6′E,10 km,3.0,---
2024/01/01,22:55:29.2,石川県能登地方,37°24.7′N,137°07.4′E,13 km,3.0,---
2024/01/01,22:56:05.9,石川県能登地方,37°12.2′N,136°45.0′E,0 km,3.7,---
2024/01/01,22:56:31.0,石川県能登地方,37°14.0′N,136°50.5′E,13 km,2.8,---
2024/01/01,22:56:54.0,石川県能登地方,37°20.9′N,136°53.7′E,8 km,3.1,---
2024/01/01,22:57:09.8,石川県能登地方,37°27.8′N,137°09.5′E,12 km,2.5,---
2024/01/01,22:57:21.5,能登半島沖,37°29.0′N,137°21.6′E,11 km,2.6,---
2024/01/01,22:57:53.2,石川県能登地方,37°19.4′N,136°45.5′E,6 km,2.5,---
2024/01/01,22:58:10.0,能登半島沖,37°39.8′N,137°28.5′E,6 km,2.6,---
2024/01/01,22:58:39.6,能登半島沖,37°32.9′N,137°16.0′E,11 km,2.4,---
2024/01/01,22:59:05.3,石川県能登地方,37°11.1′N,136°44.3′E,5 km,2.9,---
2024/01/01,22:59:19.2,宗谷地方北部,44°54.2′N,142°07.0′E,10 km,0.5,---
2024/01/01,22:59:36.9,石川県能登地方,37°22.5′N,136°57.4′E,12 km,2.8,---
2024/01/01,22:59:47.2,福島県沖,37°52.0′N,141°39.8′E,51 km,1.5,---
2024/01/01,22:59:48.3,新潟県上中越沖,37°35.9′N,137°38.1′E,16 km,3.2,---
2024/01/01,23:00:08.1,関東東方沖,34°04.1′N,141°38.9′E,25 km,1.6,---
2024/01/01,23:00:29.3,石川県能登地方,37°19.6′N,136°49.9′E,0 km,2.9,---
2024/01/01,23:00:52.7,石川県能登地方,37°18.2′N,136°52.8′E,13 km,3.9,---
2024/01/01,23:01:37.4,能登半島沖,37°08.4′N,136°38.9′E,2 km,3.2,---
2024/01/01,23:01:54.2,石川県能登地方,37°24.2′N,136°59.8′E,3 km,3.6,---
2024/01/01,23:02:19.4,佐渡付近,38°08.1′N,138°12.4′E,16 km,3.2,---
2024/01/01,23:03:15.7,能登半島沖,37°33.4′N,137°18.3′E,5 km,2.1,---
2024/01/01,23:03:26.1,新潟県上中越沖,37°39.0′N,137°36.5′E,9 km,3.7,---
2024/01/01,23:03:48.1,佐渡付近,37°43.4′N,137°36.5′E,18 km,4.4,---
2024/01/01,23:04:36.5,和歌山県北部,33°58.6′N,135°16.0′E,11 km,0.0,---
2024/01/01,23:04:51.0,石川県能登地方,37°18.7′N,136°44.8′E,5 km,3.3,---
2024/01/01,23:05:18.5,石川県能登地方,37°30.5′N,137°13.6′E,10 km,2.8,---
2024/01/01,23:05:39.7,能登半島沖,37°08.3′N,136°40.8′E,8 km,1.9,---
2024/01/01,23:05:56.9,石川県能登地方,37°10.5′N,136°46.1′E,8 km,3.3,---
2024/01/01,23:06:11.0,石川県能登地方,37°23.6′N,137°03.8′E,9 km,3.7,---
2024/01/01,23:06:59.7,石川県能登地方,37°15.5′N,136°46.9′E,0 km,2.6,---
2024/01/01,23:08:09.3,新潟県下越地方,37°46.0′N,139°08.7′E,16 km,1.0,---
2024/01/01,23:08:10.8,石川県能登地方,37°19.1′N,136°55.0′E,12 km,3.7,---
2024/01/01,23:08:35.7,佐渡付近,37°42.3′N,137°41.0′E,0 km,3.4,---
2024/01/01,23:08:42.6,福島県沖,37°52.2′N,141°37.2′E,48 km,1.2,---
2024/01/01,23:09:35.1,石川県能登地方,37°22.9′N,136°48.8′E,2 km,1.9,---
2024/01/01,23:09:50.2,能登半島沖,37°21.2′N,136°45.4′E,12 km,2.2,---
2024/01/01,23:10:23.2,石川県能登地方,37°27.6′N,137°13.0′E,14 km,2.7,---
2024/01/01,23:10:27.8,新潟県上中越沖,37°35.2′N,137°30.5′E,10 km,3.0,---
2024/01/01,23:11:26.5,能登半島沖,37°34.8′N,137°26.0′E,0 km,1.9,---
2024/01/01,23:11:31.8,佐渡付近,37°44.1′N,137°39.4′E,16 km,2.1,---
2024/01/01,23:12:30.2,石川県能登地方,37°21.9′N,136°53.6′E,0 km,2.5,---
2024/01/01,23:12:46.4,能登半島沖,37°33.2′N,137°10.7′E,8 km,2.5,---
2024/01/01,23:12:59.1,能登半島沖,37°33.0′N,137°13.1′E,0 km,3.2,---
2024/01/01,23:13:11.8,石川県能登地方,37°13.0′N,136°50.8′E,11 km,3.5,---
2024/01/01,23:13:57.6,和歌山県北部,34°05.4′N,135°24.4′E,5 km,0.0,---
2024/01/01,23:14:09.3,石川県能登地方,37°22.0′N,136°55.9′E,0 km,2.5,---
2024/01/01,23:14:47.4,能登半島沖,37°32.9′N,137°23.8′E,10 km,3.1,---
2024/01/01,23:14:49.0,岩手県沖,39°33.0′N,142°39.0′E,42 km,2.1,---
2024/01/01,23:15:31.0,能登半島沖,37°27.8′N,137°01.9′E,9 km,1.9,---
2024/01/01,23:15:48.6,石川県能登地方,37°17.5′N,136°50.2′E,14 km,3.5,---
2024/01/01,23:16:52.1,茨城県沖,36°40.3′N,141°43.4′E,8 km,1.4,---
2024/01/01,23:16:53.2,石川県能登地方,37°29.6′N,137°14.0′E,10 km,2.5,---
2024/01/01,23:16:56.4,能登半島沖,37°38.3′N,137°24.7′E,13 km,2.8,---
2024/01/01,23:17:20.7,石川県能登地方,37°26.7′N,137°09.1′E,12 km,2.5,---
2024/01/01,23:18:04.7,佐渡付近,37°51.7′N,137°46.0′E,22 km,2.4,---
2024/01/01,23:18:39.8,福島県沖,37°50.2′N,141°37.1′E,49 km,1.6,---
2024/01/01,23:18:57.6,石川県能登地方,37°30.1′N,137°12.5′E,11 km,3.3,---
2024/01/01,23:19:12.9,茨城県沖,36°46.0′N,141°01.8′E,82 km,1.5,---
2024/01/01,23:19:13.1,石川県能登地方,37°23.2′N,137°03.3′E,11 km,3.7,---
2024/01/01,23:19:28.6,能登半島沖,37°32.2′N,137°19.7′E,8 km,4.2,---
2024/01/01,23:20:12.1,関東東方沖,35°14.9′N,142°55.2′E,24 km,1.6,---
2024/01/01,23:21:17.8,能登半島沖,37°08.4′N,136°38.3′E,5 km,3.2,---
2024/01/01,23:21:21.6,能登半島沖,37°29.9′N,137°22.3′E,12 km,2.5,---
2024/01/01,23:21:49.2,石川県能登地方,37°11.7′N,136°45.9′E,8 km,2.3,---
2024/01/01,23:22:07.0,奄美大島近海,28°46.8′N,129°58.4′E,36 km,2.7,---
2024/01/01,23:22:27.2,石川県能登地方,37°11.6′N,136°45.0′E,7 km,2.6,---
2024/01/01,23:22:50.7,新潟県上中越沖,37°38.3′N,137°30.8′E,13 km,3.2,---
2024/01/01,23:23:19.4,石川県能登地方,37°12.2′N,136°48.2′E,9 km,2.8,---
2024/01/01,23:23:23.0,石川県能登地方,37°11.2′N,136°44.7′E,0 km,2.8,---
2024/01/01,23:23:46.5,石川県能登地方,37°21.7′N,136°48.0′E,9 km,2.2,---
2024/01/01,23:24:03.0,石川県能登地方,37°25.5′N,137°03.1′E,4 km,2.1,---
2024/01/01,23:24:21.7,石川県能登地方,37°13.0′N,136°42.8′E,4 km,3.2,---
2024/01/01,23:24:23.7,福島県沖,37°20.5′N,142°00.4′E,30 km,1.0,---
2024/01/01,23:25:48.2,石川県能登地方,37°14.8′N,136°51.3′E,12 km,1.8,---
2024/01/01,23:26:03.7,能登半島沖,37°32.9′N,137°07.0′E,0 km,2.5,---
2024/01/01,23:26:08.8,能登半島沖,37°07.6′N,136°43.0′E,6 km,2.0,---
2024/01/01,23:26:39.4,石川県能登地方,37°29.7′N,137°13.0′E,8 km,2.5,---
2024/01/01,23:26:58.9,石川県能登地方,37°28.7′N,137°07.9′E,11 km,2.1,---
2024/01/01,23:27:30.7,能登半島沖,37°32.6′N,137°21.2′E,11 km,2.5,---
2024/01/01,23:28:11.3,石川県能登地方,37°19.9′N,136°58.8′E,8 km,2.4,---
2024/01/01,23:28:20.2,佐渡付近,37°54.9′N,137°42.2′E,23 km,2.5,---
2024/01/01,23:28:48.6,石川県能登地方,37°22.8′N,136°58.5′E,8 km,3.0,---
2024/01/01,23:29:22.8,佐渡付近,37°47.7′N,137°41.7′E,19 km,3.2,---
2024/01/01,23:29:49.9,能登半島沖,37°32.8′N,137°08.9′E,5 km,2.5,---
2024/01/01,23:30:18.2,石川県能登地方,37°12.0′N,136°44.2′E,4 km,2.2,---
2024/01/01,23:30:19.7,石川県能登地方,37°30.8′N,137°18.4′E,9 km,2.6,---
2024/01/01,23:30:36.0,石川県能登地方,37°11.9′N,136°41.4′E,6 km,4.3,---
2024/01/01,23:31:21.2,石川県能登地方,37°12.1′N,136°42.0′E,7 km,3.6,---
2024/01/01,23:31:51.1,福島県沖,37°14.5′N,142°16.2′E,17 km,2.0,---
2024/01/01,23:32:09.0,石川県能登地方,37°28.7′N,137°18.6′E,11 km,3.0,---
2024/01/01,23:32:26.3,佐渡付近,37°52.7′N,137°47.1′E,19 km,3.3,---
2024/01/01,23:32:59.4,石川県能登地方,37°24.3′N,136°57.7′E,4 km,2.6,---
2024/01/01,23:33:41.7,石川県能登地方,37°18.6′N,136°52.3′E,11 km,2.5,---
2024/01/01,23:33:45.4,石川県能登地方,37°31.2′N,137°19.7′E,8 km,2.5,---
2024/01/01,23:33:59.7,石川県能登地方,37°21.4′N,137°01.1′E,9 km,2.6,---
2024/01/01,23:34:14.2,佐渡付近,37°54.3′N,137°44.2′E,23 km,3.0,---
2024/01/01,23:34:38.6,宮城県沖,38°17.7′N,142°05.4′E,30 km,1.0,---
2024/01/01,23:35:03.7,能登半島沖,37°30.3′N,137°23.4′E,11 km,2.9,---
2024/01/01,23:35:13.9,能登半島沖,37°32.0′N,137°12.5′E,0 km,3.2,---
2024/01/01,23:35:47.0,石川県能登地方,37°10.7′N,136°49.0′E,10 km,2.9,---
2024/01/01,23:35:58.7,能登半島沖,37°08.9′N,136°43.0′E,2 km,2.1,---
2024/01/01,23:36:09.8,石川県能登地方,37°22.1′N,136°53.1′E,11 km,3.3,---
2024/01/01,23:36:33.9,石川県能登地方,37°18.3′N,136°49.8′E,10 km,2.7,---
2024/01/01,23:37:03.9,石川県能登地方,37°20.3′N,136°54.2′E,11 km,2.0,---
2024/01/01,23:37:16.4,石川県能登地方,37°29.3′N,137°14.5′E,11 km,2.4,---
2024/01/01,23:37:35.1,石川県能登地方,37°20.0′N,136°48.0′E,9 km,2.5,---
2024/01/01,23:38:08.1,石川県能登地方,37°28.6′N,137°09.1′E,13 km,2.4,---
2024/01/01,23:38:27.1,三陸沖,39°04.5′N,144°29.2′E,25 km,1.8,---
2024/01/01,23:38:39.9,石川県能登地方,37°12.6′N,136°44.8′E,7 km,2.3,---
2024/01/01,23:39:03.2,能登半島沖,37°06.7′N,136°38.2′E,2 km,2.8,---
2024/01/01,23:39:04.1,能登半島沖,37°33.3′N,137°18.0′E,8 km,1.9,---
2024/01/01,23:39:58.1,千葉県東方沖,35°12.0′N,141°09.1′E,9 km,1.8,---
2024/01/01,23:40:00.7,石川県能登地方,37°20.3′N,136°45.3′E,7 km,2.5,---
2024/01/01,23:40:06.6,胆振地方中東部,42°36.8′N,141°52.4′E,134 km,2.4,---
2024/01/01,23:40:36.9,能登半島沖,37°32.9′N,137°27.1′E,11 km,2.1,---
2024/01/01,23:40:53.6,石川県能登地方,37°13.8′N,136°52.4′E,9 km,2.2,---
2024/01/01,23:40:59.9,宮城県沖,38°03.3′N,141°53.2′E,46 km,1.0,---
2024/01/01,23:41:05.6,新潟県上中越沖,37°41.1′N,137°37.9′E,14 km,2.0,---
2024/01/01,23:41:09.3,石川県能登地方,37°28.5′N,137°11.4′E,14 km,1.6,---
2024/01/01,23:41:30.3,能登半島沖,37°07.3′N,136°40.8′E,9 km,2.7,---
2024/01/01,23:41:35.4,石川県能登地方,37°12.0′N,136°45.4′E,9 km,2.7,---
2024/01/01,23:41:37.8,千葉県東方沖,35°11.9′N,141°08.9′E,9 km,2.0,---
2024/01/01,23:41:44.7,岐阜県飛騨地方,36°00.8′N,137°31.4′E,9 km,1.6,---
2024/01/01,23:42:40.3,石川県能登地方,37°28.7′N,137°06.3′E,8 km,2.5,---
2024/01/01,23:43:12.9,石川県能登地方,37°17.9′N,136°55.0′E,11 km,2.4,---
2024/01/01,23:44:10.2,石川県能登地方,37°10.3′N,136°48.6′E,10 km,2.4,---
2024/01/01,23:44:18.1,石川県能登地方,37°18.7′N,136°53.1′E,12 km,2.5,---
2024/01/01,23:44:32.5,石川県能登地方,37°12.7′N,136°42.7′E,5 km,2.8,---
2024/01/01,23:44:36.4,石川県能登地方,37°28.3′N,137°14.2′E,11 km,2.8,---
2024/01/01,23:45:23.3,石川県能登地方,37°21.1′N,137°03.4′E,13 km,2.3,---
2024/01/01,23:45:34.4,石川県能登地方,37°12.6′N,136°52.3′E,13 km,2.9,---
2024/01/01,23:46:10.9,石川県能登地方,37°20.5′N,136°48.9′E,7 km,2.5,---
2024/01/01,23:46:37.0,佐渡付近,37°48.7′N,137°42.3′E,18 km,2.6,---
2024/01/01,23:46:45.4,石川県能登地方,37°12.2′N,136°43.5′E,0 km,2.0,---
2024/01/01,23:47:39.0,石川県能登地方,37°28.0′N,137°09.2′E,11 km,2.0,---
2024/01/01,23:47:43.9,石川県能登地方,37°17.0′N,136°52.0′E,9 km,3.0,---
2024/01/01,23:48:07.3,石川県能登地方,37°30.6′N,137°19.9′E,11 km,1.9,---
2024/01/01,23:48:30.4,能登半島沖,37°20.5′N,136°42.0′E,5 km,2.7,---
2024/01/01,23:48:44.2,沖縄本島近海,26°15.4′N,127°28.7′E,0 km,1.4,---
2024/01/01,23:48:47.2,宮崎県北部山沿い,32°43.6′N,131°15.7′E,12 km,0.3,---
2024/01/01,23:48:53.2,石川県能登地方,37°31.6′N,137°18.3′E,10 km,2.3,---
2024/01/01,23:49:05.0,石川県能登地方,37°16.7′N,136°45.7′E,8 km,2.1,---
2024/01/01,23:49:31.2,沖縄本島近海,25°55.8′N,128°36.3′E,41 km,3.0,---
2024/01/01,23:49:40.9,石川県能登地方,37°16.9′N,136°50.9′E,10 km,1.9,---
2024/01/01,23:49:54.8,石川県能登地方,37°19.1′N,136°46.0′E,6 km,2.2,---
2024/01/01,23:50:13.7,石川県能登地方,37°12.6′N,136°43.1′E,7 km,3.2,---
2024/01/01,23:50:38.2,石川県能登地方,37°21.9′N,136°59.3′E,7 km,3.8,---
2024/01/01,23:50:53.9,新潟県上中越沖,37°41.2′N,137°31.3′E,7 km,3.6,---
2024/01/01,23:51:28.0,石川県能登地方,37°19.7′N,137°03.6′E,13 km,2.6,---
2024/01/01,23:51:47.9,能登半島沖,37°09.7′N,136°40.2′E,8 km,1.9,---
2024/01/01,23:51:59.3,石川県能登地方,37°29.2′N,137°13.3′E,12 km,2.5,---
2024/01/01,23:52:29.3,石川県能登地方,37°16.4′N,136°52.3′E,10 km,2.1,---
2024/01/01,23:52:38.8,石川県能登地方,37°28.0′N,137°08.5′E,10 km,2.7,---
2024/01/01,23:53:00.8,石川県能登地方,37°09.2′N,136°44.5′E,1 km,1.9,---
2024/01/01,23:53:11.6,新潟県上中越沖,37°35.2′N,137°42.7′E,25 km,2.2,---
2024/01/01,23:53:25.3,日向灘,32°48.5′N,132°04.6′E,40 km,0.7,---
2024/01/01,23:53:26.3,佐渡付近,37°52.6′N,137°40.2′E,10 km,3.0,---
2024/01/01,23:53:51.7,能登半島沖,37°14.6′N,136°38.5′E,3 km,2.9,---
2024/01/01,23:54:05.5,福島県沖,37°14.6′N,142°09.3′E,24 km,1.5,---
2024/01/01,23:54:15.0,能登半島沖,37°37.8′N,137°28.8′E,1 km,2.4,---
2024/01/01,23:54:22.4,能登半島沖,37°08.8′N,136°38.3′E,6 km,3.3,---
2024/01/01,23:55:24.2,石川県能登地方,37°26.8′N,137°03.7′E,8 km,3.2,---
2024/01/01,23:55:38.4,和歌山県北部,33°59.2′N,135°17.0′E,8 km,0.3,---
2024/01/01,23:56:13.4,石川県能登地方,37°20.9′N,136°56.1′E,8 km,2.4,---
2024/01/01,23:56:14.5,能登半島沖,37°14.5′N,136°40.3′E,6 km,2.5,---
2024/01/01,23:56:27.6,能登半島沖,37°26.5′N,137°02.0′E,3 km,2.2,---
2024/01/01,23:56:49.8,能登半島沖,37°32.7′N,137°21.0′E,9 km,2.0,---
2024/01/01,23:57:16.7,石川県能登地方,37°29.7′N,137°10.3′E,11 km,1.6,---
2024/01/01,23:57:17.1,石川県能登地方,37°26.6′N,137°03.0′E,7 km,2.9,---
2024/01/01,23:57:43.8,福島県浜通り,36°56.8′N,140°39.4′E,9 km,0.4,---
2024/01/01,23:58:25.4,石川県西方沖,37°04.2′N,136°34.8′E,8 km,3.6,---
2024/01/01,23:58:26.3,石川県能登地方,37°29.5′N,137°19.0′E,10 km,3.7,---
2024/01/01,23:59:08.4,石川県能登地方,37°27.0′N,137°06.7′E,12 km,2.1,---
2024/01/01,23:59:21.4,能登半島沖,37°37.1′N,137°25.1′E,8 km,2.2,---
