地震の発生日,地震の発生時刻,震央地名,緯度,経度,深さ,Ｍ,最大震度
2024/01/02,00:00:04.3,石川県能登地方,37°11.8′N,136°45.9′E,6 km,2.6,---
2024/01/02,00:00:25.9,石川県能登地方,37°20.5′N,136°49.0′E,10 km,2.6,---
2024/01/02,00:00:54.1,石川県能登地方,37°25.6′N,137°09.4′E,15 km,2.3,---
2024/01/02,00:01:06.5,石川県能登地方,37°16.4′N,136°57.0′E,14 km,2.7,---
2024/01/02,00:01:43.6,石川県能登地方,37°25.5′N,137°11.0′E,13 km,2.0,---
2024/01/02,00:01:51.2,石川県能登地方,37°29.1′N,137°15.7′E,12 km,3.2,---
2024/01/02,00:02:13.7,能登半島沖,37°33.4′N,137°21.3′E,12 km,3.2,---
2024/01/02,00:02:41.1,石川県能登地方,37°29.1′N,137°17.6′E,12 km,2.9,---
2024/01/02,00:04:05.7,石川県能登地方,37°13.9′N,136°44.9′E,8 km,2.5,---
2024/01/02,00:05:06.6,石川県能登地方,37°15.4′N,136°48.7′E,10 km,2.5,---
2024/01/02,00:05:06.6,三陸沖,39°03.6′N,144°44.1′E,20 km,2.2,---
2024/01/02,00:05:34.2,新潟県上中越沖,37°38.8′N,137°38.2′E,0 km,3.2,---
2024/01/02,00:06:06.4,石川県能登地方,37°29.8′N,137°09.9′E,12 km,2.7,---
2024/01/02,00:07:01.6,能登半島沖,37°34.4′N,137°22.0′E,8 km,2.9,---
2024/01/02,00:07:41.9,石川県能登地方,37°19.2′N,136°45.4′E,7 km,2.0,---
2024/01/02,00:07:54.0,石川県能登地方,37°25.1′N,137°02.6′E,6 km,3.3,---
2024/01/02,00:08:35.5,石川県能登地方,37°30.3′N,137°17.7′E,10 km,4.3,---
2024/01/02,00:09:49.0,石川県能登地方,37°23.3′N,136°55.4′E,0 km,3.1,---
2024/01/02,00:10:40.2,石川県能登地方,37°15.6′N,136°47.6′E,10 km,2.4,---
2024/01/02,00:10:58.6,石川県能登地方,37°09.9′N,136°44.9′E,3 km,2.8,---
2024/01/02,00:11:00.9,佐渡付近,37°48.3′N,137°39.9′E,14 km,3.1,---
2024/01/02,00:11:21.3,石川県能登地方,37°11.1′N,136°42.6′E,5 km,3.3,---
2024/01/02,00:12:31.3,石川県能登地方,37°23.0′N,137°08.0′E,12 km,2.6,---
2024/01/02,00:13:04.6,石川県能登地方,37°12.8′N,136°50.0′E,12 km,1.9,---
2024/01/02,00:13:25.2,石川県能登地方,37°17.9′N,136°51.2′E,11 km,2.6,---
2024/01/02,00:13:40.7,石川県能登地方,37°27.8′N,137°06.7′E,8 km,3.5,---
2024/01/02,00:14:18.4,能登半島沖,37°33.8′N,137°07.7′E,4 km,2.6,---
2024/01/02,00:14:24.7,石川県能登地方,37°23.9′N,136°53.4′E,1 km,3.5,---
2024/01/02,00:15:06.7,能登半島沖,37°34.3′N,137°25.9′E,12 km,2.9,---
2024/01/02,00:15:36.1,石川県能登地方,37°09.2′N,136°41.4′E,6 km,2.6,---
2024/01/02,00:16:22.4,佐渡付近,37°47.3′N,137°42.7′E,18 km,2.2,---
2024/01/02,00:16:34.6,石川県能登地方,37°13.9′N,136°44.9′E,8 km,2.5,---
2024/01/02,00:17:05.0,石川県能登地方,37°29.8′N,137°20.5′E,10 km,2.1,---
2024/01/02,00:17:19.6,石川県能登地方,37°09.9′N,136°44.6′E,1 km,2.0,---
2024/01/02,00:17:41.1,新潟県上中越沖,37°37.0′N,137°33.4′E,12 km,3.0,---
2024/01/02,00:18:12.5,佐渡付近,37°45.5′N,137°39.6′E,16 km,2.7,---
2024/01/02,00:18:18.0,石川県能登地方,37°16.3′N,136°45.3′E,9 km,2.2,---
2024/01/02,00:18:51.7,石川県能登地方,37°17.3′N,136°48.6′E,8 km,3.1,---
2024/01/02,00:19:10.7,石川県能登地方,37°19.3′N,136°45.5′E,5 km,2.8,---
2024/01/02,00:19:24.9,能登半島沖,37°36.5′N,137°10.8′E,11 km,3.3,---
2024/01/02,00:19:44.1,石川県能登地方,37°14.2′N,136°44.1′E,6 km,2.5,---
2024/01/02,00:19:58.0,石川県能登地方,37°14.5′N,136°45.7′E,4 km,2.5,---
2024/01/02,00:20:13.5,石川県能登地方,37°20.6′N,136°57.4′E,6 km,2.9,---
2024/01/02,00:20:52.0,和歌山県北部,33°59.2′N,135°15.6′E,11 km,0.8,---
2024/01/02,00:20:59.8,石川県能登地方,37°28.6′N,137°20.7′E,10 km,2.4,---
2024/01/02,00:21:09.9,和歌山県北部,33°58.9′N,135°15.8′E,11 km,0.1,---
2024/01/02,00:21:34.4,石川県能登地方,37°28.7′N,137°11.1′E,12 km,2.3,---
2024/01/02,00:21:36.8,石川県西方沖,37°03.9′N,136°36.5′E,13 km,1.9,---
2024/01/02,00:21:43.6,石川県能登地方,37°12.8′N,136°45.4′E,8 km,2.4,---
2024/01/02,00:22:04.4,和歌山県北部,33°59.1′N,135°15.7′E,12 km,0.6,---
2024/01/02,00:22:06.0,能登半島沖,37°49.9′N,137°26.7′E,16 km,2.5,---
2024/01/02,00:22:20.6,福島県中通り,37°17.0′N,140°00.1′E,10 km,1.4,---
2024/01/02,00:22:35.6,石川県能登地方,37°29.3′N,137°12.4′E,13 km,2.0,---
2024/01/02,00:22:36.5,佐渡付近,37°47.4′N,137°42.1′E,16 km,2.8,---
2024/01/02,00:22:45.8,茨城県南部,36°01.7′N,139°57.8′E,43 km,0.8,---
2024/01/02,00:22:47.0,能登半島沖,37°35.3′N,137°23.6′E,12 km,3.2,---
2024/01/02,00:23:07.5,佐渡付近,37°51.7′N,137°49.0′E,20 km,3.1,---
2024/01/02,00:23:09.6,和歌山県北部,33°58.9′N,135°15.9′E,11 km,0.0,---
2024/01/02,00:23:20.1,石川県能登地方,37°23.7′N,137°03.4′E,8 km,2.3,---
2024/01/02,00:23:53.7,佐渡付近,37°45.3′N,137°44.3′E,18 km,3.5,---
2024/01/02,00:24:10.0,福島県沖,37°51.8′N,141°37.6′E,49 km,0.9,---
2024/01/02,00:24:41.7,能登半島沖,37°12.7′N,136°36.4′E,0 km,3.9,---
2024/01/02,00:25:40.9,石川県能登地方,37°19.8′N,136°44.4′E,6 km,2.2,---
2024/01/02,00:25:57.0,富山県東部,36°40.0′N,137°42.0′E,0 km,0.9,---
2024/01/02,00:25:59.5,石川県能登地方,37°29.6′N,137°12.0′E,12 km,2.2,---
2024/01/02,00:26:34.6,石川県能登地方,37°31.0′N,137°18.7′E,9 km,1.7,---
2024/01/02,00:26:47.9,石川県能登地方,37°22.6′N,136°52.5′E,6 km,2.2,---
2024/01/02,00:26:52.4,佐渡付近,37°43.2′N,137°38.3′E,17 km,2.5,---
2024/01/02,00:27:23.5,能登半島沖,37°30.0′N,137°11.7′E,14 km,1.9,---
2024/01/02,00:27:30.7,佐渡付近,37°53.8′N,137°44.1′E,17 km,不明,---
2024/01/02,00:27:35.4,佐渡付近,37°53.2′N,137°46.8′E,17 km,2.2,---
2024/01/02,00:27:37.4,長野県北部,36°22.2′N,137°37.3′E,3 km,1.2,---
2024/01/02,00:27:44.5,石川県能登地方,37°28.1′N,137°08.2′E,11 km,2.1,---
2024/01/02,00:27:55.7,能登半島沖,37°15.3′N,136°42.2′E,6 km,1.9,---
2024/01/02,00:28:20.8,能登半島沖,37°35.5′N,137°26.4′E,14 km,3.2,---
2024/01/02,00:28:39.9,能登半島沖,37°33.5′N,137°29.1′E,11 km,2.7,---
2024/01/02,00:29:04.0,石川県能登地方,37°14.9′N,136°47.8′E,11 km,2.6,---
2024/01/02,00:29:15.0,能登半島沖,37°37.4′N,137°22.9′E,11 km,2.9,---
2024/01/02,00:30:00.2,石川県能登地方,37°19.2′N,136°53.8′E,9 km,2.5,---
2024/01/02,00:30:29.8,石川県能登地方,37°14.4′N,136°45.8′E,9 km,2.3,---
2024/01/02,00:30:46.2,石川県能登地方,37°18.9′N,136°53.1′E,0 km,2.2,---
2024/01/02,00:30:57.4,佐渡付近,37°47.5′N,137°40.7′E,17 km,2.9,---
2024/01/02,00:30:58.3,福島県沖,36°56.1′N,141°26.8′E,20 km,1.1,---
2024/01/02,00:31:04.5,石川県能登地方,37°26.1′N,137°05.0′E,8 km,2.6,---
2024/01/02,00:31:24.0,石川県能登地方,37°19.5′N,136°46.6′E,8 km,2.1,---
2024/01/02,00:31:31.0,石川県能登地方,37°25.5′N,137°03.2′E,8 km,2.7,---
2024/01/02,00:31:41.3,宮城県沖,37°52.6′N,142°04.9′E,38 km,1.2,---
2024/01/02,00:31:45.5,能登半島沖,37°07.4′N,136°37.3′E,5 km,2.6,---
2024/01/02,00:31:46.2,佐渡付近,37°53.4′N,137°41.5′E,21 km,不明,---
2024/01/02,00:31:48.0,石川県能登地方,37°22.3′N,137°01.8′E,13 km,2.5,---
2024/01/02,00:31:52.2,佐渡付近,37°43.8′N,137°38.9′E,20 km,2.3,---
2024/01/02,00:32:09.1,能登半島沖,37°13.8′N,136°37.7′E,4 km,2.8,---
2024/01/02,00:32:32.0,佐渡付近,37°43.5′N,137°37.3′E,17 km,2.4,---
2024/01/02,00:32:38.4,能登半島沖,37°07.8′N,136°36.2′E,7 km,1.7,---
2024/01/02,00:32:48.1,石川県能登地方,37°15.4′N,136°45.8′E,9 km,1.9,---
2024/01/02,00:32:50.1,能登半島沖,37°30.1′N,137°25.6′E,14 km,2.6,---
2024/01/02,00:33:08.4,新潟県上中越沖,37°40.7′N,137°37.4′E,14 km,3.4,---
2024/01/02,00:33:56.4,石川県能登地方,37°30.3′N,137°15.4′E,8 km,2.0,---
2024/01/02,00:34:23.7,石川県能登地方,37°26.8′N,137°14.2′E,14 km,1.9,---
2024/01/02,00:34:27.2,能登半島沖,37°12.8′N,136°38.1′E,4 km,1.8,---
2024/01/02,00:34:35.1,能登半島沖,37°40.1′N,137°29.9′E,21 km,2.4,---
2024/01/02,00:34:39.9,能登半島沖,37°13.3′N,136°37.5′E,3 km,1.7,---
2024/01/02,00:34:43.3,能登半島沖,37°33.0′N,137°22.0′E,5 km,1.6,---
2024/01/02,00:35:17.5,石川県能登地方,37°17.2′N,136°50.1′E,12 km,2.3,---
2024/01/02,00:35:45.9,石川県能登地方,37°11.5′N,136°46.2′E,6 km,1.8,---
2024/01/02,00:35:48.6,佐渡付近,37°49.7′N,137°47.3′E,18 km,3.3,---
2024/01/02,00:35:54.6,能登半島沖,37°13.0′N,136°37.7′E,2 km,不明,---
2024/01/02,00:36:01.6,石川県能登地方,37°27.3′N,137°10.4′E,13 km,2.8,---
2024/01/02,00:36:22.0,石川県能登地方,37°18.4′N,136°50.9′E,13 km,2.3,---
2024/01/02,00:36:34.2,和歌山県北部,33°56.3′N,135°16.7′E,0 km,-0.5,---
2024/01/02,00:36:37.8,日向灘,32°48.7′N,132°04.4′E,39 km,1.1,---
2024/01/02,00:36:44.8,茨城県沖,36°15.6′N,141°12.2′E,27 km,不明,---
2024/01/02,00:36:57.1,能登半島沖,37°35.2′N,137°23.9′E,11 km,2.6,---
2024/01/02,00:36:58.8,能登半島沖,37°27.0′N,137°04.6′E,10 km,2.4,---
2024/01/02,00:37:09.5,能登半島沖,37°20.8′N,136°43.8′E,7 km,2.2,---
2024/01/02,00:37:23.3,石川県能登地方,37°28.5′N,137°12.9′E,12 km,2.0,---
2024/01/02,00:37:30.3,石川県能登地方,37°09.8′N,136°49.6′E,13 km,1.7,---
2024/01/02,00:37:42.8,石川県能登地方,37°28.5′N,137°08.1′E,11 km,1.6,---
2024/01/02,00:38:20.1,石川県能登地方,37°13.6′N,136°46.2′E,9 km,3.4,---
2024/01/02,00:39:04.1,能登半島沖,37°33.6′N,137°23.1′E,0 km,1.9,---
2024/01/02,00:39:29.5,石川県能登地方,37°30.9′N,137°15.8′E,7 km,3.2,---
2024/01/02,00:40:08.0,岩手県沖,39°58.6′N,142°22.2′E,6 km,2.0,---
2024/01/02,00:40:18.5,能登半島沖,37°07.8′N,136°42.3′E,5 km,2.2,---
2024/01/02,00:40:42.3,能登半島沖,37°26.1′N,137°01.2′E,6 km,2.4,---
2024/01/02,00:41:08.8,能登半島沖,37°07.6′N,136°38.3′E,2 km,2.4,---
2024/01/02,00:41:14.7,福島県沖,37°21.2′N,141°49.8′E,37 km,1.7,---
2024/01/02,00:41:56.7,石川県能登地方,37°24.7′N,137°10.0′E,8 km,2.4,---
2024/01/02,00:42:00.7,佐渡付近,37°50.3′N,137°49.5′E,14 km,3.2,---
2024/01/02,00:43:40.4,石川県能登地方,37°20.8′N,137°16.2′E,16 km,2.3,---
2024/01/02,00:44:14.0,能登半島沖,37°07.8′N,136°43.3′E,11 km,2.1,---
2024/01/02,00:45:00.1,能登半島沖,37°35.3′N,137°24.0′E,8 km,3.0,---
2024/01/02,00:45:31.2,石川県能登地方,37°20.8′N,137°04.6′E,13 km,2.4,---
2024/01/02,00:46:01.3,能登半島沖,37°16.5′N,136°43.8′E,8 km,2.5,---
2024/01/02,00:46:20.2,能登半島沖,37°34.9′N,137°23.7′E,0 km,3.0,---
2024/01/02,00:46:52.0,能登半島沖,37°11.9′N,136°36.1′E,3 km,2.1,---
2024/01/02,00:47:14.7,能登半島沖,37°07.4′N,136°41.5′E,11 km,1.9,---
2024/01/02,00:47:17.9,能登半島沖,37°30.2′N,137°23.2′E,12 km,2.1,---
2024/01/02,00:47:37.6,能登半島沖,37°34.5′N,137°18.0′E,7 km,2.0,---
2024/01/02,00:47:46.5,能登半島沖,37°08.3′N,136°39.8′E,5 km,2.0,---
2024/01/02,00:48:21.7,石川県能登地方,37°29.0′N,137°10.3′E,11 km,2.5,---
2024/01/02,00:48:36.2,和歌山県北部,34°10.7′N,135°19.9′E,6 km,0.3,---
2024/01/02,00:48:47.4,石川県能登地方,37°21.0′N,136°59.4′E,5 km,2.3,---
2024/01/02,00:49:09.0,能登半島沖,37°32.2′N,137°12.6′E,8 km,2.3,---
2024/01/02,00:49:25.2,佐渡付近,37°53.0′N,137°41.8′E,22 km,3.3,---
2024/01/02,00:49:41.1,福島県沖,37°50.5′N,141°38.1′E,49 km,1.0,---
2024/01/02,00:50:09.4,能登半島沖,37°08.6′N,136°42.3′E,8 km,1.8,---
2024/01/02,00:50:51.5,石川県能登地方,37°26.9′N,137°13.7′E,13 km,3.2,---
2024/01/02,00:50:56.4,長野県南部,35°55.6′N,137°37.4′E,9 km,0.2,---
2024/01/02,00:51:32.4,富山県東部,36°34.2′N,137°37.8′E,0 km,1.4,---
2024/01/02,00:51:38.3,石川県能登地方,37°14.1′N,136°47.3′E,9 km,2.5,---
2024/01/02,00:52:04.1,能登半島沖,37°07.3′N,136°37.4′E,7 km,3.2,---
2024/01/02,00:53:13.5,石川県能登地方,37°19.0′N,136°52.9′E,8 km,2.9,---
2024/01/02,00:53:19.8,茨城県沖,36°27.4′N,140°50.0′E,27 km,1.4,---
2024/01/02,00:53:55.9,石川県能登地方,37°11.4′N,136°41.2′E,8 km,3.0,---
2024/01/02,00:54:19.4,和歌山県北部,33°47.8′N,135°21.5′E,13 km,0.3,---
2024/01/02,00:54:48.7,石川県能登地方,37°14.4′N,136°49.7′E,12 km,2.1,---
2024/01/02,00:55:36.4,能登半島沖,37°34.1′N,137°22.3′E,14 km,2.3,---
2024/01/02,00:56:24.0,新潟県上越地方,36°49.5′N,137°48.9′E,0 km,0.8,---
2024/01/02,00:56:30.8,石川県能登地方,37°13.5′N,136°44.0′E,9 km,2.6,---
2024/01/02,00:56:50.6,和歌山県北部,33°58.9′N,135°15.7′E,11 km,0.7,---
2024/01/02,00:56:57.5,日向灘,32°38.0′N,131°59.5′E,36 km,0.6,---
2024/01/02,00:57:01.8,石川県能登地方,37°22.6′N,136°53.0′E,8 km,3.6,---
2024/01/02,00:57:21.6,石川県能登地方,37°27.9′N,137°11.7′E,11 km,3.3,---
2024/01/02,00:58:24.5,石川県能登地方,37°14.3′N,136°49.8′E,11 km,1.8,---
2024/01/02,00:58:57.5,能登半島沖,37°30.3′N,137°24.1′E,11 km,2.5,---
2024/01/02,00:59:51.4,石川県能登地方,37°15.1′N,136°47.3′E,11 km,1.4,---
2024/01/02,01:00:12.3,石川県能登地方,37°27.6′N,137°15.5′E,13 km,2.3,---
2024/01/02,01:00:49.8,能登半島沖,37°06.7′N,136°40.6′E,5 km,2.8,---
2024/01/02,01:00:59.3,長野県中部,36°15.1′N,137°39.3′E,8 km,0.5,---
2024/01/02,01:01:06.0,佐渡付近,37°54.1′N,137°43.7′E,19 km,2.6,---
2024/01/02,01:01:10.8,佐渡付近,37°51.3′N,137°40.0′E,21 km,2.9,---
2024/01/02,01:01:10.9,鳥取県中部,35°23.8′N,133°46.8′E,5 km,-0.5,---
2024/01/02,01:01:51.4,石川県能登地方,37°22.8′N,136°52.5′E,8 km,3.6,---
2024/01/02,01:02:53.0,石川県能登地方,37°17.8′N,136°50.4′E,13 km,2.0,---
2024/01/02,01:03:13.6,石川県能登地方,37°21.3′N,137°02.0′E,10 km,3.0,---
2024/01/02,01:03:18.5,和歌山県北部,33°59.0′N,135°15.7′E,12 km,1.0,---
2024/01/02,01:03:35.6,佐渡付近,37°56.9′N,137°44.0′E,22 km,3.4,---
2024/01/02,01:03:59.4,茨城県沖,36°28.7′N,141°11.5′E,39 km,1.4,---
2024/01/02,01:04:19.0,石川県能登地方,37°14.2′N,136°49.1′E,11 km,3.7,---
2024/01/02,01:05:00.7,能登半島沖,37°26.2′N,137°01.3′E,0 km,2.7,---
2024/01/02,01:05:33.6,佐渡付近,37°52.5′N,137°42.0′E,25 km,3.1,---
2024/01/02,01:06:15.1,石川県能登地方,37°17.5′N,136°47.9′E,12 km,2.3,---
2024/01/02,01:06:43.3,和歌山県北部,33°59.2′N,135°15.6′E,11 km,0.0,---
2024/01/02,01:06:56.5,石川県能登地方,37°27.0′N,137°07.1′E,10 km,2.5,---
2024/01/02,01:07:05.8,石川県能登地方,37°14.8′N,136°50.3′E,12 km,3.3,---
2024/01/02,01:07:07.8,石川県能登地方,37°27.7′N,137°15.5′E,12 km,2.4,---
2024/01/02,01:07:12.1,佐渡付近,37°50.3′N,137°48.0′E,20 km,3.1,---
2024/01/02,01:08:01.7,佐渡付近,37°52.6′N,137°46.6′E,13 km,3.0,---
2024/01/02,01:08:19.8,石川県能登地方,37°15.1′N,136°48.8′E,12 km,2.4,---
2024/01/02,01:08:52.0,石川県能登地方,37°11.7′N,136°42.0′E,5 km,1.7,---
2024/01/02,01:09:19.0,能登半島沖,37°37.7′N,137°29.4′E,13 km,2.0,---
2024/01/02,01:09:31.9,能登半島沖,37°08.5′N,136°36.6′E,10 km,1.6,---
2024/01/02,01:09:47.6,能登半島沖,37°17.0′N,136°40.5′E,5 km,1.9,---
2024/01/02,01:09:56.7,和歌山県北部,33°59.2′N,135°15.5′E,12 km,0.8,---
2024/01/02,01:10:08.4,新潟県上中越沖,37°38.3′N,137°36.7′E,16 km,3.7,---
2024/01/02,01:10:38.1,石川県能登地方,37°12.3′N,136°47.5′E,8 km,3.3,---
2024/01/02,01:10:59.7,和歌山県北部,33°54.3′N,135°17.8′E,11 km,0.0,---
2024/01/02,01:11:32.9,能登半島沖,37°34.6′N,137°23.8′E,0 km,2.1,---
2024/01/02,01:11:54.2,新潟県上中越沖,37°41.0′N,137°37.6′E,18 km,2.5,---
2024/01/02,01:12:22.2,和歌山県北部,33°58.9′N,135°15.9′E,11 km,0.1,---
2024/01/02,01:12:28.4,石川県能登地方,37°27.2′N,137°07.5′E,9 km,2.4,---
2024/01/02,01:13:14.0,十勝地方北部,43°31.9′N,143°20.5′E,11 km,0.6,---
2024/01/02,01:13:21.4,能登半島沖,37°06.6′N,136°40.8′E,13 km,1.9,---
2024/01/02,01:13:28.7,佐渡付近,37°53.7′N,137°42.8′E,20 km,2.5,---
2024/01/02,01:13:34.0,石川県能登地方,37°21.6′N,136°53.8′E,0 km,2.4,---
2024/01/02,01:13:50.5,能登半島沖,37°32.5′N,137°07.8′E,9 km,2.2,---
2024/01/02,01:14:11.5,石川県能登地方,37°13.9′N,136°44.5′E,0 km,不明,---
2024/01/02,01:14:16.9,新潟県上中越沖,37°37.4′N,137°31.1′E,14 km,3.0,---
2024/01/02,01:14:17.0,石川県能登地方,37°11.8′N,136°47.0′E,7 km,1.9,---
2024/01/02,01:14:30.3,和歌山県北部,33°58.9′N,135°15.5′E,12 km,0.1,---
2024/01/02,01:14:54.0,宮城県沖,38°55.7′N,142°35.7′E,42 km,1.2,---
2024/01/02,01:14:55.6,石川県能登地方,37°24.0′N,137°06.1′E,11 km,2.9,---
2024/01/02,01:15:00.1,石川県能登地方,37°24.7′N,136°58.0′E,4 km,2.8,---
2024/01/02,01:15:57.6,石川県能登地方,37°22.5′N,136°56.2′E,11 km,3.9,---
2024/01/02,01:16:43.6,奄美大島近海,28°15.4′N,129°17.7′E,36 km,1.1,---
2024/01/02,01:16:45.5,石川県能登地方,37°31.0′N,137°15.2′E,10 km,2.1,---
2024/01/02,01:17:12.1,石川県能登地方,37°22.7′N,136°57.3′E,11 km,2.1,---
2024/01/02,01:17:32.3,佐渡付近,37°47.6′N,138°07.1′E,18 km,2.2,---
2024/01/02,01:17:37.5,石川県能登地方,37°13.6′N,136°44.9′E,8 km,2.5,---
2024/01/02,01:17:46.6,能登半島沖,37°33.2′N,137°14.5′E,6 km,不明,---
2024/01/02,01:18:22.4,石川県能登地方,37°10.9′N,136°43.1′E,6 km,1.8,---
2024/01/02,01:18:45.4,石川県能登地方,37°26.0′N,137°03.0′E,8 km,2.8,---
2024/01/02,01:19:27.8,石川県能登地方,37°15.7′N,136°45.9′E,8 km,1.9,---
2024/01/02,01:19:44.6,石川県能登地方,37°27.6′N,137°08.3′E,12 km,2.1,---
2024/01/02,01:19:44.7,佐渡付近,37°51.1′N,137°42.5′E,12 km,1.6,---
2024/01/02,01:19:49.6,宮崎県南部山沿い,31°46.9′N,131°09.2′E,56 km,0.3,---
2024/01/02,01:20:25.8,石川県能登地方,37°17.3′N,136°48.2′E,14 km,1.9,---
2024/01/02,01:20:30.1,能登半島沖,37°31.4′N,137°10.0′E,7 km,2.9,---
2024/01/02,01:21:10.3,佐渡付近,37°50.2′N,137°47.1′E,19 km,3.6,---
2024/01/02,01:22:06.5,能登半島沖,37°38.5′N,137°29.1′E,0 km,1.9,---
2024/01/02,01:22:49.8,茨城県沖,36°49.3′N,141°24.9′E,31 km,0.9,---
2024/01/02,01:22:51.7,富山湾,37°14.0′N,137°05.7′E,21 km,1.7,---
2024/01/02,01:23:09.9,能登半島沖,37°07.4′N,136°36.3′E,8 km,2.2,---
2024/01/02,01:24:21.3,石川県能登地方,37°12.6′N,136°44.7′E,5 km,2.0,---
2024/01/02,01:24:25.9,能登半島沖,37°15.3′N,136°43.7′E,4 km,2.1,---
2024/01/02,01:24:55.3,能登半島沖,37°32.9′N,137°17.6′E,8 km,2.4,---
2024/01/02,01:25:13.1,佐渡付近,37°50.4′N,137°40.1′E,22 km,3.4,---
2024/01/02,01:25:20.2,能登半島沖,37°08.2′N,136°43.2′E,5 km,2.3,---
2024/01/02,01:25:56.8,大隅半島東方沖,31°12.8′N,131°42.0′E,40 km,1.3,---
2024/01/02,01:26:03.7,石川県能登地方,37°18.0′N,136°52.9′E,11 km,3.4,---
2024/01/02,01:26:04.6,福島県沖,37°50.8′N,141°34.3′E,48 km,1.3,---
2024/01/02,01:26:54.0,石川県能登地方,37°24.0′N,136°59.7′E,4 km,2.1,---
2024/01/02,01:26:58.4,佐渡付近,37°51.9′N,137°46.7′E,21 km,2.6,---
2024/01/02,01:27:46.1,新潟県上中越沖,37°37.8′N,137°32.4′E,12 km,2.8,---
2024/01/02,01:28:10.7,能登半島沖,37°16.0′N,136°41.0′E,4 km,2.1,---
2024/01/02,01:28:21.2,能登半島沖,37°34.2′N,137°13.9′E,0 km,1.6,---
2024/01/02,01:28:48.2,石川県能登地方,37°28.0′N,137°10.5′E,12 km,1.7,---
2024/01/02,01:28:57.7,青森県東方沖,40°41.5′N,142°41.7′E,45 km,0.7,---
2024/01/02,01:29:00.0,能登半島沖,37°28.1′N,137°05.6′E,9 km,2.6,---
2024/01/02,01:29:29.2,能登半島沖,37°05.1′N,136°37.3′E,10 km,1.9,---
2024/01/02,01:29:34.1,能登半島沖,37°30.1′N,137°11.9′E,12 km,3.4,---
2024/01/02,01:30:04.2,石川県能登地方,37°22.4′N,136°51.6′E,9 km,3.1,---
2024/01/02,01:30:06.2,茨城県沖,36°45.7′N,141°21.2′E,44 km,2.7,---
2024/01/02,01:30:43.7,能登半島沖,37°34.4′N,137°23.2′E,7 km,2.2,---
2024/01/02,01:31:26.8,能登半島沖,37°07.3′N,136°39.4′E,9 km,2.0,---
2024/01/02,01:31:35.4,石川県能登地方,37°09.0′N,136°41.5′E,8 km,2.0,---
2024/01/02,01:31:59.6,新潟県上中越沖,37°37.1′N,137°32.3′E,19 km,2.2,---
2024/01/02,01:31:59.8,能登半島沖,37°07.9′N,136°40.6′E,10 km,2.0,---
2024/01/02,01:32:05.1,石川県能登地方,37°27.9′N,137°08.8′E,9 km,2.5,---
2024/01/02,01:32:37.1,能登半島沖,37°31.3′N,137°14.9′E,12 km,2.0,---
2024/01/02,01:33:05.3,能登半島沖,37°31.2′N,137°27.0′E,13 km,2.5,---
2024/01/02,01:33:11.2,三陸沖,39°27.0′N,143°26.3′E,49 km,0.9,---
2024/01/02,01:33:19.6,佐渡付近,37°53.1′N,137°49.1′E,19 km,2.9,---
2024/01/02,01:33:58.8,石川県能登地方,37°31.3′N,137°15.0′E,10 km,2.5,---
2024/01/02,01:34:13.2,石川県能登地方,37°28.2′N,137°07.7′E,12 km,2.1,---
2024/01/02,01:34:35.0,佐渡付近,37°48.3′N,137°40.6′E,21 km,3.5,---
2024/01/02,01:34:41.9,石川県能登地方,37°13.6′N,136°50.5′E,12 km,3.3,---
2024/01/02,01:34:59.5,石川県能登地方,37°27.0′N,137°07.3′E,8 km,3.2,---
2024/01/02,01:35:11.1,石川県能登地方,37°21.2′N,137°00.4′E,8 km,3.3,---
2024/01/02,01:36:07.0,佐渡付近,37°44.5′N,137°38.5′E,23 km,2.5,---
2024/01/02,01:36:30.4,石川県能登地方,37°30.9′N,137°16.3′E,7 km,2.4,---
2024/01/02,01:36:30.5,石川県能登地方,37°21.4′N,136°57.6′E,9 km,2.0,---
2024/01/02,01:37:07.6,能登半島沖,37°37.9′N,137°29.5′E,12 km,2.1,---
2024/01/02,01:37:35.7,石川県能登地方,37°12.6′N,136°46.2′E,8 km,2.1,---
2024/01/02,01:37:55.8,石川県能登地方,37°20.9′N,137°00.5′E,12 km,3.3,---
2024/01/02,01:38:22.6,石川県能登地方,37°30.3′N,137°12.5′E,11 km,2.9,---
2024/01/02,01:39:01.2,佐渡付近,37°43.2′N,137°54.6′E,26 km,2.3,---
2024/01/02,01:39:13.4,石川県能登地方,37°21.9′N,136°57.2′E,8 km,2.2,---
2024/01/02,01:40:02.3,能登半島沖,37°35.4′N,137°11.0′E,2 km,2.7,---
2024/01/02,01:40:39.3,佐渡付近,37°42.7′N,137°36.7′E,14 km,2.3,---
2024/01/02,01:41:25.7,石川県能登地方,37°21.8′N,136°47.9′E,11 km,2.6,---
2024/01/02,01:41:49.1,石川県能登地方,37°23.8′N,136°53.4′E,2 km,2.9,---
2024/01/02,01:42:12.2,能登半島沖,37°35.8′N,137°27.1′E,10 km,2.7,---
2024/01/02,01:42:15.3,熊本県熊本地方,32°46.6′N,130°40.8′E,10 km,0.1,---
2024/01/02,01:42:24.8,佐渡付近,37°46.3′N,137°36.8′E,18 km,3.9,---
2024/01/02,01:42:33.7,岩手県沖,39°01.9′N,142°25.2′E,24 km,1.1,---
2024/01/02,01:43:19.7,能登半島沖,37°32.8′N,137°22.0′E,12 km,4.1,---
2024/01/02,01:44:16.3,能登半島沖,37°12.0′N,136°40.1′E,2 km,2.4,---
2024/01/02,01:44:41.4,能登半島沖,37°11.4′N,136°40.3′E,3 km,2.0,---
2024/01/02,01:44:47.4,石川県能登地方,37°30.1′N,137°20.5′E,11 km,1.8,---
2024/01/02,01:45:30.3,石川県能登地方,37°16.1′N,136°52.6′E,14 km,1.9,---
2024/01/02,01:46:03.6,和歌山県北部,33°58.9′N,135°15.7′E,12 km,0.7,---
2024/01/02,01:46:11.5,能登半島沖,37°32.0′N,137°12.2′E,9 km,2.3,---
2024/01/02,01:46:28.9,能登半島沖,37°28.8′N,137°23.8′E,5 km,2.0,---
2024/01/02,01:46:44.2,石川県能登地方,37°27.4′N,137°16.7′E,12 km,3.3,---
2024/01/02,01:47:09.1,能登半島沖,37°25.7′N,136°55.1′E,0 km,2.5,---
2024/01/02,01:47:32.0,佐渡付近,37°52.1′N,137°49.4′E,17 km,3.8,---
2024/01/02,01:48:01.4,佐渡付近,37°53.2′N,137°46.6′E,13 km,3.1,---
2024/01/02,01:48:06.6,茨城県沖,36°45.8′N,141°20.6′E,42 km,1.5,---
2024/01/02,01:48:29.6,石川県能登地方,37°31.7′N,137°15.0′E,12 km,2.1,---
2024/01/02,01:49:15.0,石垣島近海,24°40.0′N,123°41.0′E,64 km,0.6,---
2024/01/02,01:49:40.2,石川県能登地方,37°14.2′N,136°45.4′E,9 km,1.8,---
2024/01/02,01:49:40.2,能登半島沖,37°32.3′N,137°17.7′E,11 km,1.9,---
2024/01/02,01:49:53.6,能登半島沖,37°42.4′N,137°27.8′E,10 km,2.6,---
2024/01/02,01:50:23.8,能登半島沖,37°33.2′N,137°22.5′E,11 km,2.7,---
2024/01/02,01:50:54.0,石川県能登地方,37°13.4′N,136°45.9′E,0 km,1.7,---
2024/01/02,01:51:02.6,宮城県沖,38°03.3′N,141°18.6′E,62 km,1.1,---
2024/01/02,01:51:05.6,石川県能登地方,37°29.6′N,137°19.4′E,10 km,2.6,---
2024/01/02,01:51:08.8,栃木県北部,36°36.8′N,139°24.6′E,0 km,0.5,---
2024/01/02,01:51:23.9,能登半島沖,37°30.0′N,137°09.6′E,11 km,1.7,---
2024/01/02,01:51:51.7,能登半島沖,37°27.4′N,137°03.9′E,8 km,1.8,---
2024/01/02,01:52:04.6,石川県能登地方,37°27.8′N,137°10.2′E,12 km,2.0,---
2024/01/02,01:52:22.8,鹿児島湾,31°26.1′N,130°37.8′E,3 km,-0.3,---
2024/01/02,01:52:42.9,石川県能登地方,37°12.1′N,136°42.7′E,0 km,1.3,---
2024/01/02,01:53:15.4,石川県能登地方,37°27.9′N,137°06.0′E,12 km,1.6,---
2024/01/02,01:53:26.9,能登半島沖,37°29.2′N,137°05.8′E,12 km,2.0,---
2024/01/02,01:53:45.4,能登半島沖,37°12.5′N,136°39.7′E,0 km,1.6,---
2024/01/02,01:53:47.2,岐阜県飛騨地方,36°00.8′N,137°31.6′E,9 km,0.5,---
2024/01/02,01:53:47.3,奄美大島近海,28°20.8′N,130°06.2′E,45 km,3.3,---
2024/01/02,01:54:04.0,能登半島沖,37°35.6′N,137°25.6′E,13 km,3.0,---
2024/01/02,01:54:26.2,能登半島沖,37°34.3′N,137°20.0′E,10 km,2.2,---
2024/01/02,01:54:50.0,能登半島沖,37°40.8′N,137°28.3′E,0 km,2.4,---
2024/01/02,01:55:12.3,和歌山県北部,34°15.0′N,135°16.5′E,6 km,0.9,---
2024/01/02,01:55:23.4,石川県能登地方,37°21.4′N,136°51.7′E,8 km,1.7,---
2024/01/02,01:55:35.6,福島県沖,37°23.8′N,141°49.7′E,39 km,2.0,---
2024/01/02,01:55:42.3,石川県能登地方,37°22.0′N,137°04.5′E,10 km,4.1,---
2024/01/02,01:56:41.4,能登半島沖,37°12.3′N,136°40.5′E,1 km,1.9,---
2024/01/02,01:57:06.6,佐渡付近,37°49.0′N,137°42.6′E,19 km,2.6,---
2024/01/02,01:57:16.8,石川県能登地方,37°17.9′N,136°47.2′E,13 km,2.5,---
2024/01/02,01:57:24.3,岩手県沿岸北部,39°45.5′N,141°50.9′E,57 km,2.3,---
2024/01/02,01:57:38.9,石川県能登地方,37°22.7′N,136°56.9′E,11 km,2.5,---
2024/01/02,01:57:58.0,石川県能登地方,37°14.3′N,136°50.7′E,11 km,3.0,---
2024/01/02,01:58:58.4,能登半島沖,37°16.0′N,136°41.7′E,2 km,2.2,---
2024/01/02,01:59:01.4,石川県能登地方,37°27.7′N,137°12.9′E,13 km,3.4,---
2024/01/02,01:59:38.0,石川県能登地方,37°21.2′N,136°47.8′E,10 km,2.1,---
2024/01/02,01:59:48.2,秋田県内陸南部,39°36.9′N,140°23.0′E,18 km,0.6,---
2024/01/02,02:00:16.6,能登半島沖,37°32.5′N,137°27.2′E,6 km,2.3,---
2024/01/02,02:00:34.5,石川県能登地方,37°10.8′N,136°41.7′E,9 km,3.9,---
2024/01/02,02:01:52.5,石川県能登地方,37°18.5′N,136°52.7′E,11 km,2.4,---
2024/01/02,02:02:19.6,石川県能登地方,37°18.9′N,136°54.0′E,13 km,2.2,---
2024/01/02,02:02:49.4,新潟県上中越沖,37°38.7′N,137°36.1′E,20 km,2.4,---
2024/01/02,02:02:54.8,石川県能登地方,37°14.6′N,136°47.7′E,9 km,2.4,---
2024/01/02,02:03:00.0,能登半島沖,37°26.4′N,137°02.3′E,6 km,3.0,---
2024/01/02,02:03:11.9,栃木県北部,36°49.3′N,139°29.2′E,6 km,0.0,---
2024/01/02,02:03:30.0,福島県沖,37°50.1′N,141°36.8′E,49 km,1.3,---
2024/01/02,02:03:57.0,石川県能登地方,37°24.6′N,137°06.9′E,13 km,2.6,---
2024/01/02,02:04:13.1,石川県能登地方,37°18.2′N,136°50.0′E,10 km,3.2,---
2024/01/02,02:04:20.6,石川県能登地方,37°14.3′N,136°46.1′E,7 km,3.1,---
2024/01/02,02:04:32.2,石川県能登地方,37°24.3′N,137°05.8′E,10 km,3.5,---
2024/01/02,02:04:57.2,日高地方中部,42°43.6′N,142°43.7′E,82 km,1.1,---
2024/01/02,02:05:09.2,石川県能登地方,37°29.0′N,137°16.4′E,6 km,1.6,---
2024/01/02,02:05:32.7,石川県能登地方,37°29.2′N,137°11.6′E,11 km,1.7,---
2024/01/02,02:05:41.8,石川県能登地方,37°29.5′N,137°09.0′E,5 km,2.2,---
2024/01/02,02:06:13.9,石川県能登地方,37°29.7′N,137°08.5′E,9 km,2.1,---
2024/01/02,02:06:27.1,石川県能登地方,37°25.8′N,137°11.8′E,14 km,3.0,---
2024/01/02,02:06:59.2,能登半島沖,37°23.1′N,136°44.1′E,8 km,3.8,---
2024/01/02,02:07:47.4,石川県能登地方,37°09.9′N,136°43.5′E,3 km,3.3,---
2024/01/02,02:08:00.9,佐渡付近,37°51.4′N,137°52.2′E,17 km,3.1,---
2024/01/02,02:08:45.0,佐渡付近,37°42.7′N,137°41.4′E,20 km,2.6,---
2024/01/02,02:09:19.6,石川県能登地方,37°29.5′N,137°12.2′E,12 km,1.3,---
2024/01/02,02:10:12.3,能登半島沖,37°17.5′N,136°41.9′E,9 km,2.0,---
2024/01/02,02:10:24.3,石川県能登地方,37°14.0′N,136°53.3′E,11 km,2.0,---
2024/01/02,02:11:21.9,佐渡付近,37°42.2′N,137°36.8′E,16 km,2.2,---
2024/01/02,02:11:55.9,佐渡付近,37°44.9′N,137°38.8′E,20 km,2.8,---
2024/01/02,02:12:35.6,能登半島沖,37°09.0′N,136°38.9′E,11 km,2.0,---
2024/01/02,02:13:01.7,石川県能登地方,37°14.1′N,136°49.6′E,10 km,3.6,---
2024/01/02,02:13:17.8,石川県能登地方,37°25.8′N,137°06.6′E,10 km,3.2,---
2024/01/02,02:13:50.4,能登半島沖,37°09.8′N,136°38.5′E,9 km,2.2,---
2024/01/02,02:14:02.4,石川県能登地方,37°20.4′N,136°52.6′E,0 km,2.7,---
2024/01/02,02:14:36.3,石川県能登地方,37°11.1′N,136°43.9′E,5 km,2.5,---
2024/01/02,02:15:31.4,石川県能登地方,37°12.2′N,136°53.6′E,12 km,1.8,---
2024/01/02,02:15:41.2,佐渡付近,37°51.2′N,137°45.2′E,18 km,3.2,---
2024/01/02,02:16:43.9,石川県能登地方,37°23.5′N,136°53.3′E,10 km,3.0,---
2024/01/02,02:16:57.5,天草灘,32°34.5′N,129°58.7′E,11 km,-0.4,---
2024/01/02,02:17:12.6,能登半島沖,37°30.8′N,137°11.0′E,9 km,2.2,---
2024/01/02,02:17:28.1,能登半島沖,37°07.4′N,136°39.1′E,8 km,2.1,---
2024/01/02,02:18:06.9,石川県能登地方,37°11.6′N,136°44.9′E,7 km,3.2,---
2024/01/02,02:18:32.8,石川県能登地方,37°18.5′N,136°49.5′E,10 km,3.2,---
2024/01/02,02:18:48.9,石川県能登地方,37°22.6′N,136°53.1′E,0 km,2.9,---
2024/01/02,02:18:54.9,奄美大島近海,28°22.5′N,130°04.6′E,40 km,1.7,---
2024/01/02,02:19:22.2,石川県能登地方,37°13.2′N,136°46.0′E,0 km,2.0,---
2024/01/02,02:19:41.0,富山県東部,36°31.0′N,137°31.9′E,6 km,1.5,---
2024/01/02,02:19:53.3,能登半島沖,37°07.5′N,136°42.0′E,5 km,2.1,---
2024/01/02,02:20:14.5,能登半島沖,37°31.0′N,137°14.8′E,10 km,2.5,---
2024/01/02,02:21:07.5,青森県東方沖,41°29.2′N,142°22.8′E,41 km,0.7,---
2024/01/02,02:21:10.9,石川県能登地方,37°12.1′N,136°44.8′E,0 km,2.9,---
2024/01/02,02:21:48.8,千葉県南東沖,34°53.9′N,140°03.3′E,87 km,1.2,---
2024/01/02,02:22:06.0,石川県能登地方,37°14.3′N,136°53.2′E,14 km,2.5,---
2024/01/02,02:22:21.2,能登半島沖,37°35.3′N,137°16.3′E,2 km,2.4,---
2024/01/02,02:22:47.3,石川県能登地方,37°28.0′N,137°09.8′E,7 km,2.0,---
2024/01/02,02:23:11.7,石川県能登地方,37°21.6′N,136°57.7′E,8 km,2.4,---
2024/01/02,02:23:32.1,能登半島沖,37°27.5′N,137°02.6′E,8 km,2.0,---
2024/01/02,02:24:15.3,佐渡付近,37°48.4′N,137°41.7′E,19 km,2.4,---
2024/01/02,02:25:07.6,能登半島沖,37°12.0′N,136°41.0′E,1 km,1.8,---
2024/01/02,02:25:11.1,富山県東部,36°41.3′N,137°39.9′E,0 km,0.6,---
2024/01/02,02:25:36.3,浦河沖,41°37.0′N,142°20.8′E,37 km,1.6,---
2024/01/02,02:25:38.0,能登半島沖,37°21.3′N,136°42.7′E,6 km,3.5,---
2024/01/02,02:25:43.2,石川県能登地方,37°26.2′N,137°10.9′E,14 km,2.5,---
2024/01/02,02:25:56.1,石川県能登地方,37°27.6′N,137°11.8′E,12 km,2.5,---
2024/01/02,02:26:22.8,石川県能登地方,37°10.5′N,136°42.4′E,2 km,3.0,---
2024/01/02,02:27:08.9,遠州灘,33°47.2′N,138°05.5′E,27 km,2.0,---
2024/01/02,02:27:37.6,石川県能登地方,37°24.8′N,137°05.1′E,8 km,1.9,---
2024/01/02,02:27:51.3,能登半島沖,37°09.0′N,136°38.6′E,9 km,2.2,---
2024/01/02,02:28:13.5,能登半島沖,37°33.2′N,137°19.7′E,12 km,2.5,---
2024/01/02,02:28:14.1,能登半島沖,37°11.7′N,136°40.0′E,6 km,2.5,---
2024/01/02,02:28:50.2,能登半島沖,37°14.3′N,136°39.3′E,4 km,2.6,---
2024/01/02,02:28:54.0,佐渡付近,37°49.0′N,137°37.7′E,17 km,3.0,---
2024/01/02,02:28:59.0,石川県能登地方,37°30.3′N,137°19.1′E,6 km,1.0,---
2024/01/02,02:29:02.5,和歌山県北部,33°58.8′N,135°15.7′E,12 km,0.1,---
2024/01/02,02:29:11.8,石川県能登地方,37°19.2′N,136°49.2′E,9 km,3.2,---
2024/01/02,02:29:48.6,福島県沖,37°46.3′N,141°35.0′E,54 km,1.0,---
2024/01/02,02:29:55.9,石川県能登地方,37°22.3′N,136°56.2′E,10 km,3.7,---
2024/01/02,02:32:07.1,石川県能登地方,37°21.9′N,136°59.5′E,7 km,1.9,---
2024/01/02,02:32:15.2,佐渡付近,37°53.0′N,137°45.9′E,21 km,2.1,---
2024/01/02,02:32:54.3,石川県能登地方,37°28.6′N,137°14.6′E,11 km,2.1,---
2024/01/02,02:32:59.5,能登半島沖,37°08.5′N,136°41.7′E,4 km,3.0,---
2024/01/02,02:33:30.6,能登半島沖,37°38.2′N,137°25.5′E,11 km,4.6,---
2024/01/02,02:35:42.2,能登半島沖,37°13.7′N,136°40.9′E,0 km,2.1,---
2024/01/02,02:35:57.5,能登半島沖,37°28.5′N,137°22.9′E,14 km,不明,---
2024/01/02,02:36:11.1,能登半島沖,37°08.5′N,136°40.3′E,9 km,2.1,---
2024/01/02,02:36:25.7,能登半島沖,37°38.7′N,137°26.2′E,0 km,3.6,---
2024/01/02,02:36:59.5,佐渡付近,37°47.1′N,137°42.8′E,17 km,3.4,---
2024/01/02,02:37:10.2,石川県能登地方,37°29.6′N,137°17.3′E,11 km,2.1,---
2024/01/02,02:37:39.5,能登半島沖,37°36.4′N,137°27.7′E,12 km,3.3,---
2024/01/02,02:38:21.0,能登半島沖,37°30.8′N,137°10.7′E,1 km,2.2,---
2024/01/02,02:38:34.3,石川県能登地方,37°23.6′N,137°06.7′E,14 km,2.3,---
2024/01/02,02:38:36.8,石川県能登地方,37°22.0′N,137°04.9′E,11 km,2.8,---
2024/01/02,02:39:15.5,石川県能登地方,37°12.3′N,136°51.8′E,10 km,2.1,---
2024/01/02,02:39:27.5,能登半島沖,37°14.8′N,136°41.7′E,6 km,3.4,---
2024/01/02,02:39:34.2,福島県沖,37°12.3′N,141°12.0′E,29 km,1.1,---
2024/01/02,02:39:54.3,石川県能登地方,37°21.9′N,136°56.1′E,7 km,3.1,---
2024/01/02,02:40:23.9,福島県沖,37°50.2′N,141°36.5′E,48 km,0.6,---
2024/01/02,02:40:49.9,石川県能登地方,37°09.6′N,136°42.3′E,8 km,2.1,---
2024/01/02,02:41:14.8,周防灘,33°52.8′N,131°23.6′E,14 km,0.8,---
2024/01/02,02:41:21.0,新潟県上中越沖,37°38.1′N,137°34.2′E,0 km,3.1,---
2024/01/02,02:41:23.6,福島県沖,37°48.2′N,141°39.0′E,54 km,0.8,---
2024/01/02,02:42:17.3,福島県沖,36°55.0′N,140°53.7′E,19 km,0.9,---
2024/01/02,02:42:29.9,能登半島沖,37°33.0′N,137°23.3′E,10 km,2.8,---
2024/01/02,02:42:48.3,京都府南部,35°02.8′N,135°33.6′E,13 km,0.4,---
2024/01/02,02:43:08.2,石川県能登地方,37°29.9′N,137°18.7′E,11 km,2.4,---
2024/01/02,02:43:22.8,石川県能登地方,37°29.7′N,137°11.6′E,10 km,2.2,---
2024/01/02,02:43:41.9,石川県能登地方,37°12.0′N,136°42.0′E,4 km,2.9,---
2024/01/02,02:44:20.5,石川県能登地方,37°12.9′N,136°51.3′E,11 km,1.9,---
2024/01/02,02:44:28.9,石川県能登地方,37°11.3′N,136°45.4′E,6 km,2.8,---
2024/01/02,02:44:50.3,能登半島沖,37°07.2′N,136°43.4′E,10 km,2.4,---
2024/01/02,02:45:11.1,宮城県沖,37°58.0′N,141°50.2′E,49 km,1.0,---
2024/01/02,02:45:27.7,佐渡付近,37°50.6′N,137°46.9′E,17 km,2.3,---
2024/01/02,02:45:33.1,能登半島沖,37°31.2′N,137°10.4′E,10 km,2.0,---
2024/01/02,02:46:28.7,佐渡付近,37°44.1′N,137°40.0′E,20 km,2.5,---
2024/01/02,02:46:37.5,能登半島沖,37°28.7′N,137°03.8′E,6 km,2.2,---
2024/01/02,02:47:05.8,石川県能登地方,37°13.8′N,136°48.7′E,6 km,2.0,---
2024/01/02,02:47:25.3,石川県能登地方,37°09.6′N,136°46.3′E,7 km,3.2,---
2024/01/02,02:48:02.4,石川県能登地方,37°14.5′N,136°50.1′E,11 km,2.4,---
2024/01/02,02:48:24.6,佐渡付近,37°51.6′N,137°49.4′E,20 km,4.0,---
2024/01/02,02:48:42.5,薩摩半島西方沖,31°47.5′N,129°07.3′E,12 km,2.9,---
2024/01/02,02:49:24.5,石川県能登地方,37°20.9′N,137°01.8′E,10 km,3.1,---
2024/01/02,02:49:49.2,石川県能登地方,37°13.1′N,136°44.7′E,0 km,2.7,---
2024/01/02,02:50:10.3,能登半島沖,37°32.9′N,137°11.2′E,0 km,2.9,---
2024/01/02,02:51:06.5,石川県能登地方,37°27.6′N,137°10.0′E,12 km,2.3,---
2024/01/02,02:52:09.2,石川県能登地方,37°13.1′N,136°44.4′E,5 km,4.2,---
2024/01/02,02:53:12.8,能登半島沖,37°30.7′N,137°11.5′E,8 km,3.4,---
2024/01/02,02:53:14.3,石川県能登地方,37°13.1′N,136°44.6′E,5 km,3.3,---
2024/01/02,02:53:29.3,薩摩半島西方沖,31°47.2′N,129°07.1′E,10 km,2.4,---
2024/01/02,02:54:09.6,石川県能登地方,37°25.9′N,137°11.6′E,14 km,不明,---
2024/01/02,02:54:26.3,石川県能登地方,37°14.0′N,136°48.0′E,11 km,2.6,---
2024/01/02,02:54:34.9,石川県能登地方,37°22.4′N,137°01.0′E,11 km,2.7,---
2024/01/02,02:55:16.2,能登半島沖,37°30.7′N,137°10.3′E,8 km,1.8,---
2024/01/02,02:55:57.0,福島県沖,37°17.2′N,142°16.7′E,21 km,1.6,---
2024/01/02,02:56:12.3,石川県能登地方,37°12.8′N,136°52.4′E,8 km,1.8,---
2024/01/02,02:56:49.2,石川県能登地方,37°28.6′N,137°07.5′E,12 km,2.2,---
2024/01/02,02:57:09.8,能登半島沖,37°32.2′N,137°10.6′E,8 km,2.8,---
2024/01/02,02:57:49.0,佐渡付近,37°44.9′N,137°39.2′E,15 km,2.0,---
2024/01/02,02:58:13.3,新潟県上中越沖,37°41.1′N,137°37.4′E,18 km,2.2,---
2024/01/02,02:58:30.3,石川県能登地方,37°21.1′N,136°52.2′E,9 km,2.8,---
2024/01/02,02:58:40.9,佐渡付近,37°51.5′N,137°49.1′E,16 km,3.0,---
2024/01/02,02:59:21.5,石川県能登地方,37°21.8′N,136°57.1′E,8 km,2.3,---
2024/01/02,02:59:40.7,宮城県沖,38°33.3′N,142°00.5′E,36 km,1.0,---
2024/01/02,03:00:03.8,能登半島沖,37°33.8′N,137°23.8′E,0 km,2.1,---
2024/01/02,03:00:06.8,四国沖,33°00.0′N,134°44.5′E,5 km,1.4,---
2024/01/02,03:00:12.0,佐渡付近,37°43.5′N,137°39.0′E,16 km,2.7,---
2024/01/02,03:00:30.3,能登半島沖,37°10.0′N,136°40.0′E,9 km,2.4,---
2024/01/02,03:00:51.5,能登半島沖,37°08.8′N,136°36.8′E,12 km,2.3,---
2024/01/02,03:01:04.1,石川県能登地方,37°20.1′N,136°58.0′E,11 km,2.6,---
2024/01/02,03:01:28.4,石川県能登地方,37°27.2′N,137°05.9′E,7 km,2.5,---
2024/01/02,03:01:58.6,能登半島沖,37°14.6′N,136°41.7′E,6 km,4.0,---
2024/01/02,03:02:45.0,佐渡付近,37°46.1′N,137°42.0′E,19 km,2.9,---
2024/01/02,03:02:59.1,秋田県沖,40°24.9′N,139°50.1′E,17 km,0.8,---
2024/01/02,03:03:32.1,石川県能登地方,37°10.9′N,136°41.2′E,7 km,2.0,---
2024/01/02,03:03:58.6,石川県能登地方,37°27.0′N,137°10.8′E,12 km,2.8,---
2024/01/02,03:04:10.2,青森県東方沖,40°36.6′N,142°20.8′E,48 km,0.8,---
2024/01/02,03:04:27.8,石川県能登地方,37°21.5′N,136°52.6′E,9 km,2.0,---
2024/01/02,03:04:49.4,石川県能登地方,37°24.0′N,137°08.3′E,11 km,2.8,---
2024/01/02,03:05:25.8,能登半島沖,37°33.3′N,137°26.1′E,10 km,2.2,---
2024/01/02,03:05:48.8,石川県能登地方,37°19.6′N,136°58.9′E,11 km,1.8,---
2024/01/02,03:06:00.1,石川県能登地方,37°21.9′N,136°51.3′E,9 km,3.4,---
2024/01/02,03:06:48.5,能登半島沖,37°07.9′N,136°40.2′E,7 km,2.7,---
2024/01/02,03:07:40.2,佐渡付近,37°45.1′N,137°39.0′E,19 km,3.1,---
2024/01/02,03:07:45.5,日向灘,32°14.4′N,131°54.4′E,14 km,0.6,---
2024/01/02,03:08:43.3,石川県能登地方,37°11.7′N,136°41.2′E,11 km,2.0,---
2024/01/02,03:10:01.6,能登半島沖,37°08.2′N,136°41.8′E,7 km,3.0,---
2024/01/02,03:10:41.9,熊本県熊本地方,32°52.7′N,130°39.3′E,12 km,0.6,---
2024/01/02,03:11:10.1,千葉県南東沖,34°37.9′N,140°24.3′E,51 km,1.4,---
2024/01/02,03:11:17.0,石川県能登地方,37°15.0′N,136°49.3′E,9 km,2.2,---
2024/01/02,03:11:21.2,能登半島沖,37°33.3′N,137°23.2′E,8 km,2.9,---
2024/01/02,03:12:47.0,奄美大島北東沖,29°22.3′N,130°49.7′E,59 km,1.8,---
2024/01/02,03:12:56.7,石川県能登地方,37°17.7′N,136°54.0′E,12 km,1.8,---
2024/01/02,03:13:29.1,石川県能登地方,37°10.0′N,136°41.7′E,5 km,2.3,---
2024/01/02,03:13:56.6,能登半島沖,37°13.6′N,136°38.2′E,4 km,2.5,---
2024/01/02,03:14:03.0,佐渡付近,37°50.4′N,137°42.9′E,19 km,3.4,---
2024/01/02,03:15:39.1,石川県能登地方,37°12.4′N,136°49.8′E,5 km,2.1,---
2024/01/02,03:15:44.2,佐渡付近,37°42.2′N,138°00.1′E,22 km,1.5,---
2024/01/02,03:16:07.7,石川県能登地方,37°27.1′N,137°10.2′E,13 km,2.4,---
2024/01/02,03:16:34.8,朝鮮半島南部,35°10.4′N,129°33.2′E,17 km,1.2,---
2024/01/02,03:16:42.9,能登半島沖,37°06.0′N,136°35.1′E,9 km,3.1,---
2024/01/02,03:17:18.4,石川県能登地方,37°13.1′N,136°52.1′E,11 km,2.3,---
2024/01/02,03:17:33.0,石川県西方沖,37°05.6′N,136°35.3′E,4 km,3.2,---
2024/01/02,03:18:33.7,石川県西方沖,36°58.7′N,136°45.1′E,11 km,2.4,---
2024/01/02,03:18:37.1,石川県能登地方,37°19.9′N,136°48.1′E,5 km,2.6,---
2024/01/02,03:19:32.0,石川県西方沖,36°58.8′N,136°45.3′E,10 km,1.5,---
2024/01/02,03:19:48.1,佐渡付近,37°54.1′N,137°44.6′E,15 km,2.0,---
2024/01/02,03:19:55.1,能登半島沖,37°18.3′N,136°37.6′E,13 km,3.0,---
2024/01/02,03:20:11.9,石川県能登地方,37°28.1′N,137°17.3′E,11 km,2.9,---
2024/01/02,03:20:19.4,石川県能登地方,37°16.2′N,136°48.1′E,9 km,2.4,---
2024/01/02,03:20:42.5,石川県能登地方,37°29.5′N,137°10.6′E,12 km,2.6,---
2024/01/02,03:20:52.3,石川県能登地方,37°14.9′N,136°47.4′E,7 km,2.1,---
2024/01/02,03:21:22.7,石川県能登地方,37°19.3′N,136°54.5′E,8 km,2.3,---
2024/01/02,03:22:21.1,石川県能登地方,37°20.9′N,136°59.6′E,11 km,2.9,---
2024/01/02,03:22:38.9,能登半島沖,37°09.6′N,136°40.8′E,7 km,2.8,---
2024/01/02,03:22:52.3,石川県能登地方,37°23.2′N,136°56.1′E,11 km,2.6,---
2024/01/02,03:23:45.8,石川県能登地方,37°09.9′N,136°42.1′E,6 km,3.1,---
2024/01/02,03:23:50.0,石川県能登地方,37°20.4′N,137°03.0′E,9 km,2.8,---
2024/01/02,03:24:27.7,石川県能登地方,37°18.9′N,136°55.2′E,12 km,2.3,---
2024/01/02,03:24:38.4,石川県能登地方,37°11.9′N,136°51.2′E,10 km,2.4,---
2024/01/02,03:25:47.3,石川県能登地方,37°22.5′N,136°53.5′E,9 km,2.8,---
2024/01/02,03:26:38.2,石川県能登地方,37°25.5′N,137°06.6′E,12 km,2.1,---
2024/01/02,03:27:03.2,宮崎県南部山沿い,31°56.4′N,131°01.7′E,8 km,0.5,---
2024/01/02,03:27:20.6,石川県能登地方,37°23.2′N,137°00.1′E,6 km,3.2,---
2024/01/02,03:27:48.1,石川県能登地方,37°13.0′N,136°42.0′E,4 km,2.7,---
2024/01/02,03:28:37.5,能登半島沖,37°07.6′N,136°37.8′E,9 km,2.3,---
2024/01/02,03:28:51.5,佐渡付近,37°43.6′N,137°41.8′E,17 km,3.0,---
2024/01/02,03:29:38.8,石川県能登地方,37°08.6′N,136°44.6′E,2 km,3.9,---
2024/01/02,03:31:21.7,石川県能登地方,37°17.3′N,136°46.9′E,7 km,2.4,---
2024/01/02,03:31:43.1,石川県能登地方,37°10.9′N,136°44.4′E,7 km,2.8,---
2024/01/02,03:31:44.4,鹿児島県薩摩地方,31°17.5′N,130°25.1′E,150 km,2.2,---
2024/01/02,03:32:32.6,能登半島沖,37°34.9′N,137°28.8′E,16 km,2.9,---
2024/01/02,03:32:56.3,能登半島沖,37°10.0′N,136°40.5′E,4 km,3.4,---
2024/01/02,03:33:56.1,石川県能登地方,37°21.8′N,136°57.3′E,10 km,4.0,---
2024/01/02,03:35:57.1,石川県能登地方,37°17.9′N,136°51.6′E,13 km,3.3,---
2024/01/02,03:36:58.7,石川県能登地方,37°12.1′N,136°49.9′E,11 km,1.9,---
2024/01/02,03:37:24.2,福島県沖,37°51.0′N,141°33.8′E,48 km,0.7,---
2024/01/02,03:37:49.9,石川県能登地方,37°14.0′N,136°46.8′E,9 km,2.3,---
2024/01/02,03:38:11.6,石川県能登地方,37°17.6′N,136°47.3′E,12 km,2.3,---
2024/01/02,03:38:41.4,能登半島沖,37°17.4′N,136°42.5′E,10 km,2.3,---
2024/01/02,03:38:58.1,石川県能登地方,37°11.4′N,136°47.4′E,1 km,1.9,---
2024/01/02,03:39:03.4,能登半島沖,37°32.2′N,137°15.8′E,8 km,2.9,---
2024/01/02,03:39:21.4,石川県能登地方,37°25.2′N,137°06.2′E,12 km,2.8,---
2024/01/02,03:39:46.5,能登半島沖,37°33.4′N,137°24.1′E,15 km,2.6,---
2024/01/02,03:40:37.5,新潟県上中越沖,37°40.9′N,137°32.6′E,21 km,2.2,---
2024/01/02,03:41:19.8,石川県能登地方,37°12.4′N,136°43.4′E,6 km,1.8,---
2024/01/02,03:41:27.9,能登半島沖,37°05.8′N,136°38.7′E,10 km,2.2,---
2024/01/02,03:42:10.3,石川県能登地方,37°10.1′N,136°41.0′E,6 km,2.1,---
2024/01/02,03:42:33.9,能登半島沖,37°06.6′N,136°38.3′E,15 km,1.5,---
2024/01/02,03:43:42.5,石川県能登地方,37°19.1′N,136°55.6′E,11 km,2.1,---
2024/01/02,03:43:47.5,与那国島近海,24°11.3′N,122°28.7′E,43 km,3.2,---
2024/01/02,03:43:52.1,能登半島沖,37°31.8′N,137°25.2′E,15 km,2.7,---
2024/01/02,03:44:05.8,石川県能登地方,37°23.0′N,136°50.0′E,10 km,2.7,---
2024/01/02,03:44:44.8,石川県能登地方,37°12.4′N,136°44.1′E,10 km,1.9,---
2024/01/02,03:45:44.3,石川県能登地方,37°31.6′N,137°18.6′E,11 km,2.2,---
2024/01/02,03:46:06.2,石川県能登地方,37°20.1′N,136°49.2′E,12 km,2.1,---
2024/01/02,03:46:11.2,福島県沖,37°47.8′N,141°47.3′E,43 km,0.9,---
2024/01/02,03:46:13.9,薩摩半島西方沖,31°47.7′N,129°06.5′E,6 km,2.7,---
2024/01/02,03:46:20.2,石川県能登地方,37°11.4′N,136°51.1′E,13 km,2.8,---
2024/01/02,03:46:42.7,石川県能登地方,37°27.4′N,137°09.0′E,11 km,2.5,---
2024/01/02,03:47:06.4,石川県西方沖,36°57.8′N,136°45.1′E,9 km,3.9,---
2024/01/02,03:47:23.9,宮城県沖,38°52.4′N,142°26.3′E,34 km,1.2,---
2024/01/02,03:48:13.4,石川県能登地方,37°12.8′N,136°43.7′E,8 km,2.1,---
2024/01/02,03:48:20.5,新潟県上中越沖,37°40.7′N,137°36.5′E,23 km,2.9,---
2024/01/02,03:48:34.6,沖縄本島近海,26°49.5′N,128°26.5′E,28 km,1.2,---
2024/01/02,03:48:45.4,宮城県沖,38°27.0′N,142°10.4′E,37 km,1.2,---
2024/01/02,03:49:03.4,能登半島沖,37°10.8′N,136°39.0′E,9 km,1.7,---
2024/01/02,03:49:22.3,石川県能登地方,37°22.0′N,137°00.7′E,10 km,2.5,---
2024/01/02,03:49:36.8,石川県能登地方,37°18.6′N,136°55.7′E,9 km,2.4,---
2024/01/02,03:49:43.7,能登半島沖,37°19.5′N,136°40.9′E,3 km,2.2,---
2024/01/02,03:49:53.7,石川県能登地方,37°17.9′N,136°47.1′E,12 km,2.5,---
2024/01/02,03:50:03.9,秋田県内陸北部,40°28.9′N,140°51.8′E,4 km,-0.1,---
2024/01/02,03:50:27.2,石川県能登地方,37°13.1′N,136°52.6′E,11 km,2.5,---
2024/01/02,03:51:11.3,石川県西方沖,36°58.0′N,136°45.8′E,9 km,1.8,---
2024/01/02,03:51:25.4,佐渡付近,37°50.7′N,137°41.4′E,18 km,2.4,---
2024/01/02,03:51:38.7,能登半島沖,37°29.1′N,137°02.6′E,8 km,2.2,---
2024/01/02,03:51:42.0,能登半島沖,37°33.9′N,137°09.3′E,5 km,2.3,---
2024/01/02,03:52:42.3,佐渡付近,37°54.5′N,137°49.2′E,19 km,3.3,---
2024/01/02,03:52:54.3,石川県能登地方,37°12.5′N,136°43.7′E,0 km,1.6,---
2024/01/02,03:53:03.5,福島県沖,37°42.8′N,142°22.1′E,26 km,1.1,---
2024/01/02,03:53:04.3,能登半島沖,37°12.3′N,136°41.1′E,3 km,3.1,---
2024/01/02,03:53:25.8,能登半島沖,37°30.2′N,137°09.1′E,8 km,2.5,---
2024/01/02,03:53:41.4,能登半島沖,37°33.4′N,137°26.9′E,9 km,2.4,---
2024/01/02,03:54:01.0,石川県能登地方,37°25.0′N,137°09.6′E,14 km,2.3,---
2024/01/02,03:54:08.3,石川県能登地方,37°22.5′N,136°53.6′E,6 km,2.5,---
2024/01/02,03:54:39.2,石川県能登地方,37°11.0′N,136°45.5′E,1 km,3.4,---
2024/01/02,03:55:24.4,石川県能登地方,37°21.8′N,136°53.0′E,8 km,3.0,---
2024/01/02,03:56:04.8,能登半島沖,37°08.3′N,136°41.1′E,3 km,2.1,---
2024/01/02,03:56:41.7,薩摩半島西方沖,31°47.6′N,129°07.5′E,1 km,0.9,---
2024/01/02,03:56:44.4,石川県能登地方,37°17.8′N,136°50.5′E,11 km,2.7,---
2024/01/02,03:57:22.3,石川県能登地方,37°09.2′N,136°41.2′E,7 km,2.9,---
2024/01/02,03:58:10.1,新潟県上中越沖,37°41.4′N,137°40.0′E,18 km,2.6,---
2024/01/02,03:58:25.7,能登半島沖,37°21.0′N,136°45.2′E,9 km,2.5,---
2024/01/02,03:59:01.0,石川県能登地方,37°30.1′N,137°15.1′E,11 km,2.5,---
2024/01/02,03:59:16.1,与那国島近海,23°59.2′N,122°24.3′E,22 km,4.1,---
2024/01/02,03:59:55.2,能登半島沖,37°25.0′N,136°58.0′E,0 km,2.2,---
2024/01/02,03:59:56.2,佐渡付近,37°50.8′N,137°43.8′E,21 km,3.1,---
2024/01/02,04:00:06.1,北海道北西沖,44°44.3′N,141°42.6′E,17 km,0.9,---
2024/01/02,04:00:52.9,佐渡付近,37°47.6′N,137°53.0′E,16 km,2.0,---
2024/01/02,04:00:55.6,能登半島沖,37°12.0′N,136°41.7′E,7 km,2.2,---
2024/01/02,04:01:06.4,石川県能登地方,37°28.9′N,137°10.9′E,13 km,2.4,---
2024/01/02,04:01:13.8,能登半島沖,37°07.2′N,136°41.9′E,9 km,1.8,---
2024/01/02,04:01:38.6,石川県能登地方,37°14.5′N,136°50.6′E,12 km,1.6,---
2024/01/02,04:01:57.6,能登半島沖,37°08.9′N,136°41.8′E,10 km,2.0,---
2024/01/02,04:02:02.9,能登半島沖,37°07.4′N,136°41.1′E,5 km,2.9,---
2024/01/02,04:02:21.0,大分県南部,32°57.2′N,131°32.0′E,12 km,0.0,---
2024/01/02,04:02:22.5,石川県能登地方,37°18.6′N,136°49.8′E,11 km,4.0,---
2024/01/02,04:03:05.0,奄美大島北東沖,29°07.8′N,130°50.7′E,33 km,2.0,---
2024/01/02,04:03:14.7,静岡県西部,35°13.6′N,138°00.2′E,15 km,1.9,---
2024/01/02,04:03:35.3,石川県能登地方,37°09.5′N,136°42.1′E,7 km,2.0,---
2024/01/02,04:03:51.8,石川県能登地方,37°27.0′N,137°12.9′E,14 km,2.1,---
2024/01/02,04:04:20.3,能登半島沖,37°16.8′N,136°42.6′E,5 km,2.1,---
2024/01/02,04:04:43.8,能登半島沖,37°08.9′N,136°42.9′E,6 km,2.6,---
2024/01/02,04:05:08.8,石川県能登地方,37°22.0′N,136°57.9′E,7 km,2.5,---
2024/01/02,04:05:39.9,豊後水道,32°49.2′N,132°29.1′E,29 km,1.1,---
2024/01/02,04:05:40.1,石川県能登地方,37°27.4′N,137°08.5′E,10 km,4.0,---
2024/01/02,04:06:04.8,石川県能登地方,37°22.5′N,136°56.1′E,7 km,3.3,---
2024/01/02,04:06:22.5,三陸沖,38°07.7′N,144°48.7′E,26 km,2.0,---
2024/01/02,04:07:12.8,石川県能登地方,37°26.6′N,137°07.6′E,11 km,2.7,---
2024/01/02,04:07:50.6,石川県能登地方,37°20.9′N,136°58.3′E,11 km,2.8,---
2024/01/02,04:08:27.2,佐渡付近,38°06.3′N,138°06.8′E,14 km,2.2,---
2024/01/02,04:08:34.8,能登半島沖,37°07.6′N,136°40.4′E,5 km,2.1,---
2024/01/02,04:09:11.7,石川県能登地方,37°10.3′N,136°43.9′E,3 km,1.4,---
2024/01/02,04:09:26.7,石川県能登地方,37°22.7′N,136°59.2′E,8 km,2.0,---
2024/01/02,04:10:22.5,能登半島沖,37°33.9′N,137°22.9′E,12 km,2.4,---
2024/01/02,04:10:53.7,石川県能登地方,37°23.5′N,136°57.6′E,6 km,2.7,---
2024/01/02,04:11:24.3,能登半島沖,37°03.1′N,136°42.8′E,11 km,2.0,---
2024/01/02,04:11:50.7,能登半島沖,37°13.9′N,136°39.3′E,6 km,2.5,---
2024/01/02,04:11:58.5,沖縄本島近海,27°22.3′N,128°55.4′E,19 km,0.8,---
2024/01/02,04:12:13.7,能登半島沖,37°33.5′N,137°28.8′E,16 km,3.3,---
2024/01/02,04:12:18.9,石川県能登地方,37°13.2′N,136°43.1′E,3 km,2.3,---
2024/01/02,04:13:01.1,石川県能登地方,37°12.8′N,136°52.8′E,13 km,2.4,---
2024/01/02,04:13:08.0,石川県能登地方,37°12.1′N,136°42.8′E,8 km,2.9,---
2024/01/02,04:13:41.4,石川県能登地方,37°16.6′N,136°48.2′E,0 km,1.9,---
2024/01/02,04:13:59.9,佐渡付近,37°45.5′N,137°41.0′E,19 km,2.5,---
2024/01/02,04:14:29.9,佐渡付近,37°48.1′N,137°37.6′E,20 km,1.9,---
2024/01/02,04:14:34.5,石川県能登地方,37°12.0′N,136°46.1′E,0 km,1.8,---
2024/01/02,04:15:04.1,宮城県沖,38°16.0′N,141°48.1′E,57 km,2.9,---
2024/01/02,04:15:21.8,能登半島沖,37°07.2′N,136°37.0′E,7 km,3.1,---
2024/01/02,04:16:35.2,石川県能登地方,37°23.0′N,136°52.8′E,9 km,2.0,---
2024/01/02,04:16:58.9,能登半島沖,37°08.8′N,136°40.9′E,11 km,1.9,---
2024/01/02,04:17:15.7,石川県能登地方,37°27.3′N,137°15.5′E,13 km,2.7,---
2024/01/02,04:17:17.7,佐渡付近,37°43.7′N,137°32.6′E,19 km,2.9,---
2024/01/02,04:17:38.1,佐渡付近,37°44.4′N,137°36.8′E,11 km,3.0,---
2024/01/02,04:17:54.7,石川県能登地方,37°14.3′N,136°48.0′E,12 km,2.2,---
2024/01/02,04:18:23.6,石川県能登地方,37°27.9′N,137°13.3′E,13 km,2.0,---
2024/01/02,04:18:32.4,薩摩半島西方沖,31°47.9′N,129°07.7′E,3 km,0.9,---
2024/01/02,04:18:35.3,能登半島沖,37°18.7′N,136°35.3′E,14 km,2.5,---
2024/01/02,04:18:37.4,佐渡付近,37°51.2′N,137°42.4′E,21 km,2.6,---
2024/01/02,04:18:58.6,能登半島沖,37°38.7′N,137°26.7′E,16 km,2.8,---
2024/01/02,04:19:52.7,佐渡付近,37°53.9′N,137°47.9′E,18 km,2.1,---
2024/01/02,04:20:42.3,佐渡付近,37°44.3′N,137°38.2′E,19 km,3.5,---
2024/01/02,04:21:45.5,石川県能登地方,37°20.1′N,136°50.4′E,9 km,2.6,---
2024/01/02,04:22:41.0,石川県能登地方,37°24.4′N,137°10.6′E,10 km,2.3,---
2024/01/02,04:22:43.9,能登半島沖,37°12.2′N,136°41.7′E,5 km,2.4,---
2024/01/02,04:22:49.9,石川県能登地方,37°25.8′N,137°08.3′E,0 km,3.1,---
2024/01/02,04:23:30.9,石川県能登地方,37°22.0′N,136°58.2′E,8 km,2.1,---
2024/01/02,04:24:01.1,能登半島沖,37°07.4′N,136°41.0′E,8 km,2.7,---
2024/01/02,04:24:03.6,能登半島沖,37°33.3′N,137°23.5′E,7 km,3.5,---
2024/01/02,04:24:33.4,石川県能登地方,37°09.3′N,136°49.2′E,14 km,2.8,---
2024/01/02,04:24:48.6,石川県能登地方,37°27.5′N,137°16.7′E,13 km,2.8,---
2024/01/02,04:25:14.5,石川県加賀地方,36°09.5′N,136°46.6′E,3 km,1.1,---
2024/01/02,04:25:20.7,石川県能登地方,37°22.2′N,136°53.6′E,6 km,2.5,---
2024/01/02,04:25:39.0,石川県西方沖,37°05.1′N,136°32.7′E,14 km,1.9,---
2024/01/02,04:25:48.4,鹿児島県薩摩地方,31°31.3′N,130°21.0′E,0 km,-0.5,---
2024/01/02,04:26:06.7,宮城県沖,38°48.0′N,141°36.3′E,13 km,0.5,---
2024/01/02,04:26:18.1,石川県能登地方,37°12.1′N,136°46.0′E,0 km,2.8,---
2024/01/02,04:27:05.1,石川県西方沖,37°04.3′N,136°35.5′E,9 km,2.6,---
2024/01/02,04:27:14.4,石川県西方沖,37°04.3′N,136°34.5′E,9 km,4.7,---
2024/01/02,04:29:20.3,石川県能登地方,37°24.9′N,136°52.4′E,9 km,2.5,---
2024/01/02,04:30:30.9,石川県能登地方,37°25.9′N,137°03.4′E,7 km,2.2,---
2024/01/02,04:31:50.1,石川県西方沖,37°05.4′N,136°34.1′E,9 km,2.0,---
2024/01/02,04:31:59.8,佐渡付近,37°54.1′N,137°42.5′E,18 km,2.4,---
2024/01/02,04:32:15.8,石川県西方沖,37°04.7′N,136°35.0′E,13 km,2.4,---
2024/01/02,04:32:31.7,石川県能登地方,37°14.9′N,136°47.0′E,7 km,2.3,---
2024/01/02,04:32:33.4,新潟県上中越沖,37°37.4′N,137°32.0′E,19 km,3.4,---
2024/01/02,04:33:10.9,石川県能登地方,37°21.6′N,137°04.7′E,15 km,2.3,---
2024/01/02,04:34:00.2,石川県能登地方,37°15.4′N,136°47.0′E,10 km,1.8,---
2024/01/02,04:34:05.0,能登半島沖,37°22.7′N,136°46.4′E,8 km,2.6,---
2024/01/02,04:34:32.0,能登半島沖,37°31.0′N,137°26.1′E,11 km,2.5,---
2024/01/02,04:34:57.1,石川県能登地方,37°24.8′N,137°06.5′E,9 km,2.0,---
2024/01/02,04:35:39.4,石川県能登地方,37°25.6′N,137°03.7′E,8 km,3.2,---
2024/01/02,04:36:56.1,石川県能登地方,37°10.2′N,136°51.0′E,13 km,2.6,---
2024/01/02,04:37:25.0,新潟県上中越沖,37°37.7′N,137°32.9′E,15 km,3.9,---
2024/01/02,04:38:16.2,石川県能登地方,37°22.0′N,137°02.6′E,13 km,2.4,---
2024/01/02,04:38:45.7,能登半島沖,37°09.9′N,136°40.3′E,12 km,1.8,---
2024/01/02,04:39:22.0,石川県能登地方,37°30.7′N,137°19.6′E,9 km,2.1,---
2024/01/02,04:39:41.4,石川県能登地方,37°23.2′N,136°53.9′E,3 km,2.3,---
2024/01/02,04:40:03.8,石川県能登地方,37°23.2′N,136°59.3′E,5 km,2.2,---
2024/01/02,04:40:27.1,能登半島沖,37°14.2′N,136°40.4′E,6 km,2.8,---
2024/01/02,04:40:55.3,佐渡付近,38°11.2′N,138°13.5′E,15 km,1.0,---
2024/01/02,04:41:09.1,石川県西方沖,37°03.9′N,136°34.6′E,10 km,3.3,---
2024/01/02,04:42:07.4,能登半島沖,37°15.4′N,136°40.6′E,12 km,4.9,---
2024/01/02,04:43:16.9,宮城県沖,38°21.3′N,142°10.8′E,29 km,1.5,---
2024/01/02,04:43:42.1,宮城県沖,38°41.7′N,142°15.1′E,40 km,2.9,---
2024/01/02,04:44:23.6,石川県能登地方,37°10.2′N,136°46.7′E,0 km,2.1,---
2024/01/02,04:44:53.4,石川県西方沖,37°04.9′N,136°32.5′E,8 km,3.6,---
2024/01/02,04:45:51.7,石川県西方沖,37°04.2′N,136°35.0′E,10 km,2.8,---
2024/01/02,04:46:32.8,石川県能登地方,37°14.6′N,136°47.6′E,6 km,1.9,---
2024/01/02,04:46:42.2,能登半島沖,37°07.5′N,136°39.8′E,13 km,1.9,---
2024/01/02,04:47:03.7,佐渡付近,37°50.7′N,137°45.4′E,16 km,2.0,---
2024/01/02,04:47:24.1,能登半島沖,37°18.7′N,136°42.9′E,7 km,2.0,---
2024/01/02,04:47:39.4,石川県能登地方,37°27.9′N,137°06.7′E,10 km,2.7,---
2024/01/02,04:48:00.1,石川県能登地方,37°20.2′N,136°49.5′E,9 km,2.4,---
2024/01/02,04:48:39.1,石川県能登地方,37°13.0′N,136°50.4′E,11 km,2.9,---
2024/01/02,04:49:03.0,新潟県上中越沖,37°38.1′N,137°33.6′E,10 km,3.1,---
2024/01/02,04:49:33.3,石川県能登地方,37°20.5′N,136°56.3′E,9 km,3.3,---
2024/01/02,04:49:58.7,石川県能登地方,37°23.1′N,137°03.0′E,10 km,3.9,---
2024/01/02,04:50:45.0,佐渡付近,37°52.9′N,137°45.0′E,19 km,4.2,---
2024/01/02,04:50:53.2,石川県能登地方,37°19.5′N,136°48.0′E,6 km,不明,---
2024/01/02,04:51:37.4,佐渡付近,37°49.9′N,137°42.2′E,19 km,3.3,---
2024/01/02,04:52:11.3,遠州灘,34°33.9′N,137°00.8′E,31 km,1.4,---
2024/01/02,04:53:26.0,石川県能登地方,37°11.5′N,136°42.4′E,10 km,1.8,---
2024/01/02,04:53:55.1,能登半島沖,37°14.1′N,136°38.5′E,6 km,2.5,---
2024/01/02,04:54:35.8,能登半島沖,37°08.4′N,136°42.3′E,8 km,2.3,---
2024/01/02,04:54:41.5,静岡県伊豆地方,35°00.5′N,139°01.1′E,5 km,0.2,---
2024/01/02,04:54:44.2,石川県能登地方,37°10.7′N,136°44.3′E,4 km,2.1,---
2024/01/02,04:54:47.5,佐渡付近,37°50.0′N,137°41.0′E,15 km,1.9,---
2024/01/02,04:55:28.4,石川県能登地方,37°20.0′N,136°56.2′E,8 km,1.9,---
2024/01/02,04:55:44.2,石川県能登地方,37°22.7′N,136°57.1′E,11 km,3.6,---
2024/01/02,04:56:55.6,石川県能登地方,37°30.3′N,137°16.6′E,9 km,2.9,---
2024/01/02,04:57:24.5,能登半島沖,37°14.8′N,136°41.5′E,11 km,3.2,---
2024/01/02,04:57:59.8,石川県能登地方,37°20.5′N,136°45.2′E,7 km,2.0,---
2024/01/02,04:58:16.5,日向灘,32°12.7′N,131°37.6′E,14 km,0.4,---
2024/01/02,04:58:33.4,石川県能登地方,37°22.5′N,136°58.8′E,5 km,2.3,---
2024/01/02,04:58:39.4,石川県能登地方,37°22.0′N,136°59.0′E,9 km,2.9,---
2024/01/02,04:58:55.3,能登半島沖,37°20.0′N,136°44.0′E,6 km,2.8,---
2024/01/02,04:59:55.0,石川県能登地方,37°16.8′N,136°50.5′E,11 km,2.5,---
2024/01/02,05:00:35.8,能登半島沖,37°31.9′N,137°22.5′E,8 km,1.5,---
2024/01/02,05:00:47.0,佐渡付近,37°47.8′N,137°41.2′E,14 km,2.2,---
2024/01/02,05:01:54.2,能登半島沖,37°28.4′N,137°03.5′E,9 km,2.4,---
2024/01/02,05:02:20.7,石川県能登地方,37°27.8′N,137°08.1′E,10 km,2.2,---
2024/01/02,05:02:30.6,千葉県南部,35°08.6′N,139°55.9′E,69 km,1.1,---
2024/01/02,05:03:36.2,石川県能登地方,37°19.8′N,136°59.8′E,12 km,3.9,---
2024/01/02,05:04:21.4,能登半島沖,37°12.3′N,136°37.6′E,3 km,3.2,---
2024/01/02,05:05:20.5,宮崎県南部山沿い,31°56.1′N,131°02.1′E,6 km,-0.8,---
2024/01/02,05:05:29.7,能登半島沖,37°20.2′N,136°44.1′E,6 km,2.1,---
2024/01/02,05:06:01.3,石川県能登地方,37°22.6′N,137°06.0′E,11 km,2.9,---
2024/01/02,05:06:32.0,石川県能登地方,37°14.7′N,136°45.9′E,7 km,2.1,---
2024/01/02,05:06:57.5,石川県能登地方,37°21.3′N,137°03.8′E,11 km,2.1,---
2024/01/02,05:07:54.4,能登半島沖,37°20.2′N,136°36.8′E,2 km,2.9,---
2024/01/02,05:08:24.4,石川県能登地方,37°17.6′N,136°50.5′E,13 km,2.9,---
2024/01/02,05:09:18.3,茨城県沖,36°26.4′N,141°05.7′E,32 km,1.3,---
2024/01/02,05:09:23.1,栃木県北部,36°37.0′N,139°25.1′E,8 km,0.0,---
2024/01/02,05:09:27.1,三陸沖,37°50.0′N,143°37.3′E,17 km,1.9,---
2024/01/02,05:10:17.8,石川県能登地方,37°22.7′N,136°50.6′E,8 km,2.8,---
2024/01/02,05:10:25.8,茨城県北部,36°49.6′N,140°36.0′E,7 km,-0.3,---
2024/01/02,05:12:09.8,能登半島沖,37°08.6′N,136°39.3′E,2 km,2.6,---
2024/01/02,05:12:33.6,石川県能登地方,37°12.3′N,136°47.6′E,4 km,2.7,---
2024/01/02,05:12:47.4,橘湾,32°37.6′N,129°59.2′E,13 km,-0.1,---
2024/01/02,05:12:57.9,石川県能登地方,37°12.8′N,137°01.0′E,17 km,2.4,---
2024/01/02,05:13:23.9,石川県能登地方,37°18.6′N,136°51.3′E,12 km,2.5,---
2024/01/02,05:13:55.5,石川県能登地方,37°28.7′N,137°11.4′E,10 km,2.3,---
2024/01/02,05:14:12.8,能登半島沖,37°11.9′N,136°38.7′E,8 km,2.1,---
2024/01/02,05:15:11.2,新潟県上中越沖,37°35.2′N,137°34.2′E,18 km,2.1,---
2024/01/02,05:15:31.7,石川県能登地方,37°26.4′N,137°09.1′E,13 km,2.2,---
2024/01/02,05:16:21.2,能登半島沖,37°07.2′N,136°37.4′E,7 km,2.3,---
2024/01/02,05:16:54.0,石川県能登地方,37°19.4′N,136°54.4′E,9 km,1.8,---
2024/01/02,05:17:00.3,佐渡付近,37°47.3′N,137°41.3′E,17 km,2.5,---
2024/01/02,05:17:45.6,石川県能登地方,37°14.3′N,136°46.1′E,11 km,2.3,---
2024/01/02,05:18:26.8,能登半島沖,37°07.3′N,136°41.3′E,6 km,3.5,---
2024/01/02,05:18:38.7,石川県能登地方,37°14.9′N,136°49.4′E,12 km,3.4,---
2024/01/02,05:18:45.7,宮崎県南部山沿い,31°54.1′N,131°03.3′E,6 km,-0.6,---
2024/01/02,05:19:14.1,石川県能登地方,37°11.2′N,136°42.7′E,3 km,2.3,---
2024/01/02,05:19:47.9,石川県能登地方,37°22.5′N,136°50.0′E,10 km,1.9,---
2024/01/02,05:21:13.3,能登半島沖,37°07.2′N,136°39.9′E,8 km,1.7,---
2024/01/02,05:21:24.0,能登半島沖,37°10.0′N,136°39.9′E,11 km,3.9,---
2024/01/02,05:22:11.8,石川県能登地方,37°21.7′N,137°01.1′E,7 km,2.3,---
2024/01/02,05:22:36.9,石川県能登地方,37°27.1′N,137°08.0′E,11 km,2.6,---
2024/01/02,05:22:51.0,能登半島沖,37°08.4′N,136°40.2′E,10 km,2.5,---
2024/01/02,05:23:09.7,熊本県天草・芦北地方,32°15.5′N,130°31.3′E,4 km,0.6,---
2024/01/02,05:23:10.2,石川県能登地方,37°23.6′N,136°53.4′E,7 km,3.0,---
2024/01/02,05:23:43.5,石川県能登地方,37°12.0′N,136°43.1′E,5 km,1.9,---
2024/01/02,05:24:31.9,石川県西方沖,37°05.8′N,136°32.6′E,12 km,2.5,---
2024/01/02,05:24:56.7,佐渡付近,37°43.4′N,137°59.2′E,21 km,2.8,---
2024/01/02,05:25:51.8,石川県能登地方,37°24.8′N,137°00.2′E,5 km,2.3,---
2024/01/02,05:25:57.6,根室半島南東沖,43°19.5′N,145°39.1′E,97 km,1.3,---
2024/01/02,05:26:12.3,千葉県東方沖,35°38.5′N,140°41.8′E,48 km,1.4,---
2024/01/02,05:26:26.1,石川県西方沖,37°05.6′N,136°33.1′E,12 km,1.9,---
2024/01/02,05:27:07.1,石川県能登地方,37°13.8′N,136°45.1′E,7 km,1.9,---
2024/01/02,05:27:26.9,佐渡付近,37°43.3′N,137°36.8′E,17 km,3.2,---
2024/01/02,05:27:59.2,能登半島沖,37°41.7′N,137°25.5′E,0 km,3.1,---
2024/01/02,05:28:34.9,石川県能登地方,37°13.8′N,136°42.2′E,3 km,1.6,---
2024/01/02,05:28:51.1,石川県能登地方,37°07.7′N,136°44.6′E,4 km,2.3,---
2024/01/02,05:28:59.5,佐渡付近,37°52.5′N,137°41.0′E,19 km,2.3,---
2024/01/02,05:29:13.8,石川県能登地方,37°31.1′N,137°16.3′E,11 km,2.4,---
2024/01/02,05:29:49.8,石川県能登地方,37°29.2′N,137°10.7′E,12 km,2.2,---
2024/01/02,05:30:18.4,能登半島沖,37°31.3′N,137°11.7′E,6 km,2.6,---
2024/01/02,05:30:56.1,福島県沖,37°50.1′N,141°36.7′E,47 km,0.8,---
2024/01/02,05:31:55.2,石川県能登地方,37°13.9′N,136°49.0′E,11 km,1.5,---
2024/01/02,05:32:02.8,宮城県沖,38°52.3′N,142°26.9′E,30 km,1.4,---
2024/01/02,05:32:05.9,富山県東部,36°39.0′N,137°45.3′E,1 km,0.4,---
2024/01/02,05:32:06.4,福島県沖,37°50.3′N,141°37.3′E,49 km,1.9,---
2024/01/02,05:32:08.5,岩手県内陸南部,39°05.0′N,140°50.4′E,12 km,0.6,---
2024/01/02,05:32:09.7,能登半島沖,37°12.4′N,136°37.6′E,6 km,2.4,---
2024/01/02,05:32:37.8,石川県能登地方,37°20.4′N,137°04.2′E,15 km,2.1,---
2024/01/02,05:33:17.6,石川県能登地方,37°18.7′N,136°52.3′E,12 km,2.0,---
2024/01/02,05:33:35.1,石川県能登地方,37°16.6′N,136°45.4′E,11 km,1.8,---
2024/01/02,05:34:08.4,能登半島沖,37°37.0′N,137°28.7′E,12 km,2.5,---
2024/01/02,05:34:28.6,石川県能登地方,37°23.8′N,137°03.2′E,9 km,2.5,---
2024/01/02,05:34:34.1,群馬県南部,36°36.9′N,139°22.6′E,4 km,0.5,---
2024/01/02,05:34:54.8,熊本県熊本地方,32°33.1′N,130°36.7′E,11 km,0.3,---
2024/01/02,05:34:56.7,能登半島沖,37°36.4′N,137°28.4′E,10 km,2.8,---
2024/01/02,05:34:58.7,石川県能登地方,37°14.8′N,136°45.1′E,9 km,2.1,---
2024/01/02,05:35:47.6,石川県能登地方,37°17.5′N,136°46.5′E,9 km,2.6,---
2024/01/02,05:36:10.8,沖縄本島近海,26°47.4′N,128°29.3′E,22 km,0.4,---
2024/01/02,05:36:34.4,伊豆大島近海,34°50.6′N,139°14.2′E,140 km,2.4,---
2024/01/02,05:36:35.9,能登半島沖,37°32.0′N,137°29.0′E,13 km,1.8,---
2024/01/02,05:37:01.1,石川県能登地方,37°14.4′N,136°44.5′E,9 km,2.1,---
2024/01/02,05:37:59.1,新潟県上中越沖,37°40.8′N,137°30.7′E,12 km,2.3,---
2024/01/02,05:38:40.8,石川県能登地方,37°19.4′N,136°53.5′E,10 km,2.2,---
2024/01/02,05:38:42.8,鳥島近海,29°33.3′N,142°04.9′E,67 km,3.5,---
2024/01/02,05:39:22.0,奄美大島近海,27°48.8′N,128°58.8′E,14 km,0.9,---
2024/01/02,05:39:35.4,石川県能登地方,37°21.0′N,136°53.2′E,7 km,2.1,---
2024/01/02,05:40:48.9,石川県能登地方,37°25.8′N,137°05.2′E,9 km,2.0,---
2024/01/02,05:41:21.1,石川県能登地方,37°11.7′N,136°44.1′E,8 km,1.9,---
2024/01/02,05:41:33.5,福島県中通り,36°53.6′N,140°34.1′E,9 km,1.4,---
2024/01/02,05:41:42.9,茨城県沖,36°08.6′N,142°04.0′E,6 km,不明,---
2024/01/02,05:41:55.4,石川県能登地方,37°27.9′N,137°07.7′E,13 km,1.9,---
2024/01/02,05:42:01.2,オホーツク海南部,45°20.8′N,145°03.3′E,296 km,3.5,---
2024/01/02,05:42:25.1,石川県能登地方,37°24.8′N,137°11.2′E,15 km,2.1,---
2024/01/02,05:42:59.1,佐渡付近,37°54.3′N,137°43.3′E,22 km,1.6,---
2024/01/02,05:43:03.1,橘湾,32°37.8′N,129°59.3′E,11 km,-0.1,---
2024/01/02,05:43:07.2,石川県西方沖,37°05.1′N,136°35.0′E,14 km,1.8,---
2024/01/02,05:43:22.3,石川県能登地方,37°20.6′N,136°50.6′E,5 km,2.0,---
2024/01/02,05:43:34.2,茨城県沖,36°18.8′N,140°52.5′E,39 km,1.5,---
2024/01/02,05:43:56.6,能登半島沖,37°13.0′N,136°41.4′E,4 km,2.2,---
2024/01/02,05:44:00.0,熊本県熊本地方,32°38.0′N,130°29.2′E,12 km,0.9,---
2024/01/02,05:44:11.5,新潟県上中越沖,37°37.8′N,137°32.9′E,11 km,2.4,---
2024/01/02,05:45:08.2,石川県能登地方,37°21.4′N,137°00.6′E,13 km,2.2,---
2024/01/02,05:45:10.4,周防灘,33°52.7′N,131°23.6′E,14 km,2.0,---
2024/01/02,05:45:13.6,宮城県沖,37°58.4′N,141°40.1′E,48 km,1.0,---
2024/01/02,05:45:35.0,石川県能登地方,37°26.7′N,137°07.9′E,14 km,2.0,---
2024/01/02,05:45:55.8,石川県能登地方,37°26.0′N,137°07.1′E,13 km,1.9,---
2024/01/02,05:46:10.0,能登半島沖,37°13.1′N,136°38.2′E,7 km,2.3,---
2024/01/02,05:46:15.5,新潟県上中越沖,37°40.4′N,137°37.6′E,17 km,2.6,---
2024/01/02,05:46:29.7,石川県能登地方,37°09.6′N,136°48.6′E,4 km,2.1,---
2024/01/02,05:46:30.0,岩手県沖,39°27.2′N,142°25.7′E,31 km,1.2,---
2024/01/02,05:46:37.6,佐渡付近,37°52.5′N,137°44.9′E,14 km,3.1,---
2024/01/02,05:47:36.5,能登半島沖,37°33.1′N,137°29.0′E,13 km,2.4,---
2024/01/02,05:48:39.3,石川県能登地方,37°20.0′N,136°46.7′E,8 km,1.4,---
2024/01/02,05:48:58.9,石川県能登地方,37°21.3′N,137°00.8′E,13 km,3.1,---
2024/01/02,05:49:31.3,石川県能登地方,37°17.4′N,136°47.6′E,8 km,2.3,---
2024/01/02,05:50:34.2,石川県能登地方,37°31.8′N,137°18.3′E,10 km,2.2,---
2024/01/02,05:50:57.8,能登半島沖,37°15.9′N,136°42.0′E,5 km,1.9,---
2024/01/02,05:51:29.3,佐渡付近,37°52.4′N,137°42.8′E,22 km,3.5,---
2024/01/02,05:52:40.6,石川県能登地方,37°26.8′N,137°06.4′E,8 km,2.5,---
2024/01/02,05:52:56.0,石川県能登地方,37°13.3′N,136°45.8′E,10 km,2.2,---
2024/01/02,05:53:09.7,能登半島沖,37°05.0′N,136°41.1′E,9 km,2.1,---
2024/01/02,05:53:26.8,島根県東部,35°23.1′N,132°51.9′E,14 km,0.6,---
2024/01/02,05:54:10.8,石川県能登地方,37°28.8′N,137°12.3′E,13 km,2.0,---
2024/01/02,05:54:33.9,福島県沖,37°26.7′N,141°57.2′E,38 km,0.9,---
2024/01/02,05:54:39.8,石川県能登地方,37°30.5′N,137°18.9′E,10 km,2.5,---
2024/01/02,05:54:58.2,石川県能登地方,37°12.7′N,136°42.8′E,2 km,2.3,---
2024/01/02,05:55:43.9,新潟県上中越沖,37°18.0′N,137°47.8′E,10 km,1.5,---
2024/01/02,05:55:46.3,新潟県上中越沖,37°37.8′N,137°34.7′E,14 km,2.0,---
2024/01/02,05:55:57.5,佐渡付近,37°42.7′N,137°32.9′E,8 km,2.6,---
2024/01/02,05:56:36.1,石川県能登地方,37°22.4′N,137°09.3′E,12 km,3.7,---
2024/01/02,05:56:36.9,十勝地方中部,42°50.3′N,143°08.0′E,116 km,1.5,---
2024/01/02,05:56:48.1,島根県東部,35°22.9′N,132°52.0′E,14 km,0.2,---
2024/01/02,05:58:00.9,佐渡付近,37°45.9′N,137°42.8′E,19 km,3.1,---
2024/01/02,05:59:05.0,新潟県上中越沖,37°39.4′N,137°38.6′E,15 km,3.5,---
2024/01/02,06:00:22.7,鹿児島湾,31°25.1′N,130°37.5′E,7 km,0.0,---
2024/01/02,06:00:57.0,能登半島沖,37°18.6′N,136°42.9′E,7 km,2.3,---
2024/01/02,06:01:17.1,石川県能登地方,37°10.1′N,136°41.3′E,8 km,1.9,---
2024/01/02,06:01:27.3,佐渡付近,37°42.1′N,137°35.5′E,16 km,2.6,---
2024/01/02,06:02:51.7,能登半島沖,37°29.4′N,137°22.4′E,12 km,2.5,---
2024/01/02,06:04:29.5,石川県能登地方,37°12.1′N,136°47.8′E,8 km,2.1,---
2024/01/02,06:04:30.5,石川県能登地方,37°21.6′N,137°06.8′E,10 km,2.4,---
2024/01/02,06:05:55.4,能登半島沖,37°34.1′N,137°16.3′E,8 km,2.1,---
2024/01/02,06:06:12.0,能登半島沖,37°35.5′N,137°26.2′E,8 km,2.8,---
2024/01/02,06:06:23.1,茨城県南部,36°18.7′N,140°01.0′E,73 km,1.9,---
2024/01/02,06:06:23.6,新潟県上中越沖,37°37.2′N,137°31.2′E,7 km,3.0,---
2024/01/02,06:07:27.3,石川県能登地方,37°14.8′N,136°50.1′E,14 km,2.3,---
2024/01/02,06:07:49.0,天草灘,31°58.7′N,130°12.2′E,8 km,-0.2,---
2024/01/02,06:08:01.7,能登半島沖,37°07.5′N,136°37.5′E,12 km,1.8,---
2024/01/02,06:08:35.0,能登半島沖,37°35.6′N,137°19.8′E,7 km,2.6,---
2024/01/02,06:09:07.0,石川県能登地方,37°20.0′N,137°00.1′E,6 km,2.3,---
2024/01/02,06:09:39.0,新潟県上中越沖,37°38.2′N,137°34.6′E,17 km,2.1,---
2024/01/02,06:10:15.9,岐阜県飛騨地方,35°59.4′N,137°31.7′E,6 km,0.6,---
2024/01/02,06:11:11.2,石川県能登地方,37°14.6′N,136°51.0′E,13 km,3.1,---
2024/01/02,06:11:47.5,福島県中通り,37°17.0′N,139°59.5′E,5 km,0.3,---
2024/01/02,06:11:51.6,石川県能登地方,37°11.8′N,136°45.1′E,2 km,1.6,---
2024/01/02,06:12:19.7,茨城県南部,36°12.2′N,140°05.9′E,62 km,0.5,---
2024/01/02,06:12:38.4,石川県能登地方,37°22.9′N,136°58.3′E,8 km,2.2,---
2024/01/02,06:13:01.6,石川県能登地方,37°22.9′N,136°53.4′E,7 km,3.1,---
2024/01/02,06:14:02.2,石川県能登地方,37°17.6′N,136°47.8′E,10 km,1.9,---
2024/01/02,06:14:37.1,石川県能登地方,37°21.5′N,136°46.4′E,7 km,2.9,---
2024/01/02,06:15:52.1,長崎県南西部,32°55.7′N,129°56.3′E,13 km,0.1,---
2024/01/02,06:17:25.5,新潟県上中越沖,37°41.3′N,137°32.5′E,24 km,3.1,---
2024/01/02,06:19:13.5,能登半島沖,37°41.0′N,137°27.4′E,7 km,2.7,---
2024/01/02,06:21:24.9,佐渡付近,37°46.3′N,137°40.6′E,20 km,1.9,---
2024/01/02,06:22:07.9,能登半島沖,37°36.5′N,137°25.8′E,12 km,3.1,---
2024/01/02,06:22:56.8,石川県能登地方,37°10.1′N,136°45.1′E,5 km,2.1,---
2024/01/02,06:23:25.6,石川県能登地方,37°20.9′N,136°49.1′E,9 km,2.6,---
2024/01/02,06:24:00.7,九州地方南東沖,30°47.7′N,132°10.9′E,55 km,不明,---
2024/01/02,06:24:28.2,石川県能登地方,37°23.5′N,137°07.2′E,12 km,2.8,---
2024/01/02,06:24:51.5,石川県能登地方,37°21.6′N,136°54.4′E,0 km,2.6,---
2024/01/02,06:25:10.1,石川県能登地方,37°13.1′N,136°49.7′E,1 km,2.1,---
2024/01/02,06:25:30.7,新潟県上中越沖,37°32.6′N,137°30.6′E,15 km,2.8,---
2024/01/02,06:26:45.8,福島県沖,37°41.7′N,141°36.2′E,56 km,1.9,---
2024/01/02,06:27:08.9,石川県能登地方,37°20.2′N,136°59.9′E,11 km,2.9,---
2024/01/02,06:29:22.0,岩手県沖,39°01.7′N,142°26.4′E,29 km,1.3,---
2024/01/02,06:30:27.9,石川県能登地方,37°19.3′N,136°46.5′E,8 km,3.6,---
2024/01/02,06:30:47.5,山梨県東部・富士五湖,35°34.9′N,139°07.3′E,24 km,0.5,---
2024/01/02,06:31:13.9,山梨県東部・富士五湖,35°34.3′N,139°07.2′E,24 km,1.1,---
2024/01/02,06:31:47.2,佐渡付近,37°51.0′N,137°49.5′E,17 km,3.0,---
2024/01/02,06:33:09.6,能登半島沖,37°13.3′N,136°37.5′E,5 km,2.7,---
2024/01/02,06:33:45.3,石川県能登地方,37°10.1′N,136°41.1′E,7 km,3.2,---
2024/01/02,06:34:28.4,石川県能登地方,37°21.0′N,136°54.3′E,12 km,4.2,---
2024/01/02,06:37:22.3,能登半島沖,37°30.0′N,137°08.9′E,8 km,2.1,---
2024/01/02,06:38:09.4,紀伊水道,33°48.9′N,134°54.3′E,14 km,1.2,---
2024/01/02,06:38:15.9,佐渡付近,37°42.1′N,137°31.8′E,13 km,2.7,---
2024/01/02,06:38:32.2,新潟県上中越沖,37°34.1′N,137°38.0′E,17 km,3.4,---
2024/01/02,06:39:21.3,石川県能登地方,37°10.5′N,136°44.4′E,2 km,2.3,---
2024/01/02,06:39:55.7,石川県能登地方,37°15.2′N,136°49.9′E,11 km,2.5,---
2024/01/02,06:40:58.3,石川県能登地方,37°23.2′N,137°03.1′E,11 km,2.0,---
2024/01/02,06:41:46.5,佐渡付近,37°44.8′N,137°39.8′E,19 km,2.7,---
2024/01/02,06:42:49.0,石川県能登地方,37°31.7′N,137°16.7′E,12 km,2.0,---
2024/01/02,06:43:14.8,能登半島沖,37°08.3′N,136°40.3′E,4 km,1.5,---
2024/01/02,06:43:46.6,石川県能登地方,37°17.4′N,136°47.1′E,9 km,1.6,---
2024/01/02,06:43:47.0,佐渡付近,37°43.1′N,137°31.0′E,22 km,2.5,---
2024/01/02,06:44:07.6,石川県能登地方,37°12.7′N,136°43.6′E,5 km,2.1,---
2024/01/02,06:44:51.2,石川県能登地方,37°12.7′N,136°43.9′E,3 km,2.4,---
2024/01/02,06:45:47.4,石川県能登地方,37°10.3′N,136°44.8′E,2 km,2.8,---
2024/01/02,06:46:13.0,奄美大島北東沖,29°14.5′N,130°29.0′E,26 km,2.2,---
2024/01/02,06:46:15.4,千葉県北西部,35°39.2′N,140°04.8′E,70 km,1.0,---
2024/01/02,06:47:13.3,岩手県沖,39°38.2′N,142°06.0′E,49 km,3.1,---
2024/01/02,06:47:53.7,能登半島沖,37°26.0′N,137°01.4′E,6 km,3.7,---
2024/01/02,06:49:28.2,釧路沖,42°28.6′N,144°36.5′E,62 km,2.5,---
2024/01/02,06:50:06.3,能登半島沖,37°13.2′N,136°40.7′E,9 km,2.7,---
2024/01/02,06:50:46.8,能登半島沖,37°26.1′N,137°00.5′E,4 km,1.9,---
2024/01/02,06:51:08.5,能登半島沖,37°38.6′N,137°28.4′E,12 km,2.4,---
2024/01/02,06:51:38.9,佐渡付近,37°42.6′N,137°37.3′E,22 km,2.3,---
2024/01/02,06:51:56.7,十勝沖,41°31.7′N,144°49.3′E,20 km,2.4,---
2024/01/02,06:52:42.2,能登半島沖,37°35.1′N,137°24.7′E,12 km,2.2,---
2024/01/02,06:52:55.9,福井県嶺北,36°07.9′N,136°28.6′E,8 km,0.7,---
2024/01/02,06:53:46.6,新潟県上中越沖,37°33.3′N,137°37.4′E,19 km,4.1,---
2024/01/02,06:55:37.0,能登半島沖,37°06.8′N,136°38.9′E,7 km,1.6,---
2024/01/02,06:56:23.5,佐渡付近,37°54.3′N,137°43.4′E,24 km,2.6,---
2024/01/02,06:57:34.4,石川県能登地方,37°27.7′N,137°07.6′E,11 km,2.3,---
2024/01/02,06:58:11.3,釧路沖,42°53.7′N,145°05.4′E,86 km,1.9,---
2024/01/02,06:58:13.8,石川県能登地方,37°16.3′N,136°52.2′E,13 km,2.1,---
2024/01/02,06:59:50.4,能登半島沖,37°09.3′N,136°40.8′E,5 km,1.9,---
2024/01/02,07:00:40.3,石川県能登地方,37°19.8′N,136°45.0′E,2 km,1.7,---
2024/01/02,07:00:57.6,石川県能登地方,37°18.3′N,136°51.0′E,13 km,3.0,---
2024/01/02,07:01:22.1,佐渡付近,37°54.8′N,137°43.0′E,19 km,3.0,---
2024/01/02,07:01:25.1,青森県津軽南部,40°34.7′N,140°20.6′E,8 km,1.0,---
2024/01/02,07:01:43.4,能登半島沖,37°26.2′N,137°02.9′E,5 km,2.5,---
2024/01/02,07:02:14.9,石川県能登地方,37°11.0′N,136°47.8′E,0 km,1.6,---
2024/01/02,07:02:30.8,石川県能登地方,37°12.8′N,136°43.4′E,5 km,1.9,---
2024/01/02,07:02:43.0,石川県能登地方,37°13.5′N,136°42.4′E,3 km,2.1,---
2024/01/02,07:02:47.5,石川県能登地方,37°10.9′N,136°51.4′E,12 km,2.0,---
2024/01/02,07:03:31.3,能登半島沖,37°32.3′N,137°20.7′E,10 km,2.7,---
2024/01/02,07:03:53.0,福島県会津,37°41.3′N,140°01.1′E,7 km,1.0,---
2024/01/02,07:04:14.5,石川県能登地方,37°20.2′N,136°47.6′E,7 km,1.7,---
2024/01/02,07:04:14.8,能登半島沖,37°31.5′N,137°09.7′E,2 km,1.6,---
2024/01/02,07:05:47.7,石川県能登地方,37°10.3′N,136°43.4′E,4 km,2.5,---
2024/01/02,07:06:11.2,石川県能登地方,37°18.8′N,136°47.1′E,7 km,3.1,---
2024/01/02,07:06:34.2,宮城県沖,38°03.4′N,141°59.7′E,42 km,2.9,---
2024/01/02,07:07:37.7,石川県能登地方,37°18.8′N,136°46.9′E,5 km,2.1,---
2024/01/02,07:07:45.7,能登半島沖,37°08.1′N,136°43.3′E,3 km,1.5,---
2024/01/02,07:08:10.3,石川県能登地方,37°12.0′N,136°42.5′E,3 km,不明,---
2024/01/02,07:08:16.0,宮城県沖,38°03.5′N,142°00.0′E,40 km,不明,---
2024/01/02,07:09:19.4,石川県能登地方,37°22.5′N,136°57.2′E,11 km,3.7,---
2024/01/02,07:10:08.1,宮城県沖,38°02.3′N,141°59.6′E,39 km,不明,---
2024/01/02,07:10:13.5,石川県能登地方,37°10.4′N,136°43.0′E,2 km,1.7,---
2024/01/02,07:10:57.3,能登半島沖,37°11.9′N,136°39.5′E,8 km,2.8,---
2024/01/02,07:11:04.6,島根県東部,35°23.0′N,132°52.2′E,14 km,0.3,---
2024/01/02,07:11:54.5,石川県能登地方,37°18.0′N,136°46.9′E,11 km,不明,---
2024/01/02,07:11:56.5,石川県能登地方,37°14.7′N,136°49.0′E,8 km,1.5,---
2024/01/02,07:13:05.5,石川県能登地方,37°16.2′N,136°50.2′E,8 km,1.7,---
2024/01/02,07:13:16.0,石川県能登地方,37°21.0′N,137°04.6′E,11 km,不明,---
2024/01/02,07:13:22.2,石川県能登地方,37°10.0′N,136°42.1′E,4 km,3.2,---
2024/01/02,07:13:23.9,福島県沖,37°49.9′N,141°36.8′E,49 km,1.5,---
2024/01/02,07:13:30.3,石川県能登地方,37°19.2′N,136°55.4′E,11 km,4.5,---
2024/01/02,07:13:36.9,宮崎県北部平野部,32°35.9′N,131°40.5′E,56 km,1.2,---
2024/01/02,07:14:31.0,石川県能登地方,37°23.0′N,137°01.3′E,6 km,3.1,---
2024/01/02,07:16:03.4,石川県能登地方,37°22.2′N,137°02.0′E,10 km,2.3,---
2024/01/02,07:16:26.8,能登半島沖,37°27.5′N,137°03.7′E,6 km,2.5,---
2024/01/02,07:17:00.0,青森県東方沖,41°21.5′N,142°44.7′E,26 km,1.2,---
2024/01/02,07:17:41.8,石川県能登地方,37°27.0′N,137°11.7′E,12 km,2.3,---
2024/01/02,07:18:12.2,佐渡付近,37°53.9′N,137°43.5′E,0 km,2.1,---
2024/01/02,07:18:18.3,石川県能登地方,37°20.6′N,136°58.1′E,8 km,2.4,---
2024/01/02,07:18:49.4,大隅半島東方沖,31°10.4′N,131°11.5′E,39 km,0.7,---
2024/01/02,07:18:58.4,佐渡付近,37°44.6′N,137°33.2′E,21 km,2.9,---
2024/01/02,07:19:16.2,石川県能登地方,37°09.2′N,136°41.7′E,3 km,1.5,---
2024/01/02,07:19:31.9,和歌山県北部,33°57.0′N,135°25.5′E,53 km,0.5,---
2024/01/02,07:20:00.2,石川県能登地方,37°23.3′N,137°06.5′E,10 km,2.7,---
2024/01/02,07:20:16.8,新潟県上中越沖,37°36.4′N,137°32.7′E,20 km,2.5,---
2024/01/02,07:21:27.8,新潟県上中越沖,37°37.9′N,137°34.0′E,14 km,2.7,---
2024/01/02,07:22:20.2,石川県能登地方,37°22.2′N,136°54.1′E,9 km,2.4,---
2024/01/02,07:22:34.4,種子島近海,30°37.7′N,131°02.0′E,37 km,1.6,---
2024/01/02,07:22:51.9,石川県能登地方,37°15.8′N,136°46.3′E,9 km,1.7,---
2024/01/02,07:23:00.8,石川県能登地方,37°16.4′N,136°46.8′E,7 km,2.3,---
2024/01/02,07:23:13.4,石川県能登地方,37°15.7′N,136°44.9′E,9 km,1.7,---
2024/01/02,07:23:16.1,石川県能登地方,37°31.3′N,137°16.5′E,9 km,2.0,---
2024/01/02,07:23:27.4,石川県能登地方,37°17.9′N,136°49.6′E,11 km,2.0,---
2024/01/02,07:23:30.8,石川県能登地方,37°28.1′N,137°11.2′E,10 km,2.3,---
2024/01/02,07:23:58.3,石川県能登地方,37°14.4′N,136°45.0′E,9 km,2.3,---
2024/01/02,07:24:37.6,石川県能登地方,37°23.1′N,137°03.1′E,11 km,1.8,---
2024/01/02,07:24:46.4,能登半島沖,37°16.9′N,136°43.5′E,8 km,1.8,---
2024/01/02,07:25:03.9,石川県能登地方,37°11.2′N,136°47.3′E,8 km,2.4,---
2024/01/02,07:25:43.2,能登半島沖,37°25.0′N,136°56.2′E,0 km,3.2,---
2024/01/02,07:26:38.1,石川県能登地方,37°27.9′N,137°14.9′E,11 km,2.1,---
2024/01/02,07:27:01.1,石川県能登地方,37°25.0′N,137°00.1′E,6 km,4.3,---
2024/01/02,07:27:09.2,長崎県南西部,32°55.3′N,129°56.9′E,12 km,不明,---
2024/01/02,07:28:21.1,石川県能登地方,37°19.4′N,136°56.4′E,0 km,2.0,---
2024/01/02,07:28:28.4,石川県能登地方,37°13.6′N,136°47.4′E,8 km,1.7,---
2024/01/02,07:28:48.9,能登半島沖,37°25.4′N,136°58.8′E,1 km,2.0,---
2024/01/02,07:28:56.1,佐渡付近,38°01.2′N,138°15.2′E,11 km,1.6,---
2024/01/02,07:29:09.8,能登半島沖,37°12.8′N,136°37.5′E,2 km,1.8,---
2024/01/02,07:29:11.3,石川県能登地方,37°27.6′N,137°15.0′E,14 km,2.2,---
2024/01/02,07:29:18.1,石川県能登地方,37°31.5′N,137°19.7′E,8 km,2.2,---
2024/01/02,07:29:20.6,種子島近海,30°50.1′N,130°13.8′E,145 km,1.5,---
2024/01/02,07:29:33.2,石川県能登地方,37°14.5′N,136°50.8′E,12 km,1.9,---
2024/01/02,07:30:03.3,能登半島沖,37°21.4′N,136°42.5′E,7 km,1.9,---
2024/01/02,07:31:14.1,岩手県沖,39°38.1′N,142°06.2′E,48 km,2.7,---
2024/01/02,07:31:38.4,能登半島沖,37°14.5′N,136°40.8′E,4 km,1.5,---
2024/01/02,07:31:54.8,能登半島沖,37°15.2′N,136°41.6′E,12 km,2.6,---
2024/01/02,07:34:08.9,石川県能登地方,37°21.2′N,136°56.7′E,11 km,2.4,---
2024/01/02,07:34:18.9,能登半島沖,37°36.4′N,137°24.4′E,11 km,2.6,---
2024/01/02,07:34:45.4,石川県能登地方,37°13.1′N,136°43.4′E,7 km,2.6,---
2024/01/02,07:35:14.0,能登半島沖,37°33.8′N,137°12.9′E,4 km,2.1,---
2024/01/02,07:35:24.5,佐渡付近,37°48.4′N,137°41.7′E,19 km,2.1,---
2024/01/02,07:35:55.0,石川県能登地方,37°29.3′N,137°09.0′E,11 km,1.8,---
2024/01/02,07:36:38.8,和歌山県北部,33°58.7′N,135°15.9′E,12 km,0.3,---
2024/01/02,07:36:46.2,石川県能登地方,37°26.7′N,137°14.9′E,12 km,2.2,---
2024/01/02,07:36:52.3,能登半島沖,37°20.9′N,136°42.6′E,7 km,1.5,---
2024/01/02,07:37:03.7,佐渡付近,37°50.4′N,137°44.8′E,17 km,2.4,---
2024/01/02,07:37:13.9,石川県能登地方,37°20.2′N,136°50.8′E,11 km,1.8,---
2024/01/02,07:37:32.8,石川県能登地方,37°29.3′N,137°16.8′E,12 km,3.9,---
2024/01/02,07:37:39.1,四国沖,33°28.4′N,134°52.1′E,14 km,1.5,---
2024/01/02,07:37:49.5,石川県能登地方,37°29.9′N,137°16.6′E,13 km,4.2,---
2024/01/02,07:38:02.8,熊本県天草・芦北地方,32°23.7′N,130°29.9′E,13 km,-0.1,---
2024/01/02,07:39:06.0,石川県能登地方,37°10.3′N,136°43.3′E,3 km,不明,---
2024/01/02,07:39:21.5,石川県能登地方,37°10.9′N,136°45.2′E,6 km,2.2,---
2024/01/02,07:40:21.0,佐渡付近,37°43.5′N,137°35.6′E,20 km,2.8,---
2024/01/02,07:40:30.9,能登半島沖,37°12.0′N,136°41.2′E,5 km,3.6,---
2024/01/02,07:41:56.3,石川県能登地方,37°18.8′N,137°00.3′E,5 km,2.0,---
2024/01/02,07:42:04.8,石川県能登地方,37°19.8′N,136°46.9′E,5 km,2.0,---
2024/01/02,07:42:11.4,石川県能登地方,37°31.0′N,137°17.0′E,14 km,2.3,---
2024/01/02,07:42:18.6,石川県能登地方,37°14.6′N,136°52.3′E,14 km,1.5,---
2024/01/02,07:42:41.3,能登半島沖,37°18.6′N,136°42.1′E,9 km,2.2,---
2024/01/02,07:42:45.8,能登半島沖,37°17.3′N,136°44.1′E,5 km,1.9,---
2024/01/02,07:42:56.4,石川県能登地方,37°20.5′N,136°57.9′E,12 km,3.2,---
2024/01/02,07:43:30.3,岩手県沖,39°28.0′N,142°42.4′E,27 km,1.4,---
2024/01/02,07:44:02.4,石川県能登地方,37°24.5′N,136°52.3′E,10 km,2.4,---
2024/01/02,07:44:35.1,新潟県上中越沖,37°35.1′N,137°31.3′E,0 km,2.0,---
2024/01/02,07:45:07.4,能登半島沖,37°28.4′N,137°05.6′E,9 km,2.2,---
2024/01/02,07:45:15.3,能登半島沖,37°30.2′N,137°23.7′E,12 km,2.4,---
2024/01/02,07:45:29.6,石川県能登地方,37°17.6′N,136°47.2′E,6 km,2.2,---
2024/01/02,07:45:32.5,佐渡付近,37°56.3′N,137°44.6′E,16 km,不明,---
2024/01/02,07:46:34.7,石川県能登地方,37°19.0′N,136°57.5′E,9 km,2.2,---
2024/01/02,07:46:37.0,石川県能登地方,37°11.5′N,136°41.5′E,7 km,1.8,---
2024/01/02,07:46:50.3,佐渡付近,37°51.8′N,137°42.1′E,23 km,2.3,---
2024/01/02,07:46:50.5,能登半島沖,37°11.7′N,136°39.2′E,5 km,2.4,---
2024/01/02,07:47:47.5,石川県能登地方,37°17.2′N,136°50.9′E,11 km,1.7,---
2024/01/02,07:48:06.8,石川県能登地方,37°14.5′N,136°49.3′E,3 km,1.4,---
2024/01/02,07:48:07.7,能登半島沖,37°31.0′N,137°20.0′E,9 km,2.5,---
2024/01/02,07:48:21.5,石川県能登地方,37°29.3′N,137°13.6′E,10 km,2.2,---
2024/01/02,07:49:14.4,石川県能登地方,37°09.7′N,136°43.5′E,4 km,2.7,---
2024/01/02,07:49:42.2,新潟県上中越沖,37°40.8′N,137°38.1′E,17 km,3.9,---
2024/01/02,07:50:24.2,石川県能登地方,37°18.5′N,136°55.8′E,10 km,2.4,---
2024/01/02,07:51:19.7,能登半島沖,37°07.6′N,136°40.4′E,10 km,2.7,---
2024/01/02,07:51:21.6,石川県能登地方,37°29.3′N,137°16.8′E,13 km,3.0,---
2024/01/02,07:51:23.7,鹿児島湾,31°24.1′N,130°37.5′E,7 km,不明,---
2024/01/02,07:52:03.6,石川県能登地方,37°28.6′N,137°13.7′E,14 km,1.9,---
2024/01/02,07:52:35.4,石川県能登地方,37°12.0′N,136°43.0′E,3 km,2.6,---
2024/01/02,07:53:02.5,能登半島沖,37°33.5′N,137°26.0′E,13 km,3.3,---
2024/01/02,07:54:09.4,石川県能登地方,37°13.3′N,136°44.2′E,2 km,1.9,---
2024/01/02,07:54:10.7,佐渡付近,38°00.3′N,137°59.2′E,10 km,2.8,---
2024/01/02,07:54:15.8,能登半島沖,37°32.4′N,137°09.8′E,7 km,2.3,---
2024/01/02,07:54:41.6,能登半島沖,37°33.2′N,137°09.3′E,12 km,2.2,---
2024/01/02,07:54:59.1,能登半島沖,37°33.8′N,137°12.7′E,10 km,不明,---
2024/01/02,07:55:02.8,山口県中部,34°06.4′N,131°49.9′E,8 km,0.0,---
2024/01/02,07:55:08.6,石川県能登地方,37°10.9′N,136°50.9′E,12 km,1.9,---
2024/01/02,07:55:27.6,石川県能登地方,37°15.6′N,136°45.5′E,6 km,2.4,---
2024/01/02,07:55:31.7,十勝地方北部,43°28.6′N,142°58.0′E,5 km,0.7,---
2024/01/02,07:55:40.3,能登半島沖,37°33.3′N,137°11.4′E,11 km,2.0,---
2024/01/02,07:56:51.7,熊本県熊本地方,32°50.1′N,130°50.3′E,8 km,0.3,---
2024/01/02,07:56:53.0,能登半島沖,37°08.6′N,136°39.2′E,2 km,1.6,---
2024/01/02,07:57:30.9,石川県能登地方,37°24.0′N,136°54.1′E,10 km,1.9,---
2024/01/02,07:57:51.3,石川県能登地方,37°29.7′N,137°17.0′E,11 km,2.4,---
2024/01/02,07:57:57.6,静岡県東部,35°23.6′N,138°56.4′E,19 km,0.3,---
2024/01/02,07:58:19.5,能登半島沖,37°33.8′N,137°21.6′E,6 km,3.0,---
2024/01/02,07:59:03.9,能登半島沖,37°33.1′N,137°22.9′E,7 km,2.9,---
2024/01/02,07:59:13.4,石川県能登地方,37°15.1′N,136°54.2′E,8 km,2.0,---
2024/01/02,07:59:43.1,石川県能登地方,37°22.7′N,136°49.1′E,10 km,1.9,---
2024/01/02,07:59:54.6,能登半島沖,37°13.6′N,136°39.0′E,2 km,1.3,---
2024/01/02,08:00:04.4,能登半島沖,37°38.7′N,137°15.1′E,0 km,不明,---
2024/01/02,08:00:29.2,石川県能登地方,37°24.1′N,136°52.5′E,6 km,2.8,---
2024/01/02,08:00:52.1,能登半島沖,37°26.6′N,137°00.0′E,0 km,2.8,---
2024/01/02,08:01:27.2,石川県能登地方,37°11.7′N,136°48.0′E,9 km,1.2,---
2024/01/02,08:01:39.9,石川県能登地方,37°29.8′N,137°18.5′E,12 km,2.9,---
2024/01/02,08:02:41.9,宗谷地方北部,45°13.7′N,141°38.1′E,9 km,1.9,---
2024/01/02,08:03:00.7,石川県能登地方,37°18.5′N,136°45.4′E,9 km,2.2,---
2024/01/02,08:03:53.1,石川県能登地方,37°27.5′N,137°11.6′E,12 km,2.4,---
2024/01/02,08:03:54.4,能登半島沖,37°16.2′N,136°42.8′E,6 km,1.7,---
2024/01/02,08:03:55.5,薩摩半島西方沖,31°47.5′N,129°08.2′E,3 km,1.1,---
2024/01/02,08:04:09.9,石川県能登地方,37°20.7′N,136°46.0′E,5 km,不明,---
2024/01/02,08:04:17.8,石川県能登地方,37°19.8′N,136°59.0′E,13 km,2.3,---
2024/01/02,08:04:35.5,佐渡付近,37°49.7′N,137°42.6′E,17 km,2.0,---
2024/01/02,08:04:51.6,佐渡付近,37°42.8′N,137°34.0′E,17 km,2.0,---
2024/01/02,08:05:30.4,佐渡付近,37°42.1′N,137°35.2′E,12 km,2.5,---
2024/01/02,08:05:30.8,石川県能登地方,37°20.6′N,136°46.9′E,10 km,不明,---
2024/01/02,08:05:53.5,千葉県南部,35°17.2′N,140°15.5′E,30 km,不明,---
2024/01/02,08:05:59.0,石川県能登地方,37°23.9′N,137°04.0′E,9 km,2.3,---
2024/01/02,08:06:14.5,石川県能登地方,37°13.2′N,136°44.6′E,0 km,不明,---
2024/01/02,08:06:30.8,石川県能登地方,37°18.2′N,136°48.0′E,10 km,1.6,---
2024/01/02,08:06:48.8,能登半島沖,37°06.3′N,136°39.6′E,9 km,1.5,---
2024/01/02,08:07:00.0,石川県能登地方,37°19.6′N,136°50.7′E,9 km,1.9,---
2024/01/02,08:07:27.7,能登半島沖,37°11.6′N,136°40.4′E,11 km,1.8,---
2024/01/02,08:07:54.8,石川県能登地方,37°17.0′N,136°48.7′E,13 km,1.6,---
2024/01/02,08:08:10.6,石川県能登地方,37°28.4′N,137°06.3′E,12 km,1.4,---
2024/01/02,08:08:33.8,石川県能登地方,37°14.1′N,136°47.3′E,9 km,2.6,---
2024/01/02,08:08:46.6,石川県能登地方,37°29.0′N,137°12.0′E,14 km,2.0,---
2024/01/02,08:10:00.4,石川県能登地方,37°22.4′N,136°58.5′E,7 km,1.7,---
2024/01/02,08:10:32.2,能登半島沖,37°10.8′N,136°37.7′E,0 km,1.5,---
2024/01/02,08:10:51.8,石川県能登地方,37°28.1′N,137°06.2′E,11 km,2.2,---
2024/01/02,08:11:15.2,能登半島沖,37°26.4′N,136°59.9′E,0 km,1.8,---
2024/01/02,08:12:46.3,石川県能登地方,37°21.1′N,136°55.7′E,9 km,1.6,---
2024/01/02,08:13:00.3,新潟県上中越沖,37°40.5′N,137°34.5′E,21 km,2.1,---
2024/01/02,08:13:05.8,石川県能登地方,37°18.2′N,136°54.9′E,11 km,2.0,---
2024/01/02,08:13:35.0,能登半島沖,37°32.3′N,137°13.7′E,13 km,1.6,---
2024/01/02,08:13:37.7,能登半島沖,37°13.3′N,136°39.3′E,6 km,1.4,---
2024/01/02,08:13:58.7,能登半島沖,37°36.6′N,137°28.6′E,14 km,2.0,---
2024/01/02,08:14:03.3,石川県能登地方,37°10.8′N,136°41.0′E,8 km,1.3,---
2024/01/02,08:14:48.4,石川県能登地方,37°09.6′N,136°44.2′E,2 km,0.7,---
2024/01/02,08:14:49.9,石川県能登地方,37°30.3′N,137°19.7′E,13 km,2.1,---
2024/01/02,08:14:56.3,石川県能登地方,37°10.8′N,136°45.1′E,3 km,不明,---
2024/01/02,08:14:58.7,佐渡付近,37°49.8′N,137°42.0′E,21 km,2.2,---
2024/01/02,08:14:59.5,石川県能登地方,37°18.0′N,136°51.4′E,13 km,1.7,---
2024/01/02,08:15:19.9,石川県能登地方,37°24.5′N,137°08.7′E,13 km,2.8,---
2024/01/02,08:15:37.9,佐渡付近,37°42.4′N,137°31.7′E,7 km,3.7,---
2024/01/02,08:16:07.6,石川県能登地方,37°29.4′N,137°18.2′E,11 km,3.6,---
2024/01/02,08:16:28.8,能登半島沖,37°37.8′N,137°29.1′E,12 km,3.7,---
2024/01/02,08:16:40.9,佐渡付近,37°42.2′N,137°37.1′E,19 km,3.4,---
2024/01/02,08:17:45.9,石川県能登地方,37°08.7′N,136°45.0′E,1 km,1.6,---
2024/01/02,08:17:59.2,石川県能登地方,37°13.8′N,137°04.7′E,16 km,2.3,---
2024/01/02,08:18:11.4,佐渡付近,37°49.5′N,137°42.1′E,19 km,2.2,---
2024/01/02,08:18:51.5,能登半島沖,37°34.0′N,137°24.5′E,14 km,2.1,---
2024/01/02,08:19:08.2,石川県能登地方,37°27.1′N,137°16.2′E,14 km,2.7,---
2024/01/02,08:19:15.3,石川県能登地方,37°09.3′N,136°45.1′E,4 km,2.1,---
2024/01/02,08:20:18.9,能登半島沖,37°30.5′N,137°05.1′E,7 km,2.2,---
2024/01/02,08:20:20.7,石川県能登地方,37°13.9′N,136°43.5′E,9 km,2.2,---
2024/01/02,08:20:32.5,石川県能登地方,37°18.3′N,136°49.7′E,12 km,2.2,---
2024/01/02,08:21:02.2,能登半島沖,37°11.8′N,136°40.1′E,10 km,1.3,---
2024/01/02,08:21:05.1,石川県能登地方,37°22.3′N,137°00.9′E,12 km,3.7,---
2024/01/02,08:21:29.3,宮城県北部,38°56.7′N,140°52.9′E,6 km,0.7,---
2024/01/02,08:21:54.0,石川県能登地方,37°14.0′N,136°49.5′E,4 km,2.0,---
2024/01/02,08:22:00.6,石川県能登地方,37°24.7′N,137°11.1′E,15 km,2.4,---
2024/01/02,08:22:08.2,石川県能登地方,37°12.8′N,136°45.1′E,1 km,不明,---
2024/01/02,08:22:08.3,千葉県東方沖,35°27.7′N,140°38.1′E,27 km,1.6,---
2024/01/02,08:22:08.4,能登半島沖,37°31.3′N,137°20.7′E,9 km,2.1,---
2024/01/02,08:23:18.8,石川県能登地方,37°27.9′N,137°09.7′E,12 km,1.7,---
2024/01/02,08:23:28.9,石川県能登地方,37°14.7′N,136°45.1′E,11 km,2.1,---
2024/01/02,08:23:32.8,石川県能登地方,37°26.5′N,137°06.3′E,8 km,2.6,---
2024/01/02,08:23:40.6,石川県能登地方,37°25.8′N,137°11.3′E,13 km,2.9,---
2024/01/02,08:24:19.0,石川県能登地方,37°12.1′N,136°53.4′E,15 km,2.6,---
2024/01/02,08:24:35.0,石川県能登地方,37°31.8′N,137°17.3′E,11 km,2.2,---
2024/01/02,08:24:46.6,能登半島沖,37°26.1′N,137°01.5′E,8 km,2.1,---
2024/01/02,08:25:03.3,石川県能登地方,37°30.6′N,137°17.7′E,13 km,2.2,---
2024/01/02,08:25:10.1,石川県能登地方,37°10.6′N,136°45.3′E,9 km,1.8,---
2024/01/02,08:25:18.0,能登半島沖,37°31.1′N,137°11.9′E,9 km,1.8,---
2024/01/02,08:25:32.3,石川県能登地方,37°13.3′N,136°46.3′E,10 km,1.8,---
2024/01/02,08:25:44.8,石川県能登地方,37°16.1′N,136°48.1′E,13 km,1.8,---
2024/01/02,08:25:49.6,石川県能登地方,37°19.7′N,136°52.1′E,6 km,2.3,---
2024/01/02,08:25:54.1,石川県能登地方,37°20.9′N,136°56.6′E,9 km,2.6,---
2024/01/02,08:26:19.6,石川県能登地方,37°17.5′N,136°49.0′E,8 km,2.3,---
2024/01/02,08:26:22.9,石川県能登地方,37°11.7′N,136°50.9′E,11 km,2.3,---
2024/01/02,08:26:41.7,石川県能登地方,37°12.0′N,136°49.7′E,0 km,1.2,---
2024/01/02,08:26:58.9,能登半島沖,37°33.2′N,137°16.5′E,1 km,3.2,---
2024/01/02,08:27:53.5,能登半島沖,37°33.3′N,137°18.3′E,2 km,2.4,---
2024/01/02,08:27:55.2,宮崎県北部平野部,32°29.9′N,131°42.6′E,20 km,0.5,---
2024/01/02,08:28:32.8,能登半島沖,37°15.0′N,136°41.1′E,5 km,不明,---
2024/01/02,08:28:59.9,石川県能登地方,37°27.2′N,137°11.3′E,12 km,1.8,---
2024/01/02,08:29:15.1,石川県能登地方,37°27.3′N,137°09.1′E,12 km,2.4,---
2024/01/02,08:29:18.3,新潟県上中越沖,37°40.9′N,137°35.0′E,18 km,2.0,---
2024/01/02,08:30:01.2,佐渡付近,37°49.2′N,137°43.9′E,22 km,2.7,---
2024/01/02,08:30:23.0,石川県能登地方,37°23.5′N,136°52.5′E,7 km,2.0,---
2024/01/02,08:30:38.3,石川県能登地方,37°18.6′N,136°48.4′E,10 km,2.2,---
2024/01/02,08:30:53.7,石川県能登地方,37°29.7′N,137°07.5′E,9 km,1.6,---
2024/01/02,08:31:20.4,石川県能登地方,37°22.0′N,136°57.4′E,11 km,3.2,---
2024/01/02,08:31:48.2,能登半島沖,37°33.3′N,137°25.8′E,14 km,2.5,---
2024/01/02,08:32:29.7,新潟県上中越沖,37°32.8′N,137°43.0′E,23 km,2.1,---
2024/01/02,08:32:57.7,熊本県天草・芦北地方,32°19.0′N,130°28.0′E,11 km,0.3,---
2024/01/02,08:34:05.4,石川県能登地方,37°29.7′N,137°19.5′E,12 km,2.2,---
2024/01/02,08:34:13.7,石川県能登地方,36°57.7′N,136°46.0′E,10 km,1.3,---
2024/01/02,08:34:13.8,有明海,32°55.9′N,130°23.7′E,12 km,0.7,---
2024/01/02,08:34:27.4,石川県能登地方,37°10.5′N,136°42.0′E,2 km,1.3,---
2024/01/02,08:34:36.3,宮城県沖,38°59.4′N,142°25.2′E,31 km,1.1,---
2024/01/02,08:35:09.4,石川県能登地方,37°11.5′N,136°42.2′E,6 km,3.4,---
2024/01/02,08:36:23.6,石川県能登地方,37°10.0′N,136°45.1′E,2 km,2.0,---
2024/01/02,08:36:40.2,石川県能登地方,37°12.5′N,136°47.1′E,8 km,1.9,---
2024/01/02,08:37:17.5,石川県能登地方,37°21.3′N,136°55.7′E,11 km,1.7,---
2024/01/02,08:37:55.3,石川県能登地方,37°12.1′N,136°44.2′E,5 km,1.3,---
2024/01/02,08:38:35.3,宮城県沖,38°49.4′N,141°35.8′E,69 km,0.6,---
2024/01/02,08:38:55.9,石川県能登地方,37°13.1′N,136°43.8′E,4 km,2.0,---
2024/01/02,08:38:58.9,石川県能登地方,37°29.8′N,137°12.1′E,11 km,2.0,---
2024/01/02,08:39:20.0,石川県能登地方,37°30.7′N,137°19.8′E,9 km,2.2,---
2024/01/02,08:39:23.0,石川県能登地方,37°28.3′N,137°08.8′E,13 km,2.5,---
2024/01/02,08:39:53.6,能登半島沖,37°34.6′N,137°10.1′E,4 km,不明,---
2024/01/02,08:39:59.8,能登半島沖,37°20.2′N,136°42.6′E,9 km,不明,---
2024/01/02,08:40:14.6,石川県能登地方,37°12.7′N,136°42.1′E,3 km,1.3,---
2024/01/02,08:40:18.5,石川県能登地方,37°12.7′N,136°42.1′E,4 km,2.9,---
2024/01/02,08:41:03.7,石川県能登地方,37°25.3′N,137°09.1′E,8 km,1.8,---
2024/01/02,08:41:11.2,石川県能登地方,37°12.1′N,136°44.5′E,4 km,2.0,---
2024/01/02,08:41:44.0,石川県能登地方,37°23.1′N,137°08.0′E,13 km,2.2,---
2024/01/02,08:42:25.3,石川県能登地方,37°28.1′N,137°08.5′E,13 km,2.4,---
2024/01/02,08:42:26.7,石川県能登地方,37°21.5′N,136°55.3′E,11 km,3.8,---
2024/01/02,08:43:49.6,佐渡付近,37°46.6′N,137°40.7′E,15 km,2.2,---
2024/01/02,08:44:22.4,種子島近海,30°14.6′N,130°49.9′E,9 km,0.7,---
2024/01/02,08:44:40.2,石川県能登地方,37°15.3′N,136°46.4′E,10 km,2.0,---
2024/01/02,08:45:14.4,石川県能登地方,37°27.3′N,137°06.3′E,9 km,2.8,---
2024/01/02,08:45:39.9,石川県能登地方,37°17.3′N,137°04.6′E,0 km,2.3,---
2024/01/02,08:45:54.5,石川県能登地方,37°20.2′N,137°00.7′E,6 km,2.2,---
2024/01/02,08:46:33.4,能登半島沖,37°12.1′N,136°39.0′E,6 km,1.8,---
2024/01/02,08:46:38.5,石川県能登地方,37°23.0′N,137°05.0′E,3 km,不明,---
2024/01/02,08:47:16.9,能登半島沖,37°31.1′N,137°12.6′E,8 km,2.4,---
2024/01/02,08:47:40.0,石川県能登地方,37°11.9′N,136°49.3′E,3 km,2.0,---
2024/01/02,08:47:58.3,石川県能登地方,37°24.0′N,136°53.9′E,8 km,3.2,---
2024/01/02,08:48:02.4,石川県能登地方,37°22.1′N,136°59.2′E,12 km,2.8,---
2024/01/02,08:49:47.8,富山湾,37°26.5′N,137°25.8′E,2 km,1.4,---
2024/01/02,08:50:06.9,長野県中部,36°15.2′N,137°39.0′E,7 km,0.2,---
2024/01/02,08:50:30.1,石川県能登地方,37°18.2′N,136°48.4′E,11 km,2.3,---
2024/01/02,08:51:16.2,石川県能登地方,37°12.1′N,136°42.0′E,8 km,2.0,---
2024/01/02,08:51:45.9,佐渡付近,37°49.2′N,137°41.8′E,18 km,2.1,---
2024/01/02,08:52:24.3,能登半島沖,37°08.5′N,136°42.8′E,5 km,1.3,---
2024/01/02,08:52:28.5,能登半島沖,37°37.4′N,137°24.8′E,1 km,2.2,---
2024/01/02,08:52:48.6,日向灘,32°37.1′N,132°16.9′E,11 km,0.8,---
2024/01/02,08:53:07.5,石川県能登地方,37°14.1′N,136°45.5′E,6 km,2.0,---
2024/01/02,08:53:32.3,能登半島沖,37°16.9′N,136°43.7′E,6 km,1.7,---
2024/01/02,08:54:09.7,石川県能登地方,37°29.0′N,137°14.1′E,11 km,2.5,---
2024/01/02,08:54:32.5,能登半島沖,37°06.6′N,136°36.6′E,7 km,3.4,---
2024/01/02,08:54:35.5,福島県沖,37°39.1′N,141°37.7′E,56 km,1.0,---
2024/01/02,08:55:30.8,能登半島沖,37°06.6′N,136°40.0′E,10 km,1.7,---
2024/01/02,08:55:41.9,石川県能登地方,37°21.1′N,136°57.9′E,7 km,2.1,---
2024/01/02,08:56:05.3,石川県能登地方,37°24.4′N,137°10.3′E,14 km,2.5,---
2024/01/02,08:56:05.3,新潟県上中越沖,37°40.6′N,137°37.2′E,21 km,3.0,---
2024/01/02,08:56:50.5,石川県能登地方,37°09.8′N,136°46.7′E,4 km,1.3,---
2024/01/02,08:57:07.0,能登半島沖,37°37.0′N,137°26.5′E,17 km,2.0,---
2024/01/02,08:57:22.5,石川県能登地方,37°14.4′N,136°49.2′E,12 km,1.4,---
2024/01/02,08:57:41.8,能登半島沖,37°08.0′N,136°42.0′E,6 km,2.7,---
2024/01/02,08:58:33.7,石川県能登地方,37°22.7′N,136°59.3′E,9 km,3.0,---
2024/01/02,08:58:58.3,福島県沖,37°51.2′N,141°34.2′E,49 km,1.4,---
2024/01/02,08:59:23.1,能登半島沖,37°14.5′N,136°41.6′E,4 km,2.0,---
2024/01/02,08:59:37.7,石川県能登地方,37°11.9′N,136°42.2′E,2 km,不明,---
2024/01/02,08:59:41.2,能登半島沖,37°12.9′N,136°39.2′E,6 km,3.1,---
2024/01/02,09:00:19.3,能登半島沖,37°08.8′N,136°42.2′E,7 km,2.3,---
2024/01/02,09:00:57.0,石川県能登地方,37°12.2′N,136°56.4′E,12 km,不明,---
2024/01/02,09:00:59.3,石川県能登地方,37°11.1′N,136°51.6′E,13 km,2.1,---
2024/01/02,09:01:19.0,能登半島沖,37°07.8′N,136°39.4′E,8 km,3.2,---
2024/01/02,09:01:34.6,石川県能登地方,37°23.4′N,136°52.9′E,7 km,4.1,---
2024/01/02,09:03:29.3,石川県能登地方,37°22.9′N,137°03.8′E,12 km,2.8,---
2024/01/02,09:03:41.3,石川県能登地方,37°20.6′N,136°46.4′E,5 km,2.6,---
2024/01/02,09:04:12.0,石川県能登地方,37°25.8′N,137°06.9′E,12 km,1.9,---
2024/01/02,09:04:39.1,能登半島沖,37°36.2′N,137°27.1′E,14 km,2.7,---
2024/01/02,09:04:48.6,福島県沖,37°40.3′N,141°41.9′E,51 km,1.4,---
2024/01/02,09:05:29.6,石川県能登地方,37°13.4′N,136°50.8′E,11 km,2.9,---
2024/01/02,09:05:59.2,石川県能登地方,37°19.4′N,136°46.2′E,5 km,2.5,---
2024/01/02,09:06:40.7,石川県能登地方,37°28.1′N,137°08.1′E,13 km,2.0,---
2024/01/02,09:07:00.2,天草灘,32°30.8′N,129°44.6′E,12 km,0.4,---
2024/01/02,09:07:17.1,石川県能登地方,37°24.5′N,137°05.3′E,10 km,2.5,---
2024/01/02,09:07:48.1,三宅島近海,34°04.0′N,139°22.6′E,12 km,1.2,---
2024/01/02,09:08:17.6,能登半島沖,37°35.6′N,137°19.0′E,11 km,2.4,---
2024/01/02,09:08:25.5,石川県能登地方,37°23.0′N,136°53.2′E,10 km,2.7,---
2024/01/02,09:09:03.5,石川県能登地方,37°10.5′N,136°42.9′E,5 km,1.4,---
2024/01/02,09:09:26.3,石川県能登地方,37°21.4′N,136°57.9′E,5 km,1.6,---
2024/01/02,09:09:41.7,能登半島沖,37°13.2′N,136°41.9′E,7 km,2.5,---
2024/01/02,09:09:54.1,石川県能登地方,37°25.5′N,137°02.2′E,6 km,3.2,---
2024/01/02,09:10:38.2,石川県西方沖,37°05.0′N,136°33.2′E,12 km,1.9,---
2024/01/02,09:11:32.1,石川県能登地方,37°16.0′N,137°02.2′E,0 km,1.4,---
2024/01/02,09:12:00.2,石川県能登地方,37°19.3′N,136°52.5′E,14 km,2.3,---
2024/01/02,09:12:16.7,石川県能登地方,37°19.9′N,136°44.0′E,6 km,2.7,---
2024/01/02,09:13:19.8,石川県能登地方,37°29.5′N,137°17.6′E,12 km,3.6,---
2024/01/02,09:14:25.0,石川県能登地方,37°26.1′N,137°12.6′E,14 km,4.5,---
2024/01/02,09:15:43.8,石川県能登地方,37°29.7′N,137°12.5′E,10 km,3.0,---
2024/01/02,09:15:46.9,石川県能登地方,37°29.9′N,137°14.9′E,10 km,3.1,---
2024/01/02,09:16:44.4,石川県能登地方,37°25.5′N,137°01.9′E,6 km,2.1,---
2024/01/02,09:17:19.2,石川県能登地方,37°27.7′N,137°11.3′E,12 km,1.8,---
2024/01/02,09:17:24.2,石川県能登地方,37°13.5′N,136°42.1′E,4 km,1.5,---
2024/01/02,09:18:05.1,佐渡付近,37°49.1′N,137°44.4′E,19 km,1.9,---
2024/01/02,09:18:15.7,石川県能登地方,37°10.6′N,136°53.7′E,11 km,1.7,---
2024/01/02,09:19:00.4,石川県能登地方,37°11.9′N,136°44.8′E,1 km,1.8,---
2024/01/02,09:19:18.6,佐渡付近,37°43.7′N,137°40.7′E,15 km,2.5,---
2024/01/02,09:19:53.8,石川県能登地方,37°11.4′N,136°43.0′E,2 km,1.9,---
2024/01/02,09:20:22.4,岡山県南部,34°44.5′N,133°31.8′E,17 km,0.6,---
2024/01/02,09:20:29.4,富山県東部,36°39.2′N,137°39.2′E,0 km,0.3,---
2024/01/02,09:20:30.7,石川県能登地方,37°11.9′N,136°48.3′E,2 km,1.5,---
2024/01/02,09:20:39.3,能登半島沖,37°40.1′N,137°28.2′E,12 km,2.9,---
2024/01/02,09:20:41.1,能登半島沖,37°07.3′N,136°36.4′E,13 km,1.4,---
2024/01/02,09:21:37.8,石川県能登地方,37°23.6′N,136°54.1′E,7 km,2.2,---
2024/01/02,09:22:19.3,石川県能登地方,37°11.3′N,136°42.5′E,3 km,2.1,---
2024/01/02,09:23:00.6,能登半島沖,37°15.9′N,136°40.3′E,5 km,2.7,---
2024/01/02,09:23:06.4,佐渡付近,37°44.9′N,137°39.4′E,20 km,2.8,---
2024/01/02,09:24:28.7,石川県能登地方,37°29.9′N,137°15.9′E,9 km,2.3,---
2024/01/02,09:24:52.0,石川県能登地方,37°10.4′N,136°53.7′E,11 km,2.2,---
2024/01/02,09:25:38.1,能登半島沖,37°30.5′N,137°25.8′E,17 km,3.6,---
2024/01/02,09:27:12.9,石川県能登地方,37°28.8′N,137°12.7′E,14 km,2.1,---
2024/01/02,09:27:43.1,能登半島沖,37°38.2′N,137°28.7′E,23 km,2.0,---
2024/01/02,09:27:43.4,福島県沖,37°49.6′N,141°36.3′E,49 km,1.2,---
2024/01/02,09:27:46.3,石川県能登地方,37°29.9′N,137°13.9′E,13 km,2.0,---
2024/01/02,09:28:08.2,石川県能登地方,37°18.2′N,136°47.7′E,11 km,1.8,---
2024/01/02,09:28:27.8,石川県能登地方,37°21.1′N,136°46.9′E,4 km,1.6,---
2024/01/02,09:28:50.4,石川県能登地方,37°12.2′N,136°43.6′E,4 km,1.4,---
2024/01/02,09:28:53.6,新潟県上中越沖,37°41.7′N,137°38.3′E,23 km,2.2,---
2024/01/02,09:29:24.1,能登半島沖,37°07.7′N,136°43.0′E,2 km,2.5,---
2024/01/02,09:30:37.0,石川県能登地方,37°09.0′N,136°44.8′E,2 km,1.6,---
2024/01/02,09:30:50.6,能登半島沖,37°08.9′N,136°40.0′E,7 km,1.9,---
2024/01/02,09:31:22.9,能登半島沖,37°12.3′N,136°40.0′E,3 km,2.6,---
2024/01/02,09:32:00.9,石川県能登地方,37°10.6′N,136°43.2′E,9 km,1.6,---
2024/01/02,09:32:17.1,石川県能登地方,37°10.6′N,136°49.2′E,11 km,2.3,---
2024/01/02,09:32:28.1,石川県能登地方,37°21.4′N,136°59.1′E,11 km,2.3,---
2024/01/02,09:32:49.2,浦河沖,42°24.8′N,142°04.2′E,95 km,不明,---
2024/01/02,09:33:03.4,島根県東部,35°22.9′N,132°52.1′E,14 km,0.1,---
2024/01/02,09:33:11.4,石川県能登地方,37°23.8′N,137°05.4′E,9 km,2.0,---
2024/01/02,09:34:03.1,佐渡付近,37°44.1′N,137°37.8′E,21 km,3.4,---
2024/01/02,09:34:03.5,石川県能登地方,37°14.7′N,136°44.6′E,7 km,2.2,---
2024/01/02,09:34:37.3,石川県能登地方,37°22.1′N,136°51.9′E,8 km,2.6,---
2024/01/02,09:35:43.0,石川県能登地方,37°29.8′N,137°14.6′E,9 km,2.8,---
2024/01/02,09:36:21.9,宮古島北西沖,25°03.4′N,124°22.6′E,65 km,0.9,---
2024/01/02,09:36:27.7,能登半島沖,37°10.2′N,136°40.4′E,4 km,1.6,---
2024/01/02,09:36:58.6,石川県能登地方,37°16.8′N,136°46.2′E,12 km,2.5,---
2024/01/02,09:37:12.5,能登半島沖,37°35.9′N,137°20.5′E,16 km,2.5,---
2024/01/02,09:37:43.2,石川県能登地方,37°27.3′N,137°10.8′E,13 km,2.9,---
2024/01/02,09:37:57.3,能登半島沖,37°07.1′N,136°41.0′E,4 km,3.0,---
2024/01/02,09:38:26.5,石川県能登地方,37°21.1′N,137°00.0′E,10 km,2.8,---
2024/01/02,09:39:23.6,佐渡付近,37°44.3′N,137°41.4′E,20 km,3.7,---
2024/01/02,09:40:56.2,佐渡付近,37°43.8′N,137°39.2′E,19 km,3.4,---
2024/01/02,09:41:25.7,能登半島沖,37°12.5′N,136°40.7′E,6 km,2.3,---
2024/01/02,09:41:40.7,石川県能登地方,37°11.9′N,136°45.4′E,6 km,3.1,---
2024/01/02,09:41:56.3,新潟県上中越沖,37°41.5′N,137°38.1′E,15 km,3.3,---
2024/01/02,09:42:30.6,石川県能登地方,37°30.2′N,137°16.6′E,11 km,2.6,---
2024/01/02,09:43:13.8,石川県能登地方,37°21.0′N,136°51.0′E,10 km,2.0,---
2024/01/02,09:43:48.7,能登半島沖,37°25.6′N,136°50.4′E,9 km,1.9,---
2024/01/02,09:44:09.2,愛知県西部,35°11.9′N,137°10.1′E,42 km,0.3,---
2024/01/02,09:44:13.6,能登半島沖,37°10.5′N,136°40.2′E,10 km,2.3,---
2024/01/02,09:44:18.1,能登半島沖,37°31.2′N,137°08.5′E,0 km,2.5,---
2024/01/02,09:45:23.7,石川県能登地方,37°24.2′N,137°05.6′E,9 km,2.5,---
2024/01/02,09:46:10.3,石川県能登地方,37°29.7′N,137°18.4′E,11 km,2.4,---
2024/01/02,09:46:31.0,能登半島沖,37°35.3′N,137°24.6′E,21 km,2.5,---
2024/01/02,09:46:38.0,能登半島沖,37°14.1′N,136°40.8′E,6 km,2.3,---
2024/01/02,09:47:25.5,石川県能登地方,37°12.5′N,136°42.3′E,5 km,1.9,---
2024/01/02,09:47:42.3,石川県能登地方,37°20.9′N,136°52.7′E,10 km,3.1,---
2024/01/02,09:48:13.7,石川県能登地方,37°21.0′N,136°49.9′E,5 km,2.4,---
2024/01/02,09:48:38.4,能登半島沖,37°19.8′N,136°43.7′E,4 km,1.8,---
2024/01/02,09:49:02.4,能登半島沖,37°09.2′N,136°37.1′E,10 km,1.4,---
2024/01/02,09:49:37.2,佐渡付近,37°48.0′N,137°41.1′E,16 km,1.9,---
2024/01/02,09:49:47.5,佐渡付近,37°47.6′N,137°41.8′E,22 km,3.3,---
2024/01/02,09:50:33.1,石川県能登地方,37°25.4′N,137°03.2′E,8 km,2.4,---
2024/01/02,09:50:59.4,石川県能登地方,37°19.0′N,136°48.7′E,9 km,1.9,---
2024/01/02,09:51:11.5,石川県能登地方,37°21.5′N,136°46.4′E,7 km,2.3,---
2024/01/02,09:51:29.9,能登半島沖,37°25.1′N,136°59.6′E,0 km,1.9,---
2024/01/02,09:52:43.7,能登半島沖,37°18.7′N,136°43.8′E,4 km,2.0,---
2024/01/02,09:53:03.8,石川県能登地方,37°30.5′N,137°17.1′E,14 km,1.7,---
2024/01/02,09:53:11.6,石川県能登地方,37°16.2′N,136°46.4′E,8 km,2.5,---
2024/01/02,09:53:29.2,能登半島沖,37°34.5′N,137°25.8′E,18 km,2.4,---
2024/01/02,09:53:36.3,石川県能登地方,37°17.0′N,136°50.7′E,9 km,2.1,---
2024/01/02,09:54:03.1,石川県能登地方,37°10.8′N,136°45.7′E,6 km,2.2,---
2024/01/02,09:54:09.2,石川県能登地方,37°16.2′N,136°44.2′E,6 km,3.2,---
2024/01/02,09:54:21.1,能登半島沖,37°32.6′N,137°19.3′E,10 km,2.8,---
2024/01/02,09:54:39.6,石川県能登地方,37°17.9′N,136°45.9′E,5 km,3.0,---
2024/01/02,09:55:04.7,石川県能登地方,37°12.6′N,136°50.3′E,12 km,3.9,---
2024/01/02,09:56:53.3,石川県能登地方,37°09.7′N,136°43.8′E,6 km,1.7,---
2024/01/02,09:57:19.3,石川県能登地方,37°13.6′N,136°45.0′E,9 km,2.2,---
2024/01/02,09:57:51.2,佐渡付近,37°42.3′N,137°36.2′E,18 km,2.3,---
2024/01/02,09:58:23.0,石川県能登地方,37°20.5′N,136°45.0′E,8 km,2.7,---
2024/01/02,09:59:00.0,石川県能登地方,37°30.2′N,137°15.9′E,7 km,1.9,---
2024/01/02,09:59:10.5,能登半島沖,37°12.5′N,136°41.5′E,6 km,1.8,---
2024/01/02,09:59:24.5,石川県西方沖,36°57.5′N,136°45.4′E,11 km,1.5,---
2024/01/02,09:59:40.1,石川県能登地方,37°09.4′N,136°45.9′E,6 km,不明,---
2024/01/02,09:59:41.7,能登半島沖,37°18.2′N,136°40.5′E,8 km,3.8,---
2024/01/02,10:00:59.8,石川県能登地方,37°28.0′N,137°11.8′E,12 km,3.2,---
2024/01/02,10:02:03.4,新潟県上中越沖,37°37.1′N,137°36.0′E,14 km,3.1,---
2024/01/02,10:03:13.1,十勝地方南部,42°29.1′N,143°22.3′E,55 km,2.3,---
2024/01/02,10:03:34.6,青森県津軽北部,40°45.2′N,140°28.6′E,18 km,1.0,---
2024/01/02,10:03:57.3,能登半島沖,37°32.4′N,137°13.5′E,12 km,2.1,---
2024/01/02,10:04:41.7,能登半島沖,37°41.4′N,137°28.7′E,12 km,3.2,---
2024/01/02,10:05:50.4,石川県能登地方,37°20.5′N,137°04.7′E,9 km,2.0,---
2024/01/02,10:06:48.7,能登半島沖,37°15.9′N,136°41.1′E,4 km,1.7,---
2024/01/02,10:06:48.9,福島県沖,37°36.9′N,141°59.3′E,20 km,1.1,---
2024/01/02,10:07:25.6,能登半島沖,37°13.1′N,136°40.4′E,5 km,2.2,---
2024/01/02,10:07:51.4,石川県能登地方,37°23.2′N,137°07.2′E,13 km,1.7,---
2024/01/02,10:08:22.8,石川県能登地方,37°28.0′N,137°10.0′E,12 km,1.5,---
2024/01/02,10:08:35.2,石川県能登地方,37°16.5′N,136°49.4′E,11 km,1.5,---
2024/01/02,10:08:37.0,佐渡付近,37°50.9′N,137°49.3′E,24 km,不明,---
2024/01/02,10:08:46.5,佐渡付近,37°50.2′N,137°44.9′E,22 km,3.0,---
2024/01/02,10:09:15.1,能登半島沖,37°16.7′N,136°40.2′E,4 km,2.9,---
2024/01/02,10:10:06.2,能登半島沖,37°08.1′N,136°36.6′E,12 km,1.4,---
2024/01/02,10:10:52.0,石川県能登地方,37°24.3′N,136°58.6′E,2 km,2.0,---
2024/01/02,10:11:22.8,石川県能登地方,37°10.8′N,136°46.5′E,7 km,2.4,---
2024/01/02,10:12:09.4,石川県能登地方,37°13.3′N,136°50.8′E,13 km,1.9,---
2024/01/02,10:12:14.9,石川県能登地方,37°22.1′N,136°57.5′E,8 km,2.0,---
2024/01/02,10:12:36.0,石川県能登地方,37°21.6′N,137°05.2′E,10 km,2.7,---
2024/01/02,10:13:17.1,十勝沖,41°30.1′N,144°49.1′E,21 km,不明,---
2024/01/02,10:13:23.3,石川県能登地方,37°30.7′N,137°16.6′E,13 km,1.6,---
2024/01/02,10:13:59.2,佐渡付近,37°46.6′N,137°38.0′E,21 km,2.5,---
2024/01/02,10:14:30.1,能登半島沖,37°44.8′N,137°28.5′E,17 km,2.1,---
2024/01/02,10:14:53.0,佐渡付近,37°51.5′N,137°44.1′E,17 km,2.9,---
2024/01/02,10:14:55.8,石川県能登地方,37°22.8′N,136°55.1′E,7 km,2.5,---
2024/01/02,10:15:46.3,佐渡付近,37°51.9′N,137°44.7′E,19 km,2.6,---
2024/01/02,10:15:49.2,能登半島沖,37°08.2′N,136°41.0′E,8 km,2.3,---
2024/01/02,10:16:44.6,石川県能登地方,37°09.6′N,136°45.7′E,2 km,1.6,---
2024/01/02,10:16:59.5,熊本県熊本地方,32°40.5′N,130°44.4′E,10 km,0.8,---
2024/01/02,10:17:32.6,石川県能登地方,37°13.3′N,136°43.3′E,10 km,5.6,---
2024/01/02,10:20:50.4,石川県能登地方,37°21.4′N,136°54.2′E,8 km,2.8,---
2024/01/02,10:21:41.2,石川県能登地方,37°12.0′N,136°48.0′E,11 km,不明,---
2024/01/02,10:21:44.5,茨城県沖,36°25.1′N,141°05.3′E,38 km,1.6,---
2024/01/02,10:21:55.1,石川県能登地方,37°23.2′N,136°52.3′E,7 km,不明,---
2024/01/02,10:22:37.3,石川県能登地方,37°23.5′N,137°00.3′E,8 km,2.2,---
2024/01/02,10:22:55.9,石川県能登地方,37°10.9′N,136°44.7′E,6 km,1.7,---
2024/01/02,10:23:22.0,石川県能登地方,37°29.7′N,137°16.1′E,13 km,2.4,---
2024/01/02,10:23:23.5,石川県能登地方,37°15.1′N,136°44.7′E,9 km,2.5,---
2024/01/02,10:24:10.2,石川県能登地方,37°11.4′N,136°42.6′E,4 km,2.7,---
2024/01/02,10:24:19.7,石川県能登地方,37°28.7′N,137°08.4′E,12 km,2.8,---
2024/01/02,10:24:34.4,富山湾,37°24.4′N,137°19.3′E,11 km,2.4,---
2024/01/02,10:25:25.9,能登半島沖,37°06.0′N,136°40.8′E,12 km,1.5,---
2024/01/02,10:25:44.3,石川県能登地方,37°13.3′N,136°45.4′E,8 km,2.8,---
2024/01/02,10:25:52.3,島根県東部,35°23.0′N,132°52.0′E,14 km,0.8,---
2024/01/02,10:25:53.5,神奈川県西部,35°22.0′N,139°05.7′E,11 km,1.1,---
2024/01/02,10:26:50.6,石川県能登地方,37°11.0′N,136°41.2′E,6 km,1.3,---
2024/01/02,10:27:19.4,石川県能登地方,37°12.7′N,136°46.8′E,0 km,1.1,---
2024/01/02,10:28:18.1,石川県能登地方,37°18.9′N,136°51.1′E,8 km,1.6,---
2024/01/02,10:28:51.1,石川県能登地方,37°13.5′N,136°44.1′E,9 km,2.7,---
2024/01/02,10:29:09.7,石川県能登地方,37°09.3′N,136°44.4′E,3 km,2.2,---
2024/01/02,10:30:26.3,石川県能登地方,37°28.4′N,137°06.4′E,11 km,2.0,---
2024/01/02,10:31:36.0,能登半島沖,37°34.3′N,137°16.3′E,3 km,2.6,---
2024/01/02,10:32:29.9,石川県能登地方,37°22.2′N,136°53.1′E,6 km,2.4,---
2024/01/02,10:32:56.2,石川県能登地方,37°14.1′N,136°44.9′E,10 km,3.0,---
2024/01/02,10:33:50.7,石川県能登地方,37°13.2′N,136°50.2′E,12 km,1.9,---
2024/01/02,10:34:09.0,能登半島沖,37°08.1′N,136°39.1′E,3 km,2.0,---
2024/01/02,10:34:30.5,石川県能登地方,37°10.8′N,136°51.7′E,11 km,2.4,---
2024/01/02,10:34:46.4,石川県能登地方,37°13.4′N,136°44.2′E,9 km,3.1,---
2024/01/02,10:35:24.8,能登半島沖,37°13.7′N,136°38.3′E,5 km,2.3,---
2024/01/02,10:36:33.4,石川県能登地方,37°16.1′N,136°48.3′E,12 km,1.9,---
2024/01/02,10:36:58.9,石川県能登地方,37°29.1′N,137°18.5′E,13 km,1.7,---
2024/01/02,10:37:23.5,石川県能登地方,37°21.2′N,136°51.7′E,11 km,2.2,---
2024/01/02,10:37:24.8,薩摩半島西方沖,31°01.5′N,130°18.1′E,151 km,1.7,---
2024/01/02,10:37:58.1,石川県能登地方,37°11.3′N,136°46.8′E,3 km,1.8,---
2024/01/02,10:38:09.5,佐渡付近,37°50.5′N,137°46.6′E,18 km,2.2,---
2024/01/02,10:38:18.3,和歌山県北部,34°01.3′N,135°10.5′E,7 km,0.1,---
2024/01/02,10:38:55.7,能登半島沖,37°10.3′N,136°38.1′E,1 km,1.3,---
2024/01/02,10:39:01.3,佐渡付近,37°45.4′N,137°43.2′E,19 km,2.3,---
2024/01/02,10:39:10.9,石川県能登地方,37°14.9′N,136°46.9′E,2 km,1.8,---
2024/01/02,10:39:48.9,石川県能登地方,37°30.2′N,137°18.8′E,8 km,2.1,---
2024/01/02,10:40:04.0,石川県能登地方,37°10.4′N,136°45.0′E,0 km,1.6,---
2024/01/02,10:41:23.2,石川県能登地方,37°11.7′N,136°42.3′E,5 km,1.5,---
2024/01/02,10:41:24.9,栃木県北部,37°02.0′N,139°40.5′E,8 km,0.2,---
2024/01/02,10:41:26.4,石川県能登地方,37°29.6′N,137°15.1′E,12 km,2.0,---
2024/01/02,10:41:31.8,石川県能登地方,37°12.1′N,136°42.6′E,9 km,1.6,---
2024/01/02,10:41:37.0,佐渡付近,37°54.2′N,137°44.8′E,14 km,2.4,---
2024/01/02,10:41:56.8,石川県能登地方,37°19.5′N,136°48.3′E,8 km,2.6,---
2024/01/02,10:42:23.9,石川県能登地方,37°18.3′N,136°53.2′E,13 km,2.4,---
2024/01/02,10:42:33.4,日向灘,31°43.8′N,131°49.9′E,39 km,0.9,---
2024/01/02,10:42:52.4,石川県能登地方,37°14.3′N,136°45.9′E,7 km,1.6,---
2024/01/02,10:43:00.5,石川県能登地方,37°25.7′N,137°03.8′E,7 km,2.4,---
2024/01/02,10:43:53.6,能登半島沖,37°32.6′N,137°14.6′E,12 km,不明,---
2024/01/02,10:44:12.9,佐渡付近,37°43.5′N,137°39.3′E,18 km,3.0,---
2024/01/02,10:44:51.0,石川県能登地方,37°22.1′N,137°01.4′E,11 km,2.6,---
2024/01/02,10:45:00.0,石川県能登地方,37°21.5′N,137°00.5′E,11 km,2.4,---
2024/01/02,10:45:08.4,伊予灘,33°29.0′N,132°17.6′E,8 km,0.2,---
2024/01/02,10:45:34.3,石川県能登地方,37°24.3′N,137°04.4′E,9 km,2.5,---
2024/01/02,10:46:01.8,石川県能登地方,37°14.9′N,136°44.0′E,7 km,1.8,---
2024/01/02,10:46:13.0,佐渡付近,37°55.3′N,137°43.2′E,23 km,2.9,---
2024/01/02,10:46:31.0,石川県能登地方,37°17.3′N,136°46.7′E,8 km,2.8,---
2024/01/02,10:47:20.6,能登半島沖,37°42.1′N,137°19.5′E,20 km,2.1,---
2024/01/02,10:47:20.7,石川県能登地方,37°13.7′N,136°42.0′E,7 km,2.3,---
2024/01/02,10:48:18.5,佐渡付近,37°50.8′N,137°38.9′E,19 km,2.0,---
2024/01/02,10:48:33.3,石川県能登地方,37°27.0′N,137°15.8′E,14 km,1.9,---
2024/01/02,10:48:43.5,能登半島沖,37°40.9′N,137°28.8′E,18 km,2.7,---
2024/01/02,10:49:13.1,石川県能登地方,37°24.5′N,137°04.1′E,8 km,2.3,---
2024/01/02,10:49:58.3,石川県能登地方,37°12.7′N,136°42.6′E,8 km,2.1,---
2024/01/02,10:50:10.2,宮城県沖,37°53.2′N,141°55.3′E,41 km,1.0,---
2024/01/02,10:50:24.9,佐渡付近,37°54.5′N,137°40.4′E,22 km,2.3,---
2024/01/02,10:50:28.8,石川県能登地方,37°15.3′N,136°51.4′E,13 km,2.4,---
2024/01/02,10:51:46.0,石川県能登地方,37°30.8′N,137°21.7′E,14 km,2.4,---
2024/01/02,10:51:57.4,石川県能登地方,37°12.9′N,136°51.3′E,11 km,2.2,---
2024/01/02,10:52:20.8,石川県能登地方,37°16.5′N,136°51.0′E,13 km,2.8,---
2024/01/02,10:52:50.8,北海道西方沖,43°52.3′N,140°31.6′E,15 km,不明,---
2024/01/02,10:53:09.9,石川県能登地方,37°21.1′N,136°53.1′E,6 km,1.9,---
2024/01/02,10:54:33.2,佐渡付近,37°49.1′N,137°42.1′E,20 km,2.3,---
2024/01/02,10:55:19.4,能登半島沖,37°35.9′N,137°20.6′E,13 km,2.4,---
2024/01/02,10:55:44.0,種子島南東沖,30°22.4′N,131°22.5′E,23 km,1.0,---
2024/01/02,10:56:13.3,能登半島沖,37°08.0′N,136°43.5′E,8 km,2.3,---
2024/01/02,10:56:19.2,佐渡付近,37°45.8′N,137°39.4′E,18 km,2.3,---
2024/01/02,10:57:32.4,佐渡付近,37°54.1′N,137°42.5′E,19 km,2.2,---
2024/01/02,10:58:40.6,石川県能登地方,37°21.3′N,136°58.2′E,8 km,不明,---
2024/01/02,10:58:44.0,石川県能登地方,37°20.8′N,136°57.8′E,12 km,2.6,---
2024/01/02,10:58:52.4,熊本県天草・芦北地方,32°23.8′N,130°29.9′E,12 km,1.0,---
2024/01/02,10:59:43.2,石川県能登地方,37°13.6′N,136°42.7′E,7 km,2.0,---
2024/01/02,11:00:18.5,佐渡付近,37°51.4′N,137°43.5′E,22 km,2.7,---
2024/01/02,11:01:01.1,石川県能登地方,37°13.7′N,136°42.8′E,5 km,3.4,---
2024/01/02,11:01:29.8,石垣島近海,24°57.7′N,123°59.4′E,22 km,1.3,---
2024/01/02,11:02:38.4,能登半島沖,37°07.7′N,136°41.6′E,1 km,1.9,---
2024/01/02,11:03:12.4,佐渡付近,37°55.1′N,138°11.4′E,15 km,1.9,---
2024/01/02,11:03:27.1,石川県能登地方,37°11.4′N,136°47.3′E,7 km,3.2,---
2024/01/02,11:03:56.2,能登半島沖,37°07.6′N,136°42.4′E,1 km,3.7,---
2024/01/02,11:04:37.4,宮城県沖,38°13.9′N,141°45.8′E,54 km,0.9,---
2024/01/02,11:04:43.7,石川県能登地方,37°13.6′N,136°48.7′E,10 km,3.4,---
2024/01/02,11:05:10.6,石川県能登地方,37°21.8′N,137°05.1′E,11 km,4.0,---
2024/01/02,11:06:36.9,石川県能登地方,37°13.9′N,136°44.4′E,8 km,3.0,---
2024/01/02,11:06:47.4,茨城県南部,36°12.5′N,139°57.9′E,52 km,1.1,---
2024/01/02,11:07:02.0,石川県能登地方,37°25.9′N,137°11.6′E,14 km,2.5,---
2024/01/02,11:07:41.7,新潟県上中越沖,37°39.7′N,137°37.0′E,20 km,2.8,---
2024/01/02,11:08:32.7,佐渡付近,37°45.1′N,137°38.1′E,20 km,2.4,---
2024/01/02,11:09:17.6,能登半島沖,37°24.5′N,136°56.7′E,2 km,1.6,---
2024/01/02,11:09:30.6,能登半島沖,37°08.2′N,136°41.0′E,8 km,1.8,---
2024/01/02,11:10:12.6,佐渡付近,37°54.1′N,137°43.1′E,25 km,2.2,---
2024/01/02,11:10:38.9,石川県能登地方,37°13.8′N,136°53.8′E,10 km,2.1,---
2024/01/02,11:11:04.9,石川県能登地方,37°24.2′N,136°58.3′E,5 km,1.6,---
2024/01/02,11:11:21.3,能登半島沖,37°13.7′N,136°39.8′E,2 km,2.1,---
2024/01/02,11:12:05.4,能登半島沖,37°07.5′N,136°36.1′E,7 km,2.1,---
2024/01/02,11:12:14.8,石川県能登地方,37°20.4′N,136°48.3′E,6 km,3.2,---
2024/01/02,11:13:28.1,石川県能登地方,37°14.6′N,136°48.1′E,12 km,1.9,---
2024/01/02,11:13:47.4,能登半島沖,37°34.4′N,137°14.3′E,13 km,1.9,---
2024/01/02,11:14:09.0,石川県能登地方,37°22.8′N,136°50.3′E,7 km,2.9,---
2024/01/02,11:14:54.0,石川県能登地方,37°15.0′N,136°46.8′E,7 km,2.0,---
2024/01/02,11:15:33.8,石川県能登地方,37°29.4′N,137°13.4′E,11 km,2.0,---
2024/01/02,11:15:43.2,石川県能登地方,37°10.3′N,136°46.4′E,8 km,1.3,---
2024/01/02,11:16:01.6,石川県能登地方,37°29.6′N,137°14.8′E,11 km,3.8,---
2024/01/02,11:17:34.8,熊本県天草・芦北地方,32°23.9′N,130°30.1′E,14 km,0.2,---
2024/01/02,11:17:37.6,石川県能登地方,37°29.6′N,137°20.2′E,12 km,2.4,---
2024/01/02,11:19:23.8,石川県能登地方,37°22.3′N,136°54.1′E,3 km,1.9,---
2024/01/02,11:19:43.2,石川県能登地方,37°11.9′N,136°44.7′E,7 km,4.0,---
2024/01/02,11:20:49.9,石川県能登地方,37°14.6′N,136°47.5′E,9 km,2.8,---
2024/01/02,11:21:38.3,青森県東方沖,40°51.5′N,142°33.9′E,39 km,1.0,---
2024/01/02,11:22:40.0,能登半島沖,37°16.3′N,136°42.8′E,2 km,1.4,---
2024/01/02,11:22:58.5,石川県能登地方,37°24.1′N,137°04.2′E,8 km,2.4,---
2024/01/02,11:23:03.8,佐渡付近,37°52.3′N,137°43.6′E,16 km,2.3,---
2024/01/02,11:23:17.5,能登半島沖,37°35.6′N,137°26.4′E,19 km,2.9,---
2024/01/02,11:23:18.8,宮古島近海,24°22.6′N,126°59.6′E,94 km,2.9,---
2024/01/02,11:24:22.2,石川県能登地方,37°14.9′N,137°01.5′E,3 km,2.1,---
2024/01/02,11:24:33.7,石川県能登地方,37°09.4′N,136°43.3′E,4 km,1.9,---
2024/01/02,11:25:09.6,石川県能登地方,37°11.2′N,136°42.7′E,8 km,2.6,---
2024/01/02,11:25:13.4,能登半島沖,37°06.6′N,136°35.3′E,9 km,2.9,---
2024/01/02,11:25:36.4,石川県能登地方,37°26.4′N,137°08.6′E,7 km,2.2,---
2024/01/02,11:25:56.5,石川県能登地方,37°27.0′N,137°13.6′E,13 km,2.9,---
2024/01/02,11:26:09.7,紀伊水道,34°08.5′N,135°03.6′E,9 km,0.2,---
2024/01/02,11:26:21.3,石川県能登地方,37°20.8′N,136°53.4′E,8 km,2.4,---
2024/01/02,11:27:41.2,能登半島沖,37°33.4′N,137°15.9′E,8 km,2.3,---
2024/01/02,11:28:29.3,能登半島沖,37°30.4′N,137°10.5′E,11 km,1.5,---
2024/01/02,11:28:45.4,石川県能登地方,37°11.0′N,136°46.2′E,10 km,1.6,---
2024/01/02,11:29:07.7,石川県能登地方,37°13.4′N,136°44.7′E,11 km,1.6,---
2024/01/02,11:29:17.5,能登半島沖,37°17.2′N,136°43.9′E,12 km,2.0,---
2024/01/02,11:29:44.7,石川県能登地方,37°17.0′N,136°47.3′E,9 km,1.6,---
2024/01/02,11:30:08.3,石川県能登地方,37°23.7′N,136°52.4′E,11 km,2.1,---
2024/01/02,11:30:27.0,石川県能登地方,37°12.5′N,136°42.7′E,11 km,2.0,---
2024/01/02,11:30:27.4,福岡県筑後地方,33°04.8′N,130°29.7′E,13 km,0.7,---
2024/01/02,11:30:39.3,石川県能登地方,37°13.2′N,136°50.2′E,12 km,1.4,---
2024/01/02,11:30:47.7,能登半島沖,37°15.2′N,136°40.2′E,1 km,1.4,---
2024/01/02,11:31:07.8,石川県能登地方,37°24.8′N,137°05.3′E,8 km,1.4,---
2024/01/02,11:31:18.0,能登半島沖,37°17.3′N,136°43.6′E,6 km,2.2,---
2024/01/02,11:31:27.0,石川県能登地方,37°19.7′N,137°00.8′E,10 km,2.4,---
2024/01/02,11:31:39.6,石川県能登地方,37°29.7′N,137°15.3′E,8 km,2.3,---
2024/01/02,11:31:52.6,石川県能登地方,37°13.7′N,136°43.4′E,8 km,2.0,---
2024/01/02,11:32:04.1,石川県能登地方,37°17.2′N,136°48.3′E,8 km,2.3,---
2024/01/02,11:32:15.3,石川県能登地方,37°20.6′N,136°58.6′E,9 km,2.8,---
2024/01/02,11:32:51.3,能登半島沖,37°18.5′N,136°42.7′E,4 km,3.1,---
2024/01/02,11:33:22.6,石川県能登地方,37°23.4′N,136°56.9′E,12 km,2.1,---
2024/01/02,11:34:24.0,佐渡付近,37°52.3′N,137°46.6′E,15 km,2.1,---
2024/01/02,11:34:44.7,石川県能登地方,37°11.7′N,136°42.1′E,3 km,2.6,---
2024/01/02,11:35:39.9,石川県能登地方,37°11.5′N,136°43.3′E,5 km,1.7,---
2024/01/02,11:35:49.3,石川県能登地方,37°09.0′N,136°41.8′E,6 km,2.2,---
2024/01/02,11:36:04.7,能登半島沖,37°31.0′N,137°20.2′E,8 km,2.4,---
2024/01/02,11:36:44.7,石川県能登地方,37°30.4′N,137°21.8′E,11 km,2.0,---
2024/01/02,11:37:05.1,天草灘,32°31.6′N,130°01.6′E,12 km,-0.4,---
2024/01/02,11:37:08.3,能登半島沖,37°12.3′N,136°39.1′E,9 km,2.2,---
2024/01/02,11:37:23.6,石川県能登地方,37°16.9′N,136°49.7′E,11 km,2.0,---
2024/01/02,11:37:25.4,石川県能登地方,37°11.3′N,136°45.0′E,7 km,1.9,---
2024/01/02,11:37:45.5,石川県能登地方,37°10.7′N,136°44.0′E,7 km,1.7,---
2024/01/02,11:37:56.3,石川県能登地方,37°18.3′N,136°50.7′E,13 km,2.1,---
2024/01/02,11:37:57.5,新潟県上中越沖,37°32.5′N,137°30.1′E,19 km,2.9,---
2024/01/02,11:38:25.1,石川県能登地方,37°17.7′N,136°47.6′E,0 km,2.6,---
2024/01/02,11:39:32.7,能登半島沖,37°18.8′N,136°40.4′E,8 km,2.8,---
2024/01/02,11:40:03.5,能登半島沖,37°06.8′N,136°38.1′E,6 km,2.1,---
2024/01/02,11:40:53.0,大分県中部,33°17.8′N,131°27.4′E,3 km,-0.1,---
2024/01/02,11:40:57.2,石川県能登地方,37°21.8′N,136°54.3′E,0 km,2.0,---
2024/01/02,11:41:08.7,石川県能登地方,37°16.1′N,136°53.3′E,14 km,2.6,---
2024/01/02,11:41:22.9,愛知県西部,34°50.7′N,136°54.2′E,14 km,1.2,---
2024/01/02,11:41:50.3,和歌山県北部,34°06.9′N,135°07.0′E,7 km,0.3,---
2024/01/02,11:41:59.8,石川県能登地方,37°27.3′N,137°07.7′E,11 km,3.9,---
2024/01/02,11:43:33.1,能登半島沖,37°07.5′N,136°39.2′E,7 km,2.2,---
2024/01/02,11:43:51.8,新潟県上中越沖,37°39.6′N,137°31.5′E,23 km,2.5,---
2024/01/02,11:44:11.0,能登半島沖,37°08.6′N,136°37.0′E,11 km,2.2,---
2024/01/02,11:44:56.3,能登半島沖,37°08.6′N,136°39.9′E,3 km,1.4,---
2024/01/02,11:45:04.7,石川県能登地方,37°21.4′N,137°01.6′E,7 km,2.1,---
2024/01/02,11:45:53.5,宮城県北部,38°46.7′N,140°49.6′E,24 km,0.6,---
2024/01/02,11:45:54.1,石川県能登地方,37°13.2′N,137°04.7′E,19 km,1.6,---
2024/01/02,11:47:02.6,大分県中部,33°17.8′N,131°27.5′E,3 km,0.3,---
2024/01/02,11:47:16.6,佐渡付近,37°50.9′N,137°40.8′E,19 km,2.6,---
2024/01/02,11:47:22.3,新潟県上中越沖,37°37.7′N,137°34.8′E,12 km,2.5,---
2024/01/02,11:48:11.9,石川県能登地方,37°13.0′N,136°43.8′E,7 km,2.2,---
2024/01/02,11:48:24.6,石川県能登地方,37°14.8′N,136°43.9′E,5 km,2.1,---
2024/01/02,11:48:34.4,奄美大島北東沖,29°17.4′N,130°28.0′E,46 km,1.6,---
2024/01/02,11:48:37.8,新潟県上中越沖,37°38.9′N,137°34.2′E,18 km,2.8,---
2024/01/02,11:49:15.8,石川県能登地方,37°21.5′N,137°06.7′E,13 km,3.3,---
2024/01/02,11:50:04.1,能登半島沖,37°13.5′N,136°41.0′E,6 km,3.0,---
2024/01/02,11:50:42.0,能登半島沖,37°07.9′N,136°42.2′E,9 km,1.6,---
2024/01/02,11:51:29.5,石川県能登地方,37°13.8′N,136°43.8′E,6 km,1.8,---
2024/01/02,11:51:31.4,新潟県上中越沖,37°39.1′N,137°38.2′E,23 km,3.8,---
2024/01/02,11:52:01.5,和歌山県北部,34°00.9′N,135°11.8′E,6 km,0.4,---
2024/01/02,11:53:08.4,石川県能登地方,37°29.4′N,137°20.4′E,12 km,2.3,---
2024/01/02,11:53:35.3,石川県能登地方,37°22.5′N,136°58.8′E,8 km,2.4,---
2024/01/02,11:54:19.9,石川県能登地方,37°26.2′N,137°09.0′E,12 km,2.4,---
2024/01/02,11:54:20.1,石川県能登地方,37°10.0′N,136°42.2′E,7 km,2.0,---
2024/01/02,11:55:08.7,新潟県上中越沖,37°20.8′N,137°48.6′E,23 km,1.9,---
2024/01/02,11:55:36.6,新潟県上中越沖,37°38.4′N,137°32.5′E,17 km,2.0,---
2024/01/02,11:56:14.1,能登半島沖,37°27.9′N,137°04.8′E,11 km,1.9,---
2024/01/02,11:56:26.7,石川県能登地方,37°21.9′N,136°53.5′E,0 km,2.6,---
2024/01/02,11:56:36.9,熊本県天草・芦北地方,32°15.0′N,130°32.3′E,9 km,0.4,---
2024/01/02,11:57:12.7,石川県能登地方,37°22.7′N,137°02.7′E,12 km,2.0,---
2024/01/02,11:57:38.4,石川県能登地方,37°13.8′N,136°45.4′E,0 km,1.0,---
2024/01/02,11:57:50.7,能登半島沖,37°13.5′N,136°41.8′E,6 km,2.8,---
2024/01/02,11:57:55.6,富山県東部,36°35.4′N,137°07.8′E,14 km,1.3,---
2024/01/02,11:58:27.1,福島県沖,37°00.3′N,141°10.1′E,19 km,0.7,---
2024/01/02,11:59:07.8,能登半島沖,37°36.9′N,137°13.5′E,7 km,不明,---
2024/01/02,11:59:18.5,石川県能登地方,37°25.1′N,137°06.0′E,11 km,2.1,---
2024/01/02,11:59:40.0,佐渡付近,37°52.1′N,137°45.1′E,19 km,2.4,---
2024/01/02,12:01:11.6,佐渡付近,37°51.6′N,137°44.8′E,18 km,1.9,---
2024/01/02,12:01:15.0,石川県能登地方,37°24.2′N,137°04.4′E,12 km,1.6,---
2024/01/02,12:01:54.3,石川県能登地方,37°22.2′N,136°56.9′E,9 km,不明,---
2024/01/02,12:02:04.8,石川県能登地方,37°11.5′N,136°44.2′E,4 km,2.3,---
2024/01/02,12:02:24.3,新潟県上中越沖,37°41.3′N,137°38.5′E,22 km,2.0,---
2024/01/02,12:03:03.9,石川県能登地方,37°21.5′N,137°02.6′E,11 km,2.7,---
2024/01/02,12:03:46.4,橘湾,32°39.4′N,130°04.5′E,13 km,0.8,---
2024/01/02,12:03:58.9,石川県能登地方,37°21.2′N,136°48.2′E,6 km,2.3,---
2024/01/02,12:04:10.6,和歌山県南部,33°49.4′N,135°46.1′E,18 km,0.5,---
2024/01/02,12:04:50.8,能登半島沖,37°20.8′N,136°44.8′E,8 km,1.9,---
2024/01/02,12:05:13.6,佐渡付近,37°55.6′N,137°46.6′E,20 km,2.0,---
2024/01/02,12:05:24.9,石川県能登地方,37°10.9′N,136°46.0′E,10 km,2.0,---
2024/01/02,12:05:56.1,石川県能登地方,37°29.5′N,137°08.5′E,9 km,2.1,---
2024/01/02,12:06:39.2,石川県能登地方,37°21.4′N,137°02.8′E,11 km,2.2,---
2024/01/02,12:07:15.8,石川県能登地方,37°21.8′N,136°57.1′E,8 km,2.4,---
2024/01/02,12:07:25.0,石川県能登地方,37°21.5′N,137°05.3′E,8 km,2.4,---
2024/01/02,12:07:57.2,能登半島沖,37°37.6′N,137°28.6′E,14 km,3.7,---
2024/01/02,12:08:17.6,紀伊水道,34°07.4′N,135°07.0′E,8 km,0.8,---
2024/01/02,12:09:57.3,石川県能登地方,37°09.4′N,136°41.3′E,12 km,1.9,---
2024/01/02,12:10:00.6,石川県能登地方,37°21.4′N,136°51.4′E,9 km,2.5,---
2024/01/02,12:10:15.2,熊本県熊本地方,32°39.5′N,130°41.9′E,10 km,-0.1,---
2024/01/02,12:11:16.2,石川県能登地方,37°16.5′N,136°47.5′E,8 km,1.4,---
2024/01/02,12:11:45.7,奄美大島近海,27°28.5′N,129°33.0′E,26 km,1.7,---
2024/01/02,12:11:56.6,石川県能登地方,37°19.3′N,136°55.2′E,13 km,2.0,---
2024/01/02,12:12:08.8,佐渡付近,37°44.7′N,137°43.2′E,19 km,2.0,---
2024/01/02,12:12:15.0,石川県能登地方,37°21.7′N,136°57.6′E,9 km,2.3,---
2024/01/02,12:12:44.0,石川県能登地方,37°12.7′N,136°52.6′E,11 km,2.2,---
2024/01/02,12:13:16.2,石川県能登地方,37°12.6′N,136°50.2′E,12 km,2.3,---
2024/01/02,12:13:50.4,石川県能登地方,37°12.7′N,136°43.7′E,9 km,1.6,---
2024/01/02,12:14:07.9,石川県能登地方,37°28.6′N,137°13.7′E,11 km,1.8,---
2024/01/02,12:14:41.2,石川県能登地方,37°29.8′N,137°16.5′E,10 km,2.2,---
2024/01/02,12:14:48.1,石川県西方沖,37°06.1′N,136°33.8′E,9 km,2.1,---
2024/01/02,12:15:18.4,石川県西方沖,37°05.8′N,136°33.9′E,8 km,2.1,---
2024/01/02,12:15:31.0,トカラ列島近海,29°56.5′N,129°59.8′E,13 km,1.1,---
2024/01/02,12:16:27.4,石川県能登地方,37°21.5′N,136°58.8′E,8 km,1.6,---
2024/01/02,12:16:51.9,石川県能登地方,37°27.8′N,137°15.4′E,13 km,2.1,---
2024/01/02,12:16:58.8,石川県能登地方,37°12.3′N,136°45.5′E,4 km,1.4,---
2024/01/02,12:17:00.1,佐渡付近,37°53.6′N,137°43.6′E,24 km,2.2,---
2024/01/02,12:17:35.6,岩手県沖,39°27.6′N,142°26.5′E,33 km,0.6,---
2024/01/02,12:17:40.1,石川県能登地方,37°22.9′N,136°51.8′E,9 km,1.9,---
2024/01/02,12:17:52.8,福島県沖,37°50.7′N,141°37.3′E,48 km,0.9,---
2024/01/02,12:18:02.2,石川県能登地方,37°20.6′N,136°47.0′E,4 km,1.5,---
2024/01/02,12:18:32.8,石川県能登地方,37°13.2′N,136°42.7′E,10 km,1.7,---
2024/01/02,12:19:36.6,石川県能登地方,37°14.3′N,136°43.9′E,4 km,1.7,---
2024/01/02,12:19:44.8,能登半島沖,37°26.2′N,137°01.3′E,4 km,1.9,---
2024/01/02,12:19:53.1,石垣島北西沖,25°27.0′N,122°38.5′E,0 km,2.7,---
2024/01/02,12:20:15.6,長野県南部,35°53.9′N,137°37.6′E,8 km,0.0,---
2024/01/02,12:20:26.5,新潟県上中越沖,37°41.9′N,137°37.3′E,24 km,1.9,---
2024/01/02,12:20:30.2,能登半島沖,37°29.0′N,137°06.0′E,7 km,1.7,---
2024/01/02,12:20:50.1,日高地方西部,42°48.5′N,142°31.9′E,34 km,1.9,---
2024/01/02,12:20:59.6,石川県能登地方,37°30.9′N,137°16.1′E,14 km,2.0,---
2024/01/02,12:21:22.7,石川県能登地方,37°28.0′N,137°13.4′E,12 km,1.7,---
2024/01/02,12:22:15.1,能登半島沖,37°39.0′N,137°18.1′E,10 km,2.4,---
2024/01/02,12:22:22.8,豊後水道,33°04.6′N,132°05.4′E,8 km,1.5,---
2024/01/02,12:22:55.1,能登半島沖,37°31.9′N,137°09.4′E,8 km,1.8,---
2024/01/02,12:23:07.6,新潟県上中越沖,37°40.1′N,137°38.1′E,19 km,3.3,---
2024/01/02,12:24:51.3,石川県能登地方,37°27.4′N,137°14.3′E,13 km,2.0,---
2024/01/02,12:25:17.6,石川県能登地方,37°26.7′N,137°13.7′E,14 km,2.0,---
2024/01/02,12:25:39.5,石川県能登地方,37°10.5′N,136°53.3′E,12 km,1.8,---
2024/01/02,12:26:13.2,佐渡付近,37°42.1′N,137°35.5′E,17 km,2.0,---
2024/01/02,12:26:57.3,石川県能登地方,37°11.1′N,136°53.9′E,11 km,1.8,---
2024/01/02,12:27:29.6,石川県能登地方,37°14.4′N,136°50.9′E,12 km,1.9,---
2024/01/02,12:28:24.2,石川県能登地方,37°23.3′N,137°04.8′E,12 km,2.3,---
2024/01/02,12:29:11.8,新潟県上中越沖,37°38.6′N,137°32.0′E,19 km,1.6,---
2024/01/02,12:30:21.9,石川県能登地方,37°09.5′N,136°48.8′E,0 km,0.9,---
2024/01/02,12:30:33.5,能登半島沖,37°36.7′N,137°25.4′E,14 km,2.0,---
2024/01/02,12:31:20.6,石川県能登地方,37°19.6′N,136°59.3′E,6 km,1.9,---
2024/01/02,12:32:17.0,石川県能登地方,37°23.1′N,136°53.3′E,6 km,2.3,---
2024/01/02,12:32:43.4,能登半島沖,37°24.7′N,136°55.1′E,0 km,1.9,---
2024/01/02,12:32:46.8,十勝地方中部,42°33.1′N,143°25.6′E,57 km,0.7,---
2024/01/02,12:33:04.8,石川県能登地方,37°24.5′N,137°11.3′E,15 km,2.3,---
2024/01/02,12:33:25.0,能登半島沖,37°35.6′N,137°29.5′E,18 km,2.1,---
2024/01/02,12:34:02.7,石川県能登地方,37°24.5′N,137°06.6′E,11 km,2.2,---
2024/01/02,12:34:18.6,能登半島沖,37°08.9′N,136°40.8′E,9 km,1.6,---
2024/01/02,12:34:21.2,能登半島沖,37°11.8′N,136°37.0′E,2 km,2.2,---
2024/01/02,12:34:51.0,佐渡付近,37°52.7′N,137°46.2′E,23 km,2.5,---
2024/01/02,12:35:09.4,石川県能登地方,37°13.5′N,136°43.6′E,5 km,2.4,---
2024/01/02,12:35:25.4,能登半島沖,37°37.9′N,137°26.5′E,20 km,2.4,---
2024/01/02,12:35:47.1,能登半島沖,37°35.2′N,137°23.9′E,13 km,2.2,---
2024/01/02,12:37:00.2,新潟県上中越沖,37°11.4′N,137°48.0′E,15 km,1.0,---
2024/01/02,12:37:02.5,石川県能登地方,37°29.8′N,137°17.4′E,12 km,2.9,---
2024/01/02,12:38:15.9,奈良県,34°31.9′N,135°47.7′E,12 km,0.7,---
2024/01/02,12:38:17.7,宮城県沖,38°11.7′N,142°19.4′E,33 km,1.9,---
2024/01/02,12:38:25.0,石川県能登地方,37°29.8′N,137°18.2′E,11 km,2.3,---
2024/01/02,12:39:29.0,佐渡付近,37°51.0′N,137°44.0′E,21 km,2.4,---
2024/01/02,12:39:36.6,石川県能登地方,37°19.6′N,136°48.0′E,8 km,2.1,---
2024/01/02,12:39:42.8,新潟県上中越沖,37°37.5′N,137°30.8′E,18 km,2.2,---
2024/01/02,12:39:48.9,富山湾,36°55.5′N,137°08.2′E,24 km,1.4,---
2024/01/02,12:40:43.0,能登半島沖,37°07.4′N,136°39.8′E,7 km,1.5,---
2024/01/02,12:41:05.1,石川県能登地方,37°30.1′N,137°18.6′E,11 km,2.2,---
2024/01/02,12:41:14.3,佐渡付近,37°45.2′N,137°42.4′E,26 km,2.1,---
2024/01/02,12:41:35.8,鹿児島県薩摩地方,31°59.2′N,130°28.3′E,3 km,-0.3,---
2024/01/02,12:41:59.2,佐渡付近,37°42.9′N,137°36.1′E,17 km,2.3,---
2024/01/02,12:42:07.0,能登半島沖,37°11.7′N,136°38.6′E,0 km,1.5,---
2024/01/02,12:42:31.7,石川県能登地方,37°18.0′N,136°48.2′E,7 km,1.8,---
2024/01/02,12:43:05.4,佐渡付近,37°52.5′N,137°38.4′E,10 km,2.5,---
2024/01/02,12:43:36.7,石川県能登地方,37°11.7′N,136°48.5′E,13 km,1.4,---
2024/01/02,12:43:46.4,能登半島沖,37°42.1′N,137°28.7′E,12 km,2.2,---
2024/01/02,12:44:11.9,新潟県上中越沖,37°35.8′N,137°33.8′E,17 km,2.5,---
2024/01/02,12:44:53.0,種子島南東沖,29°54.5′N,130°59.3′E,35 km,0.8,---
2024/01/02,12:44:58.6,石川県能登地方,37°22.4′N,137°02.2′E,12 km,2.5,---
2024/01/02,12:45:20.3,能登半島沖,37°42.8′N,137°25.5′E,14 km,2.4,---
2024/01/02,12:45:22.5,能登半島沖,37°07.2′N,136°40.1′E,8 km,2.2,---
2024/01/02,12:45:38.9,石川県能登地方,37°28.4′N,137°06.2′E,12 km,2.3,---
2024/01/02,12:45:41.3,岩手県沖,39°01.4′N,142°22.8′E,25 km,1.0,---
2024/01/02,12:45:51.4,石川県能登地方,37°12.6′N,136°44.0′E,2 km,2.4,---
2024/01/02,12:46:10.4,能登半島沖,37°28.4′N,137°00.5′E,5 km,2.6,---
2024/01/02,12:46:12.3,能登半島沖,37°12.5′N,136°41.8′E,5 km,2.4,---
2024/01/02,12:46:42.8,能登半島沖,37°26.2′N,136°59.1′E,7 km,2.0,---
2024/01/02,12:47:15.8,能登半島沖,37°07.5′N,136°42.5′E,4 km,1.0,---
2024/01/02,12:47:37.5,石川県能登地方,37°29.8′N,137°16.1′E,13 km,2.0,---
2024/01/02,12:47:58.3,石川県能登地方,37°20.3′N,136°58.8′E,12 km,3.3,---
2024/01/02,12:49:02.1,岩手県内陸北部,39°54.0′N,141°25.9′E,0 km,0.5,---
2024/01/02,12:49:05.9,岩手県沖,39°01.4′N,142°21.8′E,25 km,1.2,---
2024/01/02,12:49:29.5,佐渡付近,37°53.9′N,137°45.5′E,23 km,2.7,---
2024/01/02,12:49:37.4,石川県能登地方,37°14.6′N,136°45.4′E,10 km,2.5,---
2024/01/02,12:50:10.6,石川県能登地方,37°17.5′N,136°51.2′E,13 km,1.9,---
2024/01/02,12:50:21.5,佐渡付近,37°43.2′N,137°34.3′E,22 km,1.3,---
2024/01/02,12:51:18.0,新潟県上中越沖,37°37.2′N,137°31.7′E,19 km,2.5,---
2024/01/02,12:51:22.6,能登半島沖,37°13.8′N,136°40.4′E,8 km,2.9,---
2024/01/02,12:51:28.9,新潟県上中越沖,37°37.2′N,137°32.2′E,15 km,2.4,---
2024/01/02,12:52:04.2,石川県能登地方,37°11.7′N,136°52.7′E,12 km,1.9,---
2024/01/02,12:52:24.3,石川県能登地方,37°13.8′N,136°48.9′E,0 km,1.6,---
2024/01/02,12:52:24.7,能登半島沖,37°38.1′N,137°23.0′E,10 km,2.5,---
2024/01/02,12:52:25.3,佐渡付近,37°56.3′N,137°43.4′E,19 km,2.4,---
2024/01/02,12:52:36.0,石川県能登地方,37°12.3′N,136°47.2′E,8 km,2.6,---
2024/01/02,12:52:53.6,能登半島沖,37°14.9′N,136°40.7′E,12 km,2.6,---
2024/01/02,12:53:48.7,日向灘,32°17.9′N,132°05.8′E,25 km,0.6,---
2024/01/02,12:54:08.6,石川県能登地方,37°16.0′N,136°45.4′E,7 km,2.3,---
2024/01/02,12:54:35.6,石川県能登地方,37°26.4′N,137°09.4′E,11 km,1.8,---
2024/01/02,12:54:55.6,能登半島沖,37°29.9′N,137°21.9′E,13 km,2.7,---
2024/01/02,12:56:04.4,石川県能登地方,37°17.3′N,136°47.0′E,12 km,3.4,---
2024/01/02,12:57:06.1,佐渡付近,37°51.3′N,137°41.4′E,23 km,2.2,---
2024/01/02,12:57:20.0,石川県能登地方,37°27.4′N,137°05.4′E,8 km,2.2,---
2024/01/02,12:57:44.1,東京湾,35°38.5′N,140°01.4′E,72 km,1.2,---
2024/01/02,12:57:55.5,石川県能登地方,37°16.9′N,136°46.4′E,8 km,1.9,---
2024/01/02,12:58:09.9,石川県能登地方,37°27.9′N,137°09.4′E,11 km,2.8,---
2024/01/02,12:58:13.0,茨城県沖,36°06.6′N,142°08.8′E,6 km,1.7,---
2024/01/02,12:58:41.4,石川県能登地方,37°27.6′N,137°16.3′E,13 km,2.9,---
2024/01/02,12:58:41.6,石川県能登地方,37°13.1′N,136°52.7′E,13 km,2.3,---
2024/01/02,12:59:23.1,佐渡付近,37°53.8′N,137°45.7′E,21 km,3.6,---
2024/01/02,13:00:05.5,沖縄本島北西沖,27°20.7′N,127°37.3′E,110 km,1.2,---
2024/01/02,13:00:11.5,石川県能登地方,37°29.4′N,137°16.2′E,0 km,2.3,---
2024/01/02,13:00:12.7,石川県能登地方,37°14.7′N,136°45.8′E,10 km,2.2,---
2024/01/02,13:00:14.0,茨城県北部,36°27.6′N,140°33.2′E,59 km,1.1,---
2024/01/02,13:00:26.9,能登半島沖,37°06.6′N,136°39.2′E,5 km,1.8,---
2024/01/02,13:00:39.2,佐渡付近,37°48.8′N,137°44.2′E,20 km,2.7,---
2024/01/02,13:00:52.6,宮城県沖,38°59.1′N,142°21.1′E,43 km,1.8,---
2024/01/02,13:01:46.3,能登半島沖,37°08.0′N,136°39.2′E,11 km,1.6,---
2024/01/02,13:01:58.4,石川県能登地方,37°21.8′N,136°59.6′E,11 km,3.1,---
2024/01/02,13:02:07.2,佐渡付近,37°44.8′N,137°40.9′E,21 km,2.7,---
2024/01/02,13:02:12.0,日向灘,32°34.1′N,132°01.6′E,34 km,1.1,---
2024/01/02,13:02:33.6,宮城県沖,37°56.5′N,141°47.5′E,61 km,1.3,---
2024/01/02,13:03:11.4,和歌山県南部,33°37.6′N,135°26.1′E,37 km,0.4,---
2024/01/02,13:03:22.1,石川県能登地方,37°13.4′N,136°47.1′E,8 km,1.8,---
2024/01/02,13:03:28.2,福島県沖,37°21.9′N,141°46.7′E,40 km,1.2,---
2024/01/02,13:04:10.2,新潟県上中越沖,37°41.6′N,137°39.7′E,17 km,2.5,---
2024/01/02,13:05:25.8,石川県能登地方,37°29.9′N,137°20.2′E,12 km,1.7,---
2024/01/02,13:05:56.2,福島県沖,37°26.6′N,141°52.7′E,42 km,1.2,---
2024/01/02,13:05:58.3,石川県能登地方,37°21.9′N,136°49.9′E,10 km,2.4,---
2024/01/02,13:06:11.9,富山県東部,36°31.8′N,137°34.8′E,2 km,1.5,---
2024/01/02,13:06:17.8,佐渡付近,37°53.5′N,137°48.9′E,19 km,3.0,---
2024/01/02,13:07:08.8,根室半島南東沖,43°11.4′N,146°26.5′E,51 km,1.4,---
2024/01/02,13:07:15.2,石川県能登地方,37°12.6′N,136°45.9′E,5 km,1.9,---
2024/01/02,13:07:27.3,福島県沖,37°49.7′N,141°36.4′E,49 km,1.3,---
2024/01/02,13:07:36.0,石川県能登地方,37°25.2′N,137°03.5′E,6 km,1.8,---
2024/01/02,13:07:59.0,石川県能登地方,37°09.1′N,136°44.9′E,0 km,2.1,---
2024/01/02,13:08:29.6,石川県能登地方,37°09.8′N,136°44.5′E,1 km,2.0,---
2024/01/02,13:08:36.6,茨城県北部,36°48.6′N,140°24.1′E,74 km,2.0,---
2024/01/02,13:09:07.6,石川県能登地方,37°27.4′N,137°10.0′E,11 km,3.5,---
2024/01/02,13:09:39.5,石川県能登地方,37°29.3′N,137°15.6′E,8 km,3.0,---
2024/01/02,13:10:31.4,能登半島沖,37°08.1′N,136°37.1′E,8 km,1.6,---
2024/01/02,13:11:08.3,佐渡付近,37°42.5′N,137°30.5′E,22 km,1.9,---
2024/01/02,13:11:46.1,石川県能登地方,37°21.1′N,136°59.0′E,6 km,2.7,---
2024/01/02,13:12:18.2,石川県能登地方,37°10.7′N,136°43.4′E,5 km,1.8,---
2024/01/02,13:12:36.5,能登半島沖,37°05.5′N,136°38.1′E,10 km,1.5,---
2024/01/02,13:12:44.2,石川県能登地方,37°28.0′N,137°13.3′E,11 km,2.2,---
2024/01/02,13:13:15.0,佐渡付近,37°54.8′N,137°42.9′E,24 km,2.4,---
2024/01/02,13:13:28.2,石川県能登地方,37°19.6′N,136°51.8′E,14 km,1.9,---
2024/01/02,13:14:52.8,能登半島沖,37°36.3′N,137°14.9′E,10 km,2.0,---
2024/01/02,13:14:56.4,石川県能登地方,37°08.9′N,136°45.2′E,3 km,1.8,---
2024/01/02,13:15:33.0,佐渡付近,37°50.1′N,137°36.3′E,13 km,2.1,---
2024/01/02,13:16:11.8,佐渡付近,37°42.0′N,137°35.2′E,19 km,2.5,---
2024/01/02,13:17:29.1,石川県能登地方,37°30.8′N,137°17.9′E,14 km,1.9,---
2024/01/02,13:17:30.7,佐渡付近,37°53.9′N,137°42.7′E,23 km,2.1,---
2024/01/02,13:17:34.6,石川県能登地方,37°21.2′N,137°03.1′E,11 km,2.0,---
2024/01/02,13:17:55.6,石川県能登地方,37°22.1′N,136°56.9′E,8 km,2.1,---
2024/01/02,13:17:58.0,福島県沖,37°27.4′N,141°25.3′E,46 km,0.6,---
2024/01/02,13:18:14.8,能登半島沖,37°12.6′N,136°40.9′E,8 km,2.7,---
2024/01/02,13:18:16.8,石川県能登地方,37°19.0′N,136°56.5′E,13 km,2.6,---
2024/01/02,13:18:48.0,石川県能登地方,37°26.9′N,137°08.0′E,9 km,2.5,---
2024/01/02,13:19:07.4,新潟県上中越沖,37°37.9′N,137°30.1′E,14 km,2.9,---
2024/01/02,13:19:38.9,滋賀県北部,35°23.9′N,136°20.7′E,15 km,0.4,---
2024/01/02,13:19:43.5,石川県能登地方,37°11.8′N,136°51.9′E,9 km,2.0,---
2024/01/02,13:19:56.0,石川県能登地方,37°11.5′N,136°42.1′E,3 km,2.4,---
2024/01/02,13:20:55.8,石川県能登地方,37°22.2′N,137°03.3′E,12 km,1.8,---
2024/01/02,13:21:01.9,石川県能登地方,37°23.7′N,136°58.0′E,2 km,1.9,---
2024/01/02,13:21:50.7,石川県能登地方,37°16.7′N,136°52.4′E,10 km,2.3,---
2024/01/02,13:22:23.2,石川県能登地方,37°10.2′N,136°50.3′E,12 km,2.4,---
2024/01/02,13:22:32.7,佐渡付近,37°48.3′N,137°35.7′E,13 km,2.4,---
2024/01/02,13:22:53.5,佐渡付近,37°54.3′N,137°45.8′E,22 km,3.4,---
2024/01/02,13:22:58.1,能登半島沖,37°14.6′N,136°42.4′E,5 km,1.8,---
2024/01/02,13:23:24.7,佐渡付近,37°49.7′N,137°42.9′E,12 km,2.6,---
2024/01/02,13:24:51.3,石川県能登地方,37°25.5′N,137°10.1′E,14 km,1.8,---
2024/01/02,13:24:57.2,佐渡付近,37°48.3′N,137°41.5′E,19 km,2.3,---
2024/01/02,13:25:29.6,石川県能登地方,37°26.9′N,137°05.6′E,8 km,2.3,---
2024/01/02,13:26:17.7,石川県能登地方,37°29.0′N,137°08.0′E,10 km,1.5,---
2024/01/02,13:26:22.7,石川県能登地方,37°12.3′N,136°49.6′E,9 km,1.7,---
2024/01/02,13:26:52.0,石川県能登地方,37°20.9′N,137°03.5′E,11 km,1.9,---
2024/01/02,13:27:11.3,石川県能登地方,37°22.5′N,136°55.2′E,7 km,2.5,---
2024/01/02,13:27:32.6,能登半島沖,37°12.6′N,136°41.6′E,1 km,2.2,---
2024/01/02,13:27:34.5,石川県能登地方,37°28.6′N,137°11.2′E,12 km,2.0,---
2024/01/02,13:27:50.5,石川県能登地方,37°18.5′N,136°54.4′E,5 km,2.1,---
2024/01/02,13:28:06.2,石川県能登地方,37°20.0′N,136°58.7′E,10 km,2.1,---
2024/01/02,13:28:07.8,石川県能登地方,37°10.2′N,136°42.2′E,7 km,1.8,---
2024/01/02,13:28:39.1,能登半島沖,37°30.8′N,137°11.3′E,8 km,2.0,---
2024/01/02,13:29:00.8,石川県能登地方,37°11.1′N,136°49.1′E,8 km,1.6,---
2024/01/02,13:29:06.0,十勝地方北部,43°34.7′N,143°45.1′E,5 km,0.1,---
2024/01/02,13:29:08.6,石川県能登地方,37°17.4′N,136°47.0′E,6 km,1.7,---
2024/01/02,13:29:33.1,佐渡付近,37°52.3′N,137°46.2′E,21 km,2.5,---
2024/01/02,13:30:02.8,能登半島沖,37°22.0′N,136°46.7′E,8 km,2.0,---
2024/01/02,13:30:06.2,新潟県上中越沖,37°38.0′N,137°32.3′E,23 km,2.4,---
2024/01/02,13:30:52.3,佐渡付近,37°52.4′N,137°46.5′E,14 km,2.1,---
2024/01/02,13:30:58.1,石川県能登地方,37°19.7′N,136°59.4′E,12 km,1.9,---
2024/01/02,13:31:29.8,石川県能登地方,37°14.8′N,136°43.6′E,13 km,1.6,---
2024/01/02,13:32:11.5,石川県能登地方,37°22.0′N,137°00.3′E,7 km,1.8,---
2024/01/02,13:32:31.2,石川県能登地方,37°11.0′N,136°41.3′E,9 km,2.9,---
2024/01/02,13:33:14.6,石川県能登地方,37°18.1′N,136°44.1′E,2 km,1.5,---
2024/01/02,13:33:23.7,石川県能登地方,37°16.0′N,136°49.1′E,11 km,2.5,---
2024/01/02,13:34:01.0,石川県能登地方,37°17.9′N,136°48.0′E,11 km,2.5,---
2024/01/02,13:34:22.1,石川県能登地方,37°24.3′N,137°01.7′E,6 km,2.2,---
2024/01/02,13:35:18.1,佐渡付近,37°50.5′N,137°41.4′E,15 km,1.8,---
2024/01/02,13:35:48.1,石川県能登地方,37°27.7′N,137°15.4′E,13 km,2.2,---
2024/01/02,13:36:19.4,石川県能登地方,37°25.1′N,137°08.4′E,8 km,2.2,---
2024/01/02,13:36:24.7,石川県能登地方,37°28.8′N,137°13.5′E,13 km,2.7,---
2024/01/02,13:36:29.6,石川県能登地方,37°13.9′N,136°44.1′E,9 km,2.2,---
2024/01/02,13:36:33.5,佐渡付近,37°47.0′N,137°35.9′E,15 km,2.5,---
2024/01/02,13:36:50.1,石川県能登地方,37°21.1′N,136°52.5′E,12 km,2.3,---
2024/01/02,13:37:36.2,石川県能登地方,37°21.2′N,136°55.5′E,7 km,2.1,---
2024/01/02,13:37:46.0,佐渡付近,37°53.1′N,137°44.9′E,23 km,1.9,---
2024/01/02,13:38:00.0,三河湾,34°39.0′N,137°06.1′E,326 km,2.9,---
2024/01/02,13:38:36.4,石川県能登地方,37°25.1′N,137°09.0′E,14 km,1.8,---
2024/01/02,13:39:05.2,石川県能登地方,37°22.3′N,136°55.5′E,8 km,1.7,---
2024/01/02,13:39:05.5,能登半島沖,37°43.9′N,137°29.6′E,3 km,2.2,---
2024/01/02,13:39:48.4,石川県能登地方,37°11.3′N,136°46.1′E,7 km,2.6,---
2024/01/02,13:40:00.2,石川県能登地方,37°26.2′N,137°03.2′E,9 km,2.5,---
2024/01/02,13:40:45.1,石川県能登地方,37°23.1′N,137°09.2′E,10 km,1.7,---
2024/01/02,13:41:13.0,山梨県東部・富士五湖,35°29.3′N,138°59.1′E,25 km,0.3,---
2024/01/02,13:41:20.0,石川県能登地方,37°29.2′N,137°16.7′E,12 km,3.0,---
2024/01/02,13:41:25.5,佐渡付近,37°49.4′N,137°40.0′E,21 km,3.4,---
2024/01/02,13:41:43.9,石川県能登地方,37°22.4′N,136°57.9′E,11 km,2.9,---
2024/01/02,13:42:29.6,石川県能登地方,37°27.6′N,137°10.9′E,13 km,3.0,---
2024/01/02,13:42:48.6,石川県能登地方,37°19.6′N,136°48.8′E,11 km,2.6,---
2024/01/02,13:43:15.5,石川県能登地方,37°19.6′N,136°54.5′E,9 km,3.7,---
2024/01/02,13:44:24.2,石川県能登地方,37°11.0′N,136°44.2′E,2 km,1.7,---
2024/01/02,13:44:52.5,石川県能登地方,37°27.4′N,137°10.5′E,13 km,2.4,---
2024/01/02,13:45:14.9,石川県能登地方,37°18.7′N,136°46.9′E,9 km,1.9,---
2024/01/02,13:45:33.0,能登半島沖,37°33.1′N,137°01.6′E,1 km,2.3,---
2024/01/02,13:45:35.3,石川県能登地方,37°17.5′N,136°47.8′E,11 km,1.8,---
2024/01/02,13:46:44.2,石川県能登地方,37°21.8′N,136°51.3′E,8 km,2.6,---
2024/01/02,13:47:19.6,新潟県上中越沖,37°41.9′N,137°30.1′E,0 km,2.6,---
2024/01/02,13:47:59.4,石川県能登地方,37°21.3′N,137°03.3′E,12 km,2.8,---
2024/01/02,13:48:03.7,佐渡付近,37°54.0′N,137°43.5′E,21 km,2.0,---
2024/01/02,13:48:33.6,石川県能登地方,37°18.2′N,136°54.8′E,6 km,2.0,---
2024/01/02,13:49:05.5,能登半島沖,37°14.1′N,136°42.6′E,4 km,1.6,---
2024/01/02,13:50:04.7,能登半島沖,37°14.4′N,136°40.4′E,6 km,3.5,---
2024/01/02,13:51:06.3,石川県能登地方,37°22.4′N,136°51.0′E,5 km,2.6,---
2024/01/02,13:51:37.5,石川県能登地方,37°17.3′N,136°46.3′E,11 km,1.8,---
2024/01/02,13:51:54.1,佐渡付近,37°54.3′N,137°44.3′E,20 km,1.9,---
2024/01/02,13:52:49.3,佐渡付近,37°54.1′N,137°43.5′E,23 km,1.6,---
2024/01/02,13:52:51.2,長野県南部,35°58.6′N,137°33.5′E,7 km,0.3,---
2024/01/02,13:53:28.7,熊本県天草・芦北地方,32°15.6′N,130°33.4′E,9 km,0.5,---
2024/01/02,13:53:52.6,石川県能登地方,37°22.5′N,136°56.0′E,8 km,1.9,---
2024/01/02,13:54:24.8,能登半島沖,37°08.2′N,136°41.1′E,5 km,3.1,---
2024/01/02,13:54:36.5,日向灘,32°16.0′N,131°53.7′E,22 km,0.5,---
2024/01/02,13:55:45.9,福島県沖,37°08.1′N,142°13.5′E,21 km,2.2,---
2024/01/02,13:55:57.5,石川県能登地方,37°27.9′N,137°08.2′E,10 km,2.9,---
2024/01/02,13:56:46.1,能登半島沖,37°14.3′N,136°39.8′E,7 km,2.2,---
2024/01/02,13:56:52.6,能登半島沖,37°39.7′N,137°28.6′E,15 km,2.4,---
2024/01/02,13:57:17.1,宮城県沖,37°56.5′N,141°44.2′E,55 km,0.9,---
2024/01/02,13:57:39.6,佐渡付近,37°44.4′N,137°37.6′E,16 km,2.6,---
2024/01/02,13:58:44.0,能登半島沖,37°33.4′N,137°11.8′E,1 km,2.1,---
2024/01/02,13:59:16.1,福島県沖,37°33.7′N,142°15.9′E,29 km,1.7,---
2024/01/02,13:59:30.1,石川県能登地方,37°10.9′N,136°43.6′E,4 km,1.3,---
2024/01/02,13:59:40.7,石川県能登地方,37°10.0′N,136°44.3′E,3 km,2.0,---
2024/01/02,13:59:53.2,佐渡付近,37°51.2′N,137°42.5′E,15 km,2.1,---
2024/01/02,13:59:57.2,石川県能登地方,37°10.3′N,136°42.9′E,5 km,1.4,---
2024/01/02,14:00:05.6,富山県東部,36°39.0′N,137°45.2′E,2 km,0.6,---
2024/01/02,14:00:12.2,能登半島沖,37°38.4′N,137°29.3′E,17 km,2.0,---
2024/01/02,14:00:54.0,佐渡付近,37°51.6′N,137°41.7′E,19 km,1.9,---
2024/01/02,14:00:54.5,三陸沖,39°59.8′N,143°48.2′E,8 km,1.5,---
2024/01/02,14:00:57.4,石川県能登地方,37°12.9′N,136°43.4′E,4 km,1.9,---
2024/01/02,14:01:20.0,能登半島沖,37°12.8′N,136°41.5′E,7 km,1.7,---
2024/01/02,14:01:32.7,佐渡付近,37°54.7′N,137°45.6′E,20 km,1.9,---
2024/01/02,14:01:43.7,能登半島沖,37°15.9′N,136°43.7′E,9 km,1.5,---
2024/01/02,14:01:58.8,石川県能登地方,37°22.5′N,136°47.1′E,7 km,4.4,---
2024/01/02,14:02:07.7,紀伊水道,33°51.4′N,134°59.5′E,13 km,0.4,---
2024/01/02,14:03:04.1,石川県能登地方,37°27.1′N,137°13.8′E,13 km,2.6,---
2024/01/02,14:03:21.7,佐渡付近,37°52.3′N,137°42.6′E,14 km,2.2,---
2024/01/02,14:03:28.7,石川県能登地方,37°23.5′N,136°54.4′E,8 km,2.0,---
2024/01/02,14:03:52.5,新潟県上中越沖,37°40.7′N,137°35.6′E,17 km,3.4,---
2024/01/02,14:05:11.2,石川県能登地方,37°10.0′N,136°41.6′E,3 km,2.3,---
2024/01/02,14:05:18.8,新潟県上中越沖,37°38.4′N,137°31.8′E,24 km,2.1,---
2024/01/02,14:05:45.1,長野県中部,36°04.0′N,138°06.8′E,3 km,0.1,---
2024/01/02,14:06:42.7,北海道南西沖,41°35.6′N,139°20.4′E,17 km,1.6,---
2024/01/02,14:06:57.0,佐渡付近,37°45.0′N,137°40.4′E,15 km,2.0,---
2024/01/02,14:07:24.3,茨城県沖,36°45.7′N,141°20.0′E,43 km,1.5,---
2024/01/02,14:07:27.4,佐渡付近,37°45.1′N,137°39.9′E,17 km,2.3,---
2024/01/02,14:08:09.1,石川県能登地方,37°13.7′N,136°47.7′E,11 km,1.7,---
2024/01/02,14:08:32.1,石川県能登地方,37°19.8′N,136°57.9′E,10 km,1.8,---
2024/01/02,14:08:37.0,福島県沖,37°39.5′N,141°42.4′E,52 km,1.1,---
2024/01/02,14:09:19.0,石川県能登地方,37°12.5′N,136°46.0′E,9 km,3.0,---
2024/01/02,14:10:01.9,佐渡付近,37°43.2′N,137°36.6′E,18 km,2.4,---
2024/01/02,14:10:08.7,石川県能登地方,37°22.2′N,137°00.2′E,5 km,2.3,---
2024/01/02,14:10:15.9,佐渡付近,37°50.9′N,137°47.5′E,15 km,2.3,---
2024/01/02,14:10:32.6,石川県能登地方,37°12.9′N,136°43.6′E,11 km,2.7,---
2024/01/02,14:11:32.7,能登半島沖,37°33.1′N,137°20.5′E,8 km,2.6,---
2024/01/02,14:13:16.7,能登半島沖,37°12.0′N,136°39.5′E,2 km,2.3,---
2024/01/02,14:13:24.0,鹿児島県薩摩地方,32°01.0′N,130°12.1′E,8 km,0.2,---
2024/01/02,14:13:54.2,新潟県上中越沖,37°29.2′N,137°35.1′E,20 km,2.3,---
2024/01/02,14:14:33.6,長野県北部,36°38.8′N,137°46.0′E,1 km,0.7,---
2024/01/02,14:14:49.9,能登半島沖,37°32.5′N,137°12.3′E,7 km,1.8,---
2024/01/02,14:14:56.2,佐渡付近,37°51.6′N,137°43.0′E,16 km,1.8,---
2024/01/02,14:15:06.2,石川県能登地方,37°27.5′N,137°11.0′E,12 km,2.4,---
2024/01/02,14:15:23.3,石川県能登地方,37°27.4′N,137°13.6′E,12 km,2.4,---
2024/01/02,14:15:27.2,周防灘,33°52.7′N,131°23.7′E,13 km,0.8,---
2024/01/02,14:16:22.6,石川県能登地方,37°25.6′N,137°06.5′E,11 km,1.9,---
2024/01/02,14:16:55.5,石川県能登地方,37°19.6′N,136°57.4′E,13 km,1.9,---
2024/01/02,14:17:14.1,新潟県上中越沖,37°37.7′N,137°33.0′E,13 km,2.4,---
2024/01/02,14:17:57.2,石川県能登地方,37°23.2′N,136°59.2′E,8 km,1.9,---
2024/01/02,14:18:06.2,石川県能登地方,37°19.3′N,136°53.3′E,11 km,2.4,---
2024/01/02,14:18:21.3,石川県能登地方,37°12.7′N,136°42.6′E,8 km,2.3,---
2024/01/02,14:18:32.7,富山県東部,36°30.3′N,137°29.6′E,5 km,2.3,---
2024/01/02,14:18:39.0,石川県能登地方,37°22.6′N,136°51.4′E,9 km,2.0,---
2024/01/02,14:18:55.7,石川県能登地方,37°19.8′N,136°46.4′E,8 km,2.1,---
2024/01/02,14:19:21.9,石川県能登地方,37°11.3′N,136°52.2′E,12 km,1.8,---
2024/01/02,14:20:01.6,石川県能登地方,37°11.3′N,136°45.4′E,8 km,1.8,---
2024/01/02,14:20:18.6,佐渡付近,37°44.4′N,137°37.9′E,19 km,1.9,---
2024/01/02,14:20:23.6,佐渡付近,37°49.0′N,137°39.2′E,10 km,1.9,---
2024/01/02,14:20:50.6,石川県能登地方,37°16.2′N,136°45.1′E,6 km,1.7,---
2024/01/02,14:21:08.7,石川県能登地方,37°13.1′N,136°47.1′E,9 km,2.1,---
2024/01/02,14:21:17.6,日高地方西部,42°35.2′N,142°07.9′E,18 km,1.3,---
2024/01/02,14:21:28.3,沖縄本島近海,26°52.7′N,128°42.3′E,6 km,1.2,---
2024/01/02,14:21:34.1,石川県能登地方,37°27.3′N,137°16.0′E,13 km,2.1,---
2024/01/02,14:21:42.1,石川県能登地方,37°11.8′N,136°45.6′E,10 km,1.5,---
2024/01/02,14:21:47.7,能登半島沖,37°40.0′N,137°26.4′E,15 km,2.4,---
2024/01/02,14:21:56.1,佐渡付近,37°48.7′N,138°06.6′E,21 km,1.3,---
2024/01/02,14:22:43.1,岩手県沖,39°57.7′N,142°01.9′E,43 km,0.7,---
2024/01/02,14:22:57.0,佐渡付近,37°44.9′N,137°40.2′E,21 km,2.7,---
2024/01/02,14:22:57.4,能登半島沖,37°14.3′N,136°42.2′E,4 km,1.6,---
2024/01/02,14:23:02.6,長野県南部,35°51.5′N,137°40.1′E,8 km,0.0,---
2024/01/02,14:23:04.0,石川県能登地方,37°10.1′N,136°45.9′E,9 km,1.8,---
2024/01/02,14:23:32.4,石川県能登地方,37°15.4′N,136°44.9′E,9 km,1.8,---
2024/01/02,14:23:49.7,石川県能登地方,37°25.7′N,137°02.7′E,7 km,2.0,---
2024/01/02,14:24:38.8,石川県能登地方,37°08.5′N,136°45.0′E,6 km,1.5,---
2024/01/02,14:25:08.1,新潟県上中越沖,37°41.2′N,137°30.4′E,11 km,2.3,---
2024/01/02,14:26:09.3,能登半島沖,37°22.4′N,136°46.4′E,8 km,1.6,---
2024/01/02,14:26:47.9,富山湾,37°14.0′N,137°27.9′E,18 km,1.3,---
2024/01/02,14:27:45.8,石川県能登地方,37°27.6′N,137°09.7′E,12 km,2.2,---
2024/01/02,14:28:08.2,石川県能登地方,37°14.3′N,136°44.0′E,8 km,2.0,---
2024/01/02,14:28:58.5,石川県能登地方,37°18.0′N,136°54.9′E,11 km,1.7,---
2024/01/02,14:29:02.4,福島県沖,37°34.8′N,141°52.2′E,40 km,1.5,---
2024/01/02,14:29:11.8,石川県能登地方,37°23.9′N,137°08.5′E,12 km,2.3,---
2024/01/02,14:29:53.3,能登半島沖,37°32.4′N,137°17.7′E,10 km,2.1,---
2024/01/02,14:30:19.6,能登半島沖,37°33.3′N,137°22.5′E,10 km,2.3,---
2024/01/02,14:30:21.4,能登半島沖,37°07.8′N,136°38.2′E,3 km,1.8,---
2024/01/02,14:30:46.8,豊後水道,33°04.7′N,132°05.3′E,7 km,1.4,---
2024/01/02,14:30:47.7,石川県能登地方,37°11.2′N,136°43.3′E,4 km,1.5,---
2024/01/02,14:31:30.1,石川県能登地方,37°29.5′N,137°14.0′E,15 km,2.5,---
2024/01/02,14:31:35.2,佐渡付近,37°44.2′N,137°42.4′E,14 km,2.6,---
2024/01/02,14:31:50.2,石川県能登地方,37°13.5′N,136°50.8′E,11 km,2.2,---
2024/01/02,14:33:06.9,石川県能登地方,37°09.5′N,136°54.9′E,16 km,1.9,---
2024/01/02,14:33:30.1,石川県能登地方,37°22.1′N,136°57.4′E,10 km,2.1,---
2024/01/02,14:34:01.3,能登半島沖,37°08.2′N,136°36.5′E,11 km,1.4,---
2024/01/02,14:34:05.2,石川県能登地方,37°23.1′N,136°49.9′E,8 km,2.0,---
2024/01/02,14:34:36.3,富山湾,37°00.4′N,137°31.0′E,15 km,2.1,---
2024/01/02,14:34:54.7,能登半島沖,37°32.9′N,137°23.9′E,15 km,2.6,---
2024/01/02,14:35:35.1,石川県能登地方,37°29.7′N,137°08.8′E,7 km,2.0,---
2024/01/02,14:35:40.9,北海道南西沖,42°16.2′N,139°30.4′E,7 km,1.3,---
2024/01/02,14:36:07.1,能登半島沖,37°10.4′N,136°40.9′E,7 km,1.6,---
2024/01/02,14:36:31.6,石川県能登地方,37°16.0′N,136°57.0′E,3 km,1.4,---
2024/01/02,14:37:02.9,青森県東方沖,40°49.8′N,142°40.5′E,43 km,2.0,---
2024/01/02,14:37:11.5,石川県能登地方,37°15.5′N,136°52.0′E,13 km,1.8,---
2024/01/02,14:37:22.7,佐渡付近,38°00.1′N,137°59.2′E,12 km,2.9,---
2024/01/02,14:37:29.7,能登半島沖,37°26.2′N,137°00.8′E,3 km,2.0,---
2024/01/02,14:37:48.0,石川県能登地方,37°21.5′N,137°02.6′E,12 km,3.2,---
2024/01/02,14:38:00.2,新潟県上中越沖,37°41.2′N,137°36.3′E,13 km,3.1,---
2024/01/02,14:38:24.0,能登半島沖,37°39.3′N,137°28.6′E,1 km,3.2,---
2024/01/02,14:38:28.4,択捉島南東沖,44°36.6′N,148°08.2′E,134 km,3.6,---
2024/01/02,14:39:10.2,石川県能登地方,37°17.6′N,136°52.6′E,15 km,1.9,---
2024/01/02,14:39:21.7,石川県能登地方,37°18.5′N,136°54.7′E,12 km,2.2,---
2024/01/02,14:39:23.0,新潟県上中越沖,37°41.8′N,137°38.3′E,16 km,2.6,---
2024/01/02,14:39:46.9,新潟県上中越沖,37°37.0′N,137°35.0′E,20 km,3.0,---
2024/01/02,14:40:04.1,八丈島東方沖,32°56.0′N,142°13.3′E,0 km,3.2,---
2024/01/02,14:40:07.6,山梨県東部・富士五湖,35°25.7′N,138°43.4′E,12 km,0.4,---
2024/01/02,14:40:27.0,石川県能登地方,37°23.7′N,137°04.0′E,5 km,2.6,---
2024/01/02,14:41:15.5,能登半島沖,37°32.5′N,137°21.6′E,9 km,3.0,---
2024/01/02,14:42:39.6,能登半島沖,37°39.5′N,137°25.2′E,10 km,3.0,---
2024/01/02,14:43:36.1,天草灘,32°21.4′N,129°46.7′E,13 km,-0.2,---
2024/01/02,14:43:36.2,石川県能登地方,37°10.0′N,136°44.7′E,4 km,2.6,---
2024/01/02,14:44:39.0,能登半島沖,37°08.4′N,136°39.0′E,13 km,2.0,---
2024/01/02,14:45:52.3,石川県能登地方,37°21.3′N,136°51.8′E,9 km,1.7,---
2024/01/02,14:46:07.3,新潟県上中越沖,37°14.0′N,137°36.5′E,17 km,2.3,---
2024/01/02,14:46:11.9,石川県能登地方,37°10.2′N,136°43.4′E,1 km,1.5,---
2024/01/02,14:46:47.1,石川県能登地方,37°12.7′N,136°47.3′E,9 km,2.5,---
2024/01/02,14:46:56.1,群馬県南部,36°33.9′N,139°23.7′E,9 km,0.5,---
2024/01/02,14:47:00.8,石川県能登地方,37°20.9′N,136°51.8′E,11 km,3.2,---
2024/01/02,14:49:52.7,石川県能登地方,37°09.8′N,136°50.7′E,12 km,1.6,---
2024/01/02,14:50:26.3,能登半島沖,37°15.1′N,136°42.9′E,7 km,1.5,---
2024/01/02,14:50:53.9,石川県能登地方,37°09.1′N,136°43.5′E,4 km,2.1,---
2024/01/02,14:51:18.3,石川県能登地方,37°28.3′N,137°08.0′E,9 km,2.1,---
2024/01/02,14:51:32.3,佐渡付近,37°51.0′N,137°45.6′E,20 km,2.7,---
2024/01/02,14:52:56.2,能登半島沖,37°11.1′N,136°39.8′E,2 km,1.6,---
2024/01/02,14:53:27.1,佐渡付近,37°53.8′N,137°42.8′E,24 km,2.9,---
2024/01/02,14:55:14.6,能登半島沖,37°37.1′N,137°24.5′E,9 km,2.4,---
2024/01/02,14:55:24.4,富山県東部,36°38.7′N,137°45.2′E,2 km,0.8,---
2024/01/02,14:55:53.4,石川県能登地方,37°25.9′N,137°02.0′E,5 km,2.0,---
2024/01/02,14:55:56.1,八丈島東方沖,32°22.7′N,141°48.3′E,73 km,3.6,---
2024/01/02,14:56:05.6,富山県東部,36°39.5′N,137°43.3′E,4 km,0.9,---
2024/01/02,14:56:11.3,石川県能登地方,37°22.4′N,137°05.1′E,11 km,1.9,---
2024/01/02,14:56:29.6,石川県能登地方,37°26.1′N,137°03.7′E,6 km,2.0,---
2024/01/02,14:56:40.8,新潟県上中越沖,37°37.1′N,137°34.2′E,16 km,3.7,---
2024/01/02,14:58:08.3,石川県能登地方,37°10.6′N,136°42.7′E,11 km,1.4,---
2024/01/02,14:58:08.7,富山県東部,36°39.0′N,137°44.8′E,1 km,0.9,---
2024/01/02,14:58:38.4,新潟県上中越沖,37°41.9′N,137°41.9′E,16 km,1.8,---
2024/01/02,14:58:40.0,石川県能登地方,37°11.9′N,136°44.1′E,6 km,3.3,---
2024/01/02,15:00:21.8,石川県能登地方,37°18.5′N,136°59.6′E,0 km,1.6,---
2024/01/02,15:00:25.5,日向灘,31°59.5′N,131°53.5′E,40 km,0.5,---
2024/01/02,15:00:39.0,石川県能登地方,37°10.4′N,136°42.8′E,5 km,2.0,---
2024/01/02,15:01:00.2,石川県能登地方,37°22.7′N,136°51.6′E,6 km,3.5,---
2024/01/02,15:02:25.6,富山県東部,36°39.0′N,137°45.5′E,0 km,0.5,---
2024/01/02,15:02:37.5,佐渡付近,37°47.4′N,137°45.1′E,20 km,4.1,---
2024/01/02,15:04:29.1,石川県能登地方,37°16.7′N,136°48.2′E,9 km,1.8,---
2024/01/02,15:05:05.0,能登半島沖,37°33.1′N,137°14.9′E,10 km,1.8,---
2024/01/02,15:05:41.6,能登半島沖,37°13.2′N,136°41.4′E,5 km,不明,---
2024/01/02,15:05:42.1,石川県能登地方,37°20.5′N,136°54.6′E,12 km,3.4,---
2024/01/02,15:06:56.4,能登半島沖,37°24.0′N,136°44.1′E,6 km,2.2,---
2024/01/02,15:07:11.7,石川県能登地方,37°09.0′N,136°42.2′E,2 km,1.9,---
2024/01/02,15:08:02.5,石川県能登地方,37°28.2′N,137°08.6′E,12 km,1.6,---
2024/01/02,15:08:09.8,能登半島沖,37°07.8′N,136°37.0′E,4 km,1.9,---
2024/01/02,15:08:41.9,石川県能登地方,37°27.3′N,137°15.3′E,13 km,2.0,---
2024/01/02,15:09:09.4,石川県能登地方,37°19.8′N,136°45.1′E,8 km,1.8,---
2024/01/02,15:09:29.9,新潟県上中越沖,37°30.1′N,137°56.8′E,26 km,2.1,---
2024/01/02,15:10:25.2,石川県能登地方,37°11.4′N,136°46.2′E,7 km,2.8,---
2024/01/02,15:11:21.9,日高地方西部,42°48.5′N,142°32.4′E,34 km,0.1,---
2024/01/02,15:11:40.0,能登半島沖,37°32.4′N,137°10.9′E,9 km,1.7,---
2024/01/02,15:12:27.7,新潟県上中越沖,37°37.6′N,137°34.6′E,16 km,1.8,---
2024/01/02,15:12:30.4,石川県能登地方,37°09.3′N,136°46.0′E,10 km,1.4,---
2024/01/02,15:12:37.9,石川県能登地方,37°11.8′N,136°42.6′E,4 km,1.4,---
2024/01/02,15:12:48.7,富山県東部,36°39.1′N,137°45.7′E,3 km,0.8,---
2024/01/02,15:13:00.4,能登半島沖,37°34.9′N,137°23.4′E,13 km,2.3,---
2024/01/02,15:13:08.8,長野県北部,36°38.9′N,137°46.7′E,3 km,0.3,---
2024/01/02,15:13:21.3,能登半島沖,37°36.0′N,137°25.8′E,16 km,2.7,---
2024/01/02,15:13:59.0,石川県能登地方,37°27.6′N,137°15.4′E,13 km,2.6,---
2024/01/02,15:14:36.4,佐渡付近,37°51.7′N,137°43.7′E,21 km,2.8,---
2024/01/02,15:15:32.5,能登半島沖,37°11.2′N,136°36.9′E,4 km,1.3,---
2024/01/02,15:15:50.9,佐渡付近,37°48.8′N,137°42.1′E,19 km,1.9,---
2024/01/02,15:15:57.0,石川県能登地方,37°20.0′N,137°02.7′E,11 km,1.8,---
2024/01/02,15:16:52.3,能登半島沖,37°31.8′N,137°11.8′E,7 km,1.4,---
2024/01/02,15:17:04.1,能登半島沖,37°11.8′N,136°40.5′E,10 km,1.8,---
2024/01/02,15:17:06.3,石川県能登地方,37°29.3′N,137°15.1′E,12 km,2.0,---
2024/01/02,15:18:11.8,山梨県東部・富士五湖,35°31.4′N,138°58.8′E,21 km,0.3,---
2024/01/02,15:18:14.5,佐渡付近,37°59.1′N,138°03.1′E,10 km,1.4,---
2024/01/02,15:18:35.0,佐渡付近,37°56.0′N,137°44.8′E,17 km,2.1,---
2024/01/02,15:19:13.6,能登半島沖,37°30.3′N,137°08.4′E,7 km,2.8,---
2024/01/02,15:20:07.2,石川県能登地方,37°09.6′N,136°45.2′E,0 km,2.1,---
2024/01/02,15:20:39.8,石川県能登地方,37°12.0′N,136°47.5′E,11 km,1.9,---
2024/01/02,15:21:43.7,佐渡付近,37°54.6′N,137°41.3′E,20 km,1.9,---
2024/01/02,15:21:50.8,能登半島沖,37°26.8′N,137°02.3′E,7 km,2.1,---
2024/01/02,15:22:14.1,宮崎県北部平野部,32°31.3′N,131°41.4′E,15 km,1.1,---
2024/01/02,15:22:23.4,石川県能登地方,37°10.2′N,136°43.8′E,5 km,1.3,---
2024/01/02,15:22:25.4,福島県沖,37°28.0′N,141°33.6′E,41 km,0.7,---
2024/01/02,15:22:44.0,房総半島南方沖,34°28.6′N,140°02.7′E,79 km,1.5,---
2024/01/02,15:22:52.6,石川県能登地方,37°17.0′N,136°45.8′E,13 km,1.9,---
2024/01/02,15:23:40.3,秋田県内陸南部,39°24.2′N,140°20.2′E,11 km,0.8,---
2024/01/02,15:23:46.6,能登半島沖,37°32.2′N,137°17.9′E,10 km,1.9,---
2024/01/02,15:23:58.5,石川県能登地方,37°14.6′N,136°49.9′E,11 km,2.1,---
2024/01/02,15:24:12.0,石川県能登地方,37°22.0′N,136°58.4′E,14 km,1.8,---
2024/01/02,15:24:25.1,佐渡付近,37°55.3′N,137°39.2′E,18 km,2.1,---
2024/01/02,15:24:33.3,石川県能登地方,37°20.8′N,137°03.1′E,9 km,2.2,---
2024/01/02,15:24:42.8,新潟県上中越沖,37°41.2′N,137°31.3′E,0 km,2.5,---
2024/01/02,15:26:05.3,石川県能登地方,37°19.1′N,136°48.3′E,11 km,3.0,---
2024/01/02,15:26:28.4,石川県能登地方,37°11.7′N,136°44.6′E,0 km,2.5,---
2024/01/02,15:27:41.2,佐渡付近,37°53.9′N,137°46.3′E,21 km,1.9,---
2024/01/02,15:27:48.5,能登半島沖,37°22.7′N,136°44.9′E,12 km,1.8,---
2024/01/02,15:28:53.7,新潟県上中越沖,37°36.2′N,137°37.0′E,18 km,2.3,---
2024/01/02,15:29:31.8,高知県東部,33°41.3′N,134°06.1′E,16 km,0.5,---
2024/01/02,15:29:52.5,青森県東方沖,40°31.6′N,142°19.1′E,44 km,0.7,---
2024/01/02,15:30:15.1,石川県能登地方,37°17.4′N,136°45.8′E,9 km,1.4,---
2024/01/02,15:30:28.0,栃木県北部,36°39.1′N,139°20.7′E,7 km,1.3,---
2024/01/02,15:30:28.4,石川県能登地方,37°13.2′N,136°49.8′E,8 km,1.2,---
2024/01/02,15:31:14.1,石川県能登地方,37°12.9′N,136°42.1′E,3 km,1.5,---
2024/01/02,15:31:28.9,佐渡付近,37°45.5′N,137°36.2′E,17 km,1.6,---
2024/01/02,15:31:59.4,佐渡付近,37°46.5′N,138°04.4′E,18 km,1.6,---
2024/01/02,15:32:02.7,石川県能登地方,37°15.8′N,136°56.3′E,1 km,1.5,---
2024/01/02,15:32:46.0,能登半島沖,37°33.4′N,137°19.1′E,14 km,1.8,---
2024/01/02,15:32:53.7,八丈島東方沖,33°40.4′N,141°08.5′E,53 km,1.5,---
2024/01/02,15:33:22.3,新潟県上中越沖,37°41.1′N,137°40.3′E,16 km,3.5,---
2024/01/02,15:35:02.9,能登半島沖,37°33.0′N,137°15.7′E,12 km,2.2,---
2024/01/02,15:35:18.7,石川県能登地方,37°22.2′N,136°53.5′E,0 km,3.2,---
2024/01/02,15:36:21.5,石川県能登地方,37°26.1′N,137°06.3′E,9 km,2.4,---
2024/01/02,15:37:15.3,新潟県上中越沖,37°41.9′N,137°34.3′E,16 km,2.4,---
2024/01/02,15:37:50.7,新潟県上中越沖,37°39.3′N,137°31.7′E,20 km,2.4,---
2024/01/02,15:38:09.9,山梨県東部・富士五湖,35°26.2′N,138°42.3′E,8 km,0.3,---
2024/01/02,15:38:33.1,新潟県上中越沖,37°40.7′N,137°39.3′E,18 km,2.0,---
2024/01/02,15:38:58.2,佐渡付近,37°53.5′N,137°46.3′E,20 km,3.0,---
2024/01/02,15:39:25.9,石川県能登地方,37°31.0′N,137°17.9′E,8 km,2.8,---
2024/01/02,15:39:57.8,新潟県上中越沖,37°37.8′N,137°33.9′E,17 km,2.8,---
2024/01/02,15:40:40.6,石川県能登地方,37°26.2′N,137°13.0′E,16 km,1.9,---
2024/01/02,15:40:49.3,新潟県上中越沖,37°39.4′N,137°30.7′E,7 km,2.0,---
2024/01/02,15:41:07.5,石川県能登地方,37°14.2′N,136°46.6′E,7 km,1.9,---
2024/01/02,15:42:49.2,富山県東部,36°39.6′N,137°44.7′E,5 km,0.1,---
2024/01/02,15:43:01.3,新潟県上中越沖,37°38.5′N,137°32.6′E,15 km,3.5,---
2024/01/02,15:45:30.7,石川県能登地方,37°22.4′N,136°57.0′E,10 km,2.4,---
2024/01/02,15:45:46.1,石川県能登地方,37°22.2′N,136°47.9′E,2 km,2.5,---
2024/01/02,15:46:59.1,新潟県中越地方,37°11.7′N,138°52.6′E,7 km,0.5,---
2024/01/02,15:47:04.0,石川県能登地方,37°21.6′N,136°54.2′E,7 km,1.5,---
2024/01/02,15:47:34.4,石川県能登地方,37°11.2′N,136°53.6′E,11 km,1.7,---
2024/01/02,15:47:47.5,石川県能登地方,37°11.7′N,136°42.7′E,5 km,2.1,---
2024/01/02,15:47:56.6,福島県沖,37°43.9′N,141°34.3′E,53 km,0.9,---
2024/01/02,15:48:13.3,能登半島沖,37°30.4′N,137°10.4′E,10 km,1.7,---
2024/01/02,15:48:23.5,能登半島沖,37°07.2′N,136°37.4′E,3 km,1.9,---
2024/01/02,15:48:37.6,能登半島沖,37°31.5′N,137°20.7′E,9 km,1.9,---
2024/01/02,15:49:06.0,能登半島沖,37°07.9′N,136°38.0′E,18 km,1.5,---
2024/01/02,15:49:49.7,能登半島沖,37°12.3′N,136°41.3′E,1 km,1.3,---
2024/01/02,15:49:52.1,能登半島沖,37°39.9′N,137°18.2′E,6 km,2.3,---
2024/01/02,15:50:30.7,佐渡付近,37°48.6′N,137°41.9′E,16 km,2.1,---
2024/01/02,15:51:00.0,佐渡付近,37°52.5′N,137°47.6′E,17 km,2.2,---
2024/01/02,15:51:50.9,石川県能登地方,37°22.3′N,136°56.7′E,11 km,2.9,---
2024/01/02,15:53:02.7,能登半島沖,37°08.2′N,136°42.3′E,9 km,1.2,---
2024/01/02,15:53:21.1,紀伊水道,34°08.3′N,135°07.8′E,7 km,0.3,---
2024/01/02,15:53:34.2,石川県能登地方,37°23.7′N,136°53.8′E,8 km,2.2,---
2024/01/02,15:53:43.9,石川県能登地方,37°15.8′N,136°52.1′E,12 km,2.3,---
2024/01/02,15:54:38.4,石川県能登地方,37°19.8′N,136°44.5′E,6 km,2.5,---
2024/01/02,15:55:06.4,石川県能登地方,37°17.1′N,136°47.1′E,10 km,1.9,---
2024/01/02,15:55:21.5,佐渡付近,37°50.8′N,137°48.3′E,17 km,2.3,---
2024/01/02,15:55:27.5,石川県能登地方,37°10.4′N,136°41.5′E,3 km,1.6,---
2024/01/02,15:55:37.3,石川県能登地方,37°09.8′N,136°44.4′E,3 km,不明,---
2024/01/02,15:55:59.1,石川県能登地方,37°24.2′N,137°02.5′E,8 km,2.9,---
2024/01/02,15:57:10.6,石川県能登地方,37°15.2′N,136°48.3′E,11 km,2.2,---
2024/01/02,15:57:54.2,石川県能登地方,37°11.9′N,136°41.8′E,6 km,4.5,---
2024/01/02,15:59:05.8,石川県能登地方,37°11.5′N,136°42.9′E,6 km,2.4,---
2024/01/02,16:00:12.0,石川県能登地方,37°28.7′N,137°16.6′E,12 km,2.0,---
2024/01/02,16:01:27.5,石川県能登地方,37°13.0′N,136°46.1′E,8 km,2.2,---
2024/01/02,16:01:29.5,佐渡付近,37°51.5′N,137°43.4′E,16 km,2.6,---
2024/01/02,16:01:31.3,能登半島沖,37°31.7′N,137°10.9′E,7 km,2.7,---
2024/01/02,16:01:59.6,石川県能登地方,37°29.5′N,137°17.3′E,11 km,2.6,---
2024/01/02,16:02:25.9,石川県能登地方,37°21.7′N,136°49.5′E,7 km,2.4,---
2024/01/02,16:02:39.7,能登半島沖,37°06.5′N,136°36.3′E,3 km,2.1,---
2024/01/02,16:03:55.3,石川県能登地方,37°14.4′N,136°49.5′E,11 km,1.5,---
2024/01/02,16:04:11.0,佐渡付近,37°54.9′N,137°40.3′E,16 km,1.9,---
2024/01/02,16:04:20.6,石川県能登地方,37°21.6′N,137°02.1′E,13 km,1.9,---
2024/01/02,16:04:50.3,石川県能登地方,37°10.6′N,136°45.3′E,2 km,1.7,---
2024/01/02,16:05:09.2,駿河湾,34°41.7′N,138°40.7′E,14 km,0.9,---
2024/01/02,16:05:16.0,千葉県南東沖,34°34.9′N,140°34.8′E,42 km,1.1,---
2024/01/02,16:05:30.3,佐渡付近,37°52.0′N,137°42.9′E,17 km,2.2,---
2024/01/02,16:05:32.0,石川県能登地方,37°05.7′N,137°01.3′E,12 km,1.5,---
2024/01/02,16:05:36.3,能登半島沖,37°35.4′N,136°59.5′E,12 km,2.7,---
2024/01/02,16:06:30.0,能登半島沖,37°13.0′N,136°37.5′E,3 km,1.8,---
2024/01/02,16:06:34.2,石川県能登地方,37°28.3′N,137°16.7′E,12 km,1.1,---
2024/01/02,16:06:34.6,能登半島沖,37°13.2′N,136°41.3′E,6 km,1.8,---
2024/01/02,16:06:41.7,石川県能登地方,37°11.0′N,136°46.9′E,6 km,1.7,---
2024/01/02,16:06:53.9,石川県能登地方,37°28.6′N,137°21.8′E,13 km,2.0,---
2024/01/02,16:07:11.4,石川県能登地方,37°25.6′N,137°04.7′E,17 km,1.4,---
2024/01/02,16:07:29.8,能登半島沖,37°08.4′N,136°38.0′E,9 km,1.9,---
2024/01/02,16:07:40.6,石川県能登地方,37°21.5′N,136°57.7′E,9 km,3.2,---
2024/01/02,16:08:21.7,石川県能登地方,37°27.9′N,137°09.0′E,11 km,2.0,---
2024/01/02,16:08:49.2,佐渡付近,37°44.8′N,137°40.1′E,17 km,3.0,---
2024/01/02,16:09:20.9,石川県能登地方,37°12.7′N,136°50.7′E,13 km,2.2,---
2024/01/02,16:09:28.3,石川県加賀地方,36°10.1′N,136°32.0′E,7 km,0.7,---
2024/01/02,16:10:37.4,種子島近海,30°28.3′N,131°00.6′E,13 km,1.0,---
2024/01/02,16:10:37.8,能登半島沖,37°08.7′N,136°37.9′E,8 km,1.6,---
2024/01/02,16:10:45.6,長野県南部,35°43.7′N,138°09.4′E,5 km,-0.3,---
2024/01/02,16:11:08.2,石川県能登地方,37°19.5′N,136°50.0′E,9 km,不明,---
2024/01/02,16:11:12.8,石川県能登地方,37°09.8′N,136°46.0′E,7 km,3.2,---
2024/01/02,16:12:03.3,能登半島沖,37°32.3′N,137°15.1′E,5 km,2.4,---
2024/01/02,16:12:24.7,佐渡付近,37°43.8′N,137°39.1′E,19 km,2.6,---
2024/01/02,16:12:32.6,宮古島近海,25°08.3′N,125°48.0′E,33 km,3.6,---
2024/01/02,16:13:03.9,能登半島沖,37°34.4′N,137°24.1′E,12 km,2.9,---
2024/01/02,16:13:22.1,石川県能登地方,37°30.5′N,137°19.0′E,12 km,1.8,---
2024/01/02,16:13:36.0,十勝沖,41°48.1′N,143°22.3′E,39 km,1.0,---
2024/01/02,16:13:46.9,富山県東部,36°38.9′N,137°45.3′E,4 km,1.4,---
2024/01/02,16:14:18.3,鹿児島県薩摩地方,31°34.6′N,130°40.8′E,27 km,0.6,---
2024/01/02,16:14:28.4,鹿児島県薩摩地方,31°34.6′N,130°40.5′E,24 km,0.4,---
2024/01/02,16:14:35.9,石川県能登地方,37°11.3′N,136°49.1′E,13 km,2.3,---
2024/01/02,16:14:49.6,鹿児島県薩摩地方,31°34.3′N,130°40.5′E,26 km,0.5,---
2024/01/02,16:14:53.5,能登半島沖,37°37.0′N,137°23.2′E,1 km,1.7,---
2024/01/02,16:15:07.5,鹿児島県薩摩地方,31°34.0′N,130°41.1′E,28 km,0.8,---
2024/01/02,16:15:16.3,石川県能登地方,37°22.1′N,136°53.5′E,6 km,2.3,---
2024/01/02,16:15:30.0,鹿児島県薩摩地方,31°34.1′N,130°41.0′E,27 km,1.0,---
2024/01/02,16:15:57.1,石川県能登地方,37°17.3′N,136°47.9′E,10 km,2.3,---
2024/01/02,16:16:17.5,福島県沖,37°21.7′N,141°57.0′E,40 km,1.4,---
2024/01/02,16:16:22.8,石川県能登地方,37°31.1′N,137°16.6′E,11 km,1.5,---
2024/01/02,16:16:33.6,能登半島沖,37°32.2′N,137°17.4′E,9 km,1.9,---
2024/01/02,16:17:07.0,石川県能登地方,37°16.3′N,136°53.7′E,14 km,1.7,---
2024/01/02,16:17:41.1,石川県能登地方,37°19.1′N,136°45.1′E,6 km,2.0,---
2024/01/02,16:18:13.5,石川県能登地方,37°12.9′N,136°48.2′E,11 km,2.8,---
2024/01/02,16:18:45.0,石川県能登地方,37°13.4′N,136°43.9′E,9 km,3.1,---
2024/01/02,16:19:11.3,佐渡付近,37°45.2′N,137°42.9′E,18 km,2.7,---
2024/01/02,16:19:59.2,石川県能登地方,37°10.6′N,136°45.3′E,4 km,1.2,---
2024/01/02,16:20:34.5,佐渡付近,37°45.3′N,137°44.6′E,18 km,2.1,---
2024/01/02,16:20:41.3,石川県能登地方,37°28.4′N,137°08.8′E,11 km,1.8,---
2024/01/02,16:21:04.9,石川県能登地方,37°09.9′N,136°44.1′E,6 km,2.9,---
2024/01/02,16:22:13.5,能登半島沖,37°35.0′N,137°17.9′E,2 km,1.9,---
2024/01/02,16:22:41.9,宮古島近海,24°40.5′N,125°13.5′E,49 km,1.6,---
2024/01/02,16:22:48.4,石川県能登地方,37°10.4′N,136°43.0′E,4 km,2.6,---
2024/01/02,16:23:46.0,石川県能登地方,37°15.0′N,136°45.3′E,6 km,1.4,---
2024/01/02,16:23:58.1,富山県東部,36°38.9′N,137°44.9′E,5 km,0.9,---
2024/01/02,16:23:58.3,石川県能登地方,37°10.2′N,136°43.6′E,3 km,2.2,---
2024/01/02,16:24:55.7,石川県能登地方,37°20.6′N,136°56.6′E,11 km,2.3,---
2024/01/02,16:25:00.5,鳥島近海,30°02.8′N,140°19.8′E,188 km,3.5,---
2024/01/02,16:25:32.4,石川県能登地方,37°10.8′N,136°50.9′E,9 km,2.5,---
2024/01/02,16:25:33.5,富山県東部,36°38.5′N,137°45.8′E,0 km,0.8,---
2024/01/02,16:26:19.1,石川県能登地方,37°21.2′N,137°01.2′E,9 km,2.2,---
2024/01/02,16:26:29.7,石川県能登地方,37°21.3′N,136°48.5′E,9 km,2.6,---
2024/01/02,16:26:34.6,兵庫県南東部,34°56.1′N,135°23.4′E,5 km,-0.1,---
2024/01/02,16:26:57.2,石川県能登地方,37°24.2′N,137°06.9′E,11 km,2.2,---
2024/01/02,16:27:00.0,沖縄本島近海,27°18.1′N,129°02.0′E,20 km,1.6,---
2024/01/02,16:27:14.5,石川県能登地方,37°22.5′N,136°57.5′E,11 km,2.0,---
2024/01/02,16:27:46.6,長野県中部,36°14.7′N,137°40.5′E,8 km,0.4,---
2024/01/02,16:27:46.8,能登半島沖,37°09.4′N,136°40.8′E,2 km,1.7,---
2024/01/02,16:27:56.8,宮古島近海,25°08.8′N,125°47.7′E,28 km,2.8,---
2024/01/02,16:27:58.3,石川県能登地方,37°14.6′N,136°43.9′E,4 km,1.9,---
2024/01/02,16:28:06.9,種子島近海,30°36.4′N,130°19.9′E,87 km,0.7,---
2024/01/02,16:28:23.3,岩手県内陸北部,39°49.0′N,140°51.4′E,4 km,0.8,---
2024/01/02,16:28:23.4,石川県能登地方,37°14.1′N,136°45.9′E,9 km,2.6,---
2024/01/02,16:28:29.0,択捉島南東沖,44°11.8′N,148°58.9′E,30 km,不明,---
2024/01/02,16:28:43.6,石川県能登地方,37°24.3′N,137°06.4′E,10 km,2.1,---
2024/01/02,16:29:04.6,富山県東部,36°39.0′N,137°45.1′E,0 km,1.0,---
2024/01/02,16:29:36.5,岩手県沖,40°03.3′N,142°38.5′E,33 km,1.4,---
2024/01/02,16:29:58.1,佐渡付近,37°52.6′N,137°46.9′E,14 km,1.9,---
2024/01/02,16:30:17.2,石川県能登地方,37°16.8′N,136°46.7′E,10 km,1.7,---
2024/01/02,16:30:57.2,石川県能登地方,37°27.5′N,137°12.0′E,12 km,1.8,---
2024/01/02,16:30:59.4,石川県能登地方,37°15.2′N,136°48.7′E,9 km,1.4,---
2024/01/02,16:31:11.0,新潟県上中越沖,37°36.8′N,137°33.3′E,12 km,2.5,---
2024/01/02,16:32:24.8,長野県北部,36°38.3′N,137°46.7′E,0 km,0.0,---
2024/01/02,16:32:36.5,石川県能登地方,37°12.9′N,136°50.9′E,11 km,2.0,---
2024/01/02,16:33:05.1,千葉県北西部,35°29.8′N,140°05.2′E,68 km,1.3,---
2024/01/02,16:33:34.5,佐渡付近,37°45.0′N,137°39.8′E,20 km,2.7,---
2024/01/02,16:33:40.1,宮城県沖,38°15.0′N,142°28.5′E,32 km,1.6,---
2024/01/02,16:34:06.8,能登半島沖,37°13.9′N,136°40.6′E,4 km,2.1,---
2024/01/02,16:34:55.5,石川県能登地方,37°15.6′N,136°46.1′E,8 km,1.3,---
2024/01/02,16:34:56.6,宮古島近海,24°42.9′N,125°13.3′E,47 km,1.6,---
2024/01/02,16:35:07.7,石川県能登地方,37°12.1′N,136°42.2′E,7 km,1.9,---
2024/01/02,16:35:22.5,能登半島沖,37°08.5′N,136°39.2′E,4 km,1.1,---
2024/01/02,16:35:36.1,石川県能登地方,37°20.1′N,136°52.4′E,7 km,1.9,---
2024/01/02,16:35:36.2,石川県能登地方,37°12.4′N,136°44.4′E,5 km,1.9,---
2024/01/02,16:35:47.7,岩手県内陸南部,39°00.5′N,140°50.8′E,15 km,0.3,---
2024/01/02,16:36:14.6,石川県能登地方,37°22.5′N,136°53.0′E,12 km,1.8,---
2024/01/02,16:36:19.6,沖縄本島近海,26°46.2′N,128°30.8′E,19 km,0.5,---
2024/01/02,16:36:30.2,能登半島沖,37°36.7′N,137°26.0′E,14 km,1.9,---
2024/01/02,16:37:18.3,石川県能登地方,37°10.5′N,136°42.2′E,6 km,1.8,---
2024/01/02,16:37:33.7,佐渡付近,37°51.8′N,137°42.0′E,15 km,1.9,---
2024/01/02,16:38:54.5,石川県能登地方,37°15.9′N,136°47.6′E,9 km,1.5,---
2024/01/02,16:39:00.8,能登半島沖,37°32.2′N,137°26.4′E,12 km,2.1,---
2024/01/02,16:39:41.5,熊本県球磨地方,32°16.4′N,130°45.4′E,9 km,1.2,---
2024/01/02,16:39:44.5,石川県能登地方,37°12.4′N,136°42.9′E,11 km,2.8,---
2024/01/02,16:40:17.3,石川県能登地方,37°16.5′N,136°45.7′E,10 km,2.0,---
2024/01/02,16:40:25.3,石川県能登地方,37°20.3′N,136°48.8′E,6 km,1.8,---
2024/01/02,16:40:42.5,宮城県北部,38°55.2′N,140°51.1′E,7 km,0.3,---
2024/01/02,16:40:44.1,能登半島沖,37°05.5′N,136°37.3′E,3 km,1.4,---
2024/01/02,16:41:11.9,石川県能登地方,37°10.5′N,136°45.0′E,3 km,1.4,---
2024/01/02,16:41:24.2,石川県能登地方,37°23.9′N,136°59.6′E,0 km,1.8,---
2024/01/02,16:41:52.9,石川県能登地方,37°21.5′N,136°49.6′E,11 km,1.2,---
2024/01/02,16:41:55.0,能登半島沖,37°33.5′N,137°23.0′E,11 km,3.6,---
2024/01/02,16:42:46.5,千葉県東方沖,35°13.3′N,141°09.8′E,8 km,1.9,---
2024/01/02,16:43:29.0,能登半島沖,37°36.3′N,137°22.6′E,8 km,2.0,---
2024/01/02,16:43:42.1,福島県沖,37°39.1′N,141°31.8′E,53 km,1.2,---
2024/01/02,16:43:50.8,石川県能登地方,37°15.3′N,136°46.2′E,10 km,1.8,---
2024/01/02,16:44:00.0,鹿児島県薩摩地方,31°34.6′N,130°41.5′E,25 km,-0.1,---
2024/01/02,16:44:08.5,佐渡付近,37°52.2′N,137°49.3′E,17 km,2.8,---
2024/01/02,16:44:28.4,能登半島沖,37°24.5′N,136°51.8′E,9 km,2.7,---
2024/01/02,16:44:32.6,鹿児島県薩摩地方,31°35.3′N,130°41.3′E,26 km,0.0,---
2024/01/02,16:44:48.5,石川県能登地方,37°24.6′N,137°04.3′E,8 km,2.9,---
2024/01/02,16:44:54.3,福島県沖,37°45.6′N,142°23.1′E,37 km,3.2,---
2024/01/02,16:45:46.7,石川県能登地方,37°09.8′N,136°42.1′E,3 km,3.0,---
2024/01/02,16:46:26.4,能登半島沖,37°33.9′N,137°17.0′E,8 km,2.1,---
2024/01/02,16:46:54.6,石川県能登地方,37°21.9′N,137°00.4′E,6 km,2.2,---
2024/01/02,16:47:05.5,宮城県沖,38°06.4′N,142°15.0′E,29 km,1.2,---
2024/01/02,16:47:06.0,石川県能登地方,37°14.9′N,136°50.5′E,11 km,2.2,---
2024/01/02,16:48:03.6,石川県能登地方,37°19.3′N,136°53.5′E,9 km,2.3,---
2024/01/02,16:48:27.5,福島県沖,37°51.4′N,141°37.1′E,49 km,2.5,---
2024/01/02,16:48:38.5,石川県能登地方,37°21.4′N,136°52.6′E,7 km,2.3,---
2024/01/02,16:49:17.4,能登半島沖,37°08.2′N,136°39.6′E,4 km,3.0,---
2024/01/02,16:49:46.2,石川県能登地方,37°18.5′N,136°54.7′E,11 km,2.4,---
2024/01/02,16:50:50.3,福島県沖,37°43.0′N,142°21.7′E,28 km,0.9,---
2024/01/02,16:50:50.7,石川県能登地方,37°24.8′N,137°06.5′E,10 km,1.6,---
2024/01/02,16:51:09.3,石川県能登地方,37°25.6′N,137°06.4′E,7 km,1.8,---
2024/01/02,16:51:16.0,石川県能登地方,37°09.6′N,136°42.3′E,6 km,1.6,---
2024/01/02,16:51:36.0,石川県能登地方,37°14.5′N,136°49.3′E,13 km,1.4,---
2024/01/02,16:52:18.0,佐渡付近,37°43.2′N,137°37.4′E,16 km,2.2,---
2024/01/02,16:52:40.9,愛知県西部,35°01.2′N,137°20.4′E,38 km,0.2,---
2024/01/02,16:52:57.7,沖縄本島近海,26°25.1′N,129°28.7′E,44 km,1.5,---
2024/01/02,16:53:37.4,佐渡付近,37°50.1′N,137°41.6′E,22 km,1.5,---
2024/01/02,16:54:06.1,能登半島沖,37°07.1′N,136°40.1′E,8 km,2.3,---
2024/01/02,16:54:43.5,石川県能登地方,37°09.6′N,136°45.6′E,2 km,1.4,---
2024/01/02,16:54:44.6,佐渡付近,37°51.9′N,137°46.3′E,19 km,3.8,---
2024/01/02,16:55:48.6,能登半島沖,37°33.4′N,137°16.5′E,3 km,2.2,---
2024/01/02,16:56:49.5,福島県中通り,37°18.4′N,140°22.5′E,93 km,0.7,---
2024/01/02,16:57:20.2,能登半島沖,37°16.9′N,136°42.7′E,12 km,2.8,---
2024/01/02,16:58:17.0,石川県能登地方,37°24.9′N,137°08.9′E,12 km,1.9,---
2024/01/02,16:58:30.3,石川県能登地方,37°17.2′N,136°51.4′E,9 km,2.0,---
2024/01/02,16:58:54.5,能登半島沖,37°05.6′N,136°39.0′E,11 km,1.7,---
2024/01/02,16:59:00.2,熊本県天草・芦北地方,32°22.1′N,130°28.3′E,5 km,-0.1,---
2024/01/02,16:59:26.6,石川県能登地方,37°23.3′N,136°53.4′E,8 km,2.9,---
2024/01/02,17:00:13.9,能登半島沖,37°11.9′N,136°40.9′E,8 km,1.6,---
2024/01/02,17:00:40.0,石川県能登地方,37°10.0′N,136°45.9′E,10 km,1.6,---
2024/01/02,17:01:21.1,能登半島沖,37°11.4′N,136°36.0′E,11 km,1.4,---
2024/01/02,17:01:39.8,能登半島沖,37°40.5′N,137°15.2′E,15 km,2.0,---
2024/01/02,17:01:57.0,石川県能登地方,37°09.8′N,136°41.0′E,2 km,1.8,---
2024/01/02,17:03:10.8,能登半島沖,37°31.1′N,137°14.3′E,12 km,1.5,---
2024/01/02,17:03:31.8,石川県能登地方,37°22.0′N,137°06.2′E,12 km,2.7,---
2024/01/02,17:03:57.9,石川県能登地方,37°26.1′N,137°03.4′E,2 km,2.2,---
2024/01/02,17:04:17.0,能登半島沖,37°33.6′N,137°19.6′E,3 km,2.2,---
2024/01/02,17:04:39.1,佐渡付近,37°49.1′N,137°43.4′E,19 km,2.4,---
2024/01/02,17:04:51.7,石川県能登地方,37°11.5′N,136°50.8′E,0 km,1.2,---
2024/01/02,17:05:20.5,能登半島沖,37°37.5′N,137°28.1′E,14 km,2.5,---
2024/01/02,17:05:25.4,和歌山県北部,33°59.0′N,135°15.7′E,12 km,0.5,---
2024/01/02,17:05:44.1,石川県能登地方,37°20.6′N,136°51.6′E,8 km,2.5,---
2024/01/02,17:06:04.7,能登半島沖,37°12.7′N,136°37.8′E,3 km,2.3,---
2024/01/02,17:06:11.4,能登半島沖,37°34.8′N,137°20.1′E,12 km,2.8,---
2024/01/02,17:06:14.6,石川県能登地方,37°11.2′N,136°47.8′E,2 km,2.5,---
2024/01/02,17:06:55.8,石川県能登地方,37°18.8′N,136°47.6′E,7 km,2.1,---
2024/01/02,17:07:21.5,能登半島沖,37°13.6′N,136°37.8′E,5 km,2.4,---
2024/01/02,17:07:44.2,石川県能登地方,37°12.5′N,136°44.5′E,9 km,1.9,---
2024/01/02,17:08:12.7,石川県能登地方,37°16.4′N,136°48.4′E,11 km,1.5,---
2024/01/02,17:09:22.4,佐渡付近,37°44.8′N,137°43.7′E,22 km,1.2,---
2024/01/02,17:09:34.7,能登半島沖,37°15.0′N,136°41.2′E,5 km,2.7,---
2024/01/02,17:09:59.8,能登半島沖,37°34.0′N,137°18.2′E,10 km,2.6,---
2024/01/02,17:10:14.0,紀伊水道,34°09.6′N,135°04.0′E,9 km,0.4,---
2024/01/02,17:10:28.8,石川県能登地方,37°19.8′N,136°59.6′E,13 km,2.3,---
2024/01/02,17:10:45.0,石川県能登地方,37°20.0′N,136°55.2′E,10 km,2.0,---
2024/01/02,17:11:12.0,石川県能登地方,37°21.9′N,137°07.9′E,10 km,2.1,---
2024/01/02,17:11:30.1,石川県能登地方,37°14.1′N,136°49.0′E,7 km,1.6,---
2024/01/02,17:11:50.8,石川県能登地方,37°19.0′N,136°54.5′E,13 km,2.0,---
2024/01/02,17:11:51.2,石川県能登地方,37°11.1′N,136°43.0′E,4 km,不明,---
2024/01/02,17:13:01.6,能登半島沖,37°30.9′N,137°11.4′E,8 km,2.3,---
2024/01/02,17:13:08.5,佐渡付近,37°45.0′N,137°34.8′E,21 km,2.3,---
2024/01/02,17:13:32.2,石川県能登地方,37°09.8′N,136°42.5′E,14 km,1.6,---
2024/01/02,17:13:35.3,福島県中通り,37°02.1′N,140°35.3′E,9 km,1.2,---
2024/01/02,17:13:40.8,能登半島沖,37°08.3′N,136°38.0′E,6 km,4.6,---
2024/01/02,17:16:29.5,石川県能登地方,37°21.0′N,136°59.7′E,10 km,2.2,---
2024/01/02,17:17:03.3,石川県能登地方,37°17.5′N,136°50.5′E,4 km,1.4,---
2024/01/02,17:17:50.4,能登半島沖,37°42.7′N,137°23.5′E,11 km,3.0,---
2024/01/02,17:17:51.3,石川県能登地方,37°10.7′N,136°45.0′E,6 km,2.2,---
2024/01/02,17:18:29.5,石川県能登地方,37°19.4′N,136°58.7′E,13 km,2.1,---
2024/01/02,17:18:37.8,能登半島沖,37°17.7′N,136°44.2′E,10 km,2.3,---
2024/01/02,17:19:29.6,佐渡付近,37°46.0′N,137°38.0′E,18 km,1.5,---
2024/01/02,17:19:45.6,石川県能登地方,37°22.6′N,136°51.8′E,8 km,1.8,---
2024/01/02,17:20:18.6,石川県能登地方,37°16.4′N,136°52.0′E,12 km,1.9,---
2024/01/02,17:20:44.5,石川県能登地方,37°23.4′N,136°56.3′E,10 km,1.9,---
2024/01/02,17:21:15.3,能登半島沖,37°41.9′N,137°28.0′E,1 km,2.6,---
2024/01/02,17:22:55.2,石川県能登地方,37°22.5′N,137°07.9′E,12 km,1.7,---
2024/01/02,17:23:08.9,石川県能登地方,37°17.7′N,136°48.6′E,11 km,3.1,---
2024/01/02,17:24:24.8,石川県能登地方,37°19.0′N,136°55.1′E,11 km,2.1,---
2024/01/02,17:24:59.6,茨城県沖,36°38.0′N,140°52.0′E,46 km,0.8,---
2024/01/02,17:25:24.4,石川県能登地方,37°24.4′N,136°54.5′E,4 km,1.5,---
2024/01/02,17:26:11.3,能登半島沖,37°33.8′N,137°27.4′E,17 km,2.0,---
2024/01/02,17:26:47.9,石川県能登地方,37°08.8′N,136°46.7′E,10 km,1.4,---
2024/01/02,17:26:51.8,石川県能登地方,37°26.5′N,137°06.4′E,9 km,1.9,---
2024/01/02,17:26:52.9,茨城県沖,36°37.8′N,140°51.1′E,47 km,0.9,---
2024/01/02,17:27:27.8,石川県能登地方,37°12.7′N,136°43.7′E,8 km,2.3,---
2024/01/02,17:27:46.6,石川県能登地方,37°21.1′N,136°49.0′E,8 km,2.0,---
2024/01/02,17:28:10.1,佐渡付近,37°45.8′N,137°41.5′E,20 km,2.3,---
2024/01/02,17:29:37.4,能登半島沖,37°14.2′N,136°37.5′E,4 km,2.9,---
2024/01/02,17:29:38.6,石川県能登地方,37°28.1′N,137°15.9′E,13 km,2.2,---
2024/01/02,17:30:12.1,石川県能登地方,37°13.6′N,136°45.1′E,11 km,2.0,---
2024/01/02,17:30:50.7,石川県能登地方,37°17.9′N,136°50.3′E,11 km,2.1,---
2024/01/02,17:31:10.6,千葉県北西部,35°41.3′N,140°03.4′E,70 km,0.9,---
2024/01/02,17:31:26.5,能登半島沖,37°07.3′N,136°39.5′E,8 km,1.3,---
2024/01/02,17:31:37.2,奄美大島近海,28°15.7′N,129°21.1′E,20 km,1.8,---
2024/01/02,17:31:49.8,石川県能登地方,37°29.3′N,137°15.0′E,11 km,2.7,---
2024/01/02,17:32:33.2,石川県能登地方,37°11.0′N,136°45.8′E,7 km,1.5,---
2024/01/02,17:32:34.8,福島県沖,37°51.7′N,141°35.1′E,47 km,0.7,---
2024/01/02,17:33:10.2,能登半島沖,37°15.3′N,136°43.1′E,4 km,1.4,---
2024/01/02,17:33:17.6,佐渡付近,37°44.9′N,137°39.6′E,20 km,2.5,---
2024/01/02,17:34:02.7,石川県能登地方,37°17.4′N,136°50.0′E,11 km,1.5,---
2024/01/02,17:34:12.6,宮崎県北部平野部,32°30.1′N,131°42.6′E,19 km,0.4,---
2024/01/02,17:35:05.2,能登半島沖,37°07.8′N,136°39.1′E,2 km,1.5,---
2024/01/02,17:35:18.7,石川県能登地方,37°21.8′N,136°57.9′E,9 km,2.0,---
2024/01/02,17:35:34.9,石川県能登地方,37°15.2′N,136°45.8′E,9 km,2.2,---
2024/01/02,17:36:02.5,石川県能登地方,37°21.1′N,137°01.5′E,11 km,2.2,---
2024/01/02,17:37:09.4,能登半島沖,37°10.1′N,136°39.2′E,3 km,1.2,---
2024/01/02,17:37:55.5,徳島県南部,33°50.0′N,134°34.5′E,12 km,0.0,---
2024/01/02,17:38:03.6,新潟県上中越沖,37°38.8′N,137°32.9′E,16 km,2.4,---
2024/01/02,17:38:06.2,石川県能登地方,37°17.2′N,136°46.1′E,13 km,2.2,---
2024/01/02,17:38:43.3,鹿児島県薩摩地方,31°56.8′N,130°21.9′E,5 km,-0.3,---
2024/01/02,17:38:51.2,能登半島沖,37°06.8′N,136°40.5′E,17 km,1.3,---
2024/01/02,17:39:15.6,長野県中部,36°13.1′N,137°39.8′E,4 km,0.8,---
2024/01/02,17:40:08.0,能登半島沖,37°08.0′N,136°41.1′E,4 km,1.3,---
2024/01/02,17:40:18.7,能登半島沖,37°11.9′N,136°40.0′E,4 km,1.3,---
2024/01/02,17:40:39.1,佐渡付近,37°56.4′N,137°41.2′E,18 km,2.3,---
2024/01/02,17:41:01.7,石川県能登地方,37°21.9′N,136°53.5′E,8 km,3.0,---
2024/01/02,17:41:06.7,京都府南部,34°58.4′N,135°33.1′E,10 km,0.2,---
2024/01/02,17:41:15.2,石川県能登地方,37°12.2′N,136°44.8′E,9 km,2.7,---
2024/01/02,17:41:54.0,石川県能登地方,37°10.0′N,136°41.8′E,2 km,1.4,---
2024/01/02,17:42:34.0,新潟県上中越沖,37°37.7′N,137°42.9′E,24 km,1.5,---
2024/01/02,17:43:04.0,能登半島沖,37°33.0′N,137°20.1′E,7 km,不明,---
2024/01/02,17:43:09.0,石川県能登地方,37°27.4′N,137°10.3′E,13 km,1.8,---
2024/01/02,17:43:36.9,石川県能登地方,37°22.4′N,136°51.6′E,9 km,1.6,---
2024/01/02,17:44:11.6,石川県能登地方,37°09.1′N,136°41.6′E,10 km,1.1,---
2024/01/02,17:44:53.1,石川県能登地方,37°10.2′N,136°47.9′E,7 km,1.3,---
2024/01/02,17:45:18.8,石川県能登地方,37°26.8′N,137°03.6′E,6 km,2.5,---
2024/01/02,17:46:06.4,能登半島沖,37°08.4′N,136°42.6′E,10 km,1.3,---
2024/01/02,17:46:15.3,石川県能登地方,37°20.7′N,136°57.1′E,11 km,2.5,---
2024/01/02,17:46:23.4,能登半島沖,37°08.4′N,136°40.9′E,7 km,2.2,---
2024/01/02,17:46:44.7,福島県沖,37°50.9′N,141°35.2′E,49 km,0.8,---
2024/01/02,17:46:48.9,石川県能登地方,37°14.2′N,136°50.3′E,13 km,2.6,---
2024/01/02,17:47:21.2,石川県能登地方,37°13.8′N,136°45.4′E,6 km,1.1,---
2024/01/02,17:47:26.5,石川県能登地方,37°23.1′N,136°55.5′E,0 km,2.5,---
2024/01/02,17:48:03.8,能登半島沖,37°34.9′N,137°20.2′E,0 km,2.6,---
2024/01/02,17:49:10.9,石川県能登地方,37°10.5′N,136°45.4′E,2 km,1.3,---
2024/01/02,17:49:31.6,種子島近海,31°03.6′N,130°45.5′E,68 km,0.2,---
2024/01/02,17:49:51.4,石川県能登地方,37°10.5′N,136°45.9′E,7 km,2.8,---
2024/01/02,17:50:20.7,石川県能登地方,37°18.2′N,136°50.4′E,9 km,2.7,---
2024/01/02,17:50:31.4,石川県能登地方,37°21.7′N,136°58.4′E,9 km,2.5,---
2024/01/02,17:51:34.3,石川県能登地方,37°21.2′N,137°00.4′E,5 km,1.5,---
2024/01/02,17:51:55.6,能登半島沖,37°37.0′N,137°25.8′E,11 km,1.8,---
2024/01/02,17:52:02.7,新潟県上中越沖,37°40.8′N,137°39.1′E,16 km,4.2,---
2024/01/02,17:52:09.5,石川県能登地方,37°16.6′N,136°46.7′E,6 km,2.0,---
2024/01/02,17:52:30.7,静岡県東部,35°23.3′N,138°57.4′E,22 km,-0.1,---
2024/01/02,17:54:01.5,福島県沖,37°26.0′N,144°28.7′E,31 km,3.1,---
2024/01/02,17:54:07.7,石川県能登地方,37°11.6′N,136°42.9′E,7 km,2.2,---
2024/01/02,17:54:08.6,佐渡付近,37°55.8′N,137°39.9′E,17 km,1.4,---
2024/01/02,17:54:34.6,石川県能登地方,37°09.4′N,136°41.6′E,11 km,1.3,---
2024/01/02,17:55:01.1,石川県能登地方,37°28.0′N,137°09.7′E,11 km,1.4,---
2024/01/02,17:55:33.3,宮古島近海,25°28.0′N,125°12.9′E,81 km,1.7,---
2024/01/02,17:55:52.7,佐渡付近,37°47.4′N,137°38.2′E,15 km,1.6,---
2024/01/02,17:56:11.4,石川県能登地方,37°17.5′N,136°45.5′E,7 km,4.1,---
2024/01/02,17:57:00.6,種子島近海,30°15.4′N,131°11.7′E,29 km,0.7,---
2024/01/02,17:57:58.5,石川県能登地方,37°21.9′N,136°53.9′E,6 km,2.2,---
2024/01/02,17:58:47.0,石川県能登地方,37°10.1′N,136°44.6′E,0 km,2.2,---
2024/01/02,17:59:21.9,石川県能登地方,37°25.6′N,137°06.2′E,9 km,3.1,---
2024/01/02,18:00:20.8,佐渡付近,37°55.2′N,137°43.1′E,19 km,1.9,---
2024/01/02,18:00:54.0,石川県能登地方,37°27.5′N,137°12.1′E,9 km,1.8,---
2024/01/02,18:01:00.6,和歌山県北部,33°58.5′N,135°06.1′E,8 km,0.6,---
2024/01/02,18:01:16.6,能登半島沖,37°04.2′N,136°43.0′E,9 km,1.2,---
2024/01/02,18:01:26.1,富山県東部,36°39.1′N,137°45.4′E,2 km,0.2,---
2024/01/02,18:02:31.5,能登半島沖,37°20.7′N,136°43.0′E,7 km,2.7,---
2024/01/02,18:02:59.7,能登半島沖,37°14.3′N,136°39.3′E,2 km,2.5,---
2024/01/02,18:03:18.6,石川県能登地方,37°10.3′N,136°41.3′E,3 km,2.5,---
2024/01/02,18:03:21.9,茨城県北部,36°49.3′N,140°35.6′E,8 km,0.4,---
2024/01/02,18:04:28.7,能登半島沖,37°07.6′N,136°40.7′E,9 km,2.5,---
2024/01/02,18:04:44.6,福島県沖,37°26.5′N,141°27.4′E,35 km,不明,---
2024/01/02,18:05:54.8,岩手県内陸南部,38°59.2′N,140°55.7′E,8 km,1.5,---
2024/01/02,18:05:57.5,石川県能登地方,37°29.6′N,137°11.9′E,11 km,1.8,---
2024/01/02,18:06:08.9,石川県能登地方,37°11.8′N,136°41.2′E,6 km,2.5,---
2024/01/02,18:06:58.8,和歌山県北部,33°54.6′N,135°05.4′E,10 km,3.1,---
2024/01/02,18:07:01.0,石川県能登地方,37°16.5′N,136°51.1′E,15 km,1.7,---
2024/01/02,18:07:36.0,石川県能登地方,37°10.8′N,136°44.5′E,4 km,3.1,---
2024/01/02,18:08:30.4,能登半島沖,37°07.9′N,136°41.0′E,9 km,1.5,---
2024/01/02,18:09:09.9,石川県能登地方,37°11.9′N,136°46.1′E,3 km,1.4,---
2024/01/02,18:09:14.1,石川県能登地方,37°29.8′N,137°16.6′E,13 km,1.8,---
2024/01/02,18:09:48.3,能登半島沖,37°34.4′N,137°25.8′E,0 km,1.6,---
2024/01/02,18:09:53.2,石川県能登地方,37°22.8′N,136°56.1′E,8 km,1.5,---
2024/01/02,18:10:24.9,新潟県上中越沖,37°41.7′N,137°34.7′E,27 km,2.5,---
2024/01/02,18:10:32.5,石川県能登地方,37°11.9′N,136°51.6′E,15 km,2.2,---
2024/01/02,18:11:21.8,日向灘,32°16.7′N,132°07.3′E,21 km,0.6,---
2024/01/02,18:11:25.5,石川県能登地方,37°17.8′N,136°46.6′E,10 km,1.0,---
2024/01/02,18:11:26.0,石川県能登地方,37°16.7′N,136°48.3′E,6 km,0.9,---
2024/01/02,18:11:26.9,能登半島沖,37°34.3′N,137°27.8′E,11 km,1.8,---
2024/01/02,18:11:35.1,能登半島沖,37°41.6′N,137°28.1′E,6 km,3.1,---
2024/01/02,18:12:47.7,石川県能登地方,37°17.8′N,136°46.7′E,7 km,1.5,---
2024/01/02,18:13:23.7,石川県能登地方,37°19.2′N,136°45.8′E,4 km,1.5,---
2024/01/02,18:13:30.3,四国沖,33°18.2′N,134°50.6′E,30 km,0.7,---
2024/01/02,18:13:41.3,佐渡付近,37°51.9′N,137°42.3′E,16 km,2.1,---
2024/01/02,18:14:47.5,佐渡付近,37°47.2′N,137°39.6′E,10 km,1.3,---
2024/01/02,18:15:29.2,新潟県上中越沖,37°15.9′N,137°53.2′E,21 km,1.3,---
2024/01/02,18:15:52.8,石川県能登地方,37°21.9′N,137°05.0′E,12 km,1.6,---
2024/01/02,18:16:18.1,佐渡付近,37°42.5′N,137°37.1′E,16 km,3.4,---
2024/01/02,18:16:24.3,石川県能登地方,37°10.5′N,136°41.9′E,5 km,1.6,---
2024/01/02,18:17:20.2,石川県能登地方,37°23.8′N,136°51.2′E,8 km,2.3,---
2024/01/02,18:17:50.1,佐渡付近,37°53.0′N,137°50.7′E,19 km,2.6,---
2024/01/02,18:17:53.4,石川県能登地方,37°23.6′N,137°04.5′E,12 km,2.1,---
2024/01/02,18:18:09.5,能登半島沖,37°09.7′N,136°40.8′E,7 km,1.8,---
2024/01/02,18:18:30.4,能登半島沖,37°11.9′N,136°37.2′E,8 km,1.9,---
2024/01/02,18:18:48.1,能登半島沖,37°28.5′N,137°05.7′E,3 km,1.6,---
2024/01/02,18:18:54.7,佐渡付近,37°48.2′N,137°39.1′E,23 km,2.4,---
2024/01/02,18:19:02.2,石川県能登地方,37°12.6′N,136°49.1′E,10 km,1.5,---
2024/01/02,18:19:15.8,石川県能登地方,37°27.2′N,137°15.4′E,13 km,2.1,---
2024/01/02,18:20:23.3,石垣島近海,24°48.8′N,124°15.5′E,71 km,4.4,---
2024/01/02,18:20:32.8,能登半島沖,37°32.3′N,137°08.3′E,6 km,1.0,---
2024/01/02,18:20:39.9,新潟県上中越沖,37°27.5′N,137°47.8′E,24 km,2.1,---
2024/01/02,18:20:47.9,石川県能登地方,37°19.0′N,136°53.3′E,11 km,2.8,---
2024/01/02,18:21:05.5,石川県能登地方,37°14.0′N,136°44.4′E,7 km,2.4,---
2024/01/02,18:21:37.3,能登半島沖,37°08.9′N,136°40.4′E,5 km,1.7,---
2024/01/02,18:21:46.8,石川県能登地方,37°24.3′N,137°03.2′E,10 km,1.8,---
2024/01/02,18:22:09.8,三陸沖,39°14.4′N,144°26.7′E,32 km,1.0,---
2024/01/02,18:22:09.8,石川県能登地方,37°20.5′N,136°48.7′E,8 km,2.0,---
2024/01/02,18:22:22.2,能登半島沖,37°12.5′N,136°40.6′E,8 km,2.6,---
2024/01/02,18:22:30.1,能登半島沖,37°41.0′N,137°28.1′E,0 km,2.6,---
2024/01/02,18:22:35.5,宮城県沖,38°23.9′N,142°08.7′E,34 km,1.0,---
2024/01/02,18:22:56.3,能登半島沖,37°40.6′N,137°27.8′E,11 km,3.3,---
2024/01/02,18:23:48.9,石川県能登地方,37°12.2′N,136°43.5′E,5 km,2.7,---
2024/01/02,18:23:59.4,石川県能登地方,37°21.4′N,136°47.4′E,9 km,2.3,---
2024/01/02,18:24:09.3,佐渡付近,37°45.9′N,137°38.8′E,19 km,3.1,---
2024/01/02,18:24:45.7,能登半島沖,37°32.2′N,137°18.5′E,10 km,2.1,---
2024/01/02,18:25:09.5,浦河沖,41°59.8′N,142°21.9′E,49 km,不明,---
2024/01/02,18:25:11.9,福島県沖,37°42.0′N,141°33.2′E,54 km,2.6,---
2024/01/02,18:25:46.3,石川県能登地方,37°13.5′N,136°43.2′E,5 km,2.8,---
2024/01/02,18:25:55.1,石川県能登地方,37°27.4′N,137°12.4′E,12 km,3.1,---
2024/01/02,18:27:10.8,石川県能登地方,37°26.7′N,137°08.4′E,9 km,2.0,---
2024/01/02,18:27:50.3,佐渡付近,37°45.9′N,137°39.5′E,17 km,1.3,---
2024/01/02,18:29:08.8,石川県能登地方,37°19.3′N,136°47.7′E,10 km,1.8,---
2024/01/02,18:29:36.9,石川県能登地方,37°27.5′N,137°15.4′E,13 km,4.3,---
2024/01/02,18:30:41.3,石川県能登地方,37°22.3′N,137°04.0′E,11 km,2.4,---
2024/01/02,18:31:56.4,石川県能登地方,37°14.2′N,136°43.5′E,7 km,1.6,---
2024/01/02,18:32:37.6,能登半島沖,37°19.3′N,136°43.4′E,3 km,2.1,---
2024/01/02,18:32:46.8,能登半島沖,37°31.5′N,137°10.2′E,5 km,2.4,---
2024/01/02,18:32:48.6,佐渡付近,37°52.1′N,137°43.2′E,22 km,3.0,---
2024/01/02,18:33:48.4,能登半島沖,37°07.5′N,136°37.1′E,3 km,2.1,---
2024/01/02,18:34:45.6,佐渡付近,37°56.0′N,137°43.6′E,20 km,2.2,---
2024/01/02,18:34:50.6,能登半島沖,37°15.3′N,136°42.9′E,13 km,1.4,---
2024/01/02,18:35:30.7,石川県能登地方,37°20.0′N,136°58.6′E,9 km,1.6,---
2024/01/02,18:35:37.9,石川県能登地方,37°11.3′N,136°43.7′E,1 km,2.0,---
2024/01/02,18:35:47.4,能登半島沖,37°34.4′N,137°17.4′E,3 km,1.5,---
2024/01/02,18:36:16.8,新潟県上中越沖,37°37.2′N,137°34.0′E,12 km,1.7,---
2024/01/02,18:36:39.3,宮城県沖,37°58.2′N,141°48.6′E,51 km,0.9,---
2024/01/02,18:36:53.5,石川県能登地方,37°13.8′N,136°46.0′E,10 km,1.4,---
2024/01/02,18:37:15.9,石川県能登地方,37°29.4′N,137°10.4′E,11 km,1.4,---
2024/01/02,18:37:22.8,新潟県上中越沖,37°34.4′N,137°37.6′E,12 km,2.6,---
2024/01/02,18:37:22.8,石川県能登地方,37°11.9′N,136°47.5′E,8 km,1.8,---
2024/01/02,18:37:43.4,新潟県下越地方,37°50.6′N,139°16.3′E,18 km,1.1,---
2024/01/02,18:38:32.5,能登半島沖,37°15.4′N,136°42.1′E,6 km,3.1,---
2024/01/02,18:39:44.7,能登半島沖,37°34.6′N,137°26.4′E,12 km,1.5,---
2024/01/02,18:39:48.4,石川県能登地方,37°13.2′N,136°43.5′E,6 km,1.1,---
2024/01/02,18:40:44.6,佐渡付近,37°46.2′N,137°36.2′E,19 km,2.1,---
2024/01/02,18:40:46.1,石川県能登地方,37°10.4′N,136°52.9′E,12 km,1.9,---
2024/01/02,18:41:56.2,石川県能登地方,37°25.7′N,137°08.3′E,13 km,1.4,---
2024/01/02,18:42:24.6,石川県能登地方,37°08.9′N,136°44.8′E,4 km,1.3,---
2024/01/02,18:42:29.1,石川県能登地方,37°24.6′N,136°59.6′E,10 km,1.6,---
2024/01/02,18:42:32.1,佐渡付近,37°44.7′N,137°42.3′E,19 km,1.7,---
2024/01/02,18:43:17.3,能登半島沖,37°05.7′N,136°36.2′E,13 km,1.1,---
2024/01/02,18:43:19.1,石川県能登地方,37°23.8′N,137°07.8′E,12 km,2.2,---
2024/01/02,18:43:37.1,福島県沖,37°50.9′N,141°35.7′E,47 km,0.5,---
2024/01/02,18:43:41.6,神奈川県西部,35°22.2′N,139°06.3′E,12 km,0.5,---
2024/01/02,18:43:51.1,能登半島沖,37°32.9′N,137°22.1′E,5 km,2.1,---
2024/01/02,18:44:32.8,佐渡付近,37°42.7′N,137°33.7′E,18 km,2.0,---
2024/01/02,18:45:10.6,石川県能登地方,37°21.2′N,137°00.6′E,11 km,2.1,---
2024/01/02,18:45:43.3,佐渡付近,37°51.3′N,137°41.7′E,12 km,1.5,---
2024/01/02,18:46:00.7,石川県能登地方,37°14.6′N,136°45.3′E,8 km,2.5,---
2024/01/02,18:46:02.2,福島県沖,37°38.2′N,141°34.6′E,53 km,0.9,---
2024/01/02,18:46:10.4,石川県能登地方,37°12.1′N,136°46.0′E,9 km,2.4,---
2024/01/02,18:46:24.1,岐阜県飛騨地方,36°00.7′N,137°31.5′E,9 km,0.9,---
2024/01/02,18:46:34.0,石川県能登地方,37°21.8′N,137°06.9′E,11 km,3.7,---
2024/01/02,18:47:23.0,日向灘,32°40.4′N,132°00.0′E,38 km,0.4,---
2024/01/02,18:47:47.7,能登半島沖,37°37.5′N,137°24.6′E,0 km,不明,---
2024/01/02,18:47:48.2,佐渡付近,37°42.2′N,137°37.0′E,15 km,2.7,---
2024/01/02,18:47:48.9,能登半島沖,37°13.3′N,136°36.5′E,2 km,不明,---
2024/01/02,18:49:04.0,能登半島沖,37°12.8′N,136°38.1′E,5 km,2.3,---
2024/01/02,18:49:10.7,佐渡付近,37°54.1′N,137°44.1′E,22 km,2.5,---
2024/01/02,18:49:21.7,石川県能登地方,37°13.8′N,136°44.8′E,8 km,1.6,---
2024/01/02,18:49:57.9,能登半島沖,37°25.9′N,136°56.7′E,9 km,1.5,---
2024/01/02,18:50:17.6,能登半島沖,37°12.2′N,136°40.7′E,8 km,1.9,---
2024/01/02,18:50:21.7,佐渡付近,37°44.0′N,137°35.5′E,22 km,4.1,---
2024/01/02,18:51:30.7,富山湾,37°08.9′N,137°18.7′E,15 km,2.2,---
2024/01/02,18:51:59.7,石川県能登地方,37°23.9′N,137°09.4′E,13 km,2.7,---
2024/01/02,18:52:38.2,能登半島沖,37°05.2′N,136°37.2′E,7 km,1.4,---
2024/01/02,18:52:53.7,能登半島沖,37°39.7′N,137°28.7′E,1 km,2.5,---
2024/01/02,18:52:59.0,石川県能登地方,37°23.0′N,136°59.6′E,5 km,不明,---
2024/01/02,18:53:20.0,日向灘,32°42.4′N,132°03.1′E,39 km,0.6,---
2024/01/02,18:53:22.0,石川県能登地方,37°27.3′N,137°15.2′E,13 km,2.1,---
2024/01/02,18:53:40.0,石川県能登地方,37°17.1′N,136°46.0′E,13 km,1.8,---
2024/01/02,18:53:42.3,石川県能登地方,37°26.9′N,137°04.6′E,12 km,1.7,---
2024/01/02,18:53:58.5,九州地方南東沖,31°36.6′N,132°22.2′E,38 km,1.2,---
2024/01/02,18:54:22.2,能登半島沖,37°05.7′N,136°36.8′E,10 km,1.5,---
2024/01/02,18:55:18.8,石川県能登地方,37°12.4′N,136°48.0′E,3 km,1.2,---
2024/01/02,18:55:21.2,石川県能登地方,37°22.3′N,137°00.3′E,7 km,1.5,---
2024/01/02,18:55:45.2,佐渡付近,37°53.7′N,137°46.2′E,19 km,2.4,---
2024/01/02,18:55:52.0,宮城県沖,38°16.7′N,142°13.3′E,37 km,0.8,---
2024/01/02,18:56:08.5,石川県能登地方,37°10.7′N,136°45.5′E,7 km,1.8,---
2024/01/02,18:56:22.6,能登半島沖,37°15.9′N,136°41.3′E,5 km,2.4,---
2024/01/02,18:57:01.9,石川県能登地方,37°22.3′N,137°05.1′E,11 km,1.5,---
2024/01/02,18:57:22.4,能登半島沖,37°25.1′N,136°59.2′E,0 km,1.6,---
2024/01/02,18:57:41.7,能登半島沖,37°30.1′N,137°11.1′E,13 km,1.5,---
2024/01/02,18:57:56.9,新潟県上中越沖,37°39.9′N,137°36.0′E,9 km,2.7,---
2024/01/02,18:58:23.1,茨城県沖,36°26.7′N,140°59.6′E,41 km,1.0,---
2024/01/02,18:58:39.6,石川県能登地方,37°27.9′N,137°15.7′E,13 km,1.5,---
2024/01/02,18:58:55.6,釧路沖,42°45.8′N,145°32.0′E,29 km,2.1,---
2024/01/02,18:59:11.0,石川県能登地方,37°18.4′N,136°52.8′E,15 km,1.2,---
2024/01/02,18:59:37.8,能登半島沖,37°12.2′N,136°39.2′E,3 km,3.5,---
2024/01/02,19:01:20.8,石川県能登地方,37°10.4′N,136°43.6′E,3 km,2.2,---
2024/01/02,19:01:29.1,佐渡付近,37°42.3′N,137°32.3′E,16 km,2.7,---
2024/01/02,19:02:16.8,能登半島沖,37°26.0′N,136°58.8′E,5 km,1.9,---
2024/01/02,19:03:05.3,石川県能登地方,37°07.9′N,136°46.9′E,9 km,2.5,---
2024/01/02,19:03:53.2,石川県能登地方,37°20.0′N,137°00.4′E,12 km,1.8,---
2024/01/02,19:04:02.5,能登半島沖,37°16.8′N,136°40.1′E,5 km,2.4,---
2024/01/02,19:04:25.7,石川県能登地方,37°18.8′N,136°52.5′E,10 km,2.5,---
2024/01/02,19:05:19.5,石川県能登地方,37°19.5′N,136°54.9′E,13 km,1.8,---
2024/01/02,19:05:50.9,能登半島沖,37°11.8′N,136°39.7′E,2 km,1.3,---
2024/01/02,19:05:56.9,奄美大島近海,26°51.1′N,130°09.2′E,57 km,1.6,---
2024/01/02,19:05:59.8,石川県能登地方,37°23.3′N,137°07.3′E,12 km,2.3,---
2024/01/02,19:06:31.9,石川県能登地方,37°09.6′N,136°45.6′E,7 km,1.3,---
2024/01/02,19:06:47.4,石川県能登地方,37°16.8′N,136°45.4′E,7 km,1.8,---
2024/01/02,19:07:24.5,富山湾,37°02.5′N,137°15.3′E,0 km,1.2,---
2024/01/02,19:07:27.5,石川県能登地方,36°59.1′N,136°54.0′E,4 km,0.2,---
2024/01/02,19:07:47.2,石川県能登地方,37°31.1′N,137°15.4′E,11 km,1.7,---
2024/01/02,19:07:48.0,石川県能登地方,37°30.7′N,137°18.0′E,7 km,1.3,---
2024/01/02,19:07:50.1,石川県能登地方,37°19.5′N,136°53.8′E,9 km,1.0,---
2024/01/02,19:08:09.2,石川県能登地方,37°10.5′N,136°49.0′E,13 km,1.3,---
2024/01/02,19:08:14.9,石川県能登地方,37°27.1′N,137°16.3′E,14 km,2.6,---
2024/01/02,19:08:41.6,新潟県上中越沖,37°39.1′N,137°40.6′E,21 km,2.7,---
2024/01/02,19:09:39.3,佐渡付近,37°52.2′N,137°43.0′E,21 km,2.5,---
2024/01/02,19:11:02.4,奄美大島近海,28°14.6′N,130°48.5′E,64 km,1.9,---
2024/01/02,19:11:05.0,石川県能登地方,37°19.7′N,136°46.3′E,6 km,1.7,---
2024/01/02,19:11:15.0,能登半島沖,37°11.7′N,136°39.0′E,0 km,2.7,---
2024/01/02,19:11:21.7,佐渡付近,37°45.3′N,137°35.4′E,16 km,3.2,---
2024/01/02,19:12:16.7,石川県能登地方,37°22.7′N,137°00.2′E,4 km,1.9,---
2024/01/02,19:12:26.1,宮古島近海,25°13.2′N,125°21.8′E,21 km,2.2,---
2024/01/02,19:13:13.1,能登半島沖,37°20.8′N,136°43.8′E,6 km,2.0,---
2024/01/02,19:13:26.4,豊後水道,33°26.8′N,132°16.8′E,46 km,2.0,---
2024/01/02,19:13:27.4,能登半島沖,37°21.6′N,136°45.7′E,5 km,2.1,---
2024/01/02,19:14:03.7,能登半島沖,37°13.5′N,136°41.8′E,3 km,2.0,---
2024/01/02,19:14:27.2,能登半島沖,37°23.8′N,136°48.6′E,6 km,2.1,---
2024/01/02,19:14:29.8,能登半島沖,37°36.2′N,137°27.6′E,7 km,2.2,---
2024/01/02,19:15:11.5,石川県能登地方,37°23.4′N,137°07.5′E,12 km,1.2,---
2024/01/02,19:15:55.8,能登半島沖,37°34.0′N,137°23.3′E,8 km,2.4,---
2024/01/02,19:15:59.1,石川県能登地方,37°22.5′N,136°51.5′E,10 km,2.3,---
2024/01/02,19:16:43.6,能登半島沖,37°34.1′N,137°19.0′E,9 km,1.3,---
2024/01/02,19:17:12.8,能登半島沖,37°20.3′N,136°44.0′E,6 km,1.5,---
2024/01/02,19:18:05.8,石川県能登地方,37°22.5′N,136°54.6′E,8 km,2.9,---
2024/01/02,19:18:07.1,石川県能登地方,37°11.2′N,136°44.9′E,9 km,2.3,---
2024/01/02,19:18:15.1,石川県能登地方,37°30.3′N,137°19.8′E,11 km,2.5,---
2024/01/02,19:18:30.9,岩手県沖,40°13.1′N,142°16.9′E,44 km,0.7,---
2024/01/02,19:18:33.9,石川県能登地方,37°25.4′N,137°13.3′E,13 km,不明,---
2024/01/02,19:19:05.8,佐渡付近,37°43.9′N,137°38.5′E,19 km,1.5,---
2024/01/02,19:19:39.3,滋賀県南部,35°06.5′N,135°57.0′E,14 km,0.7,---
2024/01/02,19:19:43.2,岩手県沿岸南部,39°07.0′N,141°25.1′E,107 km,1.7,---
2024/01/02,19:19:45.9,能登半島沖,37°34.0′N,137°24.6′E,4 km,1.9,---
2024/01/02,19:19:52.5,石川県能登地方,37°18.5′N,136°44.5′E,3 km,2.1,---
2024/01/02,19:20:43.0,新潟県上中越沖,37°41.1′N,137°36.5′E,14 km,2.5,---
2024/01/02,19:21:32.8,佐渡付近,37°45.3′N,137°43.3′E,16 km,2.9,---
2024/01/02,19:21:42.5,沖縄本島近海,26°01.1′N,128°38.4′E,35 km,1.7,---
2024/01/02,19:22:31.3,石川県能登地方,37°19.0′N,136°45.9′E,12 km,1.4,---
2024/01/02,19:22:51.4,能登半島沖,37°30.9′N,137°22.5′E,24 km,1.5,---
2024/01/02,19:22:52.3,能登半島沖,37°12.4′N,136°39.9′E,7 km,0.9,---
2024/01/02,19:23:26.4,石川県能登地方,37°12.2′N,136°45.9′E,0 km,1.2,---
2024/01/02,19:23:27.0,佐渡付近,37°51.5′N,137°43.8′E,15 km,2.1,---
2024/01/02,19:24:36.1,能登半島沖,37°32.7′N,137°22.5′E,9 km,2.8,---
2024/01/02,19:25:51.2,石川県能登地方,37°11.7′N,136°44.3′E,0 km,0.9,---
2024/01/02,19:25:53.7,石川県能登地方,37°21.1′N,136°55.1′E,12 km,2.5,---
2024/01/02,19:26:43.4,富山県東部,36°39.0′N,137°45.7′E,2 km,0.0,---
2024/01/02,19:27:01.3,能登半島沖,37°24.8′N,136°50.3′E,11 km,1.5,---
2024/01/02,19:27:03.6,新潟県上中越沖,37°20.0′N,137°49.5′E,23 km,1.5,---
2024/01/02,19:27:17.4,福島県沖,37°49.7′N,141°35.1′E,48 km,0.5,---
2024/01/02,19:28:00.4,栃木県北部,36°57.8′N,139°36.7′E,7 km,-0.1,---
2024/01/02,19:28:26.3,石川県能登地方,37°14.7′N,136°49.7′E,11 km,1.8,---
2024/01/02,19:28:27.1,新潟県上中越沖,37°32.8′N,137°32.5′E,5 km,1.3,---
2024/01/02,19:28:35.6,富山県西部,36°45.0′N,137°08.4′E,18 km,0.7,---
2024/01/02,19:28:59.4,福島県沖,37°50.7′N,141°34.1′E,46 km,0.7,---
2024/01/02,19:29:06.8,石川県能登地方,37°13.4′N,136°51.1′E,12 km,2.3,---
2024/01/02,19:29:27.1,新潟県上中越沖,37°41.9′N,137°38.7′E,14 km,2.1,---
2024/01/02,19:29:57.8,能登半島沖,37°33.5′N,137°21.5′E,11 km,2.1,---
2024/01/02,19:30:47.4,沖縄本島近海,26°51.7′N,128°10.5′E,29 km,0.6,---
2024/01/02,19:30:51.5,石川県能登地方,37°25.6′N,137°06.4′E,9 km,2.4,---
2024/01/02,19:31:58.1,能登半島沖,37°38.3′N,137°29.3′E,9 km,2.0,---
2024/01/02,19:32:03.5,石川県能登地方,37°10.7′N,136°54.3′E,11 km,1.6,---
2024/01/02,19:32:14.1,秋田県内陸北部,40°10.8′N,140°33.4′E,11 km,1.4,---
2024/01/02,19:32:37.6,石川県能登地方,37°17.7′N,136°51.0′E,10 km,1.6,---
2024/01/02,19:32:43.1,石川県能登地方,37°15.9′N,136°51.8′E,13 km,1.9,---
2024/01/02,19:33:04.9,富山県東部,36°38.9′N,137°45.8′E,3 km,0.2,---
2024/01/02,19:33:19.1,石川県能登地方,37°09.8′N,136°43.4′E,5 km,1.8,---
2024/01/02,19:34:41.2,能登半島沖,37°34.3′N,137°24.4′E,0 km,1.4,---
2024/01/02,19:34:55.3,石川県能登地方,37°28.2′N,137°14.0′E,13 km,2.4,---
2024/01/02,19:35:38.9,佐渡付近,37°50.6′N,137°42.6′E,19 km,2.8,---
2024/01/02,19:36:26.6,石川県能登地方,37°18.5′N,136°47.9′E,10 km,1.6,---
2024/01/02,19:36:49.6,能登半島沖,37°33.2′N,137°28.8′E,10 km,1.9,---
2024/01/02,19:37:49.7,釧路沖,42°48.9′N,145°01.5′E,66 km,1.1,---
2024/01/02,19:38:22.4,能登半島沖,37°34.1′N,137°25.5′E,7 km,1.5,---
2024/01/02,19:38:24.9,佐渡付近,37°45.9′N,137°42.1′E,19 km,2.6,---
2024/01/02,19:38:39.2,能登半島沖,37°30.3′N,137°05.6′E,0 km,2.1,---
2024/01/02,19:39:01.5,石川県能登地方,37°17.6′N,136°45.3′E,10 km,2.4,---
2024/01/02,19:39:09.0,有明海,32°58.2′N,130°22.6′E,11 km,-0.1,---
2024/01/02,19:39:37.5,三重県南東沖,33°57.9′N,136°14.0′E,10 km,0.5,---
2024/01/02,19:39:43.9,石川県能登地方,37°31.5′N,137°15.1′E,12 km,1.6,---
2024/01/02,19:39:53.0,宮城県沖,37°54.4′N,142°28.2′E,21 km,1.8,---
2024/01/02,19:39:54.2,石川県西方沖,37°04.8′N,136°35.9′E,13 km,1.3,---
2024/01/02,19:39:55.9,佐渡付近,37°53.1′N,137°44.9′E,15 km,2.4,---
2024/01/02,19:40:42.2,能登半島沖,37°12.4′N,136°40.3′E,9 km,2.8,---
2024/01/02,19:40:44.3,能登半島沖,37°12.4′N,136°38.6′E,9 km,2.8,---
2024/01/02,19:41:22.9,能登半島沖,37°39.7′N,137°29.2′E,8 km,2.2,---
2024/01/02,19:42:01.6,佐渡付近,37°55.0′N,137°41.9′E,23 km,2.8,---
2024/01/02,19:42:06.7,広島県北部,34°41.7′N,132°50.1′E,19 km,0.3,---
2024/01/02,19:42:56.3,佐渡付近,37°42.7′N,137°37.2′E,0 km,1.9,---
2024/01/02,19:43:06.3,能登半島沖,37°34.4′N,137°24.3′E,8 km,2.2,---
2024/01/02,19:43:20.2,能登半島沖,37°35.3′N,137°27.3′E,2 km,2.1,---
2024/01/02,19:44:06.7,石川県能登地方,37°14.2′N,136°43.6′E,6 km,1.8,---
2024/01/02,19:44:15.1,新潟県上中越沖,37°41.3′N,137°34.5′E,9 km,2.1,---
2024/01/02,19:46:21.6,佐渡付近,37°43.0′N,137°30.7′E,8 km,2.1,---
2024/01/02,19:46:50.6,能登半島沖,37°24.0′N,136°55.1′E,11 km,1.7,---
2024/01/02,19:47:00.8,能登半島沖,37°06.8′N,136°37.2′E,1 km,1.8,---
2024/01/02,19:47:47.0,福島県沖,37°38.1′N,141°52.9′E,42 km,1.7,---
2024/01/02,19:47:54.3,石川県能登地方,37°28.2′N,137°10.3′E,13 km,1.3,---
2024/01/02,19:48:19.0,石川県能登地方,37°16.4′N,136°50.5′E,12 km,2.3,---
2024/01/02,19:48:32.2,石川県能登地方,37°11.0′N,136°53.3′E,10 km,2.6,---
2024/01/02,19:49:19.0,石川県西方沖,37°05.1′N,136°35.1′E,11 km,2.6,---
2024/01/02,19:49:21.7,佐渡付近,37°42.0′N,137°34.5′E,20 km,2.1,---
2024/01/02,19:50:34.9,能登半島沖,37°29.7′N,137°23.3′E,7 km,1.5,---
2024/01/02,19:51:45.4,石川県能登地方,37°13.1′N,136°45.0′E,2 km,1.5,---
2024/01/02,19:51:46.7,能登半島沖,37°33.8′N,137°23.0′E,4 km,2.3,---
2024/01/02,19:52:03.7,石川県能登地方,37°31.3′N,137°19.1′E,8 km,2.8,---
2024/01/02,19:52:14.1,三陸沖,39°06.5′N,144°26.9′E,25 km,1.1,---
2024/01/02,19:52:39.5,石川県能登地方,37°21.8′N,136°57.1′E,9 km,2.2,---
2024/01/02,19:52:48.9,熊本県天草・芦北地方,32°13.0′N,130°27.7′E,10 km,0.1,---
2024/01/02,19:52:56.6,能登半島沖,37°29.5′N,137°21.8′E,12 km,2.6,---
2024/01/02,19:54:10.5,石川県能登地方,37°18.4′N,136°50.8′E,5 km,不明,---
2024/01/02,19:54:16.5,富山県東部,36°38.1′N,137°45.4′E,7 km,0.7,---
2024/01/02,19:54:23.1,石川県能登地方,37°29.8′N,137°19.0′E,9 km,1.8,---
2024/01/02,19:54:54.4,能登半島沖,37°33.3′N,137°06.1′E,10 km,1.6,---
2024/01/02,19:55:25.1,熊本県熊本地方,32°38.1′N,130°40.7′E,11 km,-0.3,---
2024/01/02,19:56:01.9,石川県能登地方,37°16.6′N,136°47.8′E,8 km,1.3,---
2024/01/02,19:56:04.4,富山県東部,36°38.9′N,137°45.6′E,2 km,0.0,---
2024/01/02,19:56:07.5,三宅島近海,33°48.1′N,139°25.2′E,12 km,1.3,---
2024/01/02,19:57:00.3,石川県能登地方,37°14.4′N,136°45.3′E,9 km,1.9,---
2024/01/02,19:57:07.5,石川県能登地方,37°13.3′N,136°44.8′E,9 km,2.3,---
2024/01/02,19:57:31.1,石川県能登地方,37°14.3′N,136°44.6′E,9 km,2.3,---
2024/01/02,19:58:19.2,石川県能登地方,37°13.5′N,136°43.7′E,5 km,2.4,---
2024/01/02,19:59:16.4,能登半島沖,37°32.4′N,137°27.4′E,14 km,1.4,---
2024/01/02,19:59:34.9,能登半島沖,37°34.9′N,137°25.2′E,10 km,2.5,---
2024/01/02,20:00:07.7,宮城県沖,37°59.2′N,141°40.6′E,48 km,0.6,---
2024/01/02,20:01:08.8,能登半島沖,37°27.5′N,137°04.7′E,0 km,1.4,---
2024/01/02,20:02:35.9,石川県能登地方,37°28.2′N,137°12.0′E,14 km,2.1,---
2024/01/02,20:02:40.9,能登半島沖,37°20.8′N,136°42.9′E,6 km,2.6,---
2024/01/02,20:03:35.8,日向灘,32°42.5′N,132°04.2′E,39 km,0.3,---
2024/01/02,20:03:56.2,佐渡付近,37°47.0′N,137°41.3′E,21 km,2.9,---
2024/01/02,20:04:12.7,石川県能登地方,37°18.2′N,136°44.4′E,5 km,3.3,---
2024/01/02,20:04:16.4,石川県能登地方,37°29.6′N,137°19.6′E,11 km,3.3,---
2024/01/02,20:05:10.6,能登半島沖,37°27.0′N,137°03.0′E,4 km,不明,---
2024/01/02,20:05:16.3,富山県東部,36°33.2′N,137°36.9′E,3 km,1.2,---
2024/01/02,20:05:48.0,石川県能登地方,37°20.6′N,136°58.3′E,5 km,1.5,---
2024/01/02,20:06:21.6,石川県能登地方,37°11.6′N,136°42.3′E,5 km,3.2,---
2024/01/02,20:06:34.6,石川県能登地方,37°29.9′N,137°09.6′E,13 km,2.5,---
2024/01/02,20:07:05.9,能登半島沖,37°33.0′N,137°27.3′E,10 km,2.3,---
2024/01/02,20:07:41.0,能登半島沖,37°31.0′N,137°27.3′E,9 km,1.5,---
2024/01/02,20:07:45.2,石川県能登地方,37°16.4′N,136°50.8′E,13 km,1.3,---
2024/01/02,20:07:49.9,岩手県沖,39°39.7′N,142°31.5′E,34 km,3.0,---
2024/01/02,20:07:57.2,石川県能登地方,37°15.0′N,136°46.8′E,11 km,1.6,---
2024/01/02,20:07:59.9,能登半島沖,37°12.3′N,136°41.3′E,8 km,2.3,---
2024/01/02,20:08:40.1,能登半島沖,37°30.4′N,137°09.3′E,10 km,2.1,---
2024/01/02,20:09:25.8,和歌山県北部,34°13.1′N,135°28.2′E,7 km,-0.2,---
2024/01/02,20:09:27.5,能登半島沖,37°09.6′N,136°38.9′E,9 km,2.2,---
2024/01/02,20:10:13.6,石川県能登地方,37°16.4′N,136°52.5′E,10 km,1.9,---
2024/01/02,20:10:50.1,千葉県北西部,35°48.4′N,139°59.6′E,46 km,1.0,---
2024/01/02,20:10:52.4,能登半島沖,37°30.0′N,137°25.7′E,11 km,1.1,---
2024/01/02,20:10:58.2,能登半島沖,37°31.9′N,137°11.0′E,7 km,2.6,---
2024/01/02,20:12:18.2,石川県能登地方,37°30.6′N,137°15.1′E,11 km,2.2,---
2024/01/02,20:12:43.6,石川県能登地方,37°23.9′N,137°04.7′E,16 km,1.5,---
2024/01/02,20:13:05.2,石川県能登地方,37°30.9′N,137°16.7′E,12 km,1.5,---
2024/01/02,20:13:20.0,石川県能登地方,37°19.8′N,136°50.2′E,11 km,3.1,---
2024/01/02,20:14:15.1,能登半島沖,37°31.2′N,137°25.8′E,25 km,1.6,---
2024/01/02,20:14:41.5,能登半島沖,37°40.6′N,137°25.4′E,0 km,2.5,---
2024/01/02,20:14:41.9,能登半島沖,37°05.4′N,136°40.6′E,11 km,1.7,---
2024/01/02,20:14:50.8,茨城県北部,36°48.6′N,140°35.0′E,7 km,0.4,---
2024/01/02,20:14:58.0,岩手県沖,39°39.6′N,142°32.6′E,34 km,0.9,---
2024/01/02,20:15:11.3,天草灘,32°30.6′N,129°44.3′E,13 km,-0.3,---
2024/01/02,20:15:29.0,佐渡付近,37°45.2′N,137°41.8′E,18 km,2.3,---
2024/01/02,20:15:57.0,石川県能登地方,37°22.1′N,136°47.5′E,8 km,2.1,---
2024/01/02,20:15:57.9,石川県能登地方,37°04.1′N,136°56.8′E,4 km,1.3,---
2024/01/02,20:16:39.9,能登半島沖,37°07.4′N,136°39.6′E,7 km,3.8,---
2024/01/02,20:17:35.4,福島県沖,37°27.5′N,141°29.9′E,18 km,1.1,---
2024/01/02,20:18:04.4,熊本県熊本地方,32°59.9′N,130°32.5′E,12 km,0.2,---
2024/01/02,20:19:03.3,石川県能登地方,37°10.8′N,136°46.0′E,0 km,1.0,---
2024/01/02,20:19:20.1,石川県能登地方,37°21.4′N,137°03.3′E,11 km,3.0,---
2024/01/02,20:19:47.6,石川県能登地方,37°17.5′N,136°49.2′E,10 km,3.2,---
2024/01/02,20:21:01.2,石川県能登地方,37°10.3′N,136°43.1′E,4 km,1.9,---
2024/01/02,20:21:04.8,宮古島近海,25°08.5′N,125°46.4′E,29 km,1.8,---
2024/01/02,20:21:47.8,石川県能登地方,37°20.3′N,137°00.4′E,13 km,2.1,---
2024/01/02,20:23:04.9,石川県能登地方,37°14.4′N,136°59.7′E,3 km,1.3,---
2024/01/02,20:23:20.1,熊本県熊本地方,32°52.2′N,130°53.1′E,9 km,-0.1,---
2024/01/02,20:23:30.5,石川県能登地方,37°31.5′N,137°19.0′E,13 km,1.6,---
2024/01/02,20:23:33.2,石川県能登地方,37°10.1′N,136°50.0′E,15 km,1.6,---
2024/01/02,20:23:58.0,能登半島沖,37°32.2′N,137°22.3′E,9 km,2.3,---
2024/01/02,20:24:22.9,能登半島沖,37°35.4′N,137°27.0′E,9 km,2.5,---
2024/01/02,20:24:43.6,新潟県上中越沖,37°38.1′N,137°30.0′E,11 km,2.4,---
2024/01/02,20:24:49.8,石川県能登地方,37°25.5′N,137°09.3′E,11 km,2.7,---
2024/01/02,20:25:40.4,石川県能登地方,37°13.4′N,136°43.3′E,12 km,2.0,---
2024/01/02,20:26:10.1,石川県能登地方,37°15.6′N,136°45.8′E,7 km,不明,---
2024/01/02,20:26:33.8,奄美大島北東沖,29°36.9′N,130°45.4′E,40 km,1.6,---
2024/01/02,20:26:38.6,茨城県沖,36°41.4′N,141°24.5′E,42 km,1.3,---
2024/01/02,20:26:46.4,新潟県上中越沖,37°40.9′N,137°30.9′E,12 km,2.1,---
2024/01/02,20:27:30.4,石川県能登地方,37°21.3′N,136°53.9′E,8 km,2.2,---
2024/01/02,20:27:44.5,能登半島沖,37°07.4′N,136°39.6′E,9 km,2.3,---
2024/01/02,20:28:26.6,石川県能登地方,37°09.0′N,136°42.9′E,7 km,2.0,---
2024/01/02,20:29:20.8,石川県能登地方,37°05.5′N,136°45.2′E,7 km,1.1,---
2024/01/02,20:29:37.0,石川県能登地方,37°21.9′N,137°04.0′E,12 km,2.9,---
2024/01/02,20:30:09.8,石川県能登地方,37°18.8′N,136°46.5′E,9 km,2.0,---
2024/01/02,20:30:53.1,石川県能登地方,37°23.1′N,137°04.2′E,12 km,3.3,---
2024/01/02,20:31:56.5,石川県能登地方,37°29.1′N,137°18.1′E,10 km,2.5,---
2024/01/02,20:32:21.5,石川県能登地方,37°20.6′N,136°59.5′E,11 km,2.7,---
2024/01/02,20:32:25.7,岩手県沖,39°55.4′N,142°31.3′E,36 km,1.5,---
2024/01/02,20:32:33.6,天草灘,32°31.3′N,129°47.2′E,12 km,0.3,---
2024/01/02,20:32:42.3,千葉県東方沖,35°11.6′N,141°12.5′E,11 km,不明,---
2024/01/02,20:32:54.8,石川県能登地方,37°24.5′N,136°58.6′E,5 km,1.9,---
2024/01/02,20:33:29.5,石川県能登地方,37°21.0′N,136°54.0′E,10 km,2.6,---
2024/01/02,20:33:37.4,有明海,32°57.2′N,130°23.5′E,12 km,0.5,---
2024/01/02,20:33:43.3,福岡県筑後地方,33°27.3′N,130°46.7′E,8 km,-0.4,---
2024/01/02,20:33:54.0,石川県能登地方,37°23.1′N,137°04.6′E,11 km,2.4,---
2024/01/02,20:34:09.6,石川県能登地方,37°19.5′N,136°47.7′E,6 km,2.5,---
2024/01/02,20:34:14.9,能登半島沖,37°07.1′N,136°40.1′E,4 km,2.3,---
2024/01/02,20:35:01.0,トカラ列島近海,29°57.5′N,129°59.8′E,2 km,不明,---
2024/01/02,20:35:50.3,佐渡付近,37°44.1′N,137°36.9′E,14 km,2.6,---
2024/01/02,20:35:54.1,石川県能登地方,37°26.6′N,137°06.8′E,11 km,2.1,---
2024/01/02,20:36:59.4,石川県能登地方,37°22.5′N,136°58.8′E,8 km,1.2,---
2024/01/02,20:37:14.6,能登半島沖,37°15.4′N,136°38.6′E,7 km,2.3,---
2024/01/02,20:37:15.9,富山県東部,36°29.0′N,137°26.6′E,9 km,0.3,---
2024/01/02,20:37:16.9,佐渡付近,37°54.4′N,137°43.6′E,20 km,2.4,---
2024/01/02,20:37:45.3,佐渡付近,37°45.2′N,137°43.5′E,20 km,1.7,---
2024/01/02,20:37:54.5,福島県沖,37°41.7′N,141°38.6′E,57 km,0.8,---
2024/01/02,20:38:15.0,佐渡付近,37°50.7′N,137°45.6′E,20 km,2.2,---
2024/01/02,20:38:44.4,石川県能登地方,37°11.6′N,136°41.2′E,6 km,2.4,---
2024/01/02,20:39:05.9,石川県能登地方,37°13.5′N,136°47.4′E,8 km,2.1,---
2024/01/02,20:39:30.7,能登半島沖,37°26.2′N,137°01.0′E,4 km,2.3,---
2024/01/02,20:40:33.5,能登半島沖,37°35.2′N,137°27.0′E,3 km,1.5,---
2024/01/02,20:40:48.1,能登半島沖,37°09.7′N,136°40.5′E,6 km,1.5,---
2024/01/02,20:41:09.8,佐渡付近,37°42.4′N,137°31.8′E,12 km,2.4,---
2024/01/02,20:41:39.2,石川県能登地方,37°28.2′N,137°11.3′E,12 km,1.9,---
2024/01/02,20:42:01.6,能登半島沖,37°06.9′N,136°37.0′E,4 km,2.8,---
2024/01/02,20:42:34.2,能登半島沖,37°33.1′N,137°28.4′E,11 km,2.0,---
2024/01/02,20:42:34.7,四国沖,33°16.3′N,134°48.1′E,25 km,1.0,---
2024/01/02,20:43:31.1,石川県能登地方,37°16.1′N,136°47.4′E,9 km,2.2,---
2024/01/02,20:43:52.5,石川県能登地方,37°12.4′N,136°48.5′E,9 km,2.5,---
2024/01/02,20:45:15.9,能登半島沖,37°16.6′N,136°39.3′E,8 km,2.0,---
2024/01/02,20:45:18.8,新潟県上中越沖,37°39.7′N,137°30.3′E,13 km,2.0,---
2024/01/02,20:46:19.6,石川県能登地方,37°28.2′N,137°14.4′E,12 km,1.6,---
2024/01/02,20:46:30.8,石川県能登地方,37°12.6′N,137°02.9′E,17 km,2.6,---
2024/01/02,20:47:10.0,十勝沖,41°07.8′N,144°54.3′E,30 km,2.1,---
2024/01/02,20:47:33.8,能登半島沖,37°46.4′N,137°27.4′E,11 km,2.3,---
2024/01/02,20:47:34.2,能登半島沖,37°08.9′N,136°42.5′E,7 km,1.6,---
2024/01/02,20:47:35.6,福島県会津,37°41.2′N,139°59.8′E,7 km,0.1,---
2024/01/02,20:48:41.1,新潟県上中越沖,37°30.0′N,137°36.9′E,25 km,1.6,---
2024/01/02,20:48:51.5,石川県能登地方,37°12.8′N,136°50.8′E,14 km,1.5,---
2024/01/02,20:49:03.0,石川県能登地方,37°25.5′N,137°03.0′E,7 km,2.4,---
2024/01/02,20:49:24.8,能登半島沖,37°06.9′N,136°35.2′E,8 km,1.7,---
2024/01/02,20:50:03.0,石川県能登地方,37°11.7′N,136°53.6′E,10 km,1.8,---
2024/01/02,20:50:49.0,石川県能登地方,37°14.7′N,136°44.4′E,8 km,不明,---
2024/01/02,20:50:59.9,釧路沖,42°48.3′N,144°17.9′E,97 km,1.7,---
2024/01/02,20:51:03.0,新潟県上中越沖,37°40.1′N,137°52.8′E,23 km,2.6,---
2024/01/02,20:51:53.8,石川県能登地方,37°29.8′N,137°08.1′E,10 km,1.6,---
2024/01/02,20:52:26.7,石川県能登地方,37°09.1′N,136°43.6′E,7 km,1.4,---
2024/01/02,20:52:38.7,石川県能登地方,37°27.0′N,137°16.1′E,14 km,3.6,---
2024/01/02,20:53:33.7,能登半島沖,37°08.6′N,136°42.0′E,10 km,1.3,---
2024/01/02,20:54:13.1,能登半島沖,37°30.4′N,137°04.6′E,4 km,1.5,---
2024/01/02,20:55:09.2,新潟県上中越沖,37°41.2′N,137°36.2′E,12 km,2.2,---
2024/01/02,20:55:32.5,石川県能登地方,37°24.2′N,137°08.8′E,14 km,1.4,---
2024/01/02,20:56:09.7,石川県能登地方,37°24.2′N,137°05.8′E,9 km,1.6,---
2024/01/02,20:56:37.4,能登半島沖,37°10.4′N,136°39.0′E,0 km,1.5,---
2024/01/02,20:56:51.1,石川県能登地方,37°16.3′N,136°47.2′E,11 km,1.9,---
2024/01/02,20:57:33.7,石川県能登地方,37°22.4′N,136°53.1′E,11 km,2.0,---
2024/01/02,20:57:36.7,石川県能登地方,37°26.7′N,137°15.7′E,14 km,2.1,---
2024/01/02,20:57:52.3,宮城県沖,38°44.1′N,142°19.7′E,38 km,1.2,---
2024/01/02,20:58:22.4,石川県能登地方,37°16.0′N,136°48.7′E,7 km,1.5,---
2024/01/02,20:58:45.4,新潟県上中越沖,37°41.0′N,137°34.5′E,9 km,2.3,---
2024/01/02,20:59:41.6,石川県能登地方,37°21.5′N,136°47.4′E,6 km,1.6,---
2024/01/02,20:59:45.2,石川県能登地方,37°27.2′N,137°08.0′E,13 km,1.8,---
2024/01/02,21:00:14.7,能登半島沖,37°24.5′N,136°55.0′E,0 km,1.3,---
2024/01/02,21:00:32.0,能登半島沖,37°09.6′N,136°39.6′E,7 km,1.1,---
2024/01/02,21:00:52.8,福島県沖,37°20.6′N,141°25.8′E,45 km,0.9,---
2024/01/02,21:01:32.1,富山県東部,36°39.0′N,137°45.2′E,2 km,0.1,---
2024/01/02,21:01:50.9,宮古島近海,25°13.9′N,125°32.9′E,16 km,2.0,---
2024/01/02,21:02:18.8,能登半島沖,37°32.5′N,137°21.3′E,12 km,2.1,---
2024/01/02,21:02:47.9,能登半島沖,37°06.4′N,136°37.7′E,0 km,1.3,---
2024/01/02,21:03:17.8,石川県能登地方,37°14.8′N,136°45.7′E,9 km,1.9,---
2024/01/02,21:03:27.0,石川県能登地方,37°20.5′N,136°57.2′E,7 km,2.0,---
2024/01/02,21:04:32.5,石川県能登地方,37°20.4′N,136°59.7′E,13 km,2.1,---
2024/01/02,21:05:33.0,能登半島沖,37°13.2′N,136°39.3′E,6 km,1.4,---
2024/01/02,21:06:37.1,佐渡付近,37°53.3′N,137°45.4′E,22 km,1.9,---
2024/01/02,21:06:40.9,岩手県沖,39°39.6′N,142°31.8′E,33 km,1.5,---
2024/01/02,21:07:17.7,能登半島沖,37°33.9′N,137°24.0′E,2 km,1.4,---
2024/01/02,21:07:32.8,能登半島沖,37°27.7′N,137°04.3′E,9 km,1.2,---
2024/01/02,21:07:49.5,能登半島沖,37°11.0′N,136°37.0′E,0 km,1.3,---
2024/01/02,21:09:20.9,石川県能登地方,37°24.4′N,137°09.5′E,13 km,2.0,---
2024/01/02,21:09:21.3,能登半島沖,37°08.0′N,136°43.2′E,11 km,1.5,---
2024/01/02,21:09:29.4,能登半島沖,37°39.6′N,137°21.3′E,6 km,2.6,---
2024/01/02,21:10:00.6,石川県能登地方,37°24.3′N,137°08.3′E,11 km,1.7,---
2024/01/02,21:10:36.1,石川県能登地方,37°25.0′N,137°06.9′E,9 km,2.5,---
2024/01/02,21:11:45.4,石川県能登地方,37°11.8′N,136°45.2′E,9 km,3.4,---
2024/01/02,21:13:09.7,能登半島沖,37°12.2′N,136°40.2′E,1 km,1.4,---
2024/01/02,21:13:21.0,石川県能登地方,37°18.3′N,136°55.8′E,17 km,4.4,---
2024/01/02,21:15:18.0,能登半島沖,37°36.0′N,137°26.3′E,11 km,2.2,---
2024/01/02,21:15:23.1,豊後水道,33°12.5′N,132°03.9′E,51 km,0.8,---
2024/01/02,21:15:59.5,新潟県上中越沖,37°39.2′N,137°33.6′E,11 km,2.3,---
2024/01/02,21:16:30.9,石川県能登地方,37°11.9′N,136°41.6′E,4 km,2.6,---
2024/01/02,21:17:18.4,佐渡付近,37°45.8′N,137°42.6′E,13 km,2.9,---
2024/01/02,21:17:27.9,佐渡付近,37°51.1′N,137°48.5′E,18 km,3.3,---
2024/01/02,21:17:30.6,宮城県沖,37°56.6′N,141°10.6′E,76 km,0.8,---
2024/01/02,21:18:21.7,佐渡付近,37°49.2′N,137°47.9′E,13 km,2.2,---
2024/01/02,21:18:24.4,能登半島沖,37°15.5′N,136°43.2′E,7 km,2.1,---
2024/01/02,21:18:25.6,京都府南部,35°04.2′N,135°38.1′E,13 km,0.4,---
2024/01/02,21:19:07.0,日向灘,32°22.2′N,131°48.8′E,40 km,0.4,---
2024/01/02,21:20:02.5,能登半島沖,37°33.6′N,137°12.7′E,5 km,1.8,---
2024/01/02,21:20:30.2,石川県能登地方,37°21.9′N,136°51.3′E,6 km,2.1,---
2024/01/02,21:21:12.1,宮崎県南部山沿い,31°56.8′N,131°02.6′E,6 km,0.9,---
2024/01/02,21:21:53.3,石川県能登地方,37°21.5′N,136°53.8′E,8 km,2.5,---
2024/01/02,21:22:15.7,和歌山県北部,33°58.5′N,135°16.2′E,10 km,0.0,---
2024/01/02,21:22:24.7,石川県能登地方,37°15.6′N,136°45.0′E,10 km,1.5,---
2024/01/02,21:22:30.6,能登半島沖,37°17.5′N,136°43.6′E,7 km,2.2,---
2024/01/02,21:22:32.7,福島県沖,37°51.0′N,141°34.9′E,48 km,0.9,---
2024/01/02,21:22:35.9,栃木県南部,36°23.2′N,139°55.9′E,81 km,0.5,---
2024/01/02,21:22:49.5,石川県西方沖,36°58.0′N,136°44.6′E,13 km,1.6,---
2024/01/02,21:23:01.9,石川県能登地方,37°18.4′N,136°48.3′E,5 km,1.5,---
2024/01/02,21:23:15.6,石川県能登地方,37°24.2′N,137°10.3′E,14 km,1.9,---
2024/01/02,21:23:36.6,日向灘,32°36.1′N,132°10.6′E,30 km,0.7,---
2024/01/02,21:23:52.6,能登半島沖,37°08.5′N,136°42.4′E,5 km,1.1,---
2024/01/02,21:23:59.0,能登半島沖,37°40.9′N,137°26.3′E,8 km,1.8,---
2024/01/02,21:24:26.3,石川県能登地方,37°12.5′N,136°46.4′E,4 km,2.0,---
2024/01/02,21:24:27.4,石川県能登地方,37°28.8′N,137°12.4′E,12 km,1.7,---
2024/01/02,21:24:28.1,薩摩半島西方沖,31°19.1′N,128°48.4′E,0 km,1.5,---
2024/01/02,21:24:38.8,沖縄本島近海,27°07.7′N,128°15.2′E,16 km,0.6,---
2024/01/02,21:25:47.7,石川県能登地方,37°17.1′N,136°47.8′E,10 km,1.7,---
2024/01/02,21:26:38.9,能登半島沖,37°32.7′N,137°13.8′E,11 km,1.7,---
2024/01/02,21:26:40.9,石川県能登地方,37°19.8′N,136°53.3′E,13 km,2.1,---
2024/01/02,21:28:18.5,能登半島沖,37°33.3′N,137°26.8′E,14 km,1.8,---
2024/01/02,21:28:38.8,石川県能登地方,37°23.0′N,137°08.6′E,10 km,2.2,---
2024/01/02,21:29:14.1,能登半島沖,37°28.2′N,137°01.5′E,0 km,2.1,---
2024/01/02,21:30:07.5,石川県能登地方,37°27.2′N,137°07.4′E,13 km,2.0,---
2024/01/02,21:30:34.8,佐渡付近,37°52.8′N,137°44.1′E,21 km,2.1,---
2024/01/02,21:31:11.9,岩手県沿岸北部,39°53.2′N,141°35.5′E,69 km,0.5,---
2024/01/02,21:31:28.3,富山県東部,36°30.3′N,137°29.9′E,6 km,0.9,---
2024/01/02,21:31:43.3,能登半島沖,37°21.3′N,136°44.5′E,8 km,1.7,---
2024/01/02,21:32:18.3,新潟県上中越沖,37°32.0′N,137°30.6′E,13 km,1.5,---
2024/01/02,21:32:51.4,石川県能登地方,37°25.0′N,137°03.1′E,8 km,1.9,---
2024/01/02,21:33:11.9,佐渡付近,37°48.7′N,137°43.9′E,21 km,2.3,---
2024/01/02,21:33:15.5,石川県能登地方,37°29.1′N,137°13.5′E,11 km,2.4,---
2024/01/02,21:33:24.0,能登半島沖,37°32.7′N,137°27.6′E,11 km,3.0,---
2024/01/02,21:34:33.6,石川県能登地方,37°25.4′N,137°09.3′E,10 km,2.0,---
2024/01/02,21:35:01.4,石川県能登地方,37°12.3′N,136°53.2′E,0 km,1.5,---
2024/01/02,21:35:26.7,石川県能登地方,37°10.6′N,136°41.5′E,5 km,2.4,---
2024/01/02,21:36:19.8,佐渡付近,37°45.4′N,137°43.2′E,13 km,2.5,---
2024/01/02,21:37:21.7,能登半島沖,37°31.8′N,137°11.9′E,15 km,1.4,---
2024/01/02,21:37:27.9,日向灘,32°43.2′N,132°03.5′E,41 km,0.4,---
2024/01/02,21:37:36.4,新潟県上中越沖,37°37.5′N,137°34.3′E,9 km,1.9,---
2024/01/02,21:38:19.9,能登半島沖,37°34.7′N,137°25.9′E,12 km,2.4,---
2024/01/02,21:39:05.5,石川県能登地方,37°18.1′N,136°59.3′E,6 km,1.6,---
2024/01/02,21:40:02.6,石川県西方沖,37°05.3′N,136°33.8′E,13 km,2.0,---
2024/01/02,21:40:03.1,能登半島沖,37°30.8′N,137°10.9′E,11 km,1.6,---
2024/01/02,21:40:29.0,能登半島沖,37°10.0′N,136°40.2′E,9 km,1.8,---
2024/01/02,21:41:10.2,能登半島沖,37°30.1′N,137°11.0′E,9 km,2.0,---
2024/01/02,21:41:18.8,石川県能登地方,37°30.9′N,137°19.2′E,12 km,1.8,---
2024/01/02,21:41:27.5,佐渡付近,37°46.4′N,137°36.2′E,20 km,2.0,---
2024/01/02,21:41:37.5,徳島県北部,34°04.3′N,134°25.9′E,9 km,-0.1,---
2024/01/02,21:41:44.5,能登半島沖,37°33.1′N,137°15.5′E,8 km,1.6,---
2024/01/02,21:42:01.7,石川県能登地方,37°28.0′N,137°20.0′E,13 km,2.9,---
2024/01/02,21:42:12.7,石川県能登地方,37°12.0′N,136°42.1′E,6 km,2.3,---
2024/01/02,21:43:11.5,石川県能登地方,37°08.1′N,136°44.2′E,15 km,1.4,---
2024/01/02,21:43:42.2,新潟県上中越沖,37°36.8′N,137°33.4′E,22 km,1.6,---
2024/01/02,21:44:13.0,石川県能登地方,37°26.3′N,137°09.3′E,13 km,1.9,---
2024/01/02,21:44:23.0,能登半島沖,37°34.9′N,137°21.9′E,5 km,1.5,---
2024/01/02,21:45:02.4,能登半島沖,37°10.7′N,136°40.4′E,9 km,2.8,---
2024/01/02,21:45:36.9,能登半島沖,37°39.3′N,137°27.5′E,10 km,2.6,---
2024/01/02,21:46:00.1,佐渡付近,37°52.8′N,137°48.3′E,14 km,2.4,---
2024/01/02,21:46:50.6,石川県能登地方,37°28.0′N,137°15.5′E,13 km,0.9,---
2024/01/02,21:47:11.8,能登半島沖,37°30.8′N,137°11.9′E,9 km,1.1,---
2024/01/02,21:47:13.0,佐渡付近,37°51.6′N,137°38.6′E,17 km,1.6,---
2024/01/02,21:47:21.3,石川県能登地方,37°14.0′N,136°48.0′E,14 km,1.1,---
2024/01/02,21:47:27.8,佐渡付近,37°45.5′N,137°34.9′E,10 km,1.8,---
2024/01/02,21:48:19.3,富山湾,36°59.2′N,137°30.9′E,16 km,1.2,---
2024/01/02,21:48:33.7,石川県能登地方,37°13.6′N,136°48.6′E,11 km,1.2,---
2024/01/02,21:48:58.0,能登半島沖,37°37.4′N,137°17.3′E,12 km,1.2,---
2024/01/02,21:49:00.5,石川県能登地方,37°14.7′N,136°44.6′E,1 km,0.9,---
2024/01/02,21:49:09.0,佐渡付近,37°51.1′N,137°50.0′E,17 km,1.9,---
2024/01/02,21:49:15.0,与那国島近海,24°20.3′N,122°59.3′E,47 km,2.0,---
2024/01/02,21:49:27.7,石川県能登地方,37°15.4′N,136°49.3′E,7 km,1.5,---
2024/01/02,21:49:34.5,岐阜県美濃中西部,35°53.4′N,136°55.2′E,10 km,0.8,---
2024/01/02,21:49:45.9,石川県能登地方,37°23.2′N,136°57.8′E,6 km,1.6,---
2024/01/02,21:50:08.0,能登半島沖,37°30.8′N,137°27.5′E,11 km,1.9,---
2024/01/02,21:50:16.8,石川県能登地方,37°19.1′N,136°50.5′E,8 km,1.5,---
2024/01/02,21:50:27.2,佐渡付近,37°55.9′N,137°41.8′E,23 km,2.3,---
2024/01/02,21:50:49.5,石川県能登地方,37°22.3′N,137°01.5′E,7 km,2.0,---
2024/01/02,21:51:16.1,石川県能登地方,37°18.7′N,136°46.6′E,5 km,1.5,---
2024/01/02,21:51:25.1,岩手県沖,39°56.9′N,142°26.4′E,36 km,1.5,---
2024/01/02,21:51:26.9,和歌山県北部,34°06.1′N,135°22.9′E,5 km,1.3,---
2024/01/02,21:51:33.3,石川県能登地方,37°22.2′N,137°00.1′E,14 km,2.1,---
2024/01/02,21:52:13.0,石川県能登地方,37°28.2′N,137°12.4′E,12 km,2.1,---
2024/01/02,21:52:17.8,石川県能登地方,37°13.7′N,136°44.8′E,11 km,2.1,---
2024/01/02,21:52:38.6,能登半島沖,37°34.7′N,137°26.6′E,8 km,1.4,---
2024/01/02,21:53:02.4,能登半島沖,37°31.6′N,137°10.7′E,7 km,1.2,---
2024/01/02,21:53:05.2,福島県沖,37°40.9′N,142°30.4′E,16 km,0.9,---
2024/01/02,21:53:19.8,石川県能登地方,37°16.5′N,136°47.4′E,13 km,1.5,---
2024/01/02,21:53:44.3,石川県能登地方,37°27.6′N,137°10.3′E,13 km,1.5,---
2024/01/02,21:54:05.0,石川県能登地方,37°28.1′N,137°08.6′E,10 km,1.5,---
2024/01/02,21:55:06.4,石川県能登地方,37°13.8′N,137°04.8′E,15 km,1.5,---
2024/01/02,21:55:33.8,石川県能登地方,37°22.8′N,137°06.2′E,12 km,1.3,---
2024/01/02,21:55:43.5,石川県能登地方,37°09.3′N,136°43.4′E,0 km,1.6,---
2024/01/02,21:56:00.9,新潟県上中越沖,37°37.9′N,137°31.9′E,7 km,2.2,---
2024/01/02,21:56:05.6,石川県能登地方,37°23.2′N,137°00.8′E,14 km,1.9,---
2024/01/02,21:56:38.9,佐渡付近,37°44.9′N,137°38.2′E,18 km,1.9,---
2024/01/02,21:56:40.1,石川県能登地方,37°23.4′N,137°07.6′E,8 km,1.8,---
2024/01/02,21:57:04.9,石川県能登地方,37°17.7′N,136°48.4′E,7 km,1.4,---
2024/01/02,21:57:23.7,能登半島沖,37°07.1′N,136°38.7′E,8 km,1.7,---
2024/01/02,21:57:32.5,佐渡付近,37°47.0′N,137°33.9′E,16 km,1.5,---
2024/01/02,21:57:55.0,能登半島沖,37°13.5′N,136°37.5′E,2 km,1.2,---
2024/01/02,21:58:09.2,能登半島沖,37°34.4′N,137°24.5′E,4 km,2.1,---
2024/01/02,21:58:52.9,佐渡付近,37°45.6′N,137°39.3′E,24 km,1.4,---
2024/01/02,21:59:05.6,能登半島沖,37°08.9′N,136°42.0′E,12 km,0.8,---
2024/01/02,21:59:17.3,石川県能登地方,37°28.1′N,137°18.4′E,11 km,1.1,---
2024/01/02,21:59:20.5,能登半島沖,37°34.6′N,137°25.1′E,7 km,1.8,---
2024/01/02,21:59:56.1,石川県能登地方,37°09.6′N,136°44.9′E,3 km,1.1,---
2024/01/02,22:00:24.9,石川県能登地方,37°21.3′N,136°55.9′E,9 km,2.2,---
2024/01/02,22:00:32.9,石川県能登地方,37°28.5′N,137°08.0′E,11 km,1.9,---
2024/01/02,22:01:27.8,能登半島沖,37°34.5′N,137°24.1′E,10 km,2.0,---
2024/01/02,22:02:45.6,滋賀県北部,35°28.0′N,136°17.7′E,14 km,-0.2,---
2024/01/02,22:02:58.7,石川県能登地方,37°09.0′N,136°41.2′E,6 km,1.4,---
2024/01/02,22:03:25.6,石川県能登地方,37°18.5′N,136°49.8′E,13 km,3.9,---
2024/01/02,22:04:42.6,能登半島沖,37°08.9′N,136°43.0′E,5 km,3.2,---
2024/01/02,22:05:29.8,十勝地方北部,43°31.8′N,143°44.7′E,5 km,0.5,---
2024/01/02,22:05:39.8,石川県能登地方,37°20.2′N,136°59.8′E,13 km,2.5,---
2024/01/02,22:05:55.2,新潟県上中越沖,37°32.2′N,138°25.2′E,27 km,1.8,---
2024/01/02,22:06:09.4,和歌山県南方沖,33°28.3′N,135°40.7′E,22 km,0.6,---
2024/01/02,22:06:36.4,石川県能登地方,37°14.0′N,136°48.8′E,9 km,1.5,---
2024/01/02,22:07:17.9,石川県能登地方,37°20.8′N,136°48.5′E,8 km,2.0,---
2024/01/02,22:07:48.3,能登半島沖,37°06.6′N,136°37.3′E,8 km,1.9,---
2024/01/02,22:07:48.6,石川県能登地方,37°15.3′N,136°44.2′E,12 km,1.8,---
2024/01/02,22:07:50.5,茨城県北部,36°46.4′N,140°34.1′E,8 km,1.1,---
2024/01/02,22:08:01.7,青森県津軽南部,40°39.0′N,140°47.6′E,5 km,0.1,---
2024/01/02,22:08:08.5,能登半島沖,37°12.1′N,136°41.9′E,5 km,2.3,---
2024/01/02,22:08:51.8,石川県能登地方,37°14.2′N,136°44.5′E,11 km,1.1,---
2024/01/02,22:08:58.3,秋田県沖,40°11.4′N,139°26.1′E,200 km,2.8,---
2024/01/02,22:09:07.5,石川県西方沖,37°05.5′N,136°35.1′E,11 km,2.5,---
2024/01/02,22:09:09.6,新潟県上中越沖,37°39.8′N,137°38.2′E,15 km,2.6,---
2024/01/02,22:10:12.4,能登半島沖,37°39.7′N,137°27.9′E,0 km,1.5,---
2024/01/02,22:10:17.9,石川県能登地方,37°18.1′N,136°51.2′E,8 km,1.7,---
2024/01/02,22:10:23.9,佐渡付近,37°43.1′N,137°36.7′E,14 km,2.1,---
2024/01/02,22:10:47.8,佐渡付近,37°50.2′N,137°44.6′E,18 km,2.3,---
2024/01/02,22:11:28.6,能登半島沖,37°32.7′N,137°21.8′E,6 km,1.2,---
2024/01/02,22:11:51.0,石川県能登地方,37°27.3′N,137°15.5′E,14 km,1.7,---
2024/01/02,22:12:50.4,石川県能登地方,37°12.8′N,136°48.1′E,9 km,1.4,---
2024/01/02,22:12:57.7,能登半島沖,37°33.7′N,137°22.9′E,0 km,1.9,---
2024/01/02,22:13:30.5,石川県能登地方,37°21.4′N,137°07.3′E,12 km,2.5,---
2024/01/02,22:14:33.1,能登半島沖,37°14.5′N,136°41.2′E,4 km,1.7,---
2024/01/02,22:14:57.4,石川県能登地方,37°16.9′N,136°46.1′E,12 km,1.8,---
2024/01/02,22:15:27.7,新潟県上中越沖,37°41.6′N,137°34.5′E,14 km,1.5,---
2024/01/02,22:16:52.9,能登半島沖,37°14.1′N,136°39.7′E,5 km,1.6,---
2024/01/02,22:17:00.0,石川県能登地方,37°30.6′N,137°12.5′E,8 km,2.2,---
2024/01/02,22:17:11.9,能登半島沖,37°07.2′N,136°40.5′E,9 km,1.7,---
2024/01/02,22:17:34.0,石川県能登地方,37°16.7′N,136°47.8′E,3 km,1.5,---
2024/01/02,22:17:44.4,佐渡付近,37°43.6′N,137°34.8′E,18 km,2.2,---
2024/01/02,22:18:11.6,佐渡付近,37°45.8′N,137°42.5′E,14 km,2.7,---
2024/01/02,22:18:56.8,和歌山県南部,33°50.6′N,135°33.2′E,20 km,0.1,---
2024/01/02,22:19:11.0,能登半島沖,37°31.1′N,137°12.4′E,11 km,1.6,---
2024/01/02,22:19:30.6,石川県能登地方,37°29.5′N,137°19.4′E,12 km,1.3,---
2024/01/02,22:19:45.7,能登半島沖,37°10.1′N,136°40.3′E,4 km,3.5,---
2024/01/02,22:21:24.8,佐渡付近,37°47.7′N,137°43.4′E,18 km,2.4,---
2024/01/02,22:21:48.7,能登半島沖,37°14.6′N,136°41.7′E,4 km,2.1,---
2024/01/02,22:21:54.6,石川県能登地方,37°21.2′N,137°15.8′E,14 km,2.0,---
2024/01/02,22:22:23.1,能登半島沖,37°34.8′N,137°28.9′E,11 km,1.4,---
2024/01/02,22:23:02.9,能登半島沖,37°13.7′N,136°38.5′E,6 km,2.7,---
2024/01/02,22:23:46.9,石川県能登地方,37°14.0′N,137°02.9′E,16 km,1.6,---
2024/01/02,22:24:11.9,能登半島沖,37°06.6′N,136°38.7′E,13 km,1.2,---
2024/01/02,22:24:20.6,石川県能登地方,37°18.7′N,136°45.8′E,5 km,2.6,---
2024/01/02,22:26:00.7,佐渡付近,37°43.3′N,137°36.4′E,18 km,2.0,---
2024/01/02,22:26:39.1,岐阜県飛騨地方,36°00.6′N,137°31.4′E,8 km,0.2,---
2024/01/02,22:26:40.9,石川県能登地方,37°20.6′N,137°01.1′E,12 km,1.7,---
2024/01/02,22:26:47.5,能登半島沖,37°08.4′N,136°42.2′E,7 km,2.5,---
2024/01/02,22:27:37.8,石川県能登地方,37°12.9′N,136°48.4′E,0 km,1.6,---
2024/01/02,22:28:16.0,石川県能登地方,37°27.2′N,137°13.7′E,14 km,1.5,---
2024/01/02,22:28:34.6,石川県能登地方,37°26.8′N,137°10.9′E,14 km,1.8,---
2024/01/02,22:28:43.7,茨城県沖,36°11.9′N,140°49.6′E,44 km,0.8,---
2024/01/02,22:28:46.0,能登半島沖,37°33.9′N,137°22.7′E,10 km,2.8,---
2024/01/02,22:29:51.5,石川県能登地方,37°11.6′N,136°43.7′E,6 km,1.5,---
2024/01/02,22:30:42.2,石川県能登地方,37°23.1′N,137°07.5′E,14 km,1.6,---
2024/01/02,22:30:49.9,能登半島沖,37°22.0′N,136°43.7′E,9 km,2.1,---
2024/01/02,22:30:58.4,能登半島沖,37°09.3′N,136°40.2′E,8 km,2.9,---
2024/01/02,22:31:08.0,佐渡付近,37°53.5′N,137°45.2′E,11 km,3.1,---
2024/01/02,22:32:30.8,佐渡付近,37°54.8′N,137°40.8′E,20 km,1.7,---
2024/01/02,22:32:52.6,佐渡付近,37°53.8′N,137°33.3′E,24 km,1.6,---
2024/01/02,22:33:16.2,石川県能登地方,37°21.6′N,137°02.7′E,11 km,3.1,---
2024/01/02,22:34:42.6,石川県能登地方,37°22.2′N,137°00.4′E,11 km,1.7,---
2024/01/02,22:35:03.0,能登半島沖,37°07.8′N,136°39.2′E,8 km,2.0,---
2024/01/02,22:35:09.6,新潟県上中越沖,37°41.8′N,137°32.2′E,18 km,2.4,---
2024/01/02,22:35:36.8,佐渡付近,37°43.6′N,137°36.4′E,15 km,2.6,---
2024/01/02,22:36:30.7,岩手県内陸南部,39°02.8′N,140°52.9′E,10 km,0.9,---
2024/01/02,22:36:31.7,能登半島沖,37°35.8′N,137°27.3′E,10 km,2.1,---
2024/01/02,22:36:56.2,佐渡付近,37°53.4′N,137°47.5′E,17 km,3.3,---
2024/01/02,22:37:01.2,富山湾,37°12.0′N,137°04.2′E,16 km,1.8,---
2024/01/02,22:37:49.3,新潟県上中越沖,37°36.8′N,137°34.5′E,8 km,2.2,---
2024/01/02,22:38:05.5,佐渡付近,37°52.1′N,137°47.3′E,15 km,2.9,---
2024/01/02,22:39:02.5,石川県能登地方,37°13.2′N,136°43.7′E,3 km,1.9,---
2024/01/02,22:39:14.7,石川県能登地方,37°21.9′N,136°52.0′E,6 km,2.0,---
2024/01/02,22:39:35.4,石川県能登地方,37°11.4′N,136°44.1′E,6 km,1.8,---
2024/01/02,22:39:57.3,新潟県上中越沖,37°39.7′N,137°38.6′E,15 km,3.0,---
2024/01/02,22:42:03.7,能登半島沖,37°26.8′N,137°02.4′E,7 km,2.1,---
2024/01/02,22:42:20.4,石川県能登地方,37°21.0′N,136°53.0′E,9 km,2.0,---
2024/01/02,22:42:35.2,宮崎県北部山沿い,32°43.6′N,131°15.2′E,12 km,0.0,---
2024/01/02,22:42:42.9,石川県能登地方,37°17.0′N,136°52.7′E,13 km,1.6,---
2024/01/02,22:43:33.0,新潟県上中越沖,37°30.9′N,137°31.1′E,9 km,1.3,---
2024/01/02,22:44:27.2,鳥取県中部,35°21.3′N,133°44.5′E,7 km,-0.6,---
2024/01/02,22:44:51.2,石川県能登地方,37°14.4′N,136°49.8′E,12 km,1.3,---
2024/01/02,22:44:59.8,能登半島沖,37°08.8′N,136°40.2′E,3 km,1.3,---
2024/01/02,22:45:10.9,富山県東部,36°38.7′N,137°45.3′E,12 km,1.0,---
2024/01/02,22:45:27.2,能登半島沖,37°38.1′N,137°23.1′E,0 km,2.2,---
2024/01/02,22:45:31.2,国後島付近,43°34.3′N,145°47.7′E,126 km,0.9,---
2024/01/02,22:45:56.6,大隅半島東方沖,30°50.4′N,131°29.2′E,28 km,0.7,---
2024/01/02,22:46:15.3,石川県能登地方,37°10.6′N,136°44.4′E,5 km,1.9,---
2024/01/02,22:46:35.3,石川県能登地方,37°19.7′N,136°45.3′E,9 km,2.3,---
2024/01/02,22:46:48.8,富山県東部,36°38.7′N,137°45.3′E,1 km,0.9,---
2024/01/02,22:47:23.6,石川県能登地方,37°22.9′N,136°59.0′E,9 km,2.5,---
2024/01/02,22:47:37.7,石川県能登地方,37°21.8′N,136°59.1′E,5 km,2.2,---
2024/01/02,22:47:49.5,石川県能登地方,37°17.0′N,136°47.7′E,12 km,2.0,---
2024/01/02,22:48:29.9,石川県能登地方,37°18.9′N,136°47.3′E,10 km,2.0,---
2024/01/02,22:50:16.1,富山県東部,36°38.9′N,137°45.4′E,1 km,0.1,---
2024/01/02,22:50:21.6,石川県能登地方,37°22.6′N,136°56.3′E,9 km,3.1,---
2024/01/02,22:51:09.9,石川県能登地方,37°28.7′N,137°08.7′E,10 km,1.7,---
2024/01/02,22:51:32.1,能登半島沖,37°20.0′N,136°44.1′E,6 km,1.5,---
2024/01/02,22:52:01.7,石川県能登地方,37°19.3′N,136°54.3′E,11 km,2.2,---
2024/01/02,22:53:04.3,福井県嶺北,36°08.4′N,136°32.1′E,8 km,0.4,---
2024/01/02,22:53:23.3,石川県能登地方,37°23.6′N,137°01.2′E,7 km,1.6,---
2024/01/02,22:53:25.6,能登半島沖,37°26.1′N,137°00.7′E,5 km,1.8,---
2024/01/02,22:54:10.0,佐渡付近,37°54.9′N,137°42.9′E,13 km,1.0,---
2024/01/02,22:54:40.6,能登半島沖,37°35.4′N,137°28.0′E,8 km,1.7,---
2024/01/02,22:55:05.1,新潟県上中越沖,37°41.1′N,137°35.7′E,15 km,2.2,---
2024/01/02,22:55:05.9,石川県能登地方,37°13.3′N,137°04.4′E,17 km,1.6,---
2024/01/02,22:55:32.1,新潟県上中越沖,37°37.5′N,137°34.3′E,10 km,2.2,---
2024/01/02,22:55:42.0,能登半島沖,37°10.2′N,136°40.0′E,2 km,1.0,---
2024/01/02,22:56:03.1,石川県能登地方,37°21.5′N,137°01.3′E,8 km,1.5,---
2024/01/02,22:56:11.2,奄美大島北東沖,29°11.8′N,130°44.7′E,72 km,2.1,---
2024/01/02,22:56:31.6,石川県能登地方,37°19.5′N,136°50.2′E,8 km,1.2,---
2024/01/02,22:56:56.1,能登半島沖,37°29.2′N,137°23.9′E,11 km,1.3,---
2024/01/02,22:57:16.5,能登半島沖,37°34.1′N,137°10.8′E,5 km,0.9,---
2024/01/02,22:57:26.5,佐渡付近,37°55.7′N,137°46.7′E,15 km,1.9,---
2024/01/02,22:57:56.7,石川県能登地方,37°13.0′N,136°42.4′E,7 km,1.6,---
2024/01/02,22:57:58.5,石川県能登地方,37°31.7′N,137°19.1′E,9 km,0.6,---
2024/01/02,22:58:35.5,能登半島沖,37°30.1′N,137°11.6′E,9 km,1.7,---
2024/01/02,22:58:46.4,能登半島沖,37°25.7′N,136°57.4′E,12 km,1.6,---
2024/01/02,22:58:48.1,福井県嶺北,36°08.3′N,136°31.8′E,6 km,0.3,---
2024/01/02,22:59:28.7,能登半島沖,37°37.5′N,137°23.0′E,13 km,1.4,---
2024/01/02,22:59:31.9,能登半島沖,37°31.8′N,137°22.8′E,0 km,1.6,---
2024/01/02,22:59:50.1,能登半島沖,37°33.9′N,137°19.6′E,9 km,1.4,---
2024/01/02,22:59:54.6,佐渡付近,37°43.5′N,137°30.4′E,0 km,1.9,---
2024/01/02,23:00:13.5,新潟県上中越沖,37°36.9′N,137°33.3′E,14 km,3.0,---
2024/01/02,23:00:59.9,石川県能登地方,37°20.2′N,137°00.7′E,10 km,1.9,---
2024/01/02,23:01:17.7,石川県能登地方,37°24.6′N,137°03.3′E,8 km,1.5,---
2024/01/02,23:01:39.1,能登半島沖,37°27.0′N,137°02.6′E,5 km,1.0,---
2024/01/02,23:02:07.2,佐渡付近,37°53.4′N,137°44.8′E,17 km,2.4,---
2024/01/02,23:02:10.6,石川県能登地方,37°15.8′N,136°50.9′E,11 km,1.4,---
2024/01/02,23:02:15.2,能登半島沖,37°31.0′N,137°13.5′E,9 km,2.2,---
2024/01/02,23:02:26.6,福島県沖,37°12.5′N,142°07.7′E,23 km,1.3,---
2024/01/02,23:02:45.7,石川県能登地方,37°16.6′N,136°49.5′E,10 km,1.8,---
2024/01/02,23:02:55.5,石川県能登地方,37°28.2′N,137°10.2′E,9 km,1.3,---
2024/01/02,23:03:16.5,能登半島沖,37°33.6′N,137°27.8′E,13 km,1.9,---
2024/01/02,23:03:29.4,石川県能登地方,37°17.7′N,136°48.5′E,11 km,1.5,---
2024/01/02,23:03:53.1,石川県能登地方,37°27.3′N,137°15.5′E,14 km,1.4,---
2024/01/02,23:03:54.8,石川県能登地方,37°12.1′N,136°43.5′E,4 km,1.3,---
2024/01/02,23:04:11.4,能登半島沖,37°41.5′N,137°19.8′E,4 km,1.4,---
2024/01/02,23:04:24.3,石川県能登地方,37°10.5′N,136°46.5′E,8 km,1.1,---
2024/01/02,23:04:48.2,石川県能登地方,37°23.5′N,137°10.5′E,15 km,1.1,---
2024/01/02,23:05:02.4,石川県能登地方,37°17.9′N,136°47.3′E,7 km,1.4,---
2024/01/02,23:05:17.2,石川県能登地方,37°29.9′N,137°19.2′E,10 km,2.5,---
2024/01/02,23:05:42.2,新潟県上中越沖,37°39.6′N,137°35.2′E,10 km,2.6,---
2024/01/02,23:05:49.5,佐渡付近,37°44.7′N,137°39.8′E,18 km,2.7,---
2024/01/02,23:06:32.6,能登半島沖,37°33.8′N,137°25.1′E,3 km,1.6,---
2024/01/02,23:06:46.2,石川県能登地方,37°22.1′N,136°47.7′E,9 km,1.9,---
2024/01/02,23:07:14.4,石川県能登地方,37°13.3′N,136°48.9′E,4 km,1.1,---
2024/01/02,23:07:51.3,石川県能登地方,37°28.4′N,137°21.3′E,15 km,1.6,---
2024/01/02,23:07:58.3,石川県能登地方,37°13.7′N,136°43.9′E,7 km,1.9,---
2024/01/02,23:08:17.4,石川県能登地方,37°27.5′N,137°12.7′E,13 km,1.4,---
2024/01/02,23:08:26.8,能登半島沖,37°32.2′N,137°13.7′E,12 km,1.6,---
2024/01/02,23:08:29.9,佐渡付近,37°46.5′N,137°35.0′E,15 km,1.8,---
2024/01/02,23:08:57.8,能登半島沖,37°07.6′N,136°39.8′E,11 km,1.0,---
2024/01/02,23:09:00.9,石川県能登地方,37°20.4′N,136°45.4′E,10 km,2.1,---
2024/01/02,23:09:20.4,福島県沖,37°52.7′N,141°33.1′E,46 km,0.8,---
2024/01/02,23:09:33.4,佐渡付近,37°47.9′N,137°44.3′E,19 km,2.4,---
2024/01/02,23:09:49.1,宮城県沖,38°03.5′N,141°59.6′E,40 km,0.9,---
2024/01/02,23:10:14.8,能登半島沖,37°14.2′N,136°42.9′E,3 km,1.0,---
2024/01/02,23:10:27.3,石川県能登地方,37°20.1′N,136°59.1′E,12 km,1.8,---
2024/01/02,23:10:42.1,能登半島沖,37°13.8′N,136°39.8′E,5 km,1.6,---
2024/01/02,23:10:51.2,兵庫県南西部,34°56.9′N,134°45.8′E,15 km,0.1,---
2024/01/02,23:10:55.0,石川県能登地方,37°09.2′N,136°44.4′E,2 km,1.3,---
2024/01/02,23:11:16.1,宮城県沖,37°56.7′N,141°50.0′E,31 km,1.5,---
2024/01/02,23:11:20.4,石川県能登地方,37°24.9′N,136°54.5′E,9 km,1.5,---
2024/01/02,23:11:39.3,佐渡付近,37°49.2′N,137°47.6′E,18 km,1.2,---
2024/01/02,23:11:47.6,能登半島沖,37°14.5′N,136°41.3′E,6 km,2.3,---
2024/01/02,23:11:49.3,能登半島沖,37°16.7′N,136°43.0′E,7 km,2.5,---
2024/01/02,23:11:50.7,石川県能登地方,37°29.9′N,137°20.2′E,13 km,1.1,---
2024/01/02,23:12:22.0,石川県能登地方,37°21.7′N,137°01.0′E,11 km,2.7,---
2024/01/02,23:12:27.9,石川県能登地方,37°10.6′N,136°49.8′E,11 km,2.9,---
2024/01/02,23:12:44.0,愛知県東部,35°02.7′N,137°40.6′E,8 km,1.4,---
2024/01/02,23:12:57.0,千葉県東方沖,35°20.7′N,141°10.7′E,4 km,1.7,---
2024/01/02,23:12:57.8,能登半島沖,37°33.8′N,137°11.5′E,11 km,1.9,---
2024/01/02,23:13:33.9,石川県能登地方,37°26.7′N,137°05.3′E,8 km,1.8,---
2024/01/02,23:13:53.4,北海道南西沖,42°23.8′N,138°58.8′E,16 km,1.6,---
2024/01/02,23:14:23.7,福島県沖,37°43.9′N,141°33.8′E,53 km,0.7,---
2024/01/02,23:14:47.8,石川県能登地方,37°24.1′N,137°12.6′E,14 km,1.0,---
2024/01/02,23:14:56.7,種子島南東沖,30°04.4′N,131°22.1′E,22 km,1.7,---
2024/01/02,23:14:59.7,石川県能登地方,37°13.8′N,136°52.5′E,11 km,2.5,---
2024/01/02,23:15:07.1,能登半島沖,37°35.4′N,137°27.6′E,9 km,2.8,---
2024/01/02,23:15:47.0,石川県能登地方,37°24.2′N,137°02.2′E,4 km,1.9,---
2024/01/02,23:16:08.9,石川県西方沖,37°05.3′N,136°33.4′E,9 km,1.9,---
2024/01/02,23:16:11.6,新潟県上中越沖,37°35.3′N,137°48.5′E,25 km,1.8,---
2024/01/02,23:16:13.3,能登半島沖,37°33.8′N,137°13.6′E,6 km,0.7,---
2024/01/02,23:16:46.5,石川県能登地方,37°25.9′N,137°05.7′E,9 km,1.3,---
2024/01/02,23:16:49.6,能登半島沖,37°35.2′N,136°59.3′E,12 km,3.5,---
2024/01/02,23:17:23.0,石川県能登地方,37°11.6′N,136°48.2′E,8 km,3.7,---
2024/01/02,23:18:11.8,石川県能登地方,37°18.3′N,136°49.2′E,11 km,1.9,---
2024/01/02,23:18:23.5,石川県能登地方,37°27.7′N,137°09.4′E,8 km,1.4,---
2024/01/02,23:18:59.9,石川県能登地方,37°17.7′N,136°57.0′E,5 km,1.6,---
2024/01/02,23:19:14.7,石川県能登地方,37°14.7′N,136°47.1′E,3 km,1.5,---
2024/01/02,23:19:23.7,能登半島沖,37°26.5′N,137°02.4′E,6 km,2.8,---
2024/01/02,23:19:38.6,能登半島沖,37°17.9′N,136°40.6′E,10 km,2.5,---
2024/01/02,23:19:48.7,石川県能登地方,37°10.1′N,136°41.3′E,9 km,2.6,---
2024/01/02,23:19:51.1,新潟県上中越沖,37°34.7′N,137°34.2′E,13 km,2.3,---
2024/01/02,23:21:00.2,佐渡付近,37°51.6′N,137°37.2′E,17 km,1.9,---
2024/01/02,23:21:00.3,能登半島沖,37°37.4′N,137°20.9′E,6 km,1.5,---
2024/01/02,23:21:13.4,石川県能登地方,37°11.1′N,136°42.2′E,0 km,1.6,---
2024/01/02,23:21:24.9,佐渡付近,37°51.8′N,137°50.5′E,17 km,3.4,---
2024/01/02,23:22:20.3,石川県能登地方,37°28.3′N,137°08.0′E,11 km,1.4,---
2024/01/02,23:22:34.5,佐渡付近,37°53.3′N,137°45.4′E,16 km,2.5,---
2024/01/02,23:22:36.8,与那国島近海,24°45.1′N,122°48.9′E,106 km,2.1,---
2024/01/02,23:23:00.1,上川地方北部,44°47.2′N,142°02.2′E,14 km,0.4,---
2024/01/02,23:23:27.5,石川県能登地方,37°09.4′N,136°43.9′E,5 km,1.1,---
2024/01/02,23:23:33.3,佐渡付近,37°47.1′N,138°05.2′E,19 km,2.0,---
2024/01/02,23:24:34.2,釧路地方中南部,43°07.3′N,144°02.9′E,135 km,不明,---
2024/01/02,23:24:35.0,石川県能登地方,37°12.6′N,136°52.9′E,12 km,2.0,---
2024/01/02,23:24:40.0,宮崎県南部平野部,32°07.9′N,131°11.7′E,66 km,1.9,---
2024/01/02,23:25:37.3,石川県能登地方,37°26.2′N,137°14.9′E,14 km,2.2,---
2024/01/02,23:25:39.9,佐渡付近,37°45.2′N,137°36.7′E,13 km,2.5,---
2024/01/02,23:26:02.9,宮城県沖,38°00.1′N,141°43.5′E,55 km,0.7,---
2024/01/02,23:26:09.2,石川県能登地方,37°19.9′N,136°59.5′E,11 km,2.3,---
2024/01/02,23:26:21.5,五島列島近海,32°43.7′N,129°45.0′E,12 km,-0.5,---
2024/01/02,23:26:37.4,石川県能登地方,37°20.3′N,136°50.2′E,8 km,1.6,---
2024/01/02,23:27:57.4,能登半島沖,37°06.6′N,136°39.9′E,13 km,1.0,---
2024/01/02,23:28:24.3,能登半島沖,37°13.1′N,136°38.4′E,5 km,1.1,---
2024/01/02,23:28:50.1,石川県能登地方,37°20.4′N,136°49.8′E,0 km,1.6,---
2024/01/02,23:29:30.8,能登半島沖,37°31.5′N,137°11.2′E,0 km,0.8,---
2024/01/02,23:29:39.1,石川県能登地方,37°27.0′N,137°05.9′E,9 km,1.8,---
2024/01/02,23:29:44.0,福島県沖,37°49.7′N,141°45.6′E,44 km,0.7,---
2024/01/02,23:29:57.5,能登半島沖,37°30.8′N,137°24.0′E,9 km,1.4,---
2024/01/02,23:30:09.9,石川県能登地方,37°10.8′N,136°51.5′E,10 km,1.1,---
2024/01/02,23:30:13.0,新潟県上中越沖,37°41.1′N,137°39.4′E,17 km,2.5,---
2024/01/02,23:30:45.4,石川県能登地方,37°24.1′N,137°08.3′E,9 km,不明,---
2024/01/02,23:30:48.9,石川県能登地方,37°23.2′N,136°55.2′E,6 km,2.8,---
2024/01/02,23:31:01.7,佐渡付近,37°50.0′N,137°51.6′E,18 km,2.2,---
2024/01/02,23:31:33.2,石川県能登地方,37°19.6′N,136°51.2′E,10 km,2.0,---
2024/01/02,23:31:44.1,沖縄本島近海,26°54.2′N,128°32.0′E,19 km,0.8,---
2024/01/02,23:31:49.7,熊本県熊本地方,32°51.8′N,130°53.3′E,10 km,1.5,---
2024/01/02,23:32:06.2,能登半島沖,37°34.7′N,137°16.6′E,8 km,1.8,---
2024/01/02,23:32:38.7,能登半島沖,37°46.1′N,137°27.4′E,11 km,2.7,---
2024/01/02,23:33:34.8,石川県能登地方,37°28.3′N,137°14.3′E,11 km,1.4,---
2024/01/02,23:33:35.3,能登半島沖,37°08.7′N,136°42.0′E,8 km,2.8,---
2024/01/02,23:34:20.7,能登半島沖,37°32.7′N,137°22.2′E,8 km,2.7,---
2024/01/02,23:35:13.1,石川県能登地方,37°28.2′N,137°09.3′E,11 km,1.4,---
2024/01/02,23:35:34.9,千葉県北東部,35°24.5′N,140°21.2′E,31 km,1.9,---
2024/01/02,23:36:00.6,石川県能登地方,37°20.8′N,136°49.8′E,4 km,1.8,---
2024/01/02,23:36:12.7,新潟県上中越沖,37°37.7′N,137°34.8′E,15 km,2.8,---
2024/01/02,23:37:06.9,石川県能登地方,37°16.2′N,136°48.0′E,9 km,1.4,---
2024/01/02,23:37:11.4,秋田県沿岸北部,40°23.4′N,140°16.5′E,9 km,0.8,---
2024/01/02,23:37:18.4,石川県能登地方,37°24.4′N,137°01.0′E,13 km,1.8,---
2024/01/02,23:38:04.6,石川県能登地方,37°22.7′N,136°58.9′E,8 km,2.1,---
2024/01/02,23:38:56.6,石川県能登地方,37°26.4′N,137°06.2′E,9 km,3.0,---
2024/01/02,23:39:04.4,石川県能登地方,37°24.4′N,137°13.2′E,13 km,3.4,---
2024/01/02,23:39:24.0,宮古島近海,25°10.9′N,125°44.5′E,21 km,1.9,---
2024/01/02,23:39:55.9,能登半島沖,37°13.1′N,136°37.8′E,8 km,2.3,---
2024/01/02,23:40:33.3,能登半島沖,37°30.5′N,137°22.3′E,11 km,0.9,---
2024/01/02,23:41:02.0,能登半島沖,37°36.2′N,137°24.9′E,13 km,2.6,---
2024/01/02,23:41:12.5,能登半島沖,37°34.2′N,137°22.2′E,6 km,2.6,---
2024/01/02,23:43:01.5,石川県能登地方,37°23.8′N,137°05.4′E,14 km,不明,---
2024/01/02,23:43:22.7,能登半島沖,37°35.0′N,137°23.3′E,0 km,1.5,---
2024/01/02,23:43:32.7,能登半島沖,37°32.7′N,137°16.5′E,12 km,1.4,---
2024/01/02,23:43:51.6,石川県能登地方,37°12.2′N,136°56.0′E,11 km,1.3,---
2024/01/02,23:43:56.0,石川県能登地方,37°17.6′N,136°48.8′E,11 km,2.0,---
2024/01/02,23:44:28.1,茨城県沖,36°34.9′N,141°13.6′E,45 km,0.8,---
2024/01/02,23:44:33.3,石川県能登地方,37°27.2′N,137°07.1′E,10 km,2.5,---
2024/01/02,23:45:06.2,佐渡付近,37°50.9′N,137°51.1′E,17 km,3.0,---
2024/01/02,23:46:11.1,石川県能登地方,37°22.7′N,136°53.3′E,4 km,1.5,---
2024/01/02,23:46:24.2,能登半島沖,37°32.6′N,137°15.6′E,10 km,1.5,---
2024/01/02,23:47:22.1,石川県能登地方,37°16.5′N,136°48.3′E,9 km,1.9,---
2024/01/02,23:47:29.4,紀伊水道,33°43.3′N,134°42.9′E,15 km,0.4,---
2024/01/02,23:47:54.1,能登半島沖,37°29.2′N,137°05.3′E,15 km,1.2,---
2024/01/02,23:47:55.6,能登半島沖,37°07.0′N,136°36.2′E,9 km,2.4,---
2024/01/02,23:48:02.6,種子島近海,30°55.2′N,130°18.4′E,120 km,0.8,---
2024/01/02,23:48:03.2,能登半島沖,37°31.9′N,137°13.1′E,11 km,1.4,---
2024/01/02,23:48:08.5,石川県能登地方,37°21.9′N,137°03.1′E,12 km,2.5,---
2024/01/02,23:48:34.3,佐渡付近,37°51.4′N,137°51.5′E,18 km,2.8,---
2024/01/02,23:49:53.1,富山県東部,36°38.8′N,137°45.7′E,1 km,0.6,---
2024/01/02,23:50:23.7,千葉県東方沖,35°51.2′N,140°55.0′E,32 km,0.8,---
2024/01/02,23:50:33.8,佐渡付近,37°47.2′N,137°43.0′E,14 km,1.8,---
2024/01/02,23:51:00.7,能登半島沖,37°14.4′N,136°40.6′E,7 km,3.3,---
2024/01/02,23:51:18.5,釧路沖,42°47.3′N,145°32.0′E,29 km,1.4,---
2024/01/02,23:51:54.1,福島県沖,37°03.0′N,141°25.2′E,3 km,不明,---
2024/01/02,23:52:03.4,佐渡付近,37°53.5′N,137°49.2′E,18 km,2.5,---
2024/01/02,23:52:39.9,能登半島沖,37°30.0′N,137°07.8′E,10 km,1.3,---
2024/01/02,23:52:53.6,石川県能登地方,37°12.2′N,136°42.5′E,5 km,2.8,---
2024/01/02,23:53:38.3,石川県能登地方,37°17.6′N,136°46.0′E,9 km,2.0,---
2024/01/02,23:54:20.8,能登半島沖,37°08.1′N,136°42.8′E,4 km,1.4,---
2024/01/02,23:54:39.7,佐渡付近,37°49.5′N,137°43.4′E,16 km,1.8,---
2024/01/02,23:55:16.7,能登半島沖,37°26.8′N,137°00.1′E,1 km,1.1,---
2024/01/02,23:55:49.9,能登半島沖,37°16.6′N,136°38.4′E,7 km,1.7,---
2024/01/02,23:55:51.3,石川県能登地方,37°23.9′N,136°58.8′E,5 km,2.1,---
2024/01/02,23:56:14.7,石川県能登地方,37°26.9′N,137°08.0′E,11 km,2.1,---
2024/01/02,23:56:39.1,能登半島沖,37°10.6′N,136°39.6′E,2 km,1.5,---
2024/01/02,23:57:23.8,熊本県熊本地方,32°51.8′N,130°53.2′E,9 km,0.5,---
2024/01/02,23:57:28.2,能登半島沖,37°07.0′N,136°39.7′E,9 km,0.9,---
2024/01/02,23:57:37.0,石川県能登地方,37°21.0′N,136°56.8′E,10 km,1.7,---
2024/01/02,23:57:38.5,能登半島沖,37°13.2′N,136°38.6′E,8 km,1.8,---
2024/01/02,23:58:01.7,青森県東方沖,41°07.0′N,143°05.2′E,21 km,1.2,---
2024/01/02,23:58:01.9,石川県能登地方,37°18.9′N,136°52.0′E,9 km,1.6,---
2024/01/02,23:58:31.8,石川県能登地方,37°21.1′N,137°06.9′E,12 km,1.7,---
2024/01/02,23:58:47.7,新潟県上中越沖,37°37.7′N,137°34.5′E,8 km,2.3,---
2024/01/02,23:59:06.4,石川県能登地方,37°13.8′N,136°45.1′E,3 km,1.8,---
2024/01/02,23:59:30.8,石川県能登地方,37°12.2′N,136°49.2′E,7 km,1.5,---
2024/01/02,23:59:46.0,岐阜県飛騨地方,36°00.7′N,137°31.4′E,8 km,0.2,---
