地震の発生日,地震の発生時刻,震央地名,緯度,経度,深さ,Ｍ,最大震度
2024/01/03,00:00:47.9,能登半島沖,37°27.2′N,136°48.1′E,11 km,1.6,---
2024/01/03,00:00:54.4,能登半島沖,37°26.6′N,136°55.1′E,0 km,1.9,---
2024/01/03,00:01:16.1,有明海,32°55.9′N,130°23.5′E,6 km,-0.3,---
2024/01/03,00:01:31.0,能登半島沖,37°32.2′N,137°19.8′E,9 km,1.3,---
2024/01/03,00:01:35.0,佐渡付近,37°50.2′N,137°47.4′E,19 km,2.1,---
2024/01/03,00:01:52.3,能登半島沖,37°37.0′N,137°18.0′E,9 km,2.7,---
2024/01/03,00:02:16.3,熊本県球磨地方,32°19.7′N,130°38.6′E,11 km,-0.6,---
2024/01/03,00:02:33.4,石川県能登地方,37°22.4′N,136°53.4′E,3 km,1.9,---
2024/01/03,00:02:40.8,石川県能登地方,37°24.4′N,136°58.9′E,2 km,2.0,---
2024/01/03,00:02:54.5,佐渡付近,37°49.9′N,137°44.7′E,20 km,3.1,---
2024/01/03,00:03:00.7,浦河沖,42°00.2′N,142°42.9′E,36 km,1.2,---
2024/01/03,00:03:41.9,熊本県熊本地方,32°22.8′N,130°41.2′E,11 km,-0.1,---
2024/01/03,00:04:39.7,石川県能登地方,37°24.5′N,137°09.5′E,10 km,1.2,---
2024/01/03,00:04:40.5,石川県能登地方,37°13.1′N,136°44.1′E,11 km,2.1,---
2024/01/03,00:04:48.7,熊本県天草・芦北地方,32°09.6′N,130°30.1′E,6 km,-0.4,---
2024/01/03,00:05:02.3,福島県沖,37°49.7′N,141°36.6′E,48 km,0.7,---
2024/01/03,00:05:26.4,能登半島沖,37°32.9′N,137°14.9′E,10 km,1.4,---
2024/01/03,00:05:44.4,能登半島沖,37°17.4′N,136°44.2′E,7 km,2.0,---
2024/01/03,00:05:49.1,福島県沖,37°33.3′N,142°16.1′E,30 km,1.2,---
2024/01/03,00:05:57.7,台湾付近,23°14.0′N,121°33.1′E,42 km,3.9,---
2024/01/03,00:06:07.6,石川県能登地方,37°11.3′N,136°44.3′E,4 km,1.8,---
2024/01/03,00:06:24.1,石川県能登地方,37°18.2′N,136°47.2′E,0 km,1.3,---
2024/01/03,00:06:46.7,富山県東部,36°38.8′N,137°45.9′E,3 km,0.7,---
2024/01/03,00:07:18.5,石川県能登地方,37°23.0′N,136°52.7′E,7 km,1.7,---
2024/01/03,00:07:21.9,佐渡付近,37°52.3′N,137°44.9′E,20 km,1.6,---
2024/01/03,00:07:54.4,石川県能登地方,37°21.0′N,136°48.7′E,9 km,2.0,---
2024/01/03,00:08:17.2,石川県能登地方,37°09.0′N,136°45.3′E,1 km,2.7,---
2024/01/03,00:09:28.0,能登半島沖,37°33.2′N,137°10.0′E,7 km,1.9,---
2024/01/03,00:09:49.6,石川県能登地方,37°20.7′N,136°55.1′E,7 km,1.8,---
2024/01/03,00:10:09.6,石川県能登地方,37°15.0′N,136°45.6′E,6 km,1.8,---
2024/01/03,00:12:17.5,石川県能登地方,37°30.3′N,137°14.0′E,14 km,1.6,---
2024/01/03,00:12:31.1,石川県能登地方,37°19.1′N,136°53.7′E,12 km,1.9,---
2024/01/03,00:12:47.9,能登半島沖,37°08.9′N,136°39.2′E,3 km,1.4,---
2024/01/03,00:12:59.6,石川県能登地方,37°22.0′N,136°51.6′E,0 km,2.8,---
2024/01/03,00:14:20.3,石川県能登地方,37°27.1′N,137°13.9′E,11 km,1.6,---
2024/01/03,00:14:46.0,佐渡付近,37°52.9′N,137°48.1′E,16 km,2.3,---
2024/01/03,00:15:44.8,石川県能登地方,37°14.6′N,136°50.5′E,12 km,1.7,---
2024/01/03,00:16:10.6,能登半島沖,37°08.9′N,136°42.3′E,12 km,1.4,---
2024/01/03,00:16:13.1,石川県能登地方,37°11.6′N,136°42.5′E,3 km,2.0,---
2024/01/03,00:17:03.7,能登半島沖,37°36.1′N,137°28.0′E,7 km,1.7,---
2024/01/03,00:17:12.4,石川県能登地方,37°22.7′N,136°52.4′E,8 km,2.7,---
2024/01/03,00:17:51.0,石川県能登地方,37°27.3′N,137°11.4′E,11 km,1.1,---
2024/01/03,00:18:01.1,能登半島沖,37°29.9′N,137°23.2′E,10 km,2.1,---
2024/01/03,00:18:47.3,石川県能登地方,37°21.8′N,137°00.4′E,9 km,1.6,---
2024/01/03,00:18:55.5,能登半島沖,37°35.5′N,137°25.5′E,2 km,1.8,---
2024/01/03,00:19:15.8,石川県能登地方,37°26.6′N,137°13.5′E,14 km,1.5,---
2024/01/03,00:19:33.8,能登半島沖,37°38.2′N,137°29.9′E,0 km,2.3,---
2024/01/03,00:20:37.0,能登半島沖,37°35.4′N,137°25.5′E,8 km,2.5,---
2024/01/03,00:21:18.3,茨城県沖,36°10.2′N,141°19.6′E,5 km,1.2,---
2024/01/03,00:21:25.2,石川県能登地方,37°29.0′N,137°11.6′E,10 km,1.3,---
2024/01/03,00:21:33.7,日向灘,32°44.0′N,132°00.2′E,37 km,0.4,---
2024/01/03,00:21:35.8,石川県能登地方,37°27.6′N,137°15.3′E,13 km,1.6,---
2024/01/03,00:22:09.4,石川県能登地方,37°22.2′N,136°56.3′E,8 km,1.7,---
2024/01/03,00:22:30.8,石川県能登地方,37°29.5′N,137°19.7′E,10 km,1.8,---
2024/01/03,00:22:39.2,石川県能登地方,37°11.0′N,136°48.2′E,7 km,1.4,---
2024/01/03,00:22:47.3,新潟県上中越沖,37°40.4′N,137°37.8′E,13 km,2.6,---
2024/01/03,00:24:00.8,石川県能登地方,37°13.4′N,136°44.4′E,10 km,3.6,---
2024/01/03,00:24:52.5,石川県能登地方,37°15.9′N,136°49.4′E,11 km,2.4,---
2024/01/03,00:25:29.8,石川県能登地方,37°20.4′N,136°46.1′E,10 km,1.6,---
2024/01/03,00:25:39.5,能登半島沖,37°14.4′N,136°37.9′E,4 km,2.2,---
2024/01/03,00:25:59.3,石川県能登地方,37°28.5′N,137°13.6′E,9 km,2.8,---
2024/01/03,00:26:24.3,石川県能登地方,37°27.5′N,137°10.8′E,13 km,2.4,---
2024/01/03,00:27:03.1,石川県能登地方,37°13.7′N,136°51.7′E,11 km,1.8,---
2024/01/03,00:27:14.7,愛媛県東予,33°58.2′N,132°54.8′E,11 km,0.2,---
2024/01/03,00:27:55.4,石川県能登地方,37°11.3′N,136°43.5′E,6 km,1.5,---
2024/01/03,00:28:21.9,佐渡付近,37°47.9′N,137°45.3′E,18 km,2.3,---
2024/01/03,00:28:40.1,福島県会津,37°46.5′N,139°58.7′E,12 km,0.7,---
2024/01/03,00:29:18.7,佐渡付近,37°43.0′N,137°38.9′E,11 km,1.9,---
2024/01/03,00:29:36.9,千葉県北西部,35°42.4′N,140°00.5′E,69 km,3.2,---
2024/01/03,00:29:45.0,佐渡付近,37°51.6′N,137°45.5′E,17 km,2.2,---
2024/01/03,00:30:57.1,石川県能登地方,37°28.0′N,137°06.8′E,10 km,1.8,---
2024/01/03,00:31:17.2,能登半島沖,37°32.6′N,137°16.2′E,9 km,0.7,---
2024/01/03,00:31:23.1,大阪府北部,34°52.1′N,135°34.9′E,11 km,0.6,---
2024/01/03,00:31:46.1,石川県能登地方,37°20.6′N,136°51.9′E,0 km,1.3,---
2024/01/03,00:32:24.4,石川県能登地方,37°11.9′N,136°48.5′E,8 km,1.8,---
2024/01/03,00:32:47.2,石川県能登地方,37°14.5′N,136°45.7′E,8 km,1.3,---
2024/01/03,00:32:54.2,石川県能登地方,37°19.5′N,136°47.6′E,7 km,2.6,---
2024/01/03,00:33:33.2,石川県能登地方,37°16.9′N,136°51.7′E,2 km,1.1,---
2024/01/03,00:33:56.3,能登半島沖,37°39.3′N,137°29.4′E,7 km,2.0,---
2024/01/03,00:34:00.5,静岡県西部,34°52.2′N,137°48.9′E,20 km,0.1,---
2024/01/03,00:34:27.7,三陸沖,37°55.9′N,143°58.7′E,18 km,2.4,---
2024/01/03,00:34:33.6,西表島付近,24°31.4′N,123°28.5′E,17 km,1.3,---
2024/01/03,00:34:47.6,佐渡付近,37°56.5′N,137°47.0′E,0 km,不明,---
2024/01/03,00:35:06.2,新潟県上中越沖,37°40.3′N,137°35.6′E,13 km,2.2,---
2024/01/03,00:35:36.2,石川県能登地方,37°29.2′N,137°11.8′E,12 km,1.2,---
2024/01/03,00:35:41.8,石川県能登地方,37°28.9′N,137°12.1′E,11 km,1.7,---
2024/01/03,00:36:00.7,石川県能登地方,37°30.4′N,137°14.1′E,10 km,1.9,---
2024/01/03,00:36:05.0,石川県能登地方,37°09.6′N,136°42.0′E,7 km,2.5,---
2024/01/03,00:36:25.2,長野県中部,36°12.5′N,137°57.3′E,8 km,0.9,---
2024/01/03,00:36:54.3,能登半島沖,37°16.1′N,136°41.9′E,4 km,1.6,---
2024/01/03,00:37:19.1,石川県能登地方,37°17.7′N,136°48.8′E,10 km,2.4,---
2024/01/03,00:38:11.3,石川県能登地方,37°13.6′N,136°45.1′E,7 km,1.5,---
2024/01/03,00:38:19.5,橘湾,32°42.2′N,130°06.3′E,14 km,0.2,---
2024/01/03,00:38:19.6,豊後水道,33°05.9′N,132°05.8′E,45 km,0.3,---
2024/01/03,00:38:33.6,石川県能登地方,37°30.6′N,137°14.1′E,13 km,1.7,---
2024/01/03,00:38:49.8,石川県能登地方,37°29.3′N,137°19.3′E,10 km,1.7,---
2024/01/03,00:39:12.7,日向灘,31°29.4′N,132°06.5′E,35 km,1.0,---
2024/01/03,00:39:14.0,能登半島沖,37°37.7′N,137°26.1′E,11 km,1.5,---
2024/01/03,00:39:17.1,石川県能登地方,37°18.1′N,136°49.2′E,0 km,1.6,---
2024/01/03,00:39:27.1,石川県能登地方,37°19.8′N,136°58.6′E,14 km,1.9,---
2024/01/03,00:40:17.2,石川県能登地方,37°23.4′N,136°59.6′E,19 km,1.6,---
2024/01/03,00:40:27.1,宮城県沖,37°48.7′N,142°02.1′E,39 km,1.6,---
2024/01/03,00:40:51.2,静岡県西部,35°03.3′N,137°50.9′E,24 km,0.5,---
2024/01/03,00:41:23.8,石川県能登地方,37°20.9′N,136°59.6′E,5 km,1.6,---
2024/01/03,00:41:41.2,能登半島沖,37°07.6′N,136°40.3′E,13 km,1.5,---
2024/01/03,00:42:04.3,石川県能登地方,37°13.0′N,136°44.1′E,10 km,1.7,---
2024/01/03,00:42:30.3,石川県能登地方,37°23.2′N,137°02.2′E,11 km,1.6,---
2024/01/03,00:42:58.3,石川県能登地方,37°28.2′N,137°18.5′E,14 km,2.0,---
2024/01/03,00:43:55.0,石川県能登地方,37°30.1′N,137°12.4′E,11 km,2.0,---
2024/01/03,00:44:22.0,能登半島沖,37°14.8′N,136°42.8′E,7 km,1.7,---
2024/01/03,00:44:26.9,石川県能登地方,37°27.8′N,137°05.9′E,9 km,2.2,---
2024/01/03,00:44:31.7,長野県中部,35°59.6′N,138°05.8′E,13 km,0.1,---
2024/01/03,00:45:19.2,能登半島沖,37°11.7′N,136°37.6′E,0 km,1.1,---
2024/01/03,00:45:33.3,石川県能登地方,37°16.1′N,136°47.1′E,9 km,1.1,---
2024/01/03,00:46:14.3,能登半島沖,37°32.6′N,137°17.5′E,8 km,1.5,---
2024/01/03,00:46:37.3,石川県能登地方,37°09.7′N,136°43.0′E,5 km,1.6,---
2024/01/03,00:47:36.7,石川県能登地方,37°27.7′N,137°08.4′E,10 km,1.9,---
2024/01/03,00:48:13.2,新潟県上中越沖,37°36.5′N,137°31.8′E,12 km,2.3,---
2024/01/03,00:49:01.7,石川県能登地方,37°30.6′N,137°20.2′E,9 km,1.8,---
2024/01/03,00:49:26.6,石川県能登地方,37°12.3′N,136°50.7′E,12 km,2.4,---
2024/01/03,00:49:32.7,石川県能登地方,37°09.9′N,136°45.4′E,12 km,2.3,---
2024/01/03,00:50:23.2,能登半島沖,37°31.9′N,137°12.4′E,9 km,2.7,---
2024/01/03,00:50:50.0,石川県能登地方,37°20.6′N,136°52.5′E,12 km,1.9,---
2024/01/03,00:51:07.9,能登半島沖,37°34.9′N,137°25.3′E,2 km,1.6,---
2024/01/03,00:51:17.1,根室地方中部,43°23.1′N,145°17.4′E,81 km,1.0,---
2024/01/03,00:51:24.3,能登半島沖,37°33.3′N,137°23.3′E,8 km,2.9,---
2024/01/03,00:52:32.7,石川県能登地方,37°26.8′N,137°13.5′E,15 km,1.8,---
2024/01/03,00:52:55.5,石川県能登地方,37°12.3′N,136°44.2′E,0 km,1.0,---
2024/01/03,00:53:14.7,能登半島沖,37°08.8′N,136°41.9′E,8 km,1.6,---
2024/01/03,00:53:17.3,能登半島沖,37°33.6′N,137°18.9′E,0 km,1.7,---
2024/01/03,00:53:39.3,佐渡付近,37°50.3′N,137°43.0′E,19 km,2.4,---
2024/01/03,00:54:13.8,能登半島沖,37°34.5′N,137°22.5′E,6 km,2.0,---
2024/01/03,00:54:43.5,石川県能登地方,37°23.3′N,136°59.7′E,5 km,2.6,---
2024/01/03,00:55:27.4,能登半島沖,37°19.3′N,136°39.1′E,7 km,1.8,---
2024/01/03,00:55:35.1,能登半島沖,37°34.2′N,137°24.9′E,1 km,1.5,---
2024/01/03,00:56:02.7,石川県能登地方,37°10.7′N,136°42.1′E,8 km,1.0,---
2024/01/03,00:56:11.1,石川県能登地方,37°17.1′N,136°51.4′E,0 km,1.4,---
2024/01/03,00:56:19.1,石川県能登地方,37°15.9′N,136°50.5′E,14 km,1.6,---
2024/01/03,00:56:46.9,石川県能登地方,37°11.9′N,136°47.4′E,0 km,1.3,---
2024/01/03,00:57:19.4,能登半島沖,37°20.8′N,136°43.6′E,8 km,1.6,---
2024/01/03,00:57:28.8,佐渡付近,37°47.3′N,138°02.7′E,20 km,1.2,---
2024/01/03,00:57:31.1,石川県能登地方,37°21.6′N,136°58.5′E,14 km,1.8,---
2024/01/03,00:57:45.2,石川県能登地方,37°19.1′N,136°47.7′E,11 km,1.6,---
2024/01/03,00:58:02.6,長野県中部,36°13.7′N,137°41.1′E,11 km,-0.1,---
2024/01/03,00:58:14.8,石川県能登地方,37°21.8′N,137°01.6′E,11 km,1.5,---
2024/01/03,00:58:22.8,宮古島近海,25°11.6′N,125°49.4′E,27 km,3.0,---
2024/01/03,00:58:31.7,新潟県上中越沖,37°40.4′N,137°39.3′E,13 km,2.0,---
2024/01/03,00:58:32.8,高知県東部,33°37.6′N,134°07.4′E,15 km,-0.3,---
2024/01/03,00:59:17.3,沖縄本島近海,26°53.4′N,128°33.4′E,17 km,2.8,---
2024/01/03,00:59:18.5,能登半島沖,37°25.1′N,136°58.1′E,14 km,1.4,---
2024/01/03,00:59:33.2,能登半島沖,37°33.9′N,137°05.9′E,13 km,2.4,---
2024/01/03,01:00:08.9,石川県能登地方,37°20.8′N,136°56.0′E,9 km,2.7,---
2024/01/03,01:00:55.9,石川県能登地方,37°24.0′N,137°07.8′E,9 km,1.6,---
2024/01/03,01:01:28.9,群馬県南部,36°33.2′N,139°22.5′E,7 km,0.7,---
2024/01/03,01:01:37.3,能登半島沖,37°33.1′N,137°22.3′E,9 km,3.1,---
2024/01/03,01:01:45.3,日高地方東部,42°19.9′N,143°02.6′E,54 km,0.8,---
2024/01/03,01:02:13.2,福島県中通り,36°49.2′N,140°30.9′E,8 km,0.1,---
2024/01/03,01:02:38.1,石川県能登地方,37°21.4′N,136°49.1′E,9 km,3.1,---
2024/01/03,01:03:16.4,石川県能登地方,37°11.8′N,136°46.3′E,5 km,2.2,---
2024/01/03,01:03:49.3,能登半島沖,37°15.8′N,136°42.2′E,14 km,1.6,---
2024/01/03,01:04:07.8,能登半島沖,37°31.7′N,137°09.8′E,21 km,1.5,---
2024/01/03,01:04:35.5,能登半島沖,37°27.3′N,137°04.9′E,9 km,1.5,---
2024/01/03,01:04:51.9,石川県能登地方,37°12.5′N,136°48.4′E,9 km,1.1,---
2024/01/03,01:05:18.6,石川県能登地方,37°10.5′N,136°45.0′E,9 km,1.3,---
2024/01/03,01:05:40.0,千葉県南部,35°09.7′N,140°11.4′E,14 km,1.3,---
2024/01/03,01:05:57.3,能登半島沖,37°34.4′N,137°15.5′E,11 km,1.4,---
2024/01/03,01:06:29.3,宮城県沖,38°03.5′N,141°59.4′E,41 km,0.9,---
2024/01/03,01:06:30.4,新潟県上中越沖,37°24.9′N,137°53.5′E,23 km,1.2,---
2024/01/03,01:06:32.2,能登半島沖,37°35.5′N,137°25.8′E,0 km,1.6,---
2024/01/03,01:06:41.0,佐渡付近,37°45.2′N,137°42.0′E,14 km,2.1,---
2024/01/03,01:06:46.8,能登半島沖,37°09.2′N,136°40.5′E,11 km,1.7,---
2024/01/03,01:07:12.0,能登半島沖,37°35.4′N,137°26.9′E,11 km,1.9,---
2024/01/03,01:07:22.4,石川県能登地方,37°12.2′N,136°45.5′E,0 km,1.4,---
2024/01/03,01:08:03.6,石川県能登地方,37°11.8′N,136°42.2′E,8 km,1.3,---
2024/01/03,01:08:19.0,佐渡付近,37°50.7′N,137°43.3′E,21 km,3.2,---
2024/01/03,01:08:40.1,石川県能登地方,37°21.2′N,136°53.7′E,6 km,2.5,---
2024/01/03,01:08:59.9,石川県能登地方,37°22.5′N,137°00.1′E,5 km,2.0,---
2024/01/03,01:09:25.1,能登半島沖,37°25.3′N,136°55.3′E,1 km,2.5,---
2024/01/03,01:09:25.6,能登半島沖,37°30.9′N,137°03.7′E,5 km,不明,---
2024/01/03,01:10:11.8,能登半島沖,37°35.3′N,137°26.4′E,10 km,2.6,---
2024/01/03,01:10:27.0,能登半島沖,37°06.7′N,136°38.4′E,6 km,2.9,---
2024/01/03,01:12:01.7,能登半島沖,37°30.4′N,137°05.8′E,7 km,1.2,---
2024/01/03,01:12:04.9,能登半島沖,37°07.1′N,136°40.9′E,13 km,1.1,---
2024/01/03,01:12:25.3,新潟県中越地方,37°10.7′N,138°57.9′E,3 km,2.1,---
2024/01/03,01:12:26.8,石川県能登地方,37°12.0′N,136°46.0′E,5 km,1.3,---
2024/01/03,01:12:52.7,石川県能登地方,37°11.7′N,137°00.5′E,26 km,0.9,---
2024/01/03,01:13:02.8,佐渡付近,37°47.1′N,137°40.7′E,10 km,2.1,---
2024/01/03,01:13:30.3,石川県能登地方,37°12.5′N,136°42.7′E,3 km,3.3,---
2024/01/03,01:14:31.6,石川県能登地方,37°20.3′N,136°52.8′E,1 km,1.7,---
2024/01/03,01:14:32.4,能登半島沖,37°33.3′N,137°13.4′E,8 km,1.7,---
2024/01/03,01:14:40.0,福島県沖,37°50.1′N,141°35.9′E,47 km,1.1,---
2024/01/03,01:14:46.5,佐渡付近,37°42.2′N,137°33.7′E,15 km,2.4,---
2024/01/03,01:15:47.2,石川県能登地方,37°23.1′N,136°55.2′E,7 km,2.2,---
2024/01/03,01:16:02.9,佐渡付近,37°53.1′N,137°49.6′E,19 km,2.5,---
2024/01/03,01:16:30.9,能登半島沖,37°10.7′N,136°38.2′E,3 km,2.7,---
2024/01/03,01:16:56.7,石川県能登地方,37°11.5′N,136°45.7′E,6 km,1.8,---
2024/01/03,01:17:19.3,能登半島沖,37°27.3′N,137°01.2′E,3 km,1.8,---
2024/01/03,01:18:28.1,能登半島沖,37°07.7′N,136°43.6′E,10 km,0.8,---
2024/01/03,01:18:57.9,石川県能登地方,37°26.4′N,137°13.8′E,13 km,1.6,---
2024/01/03,01:19:06.7,宮古島近海,24°34.1′N,125°40.4′E,49 km,1.6,---
2024/01/03,01:19:31.7,石川県能登地方,37°28.4′N,137°09.6′E,12 km,1.6,---
2024/01/03,01:19:40.9,神奈川県西部,35°13.7′N,139°00.3′E,2 km,0.8,---
2024/01/03,01:19:41.8,宮城県沖,38°08.0′N,141°44.1′E,55 km,0.6,---
2024/01/03,01:19:57.0,能登半島沖,37°11.0′N,136°40.3′E,10 km,1.5,---
2024/01/03,01:19:57.3,能登半島沖,37°30.3′N,137°08.3′E,7 km,1.3,---
2024/01/03,01:20:42.6,石川県能登地方,37°26.3′N,137°15.7′E,14 km,1.3,---
2024/01/03,01:21:10.1,能登半島沖,37°09.0′N,136°38.9′E,3 km,3.5,---
2024/01/03,01:22:28.4,能登半島沖,37°10.7′N,136°39.9′E,6 km,1.6,---
2024/01/03,01:22:34.3,佐渡付近,37°53.2′N,137°47.2′E,19 km,2.5,---
2024/01/03,01:23:19.1,佐渡付近,37°47.5′N,138°04.6′E,19 km,2.3,---
2024/01/03,01:23:31.0,石川県能登地方,37°16.8′N,136°47.9′E,13 km,2.0,---
2024/01/03,01:23:59.7,石川県能登地方,37°21.9′N,136°52.5′E,10 km,2.5,---
2024/01/03,01:24:42.5,能登半島沖,37°21.5′N,136°44.2′E,9 km,1.4,---
2024/01/03,01:24:55.2,石川県能登地方,37°22.9′N,137°05.7′E,12 km,2.0,---
2024/01/03,01:24:57.0,四国沖,33°28.4′N,134°16.5′E,31 km,1.0,---
2024/01/03,01:25:02.2,能登半島沖,37°13.5′N,136°41.1′E,7 km,2.4,---
2024/01/03,01:25:17.3,石川県能登地方,37°10.5′N,136°41.1′E,4 km,2.6,---
2024/01/03,01:26:10.0,能登半島沖,37°12.9′N,136°41.7′E,3 km,1.6,---
2024/01/03,01:26:51.9,能登半島沖,37°28.4′N,137°27.0′E,14 km,不明,---
2024/01/03,01:27:18.2,石川県能登地方,37°21.6′N,136°47.9′E,12 km,1.7,---
2024/01/03,01:27:22.9,鹿児島県薩摩地方,31°51.7′N,130°18.9′E,9 km,-0.1,---
2024/01/03,01:27:24.4,新潟県中越地方,37°11.2′N,138°58.2′E,6 km,0.3,---
2024/01/03,01:27:46.1,佐渡付近,37°46.5′N,137°37.1′E,18 km,2.5,---
2024/01/03,01:27:53.0,石川県能登地方,37°24.9′N,137°02.4′E,9 km,2.6,---
2024/01/03,01:28:51.1,石川県能登地方,37°16.1′N,136°49.5′E,7 km,1.2,---
2024/01/03,01:29:01.3,石川県能登地方,37°12.0′N,136°43.9′E,6 km,2.0,---
2024/01/03,01:29:36.5,宮城県沖,37°56.3′N,141°48.3′E,53 km,2.4,---
2024/01/03,01:29:49.6,能登半島沖,37°09.6′N,136°39.7′E,6 km,1.6,---
2024/01/03,01:30:06.9,佐渡付近,37°46.5′N,137°40.1′E,20 km,1.9,---
2024/01/03,01:30:15.5,能登半島沖,37°29.5′N,137°25.0′E,13 km,1.8,---
2024/01/03,01:30:40.1,能登半島沖,37°25.1′N,136°56.7′E,5 km,1.6,---
2024/01/03,01:30:54.6,石川県能登地方,37°20.3′N,136°57.8′E,10 km,2.6,---
2024/01/03,01:31:35.7,佐渡付近,37°50.8′N,137°46.5′E,19 km,2.4,---
2024/01/03,01:31:37.1,能登半島沖,37°28.3′N,136°51.0′E,14 km,1.9,---
2024/01/03,01:32:47.0,石川県能登地方,37°22.3′N,137°04.1′E,12 km,1.6,---
2024/01/03,01:33:51.0,石川県能登地方,37°11.6′N,136°41.8′E,6 km,2.1,---
2024/01/03,01:34:12.0,石川県能登地方,37°17.4′N,136°47.7′E,7 km,1.6,---
2024/01/03,01:35:10.3,石川県能登地方,37°27.3′N,137°15.3′E,11 km,1.6,---
2024/01/03,01:36:00.9,福島県中通り,37°02.6′N,140°36.7′E,8 km,-0.1,---
2024/01/03,01:36:04.3,石川県能登地方,37°21.1′N,136°57.0′E,8 km,1.2,---
2024/01/03,01:36:40.6,佐渡付近,37°50.9′N,137°40.6′E,18 km,1.3,---
2024/01/03,01:36:41.6,新潟県上中越沖,37°35.6′N,137°32.2′E,26 km,0.9,---
2024/01/03,01:37:08.9,佐渡付近,37°44.9′N,137°33.6′E,10 km,1.6,---
2024/01/03,01:37:12.9,沖縄本島近海,26°53.7′N,128°32.9′E,17 km,0.9,---
2024/01/03,01:37:21.9,石川県能登地方,37°13.5′N,136°43.8′E,1 km,1.6,---
2024/01/03,01:37:45.1,石川県能登地方,37°22.1′N,136°59.7′E,14 km,1.2,---
2024/01/03,01:38:13.3,石川県能登地方,37°09.6′N,136°41.3′E,7 km,1.4,---
2024/01/03,01:38:26.6,佐渡付近,37°46.6′N,137°34.2′E,17 km,1.5,---
2024/01/03,01:39:25.0,石川県能登地方,37°27.9′N,137°08.7′E,10 km,2.7,---
2024/01/03,01:40:01.0,能登半島沖,37°34.9′N,137°28.0′E,1 km,1.4,---
2024/01/03,01:40:54.9,石川県能登地方,37°22.1′N,137°03.9′E,12 km,1.6,---
2024/01/03,01:41:31.2,石川県能登地方,37°22.5′N,136°53.9′E,1 km,1.6,---
2024/01/03,01:41:51.6,日高地方西部,42°46.0′N,142°29.8′E,129 km,2.4,---
2024/01/03,01:42:08.7,能登半島沖,37°32.0′N,137°17.7′E,10 km,1.1,---
2024/01/03,01:42:34.6,石川県能登地方,37°26.0′N,137°09.8′E,14 km,1.2,---
2024/01/03,01:42:46.3,石川県能登地方,37°21.1′N,137°02.5′E,12 km,2.5,---
2024/01/03,01:43:28.9,石川県能登地方,37°20.8′N,136°58.3′E,10 km,1.7,---
2024/01/03,01:43:46.0,能登半島沖,37°36.8′N,137°25.8′E,6 km,1.9,---
2024/01/03,01:43:52.5,佐渡付近,37°46.3′N,137°40.7′E,18 km,2.3,---
2024/01/03,01:44:13.1,石川県能登地方,37°18.2′N,136°52.8′E,9 km,1.6,---
2024/01/03,01:44:27.5,石川県能登地方,37°13.2′N,136°46.3′E,6 km,2.3,---
2024/01/03,01:45:08.0,佐渡付近,37°45.6′N,137°30.9′E,22 km,2.2,---
2024/01/03,01:46:08.0,石川県能登地方,37°28.0′N,137°07.9′E,8 km,2.5,---
2024/01/03,01:46:49.5,石川県能登地方,37°10.6′N,136°51.6′E,11 km,1.6,---
2024/01/03,01:47:31.4,石川県能登地方,37°14.8′N,136°44.5′E,7 km,2.0,---
2024/01/03,01:48:32.0,石川県能登地方,37°26.0′N,137°04.8′E,8 km,1.8,---
2024/01/03,01:48:45.1,能登半島沖,37°08.2′N,136°36.2′E,8 km,1.9,---
2024/01/03,01:49:23.6,能登半島沖,37°33.3′N,137°10.1′E,0 km,1.2,---
2024/01/03,01:49:41.5,石川県能登地方,37°29.4′N,137°16.5′E,9 km,1.2,---
2024/01/03,01:50:14.3,石川県能登地方,37°28.7′N,137°14.4′E,12 km,1.4,---
2024/01/03,01:50:20.3,石川県能登地方,37°23.1′N,136°57.6′E,1 km,1.4,---
2024/01/03,01:50:34.2,石川県能登地方,37°14.3′N,136°45.6′E,8 km,2.0,---
2024/01/03,01:51:09.2,薩摩半島西方沖,31°26.9′N,130°07.0′E,4 km,2.0,---
2024/01/03,01:51:16.9,石川県能登地方,37°13.8′N,136°50.9′E,10 km,1.9,---
2024/01/03,01:51:34.4,石川県能登地方,37°19.2′N,136°49.0′E,8 km,2.5,---
2024/01/03,01:51:59.1,石川県能登地方,37°10.8′N,136°47.5′E,6 km,2.4,---
2024/01/03,01:53:27.7,富山県東部,36°39.0′N,137°45.3′E,2 km,0.4,---
2024/01/03,01:53:37.8,能登半島沖,37°31.7′N,137°13.5′E,11 km,1.6,---
2024/01/03,01:53:49.7,沖縄本島近海,27°11.7′N,128°26.6′E,43 km,0.2,---
2024/01/03,01:53:50.3,石川県能登地方,37°18.9′N,136°58.8′E,14 km,1.8,---
2024/01/03,01:54:06.9,石川県能登地方,37°23.9′N,137°03.1′E,8 km,1.8,---
2024/01/03,01:54:21.2,新潟県上中越沖,37°39.1′N,137°36.3′E,18 km,1.9,---
2024/01/03,01:54:52.1,石川県能登地方,37°28.3′N,137°13.0′E,10 km,1.7,---
2024/01/03,01:55:28.9,石川県能登地方,37°13.8′N,136°47.6′E,9 km,1.4,---
2024/01/03,01:55:29.0,佐渡付近,37°42.7′N,137°37.8′E,12 km,1.6,---
2024/01/03,01:56:12.2,石川県能登地方,37°16.6′N,136°48.1′E,11 km,1.7,---
2024/01/03,01:56:16.4,九州地方南東沖,30°47.8′N,132°02.4′E,57 km,3.4,---
2024/01/03,01:56:37.9,能登半島沖,37°40.1′N,137°25.2′E,0 km,2.4,---
2024/01/03,01:57:39.8,石川県能登地方,37°14.3′N,136°46.0′E,0 km,1.6,---
2024/01/03,01:57:51.4,石川県能登地方,37°17.9′N,136°46.3′E,13 km,1.8,---
2024/01/03,01:58:30.3,石川県能登地方,37°11.5′N,136°51.0′E,14 km,1.2,---
2024/01/03,01:58:51.4,石川県能登地方,37°15.3′N,136°45.7′E,6 km,1.9,---
2024/01/03,01:59:15.6,石川県能登地方,37°28.3′N,137°09.0′E,11 km,1.7,---
2024/01/03,01:59:27.0,能登半島沖,37°28.7′N,137°23.0′E,13 km,1.9,---
2024/01/03,02:00:15.5,石川県能登地方,37°13.4′N,136°43.3′E,4 km,3.0,---
2024/01/03,02:00:34.9,佐渡付近,37°50.6′N,137°44.5′E,18 km,3.6,---
2024/01/03,02:01:34.0,石川県能登地方,37°12.4′N,136°44.5′E,5 km,2.0,---
2024/01/03,02:02:09.8,石川県能登地方,37°27.6′N,137°15.1′E,13 km,1.4,---
2024/01/03,02:02:42.0,石川県能登地方,37°26.4′N,137°05.0′E,14 km,1.6,---
2024/01/03,02:03:05.0,石川県能登地方,37°20.3′N,137°15.8′E,9 km,1.5,---
2024/01/03,02:03:17.7,石川県能登地方,37°27.5′N,137°10.0′E,13 km,1.1,---
2024/01/03,02:03:47.1,能登半島沖,37°29.7′N,137°25.1′E,13 km,1.9,---
2024/01/03,02:04:18.6,石川県能登地方,37°24.9′N,137°07.9′E,7 km,2.2,---
2024/01/03,02:04:52.2,能登半島沖,37°28.7′N,137°05.8′E,4 km,1.5,---
2024/01/03,02:05:08.6,長野県北部,36°38.5′N,137°46.2′E,2 km,0.4,---
2024/01/03,02:05:37.2,新潟県上中越沖,37°41.1′N,137°36.0′E,10 km,2.0,---
2024/01/03,02:06:38.0,新潟県上中越沖,37°39.9′N,137°31.6′E,9 km,2.2,---
2024/01/03,02:06:40.4,石川県能登地方,37°12.2′N,136°47.7′E,8 km,2.1,---
2024/01/03,02:07:02.8,宮城県沖,38°25.7′N,142°08.3′E,28 km,1.2,---
2024/01/03,02:07:40.3,石川県能登地方,37°20.4′N,136°47.2′E,9 km,2.0,---
2024/01/03,02:08:01.6,石川県能登地方,37°09.4′N,136°41.7′E,7 km,1.7,---
2024/01/03,02:08:22.7,石川県能登地方,37°17.6′N,136°46.9′E,4 km,1.9,---
2024/01/03,02:08:25.2,新潟県上中越沖,37°41.7′N,137°41.2′E,18 km,3.2,---
2024/01/03,02:09:32.7,佐渡付近,37°42.8′N,137°34.9′E,26 km,2.2,---
2024/01/03,02:10:10.3,能登半島沖,37°33.4′N,137°23.3′E,9 km,2.9,---
2024/01/03,02:10:53.9,石川県能登地方,37°19.6′N,136°52.0′E,9 km,1.9,---
2024/01/03,02:11:07.2,能登半島沖,37°11.6′N,136°40.7′E,9 km,1.6,---
2024/01/03,02:11:48.6,能登半島沖,37°14.3′N,136°41.2′E,9 km,2.5,---
2024/01/03,02:14:05.9,宮城県北部,38°52.8′N,140°51.1′E,10 km,0.2,---
2024/01/03,02:14:26.7,石川県能登地方,37°20.3′N,136°45.3′E,9 km,2.0,---
2024/01/03,02:16:04.7,石川県能登地方,37°12.8′N,136°46.3′E,6 km,1.2,---
2024/01/03,02:16:33.6,佐渡付近,37°47.4′N,137°43.7′E,18 km,2.6,---
2024/01/03,02:17:05.7,石川県能登地方,37°21.5′N,136°58.0′E,7 km,2.6,---
2024/01/03,02:17:09.8,福島県沖,37°34.3′N,144°44.0′E,34 km,2.4,---
2024/01/03,02:17:30.5,石川県能登地方,37°12.3′N,136°48.6′E,11 km,1.9,---
2024/01/03,02:17:43.7,奄美大島近海,27°31.6′N,128°52.1′E,0 km,1.3,---
2024/01/03,02:18:35.5,能登半島沖,37°32.0′N,137°14.7′E,5 km,2.5,---
2024/01/03,02:19:23.3,能登半島沖,37°38.0′N,137°25.7′E,13 km,2.0,---
2024/01/03,02:20:25.2,石川県能登地方,37°09.2′N,136°42.2′E,6 km,2.7,---
2024/01/03,02:21:11.0,石川県能登地方,37°19.9′N,136°55.5′E,10 km,1.6,---
2024/01/03,02:21:45.5,宮城県北部,38°34.6′N,140°50.2′E,94 km,0.7,---
2024/01/03,02:21:48.0,石川県能登地方,37°28.9′N,137°18.2′E,12 km,4.9,---
2024/01/03,02:25:16.4,石川県能登地方,37°28.8′N,137°19.7′E,3 km,2.2,---
2024/01/03,02:25:35.8,石川県能登地方,37°28.9′N,137°18.0′E,10 km,2.3,---
2024/01/03,02:25:39.2,福島県沖,37°49.6′N,141°35.8′E,48 km,1.3,---
2024/01/03,02:25:59.5,能登半島沖,37°32.0′N,137°08.0′E,3 km,1.6,---
2024/01/03,02:26:43.7,石川県能登地方,37°10.0′N,136°43.1′E,5 km,2.6,---
2024/01/03,02:27:33.4,石川県能登地方,37°19.4′N,136°54.2′E,10 km,2.0,---
2024/01/03,02:27:48.9,石川県能登地方,37°24.3′N,137°03.9′E,8 km,2.1,---
2024/01/03,02:28:09.9,石川県能登地方,37°29.6′N,137°17.8′E,11 km,2.4,---
2024/01/03,02:28:32.3,能登半島沖,37°40.1′N,137°26.7′E,11 km,3.0,---
2024/01/03,02:29:05.7,石川県能登地方,37°15.1′N,136°46.6′E,7 km,2.2,---
2024/01/03,02:29:49.4,石川県能登地方,37°26.5′N,137°12.7′E,14 km,2.1,---
2024/01/03,02:30:31.4,石川県能登地方,37°29.2′N,137°18.0′E,13 km,4.4,---
2024/01/03,02:31:38.0,石川県能登地方,37°29.1′N,137°18.0′E,12 km,3.5,---
2024/01/03,02:33:05.0,兵庫県南東部,34°42.6′N,135°10.6′E,11 km,1.2,---
2024/01/03,02:33:17.4,石川県能登地方,37°29.2′N,137°18.2′E,10 km,2.3,---
2024/01/03,02:33:44.2,橘湾,32°39.4′N,130°04.7′E,13 km,1.4,---
2024/01/03,02:34:15.3,能登半島沖,37°25.2′N,136°59.1′E,0 km,2.0,---
2024/01/03,02:34:44.3,新潟県上中越沖,37°38.8′N,137°36.0′E,17 km,2.7,---
2024/01/03,02:35:29.8,石川県能登地方,37°29.7′N,137°12.7′E,11 km,1.7,---
2024/01/03,02:36:03.1,能登半島沖,37°31.9′N,137°05.6′E,0 km,1.7,---
2024/01/03,02:36:36.6,佐渡付近,37°45.3′N,137°32.7′E,14 km,1.7,---
2024/01/03,02:37:01.8,石川県能登地方,37°22.0′N,136°51.9′E,9 km,1.5,---
2024/01/03,02:37:26.7,岐阜県美濃中西部,35°15.1′N,136°26.7′E,9 km,-0.1,---
2024/01/03,02:37:54.4,佐渡付近,37°44.8′N,137°36.4′E,22 km,2.5,---
2024/01/03,02:38:08.8,宮城県中部,38°16.6′N,140°46.8′E,10 km,0.4,---
2024/01/03,02:38:31.8,鳥取県中部,35°22.0′N,133°45.0′E,8 km,-0.6,---
2024/01/03,02:38:46.0,佐渡付近,37°44.2′N,137°36.3′E,17 km,2.8,---
2024/01/03,02:40:07.4,石川県能登地方,37°27.5′N,137°08.4′E,14 km,1.9,---
2024/01/03,02:40:20.3,石川県能登地方,37°18.8′N,136°48.0′E,8 km,2.0,---
2024/01/03,02:41:02.2,石川県能登地方,37°13.5′N,136°42.5′E,5 km,1.5,---
2024/01/03,02:41:30.6,石川県能登地方,37°14.3′N,136°50.6′E,14 km,1.4,---
2024/01/03,02:42:35.6,石川県能登地方,37°28.1′N,137°14.1′E,10 km,1.6,---
2024/01/03,02:42:48.4,佐渡付近,37°56.0′N,137°43.8′E,19 km,2.0,---
2024/01/03,02:43:51.8,石川県能登地方,37°10.1′N,136°41.8′E,8 km,2.0,---
2024/01/03,02:43:54.2,新潟県上中越沖,37°40.3′N,137°38.0′E,15 km,3.1,---
2024/01/03,02:45:25.7,能登半島沖,37°33.4′N,137°11.3′E,12 km,不明,---
2024/01/03,02:45:33.7,能登半島沖,37°12.0′N,136°40.7′E,8 km,1.5,---
2024/01/03,02:46:04.5,石川県能登地方,37°21.4′N,136°53.6′E,7 km,2.3,---
2024/01/03,02:47:28.9,能登半島沖,37°08.0′N,136°43.4′E,6 km,1.1,---
2024/01/03,02:48:43.6,石川県能登地方,37°20.4′N,136°51.7′E,0 km,1.6,---
2024/01/03,02:48:56.8,石川県能登地方,37°19.1′N,136°54.9′E,9 km,1.6,---
2024/01/03,02:49:10.0,石川県能登地方,37°26.0′N,137°10.6′E,14 km,3.1,---
2024/01/03,02:50:15.9,石川県能登地方,37°13.4′N,136°53.3′E,12 km,1.8,---
2024/01/03,02:51:00.9,石川県能登地方,37°14.9′N,136°47.3′E,9 km,1.9,---
2024/01/03,02:51:15.5,能登半島沖,37°34.5′N,136°57.4′E,9 km,3.3,---
2024/01/03,02:51:51.0,石川県能登地方,37°23.5′N,136°59.6′E,5 km,2.6,---
2024/01/03,02:52:42.7,能登半島沖,37°10.7′N,136°39.2′E,5 km,1.6,---
2024/01/03,02:52:48.6,石川県能登地方,37°22.5′N,137°09.9′E,13 km,2.0,---
2024/01/03,02:52:54.4,三陸沖,39°32.9′N,143°40.6′E,8 km,1.4,---
2024/01/03,02:53:27.8,富山湾,37°14.9′N,137°07.3′E,18 km,1.3,---
2024/01/03,02:54:29.2,石垣島近海,23°03.6′N,124°02.6′E,47 km,2.2,---
2024/01/03,02:54:37.9,石川県能登地方,37°25.6′N,137°07.3′E,8 km,3.8,---
2024/01/03,02:56:03.6,能登半島沖,37°12.4′N,136°41.9′E,4 km,1.8,---
2024/01/03,02:56:35.4,石川県能登地方,37°26.7′N,137°06.8′E,13 km,1.7,---
2024/01/03,02:56:39.3,石川県能登地方,37°16.9′N,136°45.8′E,7 km,1.8,---
2024/01/03,02:57:09.6,能登半島沖,37°35.2′N,137°23.0′E,14 km,1.9,---
2024/01/03,02:57:28.9,石川県能登地方,37°29.2′N,137°18.7′E,11 km,2.5,---
2024/01/03,02:58:12.5,佐渡付近,37°51.6′N,137°49.0′E,15 km,2.0,---
2024/01/03,02:58:17.1,四国沖,33°19.0′N,134°18.3′E,26 km,0.5,---
2024/01/03,02:58:39.9,和歌山県北部,33°59.2′N,135°32.1′E,47 km,1.5,---
2024/01/03,02:58:42.3,石川県能登地方,37°28.7′N,137°19.3′E,12 km,2.2,---
2024/01/03,02:58:46.0,石川県能登地方,37°29.6′N,137°19.6′E,12 km,3.2,---
2024/01/03,03:00:05.1,石川県能登地方,37°27.9′N,137°11.6′E,12 km,3.3,---
2024/01/03,03:00:13.2,石川県能登地方,37°21.2′N,136°58.3′E,9 km,3.5,---
2024/01/03,03:01:16.4,能登半島沖,37°10.0′N,136°40.0′E,10 km,3.5,---
2024/01/03,03:01:55.9,能登半島沖,37°07.6′N,136°41.4′E,6 km,2.2,---
2024/01/03,03:03:12.9,石川県能登地方,37°27.8′N,137°07.4′E,8 km,1.9,---
2024/01/03,03:03:43.8,佐渡付近,37°50.2′N,137°49.5′E,16 km,2.3,---
2024/01/03,03:04:07.4,石川県能登地方,37°15.4′N,136°47.6′E,10 km,1.8,---
2024/01/03,03:04:53.1,石川県能登地方,37°11.3′N,136°41.6′E,8 km,1.9,---
2024/01/03,03:05:38.5,石川県能登地方,37°10.7′N,136°46.6′E,9 km,2.8,---
2024/01/03,03:06:43.8,石川県能登地方,37°22.9′N,136°57.6′E,6 km,2.5,---
2024/01/03,03:08:14.8,佐渡付近,37°54.0′N,137°50.0′E,20 km,1.7,---
2024/01/03,03:08:16.8,能登半島沖,37°11.2′N,136°34.7′E,9 km,1.4,---
2024/01/03,03:08:33.0,石川県能登地方,37°13.4′N,136°42.0′E,7 km,1.9,---
2024/01/03,03:08:52.2,石川県能登地方,37°11.9′N,136°48.3′E,9 km,1.8,---
2024/01/03,03:09:23.9,石川県能登地方,37°12.2′N,136°42.5′E,4 km,1.8,---
2024/01/03,03:10:20.5,石川県能登地方,37°14.0′N,136°45.4′E,7 km,1.6,---
2024/01/03,03:10:37.4,石川県能登地方,37°25.0′N,137°09.8′E,11 km,2.0,---
2024/01/03,03:10:55.9,石川県能登地方,37°12.8′N,136°45.5′E,8 km,2.2,---
2024/01/03,03:11:20.4,石川県能登地方,37°12.9′N,136°47.7′E,8 km,2.0,---
2024/01/03,03:12:07.8,佐渡付近,37°44.7′N,137°41.2′E,18 km,2.1,---
2024/01/03,03:12:31.3,石垣島北西沖,25°30.3′N,123°24.7′E,172 km,2.0,---
2024/01/03,03:12:34.6,能登半島沖,37°25.7′N,136°55.1′E,0 km,1.7,---
2024/01/03,03:12:39.3,福島県沖,37°51.3′N,141°35.6′E,48 km,1.1,---
2024/01/03,03:13:07.1,佐渡付近,37°44.6′N,137°43.5′E,19 km,2.1,---
2024/01/03,03:14:02.7,石川県能登地方,37°16.1′N,136°52.5′E,8 km,1.4,---
2024/01/03,03:14:26.9,石川県能登地方,37°16.6′N,136°46.2′E,5 km,1.8,---
2024/01/03,03:14:54.4,佐渡付近,38°00.4′N,137°49.2′E,18 km,1.9,---
2024/01/03,03:15:24.6,佐渡付近,37°43.8′N,138°00.1′E,21 km,1.5,---
2024/01/03,03:15:36.5,石川県能登地方,37°10.9′N,136°44.5′E,4 km,1.3,---
2024/01/03,03:16:14.9,石川県能登地方,37°12.4′N,136°45.4′E,0 km,1.8,---
2024/01/03,03:16:19.2,三陸沖,39°01.2′N,143°22.2′E,0 km,1.1,---
2024/01/03,03:16:41.2,石川県能登地方,37°10.6′N,136°48.4′E,1 km,1.5,---
2024/01/03,03:16:53.9,石川県能登地方,37°14.6′N,136°45.9′E,8 km,1.5,---
2024/01/03,03:16:59.4,和歌山県北部,33°59.8′N,135°14.7′E,7 km,0.4,---
2024/01/03,03:18:00.0,福島県沖,37°09.6′N,142°04.4′E,24 km,1.9,---
2024/01/03,03:18:11.3,石川県能登地方,37°22.5′N,136°56.4′E,9 km,3.2,---
2024/01/03,03:18:34.5,東京都多摩東部,35°35.5′N,139°28.5′E,27 km,0.2,---
2024/01/03,03:19:12.6,石川県能登地方,37°15.6′N,136°46.8′E,0 km,1.9,---
2024/01/03,03:19:30.7,トカラ列島近海,29°56.2′N,130°00.0′E,11 km,1.3,---
2024/01/03,03:19:53.2,東京都多摩東部,35°35.4′N,139°28.1′E,27 km,0.2,---
2024/01/03,03:20:08.9,石川県能登地方,37°30.7′N,137°19.4′E,11 km,2.9,---
2024/01/03,03:21:26.9,石川県能登地方,37°26.3′N,137°06.5′E,7 km,2.5,---
2024/01/03,03:22:23.1,石川県能登地方,37°10.7′N,136°43.0′E,13 km,1.3,---
2024/01/03,03:22:42.4,能登半島沖,37°11.4′N,136°37.0′E,1 km,2.8,---
2024/01/03,03:23:56.8,石川県能登地方,37°17.7′N,136°45.5′E,13 km,1.4,---
2024/01/03,03:24:14.4,石川県能登地方,37°30.5′N,137°18.3′E,8 km,2.0,---
2024/01/03,03:24:48.9,能登半島沖,37°32.9′N,137°08.8′E,10 km,1.8,---
2024/01/03,03:25:11.7,佐渡付近,37°44.7′N,137°39.7′E,19 km,2.8,---
2024/01/03,03:25:20.2,能登半島沖,37°11.6′N,136°40.1′E,8 km,1.5,---
2024/01/03,03:26:44.1,能登半島沖,37°09.9′N,136°36.6′E,6 km,1.1,---
2024/01/03,03:26:57.7,佐渡付近,37°45.1′N,137°39.9′E,21 km,3.0,---
2024/01/03,03:27:21.5,石川県能登地方,37°30.0′N,137°18.7′E,10 km,3.0,---
2024/01/03,03:27:43.7,天草灘,32°07.0′N,130°05.9′E,10 km,0.9,---
2024/01/03,03:28:19.7,鹿児島県薩摩地方,31°33.8′N,130°39.2′E,2 km,0.4,---
2024/01/03,03:28:28.4,石川県能登地方,37°20.7′N,136°49.7′E,9 km,1.8,---
2024/01/03,03:29:33.9,佐渡付近,37°51.7′N,137°44.6′E,20 km,2.2,---
2024/01/03,03:31:04.2,石川県能登地方,37°18.6′N,136°46.3′E,5 km,2.4,---
2024/01/03,03:31:39.5,石川県能登地方,37°17.0′N,136°47.5′E,8 km,2.1,---
2024/01/03,03:31:57.5,熊本県天草・芦北地方,32°31.3′N,130°33.4′E,12 km,-0.1,---
2024/01/03,03:32:24.2,新潟県上中越沖,37°40.8′N,137°35.4′E,14 km,2.2,---
2024/01/03,03:32:38.5,福島県沖,37°01.9′N,141°55.2′E,26 km,1.8,---
2024/01/03,03:33:00.3,石川県能登地方,37°20.0′N,136°55.4′E,7 km,2.2,---
2024/01/03,03:33:09.5,新潟県上中越沖,37°37.5′N,137°32.2′E,9 km,2.5,---
2024/01/03,03:34:26.6,石川県能登地方,37°17.8′N,136°48.9′E,10 km,2.0,---
2024/01/03,03:34:53.2,石川県能登地方,37°20.8′N,136°48.9′E,10 km,1.9,---
2024/01/03,03:36:31.0,佐渡付近,37°49.6′N,137°41.5′E,13 km,2.3,---
2024/01/03,03:37:19.0,石川県能登地方,37°16.5′N,136°47.1′E,7 km,2.0,---
2024/01/03,03:37:37.5,新潟県中越地方,37°04.0′N,139°02.8′E,4 km,1.4,---
2024/01/03,03:38:05.9,能登半島沖,37°13.1′N,136°41.7′E,8 km,2.4,---
2024/01/03,03:38:11.9,石川県能登地方,37°11.2′N,136°44.2′E,8 km,2.4,---
2024/01/03,03:39:18.0,石川県能登地方,37°16.2′N,136°47.5′E,0 km,1.4,---
2024/01/03,03:40:17.2,石川県能登地方,37°20.2′N,136°50.5′E,7 km,2.1,---
2024/01/03,03:41:26.0,佐渡付近,37°43.6′N,137°36.9′E,15 km,2.6,---
2024/01/03,03:41:46.7,石川県能登地方,37°11.1′N,136°42.1′E,2 km,1.6,---
2024/01/03,03:42:10.5,石川県能登地方,37°10.9′N,136°42.9′E,4 km,2.5,---
2024/01/03,03:42:19.8,能登半島沖,37°05.0′N,136°37.7′E,9 km,2.5,---
2024/01/03,03:43:05.6,日向灘,32°15.2′N,132°00.2′E,24 km,0.5,---
2024/01/03,03:43:27.8,石川県能登地方,37°13.5′N,136°51.0′E,10 km,1.9,---
2024/01/03,03:44:18.4,石川県能登地方,37°26.9′N,137°08.1′E,10 km,1.4,---
2024/01/03,03:44:37.0,新潟県上中越沖,37°13.2′N,138°00.6′E,24 km,1.4,---
2024/01/03,03:44:57.9,石川県能登地方,37°12.1′N,136°45.2′E,3 km,不明,---
2024/01/03,03:45:01.2,石川県能登地方,37°09.6′N,136°43.4′E,5 km,3.7,---
2024/01/03,03:45:44.3,奄美大島近海,28°04.2′N,129°02.8′E,12 km,1.6,---
2024/01/03,03:46:15.7,石川県能登地方,37°22.6′N,136°54.4′E,7 km,1.7,---
2024/01/03,03:46:38.0,佐渡付近,37°44.8′N,137°39.1′E,20 km,2.4,---
2024/01/03,03:46:39.1,新潟県上中越沖,37°36.3′N,137°30.3′E,18 km,2.5,---
2024/01/03,03:46:45.9,宮崎県南部山沿い,31°39.2′N,131°09.7′E,61 km,-0.2,---
2024/01/03,03:46:51.7,石川県能登地方,37°13.7′N,136°49.7′E,5 km,2.0,---
2024/01/03,03:47:10.2,能登半島沖,37°35.5′N,137°22.9′E,12 km,2.9,---
2024/01/03,03:47:26.9,岩手県沖,39°59.2′N,142°07.0′E,44 km,0.6,---
2024/01/03,03:47:46.1,能登半島沖,37°07.3′N,136°39.0′E,8 km,2.6,---
2024/01/03,03:48:28.2,石川県能登地方,37°18.0′N,136°47.8′E,12 km,2.9,---
2024/01/03,03:49:16.2,愛知県東部,34°35.4′N,137°04.3′E,8 km,0.6,---
2024/01/03,03:49:18.2,富山県東部,36°38.9′N,137°45.7′E,2 km,0.3,---
2024/01/03,03:49:26.4,石川県能登地方,37°30.8′N,137°18.1′E,6 km,1.8,---
2024/01/03,03:49:49.6,石川県能登地方,37°20.9′N,136°51.6′E,9 km,1.9,---
2024/01/03,03:50:26.2,能登半島沖,37°15.1′N,136°43.8′E,4 km,1.7,---
2024/01/03,03:50:47.7,石川県能登地方,37°18.5′N,136°48.3′E,6 km,1.9,---
2024/01/03,03:51:03.1,新潟県中越地方,36°49.7′N,138°46.3′E,6 km,0.4,---
2024/01/03,03:51:06.1,石川県能登地方,37°26.4′N,137°14.4′E,12 km,1.6,---
2024/01/03,03:51:44.5,石川県能登地方,37°23.0′N,136°53.0′E,0 km,1.9,---
2024/01/03,03:51:58.8,佐渡付近,37°51.8′N,137°48.3′E,19 km,2.8,---
2024/01/03,03:52:42.1,石川県能登地方,37°23.3′N,137°05.9′E,11 km,2.5,---
2024/01/03,03:53:01.1,石川県能登地方,37°29.9′N,137°18.7′E,10 km,2.2,---
2024/01/03,03:53:51.7,石川県能登地方,37°21.4′N,137°15.5′E,14 km,1.6,---
2024/01/03,03:54:13.0,東京都多摩東部,35°40.3′N,139°14.4′E,113 km,0.8,---
2024/01/03,03:54:59.3,石川県能登地方,37°24.8′N,136°54.0′E,9 km,1.8,---
2024/01/03,03:55:10.9,石川県能登地方,37°18.4′N,136°52.7′E,12 km,2.2,---
2024/01/03,03:55:29.7,能登半島沖,37°32.3′N,137°09.4′E,0 km,2.0,---
2024/01/03,03:55:50.9,能登半島沖,37°33.0′N,137°21.0′E,8 km,2.3,---
2024/01/03,03:56:36.1,佐渡付近,37°44.7′N,137°42.0′E,23 km,2.1,---
2024/01/03,03:56:36.5,宮城県沖,38°46.6′N,141°45.2′E,50 km,0.4,---
2024/01/03,03:56:47.3,石川県能登地方,37°13.6′N,136°50.7′E,12 km,1.3,---
2024/01/03,03:57:02.0,京都府南部,35°03.6′N,135°30.9′E,10 km,-0.1,---
2024/01/03,03:57:08.6,石川県能登地方,37°22.4′N,136°58.5′E,7 km,2.0,---
2024/01/03,03:57:13.9,岐阜県美濃東部,35°17.4′N,137°28.1′E,8 km,-0.2,---
2024/01/03,03:57:50.6,能登半島沖,37°10.3′N,136°37.8′E,3 km,1.0,---
2024/01/03,03:58:10.0,佐渡付近,37°48.5′N,137°39.6′E,19 km,1.4,---
2024/01/03,03:59:13.1,能登半島沖,37°31.5′N,137°12.5′E,9 km,1.6,---
2024/01/03,04:00:15.3,能登半島沖,37°34.9′N,137°21.5′E,11 km,2.8,---
2024/01/03,04:01:07.9,石川県能登地方,37°09.4′N,136°44.5′E,3 km,2.7,---
2024/01/03,04:02:06.3,石川県能登地方,37°11.6′N,136°43.4′E,3 km,2.4,---
2024/01/03,04:02:33.3,石川県能登地方,37°09.6′N,136°45.8′E,0 km,1.3,---
2024/01/03,04:03:33.7,石川県能登地方,37°27.4′N,137°15.1′E,14 km,1.9,---
2024/01/03,04:03:58.6,石川県能登地方,37°21.5′N,136°54.2′E,9 km,1.9,---
2024/01/03,04:04:49.0,奄美大島近海,28°46.9′N,129°57.7′E,38 km,2.5,---
2024/01/03,04:04:55.9,石川県能登地方,37°13.9′N,136°42.4′E,4 km,2.1,---
2024/01/03,04:05:13.1,岐阜県美濃中西部,35°41.6′N,136°18.5′E,9 km,0.5,---
2024/01/03,04:05:26.2,能登半島沖,37°12.9′N,136°37.6′E,6 km,1.6,---
2024/01/03,04:05:38.3,石川県能登地方,37°27.8′N,137°08.3′E,13 km,2.2,---
2024/01/03,04:06:35.7,石川県能登地方,37°19.8′N,137°00.6′E,11 km,1.6,---
2024/01/03,04:06:55.4,岡山県南部,34°38.2′N,133°24.7′E,22 km,0.7,---
2024/01/03,04:06:57.3,熊本県天草・芦北地方,32°20.3′N,130°28.6′E,10 km,-0.2,---
2024/01/03,04:07:17.5,佐渡付近,37°51.2′N,137°42.3′E,18 km,2.2,---
2024/01/03,04:07:24.8,長野県中部,36°14.1′N,137°39.7′E,5 km,0.1,---
2024/01/03,04:07:55.0,石川県能登地方,37°27.1′N,137°15.1′E,14 km,2.0,---
2024/01/03,04:09:05.2,石川県能登地方,37°20.7′N,137°04.2′E,0 km,不明,---
2024/01/03,04:09:25.8,三陸沖,39°02.8′N,144°37.4′E,17 km,3.4,---
2024/01/03,04:09:38.4,能登半島沖,37°13.9′N,136°41.4′E,9 km,1.4,---
2024/01/03,04:10:15.2,石川県能登地方,37°24.8′N,137°08.9′E,5 km,1.9,---
2024/01/03,04:10:55.5,種子島近海,30°23.4′N,131°03.4′E,38 km,0.3,---
2024/01/03,04:11:25.3,石川県能登地方,37°11.8′N,136°49.0′E,13 km,1.3,---
2024/01/03,04:12:05.9,能登半島沖,37°15.8′N,136°40.6′E,7 km,1.2,---
2024/01/03,04:13:01.2,石川県能登地方,37°27.4′N,137°11.9′E,12 km,1.9,---
2024/01/03,04:13:17.5,福岡県筑後地方,33°04.6′N,130°29.5′E,13 km,0.5,---
2024/01/03,04:13:37.6,佐渡付近,37°53.5′N,137°48.0′E,18 km,2.4,---
2024/01/03,04:14:38.9,能登半島沖,37°30.9′N,137°24.0′E,13 km,2.6,---
2024/01/03,04:15:41.5,石川県能登地方,37°22.6′N,136°57.1′E,9 km,2.5,---
2024/01/03,04:16:29.9,石川県能登地方,37°21.1′N,136°57.3′E,13 km,1.6,---
2024/01/03,04:17:09.3,茨城県南部,36°01.1′N,139°57.7′E,41 km,0.0,---
2024/01/03,04:17:15.3,佐渡付近,37°49.0′N,137°48.4′E,18 km,2.6,---
2024/01/03,04:17:40.2,能登半島沖,37°07.2′N,136°38.3′E,8 km,2.4,---
2024/01/03,04:18:22.5,千葉県北東部,35°45.5′N,140°39.1′E,21 km,1.1,---
2024/01/03,04:18:49.3,能登半島沖,37°29.1′N,137°21.3′E,13 km,2.2,---
2024/01/03,04:19:05.6,石川県能登地方,37°25.1′N,137°09.9′E,5 km,2.3,---
2024/01/03,04:19:53.2,山梨県東部・富士五湖,35°31.0′N,139°00.8′E,20 km,0.1,---
2024/01/03,04:20:12.8,能登半島沖,37°25.2′N,136°46.4′E,12 km,2.8,---
2024/01/03,04:20:54.6,福岡県筑後地方,33°04.0′N,130°29.2′E,15 km,0.2,---
2024/01/03,04:20:58.7,能登半島沖,37°34.6′N,137°26.0′E,19 km,2.1,---
2024/01/03,04:21:15.6,福島県沖,36°57.9′N,142°07.7′E,19 km,不明,---
2024/01/03,04:21:44.0,石川県能登地方,37°17.3′N,136°52.3′E,3 km,1.6,---
2024/01/03,04:22:03.1,石川県能登地方,37°20.1′N,136°46.3′E,10 km,1.6,---
2024/01/03,04:22:46.6,石川県能登地方,37°14.2′N,136°50.0′E,11 km,1.8,---
2024/01/03,04:23:05.9,奄美大島近海,28°36.6′N,129°28.5′E,18 km,不明,---
2024/01/03,04:23:07.5,豊後水道,32°53.8′N,132°06.8′E,10 km,1.6,---
2024/01/03,04:23:22.9,佐渡付近,37°43.4′N,137°34.0′E,12 km,1.7,---
2024/01/03,04:23:44.8,能登半島沖,37°11.0′N,136°36.1′E,3 km,2.7,---
2024/01/03,04:23:49.9,能登半島沖,37°34.2′N,137°20.9′E,13 km,2.1,---
2024/01/03,04:24:43.6,石川県能登地方,37°20.2′N,136°48.8′E,11 km,2.1,---
2024/01/03,04:24:58.9,石川県能登地方,37°23.4′N,136°50.4′E,6 km,2.0,---
2024/01/03,04:25:26.0,石川県能登地方,37°11.3′N,136°47.9′E,13 km,1.5,---
2024/01/03,04:25:59.3,石川県能登地方,37°23.4′N,136°52.9′E,7 km,2.3,---
2024/01/03,04:26:44.8,能登半島沖,37°32.5′N,137°20.8′E,12 km,1.6,---
2024/01/03,04:27:26.9,能登半島沖,37°29.9′N,137°05.1′E,7 km,1.3,---
2024/01/03,04:27:28.9,佐渡付近,37°55.8′N,137°44.3′E,17 km,2.2,---
2024/01/03,04:27:54.7,能登半島沖,37°27.2′N,137°02.6′E,6 km,1.9,---
2024/01/03,04:27:59.4,岩手県内陸南部,39°01.1′N,140°56.2′E,11 km,0.8,---
2024/01/03,04:28:32.3,能登半島沖,37°09.1′N,136°38.8′E,11 km,0.8,---
2024/01/03,04:28:54.0,石川県能登地方,37°18.8′N,136°55.4′E,9 km,2.1,---
2024/01/03,04:29:30.2,佐渡付近,37°42.9′N,137°38.3′E,16 km,2.4,---
2024/01/03,04:30:09.6,能登半島沖,37°11.0′N,136°36.6′E,3 km,2.0,---
2024/01/03,04:30:26.7,石川県能登地方,37°21.3′N,136°52.8′E,9 km,1.9,---
2024/01/03,04:30:51.8,富山湾,37°17.9′N,137°21.4′E,13 km,1.8,---
2024/01/03,04:31:38.1,能登半島沖,37°35.6′N,137°24.8′E,12 km,2.7,---
2024/01/03,04:32:54.4,佐渡付近,37°45.8′N,137°41.1′E,17 km,1.6,---
2024/01/03,04:33:06.9,石川県能登地方,37°21.2′N,137°04.4′E,11 km,1.8,---
2024/01/03,04:33:23.7,能登半島沖,37°10.0′N,136°40.7′E,11 km,1.9,---
2024/01/03,04:34:16.1,能登半島沖,37°30.1′N,137°09.8′E,10 km,1.4,---
2024/01/03,04:34:48.4,能登半島沖,37°32.6′N,137°20.9′E,8 km,2.4,---
2024/01/03,04:35:10.8,石川県能登地方,37°11.5′N,136°52.3′E,10 km,1.7,---
2024/01/03,04:35:32.2,島根県西部,35°10.0′N,132°35.3′E,8 km,0.8,---
2024/01/03,04:35:47.1,石川県能登地方,37°22.0′N,136°54.7′E,8 km,2.5,---
2024/01/03,04:37:03.2,和歌山県北部,34°03.3′N,135°22.4′E,7 km,-0.4,---
2024/01/03,04:37:04.9,石川県能登地方,37°22.3′N,136°57.3′E,9 km,2.0,---
2024/01/03,04:37:07.4,佐渡付近,37°50.8′N,137°47.6′E,18 km,2.0,---
2024/01/03,04:39:24.4,石川県能登地方,37°17.8′N,136°45.5′E,12 km,3.2,---
2024/01/03,04:39:59.1,国後島付近,43°30.9′N,146°00.3′E,102 km,2.0,---
2024/01/03,04:40:25.7,福島県沖,37°50.1′N,141°35.8′E,47 km,0.9,---
2024/01/03,04:41:00.9,石川県能登地方,37°12.4′N,136°45.4′E,5 km,1.6,---
2024/01/03,04:41:42.8,石川県能登地方,37°13.4′N,136°49.0′E,13 km,1.8,---
2024/01/03,04:42:01.7,能登半島沖,37°39.6′N,137°22.3′E,13 km,2.1,---
2024/01/03,04:42:04.2,茨城県北部,36°48.6′N,140°35.5′E,8 km,0.4,---
2024/01/03,04:42:54.1,宮古島近海,25°10.3′N,125°34.1′E,24 km,2.2,---
2024/01/03,04:43:02.7,能登半島沖,37°17.0′N,136°41.3′E,2 km,1.3,---
2024/01/03,04:43:09.2,石川県能登地方,37°20.6′N,136°56.7′E,9 km,2.2,---
2024/01/03,04:43:29.8,福島県沖,37°48.3′N,141°40.0′E,57 km,2.6,---
2024/01/03,04:44:05.8,石川県能登地方,37°20.7′N,137°03.0′E,9 km,1.4,---
2024/01/03,04:44:09.0,宮古島近海,25°11.8′N,125°35.0′E,16 km,不明,---
2024/01/03,04:45:04.1,能登半島沖,37°10.3′N,136°37.9′E,2 km,1.9,---
2024/01/03,04:45:14.8,長野県中部,36°26.5′N,138°03.7′E,5 km,-0.8,---
2024/01/03,04:45:16.9,佐渡付近,37°44.3′N,137°41.1′E,23 km,2.1,---
2024/01/03,04:45:40.9,種子島南東沖,30°05.6′N,131°22.0′E,18 km,1.4,---
2024/01/03,04:46:13.4,石川県能登地方,37°20.7′N,136°50.0′E,8 km,1.3,---
2024/01/03,04:47:09.4,能登半島沖,37°29.7′N,137°25.7′E,7 km,不明,---
2024/01/03,04:47:20.9,石川県能登地方,37°11.8′N,136°46.2′E,5 km,1.2,---
2024/01/03,04:47:22.2,熊本県熊本地方,32°45.9′N,130°44.3′E,10 km,-0.2,---
2024/01/03,04:48:15.6,石川県能登地方,37°13.4′N,136°48.3′E,0 km,1.5,---
2024/01/03,04:48:31.3,石川県能登地方,37°27.0′N,137°13.6′E,14 km,2.2,---
2024/01/03,04:48:42.5,石川県能登地方,37°21.0′N,136°58.6′E,8 km,1.9,---
2024/01/03,04:49:10.5,能登半島沖,37°37.3′N,137°27.5′E,15 km,2.6,---
2024/01/03,04:50:08.0,石川県能登地方,37°10.2′N,136°43.4′E,5 km,3.5,---
2024/01/03,04:51:09.3,佐渡付近,37°50.6′N,137°48.5′E,19 km,2.7,---
2024/01/03,04:51:13.7,石川県能登地方,37°25.1′N,137°08.8′E,10 km,2.5,---
2024/01/03,04:51:31.2,石川県能登地方,37°12.1′N,136°42.1′E,5 km,2.5,---
2024/01/03,04:52:09.2,石川県能登地方,37°21.5′N,136°55.3′E,10 km,1.7,---
2024/01/03,04:52:13.4,佐渡付近,37°42.9′N,137°42.9′E,21 km,2.4,---
2024/01/03,04:53:28.4,石川県能登地方,37°15.0′N,136°45.0′E,7 km,2.1,---
2024/01/03,04:54:22.6,佐渡付近,37°52.0′N,137°42.6′E,20 km,1.8,---
2024/01/03,04:54:38.1,愛知県西部,34°59.8′N,137°08.2′E,37 km,0.3,---
2024/01/03,04:54:46.3,石川県西方沖,37°05.3′N,136°29.8′E,10 km,2.5,---
2024/01/03,04:55:02.2,青森県東方沖,41°27.7′N,142°09.0′E,51 km,2.4,---
2024/01/03,04:55:33.5,石川県能登地方,37°20.3′N,136°56.6′E,12 km,2.3,---
2024/01/03,04:56:20.4,石川県能登地方,37°19.1′N,136°49.9′E,6 km,1.9,---
2024/01/03,04:56:23.1,石川県能登地方,37°22.9′N,137°02.6′E,11 km,2.4,---
2024/01/03,04:56:38.4,奄美大島近海,26°42.4′N,130°11.5′E,46 km,2.6,---
2024/01/03,04:56:42.8,石川県能登地方,37°20.4′N,136°56.8′E,10 km,3.5,---
2024/01/03,04:57:43.9,石川県能登地方,37°22.2′N,136°48.3′E,11 km,1.6,---
2024/01/03,04:57:53.7,岩手県内陸南部,38°58.2′N,140°52.9′E,4 km,不明,---
2024/01/03,04:58:20.6,能登半島沖,37°36.2′N,137°19.5′E,6 km,2.0,---
2024/01/03,04:58:40.7,東京都多摩東部,35°38.5′N,139°21.0′E,15 km,0.0,---
2024/01/03,04:59:03.3,石川県能登地方,37°22.9′N,136°53.1′E,6 km,2.3,---
2024/01/03,04:59:38.2,石川県能登地方,37°20.3′N,136°56.9′E,3 km,2.0,---
2024/01/03,05:00:19.0,石川県能登地方,37°29.3′N,137°19.8′E,12 km,1.8,---
2024/01/03,05:00:52.5,石川県能登地方,37°18.7′N,136°44.2′E,3 km,1.7,---
2024/01/03,05:01:33.6,熊本県天草・芦北地方,32°21.4′N,130°31.7′E,10 km,-0.4,---
2024/01/03,05:01:47.7,福島県沖,37°42.3′N,141°33.3′E,54 km,1.1,---
2024/01/03,05:01:48.4,佐渡付近,37°55.8′N,137°40.0′E,19 km,1.6,---
2024/01/03,05:01:53.3,石川県能登地方,37°21.8′N,137°04.0′E,10 km,1.8,---
2024/01/03,05:02:37.6,石川県能登地方,37°22.0′N,136°52.3′E,6 km,2.2,---
2024/01/03,05:03:08.1,石川県能登地方,37°29.9′N,137°09.4′E,14 km,1.6,---
2024/01/03,05:03:23.5,佐渡付近,37°50.4′N,137°47.6′E,20 km,3.2,---
2024/01/03,05:03:58.1,佐渡付近,37°51.2′N,137°51.1′E,16 km,3.2,---
2024/01/03,05:05:12.2,石川県能登地方,37°14.0′N,136°48.8′E,11 km,2.2,---
2024/01/03,05:05:33.4,石川県能登地方,37°29.3′N,137°08.9′E,10 km,2.1,---
2024/01/03,05:05:59.3,佐渡付近,37°50.0′N,137°45.3′E,19 km,1.9,---
2024/01/03,05:06:29.1,能登半島沖,37°40.0′N,137°27.5′E,17 km,1.9,---
2024/01/03,05:06:30.7,石川県能登地方,37°21.8′N,137°04.2′E,11 km,1.9,---
2024/01/03,05:06:47.9,石川県能登地方,37°11.5′N,136°44.9′E,9 km,2.4,---
2024/01/03,05:07:18.9,サハリン南部付近,46°10.8′N,142°59.6′E,0 km,不明,---
2024/01/03,05:08:30.7,渡島地方北部,42°12.0′N,140°23.3′E,153 km,不明,---
2024/01/03,05:08:37.2,石川県能登地方,37°29.4′N,137°18.5′E,11 km,2.0,---
2024/01/03,05:09:06.1,新潟県上中越沖,37°32.3′N,137°50.9′E,24 km,1.6,---
2024/01/03,05:09:39.6,能登半島沖,37°24.3′N,136°56.6′E,0 km,2.1,---
2024/01/03,05:09:45.6,三重県北部,34°55.1′N,136°39.2′E,13 km,1.2,---
2024/01/03,05:11:05.8,能登半島沖,37°14.0′N,136°41.6′E,4 km,1.3,---
2024/01/03,05:11:06.4,佐渡付近,37°44.9′N,137°33.7′E,12 km,1.7,---
2024/01/03,05:11:21.7,石川県能登地方,37°11.9′N,136°53.0′E,10 km,1.5,---
2024/01/03,05:12:01.4,石川県能登地方,37°28.6′N,137°08.3′E,9 km,1.8,---
2024/01/03,05:13:25.5,新潟県上中越沖,37°35.4′N,137°42.1′E,23 km,2.2,---
2024/01/03,05:14:35.4,石川県能登地方,37°09.8′N,136°44.8′E,3 km,1.5,---
2024/01/03,05:14:37.3,佐渡付近,37°45.9′N,137°37.6′E,17 km,2.4,---
2024/01/03,05:15:19.9,石川県能登地方,37°11.4′N,136°44.6′E,7 km,2.0,---
2024/01/03,05:15:27.3,能登半島沖,37°32.6′N,137°13.5′E,11 km,1.5,---
2024/01/03,05:16:38.8,石川県能登地方,37°15.2′N,136°44.6′E,1 km,1.3,---
2024/01/03,05:16:58.9,佐渡付近,37°45.1′N,137°37.1′E,12 km,2.0,---
2024/01/03,05:17:41.6,石川県能登地方,37°11.0′N,136°50.9′E,11 km,2.7,---
2024/01/03,05:18:49.3,石川県能登地方,37°18.8′N,136°49.2′E,13 km,1.8,---
2024/01/03,05:19:11.4,石川県能登地方,37°09.2′N,136°41.4′E,8 km,1.6,---
2024/01/03,05:19:12.3,日向灘,32°27.3′N,131°43.2′E,20 km,0.1,---
2024/01/03,05:19:39.6,能登半島沖,37°33.0′N,137°22.8′E,10 km,2.0,---
2024/01/03,05:19:47.2,石川県能登地方,37°16.7′N,136°48.9′E,9 km,1.8,---
2024/01/03,05:19:55.8,石川県能登地方,37°27.0′N,137°14.5′E,14 km,1.8,---
2024/01/03,05:20:34.0,石川県能登地方,37°10.1′N,136°43.8′E,6 km,2.9,---
2024/01/03,05:20:38.4,和歌山県南部,33°44.4′N,135°31.3′E,42 km,0.5,---
2024/01/03,05:20:48.3,能登半島沖,37°30.6′N,137°09.5′E,10 km,2.1,---
2024/01/03,05:21:42.2,佐渡付近,37°52.2′N,137°48.0′E,14 km,1.6,---
2024/01/03,05:21:55.4,能登半島沖,37°24.9′N,136°46.5′E,3 km,1.7,---
2024/01/03,05:22:19.8,石川県能登地方,37°20.7′N,136°54.2′E,9 km,2.1,---
2024/01/03,05:23:29.3,石川県能登地方,37°22.4′N,136°57.3′E,8 km,1.3,---
2024/01/03,05:23:42.7,石川県能登地方,37°12.4′N,136°43.6′E,4 km,3.3,---
2024/01/03,05:24:59.6,能登半島沖,37°34.6′N,137°21.3′E,7 km,2.5,---
2024/01/03,05:25:54.1,能登半島沖,37°33.6′N,137°24.2′E,0 km,1.1,---
2024/01/03,05:26:03.1,石川県能登地方,37°23.8′N,137°02.3′E,7 km,2.1,---
2024/01/03,05:26:38.9,佐渡付近,37°46.1′N,137°38.3′E,22 km,2.2,---
2024/01/03,05:26:54.9,石川県能登地方,37°14.0′N,136°48.4′E,12 km,1.3,---
2024/01/03,05:27:10.6,佐渡付近,37°52.1′N,137°45.8′E,19 km,2.2,---
2024/01/03,05:27:46.5,石川県能登地方,37°26.9′N,137°09.1′E,12 km,1.4,---
2024/01/03,05:29:21.6,岩手県沖,39°05.8′N,142°23.1′E,29 km,1.0,---
2024/01/03,05:29:34.0,能登半島沖,37°19.9′N,136°43.2′E,8 km,1.6,---
2024/01/03,05:29:58.0,能登半島沖,37°10.2′N,136°38.8′E,5 km,2.4,---
2024/01/03,05:32:08.4,石川県能登地方,37°29.8′N,137°17.5′E,10 km,1.8,---
2024/01/03,05:32:24.6,石川県能登地方,37°30.5′N,137°20.9′E,11 km,1.4,---
2024/01/03,05:32:46.0,新潟県上中越沖,37°36.7′N,137°33.3′E,13 km,1.7,---
2024/01/03,05:32:53.3,茨城県南部,36°18.8′N,140°00.3′E,72 km,1.3,---
2024/01/03,05:33:15.5,石川県能登地方,37°13.2′N,136°46.9′E,9 km,2.3,---
2024/01/03,05:33:46.0,石川県能登地方,37°26.4′N,137°16.6′E,16 km,1.6,---
2024/01/03,05:35:01.3,石川県能登地方,37°14.2′N,136°45.0′E,10 km,1.7,---
2024/01/03,05:35:15.4,日向灘,31°52.8′N,131°28.0′E,44 km,0.3,---
2024/01/03,05:35:21.0,新潟県上中越沖,37°36.8′N,137°33.9′E,13 km,2.5,---
2024/01/03,05:35:49.0,石川県能登地方,37°11.6′N,136°43.4′E,4 km,2.4,---
2024/01/03,05:36:12.6,岩手県沖,39°58.4′N,141°59.5′E,86 km,2.2,---
2024/01/03,05:36:15.1,能登半島沖,37°35.2′N,137°18.1′E,3 km,2.0,---
2024/01/03,05:36:30.3,新潟県上中越沖,37°35.6′N,137°51.5′E,19 km,1.9,---
2024/01/03,05:36:40.5,石川県能登地方,37°12.2′N,136°43.4′E,7 km,3.8,---
2024/01/03,05:38:31.4,能登半島沖,37°12.2′N,136°41.7′E,5 km,1.6,---
2024/01/03,05:38:45.7,島根県西部,34°49.5′N,132°03.5′E,17 km,1.5,---
2024/01/03,05:38:54.7,石川県能登地方,37°14.9′N,136°53.8′E,9 km,1.6,---
2024/01/03,05:39:07.0,佐渡付近,37°45.3′N,137°32.3′E,20 km,2.3,---
2024/01/03,05:39:43.8,能登半島沖,37°08.0′N,136°38.8′E,11 km,1.8,---
2024/01/03,05:40:42.3,釧路沖,42°47.2′N,144°03.7′E,78 km,1.0,---
2024/01/03,05:41:04.4,能登半島沖,37°12.5′N,136°36.8′E,4 km,不明,---
2024/01/03,05:41:14.4,能登半島沖,37°36.3′N,137°26.9′E,7 km,2.2,---
2024/01/03,05:41:40.1,佐賀県北部,33°20.4′N,129°54.4′E,10 km,-0.1,---
2024/01/03,05:42:05.3,能登半島沖,37°06.3′N,136°39.0′E,14 km,1.7,---
2024/01/03,05:42:17.3,福島県沖,37°49.9′N,141°37.1′E,49 km,1.3,---
2024/01/03,05:43:03.1,能登半島沖,37°35.5′N,137°25.5′E,14 km,2.7,---
2024/01/03,05:43:50.1,石川県能登地方,37°10.3′N,136°42.5′E,3 km,1.8,---
2024/01/03,05:44:31.6,能登半島沖,37°14.3′N,136°42.7′E,5 km,1.8,---
2024/01/03,05:45:54.1,鹿児島湾,31°26.7′N,130°38.8′E,9 km,-0.4,---
2024/01/03,05:45:55.0,佐渡付近,37°50.9′N,137°47.8′E,19 km,2.1,---
2024/01/03,05:46:07.9,能登半島沖,37°38.9′N,137°25.6′E,6 km,1.8,---
2024/01/03,05:47:19.9,能登半島沖,37°38.6′N,137°28.8′E,14 km,3.6,---
2024/01/03,05:47:31.7,石川県能登地方,37°11.7′N,136°43.5′E,8 km,3.5,---
2024/01/03,05:48:03.8,奄美大島北東沖,29°24.8′N,130°46.4′E,66 km,1.8,---
2024/01/03,05:48:56.8,石川県能登地方,37°14.5′N,136°48.8′E,13 km,1.5,---
2024/01/03,05:49:06.8,佐渡付近,37°55.4′N,137°51.5′E,16 km,2.6,---
2024/01/03,05:49:26.5,石川県能登地方,37°11.7′N,136°43.5′E,6 km,3.0,---
2024/01/03,05:49:42.6,熊本県熊本地方,32°32.9′N,130°41.0′E,12 km,-0.2,---
2024/01/03,05:50:14.6,能登半島沖,37°12.0′N,136°41.0′E,1 km,2.3,---
2024/01/03,05:50:28.2,新潟県上中越沖,37°39.6′N,137°37.7′E,14 km,2.9,---
2024/01/03,05:50:54.6,石川県能登地方,37°10.4′N,136°44.5′E,2 km,2.7,---
2024/01/03,05:51:54.9,石川県能登地方,37°22.4′N,136°56.4′E,8 km,1.9,---
2024/01/03,05:52:08.3,能登半島沖,37°30.6′N,137°27.7′E,12 km,1.9,---
2024/01/03,05:52:12.9,石川県能登地方,37°22.1′N,136°50.3′E,12 km,2.0,---
2024/01/03,05:52:46.9,佐渡付近,37°49.2′N,137°36.0′E,11 km,1.6,---
2024/01/03,05:53:09.3,石川県能登地方,37°19.1′N,136°53.0′E,12 km,1.9,---
2024/01/03,05:53:11.4,熊本県熊本地方,33°02.3′N,130°31.8′E,8 km,0.3,---
2024/01/03,05:54:31.6,能登半島沖,37°06.5′N,136°39.9′E,14 km,1.3,---
2024/01/03,05:54:33.6,佐渡付近,37°48.8′N,137°43.1′E,22 km,4.1,---
2024/01/03,05:55:21.5,三陸沖,37°54.9′N,144°21.5′E,12 km,1.9,---
2024/01/03,05:56:02.9,佐渡付近,37°53.5′N,137°49.4′E,18 km,2.9,---
2024/01/03,05:56:09.5,石川県能登地方,37°20.1′N,136°46.5′E,6 km,2.1,---
2024/01/03,05:56:15.4,石川県能登地方,37°18.1′N,136°45.5′E,9 km,2.6,---
2024/01/03,05:57:05.5,佐渡付近,37°43.6′N,137°39.3′E,15 km,2.4,---
2024/01/03,05:57:49.1,石川県能登地方,37°20.0′N,136°57.8′E,12 km,1.8,---
2024/01/03,05:58:23.1,能登半島沖,37°13.6′N,136°39.2′E,8 km,1.9,---
2024/01/03,05:58:56.0,石川県能登地方,37°12.4′N,136°51.0′E,11 km,1.6,---
2024/01/03,05:59:21.3,能登半島沖,37°36.4′N,137°23.0′E,10 km,1.6,---
2024/01/03,05:59:23.6,長野県中部,36°13.9′N,137°39.1′E,7 km,0.3,---
2024/01/03,06:00:00.5,能登半島沖,37°07.8′N,136°39.9′E,8 km,2.0,---
2024/01/03,06:00:18.2,石川県能登地方,37°11.2′N,136°50.4′E,9 km,2.1,---
2024/01/03,06:00:59.5,石川県能登地方,37°19.7′N,136°51.3′E,7 km,1.6,---
2024/01/03,06:02:10.4,石川県能登地方,37°18.2′N,136°51.1′E,8 km,1.4,---
2024/01/03,06:02:30.7,佐渡付近,37°51.3′N,137°38.8′E,14 km,1.4,---
2024/01/03,06:02:35.8,能登半島沖,37°15.8′N,136°41.6′E,0 km,1.4,---
2024/01/03,06:03:54.1,東京都多摩東部,35°35.0′N,139°28.0′E,27 km,0.4,---
2024/01/03,06:04:02.3,石川県能登地方,37°13.5′N,136°43.5′E,5 km,2.4,---
2024/01/03,06:04:50.8,石川県能登地方,37°11.6′N,136°50.3′E,11 km,2.1,---
2024/01/03,06:06:15.3,佐渡付近,37°52.0′N,137°45.4′E,22 km,1.4,---
2024/01/03,06:06:35.0,佐渡付近,37°51.9′N,137°41.7′E,14 km,1.4,---
2024/01/03,06:07:11.0,石川県能登地方,37°22.5′N,136°48.7′E,9 km,1.5,---
2024/01/03,06:07:43.0,能登半島沖,37°32.2′N,137°09.5′E,12 km,2.0,---
2024/01/03,06:07:52.3,石川県能登地方,37°19.5′N,136°47.2′E,10 km,1.6,---
2024/01/03,06:08:20.4,能登半島沖,37°11.9′N,136°36.8′E,7 km,1.9,---
2024/01/03,06:09:07.5,能登半島沖,37°16.5′N,136°40.6′E,6 km,2.4,---
2024/01/03,06:10:21.5,石川県能登地方,37°13.6′N,136°44.6′E,8 km,1.8,---
2024/01/03,06:10:38.6,石川県能登地方,37°27.9′N,137°09.5′E,13 km,1.6,---
2024/01/03,06:10:44.2,石川県能登地方,37°27.7′N,137°15.1′E,14 km,1.8,---
2024/01/03,06:10:50.8,石川県能登地方,37°22.8′N,136°59.1′E,9 km,2.3,---
2024/01/03,06:11:04.9,能登半島沖,37°13.2′N,136°41.9′E,7 km,2.1,---
2024/01/03,06:11:32.2,福島県沖,37°11.0′N,141°11.5′E,80 km,0.7,---
2024/01/03,06:12:30.4,石川県能登地方,37°13.2′N,136°42.2′E,4 km,2.6,---
2024/01/03,06:14:32.2,大阪府北部,34°50.2′N,135°27.1′E,12 km,0.7,---
2024/01/03,06:14:52.1,石川県能登地方,37°11.7′N,136°46.5′E,9 km,1.9,---
2024/01/03,06:15:43.1,新潟県上中越沖,37°39.0′N,137°32.9′E,16 km,1.9,---
2024/01/03,06:16:45.3,石川県能登地方,37°11.0′N,136°51.5′E,12 km,1.6,---
2024/01/03,06:16:47.1,能登半島沖,37°31.2′N,137°11.7′E,11 km,1.6,---
2024/01/03,06:17:15.1,石川県能登地方,37°13.1′N,136°43.0′E,7 km,1.7,---
2024/01/03,06:17:37.2,北海道東方沖,43°50.9′N,147°09.1′E,100 km,不明,---
2024/01/03,06:17:48.5,石川県能登地方,37°21.9′N,136°59.9′E,8 km,1.9,---
2024/01/03,06:17:50.2,沖縄本島近海,27°26.9′N,128°49.4′E,39 km,0.4,---
2024/01/03,06:18:16.1,石川県能登地方,37°13.1′N,136°45.4′E,2 km,不明,---
2024/01/03,06:18:20.8,能登半島沖,37°08.1′N,136°40.7′E,7 km,2.3,---
2024/01/03,06:19:21.6,能登半島沖,37°08.5′N,136°43.7′E,4 km,2.3,---
2024/01/03,06:19:24.7,長野県中部,36°26.9′N,138°02.9′E,6 km,-0.4,---
2024/01/03,06:19:48.2,石川県能登地方,37°21.6′N,136°59.6′E,8 km,1.8,---
2024/01/03,06:21:00.6,佐渡付近,37°53.9′N,137°43.0′E,22 km,2.0,---
2024/01/03,06:21:08.7,石川県能登地方,37°23.0′N,136°58.0′E,10 km,2.2,---
2024/01/03,06:21:27.6,佐渡付近,37°48.8′N,137°42.1′E,21 km,2.1,---
2024/01/03,06:22:36.9,佐渡付近,37°50.3′N,137°39.9′E,20 km,1.4,---
2024/01/03,06:22:46.3,関東東方沖,34°42.4′N,141°30.9′E,2 km,1.5,---
2024/01/03,06:23:29.8,佐渡付近,37°54.3′N,137°41.8′E,24 km,1.9,---
2024/01/03,06:24:28.9,石川県能登地方,37°27.5′N,137°09.6′E,11 km,1.6,---
2024/01/03,06:24:40.5,石垣島近海,24°58.5′N,124°02.8′E,19 km,0.9,---
2024/01/03,06:26:12.5,石川県能登地方,37°10.4′N,136°46.3′E,0 km,1.9,---
2024/01/03,06:26:47.4,石川県能登地方,37°25.2′N,137°08.9′E,6 km,2.0,---
2024/01/03,06:27:55.8,日向灘,32°31.3′N,132°17.4′E,26 km,0.8,---
2024/01/03,06:29:05.6,佐渡付近,37°50.0′N,137°46.3′E,20 km,1.8,---
2024/01/03,06:29:59.4,能登半島沖,37°40.3′N,137°26.1′E,19 km,2.6,---
2024/01/03,06:30:10.4,能登半島沖,37°07.5′N,136°39.6′E,8 km,2.3,---
2024/01/03,06:30:30.6,佐渡付近,37°54.2′N,137°46.8′E,20 km,2.7,---
2024/01/03,06:30:57.7,三陸沖,38°20.4′N,144°52.7′E,26 km,1.7,---
2024/01/03,06:31:17.0,石川県能登地方,37°15.2′N,136°53.1′E,9 km,1.4,---
2024/01/03,06:31:43.7,石川県能登地方,37°12.1′N,136°44.9′E,4 km,2.6,---
2024/01/03,06:32:12.1,石川県能登地方,37°15.1′N,136°50.5′E,11 km,2.3,---
2024/01/03,06:32:18.9,四国沖,33°34.1′N,134°42.5′E,53 km,0.4,---
2024/01/03,06:32:38.5,石川県能登地方,37°10.3′N,136°43.7′E,5 km,4.3,---
2024/01/03,06:33:58.5,石川県能登地方,37°15.3′N,136°51.6′E,12 km,2.4,---
2024/01/03,06:35:07.1,岩手県沖,39°48.0′N,142°36.2′E,15 km,1.0,---
2024/01/03,06:36:12.6,石川県能登地方,37°20.2′N,136°59.5′E,10 km,1.8,---
2024/01/03,06:36:48.5,石川県能登地方,37°28.2′N,137°08.4′E,12 km,1.4,---
2024/01/03,06:37:12.8,岐阜県飛騨地方,36°01.3′N,137°33.2′E,7 km,1.3,---
2024/01/03,06:37:30.4,佐渡付近,37°54.6′N,137°43.9′E,21 km,1.7,---
2024/01/03,06:38:00.8,石川県能登地方,37°12.8′N,136°50.1′E,13 km,2.4,---
2024/01/03,06:38:01.3,能登半島沖,37°29.9′N,137°21.7′E,14 km,3.5,---
2024/01/03,06:39:16.2,石川県能登地方,37°29.5′N,137°10.1′E,9 km,2.1,---
2024/01/03,06:39:51.9,石川県能登地方,37°14.8′N,136°44.4′E,6 km,1.7,---
2024/01/03,06:40:18.3,福島県沖,37°51.9′N,141°34.7′E,47 km,0.9,---
2024/01/03,06:41:06.5,石川県能登地方,37°20.7′N,136°45.9′E,6 km,1.6,---
2024/01/03,06:41:25.9,房総半島南方沖,34°24.5′N,140°29.4′E,51 km,1.3,---
2024/01/03,06:42:19.1,佐渡付近,37°47.4′N,137°40.6′E,14 km,1.8,---
2024/01/03,06:42:21.5,能登半島沖,37°15.4′N,136°41.3′E,6 km,1.8,---
2024/01/03,06:42:37.0,佐渡付近,37°47.7′N,137°40.8′E,15 km,1.9,---
2024/01/03,06:43:01.5,石川県能登地方,37°10.4′N,136°41.6′E,3 km,2.2,---
2024/01/03,06:43:01.5,鹿児島湾,31°33.3′N,130°37.8′E,30 km,0.1,---
2024/01/03,06:43:09.7,福島県沖,36°57.5′N,141°45.0′E,36 km,0.7,---
2024/01/03,06:43:24.1,石川県能登地方,37°13.2′N,136°42.7′E,10 km,1.7,---
2024/01/03,06:43:37.2,石川県能登地方,37°17.0′N,136°45.2′E,2 km,1.5,---
2024/01/03,06:44:10.6,佐渡付近,37°49.9′N,137°43.1′E,19 km,2.0,---
2024/01/03,06:44:26.8,能登半島沖,37°12.4′N,136°39.8′E,8 km,2.1,---
2024/01/03,06:44:51.8,佐渡付近,37°42.7′N,137°34.0′E,16 km,2.1,---
2024/01/03,06:44:54.8,能登半島沖,37°07.8′N,136°37.8′E,7 km,2.3,---
2024/01/03,06:45:25.1,石川県能登地方,37°11.1′N,136°47.3′E,10 km,3.1,---
2024/01/03,06:45:27.7,種子島近海,30°53.6′N,130°14.7′E,130 km,1.1,---
2024/01/03,06:46:14.9,島根県東部,35°19.7′N,133°17.6′E,11 km,1.1,---
2024/01/03,06:46:32.3,和歌山県北部,34°04.8′N,135°08.7′E,7 km,0.9,---
2024/01/03,06:46:41.2,石川県能登地方,37°24.0′N,136°57.0′E,6 km,2.8,---
2024/01/03,06:47:29.2,石川県能登地方,37°21.2′N,136°55.1′E,14 km,1.8,---
2024/01/03,06:47:55.6,石川県能登地方,37°15.6′N,136°44.6′E,7 km,1.9,---
2024/01/03,06:48:28.4,石川県能登地方,37°09.4′N,136°44.4′E,5 km,1.3,---
2024/01/03,06:49:00.1,石川県能登地方,37°29.1′N,137°08.9′E,2 km,1.6,---
2024/01/03,06:49:21.5,長野県北部,36°57.4′N,138°30.3′E,8 km,0.8,---
2024/01/03,06:49:22.6,石川県能登地方,37°13.3′N,137°02.8′E,17 km,2.9,---
2024/01/03,06:50:07.2,石川県能登地方,37°30.3′N,137°13.4′E,5 km,1.8,---
2024/01/03,06:50:31.2,石川県能登地方,37°13.7′N,136°44.6′E,11 km,1.5,---
2024/01/03,06:51:01.0,石川県能登地方,37°14.3′N,136°43.4′E,7 km,1.5,---
2024/01/03,06:51:06.1,佐渡付近,37°54.5′N,137°42.3′E,15 km,2.3,---
2024/01/03,06:51:26.1,愛知県西部,35°13.1′N,137°27.2′E,17 km,-0.1,---
2024/01/03,06:52:05.5,能登半島沖,37°22.4′N,136°44.9′E,8 km,1.7,---
2024/01/03,06:52:28.0,石川県能登地方,37°16.7′N,136°46.3′E,9 km,不明,---
2024/01/03,06:52:32.3,石川県能登地方,37°11.5′N,136°46.8′E,8 km,2.7,---
2024/01/03,06:52:32.5,トカラ列島近海,29°56.0′N,130°02.1′E,10 km,2.3,---
2024/01/03,06:53:34.0,能登半島沖,37°31.5′N,137°10.4′E,8 km,1.6,---
2024/01/03,06:53:39.9,石川県能登地方,37°10.1′N,136°44.0′E,5 km,3.3,---
2024/01/03,06:54:50.5,能登半島沖,37°32.6′N,137°13.9′E,10 km,1.7,---
2024/01/03,06:55:17.3,新潟県上中越沖,37°38.8′N,137°30.0′E,16 km,2.1,---
2024/01/03,06:55:58.3,兵庫県南東部,34°57.0′N,135°22.2′E,8 km,0.4,---
2024/01/03,06:56:09.6,能登半島沖,37°07.2′N,136°35.5′E,7 km,1.8,---
2024/01/03,06:56:22.0,石川県能登地方,37°29.4′N,137°15.1′E,13 km,2.0,---
2024/01/03,06:56:25.4,石川県能登地方,37°20.2′N,136°54.7′E,12 km,2.2,---
2024/01/03,06:56:54.5,石川県能登地方,37°21.9′N,136°59.4′E,7 km,1.8,---
2024/01/03,06:57:33.1,岐阜県飛騨地方,36°02.6′N,137°34.2′E,7 km,0.3,---
2024/01/03,06:58:09.9,石川県能登地方,37°21.0′N,137°01.7′E,11 km,2.8,---
2024/01/03,06:59:00.8,石川県能登地方,37°09.4′N,136°42.5′E,4 km,1.3,---
2024/01/03,06:59:10.4,佐渡付近,37°46.7′N,137°44.4′E,19 km,2.5,---
2024/01/03,06:59:25.0,岩手県沖,39°36.6′N,142°06.8′E,48 km,1.8,---
2024/01/03,06:59:58.6,能登半島沖,37°04.8′N,136°41.8′E,10 km,1.1,---
2024/01/03,07:00:34.1,三宅島近海,34°10.4′N,139°40.2′E,115 km,3.0,---
2024/01/03,07:00:52.4,石川県能登地方,37°21.7′N,137°00.8′E,9 km,2.2,---
2024/01/03,07:01:07.2,岩手県沖,39°36.7′N,142°06.0′E,45 km,0.6,---
2024/01/03,07:01:24.0,能登半島沖,37°31.7′N,137°13.4′E,12 km,1.6,---
2024/01/03,07:03:12.1,長野県北部,36°56.6′N,138°28.5′E,10 km,0.7,---
2024/01/03,07:03:15.7,能登半島沖,37°16.2′N,136°41.8′E,6 km,1.7,---
2024/01/03,07:03:54.6,佐渡付近,37°47.4′N,137°41.5′E,9 km,1.5,---
2024/01/03,07:04:19.4,能登半島沖,37°04.2′N,136°43.5′E,7 km,3.0,---
2024/01/03,07:05:18.5,佐渡付近,37°43.6′N,137°37.2′E,11 km,1.7,---
2024/01/03,07:05:47.8,佐渡付近,37°44.8′N,137°36.7′E,17 km,2.0,---
2024/01/03,07:06:03.5,能登半島沖,37°26.0′N,137°02.8′E,6 km,2.7,---
2024/01/03,07:06:55.4,石川県能登地方,37°25.9′N,137°03.3′E,5 km,1.9,---
2024/01/03,07:07:20.2,石川県能登地方,37°13.6′N,136°46.9′E,7 km,1.6,---
2024/01/03,07:08:40.7,佐渡付近,37°49.1′N,137°41.7′E,18 km,1.7,---
2024/01/03,07:09:05.6,能登半島沖,37°34.8′N,137°26.6′E,15 km,2.4,---
2024/01/03,07:09:55.0,佐渡付近,37°50.0′N,137°40.7′E,17 km,2.0,---
2024/01/03,07:10:02.4,石川県能登地方,37°15.4′N,136°52.8′E,14 km,1.5,---
2024/01/03,07:10:16.6,石川県能登地方,37°30.9′N,137°17.2′E,7 km,2.0,---
2024/01/03,07:11:14.0,紀伊水道,33°47.1′N,134°48.4′E,16 km,0.8,---
2024/01/03,07:11:32.9,石川県能登地方,37°29.5′N,137°13.6′E,15 km,1.6,---
2024/01/03,07:12:08.1,能登半島沖,37°30.8′N,137°11.5′E,11 km,1.4,---
2024/01/03,07:12:21.9,石川県能登地方,37°13.9′N,136°45.8′E,2 km,1.4,---
2024/01/03,07:12:24.3,福島県沖,37°44.3′N,141°36.2′E,55 km,1.3,---
2024/01/03,07:12:31.9,島根県西部,35°11.6′N,132°35.0′E,13 km,0.9,---
2024/01/03,07:13:15.3,石川県能登地方,37°04.3′N,136°44.0′E,6 km,1.7,---
2024/01/03,07:13:24.2,大隅半島東方沖,31°29.8′N,131°35.8′E,29 km,0.5,---
2024/01/03,07:14:31.2,石川県能登地方,37°22.1′N,137°00.6′E,10 km,2.2,---
2024/01/03,07:14:40.6,根室半島南東沖,43°03.4′N,145°51.3′E,36 km,2.0,---
2024/01/03,07:14:57.0,能登半島沖,37°12.4′N,136°40.9′E,8 km,1.6,---
2024/01/03,07:14:58.4,紀伊水道,34°09.6′N,135°08.0′E,6 km,-0.1,---
2024/01/03,07:15:07.9,石川県能登地方,37°10.0′N,136°42.9′E,5 km,1.9,---
2024/01/03,07:15:33.5,石川県能登地方,37°31.0′N,137°18.2′E,10 km,2.6,---
2024/01/03,07:16:07.4,佐渡付近,37°48.9′N,137°43.1′E,21 km,2.5,---
2024/01/03,07:16:23.9,石川県能登地方,37°20.0′N,136°59.2′E,8 km,2.3,---
2024/01/03,07:16:49.2,石川県能登地方,37°13.2′N,136°52.6′E,11 km,2.2,---
2024/01/03,07:17:01.8,能登半島沖,37°09.8′N,136°40.0′E,10 km,2.2,---
2024/01/03,07:17:37.7,能登半島沖,37°40.7′N,137°26.5′E,0 km,2.0,---
2024/01/03,07:17:48.9,佐渡付近,37°48.7′N,137°37.2′E,8 km,2.3,---
2024/01/03,07:18:09.7,福島県沖,37°23.8′N,142°02.6′E,27 km,1.0,---
2024/01/03,07:18:30.2,日向灘,31°53.5′N,131°45.6′E,26 km,1.0,---
2024/01/03,07:18:32.8,石川県能登地方,37°21.5′N,136°54.8′E,9 km,2.4,---
2024/01/03,07:19:25.5,石川県能登地方,37°12.7′N,136°44.4′E,8 km,2.2,---
2024/01/03,07:19:31.6,能登半島沖,37°08.5′N,136°40.5′E,8 km,2.4,---
2024/01/03,07:20:36.5,石川県能登地方,37°12.3′N,136°54.5′E,5 km,1.5,---
2024/01/03,07:21:04.2,福島県沖,37°24.3′N,141°45.8′E,44 km,1.4,---
2024/01/03,07:21:12.3,石川県能登地方,37°25.0′N,137°09.9′E,5 km,1.7,---
2024/01/03,07:21:41.3,石川県能登地方,37°17.4′N,136°45.0′E,7 km,2.1,---
2024/01/03,07:21:57.6,千葉県東方沖,35°27.1′N,140°25.1′E,54 km,0.8,---
2024/01/03,07:22:47.9,長野県中部,36°14.2′N,137°39.0′E,8 km,0.2,---
2024/01/03,07:23:39.6,石川県能登地方,37°28.3′N,137°10.1′E,6 km,1.5,---
2024/01/03,07:23:56.2,能登半島沖,37°35.7′N,137°21.1′E,12 km,1.6,---
2024/01/03,07:24:49.1,佐渡付近,37°45.3′N,137°39.3′E,20 km,3.1,---
2024/01/03,07:26:01.8,石川県能登地方,37°22.4′N,136°57.8′E,6 km,2.0,---
2024/01/03,07:26:07.9,佐渡付近,37°54.0′N,137°43.9′E,25 km,2.4,---
2024/01/03,07:28:30.5,石川県能登地方,37°11.3′N,136°49.9′E,12 km,1.9,---
2024/01/03,07:28:31.1,石川県能登地方,37°20.9′N,136°55.1′E,9 km,2.5,---
2024/01/03,07:30:40.1,石川県能登地方,37°27.0′N,137°07.0′E,9 km,1.5,---
2024/01/03,07:31:32.2,石川県能登地方,37°15.7′N,136°51.6′E,14 km,1.3,---
2024/01/03,07:32:03.2,石川県能登地方,37°20.4′N,136°46.5′E,8 km,不明,---
2024/01/03,07:32:05.7,石川県能登地方,37°16.6′N,136°45.6′E,7 km,1.9,---
2024/01/03,07:32:30.0,新潟県上中越沖,37°40.7′N,137°37.7′E,16 km,1.9,---
2024/01/03,07:32:43.5,石川県能登地方,37°17.2′N,136°49.3′E,9 km,2.3,---
2024/01/03,07:32:48.7,佐渡付近,37°49.8′N,137°45.5′E,18 km,2.7,---
2024/01/03,07:33:57.3,鹿児島湾,31°26.2′N,130°38.8′E,9 km,0.1,---
2024/01/03,07:34:57.6,石川県能登地方,37°09.9′N,136°45.3′E,0 km,0.9,---
2024/01/03,07:35:18.3,佐渡付近,37°50.8′N,137°46.1′E,16 km,2.0,---
2024/01/03,07:35:47.1,新潟県上中越沖,37°38.7′N,137°37.0′E,17 km,1.9,---
2024/01/03,07:36:07.2,石川県能登地方,37°15.3′N,136°47.4′E,10 km,2.1,---
2024/01/03,07:36:41.9,能登半島沖,37°13.0′N,136°39.4′E,6 km,2.4,---
2024/01/03,07:37:51.6,石川県能登地方,37°18.8′N,136°46.3′E,3 km,1.1,---
2024/01/03,07:38:00.9,石川県能登地方,37°27.4′N,137°10.0′E,10 km,1.7,---
2024/01/03,07:38:06.5,新潟県上中越沖,37°41.4′N,137°40.2′E,22 km,3.4,---
2024/01/03,07:38:36.9,宮古島近海,25°09.3′N,125°47.5′E,27 km,2.9,---
2024/01/03,07:39:13.5,能登半島沖,37°38.1′N,137°28.2′E,18 km,2.0,---
2024/01/03,07:39:33.9,新潟県上中越沖,37°41.8′N,137°40.5′E,21 km,3.1,---
2024/01/03,07:40:06.9,能登半島沖,37°08.5′N,136°40.9′E,8 km,2.3,---
2024/01/03,07:40:53.3,石川県能登地方,37°09.3′N,136°41.2′E,7 km,2.6,---
2024/01/03,07:41:18.5,石川県能登地方,37°27.4′N,137°15.1′E,13 km,2.4,---
2024/01/03,07:43:00.4,石川県能登地方,37°21.9′N,136°57.6′E,8 km,1.9,---
2024/01/03,07:43:49.9,天草灘,32°29.8′N,129°42.8′E,11 km,-0.3,---
2024/01/03,07:44:14.3,能登半島沖,37°30.8′N,137°23.3′E,14 km,1.9,---
2024/01/03,07:44:16.1,長野県中部,36°12.4′N,137°35.4′E,3 km,0.3,---
2024/01/03,07:44:27.3,石川県能登地方,37°21.7′N,137°03.2′E,11 km,1.7,---
2024/01/03,07:44:28.7,奄美大島北東沖,29°11.8′N,130°46.7′E,78 km,1.4,---
2024/01/03,07:44:30.2,福井県嶺南,35°35.7′N,136°06.5′E,11 km,0.5,---
2024/01/03,07:44:59.5,石川県能登地方,37°24.5′N,137°04.2′E,9 km,2.2,---
2024/01/03,07:45:48.6,石川県能登地方,37°18.5′N,136°47.9′E,2 km,1.2,---
2024/01/03,07:45:50.1,能登半島沖,37°41.5′N,137°25.7′E,15 km,1.9,---
2024/01/03,07:46:57.2,石川県能登地方,37°26.8′N,137°11.4′E,13 km,1.7,---
2024/01/03,07:47:45.6,能登半島沖,37°40.2′N,137°18.8′E,11 km,2.0,---
2024/01/03,07:47:58.8,佐渡付近,37°52.1′N,137°45.9′E,15 km,2.7,---
2024/01/03,07:48:08.1,石川県能登地方,37°30.0′N,137°19.0′E,10 km,2.4,---
2024/01/03,07:48:08.1,十勝沖,42°29.2′N,143°41.6′E,82 km,1.1,---
2024/01/03,07:48:37.9,千葉県東方沖,35°33.9′N,141°03.6′E,18 km,1.2,---
2024/01/03,07:49:41.3,岩手県沖,39°54.1′N,142°38.6′E,34 km,1.6,---
2024/01/03,07:50:28.3,石川県能登地方,37°15.7′N,136°46.1′E,8 km,1.2,---
2024/01/03,07:50:29.0,佐渡付近,37°45.6′N,137°35.3′E,11 km,1.8,---
2024/01/03,07:50:53.9,能登半島沖,37°16.8′N,136°43.4′E,7 km,1.4,---
2024/01/03,07:51:11.4,沖縄本島近海,26°58.4′N,128°46.7′E,21 km,1.2,---
2024/01/03,07:51:21.8,能登半島沖,37°10.5′N,136°40.7′E,4 km,1.0,---
2024/01/03,07:51:46.3,新潟県上中越沖,37°35.7′N,137°33.8′E,18 km,2.0,---
2024/01/03,07:51:46.6,石川県西方沖,37°05.0′N,136°29.5′E,8 km,4.0,---
2024/01/03,07:52:42.2,石川県能登地方,37°28.5′N,137°08.3′E,11 km,2.3,---
2024/01/03,07:53:44.4,宮城県沖,38°46.9′N,141°45.4′E,53 km,1.1,---
2024/01/03,07:53:50.9,石川県西方沖,37°05.2′N,136°29.3′E,8 km,不明,---
2024/01/03,07:53:56.9,能登半島沖,37°19.8′N,136°42.5′E,9 km,2.1,---
2024/01/03,07:54:12.9,遠州灘,34°12.7′N,137°31.6′E,15 km,1.2,---
2024/01/03,07:54:22.4,佐渡付近,37°43.2′N,137°34.0′E,26 km,3.9,---
2024/01/03,07:55:48.9,豊後水道,32°56.7′N,132°10.4′E,38 km,0.5,---
2024/01/03,07:56:24.3,能登半島沖,37°38.3′N,137°25.8′E,13 km,2.3,---
2024/01/03,07:56:56.0,能登半島沖,37°11.6′N,136°40.9′E,8 km,2.9,---
2024/01/03,07:57:42.3,石川県西方沖,37°05.6′N,136°30.1′E,12 km,2.3,---
2024/01/03,07:57:47.2,石川県能登地方,37°23.8′N,136°51.5′E,7 km,2.7,---
2024/01/03,07:58:06.4,石川県能登地方,37°22.1′N,136°56.3′E,7 km,2.2,---
2024/01/03,07:58:19.3,秋田県内陸北部,40°10.9′N,140°33.4′E,11 km,1.5,---
2024/01/03,07:58:52.6,茨城県北部,36°49.4′N,140°35.2′E,6 km,-0.5,---
2024/01/03,07:58:56.3,石川県西方沖,37°04.5′N,136°36.3′E,10 km,1.2,---
2024/01/03,07:59:16.6,能登半島沖,37°07.3′N,136°39.1′E,10 km,1.8,---
2024/01/03,07:59:22.2,石川県能登地方,37°20.5′N,136°50.6′E,0 km,不明,---
2024/01/03,07:59:42.4,石川県能登地方,37°22.7′N,136°58.7′E,5 km,1.6,---
2024/01/03,07:59:45.5,佐渡付近,37°42.1′N,137°33.9′E,16 km,2.1,---
2024/01/03,08:00:23.5,能登半島沖,37°35.8′N,137°21.7′E,13 km,1.8,---
2024/01/03,08:00:34.1,石川県能登地方,37°23.7′N,137°07.7′E,12 km,2.0,---
2024/01/03,08:01:22.8,石川県能登地方,37°24.6′N,137°02.7′E,9 km,1.4,---
2024/01/03,08:01:33.4,石川県能登地方,37°21.7′N,137°02.5′E,12 km,1.7,---
2024/01/03,08:01:38.8,能登半島沖,37°30.6′N,137°23.3′E,9 km,1.7,---
2024/01/03,08:02:48.8,トカラ列島近海,29°39.8′N,130°06.6′E,0 km,1.8,---
2024/01/03,08:02:57.4,石川県能登地方,37°28.0′N,137°09.3′E,12 km,1.6,---
2024/01/03,08:03:16.9,石川県能登地方,37°19.5′N,136°48.0′E,10 km,2.1,---
2024/01/03,08:03:35.4,佐渡付近,37°47.8′N,137°36.9′E,21 km,1.6,---
2024/01/03,08:03:48.6,石川県能登地方,37°24.8′N,136°57.7′E,0 km,1.9,---
2024/01/03,08:03:55.2,茨城県南部,35°55.0′N,140°13.7′E,47 km,0.7,---
2024/01/03,08:04:17.9,石川県能登地方,37°26.0′N,137°09.5′E,12 km,1.6,---
2024/01/03,08:04:35.9,宮古島近海,24°39.8′N,125°12.5′E,29 km,1.2,---
2024/01/03,08:05:14.0,石川県能登地方,37°12.9′N,136°43.2′E,4 km,2.0,---
2024/01/03,08:05:43.6,佐渡付近,37°42.8′N,137°34.1′E,23 km,2.2,---
2024/01/03,08:06:28.6,石川県能登地方,37°21.5′N,136°57.4′E,10 km,1.6,---
2024/01/03,08:06:56.0,石川県能登地方,37°21.6′N,136°53.4′E,11 km,2.3,---
2024/01/03,08:07:08.8,福島県沖,37°18.5′N,141°42.2′E,40 km,2.1,---
2024/01/03,08:07:32.6,石川県能登地方,37°27.7′N,137°15.4′E,11 km,2.1,---
2024/01/03,08:07:42.0,宮城県沖,38°08.7′N,142°29.5′E,23 km,1.8,---
2024/01/03,08:07:58.3,石川県能登地方,37°13.6′N,136°46.7′E,9 km,2.8,---
2024/01/03,08:08:33.5,新潟県上中越沖,37°41.7′N,137°33.9′E,16 km,2.3,---
2024/01/03,08:09:20.4,佐渡付近,37°42.5′N,137°36.2′E,19 km,3.4,---
2024/01/03,08:09:22.5,石川県能登地方,37°16.9′N,136°47.6′E,10 km,1.5,---
2024/01/03,08:09:48.1,石川県能登地方,37°11.6′N,136°52.9′E,13 km,3.1,---
2024/01/03,08:10:51.6,石川県能登地方,37°18.4′N,137°13.2′E,14 km,1.5,---
2024/01/03,08:11:10.3,石川県西方沖,37°05.2′N,136°30.1′E,10 km,2.2,---
2024/01/03,08:11:36.3,石川県能登地方,37°21.5′N,136°56.7′E,11 km,1.8,---
2024/01/03,08:12:34.3,能登半島沖,37°20.2′N,136°44.1′E,8 km,1.6,---
2024/01/03,08:14:18.8,能登半島沖,37°08.5′N,136°39.2′E,10 km,1.1,---
2024/01/03,08:14:48.3,石川県能登地方,37°22.9′N,136°52.3′E,0 km,2.5,---
2024/01/03,08:15:06.7,石川県能登地方,37°10.4′N,136°46.6′E,7 km,2.1,---
2024/01/03,08:15:40.2,佐渡付近,37°53.5′N,137°47.8′E,18 km,2.2,---
2024/01/03,08:15:44.9,能登半島沖,37°34.9′N,137°08.9′E,4 km,1.4,---
2024/01/03,08:16:05.6,石川県能登地方,37°27.2′N,137°08.4′E,11 km,1.9,---
2024/01/03,08:16:29.5,能登半島沖,37°25.6′N,136°59.3′E,7 km,1.6,---
2024/01/03,08:16:38.0,石川県能登地方,37°22.9′N,136°59.2′E,5 km,1.5,---
2024/01/03,08:16:54.5,石川県能登地方,37°20.5′N,136°47.1′E,10 km,2.5,---
2024/01/03,08:17:38.6,佐渡付近,37°46.1′N,137°39.9′E,21 km,2.0,---
2024/01/03,08:17:44.5,石川県能登地方,37°23.6′N,136°58.1′E,11 km,1.8,---
2024/01/03,08:18:11.2,山口県中部,34°16.5′N,131°32.5′E,16 km,0.3,---
2024/01/03,08:18:26.3,能登半島沖,37°15.4′N,136°42.1′E,5 km,2.3,---
2024/01/03,08:18:50.5,宮古島近海,24°49.4′N,125°15.0′E,49 km,1.3,---
2024/01/03,08:18:53.4,富山湾,37°11.9′N,137°12.7′E,11 km,1.6,---
2024/01/03,08:19:16.0,能登半島沖,37°13.4′N,136°39.2′E,3 km,1.4,---
2024/01/03,08:20:44.6,佐渡付近,37°47.5′N,137°43.4′E,18 km,2.4,---
2024/01/03,08:21:51.1,佐渡付近,37°44.4′N,137°40.3′E,21 km,2.3,---
2024/01/03,08:21:51.8,能登半島沖,37°33.1′N,137°14.3′E,8 km,1.4,---
2024/01/03,08:22:27.6,佐渡付近,37°47.6′N,137°43.8′E,18 km,2.7,---
2024/01/03,08:23:02.5,佐渡付近,37°44.8′N,137°39.4′E,20 km,2.1,---
2024/01/03,08:23:50.6,石川県西方沖,37°05.5′N,136°30.2′E,11 km,2.3,---
2024/01/03,08:23:58.3,佐渡付近,37°53.8′N,137°48.2′E,19 km,2.1,---
2024/01/03,08:24:28.4,奄美大島北東沖,29°18.2′N,130°53.7′E,25 km,1.9,---
2024/01/03,08:25:21.9,富山湾,37°25.1′N,137°20.9′E,15 km,2.0,---
2024/01/03,08:26:03.0,能登半島沖,37°37.2′N,137°24.6′E,14 km,1.9,---
2024/01/03,08:27:50.3,石川県能登地方,37°25.8′N,137°06.5′E,10 km,1.9,---
2024/01/03,08:28:58.8,石川県能登地方,37°25.0′N,137°10.2′E,6 km,2.1,---
2024/01/03,08:29:15.7,青森県東方沖,40°40.3′N,142°45.1′E,44 km,0.9,---
2024/01/03,08:29:40.4,石川県能登地方,37°17.9′N,136°54.7′E,18 km,1.5,---
2024/01/03,08:29:53.0,石川県能登地方,37°24.6′N,137°09.7′E,7 km,2.1,---
2024/01/03,08:30:09.3,豊後水道,33°20.0′N,132°13.2′E,49 km,0.4,---
2024/01/03,08:30:12.6,石川県能登地方,37°25.0′N,137°09.9′E,4 km,1.8,---
2024/01/03,08:30:28.9,長野県中部,36°10.9′N,137°59.9′E,7 km,1.0,---
2024/01/03,08:30:35.5,石川県能登地方,37°24.8′N,137°09.7′E,5 km,2.1,---
2024/01/03,08:30:58.3,石川県能登地方,37°16.6′N,136°51.0′E,12 km,1.7,---
2024/01/03,08:32:06.6,能登半島沖,37°34.9′N,137°20.7′E,7 km,2.4,---
2024/01/03,08:32:28.5,石垣島近海,24°46.2′N,124°19.0′E,76 km,0.9,---
2024/01/03,08:33:08.0,能登半島沖,37°09.1′N,136°40.4′E,11 km,1.2,---
2024/01/03,08:33:08.1,伊予灘,33°38.8′N,132°26.0′E,44 km,不明,---
2024/01/03,08:33:08.2,新潟県上中越沖,37°40.0′N,137°31.2′E,16 km,2.2,---
2024/01/03,08:33:54.7,石川県能登地方,37°21.5′N,137°02.5′E,9 km,1.6,---
2024/01/03,08:34:17.7,福島県沖,37°25.4′N,141°55.3′E,35 km,1.3,---
2024/01/03,08:34:19.0,石川県能登地方,37°21.6′N,136°59.7′E,13 km,4.0,---
2024/01/03,08:36:13.9,佐渡付近,37°43.3′N,137°59.5′E,21 km,2.3,---
2024/01/03,08:36:18.6,能登半島沖,37°17.6′N,136°43.5′E,2 km,1.4,---
2024/01/03,08:36:49.4,石川県能登地方,37°18.8′N,136°56.6′E,12 km,1.3,---
2024/01/03,08:37:08.5,宮古島近海,24°52.7′N,125°21.9′E,49 km,1.6,---
2024/01/03,08:37:08.7,能登半島沖,37°14.9′N,136°42.8′E,6 km,1.4,---
2024/01/03,08:38:10.6,石川県能登地方,37°29.6′N,137°13.7′E,12 km,1.7,---
2024/01/03,08:38:42.9,石川県能登地方,37°18.0′N,136°46.0′E,10 km,2.3,---
2024/01/03,08:39:12.1,石川県能登地方,37°26.9′N,137°13.8′E,14 km,1.8,---
2024/01/03,08:39:23.1,石川県西方沖,37°05.2′N,136°30.4′E,11 km,1.7,---
2024/01/03,08:40:41.2,石川県能登地方,37°19.0′N,136°58.2′E,13 km,2.2,---
2024/01/03,08:40:44.0,能登半島沖,37°13.3′N,136°41.2′E,5 km,2.8,---
2024/01/03,08:41:28.5,能登半島沖,37°13.0′N,136°40.9′E,7 km,3.1,---
2024/01/03,08:42:05.5,宮古島近海,25°09.3′N,125°50.2′E,30 km,2.1,---
2024/01/03,08:42:30.2,石川県能登地方,37°16.2′N,136°44.9′E,4 km,1.5,---
2024/01/03,08:42:38.5,能登半島沖,37°39.6′N,137°25.7′E,11 km,2.1,---
2024/01/03,08:42:46.2,新潟県上中越沖,37°40.7′N,137°37.9′E,19 km,3.3,---
2024/01/03,08:43:36.3,石川県能登地方,37°09.8′N,136°53.6′E,12 km,2.3,---
2024/01/03,08:44:03.4,能登半島沖,37°38.5′N,137°28.7′E,14 km,2.6,---
2024/01/03,08:44:14.2,千島列島,45°50.8′N,149°57.1′E,169 km,3.2,---
2024/01/03,08:44:57.1,石川県能登地方,37°28.2′N,137°13.1′E,11 km,1.9,---
2024/01/03,08:45:26.4,石川県能登地方,37°09.5′N,136°45.9′E,6 km,3.0,---
2024/01/03,08:45:33.1,石川県能登地方,37°12.2′N,136°44.7′E,6 km,2.9,---
2024/01/03,08:45:43.5,石川県能登地方,37°13.3′N,136°42.7′E,6 km,2.9,---
2024/01/03,08:46:50.0,石川県能登地方,37°09.4′N,136°45.4′E,7 km,1.9,---
2024/01/03,08:47:29.0,石川県能登地方,37°24.9′N,137°09.9′E,4 km,1.6,---
2024/01/03,08:47:37.9,長野県中部,36°10.7′N,137°59.5′E,3 km,-0.2,---
2024/01/03,08:48:26.2,奄美大島近海,28°04.5′N,129°24.2′E,36 km,1.4,---
2024/01/03,08:48:37.8,石川県能登地方,37°17.7′N,136°50.0′E,12 km,1.8,---
2024/01/03,08:49:07.2,福島県沖,36°55.4′N,141°03.1′E,45 km,0.5,---
2024/01/03,08:49:15.3,石川県西方沖,37°05.7′N,136°29.3′E,12 km,1.6,---
2024/01/03,08:49:18.0,石川県能登地方,37°12.8′N,136°46.1′E,10 km,1.9,---
2024/01/03,08:49:43.6,石川県西方沖,37°04.6′N,136°29.2′E,5 km,1.4,---
2024/01/03,08:50:18.1,佐渡付近,37°44.5′N,137°37.2′E,15 km,1.8,---
2024/01/03,08:52:00.7,石川県能登地方,37°18.4′N,136°51.4′E,4 km,1.5,---
2024/01/03,08:53:27.1,石川県能登地方,37°10.6′N,136°41.9′E,4 km,1.9,---
2024/01/03,08:54:27.0,能登半島沖,37°10.5′N,136°40.3′E,0 km,1.2,---
2024/01/03,08:54:43.8,石川県能登地方,37°16.4′N,136°49.0′E,16 km,1.3,---
2024/01/03,08:55:09.7,能登半島沖,37°10.3′N,136°39.2′E,14 km,0.9,---
2024/01/03,08:55:32.5,能登半島沖,37°21.3′N,136°44.3′E,9 km,2.8,---
2024/01/03,08:55:38.4,福島県沖,37°16.4′N,141°53.3′E,38 km,1.5,---
2024/01/03,08:56:34.6,石川県能登地方,37°11.5′N,136°45.8′E,8 km,2.6,---
2024/01/03,08:58:00.9,石川県能登地方,37°13.5′N,136°44.6′E,6 km,1.2,---
2024/01/03,08:58:16.9,能登半島沖,37°37.4′N,137°22.3′E,21 km,1.6,---
2024/01/03,08:58:36.0,新潟県上中越沖,37°39.6′N,137°36.8′E,16 km,2.7,---
2024/01/03,08:59:26.2,青森県東方沖,40°49.9′N,141°30.0′E,81 km,1.0,---
2024/01/03,09:00:00.2,石川県能登地方,37°28.3′N,137°13.8′E,12 km,2.5,---
2024/01/03,09:01:22.2,石川県能登地方,37°21.8′N,136°56.1′E,11 km,1.5,---
2024/01/03,09:01:55.7,能登半島沖,37°07.1′N,136°40.1′E,3 km,1.2,---
2024/01/03,09:02:06.1,能登半島沖,37°12.4′N,136°39.0′E,6 km,1.9,---
2024/01/03,09:02:17.6,奄美大島北東沖,29°23.6′N,130°47.5′E,59 km,2.1,---
2024/01/03,09:02:28.6,能登半島沖,37°07.4′N,136°43.2′E,3 km,2.2,---
2024/01/03,09:03:45.0,石川県能登地方,37°19.8′N,137°00.1′E,12 km,1.4,---
2024/01/03,09:04:17.7,佐渡付近,37°42.9′N,137°32.8′E,19 km,2.1,---
2024/01/03,09:04:33.5,石川県能登地方,37°14.0′N,136°46.9′E,7 km,1.6,---
2024/01/03,09:04:42.3,佐渡付近,37°47.8′N,137°40.7′E,17 km,2.4,---
2024/01/03,09:04:42.7,石川県能登地方,37°27.3′N,137°11.1′E,13 km,2.2,---
2024/01/03,09:05:27.8,佐渡付近,37°54.1′N,137°42.0′E,25 km,3.0,---
2024/01/03,09:06:34.2,石川県能登地方,37°27.2′N,137°15.1′E,13 km,1.6,---
2024/01/03,09:07:11.9,石川県能登地方,37°10.0′N,136°42.5′E,7 km,2.6,---
2024/01/03,09:08:27.8,能登半島沖,37°05.6′N,136°38.6′E,10 km,1.8,---
2024/01/03,09:08:45.2,佐渡付近,37°55.1′N,137°45.5′E,22 km,2.2,---
2024/01/03,09:09:58.3,石川県能登地方,37°14.9′N,136°46.1′E,9 km,1.6,---
2024/01/03,09:10:06.5,茨城県沖,36°12.3′N,141°07.0′E,38 km,1.6,---
2024/01/03,09:10:16.5,石川県能登地方,37°16.8′N,136°49.5′E,8 km,1.5,---
2024/01/03,09:10:42.5,石川県能登地方,37°25.5′N,137°03.8′E,7 km,1.1,---
2024/01/03,09:10:50.4,石川県能登地方,37°13.6′N,136°46.0′E,8 km,2.1,---
2024/01/03,09:11:17.6,三陸沖,39°09.1′N,143°20.2′E,2 km,1.8,---
2024/01/03,09:11:28.9,佐渡付近,37°45.8′N,137°43.4′E,21 km,2.6,---
2024/01/03,09:12:13.1,石川県能登地方,37°15.5′N,136°47.4′E,8 km,1.3,---
2024/01/03,09:12:56.7,石川県能登地方,37°11.0′N,136°43.7′E,5 km,1.5,---
2024/01/03,09:13:55.8,佐渡付近,37°54.1′N,137°44.4′E,22 km,2.2,---
2024/01/03,09:13:58.6,佐渡付近,37°54.7′N,137°44.2′E,17 km,1.2,---
2024/01/03,09:14:03.3,富山湾,37°23.6′N,137°19.0′E,16 km,1.5,---
2024/01/03,09:14:09.2,能登半島沖,37°32.2′N,137°08.9′E,8 km,2.1,---
2024/01/03,09:14:24.0,福島県沖,37°36.8′N,141°34.0′E,55 km,0.9,---
2024/01/03,09:14:26.2,佐渡付近,37°54.2′N,137°43.3′E,19 km,2.3,---
2024/01/03,09:15:16.7,石川県能登地方,37°23.4′N,136°57.7′E,7 km,1.5,---
2024/01/03,09:15:48.0,佐渡付近,37°43.4′N,137°58.9′E,21 km,1.9,---
2024/01/03,09:16:09.9,石川県能登地方,37°10.6′N,136°50.9′E,13 km,1.5,---
2024/01/03,09:16:38.5,石川県能登地方,37°11.2′N,136°44.7′E,6 km,2.5,---
2024/01/03,09:16:50.0,能登半島沖,37°33.1′N,137°24.9′E,18 km,2.6,---
2024/01/03,09:17:01.6,和歌山県南方沖,33°30.7′N,135°31.3′E,8 km,0.6,---
2024/01/03,09:18:15.4,石川県能登地方,37°15.1′N,136°51.0′E,14 km,3.0,---
2024/01/03,09:18:37.4,石川県能登地方,37°13.3′N,136°44.5′E,10 km,2.9,---
2024/01/03,09:19:15.9,新潟県上中越沖,37°30.0′N,137°38.5′E,24 km,2.8,---
2024/01/03,09:19:52.6,石川県能登地方,37°30.1′N,137°16.7′E,12 km,2.9,---
2024/01/03,09:21:07.8,兵庫県南西部,34°56.4′N,134°22.9′E,17 km,0.3,---
2024/01/03,09:21:20.7,能登半島沖,37°04.1′N,136°40.9′E,8 km,1.0,---
2024/01/03,09:21:40.0,石川県能登地方,37°11.6′N,136°54.3′E,17 km,1.1,---
2024/01/03,09:22:04.5,石川県能登地方,37°19.1′N,136°55.0′E,5 km,1.3,---
2024/01/03,09:22:20.2,石川県能登地方,37°23.1′N,136°55.7′E,9 km,3.3,---
2024/01/03,09:23:56.0,石川県能登地方,37°23.2′N,136°55.6′E,8 km,1.7,---
2024/01/03,09:24:15.5,石川県能登地方,37°19.4′N,136°49.2′E,6 km,1.7,---
2024/01/03,09:24:44.6,佐渡付近,37°52.5′N,137°41.4′E,24 km,1.8,---
2024/01/03,09:25:11.6,石川県能登地方,37°27.7′N,137°12.5′E,13 km,2.2,---
2024/01/03,09:25:21.8,佐渡付近,37°43.2′N,137°40.7′E,21 km,2.7,---
2024/01/03,09:26:09.6,能登半島沖,37°23.3′N,136°48.5′E,6 km,2.0,---
2024/01/03,09:26:30.9,天草灘,32°20.8′N,129°49.2′E,16 km,0.1,---
2024/01/03,09:26:47.6,能登半島沖,37°37.6′N,137°29.6′E,14 km,1.8,---
2024/01/03,09:27:02.3,能登半島沖,37°37.8′N,137°28.8′E,15 km,3.1,---
2024/01/03,09:27:59.4,石川県能登地方,37°24.1′N,136°54.2′E,0 km,2.2,---
2024/01/03,09:28:32.9,奈良県,34°12.1′N,136°00.1′E,5 km,0.2,---
2024/01/03,09:28:59.4,新潟県上中越沖,37°11.6′N,137°46.8′E,29 km,1.2,---
2024/01/03,09:29:25.1,茨城県北部,36°45.8′N,140°34.2′E,9 km,0.6,---
2024/01/03,09:29:40.7,石川県能登地方,37°20.5′N,136°47.3′E,10 km,1.3,---
2024/01/03,09:29:57.9,石川県能登地方,37°19.9′N,136°47.2′E,10 km,1.6,---
2024/01/03,09:30:09.3,土佐湾,33°23.2′N,133°58.6′E,26 km,1.2,---
2024/01/03,09:30:13.5,有明海,32°48.1′N,130°33.3′E,10 km,-0.1,---
2024/01/03,09:30:46.5,石川県能登地方,37°15.0′N,136°50.0′E,12 km,1.3,---
2024/01/03,09:30:49.3,石川県西方沖,37°05.5′N,136°29.4′E,11 km,1.9,---
2024/01/03,09:32:06.7,能登半島沖,37°33.5′N,137°08.7′E,6 km,1.9,---
2024/01/03,09:32:20.9,青森県東方沖,40°31.1′N,142°18.9′E,42 km,0.8,---
2024/01/03,09:33:47.7,石川県能登地方,37°13.0′N,136°49.2′E,8 km,1.1,---
2024/01/03,09:34:24.5,石川県能登地方,37°29.8′N,137°09.0′E,6 km,1.5,---
2024/01/03,09:35:07.7,石川県能登地方,37°22.5′N,136°47.8′E,7 km,2.2,---
2024/01/03,09:35:49.7,能登半島沖,37°16.2′N,136°42.9′E,4 km,1.3,---
2024/01/03,09:35:54.2,佐渡付近,37°51.0′N,137°42.0′E,23 km,1.8,---
2024/01/03,09:36:16.0,広島県南西部,34°29.4′N,132°51.5′E,31 km,1.5,---
2024/01/03,09:36:21.4,石川県能登地方,37°21.5′N,136°52.4′E,10 km,1.9,---
2024/01/03,09:37:16.6,石川県西方沖,37°05.4′N,136°29.6′E,9 km,2.4,---
2024/01/03,09:37:34.6,佐渡付近,37°50.5′N,137°47.6′E,15 km,2.0,---
2024/01/03,09:38:01.3,能登半島沖,37°33.2′N,137°10.9′E,10 km,1.4,---
2024/01/03,09:38:55.8,石川県能登地方,37°27.2′N,137°14.7′E,14 km,1.6,---
2024/01/03,09:39:16.2,佐渡付近,37°52.2′N,137°50.6′E,19 km,2.1,---
2024/01/03,09:39:58.4,和歌山県北部,33°50.7′N,135°25.6′E,45 km,-0.1,---
2024/01/03,09:40:04.8,石川県能登地方,37°16.1′N,136°51.8′E,14 km,1.9,---
2024/01/03,09:40:53.8,能登半島沖,37°08.5′N,136°42.2′E,8 km,1.8,---
2024/01/03,09:41:30.5,京都府北部,35°36.9′N,135°05.4′E,8 km,0.5,---
2024/01/03,09:42:25.0,能登半島沖,37°07.1′N,136°42.2′E,3 km,1.7,---
2024/01/03,09:43:19.2,石川県能登地方,37°29.3′N,137°15.9′E,9 km,1.7,---
2024/01/03,09:43:59.9,石川県能登地方,37°10.6′N,136°41.8′E,14 km,1.4,---
2024/01/03,09:44:00.9,新潟県上中越沖,37°37.2′N,137°54.4′E,25 km,1.6,---
2024/01/03,09:44:18.5,石川県能登地方,37°13.4′N,136°42.8′E,5 km,1.5,---
2024/01/03,09:45:11.7,能登半島沖,37°33.0′N,137°09.2′E,7 km,1.6,---
2024/01/03,09:45:32.3,石川県能登地方,37°27.5′N,137°14.9′E,12 km,1.9,---
2024/01/03,09:45:57.0,石川県能登地方,37°20.2′N,136°58.0′E,11 km,2.3,---
2024/01/03,09:46:19.8,茨城県沖,36°16.2′N,141°28.6′E,28 km,2.4,---
2024/01/03,09:46:39.4,石川県能登地方,37°09.9′N,136°50.6′E,16 km,1.6,---
2024/01/03,09:47:36.4,択捉島南東沖,44°21.4′N,149°01.2′E,30 km,3.9,---
2024/01/03,09:47:42.6,石川県能登地方,37°11.0′N,136°42.6′E,5 km,1.9,---
2024/01/03,09:47:57.9,佐渡付近,37°42.7′N,137°38.9′E,19 km,2.2,---
2024/01/03,09:48:35.9,石川県能登地方,37°21.5′N,136°49.3′E,8 km,2.4,---
2024/01/03,09:49:21.8,佐渡付近,37°42.6′N,137°34.5′E,22 km,2.1,---
2024/01/03,09:49:22.7,石川県能登地方,37°25.9′N,137°06.5′E,8 km,2.2,---
2024/01/03,09:50:05.1,福島県沖,37°20.2′N,141°57.3′E,36 km,1.5,---
2024/01/03,09:50:21.7,石川県西方沖,37°06.0′N,136°30.2′E,15 km,1.4,---
2024/01/03,09:50:49.5,石川県能登地方,37°18.0′N,136°49.1′E,11 km,1.6,---
2024/01/03,09:52:23.6,石川県能登地方,37°16.3′N,136°51.7′E,4 km,0.9,---
2024/01/03,09:53:12.4,福島県沖,37°22.7′N,141°47.2′E,40 km,1.4,---
2024/01/03,09:53:38.1,佐渡付近,37°43.4′N,137°36.7′E,15 km,不明,---
2024/01/03,09:53:45.0,佐渡付近,37°51.6′N,137°50.9′E,12 km,2.2,---
2024/01/03,09:54:28.9,能登半島沖,37°46.1′N,137°27.1′E,17 km,3.5,---
2024/01/03,09:55:26.4,石川県能登地方,37°27.6′N,137°11.2′E,13 km,1.6,---
2024/01/03,09:55:42.5,能登半島沖,37°32.6′N,137°18.7′E,4 km,2.2,---
2024/01/03,09:56:45.8,福島県沖,37°23.8′N,142°02.4′E,28 km,不明,---
2024/01/03,09:56:48.1,石川県能登地方,37°29.5′N,137°11.9′E,12 km,1.9,---
2024/01/03,09:57:57.6,大隅半島東方沖,30°48.1′N,131°27.0′E,33 km,1.8,---
2024/01/03,09:58:20.3,能登半島沖,37°36.6′N,137°18.4′E,13 km,2.0,---
2024/01/03,09:58:25.8,能登半島沖,37°09.0′N,136°37.4′E,15 km,不明,---
2024/01/03,09:58:27.2,石川県能登地方,37°11.9′N,136°41.3′E,10 km,3.2,---
2024/01/03,09:59:14.3,津軽海峡,41°42.0′N,141°15.3′E,139 km,不明,---
2024/01/03,10:00:27.2,愛知県西部,35°12.1′N,137°13.8′E,40 km,1.0,---
2024/01/03,10:00:29.2,岩手県沿岸北部,40°09.7′N,141°34.9′E,7 km,1.2,---
2024/01/03,10:00:46.1,能登半島沖,37°07.4′N,136°39.3′E,8 km,2.9,---
2024/01/03,10:01:19.1,能登半島沖,37°08.6′N,136°41.1′E,11 km,2.1,---
2024/01/03,10:01:45.3,能登半島沖,37°19.3′N,136°43.9′E,5 km,1.9,---
2024/01/03,10:02:11.8,能登半島沖,37°29.5′N,137°21.2′E,13 km,2.0,---
2024/01/03,10:03:40.8,石川県能登地方,37°14.8′N,136°47.1′E,3 km,1.2,---
2024/01/03,10:04:12.5,佐渡付近,37°49.9′N,137°50.0′E,21 km,0.6,---
2024/01/03,10:04:59.5,石川県能登地方,37°26.4′N,137°10.5′E,13 km,2.1,---
2024/01/03,10:05:05.7,石川県能登地方,37°22.6′N,136°56.8′E,11 km,2.1,---
2024/01/03,10:06:07.9,石川県能登地方,37°13.7′N,136°48.7′E,8 km,1.2,---
2024/01/03,10:06:13.9,石川県能登地方,37°29.5′N,137°18.4′E,9 km,2.2,---
2024/01/03,10:06:32.8,能登半島沖,37°07.3′N,136°36.4′E,12 km,1.9,---
2024/01/03,10:07:02.8,佐渡付近,37°51.2′N,137°42.7′E,12 km,2.8,---
2024/01/03,10:07:06.4,能登半島沖,37°36.5′N,137°27.6′E,15 km,2.9,---
2024/01/03,10:07:42.4,石川県能登地方,37°28.1′N,137°07.0′E,8 km,2.4,---
2024/01/03,10:07:55.9,石川県能登地方,37°14.7′N,136°50.7′E,11 km,2.7,---
2024/01/03,10:09:13.0,能登半島沖,37°39.6′N,137°26.4′E,15 km,2.5,---
2024/01/03,10:09:49.6,石川県能登地方,37°27.9′N,137°09.5′E,10 km,2.0,---
2024/01/03,10:10:06.6,新潟県上中越沖,37°39.0′N,137°33.0′E,15 km,2.1,---
2024/01/03,10:10:08.5,宮古島近海,24°42.7′N,125°09.2′E,30 km,不明,---
2024/01/03,10:10:47.6,石川県能登地方,37°11.7′N,136°43.0′E,6 km,1.9,---
2024/01/03,10:10:59.6,能登半島沖,37°22.1′N,136°39.7′E,9 km,2.5,---
2024/01/03,10:12:08.6,石川県能登地方,37°22.4′N,136°49.4′E,11 km,1.8,---
2024/01/03,10:12:11.3,福島県中通り,37°03.8′N,140°27.4′E,9 km,0.5,---
2024/01/03,10:12:49.6,能登半島沖,37°08.3′N,136°42.4′E,8 km,1.7,---
2024/01/03,10:13:39.3,石川県能登地方,37°19.7′N,136°46.3′E,2 km,1.7,---
2024/01/03,10:14:14.6,土佐湾,33°23.3′N,133°58.2′E,23 km,0.2,---
2024/01/03,10:14:22.3,石川県能登地方,37°17.8′N,136°45.2′E,9 km,1.1,---
2024/01/03,10:14:23.5,宮城県沖,38°53.0′N,142°26.4′E,34 km,0.9,---
2024/01/03,10:15:09.0,石川県能登地方,37°12.3′N,136°48.5′E,13 km,1.5,---
2024/01/03,10:16:11.5,石川県能登地方,37°18.9′N,136°45.5′E,9 km,2.7,---
2024/01/03,10:16:20.6,福島県沖,37°14.1′N,142°11.6′E,20 km,1.9,---
2024/01/03,10:16:47.8,新潟県上中越沖,37°37.8′N,137°37.7′E,14 km,2.8,---
2024/01/03,10:17:23.5,紀伊水道,34°08.6′N,135°06.1′E,8 km,0.7,---
2024/01/03,10:17:25.8,能登半島沖,37°35.2′N,137°19.6′E,7 km,1.4,---
2024/01/03,10:17:47.4,愛知県西部,34°56.4′N,137°22.4′E,37 km,0.3,---
2024/01/03,10:18:15.0,新潟県上中越沖,37°38.3′N,137°33.9′E,13 km,2.7,---
2024/01/03,10:19:32.4,能登半島沖,37°36.0′N,137°26.6′E,11 km,1.4,---
2024/01/03,10:20:07.2,能登半島沖,37°26.2′N,136°58.8′E,6 km,2.0,---
2024/01/03,10:20:12.9,石川県能登地方,37°26.9′N,137°16.2′E,14 km,2.4,---
2024/01/03,10:20:28.8,宮城県北部,38°55.7′N,140°53.3′E,6 km,0.5,---
2024/01/03,10:20:46.6,岐阜県美濃中西部,35°38.0′N,137°01.4′E,4 km,0.0,---
2024/01/03,10:21:03.6,石川県能登地方,37°24.7′N,137°01.4′E,7 km,1.6,---
2024/01/03,10:21:11.7,石川県能登地方,37°18.1′N,136°51.7′E,13 km,2.3,---
2024/01/03,10:22:03.0,佐渡付近,37°55.5′N,137°41.5′E,21 km,2.3,---
2024/01/03,10:22:08.0,石川県能登地方,37°10.2′N,136°43.5′E,0 km,0.9,---
2024/01/03,10:22:29.1,能登半島沖,37°37.2′N,137°28.6′E,12 km,1.9,---
2024/01/03,10:22:52.9,能登半島沖,37°14.0′N,136°40.2′E,9 km,1.6,---
2024/01/03,10:22:54.1,日向灘,31°43.8′N,131°49.6′E,35 km,1.5,---
2024/01/03,10:23:26.6,能登半島沖,37°32.2′N,137°12.0′E,9 km,不明,---
2024/01/03,10:23:28.2,石川県能登地方,37°28.2′N,137°09.6′E,10 km,2.9,---
2024/01/03,10:24:19.5,日向灘,31°43.8′N,131°50.5′E,34 km,1.4,---
2024/01/03,10:24:51.7,石川県能登地方,37°21.5′N,136°57.8′E,12 km,3.2,---
2024/01/03,10:26:29.8,岩手県沿岸北部,40°09.2′N,141°33.6′E,9 km,0.0,---
2024/01/03,10:26:38.4,熊本県天草・芦北地方,32°19.7′N,130°27.7′E,10 km,-0.2,---
2024/01/03,10:26:44.5,石川県能登地方,37°12.4′N,136°44.7′E,10 km,2.4,---
2024/01/03,10:26:53.9,石川県能登地方,37°30.6′N,137°13.1′E,8 km,2.7,---
2024/01/03,10:29:03.5,石川県能登地方,37°24.5′N,137°09.2′E,15 km,不明,---
2024/01/03,10:29:05.5,能登半島沖,37°05.5′N,136°43.2′E,8 km,不明,---
2024/01/03,10:29:23.2,石川県能登地方,37°12.9′N,136°48.9′E,13 km,1.2,---
2024/01/03,10:29:38.1,石川県能登地方,37°14.1′N,136°48.0′E,8 km,1.4,---
2024/01/03,10:30:26.7,石川県能登地方,37°24.7′N,137°01.9′E,7 km,1.6,---
2024/01/03,10:30:41.4,能登半島沖,37°40.1′N,137°17.6′E,8 km,1.8,---
2024/01/03,10:30:57.8,石川県能登地方,37°11.4′N,136°51.6′E,11 km,1.5,---
2024/01/03,10:31:09.8,石川県能登地方,37°20.6′N,136°51.9′E,8 km,2.2,---
2024/01/03,10:31:45.1,石川県能登地方,37°20.3′N,136°52.2′E,8 km,1.8,---
2024/01/03,10:32:08.8,高知県西部,33°08.3′N,132°46.5′E,5 km,0.3,---
2024/01/03,10:33:18.8,石川県能登地方,37°12.2′N,136°42.8′E,10 km,1.2,---
2024/01/03,10:33:32.4,茨城県南部,36°09.6′N,140°10.0′E,59 km,0.5,---
2024/01/03,10:34:02.1,能登半島沖,37°19.5′N,136°41.4′E,10 km,1.8,---
2024/01/03,10:34:29.1,石川県能登地方,37°11.5′N,136°42.0′E,7 km,1.5,---
2024/01/03,10:34:30.4,能登半島沖,37°32.2′N,137°13.3′E,10 km,1.3,---
2024/01/03,10:34:56.7,能登半島沖,37°12.9′N,136°41.5′E,6 km,2.1,---
2024/01/03,10:35:27.2,天草灘,32°34.5′N,129°50.0′E,11 km,0.3,---
2024/01/03,10:35:30.5,石川県能登地方,37°26.4′N,137°06.4′E,10 km,1.4,---
2024/01/03,10:35:49.3,石川県能登地方,37°12.4′N,136°47.2′E,7 km,1.6,---
2024/01/03,10:35:56.3,茨城県沖,36°08.7′N,141°56.9′E,11 km,2.7,---
2024/01/03,10:36:01.7,石川県能登地方,37°27.9′N,137°10.2′E,12 km,2.4,---
2024/01/03,10:36:02.3,佐渡付近,37°52.5′N,137°49.6′E,19 km,3.8,---
2024/01/03,10:36:06.9,熊本県熊本地方,32°24.8′N,130°44.6′E,11 km,0.1,---
2024/01/03,10:37:53.1,愛知県西部,35°12.0′N,137°14.0′E,41 km,1.0,---
2024/01/03,10:37:55.4,宮城県沖,38°22.3′N,141°06.0′E,79 km,0.8,---
2024/01/03,10:38:03.6,能登半島沖,37°07.5′N,136°40.2′E,12 km,1.5,---
2024/01/03,10:38:52.1,石川県能登地方,37°09.3′N,136°43.0′E,3 km,1.3,---
2024/01/03,10:39:58.0,石川県能登地方,37°19.5′N,136°44.2′E,0 km,1.2,---
2024/01/03,10:40:22.7,能登半島沖,37°31.0′N,137°10.6′E,10 km,2.5,---
2024/01/03,10:40:35.5,佐渡付近,37°47.7′N,138°23.3′E,19 km,1.4,---
2024/01/03,10:41:15.7,新潟県上中越沖,37°39.5′N,137°34.8′E,15 km,2.6,---
2024/01/03,10:41:24.2,青森県東方沖,41°35.6′N,141°32.1′E,120 km,1.6,---
2024/01/03,10:43:24.8,富山県東部,36°29.0′N,137°26.7′E,9 km,0.3,---
2024/01/03,10:43:30.4,佐渡付近,37°44.2′N,138°08.9′E,21 km,1.4,---
2024/01/03,10:43:32.6,台湾付近,23°35.6′N,121°33.1′E,29 km,4.0,---
2024/01/03,10:44:00.6,石川県能登地方,37°10.8′N,136°49.1′E,11 km,2.6,---
2024/01/03,10:44:59.6,石川県能登地方,37°28.0′N,137°12.5′E,12 km,1.4,---
2024/01/03,10:46:27.4,佐渡付近,37°54.9′N,137°42.2′E,17 km,2.9,---
2024/01/03,10:46:29.5,茨城県沖,36°32.5′N,140°47.8′E,50 km,1.2,---
2024/01/03,10:46:43.5,和歌山県南部,33°43.5′N,135°26.2′E,15 km,0.1,---
2024/01/03,10:46:56.5,相模湾,35°07.5′N,139°16.7′E,1 km,0.1,---
2024/01/03,10:47:10.3,能登半島沖,37°08.4′N,136°41.4′E,6 km,2.1,---
2024/01/03,10:47:15.1,石川県能登地方,37°20.5′N,136°54.3′E,10 km,2.5,---
2024/01/03,10:47:59.5,能登半島沖,37°14.1′N,136°38.0′E,4 km,1.5,---
2024/01/03,10:48:42.4,佐渡付近,37°51.2′N,137°46.2′E,19 km,3.4,---
2024/01/03,10:49:05.9,石川県能登地方,37°13.8′N,136°45.5′E,8 km,3.2,---
2024/01/03,10:50:14.9,石川県能登地方,37°15.7′N,136°44.5′E,9 km,2.0,---
2024/01/03,10:50:24.2,東京都多摩東部,35°42.6′N,139°22.7′E,102 km,2.0,---
2024/01/03,10:50:26.9,石川県能登地方,37°26.1′N,137°05.7′E,8 km,2.0,---
2024/01/03,10:51:24.9,石川県能登地方,37°22.0′N,136°54.8′E,9 km,不明,---
2024/01/03,10:51:31.9,能登半島沖,37°07.5′N,136°37.5′E,11 km,1.7,---
2024/01/03,10:52:10.6,石川県能登地方,37°21.4′N,136°47.4′E,8 km,2.0,---
2024/01/03,10:53:05.5,能登半島沖,37°05.2′N,136°43.8′E,10 km,0.8,---
2024/01/03,10:53:11.5,新潟県上中越沖,37°40.7′N,137°31.1′E,15 km,1.8,---
2024/01/03,10:53:19.4,石川県能登地方,37°12.9′N,136°42.6′E,8 km,1.8,---
2024/01/03,10:53:28.8,石川県能登地方,37°09.2′N,136°41.9′E,11 km,1.7,---
2024/01/03,10:53:48.4,石川県能登地方,37°12.1′N,136°46.2′E,5 km,1.8,---
2024/01/03,10:54:35.0,石川県能登地方,37°22.4′N,136°52.3′E,13 km,5.6,---
2024/01/03,10:58:36.3,石川県能登地方,37°22.8′N,136°53.4′E,7 km,2.8,---
2024/01/03,11:00:22.2,福島県沖,37°44.8′N,141°51.3′E,43 km,2.1,---
2024/01/03,11:00:51.0,能登半島沖,37°29.9′N,137°21.8′E,8 km,1.3,---
2024/01/03,11:01:12.5,能登半島沖,37°12.1′N,136°40.7′E,5 km,1.6,---
2024/01/03,11:02:13.1,石川県能登地方,37°23.0′N,136°51.2′E,11 km,2.1,---
2024/01/03,11:02:40.8,石川県能登地方,37°12.0′N,136°43.4′E,6 km,1.4,---
2024/01/03,11:03:13.6,石川県能登地方,37°21.6′N,137°06.2′E,12 km,1.3,---
2024/01/03,11:03:25.4,石川県能登地方,37°29.3′N,137°09.8′E,12 km,1.8,---
2024/01/03,11:04:05.8,新潟県上中越沖,37°39.7′N,137°40.5′E,23 km,2.2,---
2024/01/03,11:04:45.0,石川県能登地方,37°22.8′N,136°52.9′E,7 km,1.8,---
2024/01/03,11:04:55.8,石川県能登地方,37°14.3′N,136°47.9′E,9 km,2.5,---
2024/01/03,11:05:19.5,石川県能登地方,37°10.4′N,136°46.4′E,7 km,2.0,---
2024/01/03,11:05:30.3,石川県能登地方,37°22.0′N,136°52.5′E,11 km,2.1,---
2024/01/03,11:06:13.8,石川県能登地方,37°11.6′N,136°43.6′E,7 km,1.2,---
2024/01/03,11:07:54.5,石川県能登地方,37°23.3′N,136°51.7′E,12 km,2.0,---
2024/01/03,11:09:33.6,富山県東部,36°30.3′N,137°30.0′E,8 km,0.5,---
2024/01/03,11:09:35.4,宮崎県北部平野部,32°22.2′N,131°27.3′E,62 km,0.2,---
2024/01/03,11:09:47.1,石川県能登地方,37°14.9′N,136°44.6′E,12 km,1.4,---
2024/01/03,11:10:53.7,石川県能登地方,37°29.7′N,137°16.5′E,12 km,1.7,---
2024/01/03,11:11:04.0,石川県能登地方,37°13.6′N,136°48.1′E,3 km,1.0,---
2024/01/03,11:11:33.6,能登半島沖,37°07.9′N,136°41.4′E,9 km,0.6,---
2024/01/03,11:11:50.8,石川県能登地方,37°20.6′N,136°55.1′E,4 km,1.6,---
2024/01/03,11:11:56.3,石川県能登地方,37°27.6′N,137°11.6′E,12 km,2.1,---
2024/01/03,11:12:14.1,新潟県上中越沖,37°38.0′N,137°35.3′E,13 km,2.7,---
2024/01/03,11:13:32.7,能登半島沖,37°25.0′N,136°56.6′E,0 km,2.6,---
2024/01/03,11:14:26.6,能登半島沖,37°06.9′N,136°39.4′E,9 km,1.7,---
2024/01/03,11:14:53.6,石川県能登地方,37°27.6′N,137°11.8′E,11 km,1.5,---
2024/01/03,11:15:07.6,石川県能登地方,37°20.4′N,136°53.4′E,9 km,2.0,---
2024/01/03,11:15:47.2,宗谷地方北部,45°02.8′N,141°53.8′E,0 km,1.1,---
2024/01/03,11:15:51.7,石川県能登地方,37°27.2′N,137°14.8′E,11 km,1.4,---
2024/01/03,11:15:55.2,能登半島沖,37°05.8′N,136°43.7′E,7 km,1.1,---
2024/01/03,11:16:11.0,石川県能登地方,37°11.4′N,136°44.9′E,4 km,1.1,---
2024/01/03,11:16:14.2,新潟県上中越沖,37°40.3′N,137°39.4′E,16 km,2.2,---
2024/01/03,11:16:25.6,福島県沖,37°48.9′N,141°35.1′E,49 km,0.7,---
2024/01/03,11:16:48.1,石川県能登地方,37°18.1′N,136°45.3′E,7 km,1.9,---
2024/01/03,11:16:52.9,佐渡付近,37°54.5′N,137°43.6′E,24 km,2.4,---
2024/01/03,11:17:52.0,石川県能登地方,37°27.2′N,137°13.3′E,12 km,2.0,---
2024/01/03,11:18:02.0,石川県能登地方,37°15.6′N,136°46.3′E,8 km,1.5,---
2024/01/03,11:18:42.8,宮城県沖,37°57.6′N,141°48.4′E,38 km,1.6,---
2024/01/03,11:18:46.4,和歌山県北部,34°01.9′N,135°19.0′E,8 km,-0.3,---
2024/01/03,11:18:47.8,石川県能登地方,37°18.1′N,136°46.7′E,5 km,1.5,---
2024/01/03,11:19:24.8,能登半島沖,37°35.4′N,137°19.4′E,6 km,1.5,---
2024/01/03,11:19:36.8,石川県能登地方,37°25.7′N,137°06.2′E,9 km,1.9,---
2024/01/03,11:19:57.9,石川県能登地方,37°22.9′N,136°53.1′E,2 km,1.8,---
2024/01/03,11:20:31.8,能登半島沖,37°30.6′N,137°24.3′E,14 km,2.2,---
2024/01/03,11:20:42.5,佐渡付近,37°51.8′N,137°46.2′E,13 km,2.4,---
2024/01/03,11:21:37.6,石川県能登地方,37°13.6′N,136°47.4′E,8 km,1.3,---
2024/01/03,11:22:13.5,石川県能登地方,37°20.9′N,136°53.1′E,11 km,2.2,---
2024/01/03,11:22:59.1,石川県能登地方,37°23.0′N,136°51.8′E,9 km,1.7,---
2024/01/03,11:23:21.6,佐渡付近,37°50.0′N,137°41.7′E,22 km,1.9,---
2024/01/03,11:24:03.5,佐渡付近,37°43.3′N,137°38.3′E,16 km,3.0,---
2024/01/03,11:24:16.9,石川県能登地方,37°13.8′N,136°48.0′E,10 km,2.6,---
2024/01/03,11:25:06.9,佐渡付近,37°45.5′N,137°40.7′E,16 km,2.2,---
2024/01/03,11:26:05.5,石川県能登地方,37°12.8′N,136°46.3′E,5 km,1.3,---
2024/01/03,11:27:04.9,石川県能登地方,37°26.4′N,137°07.7′E,11 km,1.8,---
2024/01/03,11:27:40.0,佐渡付近,37°52.6′N,137°51.7′E,15 km,1.6,---
2024/01/03,11:28:21.0,能登半島沖,37°07.8′N,136°41.6′E,11 km,1.4,---
2024/01/03,11:28:46.3,石川県能登地方,37°12.7′N,136°45.3′E,10 km,1.3,---
2024/01/03,11:29:21.9,能登半島沖,37°23.1′N,136°47.6′E,13 km,2.2,---
2024/01/03,11:29:43.4,神奈川県西部,35°35.3′N,139°21.7′E,52 km,1.1,---
2024/01/03,11:29:57.3,秋田県内陸北部,40°22.1′N,140°51.6′E,3 km,0.1,---
2024/01/03,11:30:10.9,石川県能登地方,37°22.2′N,136°56.3′E,7 km,1.7,---
2024/01/03,11:30:23.9,佐渡付近,37°44.7′N,137°37.0′E,19 km,2.4,---
2024/01/03,11:31:40.0,宮城県沖,38°23.4′N,142°05.9′E,35 km,1.6,---
2024/01/03,11:32:49.0,佐渡付近,37°53.8′N,137°42.3′E,18 km,1.6,---
2024/01/03,11:32:59.3,愛知県東部,34°56.6′N,137°26.1′E,37 km,0.3,---
2024/01/03,11:33:16.0,石川県能登地方,37°21.4′N,136°56.6′E,14 km,1.3,---
2024/01/03,11:33:56.4,能登半島沖,37°08.3′N,136°42.6′E,6 km,2.4,---
2024/01/03,11:35:17.9,石川県能登地方,37°21.7′N,137°00.0′E,8 km,2.1,---
2024/01/03,11:36:05.3,石川県能登地方,37°21.5′N,136°53.1′E,10 km,1.4,---
2024/01/03,11:36:48.1,石川県能登地方,37°20.6′N,136°57.0′E,11 km,3.0,---
2024/01/03,11:37:10.6,岩手県沖,39°07.9′N,142°23.4′E,24 km,1.3,---
2024/01/03,11:38:05.2,石川県能登地方,37°22.8′N,136°52.2′E,10 km,2.5,---
2024/01/03,11:38:42.1,石川県能登地方,37°10.8′N,136°47.0′E,8 km,1.5,---
2024/01/03,11:39:35.9,能登半島沖,37°31.9′N,137°08.5′E,0 km,1.1,---
2024/01/03,11:39:40.4,秋田県内陸北部,40°22.6′N,140°52.2′E,4 km,0.6,---
2024/01/03,11:39:52.8,能登半島沖,37°31.3′N,137°14.7′E,14 km,1.5,---
2024/01/03,11:40:29.8,能登半島沖,37°12.1′N,136°41.5′E,1 km,2.4,---
2024/01/03,11:40:46.4,三陸沖,39°16.9′N,143°36.4′E,11 km,1.4,---
2024/01/03,11:41:14.7,岩手県沖,39°32.0′N,142°36.3′E,44 km,2.0,---
2024/01/03,11:41:57.8,新潟県上中越沖,37°38.7′N,137°31.3′E,10 km,1.9,---
2024/01/03,11:42:54.4,佐渡付近,37°51.5′N,137°50.6′E,19 km,3.1,---
2024/01/03,11:44:18.1,石川県能登地方,37°15.1′N,136°48.9′E,13 km,1.5,---
2024/01/03,11:44:28.6,石川県能登地方,37°12.6′N,136°43.4′E,5 km,1.7,---
2024/01/03,11:44:32.8,佐渡付近,37°54.7′N,137°41.8′E,24 km,1.8,---
2024/01/03,11:44:57.5,佐渡付近,37°43.9′N,137°36.6′E,17 km,2.2,---
2024/01/03,11:45:56.4,能登半島沖,37°13.6′N,136°40.0′E,4 km,2.2,---
2024/01/03,11:46:33.4,佐渡付近,37°55.2′N,137°38.6′E,18 km,1.8,---
2024/01/03,11:46:38.4,茨城県北部,36°49.3′N,140°31.8′E,9 km,0.9,---
2024/01/03,11:47:42.0,能登半島沖,37°38.2′N,137°23.0′E,12 km,1.8,---
2024/01/03,11:48:04.6,佐渡付近,37°48.0′N,137°31.5′E,20 km,1.9,---
2024/01/03,11:48:28.0,石川県能登地方,37°27.5′N,137°12.1′E,12 km,4.2,---
2024/01/03,11:51:12.3,石川県西方沖,37°05.2′N,136°29.4′E,10 km,3.0,---
2024/01/03,11:51:16.1,新潟県上中越沖,37°39.1′N,137°32.9′E,19 km,1.9,---
2024/01/03,11:51:23.8,石川県西方沖,37°05.3′N,136°28.5′E,9 km,3.0,---
2024/01/03,11:52:13.0,石川県能登地方,37°22.9′N,136°55.8′E,9 km,2.1,---
2024/01/03,11:52:25.8,石川県能登地方,37°19.5′N,136°49.3′E,7 km,2.2,---
2024/01/03,11:52:59.5,石川県能登地方,37°15.0′N,136°56.5′E,9 km,0.9,---
2024/01/03,11:53:09.2,石川県能登地方,37°23.5′N,137°03.8′E,10 km,2.5,---
2024/01/03,11:54:05.9,石川県能登地方,37°10.6′N,136°53.1′E,11 km,1.6,---
2024/01/03,11:54:19.8,石川県能登地方,37°12.8′N,136°52.9′E,11 km,2.0,---
2024/01/03,11:54:22.9,宗谷地方北部,45°02.9′N,141°53.7′E,0 km,1.0,---
2024/01/03,11:54:42.0,石川県能登地方,37°10.1′N,136°42.3′E,9 km,1.5,---
2024/01/03,11:54:44.2,石川県能登地方,37°10.6′N,136°46.8′E,7 km,1.9,---
2024/01/03,11:54:52.5,十勝地方北部,43°35.1′N,143°45.6′E,6 km,0.2,---
2024/01/03,11:54:53.1,能登半島沖,37°16.3′N,136°43.4′E,4 km,1.9,---
2024/01/03,11:55:02.4,石川県能登地方,37°27.2′N,137°15.3′E,12 km,2.3,---
2024/01/03,11:55:08.3,能登半島沖,37°07.1′N,136°41.3′E,0 km,1.5,---
2024/01/03,11:55:16.6,佐渡付近,37°44.7′N,137°35.6′E,18 km,2.4,---
2024/01/03,11:55:27.0,熊本県天草・芦北地方,32°12.7′N,130°20.6′E,12 km,-0.5,---
2024/01/03,11:56:24.5,石川県能登地方,37°22.0′N,136°52.4′E,12 km,1.8,---
2024/01/03,11:56:35.6,鳥取県東部,35°12.8′N,134°14.1′E,9 km,1.1,---
2024/01/03,11:56:47.9,北海道南西沖,42°09.3′N,139°13.8′E,11 km,1.2,---
2024/01/03,11:56:51.3,宮城県沖,38°53.3′N,142°26.8′E,35 km,1.1,---
2024/01/03,11:57:12.0,石川県西方沖,37°05.0′N,136°29.3′E,10 km,1.2,---
2024/01/03,11:57:28.9,石川県能登地方,37°28.0′N,137°10.6′E,11 km,1.7,---
2024/01/03,11:57:49.3,石川県能登地方,37°25.9′N,137°06.0′E,6 km,3.7,---
2024/01/03,11:59:32.1,石川県西方沖,37°06.1′N,136°29.6′E,14 km,1.3,---
2024/01/03,11:59:36.7,能登半島沖,37°30.6′N,137°11.2′E,11 km,1.7,---
2024/01/03,12:00:08.9,宮崎県北部山沿い,32°43.8′N,131°15.0′E,13 km,0.4,---
2024/01/03,12:00:33.5,石川県能登地方,37°24.0′N,137°00.6′E,7 km,1.3,---
2024/01/03,12:00:55.8,佐渡付近,37°44.2′N,137°37.1′E,20 km,2.1,---
2024/01/03,12:01:09.0,佐渡付近,37°53.9′N,137°42.5′E,6 km,1.9,---
2024/01/03,12:01:30.6,石川県西方沖,37°05.6′N,136°29.2′E,9 km,2.0,---
2024/01/03,12:01:53.2,沖縄本島近海,26°48.5′N,128°07.6′E,33 km,1.5,---
2024/01/03,12:02:17.5,石川県西方沖,37°05.1′N,136°29.7′E,9 km,2.9,---
2024/01/03,12:02:41.8,石川県能登地方,37°11.8′N,136°45.9′E,2 km,3.4,---
2024/01/03,12:03:55.7,能登半島沖,37°23.8′N,136°34.0′E,31 km,1.6,---
2024/01/03,12:04:56.6,能登半島沖,37°06.7′N,136°38.9′E,12 km,2.1,---
2024/01/03,12:04:59.7,佐渡付近,37°44.0′N,137°58.5′E,20 km,1.8,---
2024/01/03,12:06:00.7,茨城県北部,36°46.5′N,140°34.4′E,7 km,-0.2,---
2024/01/03,12:06:05.6,佐渡付近,37°46.1′N,137°40.2′E,20 km,2.1,---
2024/01/03,12:07:16.8,能登半島沖,37°31.0′N,137°12.2′E,10 km,1.6,---
2024/01/03,12:07:36.9,石川県能登地方,37°11.0′N,136°41.9′E,7 km,2.0,---
2024/01/03,12:08:05.5,新潟県上中越沖,37°37.9′N,137°37.5′E,17 km,2.3,---
2024/01/03,12:08:41.0,石川県能登地方,37°20.5′N,136°58.8′E,13 km,1.7,---
2024/01/03,12:08:52.8,石川県能登地方,37°27.8′N,137°09.0′E,11 km,2.7,---
2024/01/03,12:10:05.0,和歌山県南方沖,33°29.4′N,135°28.3′E,10 km,0.8,---
2024/01/03,12:10:09.5,石川県能登地方,37°15.1′N,136°45.2′E,10 km,1.6,---
2024/01/03,12:10:40.2,能登半島沖,37°40.1′N,137°19.6′E,12 km,2.5,---
2024/01/03,12:10:48.5,石川県能登地方,37°12.9′N,136°49.6′E,5 km,1.6,---
2024/01/03,12:11:16.0,石川県能登地方,37°14.2′N,136°52.1′E,12 km,2.3,---
2024/01/03,12:11:49.8,能登半島沖,37°18.0′N,136°41.5′E,9 km,1.5,---
2024/01/03,12:12:41.8,千葉県東方沖,35°46.7′N,140°54.0′E,17 km,1.0,---
2024/01/03,12:12:45.0,佐渡付近,37°48.0′N,137°40.0′E,13 km,1.6,---
2024/01/03,12:13:48.2,新潟県上中越沖,37°36.9′N,137°32.3′E,15 km,2.6,---
2024/01/03,12:13:49.1,石川県能登地方,37°14.8′N,136°43.4′E,4 km,1.9,---
2024/01/03,12:14:20.9,福島県沖,37°48.5′N,141°39.8′E,55 km,1.0,---
2024/01/03,12:15:43.4,石川県能登地方,37°14.9′N,136°46.7′E,7 km,不明,---
2024/01/03,12:16:12.6,石川県能登地方,37°24.9′N,137°07.2′E,8 km,1.6,---
2024/01/03,12:16:22.5,石川県西方沖,37°05.7′N,136°31.9′E,12 km,1.7,---
2024/01/03,12:16:49.8,石川県能登地方,37°13.9′N,136°47.0′E,10 km,1.5,---
2024/01/03,12:16:59.9,石川県能登地方,37°13.4′N,136°44.2′E,8 km,1.6,---
2024/01/03,12:17:46.5,石川県能登地方,37°21.5′N,136°54.5′E,9 km,2.1,---
2024/01/03,12:18:38.8,能登半島沖,37°45.7′N,137°27.2′E,12 km,1.9,---
2024/01/03,12:19:06.0,石川県能登地方,37°15.3′N,136°46.3′E,9 km,1.5,---
2024/01/03,12:19:16.5,能登半島沖,37°05.2′N,136°37.2′E,13 km,1.5,---
2024/01/03,12:19:49.7,佐渡付近,37°43.2′N,137°35.7′E,18 km,1.9,---
2024/01/03,12:20:43.8,能登半島沖,37°08.8′N,136°41.6′E,14 km,1.3,---
2024/01/03,12:21:16.5,石川県能登地方,37°09.6′N,136°41.4′E,9 km,1.4,---
2024/01/03,12:21:39.5,沖縄本島近海,27°08.6′N,128°18.4′E,11 km,0.9,---
2024/01/03,12:21:48.7,佐渡付近,37°50.8′N,137°41.5′E,21 km,1.4,---
2024/01/03,12:21:52.4,能登半島沖,37°12.9′N,136°40.7′E,8 km,1.8,---
2024/01/03,12:22:06.2,青森県津軽北部,40°37.5′N,140°52.0′E,0 km,0.2,---
2024/01/03,12:22:29.5,石川県能登地方,37°11.2′N,136°49.3′E,11 km,1.3,---
2024/01/03,12:23:01.4,鳥島近海,31°26.4′N,138°47.9′E,394 km,3.3,---
2024/01/03,12:23:19.5,石川県能登地方,37°27.4′N,137°05.3′E,15 km,1.5,---
2024/01/03,12:23:19.7,佐渡付近,37°51.7′N,137°40.9′E,18 km,2.0,---
2024/01/03,12:24:01.2,佐渡付近,37°44.6′N,137°38.1′E,18 km,2.1,---
2024/01/03,12:24:03.9,石川県能登地方,37°21.3′N,137°01.1′E,11 km,1.7,---
2024/01/03,12:24:38.1,石川県能登地方,37°22.3′N,136°54.3′E,9 km,2.1,---
2024/01/03,12:25:20.2,佐渡付近,37°54.8′N,137°44.6′E,23 km,2.3,---
2024/01/03,12:25:43.3,石川県能登地方,37°24.9′N,137°01.9′E,7 km,2.0,---
2024/01/03,12:26:27.8,石川県能登地方,37°18.7′N,136°44.7′E,10 km,1.6,---
2024/01/03,12:26:32.3,佐渡付近,37°51.8′N,137°39.4′E,12 km,1.5,---
2024/01/03,12:26:45.3,石川県能登地方,37°21.8′N,136°52.0′E,11 km,1.6,---
2024/01/03,12:27:16.0,能登半島沖,37°12.4′N,136°41.5′E,2 km,2.2,---
2024/01/03,12:28:23.2,茨城県沖,36°15.6′N,140°56.5′E,37 km,0.6,---
2024/01/03,12:28:29.3,能登半島沖,37°11.9′N,136°39.5′E,8 km,3.2,---
2024/01/03,12:31:01.8,石川県能登地方,37°14.5′N,136°48.5′E,9 km,1.0,---
2024/01/03,12:31:27.5,石川県能登地方,37°25.2′N,137°08.7′E,6 km,2.0,---
2024/01/03,12:31:29.1,宗谷地方北部,45°02.7′N,141°52.4′E,0 km,0.5,---
2024/01/03,12:31:54.0,能登半島沖,37°32.2′N,137°15.6′E,5 km,2.4,---
2024/01/03,12:33:56.0,石川県能登地方,37°22.3′N,136°56.4′E,8 km,1.4,---
2024/01/03,12:34:18.4,石川県能登地方,37°20.3′N,137°01.0′E,9 km,2.2,---
2024/01/03,12:34:32.7,石川県能登地方,37°17.8′N,136°48.0′E,11 km,2.4,---
2024/01/03,12:35:11.3,佐渡付近,37°54.4′N,137°44.5′E,22 km,2.1,---
2024/01/03,12:35:31.7,石川県能登地方,37°22.6′N,136°47.7′E,13 km,2.1,---
2024/01/03,12:36:34.4,石川県能登地方,37°20.4′N,136°49.6′E,10 km,2.5,---
2024/01/03,12:36:41.0,石川県能登地方,37°18.8′N,136°54.3′E,12 km,2.5,---
2024/01/03,12:37:23.1,能登半島沖,37°14.2′N,136°38.4′E,5 km,4.3,---
2024/01/03,12:38:36.4,能登半島沖,37°29.6′N,137°27.2′E,16 km,2.8,---
2024/01/03,12:39:30.6,能登半島沖,37°14.0′N,136°39.8′E,4 km,1.7,---
2024/01/03,12:40:07.7,熊本県熊本地方,32°40.8′N,130°44.5′E,11 km,0.5,---
2024/01/03,12:40:18.4,石川県能登地方,37°20.1′N,136°58.3′E,13 km,2.1,---
2024/01/03,12:40:44.1,能登半島沖,37°39.0′N,137°24.9′E,14 km,1.6,---
2024/01/03,12:40:46.1,能登半島沖,37°15.4′N,136°41.1′E,4 km,1.7,---
2024/01/03,12:42:50.7,佐渡付近,37°43.0′N,137°30.7′E,18 km,1.5,---
2024/01/03,12:43:15.5,佐渡付近,37°52.6′N,137°46.7′E,19 km,3.0,---
2024/01/03,12:43:34.6,能登半島沖,37°34.0′N,137°12.5′E,15 km,2.1,---
2024/01/03,12:43:42.2,十勝地方中部,42°50.8′N,143°37.4′E,115 km,1.2,---
2024/01/03,12:44:34.7,熊本県阿蘇地方,32°59.2′N,131°05.0′E,11 km,0.4,---
2024/01/03,12:44:45.1,佐渡付近,37°46.9′N,138°06.1′E,20 km,2.8,---
2024/01/03,12:45:25.4,石川県能登地方,37°23.9′N,136°58.7′E,3 km,1.9,---
2024/01/03,12:45:37.8,石川県加賀地方,36°26.1′N,136°47.4′E,10 km,1.4,---
2024/01/03,12:46:01.5,能登半島沖,37°40.3′N,137°25.8′E,14 km,1.7,---
2024/01/03,12:46:08.7,石川県能登地方,37°18.2′N,136°47.2′E,0 km,1.1,---
2024/01/03,12:46:33.0,日向灘,31°44.2′N,131°52.2′E,24 km,0.5,---
2024/01/03,12:46:37.8,佐渡付近,37°46.7′N,138°05.8′E,20 km,3.0,---
2024/01/03,12:47:59.4,能登半島沖,37°17.9′N,136°44.2′E,9 km,1.9,---
2024/01/03,12:48:17.4,佐渡付近,37°46.6′N,138°05.9′E,20 km,4.1,---
2024/01/03,12:49:58.4,石川県能登地方,37°24.3′N,136°52.8′E,11 km,1.6,---
2024/01/03,12:50:17.6,岩手県沖,40°08.2′N,142°19.2′E,39 km,1.2,---
2024/01/03,12:50:57.9,佐渡付近,37°54.6′N,137°45.0′E,24 km,2.5,---
2024/01/03,12:51:34.7,石川県能登地方,37°24.9′N,137°11.8′E,15 km,2.1,---
2024/01/03,12:51:44.9,佐渡付近,37°47.2′N,138°04.4′E,18 km,1.6,---
2024/01/03,12:51:52.6,富山県東部,36°28.8′N,137°26.1′E,8 km,2.5,---
2024/01/03,12:53:10.7,石川県能登地方,37°27.7′N,137°08.0′E,11 km,1.1,---
2024/01/03,12:53:31.0,石川県能登地方,37°19.2′N,136°45.1′E,10 km,1.0,---
2024/01/03,12:53:39.1,石川県能登地方,37°30.1′N,137°14.5′E,12 km,1.9,---
2024/01/03,12:54:01.9,和歌山県北部,34°00.0′N,135°13.4′E,7 km,0.3,---
2024/01/03,12:54:05.9,石川県能登地方,37°18.2′N,136°44.9′E,9 km,1.8,---
2024/01/03,12:54:11.2,新潟県上中越沖,37°38.5′N,137°36.3′E,22 km,不明,---
2024/01/03,12:54:15.0,新潟県上中越沖,37°38.8′N,137°36.4′E,23 km,5.0,---
2024/01/03,12:55:29.9,石川県能登地方,37°27.1′N,137°08.8′E,11 km,4.0,---
2024/01/03,12:57:01.8,石川県能登地方,37°16.7′N,136°50.0′E,7 km,2.0,---
2024/01/03,12:57:24.8,石川県能登地方,37°24.0′N,137°07.8′E,13 km,2.0,---
2024/01/03,12:59:30.9,能登半島沖,37°34.3′N,137°23.9′E,9 km,1.7,---
2024/01/03,12:59:39.4,石川県能登地方,37°14.3′N,136°43.6′E,8 km,2.3,---
2024/01/03,13:00:06.5,佐渡付近,37°54.1′N,137°46.3′E,19 km,2.6,---
2024/01/03,13:00:47.2,石川県能登地方,37°29.7′N,137°14.4′E,8 km,1.3,---
2024/01/03,13:01:16.5,石川県能登地方,37°21.9′N,137°03.1′E,9 km,1.4,---
2024/01/03,13:01:31.7,石川県能登地方,37°21.1′N,136°49.2′E,8 km,2.2,---
2024/01/03,13:02:24.2,石川県能登地方,37°27.0′N,137°16.0′E,14 km,1.8,---
2024/01/03,13:02:30.5,石川県能登地方,37°28.3′N,137°09.5′E,11 km,2.1,---
2024/01/03,13:02:48.0,能登半島沖,37°42.0′N,137°28.6′E,21 km,2.2,---
2024/01/03,13:02:57.5,石川県能登地方,37°22.3′N,136°59.1′E,7 km,2.6,---
2024/01/03,13:03:04.1,能登半島沖,37°10.1′N,136°39.8′E,9 km,2.8,---
2024/01/03,13:04:02.7,能登半島沖,37°12.4′N,136°39.0′E,2 km,1.7,---
2024/01/03,13:04:30.8,能登半島沖,37°11.9′N,136°40.7′E,6 km,1.4,---
2024/01/03,13:04:32.0,能登半島沖,37°40.4′N,137°27.0′E,15 km,4.1,---
2024/01/03,13:07:04.6,石川県能登地方,37°27.2′N,137°15.9′E,13 km,2.4,---
2024/01/03,13:07:12.4,石川県能登地方,37°12.1′N,136°42.1′E,10 km,1.9,---
2024/01/03,13:07:32.9,石川県能登地方,37°15.6′N,136°50.3′E,12 km,2.3,---
2024/01/03,13:07:47.8,石川県能登地方,37°14.8′N,136°50.1′E,14 km,2.2,---
2024/01/03,13:08:02.7,岩手県沖,39°43.3′N,142°27.4′E,19 km,1.0,---
2024/01/03,13:08:07.7,石川県能登地方,37°18.6′N,136°50.1′E,10 km,1.6,---
2024/01/03,13:08:43.2,石川県能登地方,37°10.7′N,136°44.5′E,6 km,1.8,---
2024/01/03,13:08:49.7,石川県能登地方,37°22.2′N,137°05.0′E,12 km,1.9,---
2024/01/03,13:09:07.7,石川県能登地方,37°21.0′N,137°08.2′E,7 km,1.6,---
2024/01/03,13:09:20.4,石川県能登地方,37°27.0′N,137°15.2′E,12 km,1.7,---
2024/01/03,13:09:40.1,長野県南部,35°53.0′N,138°05.9′E,11 km,0.4,---
2024/01/03,13:10:06.5,長野県中部,36°20.5′N,138°02.1′E,5 km,-0.2,---
2024/01/03,13:10:47.1,種子島近海,30°53.7′N,130°16.4′E,141 km,1.4,---
2024/01/03,13:10:49.5,栃木県南部,36°39.0′N,139°30.7′E,8 km,0.6,---
2024/01/03,13:10:51.8,栃木県南部,36°39.0′N,139°30.9′E,8 km,0.7,---
2024/01/03,13:11:03.2,石川県能登地方,37°17.6′N,136°49.3′E,7 km,1.1,---
2024/01/03,13:12:58.9,石川県能登地方,37°11.1′N,136°42.7′E,5 km,1.4,---
2024/01/03,13:13:01.0,石川県能登地方,37°27.6′N,137°15.0′E,13 km,1.7,---
2024/01/03,13:13:03.2,日向灘,32°30.6′N,132°17.4′E,26 km,0.8,---
2024/01/03,13:14:12.8,能登半島沖,37°07.1′N,136°41.5′E,12 km,1.0,---
2024/01/03,13:14:54.2,石川県能登地方,37°20.1′N,136°57.4′E,10 km,1.1,---
2024/01/03,13:15:06.5,能登半島沖,37°13.6′N,136°40.3′E,6 km,1.8,---
2024/01/03,13:15:20.1,石川県能登地方,37°19.0′N,136°55.7′E,13 km,1.9,---
2024/01/03,13:15:36.9,能登半島沖,37°14.0′N,136°38.6′E,6 km,1.9,---
2024/01/03,13:15:54.3,石川県能登地方,37°20.5′N,136°51.9′E,9 km,2.2,---
2024/01/03,13:16:15.0,石川県能登地方,37°28.0′N,137°10.1′E,13 km,1.8,---
2024/01/03,13:17:26.0,佐渡付近,37°51.6′N,137°51.6′E,17 km,2.4,---
2024/01/03,13:17:39.1,石川県能登地方,37°18.0′N,136°44.5′E,10 km,1.7,---
2024/01/03,13:17:44.4,新潟県上中越沖,37°38.3′N,137°35.9′E,14 km,2.7,---
2024/01/03,13:18:18.1,石川県能登地方,37°17.9′N,136°50.6′E,12 km,2.1,---
2024/01/03,13:18:48.1,石川県能登地方,37°10.8′N,136°45.4′E,5 km,1.9,---
2024/01/03,13:19:16.0,石川県能登地方,37°15.4′N,136°50.9′E,14 km,1.4,---
2024/01/03,13:19:55.7,三陸沖,39°07.4′N,143°01.6′E,20 km,1.8,---
2024/01/03,13:20:20.4,石川県能登地方,37°27.6′N,137°09.1′E,13 km,1.4,---
2024/01/03,13:20:37.5,石川県能登地方,37°17.9′N,136°45.7′E,11 km,1.5,---
2024/01/03,13:21:33.5,石川県西方沖,37°02.0′N,136°28.7′E,15 km,2.0,---
2024/01/03,13:21:55.8,石川県能登地方,37°22.6′N,136°51.9′E,11 km,2.6,---
2024/01/03,13:22:32.6,石川県能登地方,37°21.9′N,136°53.6′E,11 km,1.9,---
2024/01/03,13:23:06.0,沖縄本島近海,27°03.5′N,127°54.2′E,60 km,1.0,---
2024/01/03,13:23:11.1,石川県能登地方,37°26.9′N,137°15.4′E,15 km,2.0,---
2024/01/03,13:24:13.7,佐渡付近,37°44.4′N,137°44.2′E,24 km,1.1,---
2024/01/03,13:25:30.4,能登半島沖,37°35.1′N,137°24.9′E,13 km,2.5,---
2024/01/03,13:26:25.0,能登半島沖,37°32.5′N,137°13.3′E,11 km,1.3,---
2024/01/03,13:26:44.4,能登半島沖,37°07.9′N,136°41.6′E,6 km,3.1,---
2024/01/03,13:27:41.9,能登半島沖,37°14.9′N,136°41.7′E,6 km,2.1,---
2024/01/03,13:27:58.6,石川県能登地方,37°12.0′N,136°51.2′E,9 km,2.0,---
2024/01/03,13:28:29.3,石川県能登地方,37°21.7′N,136°52.5′E,9 km,1.7,---
2024/01/03,13:28:41.0,佐渡付近,37°46.0′N,137°33.7′E,16 km,2.6,---
2024/01/03,13:28:44.8,能登半島沖,37°07.1′N,136°39.9′E,13 km,1.8,---
2024/01/03,13:29:13.2,石川県能登地方,37°30.1′N,137°19.6′E,12 km,1.6,---
2024/01/03,13:29:43.1,石川県能登地方,37°11.5′N,136°44.0′E,8 km,1.6,---
2024/01/03,13:30:19.4,新潟県上中越沖,37°39.5′N,137°30.4′E,13 km,3.0,---
2024/01/03,13:30:45.5,石川県能登地方,37°22.7′N,136°52.3′E,10 km,2.0,---
2024/01/03,13:31:49.7,佐渡付近,37°43.1′N,137°38.3′E,16 km,1.9,---
2024/01/03,13:32:30.6,石川県能登地方,37°13.7′N,136°47.8′E,9 km,1.4,---
2024/01/03,13:32:58.6,佐渡付近,37°53.3′N,137°49.5′E,19 km,2.5,---
2024/01/03,13:33:22.5,石川県能登地方,37°09.5′N,136°43.3′E,7 km,1.7,---
2024/01/03,13:33:41.4,佐渡付近,37°42.9′N,137°35.9′E,17 km,1.9,---
2024/01/03,13:34:15.5,新潟県下越地方,38°25.5′N,139°40.7′E,10 km,1.7,---
2024/01/03,13:34:20.7,十勝沖,42°25.7′N,143°25.9′E,53 km,0.4,---
2024/01/03,13:34:25.2,石川県能登地方,37°27.3′N,137°12.6′E,13 km,1.6,---
2024/01/03,13:35:51.5,佐渡付近,37°53.4′N,137°44.3′E,22 km,0.4,---
2024/01/03,13:35:56.8,宮古島近海,24°39.3′N,125°14.7′E,49 km,1.6,---
2024/01/03,13:37:08.3,能登半島沖,37°15.6′N,136°41.7′E,6 km,0.9,---
2024/01/03,13:37:28.2,能登半島沖,37°37.6′N,137°28.0′E,0 km,1.6,---
2024/01/03,13:37:53.0,石川県能登地方,37°23.3′N,137°02.3′E,9 km,2.6,---
2024/01/03,13:38:28.4,能登半島沖,37°34.4′N,137°11.5′E,9 km,1.7,---
2024/01/03,13:39:18.2,石川県能登地方,37°21.0′N,136°52.6′E,11 km,3.2,---
2024/01/03,13:39:37.2,紀伊水道,34°07.2′N,135°08.2′E,6 km,0.4,---
2024/01/03,13:39:58.6,宮城県沖,37°57.6′N,141°47.9′E,35 km,1.0,---
2024/01/03,13:40:24.5,石川県能登地方,37°24.2′N,137°06.9′E,11 km,2.3,---
2024/01/03,13:40:40.6,能登半島沖,37°12.3′N,136°41.9′E,2 km,3.1,---
2024/01/03,13:41:02.4,佐渡付近,37°44.2′N,137°41.4′E,21 km,2.1,---
2024/01/03,13:41:31.0,日向灘,32°23.2′N,131°51.5′E,32 km,0.1,---
2024/01/03,13:41:47.6,能登半島沖,37°08.6′N,136°41.3′E,9 km,1.2,---
2024/01/03,13:42:05.0,石川県能登地方,37°22.4′N,136°57.1′E,9 km,1.6,---
2024/01/03,13:42:43.4,新潟県上中越沖,37°37.4′N,137°31.4′E,14 km,1.8,---
2024/01/03,13:42:48.2,茨城県北部,36°49.8′N,140°31.1′E,8 km,0.0,---
2024/01/03,13:43:11.1,能登半島沖,37°33.6′N,137°27.4′E,10 km,1.8,---
2024/01/03,13:43:30.5,能登半島沖,37°30.7′N,137°08.9′E,0 km,1.2,---
2024/01/03,13:43:57.2,石川県能登地方,37°27.8′N,137°12.1′E,10 km,1.0,---
2024/01/03,13:44:08.1,瀬戸内海中部,34°22.6′N,133°09.3′E,22 km,1.8,---
2024/01/03,13:44:09.0,能登半島沖,37°34.0′N,137°22.7′E,12 km,4.1,---
2024/01/03,13:45:44.5,佐渡付近,37°43.4′N,137°38.7′E,0 km,不明,---
2024/01/03,13:45:52.8,石川県能登地方,37°09.0′N,136°51.9′E,12 km,2.1,---
2024/01/03,13:46:36.2,石川県能登地方,37°11.5′N,136°44.8′E,7 km,2.8,---
2024/01/03,13:47:26.0,石川県能登地方,37°15.1′N,136°49.9′E,13 km,1.3,---
2024/01/03,13:48:28.4,石川県能登地方,37°22.4′N,136°57.8′E,0 km,1.4,---
2024/01/03,13:48:53.7,佐渡付近,37°43.0′N,137°34.7′E,22 km,2.7,---
2024/01/03,13:49:58.2,石川県能登地方,37°23.1′N,136°53.6′E,0 km,1.6,---
2024/01/03,13:50:21.3,佐渡付近,37°42.1′N,137°33.9′E,21 km,2.1,---
2024/01/03,13:50:58.4,愛知県東部,35°02.3′N,137°41.2′E,9 km,0.2,---
2024/01/03,13:52:19.1,能登半島沖,37°14.0′N,136°38.8′E,16 km,1.4,---
2024/01/03,13:53:05.1,能登半島沖,37°25.3′N,136°47.1′E,4 km,1.5,---
2024/01/03,13:53:37.6,石川県能登地方,37°19.5′N,136°58.3′E,19 km,1.2,---
2024/01/03,13:54:15.5,能登半島沖,37°44.0′N,137°17.9′E,13 km,1.6,---
2024/01/03,13:54:26.2,石川県能登地方,37°11.5′N,136°42.6′E,10 km,1.5,---
2024/01/03,13:54:50.0,石川県能登地方,37°25.9′N,137°05.3′E,9 km,1.3,---
2024/01/03,13:55:17.7,八丈島東方沖,32°55.6′N,142°22.2′E,63 km,3.7,---
2024/01/03,13:55:23.9,石川県能登地方,37°20.7′N,136°51.9′E,11 km,1.6,---
2024/01/03,13:55:47.8,日向灘,31°43.9′N,131°46.6′E,10 km,0.8,---
2024/01/03,13:55:51.6,石川県能登地方,37°28.0′N,137°11.8′E,13 km,1.6,---
2024/01/03,13:56:03.3,佐渡付近,37°48.3′N,137°51.0′E,17 km,1.8,---
2024/01/03,13:56:51.9,石川県能登地方,37°11.9′N,136°45.9′E,7 km,2.3,---
2024/01/03,13:57:47.7,石川県能登地方,37°13.1′N,136°47.2′E,6 km,1.5,---
2024/01/03,13:57:53.6,三重県南東沖,33°56.4′N,136°16.1′E,33 km,0.9,---
2024/01/03,13:58:01.2,石川県能登地方,37°26.4′N,137°08.0′E,11 km,1.8,---
2024/01/03,13:58:10.0,石川県能登地方,37°11.2′N,136°45.0′E,6 km,2.5,---
2024/01/03,13:58:37.1,石川県能登地方,37°27.2′N,137°15.5′E,14 km,2.4,---
2024/01/03,13:59:00.0,新潟県上中越沖,37°37.6′N,137°33.8′E,20 km,2.9,---
2024/01/03,13:59:36.3,石川県能登地方,37°22.1′N,137°05.9′E,9 km,1.8,---
2024/01/03,14:00:33.5,石川県能登地方,37°09.3′N,136°44.1′E,3 km,2.3,---
2024/01/03,14:01:08.1,石川県能登地方,37°13.3′N,136°49.0′E,11 km,2.1,---
2024/01/03,14:01:45.2,石川県能登地方,37°19.8′N,136°47.7′E,8 km,1.7,---
2024/01/03,14:01:58.5,宮古島近海,24°38.5′N,125°14.3′E,27 km,1.6,---
2024/01/03,14:02:23.3,長野県南部,35°52.0′N,137°37.4′E,6 km,-0.4,---
2024/01/03,14:02:31.0,石川県能登地方,37°21.9′N,137°02.1′E,7 km,1.7,---
2024/01/03,14:02:39.6,青森県東方沖,41°31.0′N,142°21.9′E,42 km,1.0,---
2024/01/03,14:03:14.5,石川県能登地方,37°09.4′N,136°44.4′E,11 km,1.2,---
2024/01/03,14:03:43.3,石川県能登地方,37°21.5′N,136°52.3′E,9 km,2.2,---
2024/01/03,14:04:07.9,能登半島沖,37°35.0′N,137°22.4′E,9 km,3.1,---
2024/01/03,14:04:36.1,石川県能登地方,37°13.7′N,136°48.8′E,10 km,2.7,---
2024/01/03,14:05:17.4,神奈川県西部,35°13.2′N,139°01.4′E,0 km,-0.3,---
2024/01/03,14:06:08.2,石川県能登地方,37°28.4′N,137°07.6′E,11 km,1.5,---
2024/01/03,14:06:44.6,石川県能登地方,37°21.9′N,136°51.8′E,10 km,2.6,---
2024/01/03,14:07:36.1,石川県能登地方,37°19.4′N,136°58.9′E,7 km,1.6,---
2024/01/03,14:08:36.4,石川県能登地方,37°10.6′N,136°54.0′E,10 km,1.6,---
2024/01/03,14:09:02.4,石川県能登地方,37°12.3′N,136°48.2′E,8 km,1.6,---
2024/01/03,14:09:22.4,豊後水道,33°12.8′N,132°21.8′E,37 km,0.2,---
2024/01/03,14:09:26.2,能登半島沖,37°30.7′N,137°10.5′E,11 km,1.5,---
2024/01/03,14:09:55.7,富山湾,37°00.0′N,137°19.6′E,6 km,0.9,---
2024/01/03,14:10:05.9,能登半島沖,37°08.6′N,136°43.7′E,6 km,1.9,---
2024/01/03,14:10:59.5,石川県能登地方,37°16.0′N,136°48.4′E,11 km,1.4,---
2024/01/03,14:11:43.4,能登半島沖,37°23.3′N,136°36.2′E,3 km,1.5,---
2024/01/03,14:11:54.0,石川県西方沖,37°05.6′N,136°29.5′E,8 km,1.7,---
2024/01/03,14:12:17.5,石川県能登地方,37°20.0′N,136°57.4′E,8 km,2.4,---
2024/01/03,14:12:53.2,能登半島沖,37°33.8′N,137°25.7′E,7 km,1.7,---
2024/01/03,14:13:39.2,石川県能登地方,37°13.2′N,136°47.6′E,13 km,0.9,---
2024/01/03,14:14:11.3,石川県能登地方,37°19.8′N,136°44.5′E,11 km,1.2,---
2024/01/03,14:15:02.8,奄美大島近海,27°19.9′N,129°18.2′E,27 km,不明,---
2024/01/03,14:15:09.4,能登半島沖,37°09.0′N,136°36.7′E,10 km,1.5,---
2024/01/03,14:15:49.2,佐渡付近,37°49.4′N,137°45.8′E,17 km,0.8,---
2024/01/03,14:15:59.3,能登半島沖,37°08.7′N,136°38.0′E,13 km,0.9,---
2024/01/03,14:16:30.5,石川県能登地方,37°27.4′N,137°14.9′E,14 km,1.5,---
2024/01/03,14:17:32.3,佐渡付近,37°53.2′N,137°49.7′E,17 km,2.3,---
2024/01/03,14:18:15.3,石川県能登地方,37°13.6′N,136°44.5′E,1 km,不明,---
2024/01/03,14:18:53.7,石川県西方沖,37°07.6′N,136°29.0′E,12 km,1.6,---
2024/01/03,14:19:15.1,石川県能登地方,37°25.8′N,137°03.0′E,7 km,2.0,---
2024/01/03,14:19:17.9,宮崎県南部山沿い,31°56.3′N,131°02.0′E,8 km,-0.7,---
2024/01/03,14:19:26.7,佐渡付近,37°52.1′N,137°48.0′E,14 km,1.5,---
2024/01/03,14:19:47.9,石川県西方沖,37°04.7′N,136°29.2′E,6 km,2.2,---
2024/01/03,14:20:35.8,石川県能登地方,37°16.7′N,136°45.9′E,11 km,1.6,---
2024/01/03,14:20:43.9,茨城県沖,36°37.3′N,141°32.0′E,39 km,1.6,---
2024/01/03,14:20:47.9,福島県沖,37°46.6′N,141°34.9′E,52 km,1.1,---
2024/01/03,14:21:16.5,石川県能登地方,37°13.6′N,136°48.7′E,9 km,1.5,---
2024/01/03,14:21:23.2,石川県西方沖,37°05.0′N,136°29.4′E,10 km,1.7,---
2024/01/03,14:22:21.2,奄美大島近海,28°12.6′N,128°59.7′E,67 km,1.6,---
2024/01/03,14:22:33.3,石川県能登地方,37°09.3′N,136°42.5′E,9 km,0.9,---
2024/01/03,14:23:12.5,能登半島沖,37°32.1′N,137°12.6′E,10 km,2.1,---
2024/01/03,14:23:59.3,石川県能登地方,37°18.9′N,136°54.4′E,12 km,2.9,---
2024/01/03,14:24:47.6,佐渡付近,37°52.8′N,137°44.1′E,20 km,2.3,---
2024/01/03,14:25:46.3,新潟県上中越沖,37°41.8′N,137°34.4′E,18 km,1.6,---
2024/01/03,14:25:57.0,鹿児島湾,31°24.4′N,130°37.8′E,12 km,0.0,---
2024/01/03,14:26:18.8,石川県能登地方,37°17.3′N,136°46.5′E,14 km,1.3,---
2024/01/03,14:26:19.7,紀伊水道,34°10.8′N,135°07.6′E,8 km,0.2,---
2024/01/03,14:26:35.7,佐渡付近,37°48.6′N,137°53.7′E,20 km,1.8,---
2024/01/03,14:27:18.7,石川県能登地方,37°19.8′N,136°55.2′E,11 km,1.9,---
2024/01/03,14:27:20.9,新潟県上中越沖,37°36.9′N,137°32.2′E,24 km,3.0,---
2024/01/03,14:28:25.6,和歌山県南方沖,33°33.3′N,135°05.9′E,16 km,0.3,---
2024/01/03,14:28:41.9,佐渡付近,37°55.7′N,137°42.2′E,19 km,2.2,---
2024/01/03,14:29:32.2,北海道東方沖,43°32.8′N,147°03.6′E,91 km,2.5,---
2024/01/03,14:29:34.7,石川県能登地方,37°11.9′N,136°45.8′E,10 km,1.3,---
2024/01/03,14:29:38.8,大阪湾,34°31.0′N,135°17.0′E,11 km,0.6,---
2024/01/03,14:30:24.6,新潟県上中越沖,37°41.1′N,137°35.6′E,19 km,1.9,---
2024/01/03,14:30:32.1,能登半島沖,37°09.2′N,136°40.7′E,12 km,1.4,---
2024/01/03,14:31:07.9,石川県能登地方,37°17.2′N,136°48.2′E,10 km,1.0,---
2024/01/03,14:31:26.1,石川県能登地方,37°12.7′N,136°43.6′E,3 km,2.8,---
2024/01/03,14:31:45.0,島根県西部,35°11.7′N,132°34.8′E,13 km,0.8,---
2024/01/03,14:32:00.9,和歌山県北部,33°56.9′N,135°14.1′E,10 km,-0.5,---
2024/01/03,14:32:19.8,石川県能登地方,37°19.3′N,136°59.9′E,8 km,2.1,---
2024/01/03,14:32:27.4,三陸沖,39°09.2′N,142°53.2′E,23 km,2.7,---
2024/01/03,14:33:10.2,石川県能登地方,37°23.7′N,137°07.3′E,11 km,1.9,---
2024/01/03,14:33:30.8,佐渡付近,37°55.3′N,137°42.9′E,23 km,2.1,---
2024/01/03,14:34:37.5,能登半島沖,37°26.2′N,137°00.7′E,2 km,1.5,---
2024/01/03,14:34:57.1,栃木県北部,36°58.7′N,139°28.4′E,6 km,0.5,---
2024/01/03,14:35:01.2,熊本県熊本地方,32°24.3′N,130°34.3′E,14 km,0.1,---
2024/01/03,14:35:03.7,石川県能登地方,37°03.2′N,136°48.4′E,3 km,2.0,---
2024/01/03,14:36:04.7,石川県能登地方,37°12.3′N,136°44.9′E,10 km,1.5,---
2024/01/03,14:36:07.3,佐渡付近,37°53.3′N,137°45.7′E,15 km,2.1,---
2024/01/03,14:36:57.3,石川県能登地方,37°13.4′N,137°01.7′E,18 km,1.3,---
2024/01/03,14:37:29.0,石川県能登地方,37°22.1′N,136°58.0′E,10 km,2.7,---
2024/01/03,14:38:03.4,岩手県沖,40°26.6′N,141°49.4′E,68 km,0.8,---
2024/01/03,14:38:32.6,石川県能登地方,37°12.9′N,136°50.5′E,11 km,1.2,---
2024/01/03,14:38:36.7,新潟県上中越沖,37°41.5′N,137°34.7′E,16 km,1.4,---
2024/01/03,14:39:32.7,能登半島沖,37°06.6′N,136°39.5′E,0 km,0.9,---
2024/01/03,14:39:43.1,佐渡付近,38°02.1′N,137°49.8′E,15 km,1.7,---
2024/01/03,14:39:55.9,能登半島沖,37°22.4′N,136°43.3′E,12 km,1.3,---
2024/01/03,14:40:12.9,能登半島沖,37°39.0′N,137°23.4′E,21 km,2.1,---
2024/01/03,14:40:21.9,石川県能登地方,37°14.4′N,136°49.1′E,11 km,2.5,---
2024/01/03,14:41:42.7,能登半島沖,37°35.6′N,137°21.5′E,13 km,1.6,---
2024/01/03,14:42:33.1,富山湾,37°24.5′N,137°15.3′E,14 km,1.6,---
2024/01/03,14:42:36.6,岐阜県美濃中西部,35°36.2′N,136°33.1′E,9 km,0.3,---
2024/01/03,14:42:56.8,能登半島沖,37°37.9′N,137°28.6′E,15 km,2.3,---
2024/01/03,14:43:33.3,石川県能登地方,37°22.4′N,136°52.2′E,11 km,1.8,---
2024/01/03,14:44:00.2,石川県能登地方,37°26.8′N,137°14.9′E,14 km,1.6,---
2024/01/03,14:44:25.1,石川県能登地方,37°27.5′N,137°15.2′E,15 km,1.8,---
2024/01/03,14:44:27.9,千葉県南東沖,34°47.9′N,140°47.4′E,48 km,0.9,---
2024/01/03,14:45:01.1,石川県能登地方,37°28.0′N,137°12.3′E,11 km,1.8,---
2024/01/03,14:45:30.9,石川県能登地方,37°24.0′N,137°12.4′E,13 km,2.0,---
2024/01/03,14:46:10.2,石川県能登地方,37°29.1′N,137°18.6′E,13 km,1.8,---
2024/01/03,14:46:32.2,福島県沖,37°50.6′N,141°35.6′E,47 km,1.0,---
2024/01/03,14:47:03.9,能登半島沖,37°26.1′N,137°01.0′E,4 km,2.0,---
2024/01/03,14:48:20.9,日向灘,31°44.5′N,131°45.3′E,18 km,0.9,---
2024/01/03,14:48:35.8,石川県能登地方,37°08.5′N,136°47.6′E,10 km,1.2,---
2024/01/03,14:48:43.4,能登半島沖,37°35.4′N,137°25.6′E,15 km,1.9,---
2024/01/03,14:49:19.5,佐渡付近,37°49.0′N,137°38.1′E,24 km,3.6,---
2024/01/03,14:50:21.1,石川県能登地方,37°13.5′N,136°42.2′E,5 km,2.1,---
2024/01/03,14:51:02.4,石川県能登地方,37°23.2′N,136°50.8′E,7 km,3.0,---
2024/01/03,14:51:49.1,新潟県上中越沖,37°37.1′N,137°33.4′E,18 km,2.3,---
2024/01/03,14:52:20.9,石川県能登地方,37°14.5′N,136°45.7′E,9 km,2.4,---
2024/01/03,14:52:57.8,石川県能登地方,37°14.1′N,136°47.8′E,8 km,1.8,---
2024/01/03,14:53:22.5,佐渡付近,37°43.0′N,138°20.7′E,21 km,2.0,---
2024/01/03,14:53:24.9,能登半島沖,37°07.7′N,136°41.8′E,7 km,1.9,---
2024/01/03,14:53:31.0,宮古島北西沖,26°12.4′N,124°58.1′E,217 km,3.2,---
2024/01/03,14:54:03.5,能登半島沖,37°30.8′N,137°23.1′E,10 km,1.6,---
2024/01/03,14:54:41.7,石川県能登地方,37°14.4′N,136°45.4′E,7 km,1.1,---
2024/01/03,14:54:43.8,佐渡付近,37°44.9′N,137°42.9′E,19 km,2.7,---
2024/01/03,14:55:25.7,石川県能登地方,37°21.0′N,137°00.3′E,7 km,2.0,---
2024/01/03,14:55:36.5,能登半島沖,37°07.1′N,136°36.5′E,7 km,3.4,---
2024/01/03,14:55:48.4,豊後水道,32°54.6′N,132°04.9′E,8 km,0.8,---
2024/01/03,14:56:10.5,佐渡付近,37°53.5′N,137°45.0′E,19 km,2.6,---
2024/01/03,14:56:34.4,新潟県上中越沖,37°39.9′N,137°37.7′E,17 km,3.4,---
2024/01/03,14:57:48.4,石川県能登地方,37°10.8′N,136°41.9′E,12 km,1.7,---
2024/01/03,14:58:20.0,石川県西方沖,37°05.8′N,136°29.6′E,11 km,1.7,---
2024/01/03,14:58:39.9,択捉島南東沖,44°04.6′N,147°59.7′E,115 km,2.9,---
2024/01/03,14:59:03.4,能登半島沖,37°07.5′N,136°40.1′E,8 km,1.1,---
2024/01/03,14:59:12.3,石川県能登地方,37°14.0′N,136°49.2′E,7 km,1.5,---
2024/01/03,14:59:16.9,石川県能登地方,37°14.9′N,136°48.1′E,6 km,2.0,---
2024/01/03,15:00:00.8,五島列島近海,32°38.1′N,129°40.8′E,4 km,-0.3,---
2024/01/03,15:00:09.0,石川県能登地方,37°14.7′N,136°47.9′E,10 km,1.7,---
2024/01/03,15:00:29.3,石川県能登地方,37°20.2′N,137°00.2′E,9 km,1.5,---
2024/01/03,15:00:45.8,佐渡付近,37°49.1′N,137°37.5′E,14 km,1.6,---
2024/01/03,15:00:47.1,能登半島沖,37°08.4′N,136°40.2′E,10 km,1.7,---
2024/01/03,15:01:27.2,石川県能登地方,37°14.7′N,136°48.4′E,11 km,1.2,---
2024/01/03,15:02:12.0,石川県能登地方,37°19.8′N,136°53.3′E,0 km,1.2,---
2024/01/03,15:02:22.0,石川県能登地方,37°23.0′N,137°03.7′E,14 km,2.9,---
2024/01/03,15:03:10.2,能登半島沖,37°43.8′N,137°18.5′E,8 km,2.2,---
2024/01/03,15:03:31.9,紀伊水道,33°51.8′N,134°59.0′E,12 km,0.7,---
2024/01/03,15:04:38.8,石川県能登地方,37°14.9′N,136°44.5′E,8 km,不明,---
2024/01/03,15:04:41.0,石川県能登地方,37°22.1′N,136°53.1′E,11 km,2.2,---
2024/01/03,15:05:47.6,石川県能登地方,37°13.8′N,136°45.6′E,9 km,1.4,---
2024/01/03,15:06:05.7,能登半島沖,37°12.3′N,136°41.1′E,12 km,2.1,---
2024/01/03,15:06:18.9,岩手県沖,40°05.9′N,141°51.8′E,37 km,0.5,---
2024/01/03,15:06:35.1,石川県能登地方,37°22.9′N,136°58.1′E,8 km,2.2,---
2024/01/03,15:07:03.5,能登半島沖,37°37.3′N,137°28.6′E,17 km,2.3,---
2024/01/03,15:07:46.9,能登半島沖,37°39.9′N,137°27.6′E,21 km,1.5,---
2024/01/03,15:08:17.0,石川県能登地方,37°21.0′N,136°50.0′E,0 km,1.8,---
2024/01/03,15:09:14.8,石川県能登地方,37°24.7′N,136°57.0′E,8 km,1.8,---
2024/01/03,15:09:56.7,新潟県上中越沖,37°40.7′N,137°36.3′E,18 km,1.7,---
2024/01/03,15:10:28.6,栃木県南部,36°31.8′N,139°45.3′E,108 km,1.6,---
2024/01/03,15:10:32.8,十勝沖,42°32.9′N,144°08.9′E,67 km,1.8,---
2024/01/03,15:10:35.1,石川県能登地方,37°21.6′N,137°02.4′E,10 km,2.1,---
2024/01/03,15:11:12.0,石川県能登地方,37°09.8′N,136°44.1′E,6 km,2.2,---
2024/01/03,15:11:24.3,三陸沖,38°05.5′N,144°20.4′E,20 km,1.7,---
2024/01/03,15:11:35.5,能登半島沖,37°08.8′N,136°40.1′E,8 km,1.8,---
2024/01/03,15:11:38.1,鳥取県中部,35°21.6′N,133°52.2′E,10 km,0.6,---
2024/01/03,15:11:46.4,福島県沖,37°29.2′N,141°51.6′E,36 km,1.7,---
2024/01/03,15:12:51.2,石川県能登地方,37°12.8′N,136°47.3′E,9 km,1.4,---
2024/01/03,15:13:23.6,能登半島沖,37°57.3′N,137°25.6′E,21 km,1.9,---
2024/01/03,15:14:33.6,紀伊水道,34°12.9′N,135°06.1′E,8 km,-0.2,---
2024/01/03,15:15:59.6,能登半島沖,37°27.0′N,137°02.1′E,11 km,1.4,---
2024/01/03,15:16:15.7,新潟県上中越沖,37°08.7′N,137°43.0′E,42 km,1.3,---
2024/01/03,15:17:00.6,三陸沖,38°21.0′N,144°53.0′E,27 km,1.8,---
2024/01/03,15:17:40.9,石川県能登地方,37°28.4′N,137°16.1′E,11 km,3.3,---
2024/01/03,15:18:14.0,滋賀県南部,34°55.2′N,136°03.9′E,9 km,1.1,---
2024/01/03,15:18:50.1,石川県能登地方,37°16.2′N,136°46.3′E,9 km,1.7,---
2024/01/03,15:18:51.7,石川県能登地方,37°30.0′N,137°15.1′E,10 km,2.0,---
2024/01/03,15:19:00.2,佐渡付近,37°45.6′N,137°41.3′E,23 km,2.0,---
2024/01/03,15:19:50.2,三陸沖,37°48.2′N,144°29.0′E,7 km,1.2,---
2024/01/03,15:20:39.6,石川県能登地方,37°27.4′N,137°07.2′E,0 km,1.4,---
2024/01/03,15:21:08.2,福岡県筑後地方,33°07.3′N,130°29.6′E,10 km,0.4,---
2024/01/03,15:22:03.6,石川県能登地方,37°12.0′N,136°48.8′E,13 km,1.6,---
2024/01/03,15:22:42.4,石川県能登地方,37°22.6′N,137°01.2′E,9 km,1.6,---
2024/01/03,15:23:05.6,石川県能登地方,37°12.6′N,136°46.7′E,10 km,1.1,---
2024/01/03,15:23:27.1,能登半島沖,37°33.1′N,137°28.0′E,14 km,2.4,---
2024/01/03,15:23:41.9,佐渡付近,37°43.4′N,137°38.5′E,23 km,2.5,---
2024/01/03,15:24:11.8,愛媛県南予,32°57.6′N,132°32.5′E,7 km,1.0,---
2024/01/03,15:24:49.5,紀伊水道,33°49.3′N,134°54.3′E,16 km,0.4,---
2024/01/03,15:24:52.6,石川県能登地方,37°11.0′N,136°55.5′E,9 km,1.1,---
2024/01/03,15:25:19.4,石川県能登地方,37°19.5′N,136°56.9′E,13 km,2.0,---
2024/01/03,15:25:35.9,石川県能登地方,37°21.9′N,136°52.4′E,6 km,2.2,---
2024/01/03,15:25:53.8,佐渡付近,37°48.2′N,137°38.3′E,15 km,1.8,---
2024/01/03,15:26:55.0,佐渡付近,37°42.1′N,137°34.7′E,13 km,1.8,---
2024/01/03,15:27:14.1,能登半島沖,37°39.0′N,137°20.5′E,17 km,1.9,---
2024/01/03,15:27:39.2,能登半島沖,37°07.4′N,136°40.2′E,7 km,2.0,---
2024/01/03,15:28:15.2,石川県能登地方,37°08.7′N,137°02.8′E,14 km,1.3,---
2024/01/03,15:28:30.8,群馬県南部,36°20.2′N,139°12.4′E,15 km,0.2,---
2024/01/03,15:29:16.5,能登半島沖,37°08.7′N,136°38.0′E,13 km,1.5,---
2024/01/03,15:30:02.2,石川県能登地方,37°24.2′N,137°00.4′E,5 km,3.0,---
2024/01/03,15:31:16.0,石川県能登地方,37°28.3′N,137°15.6′E,15 km,1.5,---
2024/01/03,15:32:01.7,石川県能登地方,37°14.2′N,136°48.5′E,6 km,0.9,---
2024/01/03,15:32:15.6,石川県能登地方,37°16.5′N,136°48.9′E,13 km,1.3,---
2024/01/03,15:32:27.5,石川県能登地方,37°22.1′N,136°48.9′E,7 km,2.1,---
2024/01/03,15:33:21.6,石川県能登地方,37°28.6′N,137°13.1′E,13 km,1.9,---
2024/01/03,15:33:29.7,能登半島沖,37°09.0′N,136°39.6′E,10 km,1.7,---
2024/01/03,15:34:33.8,石川県能登地方,37°30.4′N,137°13.9′E,11 km,1.5,---
2024/01/03,15:35:10.5,能登半島沖,37°08.8′N,136°40.9′E,11 km,1.4,---
2024/01/03,15:35:41.5,福島県沖,37°25.6′N,141°53.6′E,37 km,1.2,---
2024/01/03,15:36:31.5,佐渡付近,37°52.0′N,137°44.9′E,21 km,2.8,---
2024/01/03,15:36:36.5,石川県能登地方,37°22.1′N,136°52.1′E,9 km,2.0,---
2024/01/03,15:36:49.3,福井県嶺北,36°08.4′N,136°30.5′E,8 km,0.9,---
2024/01/03,15:37:25.8,石川県能登地方,37°15.5′N,136°45.0′E,9 km,1.7,---
2024/01/03,15:37:39.6,岐阜県飛騨地方,36°00.8′N,137°31.2′E,9 km,2.1,---
2024/01/03,15:37:46.8,石川県能登地方,37°27.2′N,137°15.6′E,14 km,2.5,---
2024/01/03,15:38:20.1,千葉県東方沖,35°49.7′N,140°53.5′E,32 km,1.1,---
2024/01/03,15:38:30.1,石川県能登地方,37°10.5′N,136°45.3′E,1 km,1.7,---
2024/01/03,15:39:02.3,能登半島沖,37°34.6′N,137°23.9′E,17 km,1.8,---
2024/01/03,15:39:05.9,石川県能登地方,37°16.8′N,136°45.5′E,12 km,1.4,---
2024/01/03,15:39:30.9,石川県能登地方,37°19.1′N,136°54.8′E,12 km,2.8,---
2024/01/03,15:39:50.8,熊本県阿蘇地方,33°01.9′N,131°13.2′E,7 km,0.4,---
2024/01/03,15:40:25.9,石川県能登地方,37°18.9′N,136°44.9′E,11 km,1.4,---
2024/01/03,15:40:48.0,石川県能登地方,37°24.4′N,137°06.4′E,7 km,1.9,---
2024/01/03,15:41:28.2,能登半島沖,37°12.9′N,136°39.6′E,6 km,1.4,---
2024/01/03,15:41:59.9,石川県能登地方,37°27.0′N,137°11.8′E,13 km,2.2,---
2024/01/03,15:42:10.0,石川県能登地方,37°14.4′N,136°50.4′E,11 km,1.8,---
2024/01/03,15:42:15.8,山形県最上地方,38°39.5′N,140°14.8′E,21 km,0.4,---
2024/01/03,15:42:35.2,石川県能登地方,37°17.9′N,136°45.2′E,12 km,1.7,---
2024/01/03,15:42:44.9,石川県能登地方,37°27.4′N,137°15.8′E,14 km,1.5,---
2024/01/03,15:43:13.8,石川県能登地方,37°11.3′N,136°42.9′E,8 km,1.3,---
2024/01/03,15:43:28.3,石川県能登地方,37°24.1′N,136°59.5′E,6 km,1.7,---
2024/01/03,15:43:33.7,宮城県沖,37°58.6′N,141°39.4′E,48 km,0.6,---
2024/01/03,15:44:02.3,石川県能登地方,37°22.2′N,136°49.0′E,8 km,3.6,---
2024/01/03,15:45:21.3,石川県能登地方,37°18.5′N,136°57.7′E,10 km,1.5,---
2024/01/03,15:46:15.6,石川県能登地方,37°12.7′N,136°47.9′E,10 km,1.6,---
2024/01/03,15:46:57.0,石川県能登地方,37°19.1′N,136°58.9′E,1 km,1.2,---
2024/01/03,15:47:05.3,石川県能登地方,37°13.3′N,136°54.1′E,4 km,1.2,---
2024/01/03,15:47:24.0,佐渡付近,37°53.9′N,137°38.4′E,22 km,1.7,---
2024/01/03,15:48:03.8,石川県能登地方,37°17.6′N,136°48.5′E,14 km,1.6,---
2024/01/03,15:48:08.1,宮城県沖,38°25.2′N,141°50.1′E,53 km,0.5,---
2024/01/03,15:48:31.9,石川県能登地方,37°27.1′N,137°14.0′E,14 km,1.6,---
2024/01/03,15:48:57.4,石川県能登地方,37°22.4′N,136°54.2′E,0 km,0.9,---
2024/01/03,15:49:05.6,新潟県上中越沖,37°37.6′N,137°33.8′E,16 km,3.4,---
2024/01/03,15:50:19.5,石川県能登地方,37°12.3′N,136°43.7′E,7 km,1.6,---
2024/01/03,15:50:47.8,能登半島沖,37°15.3′N,136°42.8′E,4 km,1.5,---
2024/01/03,15:50:59.0,佐渡付近,37°45.6′N,137°40.6′E,18 km,1.8,---
2024/01/03,15:51:51.0,佐渡付近,37°44.5′N,137°32.5′E,24 km,1.6,---
2024/01/03,15:52:07.4,能登半島沖,37°08.7′N,136°37.3′E,10 km,1.7,---
2024/01/03,15:52:19.8,石川県能登地方,37°22.4′N,136°56.9′E,10 km,3.0,---
2024/01/03,15:53:12.3,石川県能登地方,37°26.2′N,137°09.1′E,13 km,1.4,---
2024/01/03,15:53:38.2,陸奥湾,41°08.6′N,140°51.6′E,11 km,0.2,---
2024/01/03,15:53:48.5,石川県能登地方,37°13.8′N,136°43.2′E,4 km,1.5,---
2024/01/03,15:55:31.8,石川県能登地方,37°12.2′N,136°42.1′E,8 km,1.4,---
2024/01/03,15:56:31.2,能登半島沖,37°14.6′N,136°37.7′E,7 km,0.9,---
2024/01/03,15:56:32.5,日高地方中部,42°31.7′N,142°27.5′E,76 km,0.5,---
2024/01/03,15:56:44.7,能登半島沖,37°15.3′N,136°41.4′E,7 km,1.8,---
2024/01/03,15:57:02.9,佐渡付近,37°42.1′N,137°38.1′E,20 km,1.9,---
2024/01/03,15:57:12.8,福島県沖,37°24.7′N,141°46.5′E,43 km,1.2,---
2024/01/03,15:57:15.6,宮崎県北部平野部,32°39.5′N,131°38.1′E,13 km,0.1,---
2024/01/03,15:58:14.2,石川県能登地方,37°10.8′N,136°50.6′E,13 km,1.3,---
2024/01/03,15:58:35.8,佐渡付近,37°43.5′N,137°34.4′E,17 km,1.6,---
2024/01/03,15:58:41.7,石川県能登地方,37°11.1′N,136°47.1′E,8 km,1.2,---
2024/01/03,15:59:04.7,石川県能登地方,37°20.3′N,136°57.2′E,10 km,2.4,---
2024/01/03,15:59:38.4,能登半島沖,37°36.2′N,137°24.8′E,17 km,1.7,---
2024/01/03,15:59:44.2,能登半島沖,37°08.6′N,136°40.9′E,13 km,1.1,---
2024/01/03,16:00:35.5,石川県能登地方,37°21.8′N,136°50.7′E,3 km,1.3,---
2024/01/03,16:00:53.9,能登半島沖,37°13.1′N,136°41.0′E,7 km,1.5,---
2024/01/03,16:01:08.0,佐渡付近,37°51.9′N,137°46.9′E,18 km,2.1,---
2024/01/03,16:01:12.2,石川県能登地方,37°19.3′N,136°59.8′E,0 km,1.5,---
2024/01/03,16:01:30.5,日高地方西部,42°49.7′N,142°32.0′E,52 km,0.7,---
2024/01/03,16:01:55.1,青森県津軽南部,40°34.9′N,140°21.7′E,8 km,0.5,---
2024/01/03,16:02:22.8,石川県西方沖,37°05.8′N,136°30.0′E,12 km,1.9,---
2024/01/03,16:02:23.0,岩手県内陸南部,39°02.8′N,140°53.0′E,9 km,0.2,---
2024/01/03,16:02:41.3,石川県西方沖,37°06.4′N,136°29.4′E,13 km,1.8,---
2024/01/03,16:03:18.8,石川県能登地方,37°15.4′N,136°48.6′E,9 km,1.6,---
2024/01/03,16:04:01.8,石川県能登地方,37°19.7′N,137°01.5′E,14 km,1.8,---
2024/01/03,16:06:09.1,茨城県北部,36°45.9′N,140°33.9′E,7 km,-0.1,---
2024/01/03,16:06:17.4,石川県能登地方,37°11.7′N,136°48.1′E,6 km,1.3,---
2024/01/03,16:06:54.8,能登半島沖,37°35.3′N,137°26.8′E,18 km,1.8,---
2024/01/03,16:08:11.9,石川県能登地方,37°23.3′N,136°51.4′E,11 km,4.2,---
2024/01/03,16:08:41.9,福島県沖,37°21.2′N,142°26.1′E,7 km,1.8,---
2024/01/03,16:10:28.5,茨城県沖,36°28.9′N,140°58.9′E,41 km,1.2,---
2024/01/03,16:10:39.1,石川県能登地方,37°12.9′N,136°42.1′E,7 km,2.2,---
2024/01/03,16:11:00.0,佐渡付近,37°47.0′N,138°05.2′E,19 km,2.8,---
2024/01/03,16:12:27.7,石川県能登地方,37°11.1′N,136°42.9′E,7 km,1.1,---
2024/01/03,16:12:56.0,与那国島近海,24°52.2′N,123°13.2′E,113 km,2.2,---
2024/01/03,16:13:02.9,石川県能登地方,37°22.8′N,136°57.6′E,1 km,1.4,---
2024/01/03,16:13:29.3,石川県能登地方,37°28.6′N,137°16.0′E,13 km,1.9,---
2024/01/03,16:13:39.6,石川県能登地方,37°17.7′N,136°46.5′E,12 km,1.9,---
2024/01/03,16:14:12.3,石川県能登地方,37°11.1′N,136°48.7′E,13 km,2.4,---
2024/01/03,16:14:52.3,新潟県上中越沖,37°35.4′N,137°48.1′E,24 km,2.2,---
2024/01/03,16:14:56.2,富山湾,37°13.8′N,137°05.7′E,19 km,1.8,---
2024/01/03,16:16:07.4,新潟県上中越沖,37°37.8′N,137°34.1′E,19 km,2.4,---
2024/01/03,16:16:55.4,紀伊水道,33°51.4′N,134°59.2′E,11 km,0.4,---
2024/01/03,16:18:00.3,石川県能登地方,37°21.9′N,136°52.9′E,8 km,1.7,---
2024/01/03,16:18:54.6,石川県能登地方,37°19.3′N,137°01.8′E,7 km,1.6,---
2024/01/03,16:19:31.0,能登半島沖,37°30.8′N,137°10.2′E,10 km,3.0,---
2024/01/03,16:19:51.5,福島県沖,37°27.0′N,141°18.9′E,43 km,1.5,---
2024/01/03,16:19:58.7,能登半島沖,37°13.2′N,136°38.8′E,5 km,2.9,---
2024/01/03,16:20:17.3,佐渡付近,37°44.6′N,137°38.4′E,14 km,2.8,---
2024/01/03,16:21:05.9,福島県沖,37°21.0′N,141°44.7′E,41 km,2.0,---
2024/01/03,16:21:19.5,能登半島沖,37°36.6′N,137°26.7′E,10 km,2.3,---
2024/01/03,16:22:09.6,能登半島沖,37°21.6′N,136°45.2′E,1 km,1.1,---
2024/01/03,16:23:41.1,石川県能登地方,37°16.0′N,136°48.3′E,9 km,1.5,---
2024/01/03,16:23:48.8,福島県沖,37°09.2′N,142°04.6′E,26 km,0.9,---
2024/01/03,16:24:17.3,能登半島沖,37°11.5′N,136°38.4′E,8 km,0.7,---
2024/01/03,16:24:27.5,能登半島沖,37°08.5′N,136°38.4′E,13 km,0.7,---
2024/01/03,16:24:56.9,石川県能登地方,37°11.9′N,136°47.3′E,9 km,3.1,---
2024/01/03,16:26:05.4,石川県能登地方,37°12.9′N,136°50.5′E,13 km,1.5,---
2024/01/03,16:27:03.1,福島県沖,37°51.0′N,141°34.9′E,46 km,0.5,---
2024/01/03,16:27:12.0,佐渡付近,37°49.4′N,137°40.7′E,14 km,1.2,---
2024/01/03,16:27:21.1,能登半島沖,37°10.5′N,136°37.0′E,7 km,1.5,---
2024/01/03,16:27:55.3,石川県能登地方,37°19.4′N,136°55.8′E,13 km,2.5,---
2024/01/03,16:29:15.8,石川県能登地方,37°12.4′N,136°46.6′E,11 km,1.1,---
2024/01/03,16:30:39.0,能登半島沖,37°27.2′N,136°56.1′E,7 km,1.6,---
2024/01/03,16:31:08.5,能登半島沖,37°38.7′N,137°22.5′E,15 km,2.2,---
2024/01/03,16:31:56.1,石川県能登地方,37°26.7′N,137°05.4′E,8 km,2.6,---
2024/01/03,16:32:25.4,佐渡付近,37°45.3′N,137°40.5′E,21 km,2.8,---
2024/01/03,16:33:21.3,佐渡付近,37°44.6′N,137°34.8′E,23 km,2.6,---
2024/01/03,16:33:30.2,佐渡付近,37°47.1′N,137°41.9′E,10 km,2.8,---
2024/01/03,16:33:39.5,石川県能登地方,37°19.1′N,136°50.3′E,11 km,2.4,---
2024/01/03,16:33:40.7,岩手県沖,40°01.9′N,141°55.0′E,9 km,0.6,---
2024/01/03,16:34:18.8,石川県能登地方,37°11.1′N,136°45.5′E,7 km,2.4,---
2024/01/03,16:35:52.1,石川県西方沖,37°05.3′N,136°29.5′E,11 km,2.0,---
2024/01/03,16:37:01.0,石川県能登地方,37°12.4′N,136°50.3′E,11 km,1.0,---
2024/01/03,16:37:58.8,石川県能登地方,37°28.5′N,137°21.4′E,15 km,1.8,---
2024/01/03,16:38:17.0,石川県能登地方,37°23.1′N,136°51.9′E,7 km,2.4,---
2024/01/03,16:39:34.0,佐渡付近,37°50.5′N,137°44.9′E,19 km,1.6,---
2024/01/03,16:40:05.4,佐渡付近,37°51.0′N,137°41.5′E,16 km,1.3,---
2024/01/03,16:40:08.6,能登半島沖,37°35.5′N,137°21.5′E,12 km,1.8,---
2024/01/03,16:40:59.4,石川県能登地方,37°17.9′N,136°48.7′E,15 km,1.0,---
2024/01/03,16:41:02.3,能登半島沖,37°34.6′N,137°24.5′E,12 km,1.8,---
2024/01/03,16:41:48.6,富山湾,37°16.3′N,137°11.9′E,13 km,1.4,---
2024/01/03,16:41:57.2,石川県能登地方,37°25.9′N,137°09.6′E,9 km,2.0,---
2024/01/03,16:42:01.3,新潟県上中越沖,37°29.7′N,137°35.1′E,20 km,2.8,---
2024/01/03,16:43:23.6,石川県能登地方,37°22.2′N,136°58.3′E,7 km,2.2,---
2024/01/03,16:43:27.0,茨城県北部,36°24.2′N,140°32.4′E,55 km,1.8,---
2024/01/03,16:44:11.0,石川県能登地方,37°16.5′N,136°46.6′E,7 km,1.5,---
2024/01/03,16:45:24.6,能登半島沖,37°08.2′N,136°41.4′E,10 km,1.3,---
2024/01/03,16:45:33.9,佐渡付近,37°47.4′N,137°38.7′E,23 km,2.7,---
2024/01/03,16:47:07.4,石川県能登地方,37°25.2′N,137°07.6′E,6 km,1.6,---
2024/01/03,16:47:45.0,石川県能登地方,37°27.6′N,137°16.2′E,13 km,2.1,---
2024/01/03,16:47:46.4,石川県能登地方,37°09.7′N,136°44.9′E,8 km,0.9,---
2024/01/03,16:49:40.7,石川県能登地方,37°11.6′N,136°45.7′E,7 km,1.8,---
2024/01/03,16:50:05.2,石川県能登地方,37°17.5′N,136°50.0′E,11 km,1.6,---
2024/01/03,16:50:35.5,能登半島沖,37°24.2′N,136°47.6′E,13 km,1.9,---
2024/01/03,16:51:04.6,静岡県西部,35°00.7′N,137°51.9′E,13 km,-0.1,---
2024/01/03,16:51:26.0,石川県能登地方,37°11.5′N,136°45.7′E,8 km,1.2,---
2024/01/03,16:51:32.8,佐渡付近,37°50.5′N,137°42.4′E,15 km,1.5,---
2024/01/03,16:51:35.4,宮崎県北部山沿い,32°28.2′N,131°28.9′E,14 km,1.3,---
2024/01/03,16:51:55.7,能登半島沖,37°26.7′N,137°02.5′E,6 km,1.7,---
2024/01/03,16:52:17.0,福島県沖,37°28.8′N,141°26.5′E,26 km,1.0,---
2024/01/03,16:52:36.4,能登半島沖,37°26.2′N,137°00.8′E,1 km,1.6,---
2024/01/03,16:53:24.4,石川県能登地方,37°17.2′N,136°45.0′E,10 km,1.3,---
2024/01/03,16:54:10.0,能登半島沖,37°41.7′N,137°29.8′E,14 km,1.8,---
2024/01/03,16:54:54.6,石川県能登地方,37°12.7′N,136°51.3′E,8 km,1.4,---
2024/01/03,16:55:26.0,石川県能登地方,37°17.1′N,136°46.4′E,10 km,2.3,---
2024/01/03,16:56:20.6,石川県能登地方,37°15.5′N,136°47.2′E,9 km,1.6,---
2024/01/03,16:56:40.4,石川県能登地方,37°10.7′N,136°52.6′E,12 km,2.2,---
2024/01/03,16:57:19.0,能登半島沖,37°25.9′N,136°54.5′E,9 km,1.5,---
2024/01/03,16:58:00.8,佐渡付近,37°53.1′N,137°45.9′E,18 km,3.3,---
2024/01/03,17:00:06.8,石川県能登地方,37°09.0′N,136°42.4′E,10 km,0.9,---
2024/01/03,17:00:07.7,佐渡付近,37°51.4′N,137°46.9′E,16 km,2.3,---
2024/01/03,17:00:54.2,石川県能登地方,37°12.1′N,136°43.3′E,5 km,1.5,---
2024/01/03,17:01:42.9,佐渡付近,37°45.4′N,137°31.0′E,15 km,2.1,---
2024/01/03,17:02:00.7,新潟県下越地方,37°30.7′N,139°21.8′E,9 km,0.9,---
2024/01/03,17:02:26.9,石川県能登地方,37°11.9′N,136°42.7′E,3 km,2.8,---
2024/01/03,17:02:44.7,宮城県沖,38°47.6′N,141°36.8′E,72 km,0.3,---
2024/01/03,17:02:56.8,石川県能登地方,37°22.9′N,136°59.4′E,5 km,2.5,---
2024/01/03,17:03:50.4,石川県能登地方,37°25.0′N,137°14.0′E,13 km,2.3,---
2024/01/03,17:03:53.1,新潟県上中越沖,37°37.3′N,137°34.3′E,22 km,1.9,---
2024/01/03,17:04:00.3,関東東方沖,35°50.0′N,142°17.5′E,7 km,1.2,---
2024/01/03,17:04:31.1,新潟県上中越沖,37°37.9′N,137°34.3′E,19 km,2.2,---
2024/01/03,17:04:34.1,滋賀県北部,35°30.4′N,136°16.4′E,8 km,0.6,---
2024/01/03,17:04:41.6,能登半島沖,37°12.7′N,136°40.7′E,8 km,1.5,---
2024/01/03,17:04:50.9,長野県中部,36°11.5′N,137°57.0′E,7 km,-0.4,---
2024/01/03,17:04:53.7,石川県能登地方,37°13.4′N,136°46.0′E,3 km,1.8,---
2024/01/03,17:05:26.9,宮崎県北部山沿い,32°28.1′N,131°28.8′E,15 km,0.3,---
2024/01/03,17:06:12.1,石川県能登地方,37°29.1′N,137°18.3′E,13 km,2.5,---
2024/01/03,17:06:35.7,新潟県上中越沖,37°37.9′N,137°34.5′E,20 km,2.3,---
2024/01/03,17:06:43.3,薩摩半島西方沖,31°43.6′N,129°56.6′E,9 km,2.5,---
2024/01/03,17:06:57.8,能登半島沖,37°35.0′N,137°20.4′E,13 km,1.7,---
2024/01/03,17:07:39.8,石川県能登地方,37°28.6′N,137°09.6′E,10 km,1.5,---
2024/01/03,17:08:37.8,福島県沖,37°44.3′N,142°22.9′E,25 km,1.1,---
2024/01/03,17:08:39.1,佐渡付近,37°45.0′N,137°37.3′E,20 km,3.3,---
2024/01/03,17:09:26.2,駿河湾,34°48.3′N,138°33.7′E,21 km,0.8,---
2024/01/03,17:10:14.6,能登半島沖,37°15.6′N,136°37.2′E,7 km,1.1,---
2024/01/03,17:11:14.5,能登半島沖,37°30.9′N,137°10.4′E,10 km,2.0,---
2024/01/03,17:11:34.6,新潟県中越地方,36°49.7′N,138°45.8′E,4 km,0.7,---
2024/01/03,17:11:46.3,静岡県西部,35°00.1′N,137°52.4′E,24 km,0.1,---
2024/01/03,17:12:37.9,石川県能登地方,37°24.5′N,137°02.4′E,5 km,1.8,---
2024/01/03,17:14:05.4,三陸沖,38°06.4′N,144°20.3′E,18 km,0.5,---
2024/01/03,17:14:10.6,石川県能登地方,37°23.4′N,137°00.2′E,6 km,3.1,---
2024/01/03,17:15:08.0,佐渡付近,37°49.0′N,137°44.3′E,23 km,4.1,---
2024/01/03,17:17:04.3,石川県能登地方,37°24.8′N,137°11.6′E,14 km,2.4,---
2024/01/03,17:17:32.5,石川県能登地方,37°21.1′N,137°05.5′E,8 km,2.3,---
2024/01/03,17:17:56.7,佐渡付近,37°51.2′N,137°44.9′E,17 km,2.3,---
2024/01/03,17:18:26.5,佐渡付近,37°51.2′N,137°44.7′E,15 km,2.6,---
2024/01/03,17:19:21.8,能登半島沖,37°34.8′N,137°23.4′E,16 km,1.6,---
2024/01/03,17:19:43.3,宮崎県北部平野部,32°30.1′N,131°42.8′E,19 km,0.7,---
2024/01/03,17:19:59.8,佐渡付近,37°44.8′N,137°34.8′E,17 km,2.2,---
2024/01/03,17:20:24.2,石川県能登地方,37°25.4′N,137°09.8′E,13 km,2.0,---
2024/01/03,17:20:45.7,能登半島沖,37°13.2′N,136°38.6′E,6 km,3.5,---
2024/01/03,17:22:28.1,佐渡付近,37°51.4′N,137°41.4′E,12 km,2.1,---
2024/01/03,17:22:52.4,石川県能登地方,37°10.5′N,136°41.4′E,4 km,3.6,---
2024/01/03,17:24:10.8,佐渡付近,37°53.5′N,137°44.9′E,22 km,1.7,---
2024/01/03,17:24:24.5,根室半島南東沖,43°08.1′N,146°20.8′E,50 km,2.8,---
2024/01/03,17:24:52.2,石川県能登地方,37°22.0′N,136°58.9′E,7 km,2.2,---
2024/01/03,17:24:57.2,佐渡付近,37°53.3′N,137°46.3′E,18 km,2.6,---
2024/01/03,17:26:30.1,石川県能登地方,37°27.3′N,137°08.9′E,10 km,1.7,---
2024/01/03,17:26:50.4,新潟県上中越沖,37°38.1′N,137°37.3′E,23 km,1.9,---
2024/01/03,17:28:19.8,佐渡付近,37°45.4′N,137°37.2′E,15 km,2.1,---
2024/01/03,17:28:30.2,岩手県沖,40°10.9′N,142°26.8′E,48 km,0.9,---
2024/01/03,17:28:44.8,石川県能登地方,37°17.6′N,136°46.8′E,9 km,2.1,---
2024/01/03,17:28:55.0,岐阜県飛騨地方,36°00.9′N,137°31.4′E,6 km,-0.5,---
2024/01/03,17:29:19.7,石川県能登地方,37°17.7′N,136°51.3′E,12 km,2.4,---
2024/01/03,17:30:23.3,能登半島沖,37°11.0′N,136°39.3′E,5 km,1.9,---
2024/01/03,17:30:40.2,福島県沖,37°16.4′N,142°15.3′E,22 km,1.1,---
2024/01/03,17:30:55.0,石川県能登地方,37°23.4′N,137°08.3′E,12 km,2.0,---
2024/01/03,17:31:33.2,宮城県沖,37°54.1′N,141°41.3′E,53 km,2.3,---
2024/01/03,17:31:59.6,石川県能登地方,37°27.5′N,137°14.0′E,14 km,2.2,---
2024/01/03,17:32:25.6,能登半島沖,37°12.6′N,136°38.6′E,7 km,2.8,---
2024/01/03,17:33:07.5,佐渡付近,37°42.4′N,137°36.0′E,17 km,2.3,---
2024/01/03,17:33:27.2,能登半島沖,37°08.5′N,136°38.6′E,5 km,2.5,---
2024/01/03,17:33:52.1,石川県能登地方,37°11.5′N,136°52.5′E,11 km,1.7,---
2024/01/03,17:34:15.2,宮城県沖,38°40.5′N,141°43.6′E,48 km,0.5,---
2024/01/03,17:34:49.3,石川県能登地方,37°21.0′N,136°57.8′E,10 km,1.8,---
2024/01/03,17:34:51.0,能登半島沖,37°37.6′N,137°21.2′E,15 km,2.3,---
2024/01/03,17:35:53.5,石川県西方沖,37°05.8′N,136°29.2′E,13 km,1.8,---
2024/01/03,17:36:35.1,石川県能登地方,37°21.7′N,137°02.6′E,9 km,1.6,---
2024/01/03,17:37:04.4,石川県能登地方,37°10.0′N,136°46.0′E,6 km,2.5,---
2024/01/03,17:38:22.6,石川県能登地方,37°10.5′N,136°41.5′E,5 km,2.5,---
2024/01/03,17:38:55.5,石川県能登地方,37°24.9′N,136°54.4′E,13 km,1.9,---
2024/01/03,17:39:51.4,和歌山県南部,33°46.8′N,135°40.0′E,42 km,0.1,---
2024/01/03,17:39:58.5,伊豆半島東方沖,34°52.1′N,139°10.9′E,10 km,-0.1,---
2024/01/03,17:40:00.1,佐渡付近,37°44.2′N,137°42.9′E,23 km,2.4,---
2024/01/03,17:41:03.6,石川県能登地方,37°18.7′N,136°46.8′E,2 km,1.4,---
2024/01/03,17:41:20.9,三陸沖,39°25.8′N,143°05.9′E,7 km,不明,---
2024/01/03,17:42:03.4,石川県能登地方,37°16.8′N,136°48.3′E,0 km,1.5,---
2024/01/03,17:43:14.2,佐渡付近,37°45.9′N,137°43.7′E,20 km,1.6,---
2024/01/03,17:43:19.4,石川県能登地方,37°13.4′N,136°43.0′E,6 km,1.9,---
2024/01/03,17:43:51.2,能登半島沖,37°15.1′N,136°42.3′E,3 km,1.0,---
2024/01/03,17:43:52.8,三陸沖,40°21.8′N,143°34.7′E,9 km,1.7,---
2024/01/03,17:44:28.2,石川県能登地方,37°12.5′N,136°42.9′E,8 km,1.8,---
2024/01/03,17:45:23.8,能登半島沖,37°34.0′N,137°28.6′E,19 km,2.4,---
2024/01/03,17:45:28.1,石川県能登地方,37°13.3′N,136°47.0′E,8 km,1.6,---
2024/01/03,17:46:01.1,石川県能登地方,37°10.5′N,136°41.8′E,3 km,1.9,---
2024/01/03,17:46:28.9,石川県能登地方,37°30.2′N,137°12.1′E,13 km,1.6,---
2024/01/03,17:46:51.6,石川県能登地方,37°21.7′N,136°46.8′E,5 km,1.5,---
2024/01/03,17:46:55.6,能登半島沖,37°44.6′N,137°22.6′E,17 km,1.9,---
2024/01/03,17:47:19.5,石川県能登地方,37°20.9′N,136°53.0′E,10 km,1.6,---
2024/01/03,17:47:45.5,石川県能登地方,37°21.6′N,136°52.8′E,11 km,1.8,---
2024/01/03,17:47:54.4,石川県能登地方,37°21.8′N,136°55.0′E,12 km,1.7,---
2024/01/03,17:48:14.9,石川県能登地方,37°21.7′N,137°05.5′E,12 km,2.1,---
2024/01/03,17:48:20.2,石川県能登地方,37°17.6′N,136°48.7′E,9 km,2.2,---
2024/01/03,17:48:54.1,石川県能登地方,37°21.4′N,136°51.7′E,11 km,1.7,---
2024/01/03,17:49:36.3,能登半島沖,37°12.8′N,136°41.0′E,7 km,1.1,---
2024/01/03,17:49:44.6,島根県西部,34°46.5′N,132°11.3′E,8 km,0.9,---
2024/01/03,17:50:36.8,宮城県沖,37°53.6′N,141°40.6′E,52 km,0.9,---
2024/01/03,17:50:37.3,石川県能登地方,37°11.0′N,136°41.6′E,5 km,1.6,---
2024/01/03,17:51:22.4,石川県能登地方,37°10.5′N,136°44.0′E,8 km,3.1,---
2024/01/03,17:52:48.9,石川県能登地方,37°23.2′N,136°52.7′E,10 km,1.6,---
2024/01/03,17:53:12.8,熊本県熊本地方,32°25.3′N,130°33.2′E,9 km,0.1,---
2024/01/03,17:53:20.8,能登半島沖,37°43.8′N,137°16.5′E,21 km,1.9,---
2024/01/03,17:53:27.1,能登半島沖,37°12.5′N,136°40.8′E,3 km,2.2,---
2024/01/03,17:53:53.8,能登半島沖,37°44.0′N,137°17.4′E,18 km,2.6,---
2024/01/03,17:54:06.7,石川県能登地方,37°13.5′N,136°44.4′E,9 km,3.6,---
2024/01/03,17:54:22.6,長野県北部,36°46.9′N,138°32.1′E,8 km,1.2,---
2024/01/03,17:56:00.1,石川県能登地方,37°10.1′N,136°42.0′E,7 km,2.2,---
2024/01/03,17:56:06.7,石川県能登地方,37°13.7′N,136°45.2′E,9 km,2.2,---
2024/01/03,17:57:11.9,佐渡付近,37°46.8′N,137°36.0′E,27 km,1.7,---
2024/01/03,17:57:49.1,能登半島沖,37°07.7′N,136°40.7′E,6 km,2.6,---
2024/01/03,17:59:15.8,石川県能登地方,37°27.2′N,137°06.7′E,9 km,2.0,---
2024/01/03,17:59:52.2,佐渡付近,37°52.5′N,137°44.7′E,15 km,2.1,---
2024/01/03,17:59:56.4,能登半島沖,37°16.7′N,136°40.4′E,5 km,2.3,---
2024/01/03,18:00:31.9,石川県能登地方,37°24.6′N,136°53.5′E,11 km,1.6,---
2024/01/03,18:00:55.6,石川県能登地方,37°20.8′N,137°01.6′E,9 km,2.1,---
2024/01/03,18:01:24.5,新潟県上中越沖,37°41.5′N,137°37.5′E,20 km,2.4,---
2024/01/03,18:01:53.9,石川県能登地方,37°16.9′N,136°44.7′E,11 km,1.7,---
2024/01/03,18:02:26.2,能登半島沖,37°32.1′N,137°24.4′E,15 km,1.8,---
2024/01/03,18:02:51.0,能登半島沖,37°09.0′N,136°40.1′E,6 km,1.5,---
2024/01/03,18:04:57.5,石川県能登地方,37°11.0′N,136°48.0′E,4 km,1.2,---
2024/01/03,18:05:57.1,石川県西方沖,37°04.9′N,136°32.1′E,10 km,1.8,---
2024/01/03,18:07:07.6,石川県能登地方,37°26.9′N,137°16.7′E,14 km,1.7,---
2024/01/03,18:07:22.2,茨城県沖,36°48.8′N,141°22.9′E,5 km,1.5,---
2024/01/03,18:07:26.3,新潟県上中越沖,37°40.6′N,138°45.0′E,13 km,0.9,---
2024/01/03,18:08:06.3,佐渡付近,37°52.7′N,137°41.2′E,20 km,2.2,---
2024/01/03,18:08:07.1,石川県能登地方,37°11.5′N,136°43.6′E,7 km,1.3,---
2024/01/03,18:08:18.8,石川県能登地方,37°14.1′N,136°50.0′E,8 km,1.4,---
2024/01/03,18:08:45.8,石川県西方沖,37°05.0′N,136°31.3′E,7 km,3.2,---
2024/01/03,18:10:23.9,能登半島沖,37°12.7′N,136°41.5′E,8 km,2.5,---
2024/01/03,18:10:51.4,能登半島沖,37°12.7′N,136°39.1′E,6 km,2.3,---
2024/01/03,18:11:52.5,能登半島沖,37°07.7′N,136°37.7′E,7 km,1.6,---
2024/01/03,18:12:45.2,石川県能登地方,37°19.9′N,137°01.5′E,0 km,1.2,---
2024/01/03,18:12:55.6,石川県能登地方,37°11.9′N,136°43.0′E,7 km,2.5,---
2024/01/03,18:14:50.7,新潟県中越地方,37°11.3′N,138°57.3′E,5 km,-0.1,---
2024/01/03,18:14:51.4,富山県東部,36°34.1′N,137°21.3′E,12 km,0.3,---
2024/01/03,18:16:18.7,石川県能登地方,37°19.6′N,136°58.8′E,8 km,1.5,---
2024/01/03,18:16:59.0,新潟県中越地方,37°16.0′N,139°04.5′E,3 km,0.3,---
2024/01/03,18:17:15.6,能登半島沖,37°25.2′N,136°54.1′E,13 km,1.3,---
2024/01/03,18:18:04.4,佐渡付近,37°50.1′N,137°41.0′E,11 km,1.5,---
2024/01/03,18:18:08.1,能登半島沖,37°09.4′N,136°40.1′E,9 km,1.5,---
2024/01/03,18:18:37.0,能登半島沖,37°06.4′N,136°42.6′E,0 km,2.9,---
2024/01/03,18:19:28.8,石川県能登地方,37°21.7′N,136°53.0′E,8 km,1.9,---
2024/01/03,18:20:16.3,滋賀県北部,35°28.2′N,135°56.9′E,13 km,0.2,---
2024/01/03,18:20:50.8,石川県能登地方,37°21.4′N,136°52.2′E,9 km,1.8,---
2024/01/03,18:21:31.4,周防灘,33°52.7′N,131°23.7′E,13 km,0.8,---
2024/01/03,18:21:39.3,石川県能登地方,37°12.9′N,136°50.5′E,10 km,2.1,---
2024/01/03,18:21:44.8,福島県沖,37°48.5′N,141°42.8′E,55 km,1.0,---
2024/01/03,18:21:49.7,沖縄本島近海,27°27.4′N,128°40.3′E,34 km,2.3,---
2024/01/03,18:22:15.0,鹿児島県薩摩地方,31°52.5′N,130°18.8′E,8 km,0.3,---
2024/01/03,18:22:27.5,石川県能登地方,37°13.8′N,137°04.4′E,18 km,1.3,---
2024/01/03,18:22:31.0,滋賀県北部,35°28.3′N,135°57.0′E,13 km,0.4,---
2024/01/03,18:22:51.8,能登半島沖,37°32.1′N,137°20.9′E,10 km,1.9,---
2024/01/03,18:23:26.1,石川県能登地方,37°13.0′N,136°49.1′E,5 km,1.0,---
2024/01/03,18:24:03.4,佐渡付近,37°52.0′N,137°46.0′E,18 km,1.7,---
2024/01/03,18:24:47.8,佐渡付近,37°43.8′N,137°37.4′E,15 km,1.8,---
2024/01/03,18:25:18.3,石川県能登地方,37°27.9′N,137°12.3′E,14 km,1.6,---
2024/01/03,18:25:41.3,能登半島沖,37°13.3′N,136°28.8′E,6 km,1.3,---
2024/01/03,18:26:14.0,石川県能登地方,37°24.3′N,136°52.2′E,4 km,1.3,---
2024/01/03,18:27:01.8,石川県能登地方,37°14.3′N,136°44.6′E,7 km,2.1,---
2024/01/03,18:27:05.4,石川県西方沖,37°05.1′N,136°28.8′E,5 km,2.2,---
2024/01/03,18:27:46.2,能登半島沖,37°10.9′N,136°38.6′E,2 km,1.0,---
2024/01/03,18:28:27.0,佐渡付近,37°45.6′N,137°42.5′E,20 km,2.2,---
2024/01/03,18:29:34.5,能登半島沖,37°14.0′N,136°40.5′E,7 km,1.2,---
2024/01/03,18:29:41.7,佐渡付近,37°54.2′N,137°41.3′E,23 km,1.9,---
2024/01/03,18:30:16.1,石川県能登地方,37°23.7′N,137°07.1′E,12 km,2.2,---
2024/01/03,18:30:42.4,茨城県北部,36°47.0′N,140°34.5′E,8 km,-0.1,---
2024/01/03,18:30:57.5,石川県能登地方,37°19.7′N,136°50.7′E,11 km,2.6,---
2024/01/03,18:31:12.8,長野県中部,36°23.4′N,137°59.1′E,6 km,0.2,---
2024/01/03,18:31:26.3,石川県能登地方,37°20.4′N,136°55.3′E,8 km,1.9,---
2024/01/03,18:32:08.7,富山県西部,36°37.0′N,136°48.3′E,8 km,1.0,---
2024/01/03,18:32:26.5,石川県能登地方,37°27.6′N,137°08.8′E,11 km,3.1,---
2024/01/03,18:33:01.7,鹿児島県薩摩地方,31°41.9′N,130°34.2′E,150 km,不明,---
2024/01/03,18:33:08.3,石川県能登地方,37°14.1′N,136°48.9′E,8 km,2.6,---
2024/01/03,18:33:50.8,石川県能登地方,37°12.3′N,136°50.8′E,5 km,0.9,---
2024/01/03,18:33:53.3,福島県沖,37°49.9′N,141°44.1′E,42 km,1.0,---
2024/01/03,18:34:02.7,石川県能登地方,37°12.6′N,136°53.2′E,13 km,1.7,---
2024/01/03,18:34:42.3,石川県能登地方,37°19.4′N,136°47.4′E,14 km,1.4,---
2024/01/03,18:36:13.4,能登半島沖,37°32.9′N,137°21.6′E,12 km,1.6,---
2024/01/03,18:36:53.5,石川県能登地方,37°27.6′N,137°08.3′E,9 km,1.7,---
2024/01/03,18:37:44.7,能登半島沖,37°05.7′N,136°37.8′E,0 km,1.1,---
2024/01/03,18:38:07.9,石川県能登地方,37°09.5′N,136°41.7′E,0 km,2.0,---
2024/01/03,18:38:14.6,石川県能登地方,37°22.0′N,136°51.4′E,8 km,2.0,---
2024/01/03,18:39:30.1,佐渡付近,37°46.8′N,137°31.1′E,17 km,1.9,---
2024/01/03,18:40:17.8,佐渡付近,37°46.2′N,137°37.6′E,14 km,1.7,---
2024/01/03,18:40:32.7,石川県能登地方,37°13.7′N,136°44.1′E,11 km,1.4,---
2024/01/03,18:40:38.6,能登半島沖,37°11.8′N,136°39.6′E,3 km,2.6,---
2024/01/03,18:41:58.8,能登半島沖,37°05.7′N,136°37.7′E,0 km,0.8,---
2024/01/03,18:42:23.2,石川県能登地方,37°19.8′N,136°59.8′E,8 km,1.5,---
2024/01/03,18:42:54.9,能登半島沖,37°33.5′N,137°16.0′E,10 km,2.1,---
2024/01/03,18:43:36.3,能登半島沖,37°14.2′N,136°40.8′E,8 km,1.9,---
2024/01/03,18:43:48.4,石川県能登地方,37°13.5′N,136°42.1′E,11 km,1.6,---
2024/01/03,18:44:40.9,石川県能登地方,37°24.6′N,136°57.0′E,12 km,1.3,---
2024/01/03,18:44:43.4,佐渡付近,37°45.4′N,137°34.6′E,0 km,2.1,---
2024/01/03,18:45:16.1,能登半島沖,37°29.5′N,137°22.3′E,7 km,1.6,---
2024/01/03,18:46:19.0,新潟県上中越沖,37°38.0′N,137°30.1′E,18 km,2.1,---
2024/01/03,18:47:52.1,能登半島沖,37°31.0′N,137°12.7′E,13 km,1.7,---
2024/01/03,18:48:00.7,石川県能登地方,37°19.3′N,136°48.2′E,12 km,4.8,---
2024/01/03,18:51:01.4,石川県能登地方,37°28.6′N,137°08.7′E,10 km,2.5,---
2024/01/03,18:51:57.0,福島県中通り,37°03.3′N,140°33.7′E,10 km,1.2,---
2024/01/03,18:52:24.9,能登半島沖,37°36.2′N,137°25.0′E,0 km,1.8,---
2024/01/03,18:53:28.4,石川県能登地方,37°24.4′N,137°04.5′E,10 km,2.7,---
2024/01/03,18:53:52.2,三陸沖,39°09.4′N,142°53.4′E,23 km,4.1,---
2024/01/03,18:54:05.9,茨城県北部,36°27.1′N,140°26.5′E,91 km,0.8,---
2024/01/03,18:55:35.0,石川県能登地方,37°10.0′N,136°47.8′E,8 km,1.8,---
2024/01/03,18:55:44.1,石川県能登地方,37°14.8′N,136°49.2′E,13 km,2.0,---
2024/01/03,18:57:01.5,能登半島沖,37°08.9′N,136°43.6′E,6 km,1.5,---
2024/01/03,18:58:00.9,石川県加賀地方,36°31.0′N,136°41.2′E,15 km,0.4,---
2024/01/03,18:58:02.9,能登半島沖,37°33.8′N,137°21.6′E,14 km,2.0,---
2024/01/03,18:58:40.5,石川県能登地方,37°18.5′N,136°53.0′E,11 km,1.5,---
2024/01/03,18:59:20.1,石川県能登地方,37°17.7′N,136°49.7′E,8 km,1.4,---
2024/01/03,18:59:35.5,石川県西方沖,37°04.1′N,136°37.4′E,10 km,1.2,---
2024/01/03,19:00:02.9,石川県能登地方,37°27.0′N,137°14.9′E,13 km,1.4,---
2024/01/03,19:00:28.5,石川県能登地方,37°19.7′N,136°48.7′E,9 km,1.5,---
2024/01/03,19:00:41.7,紋別地方,43°49.5′N,143°07.2′E,6 km,0.4,---
2024/01/03,19:00:53.8,茨城県北部,36°47.2′N,140°34.3′E,9 km,0.9,---
2024/01/03,19:01:01.3,能登半島沖,37°10.9′N,136°38.0′E,3 km,3.9,---
2024/01/03,19:01:05.6,岩手県沖,39°05.6′N,142°24.5′E,22 km,1.0,---
2024/01/03,19:02:12.6,佐渡付近,37°55.5′N,137°41.7′E,23 km,2.8,---
2024/01/03,19:02:54.5,石川県能登地方,37°20.5′N,136°52.7′E,9 km,2.5,---
2024/01/03,19:03:46.7,佐渡付近,37°46.9′N,137°40.1′E,8 km,1.4,---
2024/01/03,19:04:20.4,石川県能登地方,37°19.8′N,136°49.5′E,5 km,1.9,---
2024/01/03,19:04:51.4,能登半島沖,37°17.0′N,136°44.1′E,7 km,2.6,---
2024/01/03,19:06:06.6,石川県能登地方,37°26.9′N,137°14.1′E,13 km,1.4,---
2024/01/03,19:06:37.9,能登半島沖,37°08.1′N,136°37.9′E,9 km,1.5,---
2024/01/03,19:07:15.9,能登半島沖,37°07.7′N,136°37.5′E,8 km,1.4,---
2024/01/03,19:07:37.7,福島県沖,37°39.0′N,141°53.2′E,40 km,1.5,---
2024/01/03,19:07:50.4,石川県能登地方,37°27.6′N,137°07.8′E,12 km,3.6,---
2024/01/03,19:08:53.5,石川県能登地方,37°20.2′N,136°57.1′E,14 km,1.9,---
2024/01/03,19:09:06.1,石川県能登地方,37°11.3′N,136°52.1′E,11 km,2.0,---
2024/01/03,19:09:30.0,宮城県沖,38°19.1′N,141°45.5′E,54 km,0.7,---
2024/01/03,19:09:35.5,佐渡付近,37°58.5′N,137°45.2′E,23 km,2.9,---
2024/01/03,19:10:51.3,石川県能登地方,37°09.9′N,136°47.2′E,3 km,1.2,---
2024/01/03,19:11:03.1,佐渡付近,37°49.5′N,137°39.9′E,13 km,2.2,---
2024/01/03,19:12:15.0,滋賀県北部,35°20.5′N,136°22.8′E,7 km,0.6,---
2024/01/03,19:12:20.8,福島県沖,36°40.6′N,142°08.8′E,16 km,2.0,---
2024/01/03,19:13:01.3,石川県能登地方,37°21.1′N,136°50.0′E,12 km,1.2,---
2024/01/03,19:13:44.4,佐渡付近,37°45.0′N,137°42.5′E,17 km,2.6,---
2024/01/03,19:14:33.2,石川県能登地方,37°24.6′N,137°02.1′E,6 km,2.0,---
2024/01/03,19:14:47.7,石川県能登地方,37°11.5′N,136°50.4′E,12 km,2.8,---
2024/01/03,19:17:05.9,茨城県沖,36°28.3′N,141°01.7′E,42 km,1.1,---
2024/01/03,19:17:13.7,父島近海,26°56.5′N,143°51.9′E,1 km,不明,---
2024/01/03,19:17:43.0,石川県能登地方,37°24.3′N,137°00.2′E,4 km,2.7,---
2024/01/03,19:19:16.5,石川県能登地方,37°13.1′N,136°45.4′E,2 km,1.5,---
2024/01/03,19:19:45.7,石川県能登地方,37°27.5′N,137°15.5′E,12 km,2.1,---
2024/01/03,19:21:00.7,石川県能登地方,37°20.1′N,136°59.6′E,12 km,1.3,---
2024/01/03,19:21:04.1,新潟県上中越沖,37°40.7′N,137°37.8′E,18 km,1.9,---
2024/01/03,19:21:53.6,石川県西方沖,37°05.2′N,136°30.8′E,9 km,2.0,---
2024/01/03,19:23:11.7,能登半島沖,37°17.9′N,136°41.7′E,9 km,2.2,---
2024/01/03,19:23:25.7,青森県西方沖,40°52.2′N,139°13.1′E,24 km,2.4,---
2024/01/03,19:24:27.0,能登半島沖,37°34.9′N,137°29.1′E,9 km,1.6,---
2024/01/03,19:25:00.4,石川県能登地方,37°17.5′N,136°48.7′E,12 km,2.4,---
2024/01/03,19:25:16.8,能登半島沖,37°36.2′N,137°25.8′E,11 km,2.7,---
2024/01/03,19:26:16.0,石川県能登地方,37°27.3′N,137°13.9′E,14 km,1.6,---
2024/01/03,19:26:39.0,佐渡付近,37°43.6′N,137°41.2′E,17 km,2.6,---
2024/01/03,19:27:37.1,石川県能登地方,37°14.4′N,136°45.9′E,5 km,1.0,---
2024/01/03,19:28:03.7,石川県能登地方,37°19.7′N,136°50.3′E,0 km,1.2,---
2024/01/03,19:28:15.2,伊豆半島東方沖,34°51.9′N,139°10.2′E,10 km,0.1,---
2024/01/03,19:28:31.1,石川県能登地方,37°20.9′N,136°49.0′E,11 km,1.6,---
2024/01/03,19:31:01.7,能登半島沖,37°12.7′N,136°40.1′E,10 km,1.3,---
2024/01/03,19:31:22.5,石川県能登地方,37°23.1′N,137°03.6′E,9 km,1.3,---
2024/01/03,19:31:30.7,佐渡付近,37°53.9′N,137°42.3′E,14 km,1.5,---
2024/01/03,19:31:33.1,トカラ列島近海,29°18.0′N,129°30.1′E,5 km,1.9,---
2024/01/03,19:32:17.7,能登半島沖,37°14.5′N,136°42.9′E,10 km,不明,---
2024/01/03,19:32:37.5,石川県能登地方,37°16.6′N,136°47.0′E,12 km,1.9,---
2024/01/03,19:32:48.4,石川県能登地方,37°13.5′N,136°50.0′E,9 km,1.8,---
2024/01/03,19:34:46.4,石川県能登地方,37°12.6′N,136°43.6′E,4 km,3.6,---
2024/01/03,19:36:23.1,石川県能登地方,37°21.3′N,136°50.3′E,10 km,2.1,---
2024/01/03,19:36:45.4,宮城県沖,38°43.6′N,142°19.7′E,39 km,1.3,---
2024/01/03,19:37:07.2,能登半島沖,37°31.0′N,137°11.6′E,13 km,1.9,---
2024/01/03,19:37:25.5,宮城県沖,37°58.9′N,141°40.5′E,48 km,1.0,---
2024/01/03,19:38:02.5,宮崎県北部山沿い,32°27.8′N,131°28.8′E,15 km,0.5,---
2024/01/03,19:38:10.6,宮崎県北部山沿い,32°28.2′N,131°28.8′E,14 km,1.4,---
2024/01/03,19:38:34.3,新潟県上中越沖,37°36.0′N,137°32.2′E,13 km,2.1,---
2024/01/03,19:38:37.8,長野県南部,35°55.3′N,137°33.7′E,4 km,0.0,---
2024/01/03,19:39:22.4,石川県能登地方,37°14.8′N,136°44.9′E,7 km,3.2,---
2024/01/03,19:40:00.1,新潟県上中越沖,37°40.6′N,137°33.2′E,9 km,2.8,---
2024/01/03,19:42:14.4,石川県能登地方,37°10.2′N,136°44.2′E,8 km,4.1,---
2024/01/03,19:42:40.2,千葉県東方沖,35°37.3′N,140°43.6′E,44 km,0.8,---
2024/01/03,19:43:45.5,石川県能登地方,37°18.5′N,136°48.3′E,11 km,2.5,---
2024/01/03,19:44:50.9,石川県能登地方,37°20.4′N,136°59.2′E,12 km,1.2,---
2024/01/03,19:45:24.7,新潟県中越地方,37°13.4′N,139°04.9′E,3 km,0.2,---
2024/01/03,19:46:41.4,佐渡付近,37°51.6′N,137°46.2′E,16 km,1.9,---
2024/01/03,19:47:11.5,能登半島沖,37°32.7′N,137°20.3′E,11 km,1.9,---
2024/01/03,19:47:42.5,石川県能登地方,37°17.9′N,136°49.2′E,10 km,2.0,---
2024/01/03,19:47:44.1,佐渡付近,37°54.1′N,137°45.9′E,23 km,2.7,---
2024/01/03,19:49:11.8,能登半島沖,37°34.9′N,137°26.6′E,14 km,4.1,---
2024/01/03,19:49:47.8,佐渡付近,37°45.6′N,137°36.6′E,26 km,3.1,---
2024/01/03,19:50:22.6,日向灘,32°03.0′N,131°54.2′E,26 km,不明,---
2024/01/03,19:50:52.1,日向灘,32°32.8′N,132°10.2′E,31 km,1.4,---
2024/01/03,19:50:52.6,能登半島沖,37°29.5′N,137°22.8′E,14 km,2.0,---
2024/01/03,19:51:17.3,八丈島東方沖,33°44.7′N,141°41.3′E,18 km,3.6,---
2024/01/03,19:52:10.5,佐渡付近,37°58.6′N,137°44.5′E,20 km,2.6,---
2024/01/03,19:52:38.7,能登半島沖,37°36.0′N,137°28.0′E,2 km,2.1,---
2024/01/03,19:53:10.7,佐渡付近,38°09.4′N,138°12.0′E,15 km,1.9,---
2024/01/03,19:53:15.5,石川県能登地方,37°28.8′N,137°10.1′E,10 km,2.2,---
2024/01/03,19:53:55.3,石川県能登地方,37°27.7′N,137°15.4′E,13 km,2.1,---
2024/01/03,19:54:03.7,紀伊水道,33°52.2′N,134°41.9′E,31 km,0.3,---
2024/01/03,19:54:34.8,石川県能登地方,37°19.7′N,136°44.7′E,6 km,2.0,---
2024/01/03,19:54:46.4,石川県能登地方,37°27.2′N,137°06.6′E,11 km,2.1,---
2024/01/03,19:56:14.0,熊本県熊本地方,33°00.6′N,130°43.3′E,7 km,-0.2,---
2024/01/03,19:56:29.2,石川県能登地方,37°10.7′N,136°41.3′E,5 km,1.6,---
2024/01/03,19:57:32.8,石川県能登地方,37°11.2′N,136°43.6′E,7 km,1.4,---
2024/01/03,19:58:00.7,能登半島沖,37°12.1′N,136°41.7′E,4 km,1.6,---
2024/01/03,19:58:14.1,能登半島沖,37°26.6′N,136°58.5′E,6 km,2.2,---
2024/01/03,19:58:53.2,石川県西方沖,36°57.8′N,136°45.9′E,9 km,0.8,---
2024/01/03,19:59:03.6,長野県北部,36°46.8′N,138°32.0′E,6 km,0.3,---
2024/01/03,19:59:12.6,石川県能登地方,37°22.3′N,137°00.6′E,9 km,1.1,---
2024/01/03,19:59:25.7,能登半島沖,37°08.9′N,136°42.5′E,7 km,1.7,---
2024/01/03,20:00:11.2,石川県能登地方,37°14.6′N,136°53.7′E,10 km,1.5,---
2024/01/03,20:00:51.2,愛知県東部,35°08.1′N,137°48.8′E,21 km,0.0,---
2024/01/03,20:01:12.8,石川県能登地方,37°09.5′N,136°41.2′E,10 km,1.2,---
2024/01/03,20:01:27.8,石川県能登地方,37°22.1′N,137°01.4′E,9 km,2.0,---
2024/01/03,20:02:27.6,佐渡付近,37°55.2′N,137°45.2′E,22 km,2.8,---
2024/01/03,20:03:09.2,新潟県上中越沖,37°41.4′N,137°38.4′E,13 km,2.7,---
2024/01/03,20:03:43.2,佐渡付近,37°51.1′N,137°49.8′E,15 km,2.4,---
2024/01/03,20:03:49.2,石川県能登地方,37°10.3′N,136°50.1′E,12 km,1.2,---
2024/01/03,20:04:59.5,佐渡付近,37°48.0′N,137°30.9′E,15 km,2.1,---
2024/01/03,20:05:18.7,石川県能登地方,37°27.6′N,137°12.0′E,14 km,1.6,---
2024/01/03,20:05:19.4,栃木県北部,36°38.6′N,139°20.7′E,6 km,0.4,---
2024/01/03,20:05:24.9,岩手県内陸南部,39°30.3′N,141°24.3′E,73 km,0.4,---
2024/01/03,20:05:42.6,能登半島沖,37°25.5′N,136°57.1′E,0 km,1.9,---
2024/01/03,20:05:56.1,福島県沖,37°22.6′N,143°58.1′E,25 km,1.6,---
2024/01/03,20:06:02.6,石川県能登地方,37°22.7′N,136°56.7′E,10 km,2.0,---
2024/01/03,20:06:57.2,石川県能登地方,37°20.1′N,136°58.5′E,8 km,不明,---
2024/01/03,20:07:02.3,能登半島沖,37°12.7′N,136°40.7′E,9 km,2.9,---
2024/01/03,20:07:08.0,伊豆半島東方沖,34°52.0′N,139°10.3′E,11 km,0.4,---
2024/01/03,20:07:59.9,石川県能登地方,37°11.2′N,136°43.6′E,8 km,2.2,---
2024/01/03,20:08:26.4,石川県能登地方,37°27.5′N,137°06.7′E,9 km,2.8,---
2024/01/03,20:10:06.1,石川県能登地方,37°24.3′N,137°05.7′E,10 km,2.5,---
2024/01/03,20:11:03.0,石川県能登地方,37°25.1′N,137°03.7′E,10 km,2.2,---
2024/01/03,20:11:13.7,長野県中部,36°29.0′N,138°03.9′E,5 km,0.0,---
2024/01/03,20:11:25.3,石川県能登地方,37°28.4′N,137°14.9′E,15 km,1.9,---
2024/01/03,20:12:20.4,石川県能登地方,37°18.0′N,136°48.9′E,11 km,1.5,---
2024/01/03,20:12:31.8,佐渡付近,37°45.5′N,137°38.1′E,12 km,1.7,---
2024/01/03,20:12:34.3,能登半島沖,37°26.1′N,137°02.5′E,10 km,1.5,---
2024/01/03,20:13:12.2,佐渡付近,37°51.7′N,137°46.5′E,18 km,2.4,---
2024/01/03,20:14:26.3,宮崎県北部山沿い,32°28.3′N,131°28.9′E,14 km,0.4,---
2024/01/03,20:14:32.9,石川県能登地方,37°19.3′N,136°45.2′E,8 km,1.6,---
2024/01/03,20:15:03.5,石川県能登地方,37°13.4′N,136°48.8′E,4 km,1.3,---
2024/01/03,20:15:12.9,能登半島沖,37°07.4′N,136°40.5′E,8 km,1.4,---
2024/01/03,20:15:18.5,福島県沖,36°56.0′N,141°02.9′E,44 km,0.6,---
2024/01/03,20:15:44.2,新潟県上中越沖,37°38.8′N,137°36.3′E,19 km,1.8,---
2024/01/03,20:16:41.9,石川県能登地方,37°29.6′N,137°20.1′E,10 km,1.7,---
2024/01/03,20:17:00.8,石川県能登地方,37°22.0′N,137°06.6′E,12 km,1.4,---
2024/01/03,20:18:18.7,能登半島沖,37°08.3′N,136°43.3′E,9 km,0.7,---
2024/01/03,20:19:17.6,富山湾,37°05.8′N,137°27.0′E,15 km,1.6,---
2024/01/03,20:21:22.7,石川県能登地方,37°11.9′N,136°47.5′E,8 km,2.1,---
2024/01/03,20:21:24.9,三陸沖,39°42.7′N,143°09.9′E,10 km,1.5,---
2024/01/03,20:21:47.9,石川県能登地方,37°26.9′N,137°15.5′E,14 km,1.4,---
2024/01/03,20:23:17.3,石川県能登地方,37°14.2′N,136°44.6′E,10 km,1.5,---
2024/01/03,20:23:19.6,新潟県上中越沖,37°37.9′N,137°36.4′E,18 km,1.6,---
2024/01/03,20:23:49.4,能登半島沖,37°31.5′N,137°21.2′E,10 km,1.2,---
2024/01/03,20:24:00.9,石川県能登地方,37°12.7′N,136°46.0′E,4 km,1.2,---
2024/01/03,20:25:20.2,能登半島沖,37°07.7′N,136°36.7′E,11 km,1.5,---
2024/01/03,20:26:10.9,能登半島沖,37°12.4′N,136°40.1′E,7 km,1.6,---
2024/01/03,20:27:34.9,佐渡付近,37°54.2′N,137°42.0′E,25 km,2.3,---
2024/01/03,20:28:23.9,能登半島沖,37°22.4′N,136°44.6′E,11 km,2.3,---
2024/01/03,20:29:18.3,石川県能登地方,37°10.2′N,136°44.7′E,7 km,1.6,---
2024/01/03,20:30:28.3,石川県能登地方,37°15.1′N,136°48.8′E,0 km,1.3,---
2024/01/03,20:31:42.3,能登半島沖,37°35.3′N,137°27.7′E,13 km,2.3,---
2024/01/03,20:31:50.7,能登半島沖,37°36.0′N,137°26.7′E,13 km,2.8,---
2024/01/03,20:32:43.9,新潟県上中越沖,37°41.7′N,137°32.2′E,14 km,2.1,---
2024/01/03,20:33:25.0,石川県能登地方,37°22.8′N,136°55.5′E,12 km,1.6,---
2024/01/03,20:34:03.6,能登半島沖,37°09.7′N,136°39.4′E,1 km,2.0,---
2024/01/03,20:35:05.7,石川県能登地方,37°15.7′N,136°46.9′E,7 km,1.3,---
2024/01/03,20:35:20.1,石川県能登地方,37°16.5′N,136°49.3′E,7 km,1.8,---
2024/01/03,20:35:55.0,能登半島沖,37°12.3′N,136°41.1′E,8 km,1.8,---
2024/01/03,20:35:56.7,岩手県沖,40°00.4′N,142°00.3′E,38 km,0.4,---
2024/01/03,20:36:23.9,石川県能登地方,37°10.7′N,136°44.8′E,4 km,1.9,---
2024/01/03,20:37:07.2,石川県能登地方,37°22.8′N,137°03.5′E,11 km,1.5,---
2024/01/03,20:37:15.5,熊本県天草・芦北地方,32°13.6′N,130°35.6′E,6 km,0.2,---
2024/01/03,20:38:02.0,石川県能登地方,37°11.2′N,136°44.8′E,9 km,1.4,---
2024/01/03,20:38:34.2,石川県能登地方,37°11.4′N,136°53.5′E,16 km,1.1,---
2024/01/03,20:39:05.1,能登半島沖,37°11.9′N,136°39.0′E,7 km,1.0,---
2024/01/03,20:39:15.2,能登半島沖,37°23.8′N,136°45.3′E,3 km,1.3,---
2024/01/03,20:39:42.2,石川県能登地方,37°15.1′N,136°50.3′E,11 km,1.1,---
2024/01/03,20:40:30.2,能登半島沖,37°32.2′N,137°12.2′E,7 km,1.2,---
2024/01/03,20:41:09.3,石川県能登地方,37°23.0′N,137°01.1′E,14 km,不明,---
2024/01/03,20:41:11.1,石川県能登地方,37°23.8′N,136°58.8′E,11 km,2.1,---
2024/01/03,20:41:46.8,長野県北部,36°50.4′N,138°32.8′E,5 km,0.6,---
2024/01/03,20:41:51.5,能登半島沖,37°08.6′N,136°39.5′E,9 km,1.6,---
2024/01/03,20:44:11.8,能登半島沖,37°06.1′N,136°35.9′E,0 km,1.5,---
2024/01/03,20:45:00.6,石川県能登地方,37°18.3′N,136°48.5′E,10 km,1.4,---
2024/01/03,20:45:34.3,石川県能登地方,37°18.5′N,136°50.2′E,8 km,1.3,---
2024/01/03,20:45:45.2,新潟県上中越沖,37°41.3′N,137°34.9′E,16 km,3.1,---
2024/01/03,20:46:11.7,石川県能登地方,37°12.7′N,136°50.6′E,10 km,3.3,---
2024/01/03,20:46:24.6,和歌山県南部,33°45.2′N,135°35.5′E,39 km,0.3,---
2024/01/03,20:46:31.6,石川県能登地方,37°13.1′N,136°46.2′E,7 km,3.1,---
2024/01/03,20:48:14.4,新潟県上中越沖,37°32.2′N,137°30.1′E,19 km,2.3,---
2024/01/03,20:48:37.5,石川県能登地方,37°27.8′N,137°12.7′E,12 km,3.8,---
2024/01/03,20:48:38.7,十勝地方南部,42°21.0′N,143°06.8′E,50 km,2.6,---
2024/01/03,20:50:45.4,佐渡付近,37°52.0′N,137°49.2′E,16 km,2.0,---
2024/01/03,20:52:02.8,石川県能登地方,37°17.3′N,136°49.3′E,15 km,1.0,---
2024/01/03,20:52:33.7,石川県能登地方,37°13.4′N,136°45.7′E,4 km,1.0,---
2024/01/03,20:53:06.2,能登半島沖,37°14.1′N,136°42.8′E,6 km,2.9,---
2024/01/03,20:54:02.8,石川県能登地方,37°21.5′N,137°05.1′E,11 km,1.6,---
2024/01/03,20:54:08.0,福島県沖,37°30.1′N,144°46.4′E,40 km,1.9,---
2024/01/03,20:54:36.4,能登半島沖,37°28.9′N,137°22.2′E,11 km,1.6,---
2024/01/03,20:54:57.4,能登半島沖,37°06.8′N,136°35.7′E,7 km,3.7,---
2024/01/03,20:56:08.4,石川県能登地方,37°20.6′N,136°58.3′E,11 km,2.3,---
2024/01/03,20:57:13.9,佐渡付近,37°50.7′N,137°40.7′E,22 km,2.3,---
2024/01/03,20:58:23.5,佐渡付近,37°44.5′N,137°36.5′E,11 km,1.9,---
2024/01/03,20:58:50.5,能登半島沖,37°35.4′N,137°29.2′E,5 km,2.0,---
2024/01/03,20:59:23.4,石川県能登地方,37°29.0′N,137°07.2′E,11 km,1.1,---
2024/01/03,20:59:48.5,長野県南部,35°55.1′N,137°39.8′E,8 km,0.5,---
2024/01/03,21:00:10.6,岩手県沖,39°55.6′N,142°26.8′E,9 km,1.0,---
2024/01/03,21:00:37.3,石川県能登地方,37°18.4′N,137°00.6′E,4 km,1.4,---
2024/01/03,21:01:08.4,佐渡付近,37°53.5′N,137°44.2′E,15 km,2.0,---
2024/01/03,21:01:30.1,福島県沖,37°50.5′N,141°34.7′E,47 km,0.9,---
2024/01/03,21:02:05.8,石川県能登地方,37°23.5′N,137°04.9′E,13 km,1.4,---
2024/01/03,21:02:16.6,佐渡付近,37°53.5′N,137°42.8′E,20 km,2.7,---
2024/01/03,21:02:41.2,石川県能登地方,37°11.7′N,136°52.6′E,14 km,2.2,---
2024/01/03,21:03:27.2,石川県西方沖,37°04.8′N,136°37.4′E,9 km,1.3,---
2024/01/03,21:03:52.7,石川県能登地方,37°13.6′N,136°44.1′E,3 km,1.2,---
2024/01/03,21:04:05.0,佐渡付近,37°51.6′N,137°49.9′E,18 km,2.0,---
2024/01/03,21:04:08.8,石川県能登地方,37°13.1′N,136°49.0′E,6 km,1.6,---
2024/01/03,21:04:10.3,能登半島沖,37°24.3′N,136°55.5′E,10 km,2.1,---
2024/01/03,21:04:34.6,石川県能登地方,37°21.9′N,136°53.1′E,9 km,2.1,---
2024/01/03,21:05:18.8,石川県能登地方,37°14.3′N,136°49.4′E,7 km,1.6,---
2024/01/03,21:06:45.6,能登半島沖,37°25.1′N,136°59.2′E,5 km,2.0,---
2024/01/03,21:07:15.1,能登半島沖,37°32.7′N,137°28.2′E,11 km,2.4,---
2024/01/03,21:08:37.5,茨城県沖,36°47.1′N,141°25.7′E,0 km,1.7,---
2024/01/03,21:08:38.8,能登半島沖,37°11.4′N,136°38.9′E,0 km,1.0,---
2024/01/03,21:09:04.6,根室半島南東沖,43°00.3′N,145°45.7′E,45 km,1.5,---
2024/01/03,21:09:10.5,石川県能登地方,37°14.4′N,136°46.2′E,4 km,1.0,---
2024/01/03,21:09:54.0,能登半島沖,37°08.5′N,136°38.4′E,10 km,1.0,---
2024/01/03,21:09:56.5,福島県沖,37°38.5′N,141°36.9′E,55 km,1.7,---
2024/01/03,21:10:06.9,茨城県南部,36°06.2′N,140°01.4′E,67 km,2.1,---
2024/01/03,21:10:48.9,和歌山県北部,34°11.2′N,135°13.3′E,4 km,0.6,---
2024/01/03,21:10:54.2,能登半島沖,37°07.8′N,136°36.5′E,12 km,0.8,---
2024/01/03,21:11:33.3,石川県西方沖,37°05.1′N,136°32.9′E,10 km,1.4,---
2024/01/03,21:12:29.8,佐渡付近,37°55.6′N,137°47.6′E,17 km,2.0,---
2024/01/03,21:12:48.7,能登半島沖,37°12.7′N,136°39.6′E,9 km,2.9,---
2024/01/03,21:13:38.1,石川県能登地方,37°10.0′N,136°42.5′E,7 km,2.0,---
2024/01/03,21:14:22.7,石川県能登地方,37°10.3′N,136°47.1′E,8 km,2.5,---
2024/01/03,21:14:49.9,石川県能登地方,37°16.9′N,136°48.0′E,13 km,1.5,---
2024/01/03,21:15:16.0,能登半島沖,37°14.1′N,136°40.1′E,5 km,1.4,---
2024/01/03,21:15:38.8,石川県能登地方,37°22.4′N,137°00.3′E,12 km,2.1,---
2024/01/03,21:16:04.6,石川県能登地方,37°10.3′N,136°43.3′E,8 km,1.5,---
2024/01/03,21:16:12.9,八丈島東方沖,33°40.2′N,140°33.1′E,54 km,1.0,---
2024/01/03,21:16:50.4,佐渡付近,37°47.8′N,137°44.2′E,18 km,2.3,---
2024/01/03,21:17:00.8,福島県沖,37°49.1′N,141°39.3′E,56 km,1.0,---
2024/01/03,21:17:37.5,能登半島沖,37°12.4′N,136°41.5′E,8 km,1.1,---
2024/01/03,21:18:26.3,能登半島沖,37°11.6′N,136°40.1′E,0 km,1.0,---
2024/01/03,21:18:30.4,石川県能登地方,37°19.0′N,136°44.6′E,6 km,1.9,---
2024/01/03,21:19:09.7,石川県能登地方,37°17.2′N,136°49.3′E,9 km,1.8,---
2024/01/03,21:19:44.0,能登半島沖,37°17.3′N,136°43.3′E,8 km,1.8,---
2024/01/03,21:19:52.6,種子島南東沖,29°57.7′N,131°17.5′E,26 km,2.2,---
2024/01/03,21:20:49.2,石川県能登地方,37°20.4′N,136°52.0′E,8 km,1.6,---
2024/01/03,21:21:14.8,能登半島沖,37°31.8′N,137°23.4′E,10 km,2.1,---
2024/01/03,21:21:23.2,長野県南部,35°59.8′N,137°34.7′E,13 km,0.0,---
2024/01/03,21:21:41.8,能登半島沖,37°12.5′N,136°40.8′E,5 km,1.9,---
2024/01/03,21:22:06.4,能登半島沖,37°23.0′N,136°42.3′E,8 km,1.6,---
2024/01/03,21:22:25.6,能登半島沖,37°10.8′N,136°37.4′E,11 km,1.1,---
2024/01/03,21:22:43.0,能登半島沖,37°12.2′N,136°41.6′E,7 km,2.6,---
2024/01/03,21:23:07.6,石川県能登地方,37°23.6′N,136°53.8′E,5 km,2.6,---
2024/01/03,21:23:41.0,佐渡付近,37°45.3′N,137°37.8′E,20 km,3.1,---
2024/01/03,21:24:48.1,三河湾,34°40.8′N,137°07.3′E,9 km,0.4,---
2024/01/03,21:25:12.6,新潟県上中越沖,37°40.0′N,137°37.5′E,20 km,2.3,---
2024/01/03,21:25:13.3,石川県能登地方,37°09.4′N,136°41.8′E,9 km,1.6,---
2024/01/03,21:26:06.6,能登半島沖,37°15.6′N,136°39.2′E,11 km,1.7,---
2024/01/03,21:26:43.8,島根県東部,35°06.6′N,133°06.4′E,9 km,1.2,---
2024/01/03,21:27:31.7,石川県西方沖,37°04.2′N,136°35.5′E,14 km,0.7,---
2024/01/03,21:28:17.3,石川県能登地方,37°15.0′N,136°50.3′E,7 km,1.2,---
2024/01/03,21:28:28.4,石川県能登地方,37°18.8′N,136°48.0′E,12 km,1.5,---
2024/01/03,21:28:37.0,石川県能登地方,37°31.3′N,137°15.2′E,10 km,3.6,---
2024/01/03,21:29:18.8,石川県能登地方,37°23.5′N,136°59.2′E,3 km,2.6,---
2024/01/03,21:30:14.8,富山湾,37°03.3′N,137°05.2′E,17 km,1.3,---
2024/01/03,21:31:13.7,石川県能登地方,37°09.4′N,136°43.6′E,6 km,2.7,---
2024/01/03,21:32:28.2,石川県能登地方,37°11.5′N,136°43.7′E,11 km,0.8,---
2024/01/03,21:32:47.7,石川県能登地方,37°19.2′N,136°53.5′E,11 km,3.1,---
2024/01/03,21:34:16.7,石川県能登地方,37°13.3′N,136°52.6′E,6 km,1.2,---
2024/01/03,21:34:21.8,石川県能登地方,37°17.0′N,136°48.7′E,10 km,1.5,---
2024/01/03,21:34:44.7,青森県西方沖,41°08.9′N,139°21.3′E,17 km,1.2,---
2024/01/03,21:35:19.7,能登半島沖,37°08.0′N,136°38.8′E,7 km,0.7,---
2024/01/03,21:35:31.8,佐渡付近,37°52.4′N,137°44.2′E,20 km,1.6,---
2024/01/03,21:35:39.2,石川県能登地方,37°20.4′N,136°45.7′E,7 km,1.6,---
2024/01/03,21:36:05.4,石川県能登地方,37°11.4′N,136°49.4′E,12 km,2.2,---
2024/01/03,21:37:46.4,佐渡付近,37°52.6′N,137°44.1′E,19 km,2.7,---
2024/01/03,21:37:47.8,能登半島沖,37°36.4′N,137°28.5′E,14 km,2.4,---
2024/01/03,21:38:23.0,石川県能登地方,37°23.2′N,136°59.0′E,3 km,1.7,---
2024/01/03,21:38:30.1,石川県能登地方,37°09.0′N,136°43.3′E,11 km,1.3,---
2024/01/03,21:39:01.3,石川県能登地方,37°20.4′N,136°58.6′E,10 km,1.5,---
2024/01/03,21:39:11.8,石川県能登地方,37°21.5′N,136°56.6′E,8 km,1.4,---
2024/01/03,21:39:24.5,石川県能登地方,37°17.1′N,136°53.3′E,7 km,1.5,---
2024/01/03,21:40:57.3,石川県能登地方,37°27.2′N,137°14.6′E,14 km,1.1,---
2024/01/03,21:41:31.7,能登半島沖,37°22.1′N,136°42.6′E,7 km,2.7,---
2024/01/03,21:41:55.0,能登半島沖,37°28.6′N,137°05.5′E,8 km,不明,---
2024/01/03,21:42:28.9,石川県能登地方,37°24.5′N,137°06.6′E,11 km,1.6,---
2024/01/03,21:42:47.2,石川県能登地方,37°10.8′N,136°45.1′E,5 km,3.3,---
2024/01/03,21:43:49.9,佐渡付近,37°44.5′N,137°39.5′E,21 km,3.6,---
2024/01/03,21:44:58.4,佐渡付近,37°45.3′N,137°37.4′E,16 km,2.2,---
2024/01/03,21:45:20.8,能登半島沖,37°35.4′N,137°28.5′E,7 km,1.9,---
2024/01/03,21:45:35.0,徳島県南部,33°57.4′N,134°30.2′E,11 km,0.4,---
2024/01/03,21:46:16.3,宮城県沖,38°30.7′N,142°11.9′E,63 km,3.3,---
2024/01/03,21:46:21.9,佐渡付近,37°58.1′N,137°45.6′E,23 km,2.5,---
2024/01/03,21:46:41.9,石川県能登地方,37°14.0′N,136°48.7′E,12 km,1.3,---
2024/01/03,21:47:26.2,能登半島沖,37°30.7′N,137°25.6′E,13 km,1.9,---
2024/01/03,21:48:16.6,石川県能登地方,37°25.0′N,137°00.7′E,9 km,1.3,---
2024/01/03,21:48:21.1,石川県能登地方,37°11.9′N,136°45.7′E,4 km,1.0,---
2024/01/03,21:49:02.0,石川県能登地方,37°19.7′N,136°54.1′E,11 km,2.3,---
2024/01/03,21:49:15.0,石川県能登地方,37°10.8′N,136°51.1′E,14 km,1.8,---
2024/01/03,21:49:44.1,石川県能登地方,37°13.6′N,136°42.4′E,4 km,1.9,---
2024/01/03,21:50:03.8,石川県能登地方,37°23.0′N,136°51.9′E,11 km,3.4,---
2024/01/03,21:50:26.1,福島県沖,37°39.8′N,141°36.2′E,53 km,1.1,---
2024/01/03,21:51:20.0,三陸沖,40°51.1′N,145°15.6′E,13 km,2.5,---
2024/01/03,21:51:38.4,石川県能登地方,37°27.4′N,137°15.9′E,13 km,1.4,---
2024/01/03,21:52:38.3,石川県能登地方,37°27.0′N,137°15.7′E,14 km,1.8,---
2024/01/03,21:53:38.9,石川県能登地方,37°27.0′N,137°15.2′E,12 km,1.4,---
2024/01/03,21:53:48.9,石川県能登地方,37°27.6′N,137°10.9′E,11 km,1.9,---
2024/01/03,21:54:46.2,新潟県上越地方,36°59.5′N,138°17.8′E,16 km,0.3,---
2024/01/03,21:55:25.1,能登半島沖,37°36.3′N,137°29.0′E,10 km,1.6,---
2024/01/03,21:55:51.0,能登半島沖,37°32.8′N,137°14.1′E,10 km,1.0,---
2024/01/03,21:56:21.1,愛知県西部,34°53.1′N,137°03.3′E,8 km,0.1,---
2024/01/03,21:56:33.8,能登半島沖,37°42.0′N,137°22.7′E,13 km,1.4,---
2024/01/03,21:57:15.8,能登半島沖,37°08.2′N,136°41.1′E,3 km,0.9,---
2024/01/03,21:57:55.7,佐渡付近,37°47.2′N,137°45.2′E,18 km,1.1,---
2024/01/03,21:58:33.2,能登半島沖,37°15.7′N,136°42.6′E,6 km,2.1,---
2024/01/03,21:58:37.8,長崎県南西部,32°51.8′N,129°44.9′E,11 km,0.4,---
2024/01/03,21:58:46.3,新潟県上中越沖,37°40.4′N,137°38.9′E,23 km,3.2,---
2024/01/03,21:59:47.2,石川県能登地方,37°16.8′N,136°51.6′E,12 km,1.6,---
2024/01/03,22:00:12.8,石川県能登地方,37°12.3′N,136°45.3′E,3 km,不明,---
2024/01/03,22:00:43.6,石川県能登地方,37°27.8′N,137°15.2′E,14 km,1.6,---
2024/01/03,22:01:38.4,千葉県北西部,35°39.3′N,140°13.8′E,12 km,2.5,---
2024/01/03,22:02:21.0,石川県能登地方,37°30.3′N,137°15.4′E,15 km,1.5,---
2024/01/03,22:02:42.2,石川県能登地方,37°12.0′N,136°45.2′E,9 km,1.6,---
2024/01/03,22:03:16.4,佐渡付近,37°51.7′N,137°43.2′E,0 km,1.1,---
2024/01/03,22:03:49.2,石川県能登地方,37°16.7′N,136°51.1′E,14 km,1.4,---
2024/01/03,22:04:49.8,石川県能登地方,37°03.7′N,136°44.1′E,13 km,1.0,---
2024/01/03,22:05:08.6,能登半島沖,37°38.2′N,137°23.9′E,6 km,1.8,---
2024/01/03,22:05:13.6,福島県沖,37°49.9′N,141°36.9′E,49 km,1.6,---
2024/01/03,22:05:27.4,石川県能登地方,37°23.0′N,136°51.2′E,0 km,2.2,---
2024/01/03,22:05:51.9,佐渡付近,37°45.2′N,137°40.3′E,15 km,1.6,---
2024/01/03,22:06:04.3,能登半島沖,37°07.5′N,136°39.7′E,9 km,1.8,---
2024/01/03,22:06:21.5,新潟県上中越沖,37°40.7′N,137°52.6′E,24 km,2.9,---
2024/01/03,22:06:41.6,新潟県上中越沖,37°40.8′N,137°52.4′E,22 km,3.6,---
2024/01/03,22:07:18.1,石川県能登地方,37°21.4′N,136°47.8′E,8 km,3.6,---
2024/01/03,22:08:59.8,能登半島沖,37°05.6′N,136°38.5′E,11 km,不明,---
2024/01/03,22:09:18.4,石川県能登地方,37°28.4′N,137°14.6′E,13 km,1.6,---
2024/01/03,22:09:40.2,新潟県上中越沖,37°40.9′N,137°52.5′E,25 km,3.8,---
2024/01/03,22:09:55.9,宮城県沖,38°41.3′N,142°15.7′E,42 km,1.4,---
2024/01/03,22:11:40.6,佐渡付近,37°44.0′N,137°41.2′E,16 km,1.6,---
2024/01/03,22:12:37.9,石川県能登地方,37°14.4′N,136°45.3′E,8 km,0.8,---
2024/01/03,22:13:22.7,石川県能登地方,37°13.2′N,136°43.8′E,6 km,2.2,---
2024/01/03,22:14:35.5,石川県能登地方,37°09.4′N,136°43.9′E,15 km,1.0,---
2024/01/03,22:14:43.1,石川県能登地方,37°12.4′N,136°42.5′E,5 km,1.3,---
2024/01/03,22:14:59.5,佐渡付近,37°45.5′N,137°41.4′E,17 km,2.0,---
2024/01/03,22:15:51.9,石川県能登地方,37°25.4′N,137°08.4′E,13 km,不明,---
2024/01/03,22:16:02.3,能登半島沖,37°20.2′N,136°44.8′E,9 km,1.6,---
2024/01/03,22:17:12.8,能登半島沖,37°06.4′N,136°39.0′E,7 km,1.7,---
2024/01/03,22:17:55.3,石川県能登地方,37°11.4′N,136°42.0′E,8 km,0.8,---
2024/01/03,22:18:41.3,石川県能登地方,37°11.0′N,136°46.4′E,4 km,1.5,---
2024/01/03,22:19:08.3,石川県能登地方,37°13.8′N,136°44.4′E,3 km,1.2,---
2024/01/03,22:19:12.5,新潟県上中越沖,37°41.2′N,137°57.1′E,24 km,1.4,---
2024/01/03,22:20:03.0,佐渡付近,37°43.8′N,137°39.3′E,17 km,1.6,---
2024/01/03,22:21:01.2,石川県能登地方,37°24.6′N,137°06.5′E,12 km,1.2,---
2024/01/03,22:22:00.3,石川県能登地方,37°25.4′N,137°13.1′E,16 km,0.9,---
2024/01/03,22:22:14.7,石川県能登地方,37°10.3′N,136°49.3′E,10 km,0.8,---
2024/01/03,22:22:31.9,能登半島沖,37°08.8′N,136°39.4′E,9 km,0.9,---
2024/01/03,22:22:52.6,石川県能登地方,37°22.0′N,137°05.9′E,12 km,1.6,---
2024/01/03,22:23:05.0,石川県能登地方,37°20.9′N,136°49.1′E,11 km,2.2,---
2024/01/03,22:23:07.7,宮城県沖,38°24.4′N,142°20.4′E,36 km,1.1,---
2024/01/03,22:23:22.4,福島県中通り,37°05.0′N,140°35.1′E,9 km,0.8,---
2024/01/03,22:23:29.0,新潟県上中越沖,37°40.5′N,137°34.8′E,20 km,2.0,---
2024/01/03,22:23:46.8,能登半島沖,37°07.8′N,136°38.9′E,7 km,2.6,---
2024/01/03,22:24:08.6,石川県能登地方,37°15.8′N,136°44.9′E,11 km,1.9,---
2024/01/03,22:24:55.4,佐渡付近,37°44.5′N,137°37.9′E,17 km,1.3,---
2024/01/03,22:25:30.4,石川県能登地方,37°21.5′N,136°58.7′E,8 km,1.4,---
2024/01/03,22:25:50.2,石川県能登地方,37°13.3′N,136°47.7′E,8 km,1.8,---
2024/01/03,22:26:27.1,石川県能登地方,37°29.2′N,137°18.0′E,11 km,3.2,---
2024/01/03,22:26:46.4,石川県能登地方,37°09.6′N,136°50.6′E,13 km,2.7,---
2024/01/03,22:28:43.4,能登半島沖,37°08.3′N,136°37.2′E,8 km,1.0,---
2024/01/03,22:29:18.0,石川県能登地方,37°12.6′N,136°48.2′E,8 km,1.5,---
2024/01/03,22:29:36.8,茨城県北部,36°22.3′N,140°32.9′E,83 km,0.7,---
2024/01/03,22:29:46.4,石川県能登地方,37°13.5′N,136°45.9′E,9 km,1.0,---
2024/01/03,22:30:07.3,石川県能登地方,37°25.8′N,137°09.2′E,7 km,1.2,---
2024/01/03,22:30:21.8,能登半島沖,37°41.5′N,137°29.3′E,0 km,1.9,---
2024/01/03,22:31:36.5,石川県能登地方,37°29.1′N,137°15.1′E,15 km,1.9,---
2024/01/03,22:31:54.9,石川県能登地方,37°12.3′N,136°42.9′E,11 km,1.5,---
2024/01/03,22:32:14.9,石川県能登地方,37°28.5′N,137°12.3′E,13 km,1.2,---
2024/01/03,22:32:36.8,根室半島南東沖,43°09.8′N,145°46.7′E,45 km,1.8,---
2024/01/03,22:32:50.6,石川県能登地方,37°19.9′N,136°53.3′E,9 km,1.9,---
2024/01/03,22:33:29.0,石川県能登地方,37°24.1′N,136°52.4′E,8 km,1.7,---
2024/01/03,22:33:56.3,石川県能登地方,37°27.8′N,137°08.4′E,11 km,3.1,---
2024/01/03,22:34:18.9,石川県能登地方,37°20.5′N,137°00.0′E,12 km,2.3,---
2024/01/03,22:35:08.8,群馬県南部,36°34.2′N,139°27.7′E,7 km,1.2,---
2024/01/03,22:35:43.9,福島県沖,37°18.0′N,141°38.0′E,12 km,1.3,---
2024/01/03,22:35:50.6,石川県能登地方,37°20.7′N,136°47.2′E,8 km,1.2,---
2024/01/03,22:36:03.3,石川県能登地方,37°21.7′N,136°59.8′E,8 km,2.4,---
2024/01/03,22:36:20.1,石川県能登地方,37°17.8′N,136°49.0′E,9 km,2.3,---
2024/01/03,22:36:29.9,佐渡付近,37°51.7′N,137°45.0′E,19 km,2.3,---
2024/01/03,22:37:02.6,石川県能登地方,37°26.9′N,137°15.7′E,13 km,1.2,---
2024/01/03,22:37:27.2,能登半島沖,37°08.4′N,136°38.5′E,9 km,1.7,---
2024/01/03,22:37:47.7,能登半島沖,37°33.5′N,137°25.7′E,12 km,1.7,---
2024/01/03,22:38:09.5,石川県能登地方,37°29.7′N,137°16.5′E,9 km,1.2,---
2024/01/03,22:38:24.5,佐渡付近,37°50.4′N,137°46.0′E,20 km,2.9,---
2024/01/03,22:39:21.5,石川県能登地方,37°19.6′N,136°59.1′E,12 km,1.5,---
2024/01/03,22:39:36.1,石川県西方沖,37°04.8′N,136°34.3′E,13 km,1.1,---
2024/01/03,22:40:15.3,石川県能登地方,37°11.1′N,136°41.4′E,5 km,0.6,---
2024/01/03,22:40:40.6,石川県西方沖,37°05.1′N,136°29.5′E,10 km,2.5,---
2024/01/03,22:40:46.4,佐渡付近,37°43.5′N,137°36.1′E,23 km,2.2,---
2024/01/03,22:41:52.8,石川県能登地方,37°26.1′N,137°07.5′E,12 km,1.2,---
2024/01/03,22:42:12.8,石川県能登地方,37°22.0′N,136°59.3′E,8 km,2.4,---
2024/01/03,22:42:32.5,能登半島沖,37°16.4′N,136°43.7′E,7 km,1.8,---
2024/01/03,22:42:43.7,石川県能登地方,37°27.2′N,137°16.2′E,14 km,2.1,---
2024/01/03,22:43:02.5,福島県沖,37°22.1′N,141°57.2′E,39 km,1.3,---
2024/01/03,22:43:18.1,石川県能登地方,37°24.6′N,136°59.2′E,2 km,1.9,---
2024/01/03,22:44:05.6,能登半島沖,37°35.6′N,137°29.7′E,11 km,不明,---
2024/01/03,22:44:26.0,石川県能登地方,37°13.0′N,136°48.6′E,3 km,0.6,---
2024/01/03,22:44:36.9,石川県能登地方,37°10.7′N,136°51.9′E,13 km,1.7,---
2024/01/03,22:45:20.3,能登半島沖,37°08.2′N,136°38.5′E,9 km,1.1,---
2024/01/03,22:45:30.4,石川県能登地方,37°10.8′N,136°51.4′E,12 km,1.1,---
2024/01/03,22:45:59.5,石川県能登地方,37°11.2′N,136°44.4′E,7 km,1.5,---
2024/01/03,22:46:38.8,石川県能登地方,37°10.8′N,136°42.6′E,6 km,1.4,---
2024/01/03,22:46:42.7,能登半島沖,37°34.8′N,137°24.7′E,10 km,1.8,---
2024/01/03,22:47:16.1,石川県能登地方,37°15.6′N,136°48.9′E,9 km,1.7,---
2024/01/03,22:47:19.9,石川県能登地方,37°28.2′N,137°11.7′E,13 km,1.8,---
2024/01/03,22:47:47.6,新潟県上中越沖,37°36.1′N,137°30.9′E,13 km,1.6,---
2024/01/03,22:47:53.9,石川県西方沖,37°06.1′N,136°33.5′E,14 km,1.6,---
2024/01/03,22:47:57.5,能登半島沖,37°36.2′N,137°29.4′E,13 km,1.8,---
2024/01/03,22:48:20.8,福島県沖,37°11.5′N,142°08.6′E,24 km,1.2,---
2024/01/03,22:48:20.8,石川県能登地方,37°16.1′N,136°48.9′E,11 km,1.6,---
2024/01/03,22:49:13.0,能登半島沖,37°36.0′N,137°25.7′E,0 km,1.4,---
2024/01/03,22:49:19.0,石川県能登地方,37°12.1′N,136°45.6′E,8 km,1.6,---
2024/01/03,22:49:32.6,佐渡付近,37°49.5′N,137°47.0′E,22 km,1.9,---
2024/01/03,22:49:59.3,佐渡付近,37°49.7′N,137°40.7′E,15 km,1.2,---
2024/01/03,22:50:05.1,能登半島沖,37°12.6′N,136°41.5′E,4 km,1.5,---
2024/01/03,22:50:18.5,群馬県南部,36°35.9′N,139°24.5′E,5 km,0.0,---
2024/01/03,22:50:21.5,佐渡付近,37°49.6′N,137°44.6′E,21 km,1.3,---
2024/01/03,22:50:53.6,能登半島沖,37°30.5′N,137°10.1′E,9 km,2.3,---
2024/01/03,22:51:17.5,佐渡付近,37°51.1′N,137°39.5′E,14 km,2.3,---
2024/01/03,22:52:06.6,石川県能登地方,37°11.7′N,136°49.8′E,10 km,1.6,---
2024/01/03,22:52:07.0,石川県能登地方,37°24.2′N,137°08.8′E,14 km,1.5,---
2024/01/03,22:52:31.6,新潟県上中越沖,37°41.2′N,137°38.9′E,15 km,2.1,---
2024/01/03,22:53:33.1,石川県能登地方,37°10.5′N,136°54.3′E,9 km,1.4,---
2024/01/03,22:54:18.4,佐渡付近,37°46.3′N,137°42.8′E,17 km,2.2,---
2024/01/03,22:54:48.8,石川県能登地方,37°28.0′N,137°13.3′E,14 km,1.4,---
2024/01/03,22:54:51.5,石川県能登地方,37°22.4′N,136°57.4′E,11 km,1.6,---
2024/01/03,22:55:13.2,石川県能登地方,37°29.0′N,137°10.1′E,11 km,1.5,---
2024/01/03,22:56:15.1,石川県能登地方,37°28.5′N,137°10.7′E,14 km,1.0,---
2024/01/03,22:56:30.4,岐阜県飛騨地方,36°04.6′N,137°19.9′E,10 km,-0.2,---
2024/01/03,22:56:40.8,石川県能登地方,37°11.1′N,136°46.9′E,2 km,1.4,---
2024/01/03,22:56:46.5,能登半島沖,37°16.2′N,136°39.2′E,17 km,1.6,---
2024/01/03,22:57:01.3,千葉県東方沖,35°51.1′N,140°55.5′E,32 km,0.7,---
2024/01/03,22:57:10.8,茨城県北部,36°26.6′N,140°28.2′E,92 km,2.0,---
2024/01/03,22:57:34.0,石川県能登地方,37°20.4′N,136°56.4′E,10 km,1.6,---
2024/01/03,22:57:51.3,石川県能登地方,37°20.9′N,137°05.5′E,12 km,2.0,---
2024/01/03,22:58:36.6,石川県能登地方,37°24.7′N,136°57.7′E,6 km,1.6,---
2024/01/03,22:58:39.0,能登半島沖,37°15.5′N,136°41.3′E,6 km,1.8,---
2024/01/03,22:58:58.2,石川県能登地方,37°13.0′N,136°43.0′E,5 km,1.7,---
2024/01/03,22:59:25.8,石川県能登地方,37°12.4′N,136°46.3′E,7 km,1.2,---
2024/01/03,22:59:49.9,石川県能登地方,37°18.0′N,136°46.9′E,9 km,1.6,---
2024/01/03,22:59:56.6,石川県能登地方,37°23.1′N,136°52.3′E,10 km,2.0,---
2024/01/03,23:00:20.4,能登半島沖,37°24.3′N,136°48.6′E,9 km,1.7,---
2024/01/03,23:00:49.8,石川県能登地方,37°29.2′N,137°13.5′E,10 km,1.2,---
2024/01/03,23:00:51.0,和歌山県北部,33°53.3′N,135°19.5′E,12 km,0.6,---
2024/01/03,23:00:54.9,福岡県福岡地方,33°40.0′N,130°19.0′E,10 km,1.0,---
2024/01/03,23:01:16.0,石川県能登地方,37°14.5′N,136°49.1′E,6 km,不明,---
2024/01/03,23:01:37.1,石川県能登地方,37°13.4′N,136°42.4′E,4 km,2.0,---
2024/01/03,23:02:09.2,能登半島沖,37°41.5′N,137°27.6′E,12 km,2.9,---
2024/01/03,23:03:17.8,石川県能登地方,37°19.9′N,136°44.8′E,0 km,1.3,---
2024/01/03,23:05:39.4,能登半島沖,37°12.6′N,136°41.1′E,6 km,1.7,---
2024/01/03,23:06:06.5,新潟県上中越沖,37°36.6′N,137°31.9′E,11 km,2.1,---
2024/01/03,23:06:42.0,奄美大島北東沖,29°23.7′N,130°46.5′E,55 km,2.3,---
2024/01/03,23:06:54.8,石川県能登地方,37°22.1′N,136°55.3′E,3 km,1.9,---
2024/01/03,23:07:24.7,愛知県西部,35°05.2′N,137°14.8′E,40 km,0.0,---
2024/01/03,23:07:32.1,福井県嶺南,35°29.8′N,135°55.6′E,11 km,0.0,---
2024/01/03,23:07:58.2,石川県能登地方,37°21.4′N,136°47.7′E,8 km,1.8,---
2024/01/03,23:08:33.3,能登半島沖,37°07.2′N,136°33.6′E,0 km,1.2,---
2024/01/03,23:09:04.5,能登半島沖,37°11.9′N,136°39.3′E,9 km,1.2,---
2024/01/03,23:09:45.1,佐渡付近,37°49.3′N,137°40.7′E,12 km,1.6,---
2024/01/03,23:10:11.0,秋田県内陸北部,40°00.8′N,140°28.6′E,4 km,0.0,---
2024/01/03,23:10:19.1,佐渡付近,37°43.2′N,137°37.5′E,14 km,1.7,---
2024/01/03,23:10:26.2,能登半島沖,37°08.9′N,136°41.5′E,9 km,1.6,---
2024/01/03,23:11:14.9,能登半島沖,37°08.2′N,136°36.7′E,8 km,1.7,---
2024/01/03,23:11:21.2,和歌山県北部,34°04.8′N,135°10.9′E,5 km,0.0,---
2024/01/03,23:11:26.8,石川県能登地方,37°24.6′N,137°07.3′E,9 km,1.7,---
2024/01/03,23:11:33.5,石川県能登地方,37°20.0′N,136°46.5′E,7 km,1.7,---
2024/01/03,23:12:03.9,新潟県上中越沖,37°38.7′N,137°30.4′E,10 km,1.4,---
2024/01/03,23:12:15.2,能登半島沖,37°06.3′N,136°38.0′E,10 km,1.5,---
2024/01/03,23:13:23.3,石川県能登地方,37°29.5′N,137°16.7′E,10 km,1.4,---
2024/01/03,23:13:33.1,石川県能登地方,37°25.5′N,137°08.6′E,5 km,2.0,---
2024/01/03,23:13:39.3,愛知県東部,35°11.8′N,137°41.4′E,15 km,0.4,---
2024/01/03,23:14:18.0,能登半島沖,37°37.7′N,137°29.2′E,14 km,3.1,---
2024/01/03,23:14:27.2,石川県能登地方,37°13.7′N,136°42.9′E,2 km,2.5,---
2024/01/03,23:15:08.2,石川県能登地方,37°03.9′N,136°44.1′E,3 km,1.6,---
2024/01/03,23:15:37.6,石川県能登地方,37°28.0′N,137°07.5′E,14 km,1.3,---
2024/01/03,23:16:22.7,石川県能登地方,37°11.2′N,136°48.4′E,9 km,0.9,---
2024/01/03,23:16:46.3,石川県能登地方,37°09.9′N,136°45.3′E,4 km,不明,---
2024/01/03,23:17:44.1,石川県能登地方,37°28.7′N,137°12.2′E,11 km,1.6,---
2024/01/03,23:18:15.7,能登半島沖,37°13.5′N,136°39.8′E,0 km,1.6,---
2024/01/03,23:19:45.2,新潟県上越地方,36°59.6′N,137°43.9′E,0 km,0.4,---
2024/01/03,23:19:46.3,石川県能登地方,37°18.5′N,136°47.1′E,6 km,1.7,---
2024/01/03,23:20:22.6,石川県能登地方,37°12.1′N,136°49.7′E,0 km,1.4,---
2024/01/03,23:21:14.9,宮城県沖,37°56.4′N,142°25.7′E,26 km,1.4,---
2024/01/03,23:22:00.1,鳥島近海,31°21.4′N,140°33.0′E,253 km,3.4,---
2024/01/03,23:22:07.7,石川県能登地方,37°30.9′N,137°19.3′E,10 km,1.6,---
2024/01/03,23:22:49.9,能登半島沖,37°11.9′N,136°38.3′E,7 km,2.0,---
2024/01/03,23:23:13.4,能登半島沖,37°08.3′N,136°43.3′E,10 km,1.0,---
2024/01/03,23:23:27.0,石川県能登地方,37°13.0′N,136°54.7′E,12 km,1.6,---
2024/01/03,23:24:03.8,石川県能登地方,37°11.8′N,136°45.0′E,9 km,1.6,---
2024/01/03,23:24:24.7,石川県能登地方,37°10.3′N,136°53.9′E,11 km,1.0,---
2024/01/03,23:25:41.9,石川県西方沖,37°05.6′N,136°31.4′E,8 km,1.5,---
2024/01/03,23:25:50.8,北海道東方沖,43°49.6′N,147°36.7′E,0 km,3.5,---
2024/01/03,23:26:31.6,石川県能登地方,37°25.1′N,137°08.4′E,12 km,1.9,---
2024/01/03,23:26:58.4,石川県能登地方,37°24.6′N,136°54.4′E,4 km,2.6,---
2024/01/03,23:27:00.9,宮城県沖,38°33.6′N,142°07.5′E,33 km,1.0,---
2024/01/03,23:27:36.5,福島県沖,37°00.9′N,141°06.5′E,30 km,0.6,---
2024/01/03,23:27:58.4,石川県能登地方,37°13.0′N,136°47.0′E,8 km,1.4,---
2024/01/03,23:28:12.3,石川県能登地方,37°21.2′N,137°07.2′E,11 km,1.9,---
2024/01/03,23:28:28.2,石川県能登地方,37°17.8′N,136°47.0′E,7 km,2.0,---
2024/01/03,23:28:48.5,石川県能登地方,37°11.3′N,136°53.6′E,12 km,2.4,---
2024/01/03,23:29:25.2,能登半島沖,37°19.4′N,136°42.5′E,5 km,2.1,---
2024/01/03,23:30:02.1,能登半島沖,37°19.2′N,136°42.6′E,7 km,1.8,---
2024/01/03,23:30:39.9,石川県能登地方,37°28.4′N,137°15.7′E,12 km,1.6,---
2024/01/03,23:31:07.6,石川県能登地方,37°12.2′N,136°51.9′E,13 km,2.1,---
2024/01/03,23:32:17.2,佐渡付近,37°46.9′N,137°44.2′E,17 km,1.5,---
2024/01/03,23:32:53.1,佐渡付近,37°51.4′N,137°42.8′E,10 km,1.3,---
2024/01/03,23:33:06.2,石川県能登地方,37°28.6′N,137°11.0′E,12 km,1.6,---
2024/01/03,23:33:17.3,石川県能登地方,37°19.2′N,136°59.0′E,13 km,4.2,---
2024/01/03,23:35:15.6,能登半島沖,37°15.4′N,136°42.0′E,7 km,不明,---
2024/01/03,23:35:42.2,石川県能登地方,37°16.4′N,137°03.0′E,9 km,1.4,---
2024/01/03,23:35:49.1,宮城県沖,38°00.7′N,141°50.1′E,51 km,0.8,---
2024/01/03,23:36:03.7,能登半島沖,37°34.2′N,137°21.2′E,10 km,3.2,---
2024/01/03,23:37:40.5,石川県能登地方,37°11.9′N,136°51.4′E,10 km,1.4,---
2024/01/03,23:37:52.3,石川県西方沖,37°05.9′N,136°29.7′E,15 km,1.0,---
2024/01/03,23:37:58.9,石川県能登地方,37°27.1′N,137°13.9′E,13 km,2.0,---
2024/01/03,23:39:03.9,佐渡付近,37°43.8′N,137°37.4′E,19 km,1.3,---
2024/01/03,23:39:11.5,石川県能登地方,37°07.3′N,136°45.2′E,8 km,0.6,---
2024/01/03,23:39:24.2,石川県能登地方,37°30.9′N,137°13.8′E,11 km,1.0,---
2024/01/03,23:40:00.2,石川県能登地方,37°20.3′N,136°59.2′E,14 km,1.7,---
2024/01/03,23:40:37.0,石川県能登地方,37°22.2′N,136°57.5′E,8 km,1.5,---
2024/01/03,23:41:04.2,佐渡付近,37°44.6′N,137°42.1′E,14 km,1.8,---
2024/01/03,23:41:29.8,石川県能登地方,37°13.2′N,136°48.3′E,8 km,1.5,---
2024/01/03,23:41:55.3,能登半島沖,37°33.3′N,137°12.1′E,3 km,0.9,---
2024/01/03,23:42:20.6,石川県能登地方,37°16.8′N,136°49.2′E,0 km,1.4,---
2024/01/03,23:42:26.8,能登半島沖,37°39.9′N,137°24.0′E,13 km,1.5,---
2024/01/03,23:43:12.9,石川県能登地方,37°28.2′N,137°08.2′E,11 km,1.1,---
2024/01/03,23:43:13.7,佐渡付近,37°45.3′N,137°43.5′E,21 km,2.5,---
2024/01/03,23:43:59.3,能登半島沖,37°27.1′N,136°59.4′E,1 km,1.8,---
2024/01/03,23:44:12.3,宮城県沖,37°58.2′N,142°38.7′E,17 km,1.7,---
2024/01/03,23:44:25.5,石川県能登地方,37°12.6′N,136°46.9′E,12 km,1.8,---
2024/01/03,23:45:08.0,能登半島沖,37°07.1′N,136°40.1′E,7 km,2.1,---
2024/01/03,23:46:13.7,佐渡付近,37°55.0′N,137°52.7′E,20 km,0.4,---
2024/01/03,23:46:26.3,能登半島沖,37°12.5′N,136°36.2′E,0 km,1.1,---
2024/01/03,23:46:33.6,大隅半島東方沖,31°01.6′N,131°19.8′E,39 km,0.9,---
2024/01/03,23:46:49.4,石川県能登地方,37°13.0′N,136°45.9′E,5 km,1.1,---
2024/01/03,23:47:27.0,石川県能登地方,37°15.9′N,136°45.9′E,4 km,0.7,---
2024/01/03,23:48:27.7,石川県能登地方,37°22.2′N,136°51.8′E,0 km,1.5,---
2024/01/03,23:49:06.4,石川県能登地方,37°13.0′N,136°42.4′E,8 km,1.2,---
2024/01/03,23:49:26.1,石川県能登地方,37°17.5′N,136°53.1′E,11 km,2.5,---
2024/01/03,23:49:58.1,佐渡付近,37°43.0′N,137°39.8′E,11 km,1.5,---
2024/01/03,23:50:39.8,石川県能登地方,37°20.9′N,136°49.3′E,12 km,1.0,---
2024/01/03,23:51:11.1,石川県能登地方,37°17.7′N,136°54.0′E,10 km,1.5,---
2024/01/03,23:51:22.0,石川県能登地方,37°23.7′N,136°58.1′E,3 km,1.5,---
2024/01/03,23:52:00.2,石川県能登地方,37°30.5′N,137°13.9′E,12 km,1.6,---
2024/01/03,23:52:28.4,石川県能登地方,37°21.1′N,136°58.9′E,11 km,2.0,---
2024/01/03,23:52:45.6,佐渡付近,37°49.0′N,137°42.7′E,19 km,2.0,---
2024/01/03,23:53:40.1,能登半島沖,37°34.5′N,137°24.6′E,7 km,1.7,---
2024/01/03,23:53:41.6,石川県能登地方,37°24.8′N,136°54.9′E,9 km,1.2,---
2024/01/03,23:54:00.7,石川県能登地方,37°12.6′N,136°44.0′E,7 km,1.8,---
2024/01/03,23:54:19.7,静岡県西部,35°05.6′N,137°55.4′E,21 km,-0.1,---
2024/01/03,23:54:33.8,石川県能登地方,37°25.1′N,137°13.1′E,20 km,1.5,---
2024/01/03,23:55:13.3,能登半島沖,37°32.7′N,137°23.2′E,8 km,1.7,---
2024/01/03,23:55:30.8,石川県能登地方,37°28.1′N,137°15.6′E,13 km,1.5,---
2024/01/03,23:55:54.0,富山湾,37°17.2′N,137°10.4′E,0 km,1.4,---
2024/01/03,23:56:17.4,石川県能登地方,37°27.2′N,137°15.5′E,13 km,1.9,---
2024/01/03,23:56:17.5,沖縄本島近海,26°58.3′N,128°18.5′E,29 km,1.0,---
2024/01/03,23:56:50.7,石川県能登地方,37°22.5′N,137°07.7′E,10 km,1.5,---
2024/01/03,23:57:58.7,能登半島沖,37°07.2′N,136°39.1′E,9 km,0.5,---
2024/01/03,23:58:27.6,石川県能登地方,37°23.1′N,136°55.3′E,13 km,1.5,---
2024/01/03,23:58:47.3,石川県能登地方,37°13.0′N,136°47.4′E,1 km,1.1,---
2024/01/03,23:58:53.8,佐渡付近,37°55.8′N,137°43.0′E,24 km,1.6,---
2024/01/03,23:59:07.6,石川県能登地方,37°20.8′N,136°54.6′E,9 km,1.5,---
2024/01/03,23:59:14.2,薩摩半島西方沖,31°13.0′N,129°35.9′E,9 km,1.8,---
2024/01/03,23:59:19.4,千葉県北東部,35°42.9′N,140°46.2′E,51 km,0.8,---
2024/01/03,23:59:36.1,石川県能登地方,37°18.2′N,136°47.1′E,7 km,0.9,---
2024/01/03,23:59:54.6,石川県能登地方,37°21.4′N,136°51.1′E,11 km,1.9,---
