地震の発生日,地震の発生時刻,震央地名,緯度,経度,深さ,Ｍ,最大震度
2024/01/04,00:00:26.1,富山湾,37°25.4′N,137°17.0′E,11 km,1.8,---
2024/01/04,00:01:10.5,石川県能登地方,37°20.9′N,136°55.0′E,6 km,1.1,---
2024/01/04,00:01:48.1,石川県能登地方,37°23.0′N,136°57.7′E,12 km,1.4,---
2024/01/04,00:02:15.8,石川県能登地方,37°25.9′N,137°00.0′E,12 km,1.6,---
2024/01/04,00:02:29.1,新潟県上中越沖,37°35.8′N,137°30.8′E,6 km,1.9,---
2024/01/04,00:02:33.6,石川県能登地方,37°13.8′N,136°49.8′E,13 km,1.5,---
2024/01/04,00:02:55.1,能登半島沖,37°03.9′N,136°39.9′E,7 km,2.2,---
2024/01/04,00:03:35.2,能登半島沖,37°36.8′N,137°21.5′E,0 km,1.7,---
2024/01/04,00:03:53.2,三陸沖,37°55.3′N,144°21.1′E,15 km,2.4,---
2024/01/04,00:04:24.2,石川県能登地方,37°16.1′N,136°51.9′E,14 km,2.4,---
2024/01/04,00:05:26.6,石川県能登地方,37°28.5′N,137°15.9′E,12 km,1.3,---
2024/01/04,00:05:39.6,佐渡付近,38°06.4′N,138°11.6′E,15 km,1.7,---
2024/01/04,00:06:20.4,長野県中部,36°27.4′N,138°03.8′E,6 km,-0.1,---
2024/01/04,00:06:21.5,石川県能登地方,37°12.8′N,136°42.5′E,4 km,3.0,---
2024/01/04,00:06:21.7,石川県能登地方,37°26.7′N,137°07.3′E,12 km,1.6,---
2024/01/04,00:08:55.6,能登半島沖,37°07.0′N,136°37.9′E,5 km,1.4,---
2024/01/04,00:08:56.7,新潟県上中越沖,37°38.1′N,137°35.4′E,9 km,2.0,---
2024/01/04,00:09:33.3,石川県能登地方,37°17.6′N,136°48.6′E,10 km,1.8,---
2024/01/04,00:09:34.9,群馬県南部,36°33.4′N,139°24.8′E,6 km,0.3,---
2024/01/04,00:09:57.5,石川県能登地方,37°21.2′N,136°50.4′E,10 km,2.7,---
2024/01/04,00:10:31.3,石川県能登地方,37°14.6′N,136°52.4′E,16 km,1.9,---
2024/01/04,00:10:58.3,新潟県下越地方,38°25.4′N,139°40.7′E,8 km,0.4,---
2024/01/04,00:10:59.4,石川県能登地方,37°27.9′N,137°15.7′E,14 km,1.8,---
2024/01/04,00:11:33.5,石川県能登地方,37°19.6′N,136°57.2′E,3 km,1.8,---
2024/01/04,00:12:02.7,石川県能登地方,37°27.9′N,137°14.7′E,14 km,1.3,---
2024/01/04,00:12:21.9,福島県中通り,37°10.5′N,140°29.8′E,6 km,0.8,---
2024/01/04,00:12:23.9,石川県能登地方,37°22.5′N,136°52.2′E,12 km,3.8,---
2024/01/04,00:13:48.4,石川県能登地方,37°09.6′N,136°49.7′E,10 km,1.5,---
2024/01/04,00:14:46.5,石川県能登地方,37°09.9′N,136°46.3′E,0 km,1.2,---
2024/01/04,00:15:54.0,新潟県上中越沖,37°41.2′N,137°32.8′E,3 km,1.2,---
2024/01/04,00:16:32.2,能登半島沖,37°35.1′N,137°29.3′E,11 km,1.2,---
2024/01/04,00:17:38.5,石川県能登地方,37°12.1′N,136°51.8′E,11 km,1.6,---
2024/01/04,00:17:57.7,石川県能登地方,37°21.8′N,136°54.5′E,9 km,1.5,---
2024/01/04,00:18:44.7,佐渡付近,37°51.4′N,137°44.5′E,19 km,3.1,---
2024/01/04,00:20:03.9,佐渡付近,37°45.4′N,137°42.3′E,17 km,1.4,---
2024/01/04,00:20:32.8,和歌山県北部,34°06.6′N,135°08.4′E,6 km,0.2,---
2024/01/04,00:20:44.9,佐渡付近,37°50.1′N,137°35.9′E,5 km,2.0,---
2024/01/04,00:20:46.4,石川県能登地方,37°26.6′N,137°07.6′E,12 km,1.5,---
2024/01/04,00:22:03.7,石川県能登地方,37°19.3′N,136°57.6′E,12 km,1.7,---
2024/01/04,00:22:31.4,石川県能登地方,37°22.6′N,137°05.3′E,16 km,1.0,---
2024/01/04,00:22:32.1,石川県能登地方,37°12.0′N,136°45.5′E,0 km,不明,---
2024/01/04,00:22:49.2,石川県能登地方,37°13.3′N,136°49.3′E,13 km,1.3,---
2024/01/04,00:23:08.2,石川県能登地方,37°20.8′N,136°53.5′E,10 km,1.2,---
2024/01/04,00:23:30.6,石川県能登地方,37°21.7′N,136°55.0′E,13 km,1.4,---
2024/01/04,00:24:03.8,佐渡付近,38°00.3′N,137°59.1′E,12 km,2.2,---
2024/01/04,00:25:00.6,石川県能登地方,37°21.7′N,136°58.8′E,3 km,1.6,---
2024/01/04,00:25:37.9,能登半島沖,37°15.2′N,136°43.6′E,11 km,1.4,---
2024/01/04,00:26:07.4,石川県能登地方,37°23.4′N,136°57.0′E,6 km,2.0,---
2024/01/04,00:26:48.1,石川県能登地方,37°22.7′N,136°57.3′E,5 km,2.0,---
2024/01/04,00:27:09.4,佐渡付近,37°45.2′N,137°34.2′E,21 km,1.5,---
2024/01/04,00:27:55.4,佐渡付近,37°46.7′N,137°39.1′E,6 km,1.5,---
2024/01/04,00:28:28.3,新潟県上中越沖,37°14.2′N,138°00.0′E,23 km,1.2,---
2024/01/04,00:29:07.8,石川県能登地方,37°13.1′N,136°47.2′E,2 km,1.2,---
2024/01/04,00:29:35.2,兵庫県南西部,34°47.5′N,134°45.3′E,12 km,0.5,---
2024/01/04,00:29:50.2,石川県能登地方,37°28.1′N,137°13.9′E,11 km,3.3,---
2024/01/04,00:31:06.7,石川県能登地方,37°13.4′N,136°52.5′E,12 km,2.8,---
2024/01/04,00:32:17.0,石川県能登地方,37°25.3′N,137°02.5′E,7 km,1.7,---
2024/01/04,00:32:52.1,能登半島沖,37°19.0′N,136°42.6′E,6 km,1.5,---
2024/01/04,00:33:09.0,能登半島沖,37°07.4′N,136°37.4′E,5 km,1.2,---
2024/01/04,00:33:23.7,石川県能登地方,37°22.6′N,136°56.6′E,10 km,1.7,---
2024/01/04,00:34:02.7,佐渡付近,37°42.1′N,137°37.6′E,18 km,2.7,---
2024/01/04,00:35:05.2,佐渡付近,37°42.8′N,137°39.7′E,12 km,1.7,---
2024/01/04,00:35:21.1,石川県能登地方,37°21.1′N,136°51.5′E,9 km,1.8,---
2024/01/04,00:36:08.8,能登半島沖,37°32.3′N,137°20.5′E,9 km,2.3,---
2024/01/04,00:36:30.3,福島県沖,37°50.7′N,141°34.3′E,48 km,0.8,---
2024/01/04,00:36:53.8,石川県能登地方,37°27.6′N,137°07.6′E,11 km,4.9,---
2024/01/04,00:39:26.4,石川県能登地方,37°29.1′N,137°16.8′E,11 km,2.0,---
2024/01/04,00:40:18.4,石川県能登地方,37°26.8′N,137°05.1′E,8 km,不明,---
2024/01/04,00:40:51.2,能登半島沖,37°32.7′N,137°23.3′E,9 km,2.1,---
2024/01/04,00:40:52.3,石川県能登地方,37°21.7′N,136°58.4′E,10 km,1.7,---
2024/01/04,00:42:08.3,千葉県北西部,35°52.4′N,140°07.2′E,51 km,0.4,---
2024/01/04,00:42:12.8,能登半島沖,37°27.4′N,137°04.3′E,11 km,1.6,---
2024/01/04,00:42:35.6,石川県西方沖,37°04.7′N,136°34.2′E,12 km,1.7,---
2024/01/04,00:42:40.4,福島県沖,37°23.5′N,141°42.8′E,43 km,0.8,---
2024/01/04,00:42:58.1,紀伊水道,34°09.1′N,135°06.3′E,8 km,0.9,---
2024/01/04,00:43:18.1,石川県能登地方,37°18.0′N,136°44.1′E,7 km,1.6,---
2024/01/04,00:43:35.1,能登半島沖,37°33.2′N,137°21.3′E,9 km,2.4,---
2024/01/04,00:43:49.7,石川県能登地方,37°26.7′N,137°05.6′E,7 km,1.9,---
2024/01/04,00:44:16.0,十勝地方南部,42°16.7′N,143°16.2′E,50 km,0.4,---
2024/01/04,00:44:44.1,新潟県上越地方,36°59.7′N,138°17.5′E,16 km,0.5,---
2024/01/04,00:44:51.8,石川県能登地方,37°22.2′N,136°56.6′E,13 km,1.4,---
2024/01/04,00:45:13.3,宮城県沖,37°58.7′N,141°40.2′E,48 km,1.0,---
2024/01/04,00:45:39.5,石川県能登地方,37°27.0′N,137°14.7′E,11 km,1.5,---
2024/01/04,00:46:29.3,石川県能登地方,37°25.7′N,137°08.3′E,7 km,1.3,---
2024/01/04,00:47:08.1,石川県能登地方,37°26.8′N,137°07.8′E,11 km,1.4,---
2024/01/04,00:47:13.6,佐渡付近,37°44.3′N,137°35.9′E,24 km,2.1,---
2024/01/04,00:47:24.4,能登半島沖,37°42.7′N,137°29.8′E,14 km,2.0,---
2024/01/04,00:48:10.7,富山湾,37°13.3′N,137°27.7′E,5 km,1.4,---
2024/01/04,00:48:52.0,佐渡付近,37°55.3′N,137°43.3′E,22 km,1.3,---
2024/01/04,00:49:21.6,新潟県上中越沖,37°27.1′N,138°03.0′E,20 km,2.3,---
2024/01/04,00:49:27.9,石川県能登地方,37°27.7′N,137°07.8′E,11 km,2.6,---
2024/01/04,00:50:43.3,石川県能登地方,37°11.6′N,136°46.2′E,8 km,1.7,---
2024/01/04,00:51:13.7,有明海,32°43.1′N,130°27.6′E,8 km,0.2,---
2024/01/04,00:51:18.3,山梨県中・西部,35°45.2′N,138°15.4′E,9 km,0.2,---
2024/01/04,00:51:48.4,石川県能登地方,37°25.6′N,137°08.9′E,18 km,1.1,---
2024/01/04,00:52:16.3,石川県能登地方,37°28.4′N,137°08.1′E,7 km,1.0,---
2024/01/04,00:53:17.7,能登半島沖,37°25.2′N,136°55.9′E,0 km,2.2,---
2024/01/04,00:53:48.6,能登半島沖,37°34.5′N,137°23.5′E,9 km,2.2,---
2024/01/04,00:54:20.3,佐渡付近,37°51.7′N,137°40.3′E,16 km,2.0,---
2024/01/04,00:54:26.3,石川県能登地方,37°29.7′N,137°10.5′E,12 km,1.2,---
2024/01/04,00:54:26.6,石川県能登地方,37°29.0′N,137°10.8′E,11 km,1.3,---
2024/01/04,00:54:58.5,石川県能登地方,37°28.5′N,137°09.0′E,11 km,1.7,---
2024/01/04,00:55:31.4,石川県能登地方,37°27.5′N,137°07.6′E,12 km,1.9,---
2024/01/04,00:55:51.0,石川県能登地方,37°18.7′N,136°49.3′E,12 km,1.5,---
2024/01/04,00:56:23.3,石川県能登地方,37°06.8′N,136°46.3′E,6 km,0.8,---
2024/01/04,00:56:27.2,石川県能登地方,37°27.9′N,137°07.4′E,11 km,3.5,---
2024/01/04,00:56:51.0,八丈島東方沖,33°54.5′N,141°37.2′E,11 km,3.2,---
2024/01/04,00:57:57.1,福島県沖,37°12.8′N,142°08.5′E,24 km,2.7,---
2024/01/04,00:58:40.7,福島県沖,37°12.3′N,142°08.7′E,23 km,2.1,---
2024/01/04,00:59:01.6,沖縄本島近海,27°09.1′N,128°13.5′E,10 km,1.2,---
2024/01/04,00:59:16.1,石川県能登地方,37°21.8′N,136°49.4′E,12 km,1.3,---
2024/01/04,00:59:34.5,新潟県上中越沖,37°41.9′N,137°35.7′E,15 km,2.2,---
2024/01/04,01:00:21.0,能登半島沖,37°16.0′N,136°42.4′E,7 km,2.3,---
2024/01/04,01:01:24.9,石垣島北西沖,25°05.5′N,123°24.2′E,142 km,2.1,---
2024/01/04,01:01:31.1,石川県能登地方,37°27.5′N,137°11.0′E,8 km,1.4,---
2024/01/04,01:01:51.9,新潟県上中越沖,37°39.3′N,137°30.3′E,0 km,1.3,---
2024/01/04,01:02:40.3,石川県能登地方,37°24.0′N,137°05.1′E,11 km,1.3,---
2024/01/04,01:02:43.4,佐渡付近,37°48.9′N,137°44.2′E,19 km,1.6,---
2024/01/04,01:02:57.8,石川県能登地方,37°24.9′N,137°05.5′E,10 km,1.5,---
2024/01/04,01:03:14.8,石川県能登地方,37°09.4′N,136°42.1′E,10 km,1.5,---
2024/01/04,01:03:34.4,能登半島沖,37°20.7′N,136°44.6′E,8 km,2.4,---
2024/01/04,01:03:38.1,能登半島沖,37°44.4′N,137°23.1′E,17 km,2.7,---
2024/01/04,01:04:33.3,石川県能登地方,37°17.6′N,136°48.4′E,11 km,1.4,---
2024/01/04,01:04:51.8,新潟県上中越沖,37°38.7′N,137°36.5′E,17 km,2.1,---
2024/01/04,01:05:24.0,能登半島沖,37°33.7′N,137°23.2′E,9 km,2.5,---
2024/01/04,01:06:17.2,佐渡付近,37°43.8′N,137°38.6′E,25 km,1.9,---
2024/01/04,01:06:18.9,石川県能登地方,37°15.0′N,136°44.6′E,4 km,2.1,---
2024/01/04,01:07:11.2,石川県能登地方,37°20.7′N,136°48.3′E,7 km,2.2,---
2024/01/04,01:07:38.0,石川県能登地方,37°22.5′N,136°52.6′E,10 km,2.0,---
2024/01/04,01:08:16.9,能登半島沖,37°33.0′N,137°22.6′E,9 km,1.6,---
2024/01/04,01:09:02.3,石川県能登地方,37°28.6′N,137°07.4′E,12 km,不明,---
2024/01/04,01:09:04.8,石川県能登地方,37°26.9′N,137°04.3′E,3 km,1.5,---
2024/01/04,01:09:11.1,石川県能登地方,37°08.6′N,136°44.7′E,11 km,1.0,---
2024/01/04,01:09:32.5,石川県能登地方,37°16.8′N,136°48.1′E,5 km,1.3,---
2024/01/04,01:10:11.7,トカラ列島近海,29°55.4′N,130°03.1′E,6 km,2.1,---
2024/01/04,01:11:11.9,佐渡付近,37°44.6′N,137°40.2′E,17 km,1.7,---
2024/01/04,01:11:46.4,佐渡付近,37°50.2′N,137°40.0′E,18 km,1.8,---
2024/01/04,01:12:07.4,佐渡付近,37°50.1′N,137°42.4′E,7 km,1.6,---
2024/01/04,01:12:15.4,石川県能登地方,37°27.3′N,137°16.5′E,15 km,1.1,---
2024/01/04,01:12:36.4,石川県能登地方,37°11.1′N,136°49.8′E,11 km,2.7,---
2024/01/04,01:12:45.5,高知県中部,33°35.9′N,133°34.3′E,7 km,0.1,---
2024/01/04,01:13:26.5,石川県能登地方,37°11.3′N,136°41.6′E,6 km,1.4,---
2024/01/04,01:14:14.2,能登半島沖,37°31.7′N,137°03.5′E,5 km,1.4,---
2024/01/04,01:14:17.6,石川県能登地方,37°19.5′N,136°48.8′E,10 km,2.2,---
2024/01/04,01:14:37.7,能登半島沖,37°24.1′N,136°51.0′E,8 km,1.6,---
2024/01/04,01:17:01.6,能登半島沖,37°26.7′N,137°02.2′E,8 km,1.3,---
2024/01/04,01:17:23.7,石川県能登地方,37°15.0′N,136°47.3′E,8 km,1.6,---
2024/01/04,01:17:59.0,佐渡付近,37°45.4′N,137°35.9′E,17 km,1.6,---
2024/01/04,01:18:03.6,石川県能登地方,37°21.0′N,137°01.0′E,11 km,2.8,---
2024/01/04,01:18:57.1,新潟県上中越沖,37°40.1′N,137°30.3′E,9 km,1.8,---
2024/01/04,01:19:25.3,能登半島沖,37°36.8′N,137°28.7′E,12 km,1.8,---
2024/01/04,01:19:28.1,種子島近海,30°51.7′N,130°16.3′E,148 km,2.5,---
2024/01/04,01:20:41.7,石川県能登地方,37°22.1′N,136°58.9′E,10 km,2.1,---
2024/01/04,01:21:40.2,石川県能登地方,37°21.4′N,136°50.8′E,8 km,1.6,---
2024/01/04,01:21:51.2,能登半島沖,37°42.2′N,137°27.2′E,11 km,2.7,---
2024/01/04,01:22:38.0,岩手県沖,39°39.5′N,142°31.8′E,31 km,1.2,---
2024/01/04,01:22:48.9,石川県西方沖,37°05.2′N,136°28.3′E,9 km,1.5,---
2024/01/04,01:22:58.4,佐渡付近,37°55.4′N,137°48.4′E,20 km,2.1,---
2024/01/04,01:24:13.5,能登半島沖,37°15.8′N,136°41.4′E,7 km,1.1,---
2024/01/04,01:24:31.1,石川県能登地方,37°21.1′N,136°50.4′E,15 km,1.2,---
2024/01/04,01:25:04.2,石川県能登地方,37°14.4′N,136°43.6′E,2 km,1.2,---
2024/01/04,01:25:30.9,石川県能登地方,37°19.8′N,136°51.2′E,10 km,1.8,---
2024/01/04,01:25:52.5,滋賀県北部,35°30.6′N,136°21.7′E,12 km,0.1,---
2024/01/04,01:25:54.3,能登半島沖,37°32.5′N,137°13.8′E,10 km,1.6,---
2024/01/04,01:26:29.5,能登半島沖,37°33.4′N,137°25.1′E,11 km,1.5,---
2024/01/04,01:26:56.5,佐渡付近,37°42.6′N,137°37.2′E,19 km,2.0,---
2024/01/04,01:27:37.5,佐渡付近,37°52.9′N,137°43.4′E,23 km,1.2,---
2024/01/04,01:28:11.4,佐渡付近,37°46.7′N,137°41.5′E,9 km,1.4,---
2024/01/04,01:28:33.1,石川県能登地方,37°10.4′N,136°50.5′E,0 km,0.9,---
2024/01/04,01:29:02.0,能登半島沖,37°31.8′N,137°25.4′E,8 km,1.6,---
2024/01/04,01:29:34.1,石川県能登地方,37°22.4′N,137°01.8′E,13 km,1.8,---
2024/01/04,01:29:57.2,富山湾,37°14.1′N,137°06.2′E,17 km,1.7,---
2024/01/04,01:30:05.5,奄美大島北東沖,29°33.9′N,130°38.7′E,15 km,2.4,---
2024/01/04,01:30:07.6,石川県能登地方,37°12.8′N,136°42.3′E,3 km,2.4,---
2024/01/04,01:31:44.5,能登半島沖,37°16.4′N,136°43.2′E,9 km,2.3,---
2024/01/04,01:31:59.2,石川県能登地方,37°18.4′N,136°56.0′E,12 km,2.6,---
2024/01/04,01:34:01.7,石川県能登地方,37°09.4′N,136°42.0′E,12 km,1.2,---
2024/01/04,01:34:09.3,石川県能登地方,37°28.9′N,137°07.7′E,9 km,2.1,---
2024/01/04,01:34:09.8,岐阜県美濃中西部,35°38.0′N,136°36.6′E,15 km,0.3,---
2024/01/04,01:35:08.5,能登半島沖,37°25.2′N,136°55.3′E,0 km,1.9,---
2024/01/04,01:35:22.6,石川県能登地方,37°14.7′N,136°44.0′E,6 km,2.8,---
2024/01/04,01:36:06.0,栃木県南部,36°26.9′N,139°37.0′E,9 km,1.2,---
2024/01/04,01:36:22.8,石川県能登地方,37°13.2′N,136°47.6′E,7 km,1.7,---
2024/01/04,01:37:02.1,能登半島沖,37°14.7′N,136°40.8′E,6 km,2.8,---
2024/01/04,01:37:23.2,能登半島沖,37°13.2′N,136°39.4′E,6 km,2.4,---
2024/01/04,01:38:02.3,石川県能登地方,37°19.6′N,136°44.4′E,8 km,1.6,---
2024/01/04,01:38:28.7,石川県能登地方,37°22.1′N,136°51.7′E,7 km,1.8,---
2024/01/04,01:38:40.1,佐渡付近,37°50.6′N,137°43.4′E,20 km,1.7,---
2024/01/04,01:41:05.0,愛知県東部,34°55.5′N,137°36.6′E,12 km,-0.2,---
2024/01/04,01:41:07.9,新潟県上中越沖,37°41.3′N,137°37.5′E,18 km,1.7,---
2024/01/04,01:42:13.4,静岡県中部,35°07.3′N,138°11.6′E,14 km,-0.2,---
2024/01/04,01:42:24.6,石川県能登地方,37°13.8′N,136°42.3′E,2 km,2.4,---
2024/01/04,01:43:47.5,石川県能登地方,37°17.1′N,136°46.1′E,15 km,1.6,---
2024/01/04,01:43:50.6,宮城県沖,38°49.7′N,142°25.2′E,33 km,1.4,---
2024/01/04,01:43:55.7,佐渡付近,37°55.0′N,137°44.7′E,23 km,1.7,---
2024/01/04,01:45:09.7,能登半島沖,37°18.2′N,136°43.5′E,6 km,1.3,---
2024/01/04,01:45:37.0,石川県能登地方,37°13.9′N,136°43.6′E,6 km,1.1,---
2024/01/04,01:45:42.6,土佐湾,33°19.8′N,134°01.5′E,16 km,0.7,---
2024/01/04,01:46:03.2,石川県能登地方,37°14.0′N,136°43.3′E,9 km,1.4,---
2024/01/04,01:46:25.2,石川県能登地方,37°26.1′N,137°16.0′E,14 km,1.2,---
2024/01/04,01:46:48.4,石川県能登地方,37°29.8′N,137°11.4′E,9 km,1.8,---
2024/01/04,01:47:24.2,石川県能登地方,37°27.7′N,137°15.2′E,14 km,1.2,---
2024/01/04,01:47:39.9,石川県能登地方,37°12.1′N,136°42.1′E,2 km,2.1,---
2024/01/04,01:48:13.6,石川県能登地方,37°18.2′N,136°47.3′E,7 km,2.1,---
2024/01/04,01:49:24.0,石川県能登地方,37°19.7′N,136°52.3′E,10 km,1.3,---
2024/01/04,01:51:21.2,石川県能登地方,37°15.4′N,136°48.6′E,9 km,1.5,---
2024/01/04,01:51:56.0,能登半島沖,37°08.7′N,136°42.2′E,0 km,0.5,---
2024/01/04,01:52:05.6,石川県能登地方,37°24.7′N,136°59.3′E,5 km,1.4,---
2024/01/04,01:52:46.6,石川県能登地方,37°17.9′N,136°50.6′E,10 km,1.5,---
2024/01/04,01:53:15.3,石川県能登地方,37°28.5′N,137°19.8′E,12 km,2.2,---
2024/01/04,01:53:42.7,石川県能登地方,37°25.9′N,137°02.4′E,11 km,1.7,---
2024/01/04,01:54:04.4,能登半島沖,37°36.7′N,137°21.1′E,16 km,1.9,---
2024/01/04,01:54:22.3,能登半島沖,37°11.0′N,136°40.4′E,10 km,1.8,---
2024/01/04,01:55:43.8,石川県能登地方,37°10.5′N,136°41.9′E,7 km,1.8,---
2024/01/04,01:56:07.4,佐渡付近,37°50.2′N,137°59.8′E,16 km,1.8,---
2024/01/04,01:56:24.4,能登半島沖,37°38.3′N,137°29.3′E,9 km,2.2,---
2024/01/04,01:56:50.1,佐渡付近,37°50.0′N,137°43.9′E,17 km,2.1,---
2024/01/04,01:57:24.9,能登半島沖,37°13.9′N,136°41.3′E,5 km,1.8,---
2024/01/04,01:57:33.9,石川県能登地方,37°23.9′N,136°54.5′E,11 km,1.8,---
2024/01/04,01:58:36.2,石川県能登地方,37°12.3′N,136°44.9′E,7 km,1.7,---
2024/01/04,01:59:19.1,能登半島沖,37°19.1′N,136°42.0′E,8 km,1.6,---
2024/01/04,01:59:43.2,石川県能登地方,37°08.9′N,136°45.4′E,9 km,1.2,---
2024/01/04,02:00:40.4,石川県能登地方,37°27.8′N,137°06.8′E,9 km,2.4,---
2024/01/04,02:01:15.2,福島県沖,37°49.9′N,141°36.8′E,49 km,1.3,---
2024/01/04,02:01:16.3,石川県能登地方,37°27.1′N,137°14.3′E,14 km,1.8,---
2024/01/04,02:01:44.3,石川県能登地方,37°12.0′N,136°47.5′E,8 km,1.9,---
2024/01/04,02:01:45.3,伊予灘,33°33.2′N,132°25.5′E,41 km,0.6,---
2024/01/04,02:02:35.1,福島県沖,37°15.2′N,142°15.3′E,18 km,1.4,---
2024/01/04,02:02:57.3,石川県能登地方,37°21.4′N,136°53.5′E,7 km,2.0,---
2024/01/04,02:02:59.7,天草灘,32°32.6′N,129°56.8′E,11 km,0.6,---
2024/01/04,02:03:07.9,能登半島沖,37°15.0′N,136°42.3′E,11 km,2.0,---
2024/01/04,02:03:27.3,石川県能登地方,37°22.1′N,136°51.5′E,11 km,1.4,---
2024/01/04,02:03:54.2,石川県能登地方,37°23.3′N,136°54.1′E,8 km,2.7,---
2024/01/04,02:04:49.3,石川県能登地方,37°17.2′N,136°50.9′E,13 km,1.8,---
2024/01/04,02:04:53.1,佐渡付近,37°48.7′N,137°44.0′E,20 km,1.7,---
2024/01/04,02:05:47.5,能登半島沖,37°30.5′N,137°25.1′E,11 km,2.0,---
2024/01/04,02:06:08.9,新潟県上中越沖,37°39.3′N,137°35.7′E,14 km,1.4,---
2024/01/04,02:07:16.8,能登半島沖,37°32.0′N,137°16.1′E,10 km,0.9,---
2024/01/04,02:07:34.8,京都府南部,34°58.8′N,135°33.5′E,10 km,0.7,---
2024/01/04,02:07:37.7,石川県能登地方,37°10.9′N,136°44.9′E,4 km,2.2,---
2024/01/04,02:08:14.1,石川県能登地方,37°27.9′N,137°16.6′E,13 km,1.5,---
2024/01/04,02:08:32.1,能登半島沖,37°07.2′N,136°39.3′E,8 km,1.3,---
2024/01/04,02:09:47.1,能登半島沖,37°13.3′N,136°40.9′E,7 km,1.2,---
2024/01/04,02:10:15.8,石川県能登地方,37°11.1′N,136°41.5′E,4 km,2.2,---
2024/01/04,02:11:19.7,石川県能登地方,37°23.1′N,137°03.9′E,14 km,1.5,---
2024/01/04,02:13:09.2,能登半島沖,37°08.0′N,136°43.0′E,3 km,1.2,---
2024/01/04,02:14:39.4,奄美大島近海,28°37.9′N,129°30.5′E,22 km,2.7,---
2024/01/04,02:15:03.5,能登半島沖,37°04.9′N,136°38.6′E,13 km,0.9,---
2024/01/04,02:15:13.6,福島県沖,37°47.8′N,141°39.8′E,55 km,2.8,---
2024/01/04,02:15:53.4,能登半島沖,37°10.5′N,136°39.9′E,9 km,1.6,---
2024/01/04,02:16:12.8,石川県能登地方,37°27.8′N,137°11.1′E,13 km,1.6,---
2024/01/04,02:16:44.2,石川県能登地方,37°17.8′N,136°53.1′E,12 km,2.4,---
2024/01/04,02:18:01.1,能登半島沖,37°34.3′N,137°25.0′E,3 km,1.6,---
2024/01/04,02:19:19.1,石川県能登地方,37°17.4′N,136°48.3′E,9 km,2.0,---
2024/01/04,02:20:26.4,房総半島南方沖,34°26.2′N,140°10.2′E,53 km,1.5,---
2024/01/04,02:20:53.8,石川県能登地方,37°20.5′N,136°58.4′E,8 km,1.5,---
2024/01/04,02:21:03.4,石川県能登地方,37°21.9′N,137°01.6′E,11 km,2.3,---
2024/01/04,02:21:37.0,石川県能登地方,37°10.0′N,136°44.9′E,8 km,1.2,---
2024/01/04,02:22:05.2,石川県能登地方,37°16.2′N,136°47.0′E,8 km,1.5,---
2024/01/04,02:22:05.5,石川県能登地方,37°14.6′N,136°44.8′E,10 km,1.0,---
2024/01/04,02:22:31.4,長野県中部,36°14.8′N,137°40.1′E,6 km,0.2,---
2024/01/04,02:22:38.3,能登半島沖,37°22.4′N,136°42.7′E,9 km,2.2,---
2024/01/04,02:23:25.2,石川県能登地方,37°07.7′N,136°45.1′E,7 km,1.8,---
2024/01/04,02:24:58.1,石川県能登地方,37°27.7′N,137°11.5′E,14 km,3.8,---
2024/01/04,02:25:08.1,能登半島沖,37°15.3′N,136°42.3′E,3 km,3.3,---
2024/01/04,02:25:32.7,能登半島沖,37°35.7′N,137°26.2′E,12 km,3.2,---
2024/01/04,02:26:23.7,能登半島沖,37°12.4′N,136°41.8′E,9 km,不明,---
2024/01/04,02:26:24.0,石川県能登地方,37°12.3′N,136°43.3′E,7 km,1.6,---
2024/01/04,02:27:06.7,石川県能登地方,37°24.3′N,136°57.8′E,5 km,1.8,---
2024/01/04,02:27:41.2,石川県能登地方,37°24.5′N,137°01.2′E,7 km,1.7,---
2024/01/04,02:28:18.8,石川県能登地方,37°06.2′N,136°48.0′E,6 km,1.1,---
2024/01/04,02:29:15.0,徳島県南部,33°47.1′N,134°35.1′E,7 km,0.2,---
2024/01/04,02:29:26.3,能登半島沖,37°17.6′N,136°43.9′E,9 km,1.2,---
2024/01/04,02:29:34.8,千葉県北東部,35°52.0′N,140°26.8′E,34 km,0.5,---
2024/01/04,02:29:47.4,新潟県上中越沖,37°36.3′N,137°37.7′E,20 km,1.8,---
2024/01/04,02:30:18.8,日向灘,32°08.3′N,131°43.5′E,33 km,1.0,---
2024/01/04,02:30:20.2,能登半島沖,37°20.6′N,136°43.7′E,8 km,1.8,---
2024/01/04,02:31:33.4,石川県能登地方,37°11.3′N,136°49.1′E,3 km,1.6,---
2024/01/04,02:32:07.7,茨城県南部,36°04.7′N,139°56.5′E,46 km,0.7,---
2024/01/04,02:32:25.4,石川県西方沖,37°03.7′N,136°34.3′E,11 km,1.1,---
2024/01/04,02:32:41.1,能登半島沖,37°08.3′N,136°40.6′E,8 km,2.4,---
2024/01/04,02:33:01.1,能登半島沖,37°06.2′N,136°41.9′E,4 km,2.4,---
2024/01/04,02:34:17.5,石川県能登地方,37°24.9′N,137°03.2′E,9 km,1.2,---
2024/01/04,02:34:27.8,石川県能登地方,37°21.1′N,137°15.1′E,13 km,2.0,---
2024/01/04,02:35:31.2,能登半島沖,37°08.9′N,136°36.9′E,10 km,1.4,---
2024/01/04,02:35:49.0,新潟県上中越沖,37°34.9′N,137°37.3′E,15 km,2.5,---
2024/01/04,02:37:20.4,天草灘,31°58.7′N,129°44.1′E,8 km,1.3,---
2024/01/04,02:37:46.5,石川県能登地方,37°10.8′N,136°44.9′E,4 km,0.9,---
2024/01/04,02:38:16.4,台湾付近,24°24.3′N,121°59.4′E,33 km,2.6,---
2024/01/04,02:38:18.7,石川県能登地方,37°25.2′N,137°06.2′E,10 km,1.4,---
2024/01/04,02:38:23.2,石川県能登地方,37°15.0′N,136°45.0′E,5 km,0.8,---
2024/01/04,02:38:30.2,宮崎県南部山沿い,31°56.7′N,131°02.7′E,6 km,1.0,---
2024/01/04,02:39:22.8,石川県能登地方,37°27.7′N,137°07.3′E,11 km,1.6,---
2024/01/04,02:40:13.3,石川県能登地方,37°21.6′N,137°06.6′E,16 km,1.7,---
2024/01/04,02:41:25.1,新潟県上中越沖,37°40.5′N,137°32.7′E,9 km,1.9,---
2024/01/04,02:42:13.4,石川県能登地方,37°28.2′N,137°08.6′E,10 km,1.3,---
2024/01/04,02:42:18.0,能登半島沖,37°11.6′N,136°40.0′E,1 km,1.4,---
2024/01/04,02:42:21.1,八丈島東方沖,32°25.1′N,141°48.2′E,53 km,3.6,---
2024/01/04,02:42:36.2,長野県中部,36°08.6′N,137°58.0′E,7 km,-0.3,---
2024/01/04,02:43:13.6,能登半島沖,37°30.0′N,137°26.4′E,12 km,1.4,---
2024/01/04,02:43:21.7,能登半島沖,37°14.7′N,136°39.2′E,4 km,2.5,---
2024/01/04,02:43:49.2,佐渡付近,37°50.8′N,137°45.7′E,22 km,2.7,---
2024/01/04,02:44:33.6,石川県能登地方,37°27.4′N,137°14.3′E,14 km,1.5,---
2024/01/04,02:44:52.5,石川県能登地方,37°20.4′N,136°48.4′E,8 km,2.3,---
2024/01/04,02:45:37.6,石川県能登地方,37°23.2′N,136°56.9′E,5 km,1.6,---
2024/01/04,02:46:22.0,能登半島沖,37°35.7′N,137°27.1′E,17 km,1.4,---
2024/01/04,02:46:56.9,石川県能登地方,37°04.1′N,136°44.1′E,4 km,2.0,---
2024/01/04,02:47:14.2,石川県能登地方,37°10.1′N,136°45.2′E,6 km,2.6,---
2024/01/04,02:47:54.2,能登半島沖,37°31.1′N,137°13.9′E,10 km,2.1,---
2024/01/04,02:48:22.5,石川県能登地方,37°19.0′N,136°45.2′E,9 km,1.5,---
2024/01/04,02:48:39.4,十勝地方中部,42°47.0′N,143°21.6′E,110 km,1.7,---
2024/01/04,02:48:58.7,石川県能登地方,37°29.1′N,137°19.0′E,13 km,1.9,---
2024/01/04,02:49:51.0,熊本県天草・芦北地方,32°16.7′N,130°25.2′E,0 km,0.7,---
2024/01/04,02:50:12.7,富山湾,37°10.8′N,137°09.7′E,9 km,1.3,---
2024/01/04,02:50:38.8,石川県能登地方,37°28.4′N,137°09.6′E,12 km,1.3,---
2024/01/04,02:50:50.3,石川県能登地方,37°18.0′N,136°47.2′E,6 km,1.6,---
2024/01/04,02:51:11.6,石川県能登地方,37°27.2′N,137°11.1′E,13 km,1.3,---
2024/01/04,02:51:23.9,岩手県沖,39°38.0′N,142°06.3′E,47 km,0.8,---
2024/01/04,02:52:29.8,石川県能登地方,37°27.4′N,137°15.1′E,14 km,1.4,---
2024/01/04,02:52:41.2,能登半島沖,37°07.0′N,136°40.1′E,3 km,1.5,---
2024/01/04,02:53:06.8,能登半島沖,37°07.8′N,136°40.0′E,9 km,0.8,---
2024/01/04,02:53:37.7,能登半島沖,37°34.0′N,137°22.8′E,13 km,2.2,---
2024/01/04,02:55:14.8,佐渡付近,37°50.6′N,137°51.2′E,19 km,2.2,---
2024/01/04,02:55:17.7,岐阜県美濃中西部,35°35.9′N,136°39.3′E,13 km,0.9,---
2024/01/04,02:55:21.3,石川県能登地方,37°12.1′N,136°46.2′E,4 km,1.2,---
2024/01/04,02:55:53.5,石川県能登地方,37°11.5′N,136°53.3′E,13 km,1.8,---
2024/01/04,02:56:28.6,石川県能登地方,37°13.0′N,136°49.2′E,7 km,1.2,---
2024/01/04,02:56:52.2,石川県能登地方,37°27.7′N,137°13.2′E,12 km,1.5,---
2024/01/04,02:57:48.1,石川県能登地方,37°27.7′N,137°07.9′E,10 km,1.2,---
2024/01/04,02:58:05.5,宮崎県南部山沿い,31°56.8′N,131°02.5′E,6 km,0.6,---
2024/01/04,02:58:22.9,石川県能登地方,37°16.7′N,136°48.8′E,13 km,1.4,---
2024/01/04,02:58:24.3,新潟県上中越沖,37°37.3′N,137°33.7′E,19 km,1.9,---
2024/01/04,02:58:56.2,岩手県内陸北部,40°14.8′N,141°08.2′E,103 km,2.9,---
2024/01/04,02:59:26.8,富山県東部,36°31.4′N,137°34.3′E,2 km,2.0,---
2024/01/04,02:59:50.5,能登半島沖,37°37.5′N,137°28.5′E,10 km,2.3,---
2024/01/04,03:01:12.7,石川県能登地方,37°28.0′N,137°14.6′E,14 km,不明,---
2024/01/04,03:01:17.0,石川県能登地方,37°10.1′N,136°42.7′E,3 km,1.9,---
2024/01/04,03:02:16.3,石川県能登地方,37°11.0′N,136°46.5′E,8 km,0.9,---
2024/01/04,03:02:38.6,能登半島沖,37°03.2′N,136°42.7′E,9 km,1.0,---
2024/01/04,03:03:11.7,石川県能登地方,37°12.2′N,136°47.0′E,5 km,0.9,---
2024/01/04,03:03:34.3,佐渡付近,37°53.1′N,137°46.5′E,19 km,2.3,---
2024/01/04,03:03:38.1,富山県東部,36°31.8′N,137°34.8′E,2 km,0.6,---
2024/01/04,03:04:03.9,石川県能登地方,37°11.8′N,136°42.1′E,1 km,1.6,---
2024/01/04,03:04:48.3,石川県能登地方,37°20.1′N,137°00.7′E,14 km,1.6,---
2024/01/04,03:05:05.9,茨城県沖,36°04.6′N,142°02.6′E,9 km,2.0,---
2024/01/04,03:05:16.3,能登半島沖,37°22.4′N,136°43.3′E,7 km,1.6,---
2024/01/04,03:05:43.6,石川県能登地方,37°20.2′N,136°45.9′E,7 km,1.6,---
2024/01/04,03:06:13.0,石川県西方沖,37°06.2′N,136°31.6′E,9 km,1.6,---
2024/01/04,03:07:00.1,石川県能登地方,37°29.2′N,137°16.8′E,14 km,1.6,---
2024/01/04,03:07:37.4,石川県能登地方,37°15.8′N,136°46.4′E,6 km,1.3,---
2024/01/04,03:07:52.5,石川県能登地方,37°21.3′N,136°57.2′E,0 km,1.6,---
2024/01/04,03:08:52.1,能登半島沖,37°12.3′N,136°41.6′E,6 km,1.3,---
2024/01/04,03:09:38.8,石川県能登地方,37°29.5′N,137°11.3′E,9 km,2.7,---
2024/01/04,03:11:11.6,富山県西部,36°55.5′N,136°59.5′E,14 km,1.1,---
2024/01/04,03:11:19.1,三重県中部,34°45.0′N,136°19.3′E,15 km,0.3,---
2024/01/04,03:11:38.8,石川県能登地方,37°20.1′N,136°55.2′E,6 km,1.6,---
2024/01/04,03:12:22.5,佐渡付近,37°49.3′N,137°50.9′E,18 km,2.3,---
2024/01/04,03:13:53.7,能登半島沖,37°22.8′N,136°45.0′E,3 km,1.3,---
2024/01/04,03:14:10.1,石川県能登地方,37°28.4′N,137°08.2′E,12 km,1.5,---
2024/01/04,03:14:33.0,能登半島沖,37°31.9′N,137°13.6′E,9 km,1.5,---
2024/01/04,03:14:59.3,石川県能登地方,37°09.3′N,136°41.6′E,6 km,1.8,---
2024/01/04,03:15:04.9,長野県北部,36°44.9′N,138°07.9′E,0 km,0.4,---
2024/01/04,03:15:38.7,富山県東部,36°34.1′N,137°08.5′E,10 km,0.3,---
2024/01/04,03:16:18.6,能登半島沖,37°12.0′N,136°41.9′E,2 km,1.5,---
2024/01/04,03:16:44.4,能登半島沖,37°13.1′N,136°40.1′E,7 km,2.2,---
2024/01/04,03:17:39.9,石川県能登地方,37°17.1′N,136°46.7′E,8 km,2.0,---
2024/01/04,03:18:02.5,能登半島沖,37°58.2′N,137°28.9′E,17 km,2.3,---
2024/01/04,03:18:17.9,石川県能登地方,37°22.6′N,136°53.5′E,7 km,2.1,---
2024/01/04,03:18:33.3,石川県能登地方,37°22.6′N,136°51.4′E,9 km,3.2,---
2024/01/04,03:18:47.8,静岡県東部,35°24.0′N,138°59.1′E,22 km,0.3,---
2024/01/04,03:19:03.0,鹿児島湾,31°26.6′N,130°38.4′E,8 km,1.5,---
2024/01/04,03:19:42.9,石川県能登地方,37°20.2′N,136°51.4′E,10 km,1.4,---
2024/01/04,03:20:39.4,石川県能登地方,37°13.7′N,136°43.1′E,3 km,1.4,---
2024/01/04,03:21:20.5,石川県能登地方,37°23.0′N,136°53.1′E,9 km,1.4,---
2024/01/04,03:21:28.1,佐渡付近,37°52.4′N,137°48.2′E,16 km,1.6,---
2024/01/04,03:22:17.7,能登半島沖,37°26.9′N,137°02.9′E,7 km,2.5,---
2024/01/04,03:23:26.6,石川県能登地方,37°22.5′N,136°57.6′E,5 km,1.0,---
2024/01/04,03:23:50.6,石川県能登地方,37°11.8′N,136°44.0′E,5 km,1.4,---
2024/01/04,03:23:54.7,能登半島沖,37°07.3′N,136°40.3′E,11 km,1.8,---
2024/01/04,03:24:24.8,能登半島沖,37°37.8′N,137°29.4′E,7 km,2.1,---
2024/01/04,03:25:56.2,福島県会津,37°21.7′N,139°55.3′E,111 km,1.2,---
2024/01/04,03:26:03.8,能登半島沖,37°16.8′N,136°41.8′E,12 km,1.3,---
2024/01/04,03:26:15.2,石川県能登地方,37°30.3′N,137°15.9′E,12 km,2.0,---
2024/01/04,03:26:34.5,石川県能登地方,37°23.0′N,136°59.9′E,9 km,2.2,---
2024/01/04,03:27:21.4,石川県能登地方,37°30.3′N,137°18.1′E,11 km,3.3,---
2024/01/04,03:28:08.4,能登半島沖,37°33.7′N,137°20.0′E,12 km,2.3,---
2024/01/04,03:28:31.5,石川県能登地方,37°27.7′N,137°13.9′E,13 km,1.9,---
2024/01/04,03:29:22.0,石川県能登地方,37°30.9′N,137°19.1′E,7 km,1.6,---
2024/01/04,03:29:53.2,石川県能登地方,37°20.1′N,136°50.5′E,4 km,2.1,---
2024/01/04,03:30:24.4,石川県能登地方,37°11.1′N,136°49.3′E,0 km,1.2,---
2024/01/04,03:30:40.9,石川県能登地方,37°11.3′N,136°45.2′E,2 km,1.2,---
2024/01/04,03:31:35.7,千葉県東方沖,35°19.2′N,140°55.5′E,30 km,1.7,---
2024/01/04,03:31:59.3,石川県能登地方,37°12.6′N,136°48.3′E,12 km,2.2,---
2024/01/04,03:32:57.2,能登半島沖,37°19.6′N,136°43.4′E,8 km,1.9,---
2024/01/04,03:33:27.6,石川県能登地方,37°20.4′N,136°53.0′E,0 km,1.2,---
2024/01/04,03:33:52.5,能登半島沖,37°09.3′N,136°39.2′E,0 km,0.9,---
2024/01/04,03:34:23.1,能登半島沖,37°35.5′N,137°24.2′E,12 km,2.1,---
2024/01/04,03:34:40.6,浦河沖,42°12.0′N,142°33.2′E,72 km,0.3,---
2024/01/04,03:37:57.4,石川県能登地方,37°10.8′N,136°42.5′E,4 km,1.6,---
2024/01/04,03:38:33.3,佐渡付近,37°52.1′N,137°45.3′E,17 km,2.0,---
2024/01/04,03:38:59.5,能登半島沖,37°06.1′N,136°37.2′E,4 km,1.0,---
2024/01/04,03:39:12.2,石川県能登地方,37°12.5′N,136°51.3′E,11 km,1.6,---
2024/01/04,03:40:26.1,能登半島沖,37°10.2′N,136°38.5′E,3 km,2.2,---
2024/01/04,03:41:37.4,石川県能登地方,37°09.3′N,136°42.1′E,8 km,0.6,---
2024/01/04,03:41:50.9,石川県能登地方,37°29.2′N,137°19.5′E,14 km,3.2,---
2024/01/04,03:42:20.0,宮城県沖,37°50.0′N,142°20.7′E,33 km,2.0,---
2024/01/04,03:43:34.7,能登半島沖,37°07.9′N,136°40.1′E,9 km,1.2,---
2024/01/04,03:44:01.4,能登半島沖,37°12.4′N,136°38.9′E,5 km,1.2,---
2024/01/04,03:44:28.7,石川県能登地方,37°15.9′N,136°45.4′E,2 km,2.5,---
2024/01/04,03:45:35.1,石川県能登地方,37°27.2′N,137°08.3′E,9 km,1.6,---
2024/01/04,03:45:59.8,石川県能登地方,37°29.9′N,137°11.3′E,9 km,2.3,---
2024/01/04,03:46:35.8,石川県能登地方,37°27.1′N,137°13.8′E,13 km,2.5,---
2024/01/04,03:47:23.5,能登半島沖,37°21.8′N,136°45.2′E,8 km,1.5,---
2024/01/04,03:47:45.1,石川県能登地方,37°21.9′N,136°48.4′E,9 km,1.4,---
2024/01/04,03:48:12.8,能登半島沖,37°14.5′N,136°41.8′E,7 km,2.0,---
2024/01/04,03:48:40.9,佐渡付近,37°49.3′N,137°42.5′E,20 km,1.5,---
2024/01/04,03:49:47.4,能登半島沖,37°14.2′N,136°41.2′E,13 km,1.5,---
2024/01/04,03:50:47.4,石川県能登地方,37°21.6′N,136°49.5′E,7 km,2.0,---
2024/01/04,03:51:52.0,能登半島沖,37°13.6′N,136°38.9′E,5 km,2.1,---
2024/01/04,03:52:45.3,石川県能登地方,37°10.3′N,136°43.7′E,6 km,1.2,---
2024/01/04,03:52:55.5,石川県能登地方,37°12.6′N,136°47.4′E,9 km,1.6,---
2024/01/04,03:53:44.9,石川県能登地方,37°23.0′N,137°03.6′E,8 km,1.8,---
2024/01/04,03:54:15.4,石川県能登地方,37°11.8′N,136°42.9′E,3 km,1.8,---
2024/01/04,03:54:59.7,石川県能登地方,37°10.4′N,136°45.8′E,1 km,1.6,---
2024/01/04,03:55:28.0,佐渡付近,37°54.8′N,137°44.1′E,24 km,2.3,---
2024/01/04,03:56:35.8,石川県能登地方,37°11.0′N,136°46.4′E,8 km,0.8,---
2024/01/04,03:57:13.8,佐渡付近,37°47.1′N,138°05.3′E,19 km,1.7,---
2024/01/04,03:58:25.8,佐渡付近,37°52.1′N,137°42.2′E,22 km,1.5,---
2024/01/04,03:58:45.2,石川県能登地方,37°22.2′N,136°51.7′E,10 km,2.6,---
2024/01/04,04:00:02.5,石川県能登地方,37°22.2′N,136°57.2′E,8 km,1.4,---
2024/01/04,04:00:04.8,石川県能登地方,37°17.0′N,136°47.0′E,10 km,1.4,---
2024/01/04,04:00:28.4,石川県能登地方,37°26.9′N,137°13.6′E,13 km,1.8,---
2024/01/04,04:01:46.2,石川県能登地方,37°17.4′N,136°47.5′E,10 km,2.0,---
2024/01/04,04:01:52.9,宮城県沖,37°57.5′N,141°51.5′E,50 km,1.1,---
2024/01/04,04:02:30.9,石川県能登地方,37°09.8′N,136°51.6′E,14 km,1.1,---
2024/01/04,04:03:05.0,石川県能登地方,37°18.6′N,137°00.2′E,0 km,1.5,---
2024/01/04,04:03:13.3,茨城県南部,36°00.7′N,140°03.9′E,75 km,2.1,---
2024/01/04,04:04:01.2,能登半島沖,37°13.4′N,136°38.0′E,6 km,2.8,---
2024/01/04,04:04:13.4,岩手県内陸南部,39°09.6′N,141°12.3′E,85 km,1.2,---
2024/01/04,04:05:26.9,佐渡付近,37°50.7′N,137°46.8′E,19 km,1.8,---
2024/01/04,04:06:06.9,石川県能登地方,37°16.5′N,136°46.3′E,6 km,0.9,---
2024/01/04,04:06:44.0,石川県能登地方,37°22.1′N,136°59.4′E,8 km,1.9,---
2024/01/04,04:07:00.1,岐阜県美濃東部,35°22.2′N,137°25.1′E,12 km,0.1,---
2024/01/04,04:07:04.3,能登半島沖,37°08.1′N,136°41.2′E,7 km,1.6,---
2024/01/04,04:07:09.3,佐渡付近,37°52.4′N,137°48.2′E,19 km,1.7,---
2024/01/04,04:07:37.5,能登半島沖,37°14.7′N,136°41.9′E,6 km,2.1,---
2024/01/04,04:07:55.4,能登半島沖,37°09.9′N,136°37.4′E,4 km,2.0,---
2024/01/04,04:08:44.6,石川県能登地方,37°11.2′N,136°44.4′E,7 km,1.7,---
2024/01/04,04:08:59.3,佐渡付近,37°51.2′N,137°43.0′E,0 km,1.4,---
2024/01/04,04:09:20.3,新潟県上中越沖,37°39.6′N,137°30.5′E,17 km,3.0,---
2024/01/04,04:10:57.4,能登半島沖,37°44.9′N,137°17.7′E,16 km,1.8,---
2024/01/04,04:11:07.8,石川県能登地方,37°18.5′N,136°48.7′E,8 km,1.6,---
2024/01/04,04:11:13.5,石川県能登地方,37°14.6′N,136°43.3′E,5 km,2.0,---
2024/01/04,04:11:41.2,佐渡付近,37°49.7′N,137°43.7′E,22 km,2.1,---
2024/01/04,04:11:58.8,石川県能登地方,37°28.8′N,137°11.2′E,11 km,2.9,---
2024/01/04,04:12:48.4,青森県東方沖,41°15.8′N,142°48.7′E,22 km,1.4,---
2024/01/04,04:13:02.9,石川県能登地方,37°17.7′N,136°46.6′E,10 km,1.5,---
2024/01/04,04:13:25.8,石川県能登地方,37°26.2′N,137°06.2′E,9 km,1.6,---
2024/01/04,04:13:51.6,佐渡付近,37°44.3′N,137°39.5′E,16 km,1.8,---
2024/01/04,04:14:33.2,能登半島沖,37°12.6′N,136°40.3′E,4 km,1.4,---
2024/01/04,04:15:04.5,千葉県北西部,35°51.4′N,140°04.5′E,42 km,不明,---
2024/01/04,04:16:02.0,石川県能登地方,37°23.5′N,136°53.4′E,0 km,1.7,---
2024/01/04,04:16:31.2,岩手県沿岸北部,39°52.2′N,141°57.0′E,20 km,0.7,---
2024/01/04,04:16:58.3,能登半島沖,37°26.0′N,136°52.7′E,10 km,2.0,---
2024/01/04,04:17:49.5,石川県能登地方,37°13.3′N,136°50.8′E,11 km,2.7,---
2024/01/04,04:18:40.2,日高地方西部,42°32.0′N,141°59.3′E,37 km,0.9,---
2024/01/04,04:18:57.7,佐渡付近,37°53.1′N,137°47.6′E,17 km,2.1,---
2024/01/04,04:19:16.7,鳥島近海,31°37.7′N,139°27.3′E,17 km,3.5,---
2024/01/04,04:20:02.4,石川県能登地方,37°26.9′N,137°10.7′E,13 km,1.8,---
2024/01/04,04:20:19.3,能登半島沖,37°39.0′N,137°29.9′E,18 km,2.0,---
2024/01/04,04:20:39.8,北海道南西沖,42°43.8′N,139°22.6′E,18 km,2.1,---
2024/01/04,04:21:13.3,石川県能登地方,37°26.4′N,137°03.7′E,7 km,1.5,---
2024/01/04,04:21:39.0,新潟県上中越沖,37°37.7′N,137°35.2′E,17 km,1.6,---
2024/01/04,04:22:18.8,佐渡付近,37°54.6′N,137°42.3′E,23 km,1.5,---
2024/01/04,04:23:02.0,能登半島沖,37°27.4′N,137°02.9′E,6 km,1.5,---
2024/01/04,04:24:30.1,日向灘,32°42.3′N,132°01.8′E,38 km,1.1,---
2024/01/04,04:24:49.6,宮城県中部,38°31.9′N,141°15.2′E,71 km,0.9,---
2024/01/04,04:25:30.7,長野県南部,35°55.4′N,137°40.8′E,8 km,0.2,---
2024/01/04,04:26:02.4,新潟県上中越沖,37°41.5′N,137°38.2′E,19 km,1.5,---
2024/01/04,04:26:52.2,石川県能登地方,37°11.5′N,136°45.5′E,7 km,1.0,---
2024/01/04,04:27:15.6,能登半島沖,37°12.5′N,136°41.0′E,8 km,3.2,---
2024/01/04,04:30:22.2,有明海,32°58.5′N,130°26.0′E,13 km,0.3,---
2024/01/04,04:30:25.8,能登半島沖,37°31.7′N,137°11.2′E,9 km,1.8,---
2024/01/04,04:30:26.2,佐渡付近,37°46.6′N,137°41.3′E,20 km,2.2,---
2024/01/04,04:31:25.8,石川県能登地方,37°21.7′N,136°46.7′E,7 km,2.0,---
2024/01/04,04:31:57.8,石川県能登地方,37°29.6′N,137°11.7′E,5 km,2.1,---
2024/01/04,04:32:00.9,石川県能登地方,37°10.3′N,136°44.1′E,4 km,2.5,---
2024/01/04,04:33:26.4,石川県能登地方,37°17.4′N,136°45.1′E,8 km,1.5,---
2024/01/04,04:34:13.2,石川県西方沖,37°00.9′N,136°34.0′E,11 km,1.5,---
2024/01/04,04:34:25.9,千葉県東方沖,35°52.1′N,140°55.0′E,30 km,1.2,---
2024/01/04,04:34:40.8,石川県能登地方,37°23.0′N,136°54.3′E,8 km,1.5,---
2024/01/04,04:35:06.1,石川県能登地方,37°09.8′N,136°44.5′E,5 km,2.2,---
2024/01/04,04:36:00.7,石川県能登地方,37°29.3′N,137°09.0′E,9 km,1.7,---
2024/01/04,04:37:10.0,佐渡付近,37°49.5′N,137°39.6′E,10 km,1.4,---
2024/01/04,04:38:16.6,石川県能登地方,37°12.9′N,136°49.3′E,7 km,1.9,---
2024/01/04,04:38:42.4,佐渡付近,37°49.4′N,137°50.6′E,19 km,4.9,---
2024/01/04,04:41:17.2,石川県能登地方,37°21.4′N,137°00.0′E,11 km,2.8,---
2024/01/04,04:42:28.0,能登半島沖,37°07.3′N,136°40.4′E,4 km,1.3,---
2024/01/04,04:43:20.1,石川県能登地方,37°27.8′N,137°07.1′E,10 km,2.6,---
2024/01/04,04:43:20.4,石川県能登地方,37°22.5′N,137°02.7′E,7 km,2.1,---
2024/01/04,04:44:11.7,能登半島沖,37°13.4′N,136°41.3′E,6 km,1.5,---
2024/01/04,04:46:10.8,宮城県沖,38°45.7′N,141°44.1′E,54 km,1.2,---
2024/01/04,04:46:33.2,石川県能登地方,37°13.5′N,136°48.8′E,7 km,0.9,---
2024/01/04,04:46:40.1,能登半島沖,37°27.3′N,137°02.6′E,6 km,1.5,---
2024/01/04,04:47:06.9,能登半島沖,37°44.1′N,137°17.6′E,15 km,2.6,---
2024/01/04,04:47:47.1,佐渡付近,37°47.7′N,137°51.4′E,16 km,2.1,---
2024/01/04,04:48:10.0,石川県能登地方,37°19.9′N,136°53.2′E,11 km,1.4,---
2024/01/04,04:48:35.1,能登半島沖,37°14.8′N,136°39.8′E,5 km,1.5,---
2024/01/04,04:49:19.5,能登半島沖,37°07.0′N,136°40.1′E,11 km,2.6,---
2024/01/04,04:50:23.1,新潟県上中越沖,37°29.3′N,137°44.4′E,21 km,1.8,---
2024/01/04,04:50:44.2,小笠原諸島西方沖,26°30.0′N,141°10.0′E,356 km,不明,---
2024/01/04,04:51:04.4,能登半島沖,37°15.2′N,136°43.7′E,7 km,2.5,---
2024/01/04,04:51:23.1,石川県能登地方,37°10.2′N,136°46.1′E,5 km,2.0,---
2024/01/04,04:51:25.3,神奈川県西部,35°24.8′N,139°16.9′E,30 km,0.6,---
2024/01/04,04:52:05.0,佐渡付近,37°43.9′N,137°32.4′E,15 km,1.6,---
2024/01/04,04:52:16.7,石川県能登地方,37°27.9′N,137°07.0′E,10 km,1.5,---
2024/01/04,04:52:59.2,根室半島南東沖,43°09.1′N,145°46.1′E,44 km,0.5,---
2024/01/04,04:53:05.8,佐渡付近,37°48.2′N,137°50.1′E,16 km,1.5,---
2024/01/04,04:54:25.6,能登半島沖,37°35.9′N,137°18.3′E,13 km,3.1,---
2024/01/04,04:55:08.8,能登半島沖,37°10.4′N,136°40.6′E,9 km,1.6,---
2024/01/04,04:56:14.5,佐渡付近,37°50.4′N,137°50.6′E,19 km,1.6,---
2024/01/04,04:57:18.7,佐渡付近,37°49.5′N,137°50.7′E,17 km,2.6,---
2024/01/04,04:57:56.0,福島県沖,36°47.0′N,141°46.4′E,19 km,不明,---
2024/01/04,04:59:52.4,佐渡付近,37°51.3′N,137°43.3′E,20 km,1.9,---
2024/01/04,05:00:48.9,駿河湾,34°50.9′N,138°23.2′E,14 km,0.5,---
2024/01/04,05:01:00.3,苫小牧沖,42°10.4′N,141°06.6′E,115 km,1.0,---
2024/01/04,05:01:05.2,十勝地方中部,42°47.2′N,143°26.7′E,104 km,1.0,---
2024/01/04,05:01:32.9,青森県三八上北地方,40°46.3′N,141°07.1′E,105 km,2.3,---
2024/01/04,05:01:37.0,能登半島沖,37°12.2′N,136°36.1′E,1 km,1.5,---
2024/01/04,05:02:47.8,石川県能登地方,37°19.0′N,136°49.9′E,8 km,1.4,---
2024/01/04,05:02:54.8,佐渡付近,37°50.4′N,137°47.6′E,19 km,1.7,---
2024/01/04,05:03:49.0,佐渡付近,37°46.9′N,138°05.9′E,19 km,1.3,---
2024/01/04,05:04:31.4,新潟県上中越沖,37°41.5′N,137°32.7′E,16 km,2.1,---
2024/01/04,05:04:32.2,石川県能登地方,37°25.1′N,137°07.2′E,3 km,1.7,---
2024/01/04,05:05:09.8,日高地方東部,42°22.2′N,142°58.5′E,55 km,0.4,---
2024/01/04,05:05:31.7,佐渡付近,37°53.2′N,137°45.0′E,14 km,2.4,---
2024/01/04,05:06:01.2,佐渡付近,37°52.3′N,137°42.4′E,21 km,2.1,---
2024/01/04,05:06:15.1,和歌山県南部,33°39.6′N,135°48.4′E,24 km,0.6,---
2024/01/04,05:07:11.3,能登半島沖,37°13.3′N,136°40.3′E,2 km,1.2,---
2024/01/04,05:07:11.4,能登半島沖,37°38.0′N,137°29.7′E,20 km,1.7,---
2024/01/04,05:08:15.1,茨城県沖,36°21.9′N,140°47.8′E,34 km,0.9,---
2024/01/04,05:08:39.6,石川県西方沖,37°05.2′N,136°29.4′E,9 km,2.2,---
2024/01/04,05:09:00.1,石川県能登地方,37°23.5′N,136°58.9′E,5 km,1.6,---
2024/01/04,05:09:16.3,石川県能登地方,37°29.8′N,137°12.0′E,10 km,1.9,---
2024/01/04,05:10:20.5,佐渡付近,37°47.0′N,138°06.1′E,19 km,1.0,---
2024/01/04,05:10:43.0,石川県能登地方,37°19.0′N,136°50.9′E,10 km,1.5,---
2024/01/04,05:11:15.2,石川県能登地方,37°12.4′N,136°43.4′E,10 km,1.6,---
2024/01/04,05:13:09.7,石川県西方沖,37°05.1′N,136°29.3′E,10 km,1.4,---
2024/01/04,05:13:15.0,能登半島沖,37°37.5′N,137°23.6′E,14 km,1.8,---
2024/01/04,05:14:14.5,栃木県北部,36°38.0′N,139°27.6′E,9 km,0.1,---
2024/01/04,05:14:19.8,石川県能登地方,37°16.4′N,136°55.7′E,0 km,1.0,---
2024/01/04,05:14:56.2,石川県能登地方,37°25.6′N,137°07.6′E,8 km,3.5,---
2024/01/04,05:15:31.6,宮城県沖,37°49.9′N,142°21.2′E,27 km,1.5,---
2024/01/04,05:16:23.7,石川県能登地方,37°25.1′N,137°06.1′E,10 km,1.5,---
2024/01/04,05:16:35.9,能登半島沖,37°05.8′N,136°38.1′E,11 km,1.6,---
2024/01/04,05:16:41.8,鳥島近海,31°38.3′N,140°08.7′E,0 km,不明,---
2024/01/04,05:16:47.4,石川県能登地方,37°09.5′N,136°42.3′E,8 km,3.6,---
2024/01/04,05:16:58.5,佐渡付近,37°53.6′N,137°45.8′E,18 km,3.8,---
2024/01/04,05:19:16.4,石川県能登地方,37°14.8′N,136°46.4′E,9 km,1.5,---
2024/01/04,05:19:32.8,能登半島沖,37°30.9′N,137°27.1′E,16 km,1.6,---
2024/01/04,05:20:26.4,能登半島沖,37°17.2′N,136°43.3′E,5 km,1.5,---
2024/01/04,05:21:09.1,三陸沖,38°46.2′N,144°05.6′E,32 km,不明,---
2024/01/04,05:21:15.3,石川県能登地方,37°14.0′N,136°49.1′E,9 km,1.6,---
2024/01/04,05:21:58.0,石川県能登地方,37°30.5′N,137°15.6′E,12 km,1.5,---
2024/01/04,05:22:10.0,佐渡付近,37°49.6′N,137°50.4′E,16 km,2.3,---
2024/01/04,05:22:36.9,石川県能登地方,37°21.5′N,136°56.4′E,10 km,2.6,---
2024/01/04,05:23:20.8,能登半島沖,37°32.5′N,137°25.4′E,22 km,1.7,---
2024/01/04,05:23:42.2,石川県能登地方,37°14.9′N,136°45.5′E,6 km,1.8,---
2024/01/04,05:23:57.1,能登半島沖,37°07.8′N,136°39.8′E,6 km,1.5,---
2024/01/04,05:25:44.0,宮城県沖,38°34.4′N,142°00.6′E,81 km,1.5,---
2024/01/04,05:26:05.5,石川県能登地方,37°24.3′N,136°52.4′E,9 km,1.4,---
2024/01/04,05:26:23.8,佐渡付近,37°49.6′N,137°50.1′E,14 km,1.5,---
2024/01/04,05:26:38.6,石川県能登地方,37°19.3′N,137°15.2′E,12 km,1.5,---
2024/01/04,05:27:02.5,石川県能登地方,37°20.9′N,136°49.4′E,8 km,1.8,---
2024/01/04,05:27:55.3,能登半島沖,37°14.4′N,136°42.8′E,6 km,1.9,---
2024/01/04,05:28:07.0,能登半島沖,37°32.1′N,137°25.1′E,19 km,1.6,---
2024/01/04,05:28:22.5,石川県能登地方,37°20.8′N,136°46.5′E,7 km,2.1,---
2024/01/04,05:28:59.7,石川県能登地方,37°09.9′N,136°41.5′E,7 km,1.1,---
2024/01/04,05:30:54.8,能登半島沖,37°33.8′N,137°27.9′E,16 km,2.7,---
2024/01/04,05:31:33.5,石川県能登地方,37°10.8′N,136°45.7′E,0 km,2.4,---
2024/01/04,05:32:06.1,千葉県東方沖,35°18.9′N,140°58.8′E,40 km,不明,---
2024/01/04,05:32:30.6,石川県能登地方,37°21.8′N,136°46.5′E,7 km,1.8,---
2024/01/04,05:34:27.7,能登半島沖,37°12.8′N,136°41.5′E,6 km,1.5,---
2024/01/04,05:34:53.4,石川県能登地方,37°10.2′N,136°47.7′E,8 km,0.8,---
2024/01/04,05:35:42.8,石川県能登地方,37°11.8′N,136°53.7′E,12 km,1.4,---
2024/01/04,05:36:04.7,石川県能登地方,37°23.5′N,137°01.3′E,5 km,3.0,---
2024/01/04,05:36:13.9,石川県能登地方,37°19.6′N,136°58.9′E,14 km,2.7,---
2024/01/04,05:36:34.0,石川県能登地方,37°09.6′N,136°48.7′E,9 km,2.6,---
2024/01/04,05:37:17.8,神奈川県東部,35°34.8′N,139°31.6′E,98 km,1.0,---
2024/01/04,05:37:45.6,能登半島沖,37°06.0′N,136°37.8′E,11 km,1.5,---
2024/01/04,05:38:42.6,三陸沖,38°10.9′N,144°23.2′E,28 km,1.9,---
2024/01/04,05:39:21.4,石川県能登地方,37°27.7′N,137°14.2′E,14 km,1.4,---
2024/01/04,05:39:51.0,佐渡付近,37°48.8′N,137°50.6′E,16 km,1.3,---
2024/01/04,05:40:14.1,能登半島沖,37°15.4′N,136°40.9′E,4 km,1.6,---
2024/01/04,05:40:19.1,石川県能登地方,37°23.2′N,137°00.7′E,4 km,1.9,---
2024/01/04,05:40:52.6,能登半島沖,37°35.3′N,137°23.6′E,13 km,1.9,---
2024/01/04,05:41:26.2,能登半島沖,37°36.1′N,137°24.8′E,14 km,1.7,---
2024/01/04,05:42:50.2,岩手県沖,39°17.6′N,142°30.7′E,35 km,1.6,---
2024/01/04,05:43:12.7,石川県能登地方,37°10.1′N,136°49.4′E,9 km,1.7,---
2024/01/04,05:46:12.4,能登半島沖,37°15.6′N,136°42.2′E,3 km,1.2,---
2024/01/04,05:46:54.6,石川県能登地方,37°22.7′N,136°54.5′E,9 km,2.7,---
2024/01/04,05:48:17.8,能登半島沖,37°11.5′N,136°39.4′E,2 km,1.5,---
2024/01/04,05:49:03.8,石川県能登地方,37°25.8′N,137°10.5′E,13 km,1.6,---
2024/01/04,05:49:53.7,石川県西方沖,37°04.9′N,136°37.2′E,10 km,1.7,---
2024/01/04,05:50:27.8,石川県能登地方,37°22.5′N,136°58.9′E,8 km,2.2,---
2024/01/04,05:51:10.2,石川県能登地方,37°15.6′N,136°46.1′E,7 km,3.5,---
2024/01/04,05:51:51.5,石川県能登地方,37°23.3′N,136°57.2′E,0 km,2.2,---
2024/01/04,05:52:21.8,石川県能登地方,37°22.6′N,136°52.6′E,0 km,2.3,---
2024/01/04,05:54:01.6,福井県嶺南,35°32.8′N,135°58.0′E,4 km,0.4,---
2024/01/04,05:54:44.0,薩摩半島西方沖,31°46.8′N,129°20.0′E,5 km,1.0,---
2024/01/04,05:55:07.0,能登半島沖,37°30.7′N,137°27.6′E,15 km,1.6,---
2024/01/04,05:56:07.0,石川県能登地方,37°10.6′N,136°46.7′E,9 km,1.2,---
2024/01/04,05:57:06.2,石川県能登地方,37°20.0′N,137°01.6′E,11 km,1.7,---
2024/01/04,05:58:33.1,石川県能登地方,37°13.0′N,136°49.4′E,11 km,1.6,---
2024/01/04,05:58:43.9,新潟県上中越沖,37°40.9′N,137°33.5′E,17 km,2.0,---
2024/01/04,05:59:14.6,石川県能登地方,37°17.0′N,136°46.5′E,10 km,1.8,---
2024/01/04,05:59:35.9,佐渡付近,37°47.2′N,137°43.3′E,18 km,1.9,---
2024/01/04,05:59:50.8,石川県能登地方,37°14.3′N,136°45.3′E,10 km,1.4,---
2024/01/04,06:00:50.0,新潟県上中越沖,37°37.8′N,137°34.2′E,20 km,2.0,---
2024/01/04,06:02:19.2,石川県能登地方,37°09.8′N,136°41.7′E,7 km,2.7,---
2024/01/04,06:02:48.5,能登半島沖,37°30.2′N,137°11.4′E,8 km,2.6,---
2024/01/04,06:02:49.6,石川県能登地方,37°22.5′N,136°54.8′E,7 km,1.8,---
2024/01/04,06:02:58.2,石川県能登地方,37°22.1′N,136°54.2′E,6 km,2.6,---
2024/01/04,06:03:06.0,石川県能登地方,37°17.0′N,136°46.0′E,13 km,2.4,---
2024/01/04,06:03:33.2,石川県能登地方,37°15.4′N,136°46.6′E,7 km,2.0,---
2024/01/04,06:04:12.7,石川県能登地方,37°21.5′N,136°57.0′E,9 km,1.3,---
2024/01/04,06:04:20.3,石川県西方沖,37°05.0′N,136°33.4′E,7 km,1.5,---
2024/01/04,06:04:21.2,福島県沖,37°52.2′N,141°35.0′E,46 km,0.8,---
2024/01/04,06:04:48.7,石川県能登地方,37°15.4′N,136°48.3′E,9 km,1.8,---
2024/01/04,06:04:57.5,十勝地方南部,42°32.5′N,142°53.8′E,70 km,0.6,---
2024/01/04,06:05:02.8,佐渡付近,37°45.2′N,137°39.8′E,17 km,1.9,---
2024/01/04,06:05:15.2,石川県能登地方,37°17.7′N,136°50.0′E,11 km,2.5,---
2024/01/04,06:06:19.7,佐渡付近,37°44.8′N,137°39.7′E,22 km,2.9,---
2024/01/04,06:06:23.3,十勝沖,42°33.0′N,144°04.0′E,88 km,2.1,---
2024/01/04,06:06:48.7,青森県東方沖,40°39.2′N,143°35.1′E,46 km,1.6,---
2024/01/04,06:07:14.0,岩手県沖,40°23.1′N,141°54.9′E,43 km,0.8,---
2024/01/04,06:07:22.0,石川県能登地方,37°23.6′N,137°01.0′E,5 km,1.7,---
2024/01/04,06:07:36.7,茨城県北部,36°48.4′N,140°35.5′E,7 km,0.3,---
2024/01/04,06:08:49.8,佐渡付近,37°46.8′N,137°41.4′E,27 km,1.5,---
2024/01/04,06:09:14.8,能登半島沖,37°27.4′N,136°58.6′E,15 km,不明,---
2024/01/04,06:09:15.1,石川県能登地方,37°27.8′N,137°07.1′E,10 km,2.6,---
2024/01/04,06:09:23.5,能登半島沖,37°12.1′N,136°40.9′E,11 km,2.3,---
2024/01/04,06:10:26.2,岐阜県美濃中西部,35°38.2′N,136°36.5′E,15 km,1.2,---
2024/01/04,06:10:38.0,石川県能登地方,37°20.1′N,136°49.0′E,10 km,1.9,---
2024/01/04,06:11:07.6,能登半島沖,37°31.0′N,137°09.4′E,8 km,2.2,---
2024/01/04,06:11:11.7,石川県能登地方,37°29.5′N,137°12.4′E,13 km,2.1,---
2024/01/04,06:13:07.4,新潟県上中越沖,37°37.5′N,137°30.2′E,14 km,2.7,---
2024/01/04,06:13:12.9,石川県西方沖,36°58.1′N,136°45.6′E,8 km,1.3,---
2024/01/04,06:13:53.1,石川県能登地方,37°24.2′N,137°07.8′E,12 km,1.8,---
2024/01/04,06:13:54.0,福井県嶺南,35°33.1′N,135°58.1′E,4 km,1.4,---
2024/01/04,06:16:12.7,石川県能登地方,37°13.8′N,137°01.3′E,14 km,1.3,---
2024/01/04,06:17:04.4,石川県能登地方,37°13.3′N,136°42.8′E,8 km,0.9,---
2024/01/04,06:18:22.8,石川県能登地方,37°27.3′N,137°07.1′E,10 km,2.1,---
2024/01/04,06:19:17.7,石川県能登地方,37°16.1′N,136°46.9′E,6 km,1.4,---
2024/01/04,06:19:56.5,石川県能登地方,37°13.7′N,136°50.8′E,6 km,0.9,---
2024/01/04,06:20:04.2,土佐湾,33°23.3′N,133°58.5′E,26 km,0.8,---
2024/01/04,06:21:58.8,岩手県沖,40°01.4′N,142°30.5′E,3 km,1.3,---
2024/01/04,06:23:08.1,石川県能登地方,37°26.9′N,137°14.7′E,12 km,2.0,---
2024/01/04,06:23:19.4,石川県能登地方,37°23.3′N,136°59.7′E,3 km,2.9,---
2024/01/04,06:23:42.4,福島県沖,37°10.9′N,142°09.5′E,22 km,不明,---
2024/01/04,06:24:13.0,佐渡付近,37°44.5′N,137°39.5′E,18 km,1.7,---
2024/01/04,06:25:19.2,佐渡付近,37°46.7′N,137°40.0′E,19 km,2.1,---
2024/01/04,06:25:38.1,新潟県上中越沖,37°38.4′N,137°37.2′E,9 km,2.0,---
2024/01/04,06:26:10.2,三陸沖,39°24.1′N,144°23.2′E,42 km,1.3,---
2024/01/04,06:27:24.1,石川県能登地方,37°28.6′N,137°18.4′E,13 km,2.2,---
2024/01/04,06:27:54.4,富山湾,37°17.8′N,137°16.1′E,7 km,1.6,---
2024/01/04,06:29:39.1,石川県能登地方,37°20.5′N,136°49.2′E,9 km,2.0,---
2024/01/04,06:31:20.7,佐渡付近,37°52.3′N,137°50.6′E,17 km,1.3,---
2024/01/04,06:31:33.9,新潟県上中越沖,37°30.2′N,137°44.7′E,24 km,2.4,---
2024/01/04,06:32:41.0,石川県能登地方,37°23.9′N,137°08.4′E,12 km,1.6,---
2024/01/04,06:33:24.8,石川県能登地方,37°26.8′N,137°13.7′E,13 km,1.6,---
2024/01/04,06:34:00.4,石川県能登地方,37°13.3′N,136°46.8′E,10 km,2.0,---
2024/01/04,06:34:35.9,沖縄本島近海,26°58.7′N,128°09.3′E,38 km,0.6,---
2024/01/04,06:35:43.3,石川県能登地方,37°27.2′N,137°14.4′E,13 km,1.6,---
2024/01/04,06:35:57.6,石川県能登地方,37°26.3′N,137°06.8′E,9 km,1.6,---
2024/01/04,06:36:08.1,長野県南部,35°54.9′N,137°39.7′E,9 km,0.7,---
2024/01/04,06:37:21.6,石川県能登地方,37°09.4′N,136°42.6′E,8 km,0.9,---
2024/01/04,06:37:56.3,石川県能登地方,37°22.1′N,136°58.6′E,10 km,1.6,---
2024/01/04,06:38:21.2,石川県能登地方,37°23.6′N,137°08.2′E,12 km,2.0,---
2024/01/04,06:39:03.2,石川県能登地方,37°14.6′N,136°48.1′E,11 km,1.7,---
2024/01/04,06:39:03.8,石川県能登地方,37°14.7′N,136°48.4′E,10 km,1.9,---
2024/01/04,06:42:43.6,石川県能登地方,37°27.1′N,137°16.0′E,13 km,1.4,---
2024/01/04,06:42:57.7,新潟県上中越沖,37°39.3′N,137°33.6′E,22 km,3.0,---
2024/01/04,06:43:58.2,石川県能登地方,37°11.4′N,136°53.4′E,9 km,1.5,---
2024/01/04,06:45:02.3,能登半島沖,37°35.8′N,137°25.5′E,17 km,1.5,---
2024/01/04,06:46:36.0,佐渡付近,37°46.0′N,137°40.0′E,22 km,1.7,---
2024/01/04,06:47:25.5,能登半島沖,37°31.9′N,137°14.2′E,9 km,1.8,---
2024/01/04,06:47:30.8,新潟県下越沖,38°30.3′N,139°27.2′E,11 km,0.9,---
2024/01/04,06:47:57.0,新潟県上中越沖,37°08.9′N,137°47.8′E,17 km,1.3,---
2024/01/04,06:48:09.0,能登半島沖,37°07.8′N,136°40.5′E,8 km,1.4,---
2024/01/04,06:49:00.1,宮城県沖,38°44.8′N,142°23.5′E,34 km,1.4,---
2024/01/04,06:50:06.2,石川県能登地方,37°26.1′N,137°13.0′E,12 km,1.6,---
2024/01/04,06:51:05.6,石川県能登地方,37°29.8′N,137°15.0′E,13 km,2.6,---
2024/01/04,06:51:12.9,石川県能登地方,37°09.2′N,136°43.0′E,7 km,2.6,---
2024/01/04,06:52:21.2,新潟県上中越沖,37°41.2′N,137°39.4′E,20 km,2.2,---
2024/01/04,06:52:51.3,熊本県熊本地方,32°39.3′N,130°41.7′E,11 km,0.9,---
2024/01/04,06:53:36.0,能登半島沖,37°06.4′N,136°39.9′E,10 km,1.3,---
2024/01/04,06:53:48.1,石川県能登地方,37°21.4′N,136°55.5′E,9 km,1.9,---
2024/01/04,06:54:43.0,能登半島沖,37°08.1′N,136°41.2′E,7 km,2.1,---
2024/01/04,06:55:29.7,石川県能登地方,37°22.8′N,136°55.5′E,6 km,1.5,---
2024/01/04,06:56:09.0,熊本県阿蘇地方,32°59.2′N,131°04.7′E,9 km,0.2,---
2024/01/04,06:56:30.1,石川県能登地方,37°24.1′N,137°08.5′E,12 km,2.2,---
2024/01/04,06:57:21.5,石川県能登地方,37°20.3′N,136°49.0′E,14 km,1.3,---
2024/01/04,06:57:44.8,鳥島近海,31°37.2′N,139°58.8′E,11 km,3.6,---
2024/01/04,06:58:19.4,石川県能登地方,37°20.8′N,136°57.5′E,12 km,1.5,---
2024/01/04,06:59:19.7,熊本県天草・芦北地方,32°16.7′N,130°25.1′E,1 km,1.0,---
2024/01/04,06:59:49.0,宮城県沖,38°46.6′N,142°16.5′E,39 km,1.5,---
2024/01/04,07:00:10.0,石川県能登地方,37°12.3′N,136°53.4′E,11 km,1.1,---
2024/01/04,07:01:54.3,千葉県東方沖,35°18.7′N,140°58.1′E,39 km,不明,---
2024/01/04,07:02:01.7,石川県能登地方,37°30.0′N,137°14.6′E,10 km,1.9,---
2024/01/04,07:02:44.6,新潟県上中越沖,37°25.9′N,138°03.7′E,22 km,1.6,---
2024/01/04,07:03:31.0,岐阜県飛騨地方,36°00.9′N,137°31.2′E,7 km,0.5,---
2024/01/04,07:03:40.1,石川県能登地方,37°08.5′N,136°44.4′E,0 km,1.6,---
2024/01/04,07:04:19.9,石川県能登地方,37°19.7′N,136°46.7′E,8 km,1.8,---
2024/01/04,07:05:13.7,石川県能登地方,37°14.8′N,136°50.9′E,5 km,1.2,---
2024/01/04,07:05:23.5,佐渡付近,37°50.1′N,137°51.7′E,18 km,2.5,---
2024/01/04,07:06:27.5,石川県能登地方,37°27.8′N,137°07.9′E,12 km,2.0,---
2024/01/04,07:07:13.8,佐渡付近,37°43.2′N,137°32.5′E,20 km,2.4,---
2024/01/04,07:08:20.4,石川県能登地方,37°23.2′N,136°53.8′E,11 km,1.3,---
2024/01/04,07:09:52.4,石川県能登地方,37°15.9′N,136°46.6′E,2 km,1.4,---
2024/01/04,07:09:56.8,石川県能登地方,37°17.5′N,136°45.6′E,11 km,1.9,---
2024/01/04,07:10:25.2,石川県能登地方,37°25.6′N,137°06.6′E,10 km,1.6,---
2024/01/04,07:10:38.0,石川県能登地方,37°14.1′N,136°47.5′E,11 km,2.2,---
2024/01/04,07:10:44.9,石川県能登地方,37°28.6′N,137°07.2′E,10 km,2.2,---
2024/01/04,07:11:21.4,石川県能登地方,37°22.4′N,136°57.0′E,8 km,1.6,---
2024/01/04,07:12:22.4,静岡県中部,35°00.7′N,138°18.1′E,15 km,0.6,---
2024/01/04,07:12:29.3,石川県能登地方,37°18.2′N,136°51.2′E,9 km,1.5,---
2024/01/04,07:13:46.6,富山県東部,36°26.1′N,137°33.6′E,2 km,0.6,---
2024/01/04,07:13:47.8,石川県能登地方,37°14.3′N,136°46.6′E,8 km,1.3,---
2024/01/04,07:13:59.1,岐阜県美濃中西部,35°37.0′N,136°30.4′E,14 km,0.5,---
2024/01/04,07:14:45.4,福島県沖,37°49.9′N,141°36.0′E,48 km,1.3,---
2024/01/04,07:14:58.5,石川県能登地方,37°24.0′N,137°09.7′E,1 km,1.9,---
2024/01/04,07:15:52.8,八丈島東方沖,33°42.2′N,141°42.7′E,1 km,2.4,---
2024/01/04,07:16:14.1,日向灘,32°05.7′N,131°53.1′E,25 km,0.6,---
2024/01/04,07:16:54.8,石川県能登地方,37°17.8′N,136°50.3′E,11 km,1.4,---
2024/01/04,07:18:18.4,石川県能登地方,37°23.0′N,136°54.1′E,9 km,1.2,---
2024/01/04,07:19:05.2,石川県能登地方,37°20.9′N,136°52.6′E,9 km,1.2,---
2024/01/04,07:19:20.7,石川県能登地方,37°12.1′N,136°51.6′E,8 km,1.7,---
2024/01/04,07:20:10.6,石川県能登地方,37°22.7′N,137°00.2′E,9 km,1.5,---
2024/01/04,07:21:20.0,石川県能登地方,37°12.9′N,136°53.1′E,7 km,0.9,---
2024/01/04,07:21:57.4,石川県能登地方,37°12.3′N,136°46.4′E,6 km,1.3,---
2024/01/04,07:22:57.3,石川県能登地方,37°11.2′N,136°41.7′E,6 km,1.0,---
2024/01/04,07:23:58.4,能登半島沖,37°32.6′N,137°24.6′E,15 km,2.4,---
2024/01/04,07:23:59.8,石川県能登地方,37°10.2′N,136°47.7′E,7 km,1.2,---
2024/01/04,07:24:46.9,長崎県南西部,32°38.4′N,129°50.0′E,11 km,0.0,---
2024/01/04,07:24:52.8,石川県能登地方,37°26.9′N,137°07.8′E,10 km,1.7,---
2024/01/04,07:26:03.3,石川県能登地方,37°27.1′N,137°15.4′E,13 km,1.8,---
2024/01/04,07:27:27.5,新潟県上中越沖,37°37.3′N,137°32.0′E,17 km,不明,---
2024/01/04,07:27:35.2,石川県能登地方,37°27.5′N,137°14.4′E,13 km,1.6,---
2024/01/04,07:28:18.8,石川県能登地方,37°26.2′N,137°08.6′E,11 km,1.7,---
2024/01/04,07:28:24.1,佐渡付近,37°42.4′N,137°31.5′E,20 km,3.0,---
2024/01/04,07:29:25.4,石川県能登地方,37°24.5′N,136°59.9′E,7 km,3.1,---
2024/01/04,07:29:39.2,能登半島沖,37°05.6′N,136°37.4′E,10 km,2.9,---
2024/01/04,07:30:19.6,新潟県上中越沖,37°39.9′N,137°30.0′E,14 km,2.3,---
2024/01/04,07:31:08.1,佐渡付近,37°48.0′N,137°41.0′E,20 km,2.0,---
2024/01/04,07:31:31.2,福島県沖,37°05.3′N,141°14.0′E,21 km,1.2,---
2024/01/04,07:31:58.4,佐渡付近,37°52.0′N,137°44.2′E,18 km,2.0,---
2024/01/04,07:33:47.3,新潟県上中越沖,37°37.4′N,137°33.1′E,18 km,3.0,---
2024/01/04,07:34:20.4,佐渡付近,37°51.4′N,137°44.9′E,19 km,2.6,---
2024/01/04,07:36:23.7,石川県能登地方,37°27.9′N,137°07.3′E,12 km,1.4,---
2024/01/04,07:36:50.5,石川県能登地方,37°14.3′N,136°48.4′E,6 km,2.0,---
2024/01/04,07:37:20.6,佐渡付近,37°51.9′N,137°44.5′E,23 km,1.9,---
2024/01/04,07:37:57.3,有明海,32°51.0′N,130°31.5′E,12 km,0.4,---
2024/01/04,07:38:22.1,石川県能登地方,37°27.9′N,137°07.2′E,12 km,1.3,---
2024/01/04,07:38:25.8,石川県能登地方,37°19.0′N,136°51.0′E,9 km,0.8,---
2024/01/04,07:38:38.0,福島県沖,37°50.5′N,141°37.0′E,48 km,1.1,---
2024/01/04,07:38:49.8,石川県能登地方,37°09.7′N,136°44.1′E,8 km,1.6,---
2024/01/04,07:39:18.6,石川県能登地方,37°20.4′N,136°56.7′E,10 km,2.2,---
2024/01/04,07:39:20.0,石川県能登地方,37°10.0′N,136°43.9′E,9 km,1.6,---
2024/01/04,07:39:27.4,新潟県上中越沖,37°36.2′N,137°35.2′E,12 km,2.1,---
2024/01/04,07:40:44.0,福島県沖,37°51.1′N,141°33.8′E,47 km,1.0,---
2024/01/04,07:41:01.5,石川県能登地方,37°22.6′N,136°55.2′E,8 km,1.5,---
2024/01/04,07:42:04.9,能登半島沖,37°07.6′N,136°37.3′E,5 km,1.8,---
2024/01/04,07:42:42.1,石川県能登地方,37°17.8′N,136°49.5′E,9 km,1.6,---
2024/01/04,07:42:55.4,佐渡付近,37°55.1′N,137°44.8′E,20 km,2.3,---
2024/01/04,07:43:48.3,石川県能登地方,37°23.5′N,136°58.7′E,6 km,2.3,---
2024/01/04,07:43:54.3,福島県沖,37°39.7′N,142°22.9′E,23 km,不明,---
2024/01/04,07:44:45.4,石川県能登地方,37°20.7′N,136°50.3′E,10 km,1.6,---
2024/01/04,07:44:49.0,石川県能登地方,37°20.4′N,136°49.2′E,8 km,2.1,---
2024/01/04,07:44:57.8,石川県能登地方,37°16.4′N,136°45.2′E,9 km,2.5,---
2024/01/04,07:46:05.2,能登半島沖,37°12.4′N,136°40.3′E,10 km,2.5,---
2024/01/04,07:47:02.6,岐阜県飛騨地方,36°07.7′N,137°18.9′E,11 km,1.1,---
2024/01/04,07:47:11.6,能登半島沖,37°12.2′N,136°40.6′E,8 km,3.4,---
2024/01/04,07:48:16.4,石川県能登地方,37°23.8′N,136°59.0′E,7 km,1.3,---
2024/01/04,07:49:27.0,秋田県内陸南部,39°34.8′N,140°37.7′E,4 km,0.0,---
2024/01/04,07:49:46.6,能登半島沖,37°12.1′N,136°36.9′E,4 km,1.7,---
2024/01/04,07:50:01.0,福島県浜通り,37°03.5′N,140°48.8′E,94 km,2.4,---
2024/01/04,07:50:08.8,石川県能登地方,37°25.7′N,137°12.8′E,15 km,1.6,---
2024/01/04,07:50:49.9,佐渡付近,37°43.6′N,137°39.5′E,18 km,1.6,---
2024/01/04,07:51:35.0,能登半島沖,37°27.2′N,137°04.8′E,7 km,1.5,---
2024/01/04,07:52:33.9,長野県中部,36°20.5′N,137°59.0′E,10 km,0.6,---
2024/01/04,07:52:51.7,能登半島沖,37°17.4′N,136°42.2′E,9 km,1.7,---
2024/01/04,07:53:20.4,石川県能登地方,37°22.7′N,136°51.4′E,10 km,2.3,---
2024/01/04,07:53:59.7,石川県能登地方,37°23.1′N,136°52.4′E,9 km,1.2,---
2024/01/04,07:54:44.8,能登半島沖,37°32.2′N,137°17.7′E,10 km,2.2,---
2024/01/04,07:55:36.2,石川県能登地方,37°18.7′N,137°08.1′E,12 km,1.9,---
2024/01/04,07:57:05.6,能登半島沖,37°32.4′N,137°18.6′E,10 km,2.1,---
2024/01/04,07:59:54.9,薩摩半島西方沖,31°05.3′N,130°21.5′E,155 km,3.4,---
2024/01/04,08:00:15.0,石川県能登地方,37°29.6′N,137°17.6′E,13 km,2.6,---
2024/01/04,08:01:01.7,石川県能登地方,37°28.4′N,137°11.4′E,8 km,2.2,---
2024/01/04,08:01:36.5,能登半島沖,37°26.1′N,137°02.8′E,6 km,2.0,---
2024/01/04,08:02:18.0,石川県能登地方,37°11.7′N,136°50.1′E,10 km,1.4,---
2024/01/04,08:03:01.0,石川県能登地方,37°17.3′N,136°45.2′E,9 km,2.2,---
2024/01/04,08:04:28.5,山梨県中・西部,35°26.6′N,138°25.8′E,16 km,1.3,---
2024/01/04,08:05:43.1,和歌山県北部,34°05.0′N,135°19.9′E,5 km,1.1,---
2024/01/04,08:06:02.0,石川県能登地方,37°10.2′N,136°41.6′E,5 km,3.3,---
2024/01/04,08:06:29.4,宮古島近海,24°44.3′N,125°12.4′E,48 km,2.4,---
2024/01/04,08:07:06.8,福島県沖,37°29.3′N,144°00.1′E,24 km,2.5,---
2024/01/04,08:07:38.0,新潟県上中越沖,37°33.4′N,137°42.1′E,26 km,2.4,---
2024/01/04,08:08:54.4,石川県能登地方,37°26.8′N,137°13.7′E,14 km,2.0,---
2024/01/04,08:09:25.2,石川県能登地方,37°13.4′N,136°48.6′E,11 km,3.0,---
2024/01/04,08:10:34.0,石川県能登地方,37°17.4′N,136°50.7′E,10 km,1.5,---
2024/01/04,08:10:57.2,新潟県上中越沖,37°40.4′N,137°38.3′E,17 km,2.1,---
2024/01/04,08:11:34.9,石川県能登地方,37°13.8′N,136°52.5′E,12 km,3.6,---
2024/01/04,08:13:09.8,佐渡付近,37°54.4′N,137°44.0′E,24 km,2.1,---
2024/01/04,08:13:36.9,石川県能登地方,37°14.6′N,136°46.4′E,8 km,2.0,---
2024/01/04,08:13:55.0,石川県能登地方,37°15.5′N,136°46.3′E,9 km,1.6,---
2024/01/04,08:14:24.0,佐渡付近,37°54.1′N,137°43.3′E,21 km,1.9,---
2024/01/04,08:15:53.3,佐渡付近,37°51.8′N,137°50.1′E,16 km,2.1,---
2024/01/04,08:16:54.7,石川県能登地方,37°13.4′N,136°43.3′E,11 km,1.7,---
2024/01/04,08:17:13.5,岐阜県美濃中西部,35°37.7′N,136°28.9′E,13 km,0.6,---
2024/01/04,08:18:02.7,石川県能登地方,37°13.6′N,136°50.4′E,11 km,不明,---
2024/01/04,08:18:03.1,能登半島沖,37°17.1′N,136°44.2′E,6 km,2.0,---
2024/01/04,08:18:12.5,石川県能登地方,37°21.9′N,136°57.4′E,9 km,2.4,---
2024/01/04,08:18:39.7,能登半島沖,37°24.1′N,136°40.3′E,8 km,2.4,---
2024/01/04,08:18:49.6,能登半島沖,37°32.9′N,137°24.7′E,16 km,2.3,---
2024/01/04,08:19:11.0,石川県能登地方,37°11.9′N,136°51.0′E,13 km,1.9,---
2024/01/04,08:21:15.7,岩手県沖,39°25.4′N,142°42.7′E,27 km,1.4,---
2024/01/04,08:22:01.3,石川県能登地方,37°10.0′N,136°44.7′E,6 km,1.7,---
2024/01/04,08:22:06.8,石川県能登地方,37°20.5′N,137°04.5′E,12 km,2.1,---
2024/01/04,08:22:32.1,石川県能登地方,37°10.4′N,136°45.9′E,2 km,1.7,---
2024/01/04,08:22:52.0,能登半島沖,37°33.0′N,137°26.1′E,15 km,2.1,---
2024/01/04,08:23:09.0,能登半島沖,37°26.6′N,136°56.3′E,6 km,2.1,---
2024/01/04,08:25:01.9,石川県能登地方,37°13.4′N,136°46.3′E,6 km,2.0,---
2024/01/04,08:26:17.0,石川県能登地方,37°21.1′N,137°07.3′E,10 km,1.2,---
2024/01/04,08:27:06.7,石川県能登地方,37°25.9′N,137°02.3′E,7 km,2.0,---
2024/01/04,08:28:13.3,山梨県中・西部,35°26.5′N,138°25.4′E,16 km,0.6,---
2024/01/04,08:28:17.2,石川県能登地方,37°13.0′N,136°46.0′E,8 km,1.3,---
2024/01/04,08:28:57.5,石川県能登地方,37°22.5′N,136°55.2′E,7 km,1.0,---
2024/01/04,08:29:13.5,佐渡付近,37°44.2′N,137°43.0′E,24 km,2.3,---
2024/01/04,08:30:35.9,石川県能登地方,37°09.0′N,136°41.6′E,8 km,1.4,---
2024/01/04,08:30:44.5,石川県能登地方,37°20.5′N,137°04.5′E,14 km,2.1,---
2024/01/04,08:31:37.8,三陸沖,39°08.7′N,142°52.2′E,21 km,1.5,---
2024/01/04,08:31:50.1,石川県能登地方,37°09.6′N,136°43.0′E,5 km,1.6,---
2024/01/04,08:32:29.2,石川県能登地方,37°23.4′N,136°57.7′E,11 km,不明,---
2024/01/04,08:32:29.9,日向灘,31°25.7′N,131°55.7′E,37 km,1.9,---
2024/01/04,08:32:29.9,青森県東方沖,41°31.4′N,141°30.8′E,115 km,1.7,---
2024/01/04,08:32:44.9,石川県能登地方,37°28.1′N,137°14.5′E,14 km,1.9,---
2024/01/04,08:33:10.6,八丈島東方沖,32°11.5′N,141°46.4′E,24 km,3.5,---
2024/01/04,08:33:37.8,石川県能登地方,37°19.2′N,136°49.3′E,9 km,1.7,---
2024/01/04,08:34:15.8,石川県能登地方,37°14.8′N,136°45.8′E,3 km,1.4,---
2024/01/04,08:35:18.6,石川県能登地方,37°14.3′N,136°49.0′E,8 km,1.1,---
2024/01/04,08:35:52.1,石川県能登地方,37°12.8′N,136°45.8′E,4 km,0.9,---
2024/01/04,08:36:10.4,石川県能登地方,37°27.4′N,137°10.4′E,11 km,1.9,---
2024/01/04,08:36:42.7,石川県能登地方,37°29.3′N,137°17.7′E,10 km,1.5,---
2024/01/04,08:36:51.3,福島県沖,37°24.7′N,141°44.7′E,40 km,1.5,---
2024/01/04,08:36:59.9,石川県能登地方,37°19.1′N,136°53.4′E,7 km,1.6,---
2024/01/04,08:37:22.6,茨城県南部,36°13.2′N,140°05.0′E,65 km,0.7,---
2024/01/04,08:38:39.8,能登半島沖,37°31.7′N,137°14.7′E,9 km,2.1,---
2024/01/04,08:39:13.5,富山湾,37°14.4′N,137°07.3′E,17 km,1.8,---
2024/01/04,08:39:39.5,瀬戸内海中部,33°58.4′N,133°10.8′E,12 km,0.8,---
2024/01/04,08:39:40.7,能登半島沖,37°33.1′N,137°20.6′E,7 km,1.8,---
2024/01/04,08:39:41.8,能登半島沖,37°14.6′N,136°42.5′E,5 km,1.4,---
2024/01/04,08:39:46.7,橘湾,32°36.1′N,129°53.3′E,13 km,0.5,---
2024/01/04,08:41:21.0,福島県沖,37°41.9′N,142°21.3′E,21 km,1.6,---
2024/01/04,08:41:21.3,能登半島沖,37°08.3′N,136°43.6′E,5 km,1.2,---
2024/01/04,08:43:47.9,能登半島沖,37°14.7′N,136°41.4′E,12 km,1.3,---
2024/01/04,08:44:22.6,石川県能登地方,37°18.5′N,136°48.6′E,10 km,1.9,---
2024/01/04,08:44:27.1,能登半島沖,37°08.2′N,136°42.8′E,0 km,不明,---
2024/01/04,08:44:42.2,福島県沖,37°44.6′N,142°22.7′E,28 km,不明,---
2024/01/04,08:45:10.2,能登半島沖,37°15.2′N,136°40.4′E,5 km,1.8,---
2024/01/04,08:45:18.3,佐渡付近,37°46.7′N,137°43.0′E,20 km,2.9,---
2024/01/04,08:45:55.1,石川県能登地方,37°24.5′N,137°05.8′E,9 km,2.6,---
2024/01/04,08:46:52.8,石川県能登地方,37°27.3′N,137°15.1′E,13 km,2.0,---
2024/01/04,08:47:01.7,佐渡付近,37°53.5′N,137°40.9′E,24 km,2.6,---
2024/01/04,08:49:11.4,石川県能登地方,37°27.0′N,137°10.2′E,14 km,1.9,---
2024/01/04,08:49:31.3,石川県能登地方,37°19.3′N,136°54.7′E,13 km,2.3,---
2024/01/04,08:51:34.0,石川県能登地方,37°17.1′N,136°48.5′E,1 km,1.2,---
2024/01/04,08:51:37.3,石川県能登地方,37°21.5′N,137°04.4′E,8 km,1.6,---
2024/01/04,08:51:46.5,千葉県東方沖,35°51.6′N,140°56.4′E,32 km,1.1,---
2024/01/04,08:53:14.1,石川県能登地方,37°21.8′N,136°52.4′E,9 km,1.9,---
2024/01/04,08:54:25.8,徳島県北部,33°51.8′N,133°48.2′E,5 km,0.4,---
2024/01/04,08:54:55.1,石川県能登地方,37°13.9′N,136°47.8′E,11 km,1.2,---
2024/01/04,08:55:05.4,石川県能登地方,37°10.7′N,136°46.8′E,2 km,0.8,---
2024/01/04,08:55:37.6,能登半島沖,37°26.3′N,137°02.9′E,6 km,2.7,---
2024/01/04,08:56:49.0,佐渡付近,37°49.8′N,137°50.1′E,17 km,2.5,---
2024/01/04,08:57:16.6,橘湾,32°36.3′N,129°53.9′E,13 km,0.1,---
2024/01/04,08:58:19.6,佐渡付近,37°50.7′N,137°42.2′E,18 km,2.0,---
2024/01/04,08:58:59.0,能登半島沖,37°28.1′N,137°01.3′E,4 km,1.8,---
2024/01/04,08:59:28.6,佐渡付近,37°45.2′N,137°39.8′E,21 km,2.6,---
2024/01/04,09:00:17.2,島根県西部,35°06.2′N,132°26.9′E,11 km,0.7,---
2024/01/04,09:01:18.1,石川県能登地方,37°23.2′N,136°52.9′E,7 km,2.0,---
2024/01/04,09:02:16.8,石川県能登地方,37°12.4′N,136°49.7′E,0 km,1.2,---
2024/01/04,09:02:59.8,富山湾,37°25.1′N,137°21.6′E,14 km,2.7,---
2024/01/04,09:03:01.9,静岡県東部,35°24.2′N,138°59.4′E,23 km,0.4,---
2024/01/04,09:03:38.3,関東東方沖,35°41.4′N,144°03.1′E,46 km,2.9,---
2024/01/04,09:04:46.5,石川県能登地方,37°20.8′N,136°57.4′E,11 km,1.9,---
2024/01/04,09:05:10.8,石川県能登地方,37°18.2′N,136°48.6′E,7 km,1.6,---
2024/01/04,09:05:52.1,新潟県上中越沖,37°37.3′N,137°37.7′E,24 km,1.8,---
2024/01/04,09:06:44.1,能登半島沖,37°10.4′N,136°39.2′E,10 km,1.6,---
2024/01/04,09:08:02.4,富山湾,37°25.5′N,137°21.5′E,15 km,2.0,---
2024/01/04,09:08:09.0,長野県南部,35°28.5′N,137°49.3′E,9 km,-0.1,---
2024/01/04,09:08:43.0,石川県能登地方,37°13.8′N,136°42.1′E,5 km,1.6,---
2024/01/04,09:09:18.0,能登半島沖,37°08.0′N,136°37.6′E,11 km,1.1,---
2024/01/04,09:10:36.7,石川県能登地方,37°21.7′N,136°51.6′E,10 km,2.0,---
2024/01/04,09:10:38.7,宮崎県北部平野部,32°30.0′N,131°42.2′E,20 km,0.4,---
2024/01/04,09:11:06.2,能登半島沖,37°14.1′N,136°41.9′E,6 km,不明,---
2024/01/04,09:11:17.2,石川県能登地方,37°18.9′N,136°48.6′E,10 km,1.4,---
2024/01/04,09:11:28.8,能登半島沖,37°14.6′N,136°41.6′E,2 km,1.2,---
2024/01/04,09:13:36.3,沖縄本島近海,25°45.6′N,129°30.7′E,45 km,3.0,---
2024/01/04,09:13:56.2,石川県能登地方,37°13.5′N,136°48.2′E,8 km,1.7,---
2024/01/04,09:15:06.7,石川県能登地方,37°17.0′N,136°50.3′E,9 km,1.4,---
2024/01/04,09:15:09.4,長野県南部,35°28.3′N,137°48.7′E,8 km,0.1,---
2024/01/04,09:16:24.5,石川県西方沖,37°04.3′N,136°31.0′E,10 km,1.2,---
2024/01/04,09:17:31.6,八丈島東方沖,32°23.3′N,141°51.7′E,62 km,4.1,---
2024/01/04,09:17:41.0,日向灘,32°15.4′N,131°36.3′E,20 km,1.3,---
2024/01/04,09:18:01.1,能登半島沖,37°20.6′N,136°41.3′E,10 km,1.3,---
2024/01/04,09:18:45.4,宮古島近海,25°10.1′N,125°38.1′E,28 km,2.4,---
2024/01/04,09:19:14.6,石川県能登地方,37°27.8′N,137°15.3′E,14 km,不明,---
2024/01/04,09:19:55.4,能登半島沖,37°10.6′N,136°40.9′E,3 km,1.7,---
2024/01/04,09:20:23.8,石川県能登地方,37°14.7′N,136°50.1′E,10 km,1.4,---
2024/01/04,09:23:57.4,十勝地方北部,43°35.1′N,143°45.2′E,6 km,1.3,---
2024/01/04,09:24:12.1,富山湾,37°25.1′N,137°21.7′E,15 km,2.5,---
2024/01/04,09:24:25.9,岩手県沖,39°44.9′N,142°18.2′E,14 km,不明,---
2024/01/04,09:24:30.3,岩手県沿岸北部,39°55.5′N,141°47.9′E,53 km,0.6,---
2024/01/04,09:24:57.9,三陸沖,40°07.7′N,143°13.0′E,5 km,2.2,---
2024/01/04,09:25:15.3,和歌山県南部,33°39.6′N,135°36.0′E,23 km,0.4,---
2024/01/04,09:25:53.8,石川県能登地方,37°09.7′N,136°43.6′E,5 km,1.2,---
2024/01/04,09:26:24.3,愛知県西部,34°55.7′N,137°20.5′E,36 km,0.5,---
2024/01/04,09:26:38.0,能登半島沖,37°12.4′N,136°38.5′E,4 km,2.4,---
2024/01/04,09:26:53.7,沖縄本島近海,26°39.6′N,127°45.2′E,53 km,2.4,---
2024/01/04,09:27:18.6,石川県能登地方,37°20.9′N,136°56.5′E,5 km,1.5,---
2024/01/04,09:27:19.5,佐渡付近,37°44.1′N,137°38.6′E,17 km,2.5,---
2024/01/04,09:28:38.5,石川県能登地方,37°28.3′N,137°11.6′E,13 km,1.8,---
2024/01/04,09:29:06.2,能登半島沖,37°23.0′N,136°48.8′E,10 km,1.4,---
2024/01/04,09:30:06.6,石川県能登地方,37°09.7′N,136°41.8′E,6 km,1.3,---
2024/01/04,09:30:24.6,栃木県北部,36°37.5′N,139°29.4′E,10 km,0.3,---
2024/01/04,09:32:24.5,佐渡付近,37°45.7′N,137°36.5′E,21 km,2.1,---
2024/01/04,09:33:17.7,石川県能登地方,37°17.9′N,136°45.2′E,9 km,2.2,---
2024/01/04,09:33:28.6,石川県能登地方,37°16.7′N,136°47.1′E,8 km,1.8,---
2024/01/04,09:34:25.3,新潟県上中越沖,37°37.2′N,137°34.1′E,15 km,3.6,---
2024/01/04,09:34:55.3,新潟県上中越沖,37°41.0′N,137°31.3′E,11 km,3.2,---
2024/01/04,09:35:36.2,伊豆大島近海,34°39.0′N,139°02.9′E,11 km,0.8,---
2024/01/04,09:36:15.2,能登半島沖,37°35.0′N,137°23.7′E,14 km,1.6,---
2024/01/04,09:36:23.5,能登半島沖,37°40.4′N,137°23.8′E,15 km,2.8,---
2024/01/04,09:38:02.4,能登半島沖,37°15.3′N,136°42.4′E,8 km,1.5,---
2024/01/04,09:40:00.3,石川県能登地方,37°09.9′N,136°48.9′E,10 km,0.8,---
2024/01/04,09:40:22.6,石川県能登地方,37°17.8′N,136°49.4′E,12 km,1.4,---
2024/01/04,09:41:44.5,石川県能登地方,37°16.6′N,136°45.4′E,6 km,1.8,---
2024/01/04,09:42:03.3,石川県能登地方,37°20.0′N,136°49.7′E,6 km,2.7,---
2024/01/04,09:42:45.2,能登半島沖,37°12.9′N,136°41.4′E,4 km,2.6,---
2024/01/04,09:43:06.1,石垣島近海,24°51.0′N,123°52.1′E,81 km,1.6,---
2024/01/04,09:43:47.4,石川県能登地方,37°28.7′N,137°16.3′E,11 km,2.7,---
2024/01/04,09:44:02.2,群馬県南部,36°16.0′N,139°11.4′E,16 km,1.1,---
2024/01/04,09:44:46.8,千葉県南東沖,34°34.8′N,141°04.2′E,38 km,1.4,---
2024/01/04,09:45:50.0,佐渡付近,37°51.2′N,137°40.6′E,22 km,1.6,---
2024/01/04,09:46:45.9,石川県能登地方,37°20.1′N,136°49.0′E,9 km,1.6,---
2024/01/04,09:46:54.0,石川県能登地方,37°19.2′N,137°00.3′E,11 km,1.8,---
2024/01/04,09:48:43.7,石川県能登地方,37°19.3′N,136°57.2′E,12 km,2.6,---
2024/01/04,09:51:21.2,能登半島沖,37°07.4′N,136°39.8′E,9 km,1.0,---
2024/01/04,09:52:08.7,石川県能登地方,37°13.1′N,136°47.6′E,9 km,1.2,---
2024/01/04,09:53:04.3,福島県沖,37°40.2′N,141°34.5′E,51 km,1.5,---
2024/01/04,09:53:52.5,佐渡付近,37°44.9′N,137°34.4′E,12 km,2.3,---
2024/01/04,09:53:54.1,石川県能登地方,37°17.8′N,136°53.1′E,2 km,1.2,---
2024/01/04,09:54:27.4,新潟県上中越沖,37°41.8′N,137°34.6′E,19 km,1.9,---
2024/01/04,09:54:56.5,青森県東方沖,40°31.4′N,142°19.3′E,44 km,1.0,---
2024/01/04,09:55:17.8,富山湾,37°13.9′N,137°27.3′E,20 km,1.6,---
2024/01/04,09:55:35.3,宮崎県北部山沿い,32°28.0′N,131°28.7′E,14 km,0.3,---
2024/01/04,09:56:17.3,新潟県上中越沖,37°39.2′N,137°33.3′E,18 km,2.1,---
2024/01/04,09:57:07.6,福井県嶺北,36°04.2′N,136°11.5′E,10 km,1.1,---
2024/01/04,09:57:10.5,石川県能登地方,37°19.1′N,136°47.5′E,8 km,2.1,---
2024/01/04,09:57:56.5,山梨県中・西部,35°26.5′N,138°26.8′E,16 km,0.1,---
2024/01/04,09:57:58.4,石川県能登地方,37°19.4′N,136°50.9′E,7 km,1.3,---
2024/01/04,09:58:27.7,能登半島沖,37°30.8′N,137°09.0′E,9 km,2.3,---
2024/01/04,10:00:51.2,大分県南部,32°55.2′N,131°40.0′E,14 km,不明,---
2024/01/04,10:01:59.8,石川県能登地方,37°24.5′N,137°12.6′E,14 km,2.7,---
2024/01/04,10:03:27.7,石川県能登地方,37°18.0′N,136°47.7′E,10 km,1.3,---
2024/01/04,10:03:44.5,福島県沖,37°09.9′N,142°09.2′E,22 km,不明,---
2024/01/04,10:03:57.7,鹿児島湾,31°23.8′N,130°37.6′E,10 km,0.5,---
2024/01/04,10:04:15.4,石川県能登地方,37°21.7′N,136°49.6′E,9 km,1.3,---
2024/01/04,10:04:41.7,石川県能登地方,37°14.0′N,136°54.6′E,7 km,1.2,---
2024/01/04,10:04:58.1,沖縄本島近海,26°40.5′N,127°45.3′E,43 km,1.7,---
2024/01/04,10:05:51.9,石川県能登地方,37°20.9′N,137°01.5′E,11 km,2.0,---
2024/01/04,10:06:07.8,福島県沖,37°15.2′N,142°10.0′E,21 km,2.0,---
2024/01/04,10:06:47.2,能登半島沖,37°10.2′N,136°38.5′E,10 km,1.7,---
2024/01/04,10:06:58.7,石川県能登地方,37°24.1′N,137°08.4′E,12 km,2.2,---
2024/01/04,10:07:19.7,サハリン西方沖,46°04.0′N,141°04.9′E,0 km,1.9,---
2024/01/04,10:08:43.9,浦河沖,41°55.7′N,142°26.2′E,57 km,1.0,---
2024/01/04,10:10:00.0,石川県能登地方,37°24.2′N,137°12.4′E,13 km,4.1,---
2024/01/04,10:12:03.7,石川県能登地方,37°22.2′N,136°54.3′E,11 km,1.5,---
2024/01/04,10:13:08.6,石川県能登地方,37°23.5′N,137°00.8′E,5 km,2.2,---
2024/01/04,10:13:58.1,石川県能登地方,37°10.8′N,136°47.6′E,4 km,1.0,---
2024/01/04,10:15:31.2,栃木県北部,36°45.6′N,139°58.2′E,107 km,1.3,---
2024/01/04,10:16:50.3,能登半島沖,37°14.0′N,136°42.6′E,5 km,2.4,---
2024/01/04,10:17:23.6,石川県能登地方,37°28.3′N,137°08.8′E,10 km,2.2,---
2024/01/04,10:17:48.6,石川県能登地方,37°19.3′N,136°54.7′E,11 km,1.8,---
2024/01/04,10:18:37.3,石川県能登地方,37°17.4′N,136°50.0′E,6 km,1.2,---
2024/01/04,10:19:41.6,石川県能登地方,37°10.9′N,136°45.5′E,1 km,0.6,---
2024/01/04,10:19:56.4,佐渡付近,37°48.8′N,137°51.5′E,18 km,2.4,---
2024/01/04,10:20:52.0,石川県能登地方,37°20.4′N,136°52.7′E,12 km,1.7,---
2024/01/04,10:21:41.5,鳥取県西部,35°14.2′N,133°23.4′E,9 km,0.4,---
2024/01/04,10:21:56.6,石川県能登地方,37°15.3′N,136°46.4′E,7 km,2.4,---
2024/01/04,10:22:02.9,石川県能登地方,37°24.2′N,137°06.7′E,10 km,2.6,---
2024/01/04,10:22:35.5,佐渡付近,37°44.4′N,137°42.9′E,13 km,2.2,---
2024/01/04,10:23:20.9,能登半島沖,37°33.6′N,137°25.5′E,15 km,1.8,---
2024/01/04,10:23:26.7,石川県能登地方,37°19.8′N,136°51.9′E,4 km,1.2,---
2024/01/04,10:23:33.5,福島県沖,37°10.3′N,142°08.0′E,20 km,不明,---
2024/01/04,10:24:04.6,石川県能登地方,37°20.4′N,136°47.9′E,12 km,1.2,---
2024/01/04,10:24:24.5,石川県能登地方,37°23.9′N,137°03.6′E,11 km,3.5,---
2024/01/04,10:25:54.4,石川県能登地方,37°24.0′N,137°08.3′E,12 km,2.1,---
2024/01/04,10:26:39.2,茨城県北部,36°34.6′N,140°28.5′E,95 km,1.0,---
2024/01/04,10:26:42.1,新潟県上中越沖,37°36.9′N,137°31.3′E,13 km,2.1,---
2024/01/04,10:28:20.5,石川県能登地方,37°11.9′N,136°41.8′E,3 km,1.9,---
2024/01/04,10:28:52.2,石川県能登地方,37°27.4′N,137°14.7′E,13 km,2.1,---
2024/01/04,10:29:50.7,日向灘,32°08.1′N,131°44.7′E,35 km,2.8,---
2024/01/04,10:29:53.4,石川県能登地方,37°21.6′N,137°00.0′E,10 km,1.6,---
2024/01/04,10:30:11.6,石川県能登地方,37°25.7′N,137°07.3′E,11 km,1.5,---
2024/01/04,10:30:40.3,石川県能登地方,37°28.0′N,137°14.5′E,13 km,2.1,---
2024/01/04,10:31:13.4,石川県能登地方,37°28.0′N,137°08.6′E,9 km,2.1,---
2024/01/04,10:31:37.6,石川県能登地方,37°09.6′N,136°42.3′E,8 km,2.0,---
2024/01/04,10:32:04.2,石川県能登地方,37°20.0′N,137°02.1′E,12 km,2.1,---
2024/01/04,10:32:24.8,新潟県上中越沖,37°31.1′N,138°23.0′E,32 km,0.9,---
2024/01/04,10:32:27.2,渡島地方西部,41°29.6′N,140°06.8′E,12 km,1.2,---
2024/01/04,10:32:49.1,佐渡付近,37°53.6′N,137°43.8′E,24 km,2.2,---
2024/01/04,10:33:49.6,能登半島沖,37°12.7′N,136°39.5′E,2 km,2.1,---
2024/01/04,10:34:28.2,能登半島沖,37°31.2′N,137°23.8′E,14 km,2.0,---
2024/01/04,10:34:46.6,能登半島沖,37°14.9′N,136°38.5′E,2 km,2.3,---
2024/01/04,10:35:35.6,石川県能登地方,37°10.5′N,136°43.9′E,2 km,1.5,---
2024/01/04,10:36:26.0,能登半島沖,37°08.4′N,136°36.2′E,6 km,1.8,---
2024/01/04,10:36:29.9,石川県能登地方,37°28.1′N,137°13.8′E,15 km,1.4,---
2024/01/04,10:36:48.4,石川県能登地方,37°14.3′N,136°47.8′E,9 km,2.3,---
2024/01/04,10:37:14.0,石川県能登地方,37°18.9′N,136°48.9′E,9 km,2.1,---
2024/01/04,10:38:56.5,石川県能登地方,37°15.8′N,136°51.1′E,11 km,1.6,---
2024/01/04,10:39:30.9,石川県能登地方,37°15.1′N,136°51.9′E,0 km,1.0,---
2024/01/04,10:39:32.2,福島県沖,37°10.4′N,142°07.9′E,21 km,1.6,---
2024/01/04,10:39:43.5,石川県能登地方,37°20.2′N,136°57.9′E,5 km,1.6,---
2024/01/04,10:40:14.8,長野県中部,36°11.1′N,137°58.4′E,9 km,0.2,---
2024/01/04,10:40:30.2,浦河沖,41°36.1′N,143°14.7′E,26 km,1.4,---
2024/01/04,10:40:53.0,北海道南西沖,41°57.5′N,139°53.4′E,15 km,1.2,---
2024/01/04,10:41:59.5,能登半島沖,37°07.9′N,136°39.3′E,11 km,1.1,---
2024/01/04,10:42:05.6,八丈島東方沖,32°31.1′N,141°49.8′E,39 km,不明,---
2024/01/04,10:42:54.8,栃木県北部,36°42.4′N,139°29.6′E,4 km,0.2,---
2024/01/04,10:43:04.3,能登半島沖,37°16.6′N,136°42.0′E,8 km,1.4,---
2024/01/04,10:43:09.2,富山湾,36°58.5′N,137°32.6′E,14 km,1.2,---
2024/01/04,10:43:43.4,新潟県上中越沖,37°13.5′N,137°46.4′E,20 km,1.5,---
2024/01/04,10:45:06.2,石川県能登地方,37°12.9′N,136°44.7′E,10 km,0.9,---
2024/01/04,10:45:55.2,能登半島沖,37°31.3′N,137°03.7′E,13 km,1.5,---
2024/01/04,10:46:55.9,石川県能登地方,37°22.6′N,136°53.0′E,11 km,1.2,---
2024/01/04,10:47:46.4,静岡県東部,35°18.9′N,138°42.6′E,12 km,0.7,---
2024/01/04,10:47:48.6,富山湾,37°00.3′N,137°30.6′E,13 km,3.4,---
2024/01/04,10:48:35.8,和歌山県北部,34°05.1′N,135°31.0′E,57 km,0.6,---
2024/01/04,10:49:11.3,石川県能登地方,37°11.9′N,136°45.2′E,6 km,1.6,---
2024/01/04,10:49:28.7,青森県東方沖,41°32.9′N,142°40.6′E,22 km,1.0,---
2024/01/04,10:49:38.2,石川県能登地方,37°16.0′N,136°49.2′E,9 km,1.2,---
2024/01/04,10:49:45.8,佐渡付近,37°54.7′N,137°44.7′E,24 km,2.6,---
2024/01/04,10:51:11.3,日向灘,32°05.4′N,131°45.3′E,35 km,1.1,---
2024/01/04,10:51:22.7,石川県能登地方,37°21.9′N,136°57.1′E,12 km,2.1,---
2024/01/04,10:51:26.9,岐阜県飛騨地方,35°59.8′N,137°31.6′E,9 km,1.3,---
2024/01/04,10:51:44.8,能登半島沖,37°13.5′N,136°37.5′E,4 km,4.1,---
2024/01/04,10:53:35.7,能登半島沖,37°13.0′N,136°38.0′E,4 km,2.8,---
2024/01/04,10:54:10.6,福島県沖,37°31.3′N,142°05.5′E,8 km,不明,---
2024/01/04,10:55:17.0,福島県沖,37°12.3′N,142°10.4′E,7 km,1.8,---
2024/01/04,10:56:20.1,佐渡付近,37°46.9′N,137°39.2′E,18 km,2.1,---
2024/01/04,10:57:09.2,能登半島沖,37°35.3′N,137°20.9′E,9 km,1.6,---
2024/01/04,10:58:38.2,能登半島沖,37°19.9′N,136°42.7′E,9 km,0.8,---
2024/01/04,10:59:15.7,能登半島沖,37°23.2′N,136°46.3′E,3 km,1.2,---
2024/01/04,10:59:38.7,富山湾,37°01.3′N,137°30.8′E,12 km,1.7,---
2024/01/04,11:00:18.9,石川県能登地方,37°26.5′N,137°06.7′E,9 km,1.9,---
2024/01/04,11:00:24.8,佐渡付近,37°44.7′N,137°37.1′E,17 km,2.2,---
2024/01/04,11:01:11.6,石川県能登地方,37°11.0′N,136°42.9′E,11 km,1.1,---
2024/01/04,11:01:26.4,日向灘,32°08.3′N,131°45.1′E,33 km,1.3,---
2024/01/04,11:02:26.5,石川県能登地方,37°15.1′N,136°49.8′E,8 km,1.6,---
2024/01/04,11:03:28.3,能登半島沖,37°04.5′N,136°40.9′E,8 km,0.6,---
2024/01/04,11:04:13.8,新潟県上中越沖,37°41.0′N,137°32.2′E,22 km,3.2,---
2024/01/04,11:05:38.7,能登半島沖,37°06.7′N,136°38.3′E,9 km,2.2,---
2024/01/04,11:05:44.1,宮城県沖,38°40.6′N,141°54.0′E,50 km,2.0,---
2024/01/04,11:06:50.9,佐渡付近,37°44.1′N,137°32.9′E,27 km,2.3,---
2024/01/04,11:07:37.1,石川県能登地方,37°23.9′N,137°08.0′E,12 km,1.8,---
2024/01/04,11:08:47.1,石川県能登地方,37°31.4′N,137°17.2′E,10 km,1.6,---
2024/01/04,11:09:23.4,石川県能登地方,37°23.2′N,137°10.0′E,13 km,1.5,---
2024/01/04,11:10:34.4,能登半島沖,37°21.7′N,136°42.9′E,9 km,1.4,---
2024/01/04,11:10:48.7,石川県能登地方,37°11.1′N,136°49.8′E,12 km,1.7,---
2024/01/04,11:10:57.3,能登半島沖,37°08.4′N,136°41.2′E,12 km,1.5,---
2024/01/04,11:11:19.2,能登半島沖,37°14.0′N,136°38.5′E,4 km,1.3,---
2024/01/04,11:11:41.6,能登半島沖,37°38.4′N,137°28.4′E,18 km,1.9,---
2024/01/04,11:11:50.4,能登半島沖,37°11.4′N,136°39.8′E,8 km,1.0,---
2024/01/04,11:12:53.3,能登半島沖,37°06.9′N,136°37.9′E,3 km,1.1,---
2024/01/04,11:13:21.4,安芸灘,33°51.1′N,132°24.1′E,49 km,1.4,---
2024/01/04,11:13:35.3,石川県能登地方,37°15.1′N,136°49.0′E,4 km,1.1,---
2024/01/04,11:14:21.7,能登半島沖,37°12.0′N,136°37.7′E,1 km,0.9,---
2024/01/04,11:16:42.4,石川県能登地方,37°24.2′N,136°52.4′E,5 km,1.6,---
2024/01/04,11:17:11.1,石川県能登地方,37°14.9′N,136°46.2′E,9 km,1.6,---
2024/01/04,11:17:48.0,福島県中通り,37°16.6′N,139°59.4′E,9 km,0.8,---
2024/01/04,11:18:41.5,富山県東部,36°37.1′N,137°14.7′E,14 km,0.7,---
2024/01/04,11:19:06.4,石川県能登地方,37°12.3′N,136°45.1′E,10 km,1.1,---
2024/01/04,11:20:03.9,能登半島沖,37°13.0′N,136°37.3′E,4 km,2.0,---
2024/01/04,11:20:15.6,石川県能登地方,37°10.9′N,136°45.9′E,0 km,2.3,---
2024/01/04,11:20:18.2,八丈島東方沖,33°26.9′N,140°42.8′E,38 km,2.6,---
2024/01/04,11:20:43.5,茨城県沖,35°46.1′N,141°31.1′E,24 km,1.1,---
2024/01/04,11:21:18.5,能登半島沖,37°31.7′N,137°11.4′E,9 km,2.0,---
2024/01/04,11:21:23.1,岐阜県美濃中西部,35°38.6′N,136°39.5′E,11 km,0.0,---
2024/01/04,11:21:55.0,能登半島沖,37°15.3′N,136°43.2′E,0 km,1.5,---
2024/01/04,11:22:07.0,新潟県上中越沖,37°38.0′N,137°31.6′E,19 km,2.3,---
2024/01/04,11:23:07.7,能登半島沖,37°25.6′N,136°59.4′E,0 km,1.5,---
2024/01/04,11:23:43.4,石川県能登地方,37°21.7′N,136°56.8′E,10 km,1.6,---
2024/01/04,11:23:47.0,石川県能登地方,37°20.5′N,136°53.0′E,8 km,1.7,---
2024/01/04,11:26:36.7,石川県能登地方,37°09.3′N,136°45.0′E,3 km,1.5,---
2024/01/04,11:26:52.9,大阪府北部,34°53.3′N,135°39.4′E,8 km,0.4,---
2024/01/04,11:27:14.7,石川県能登地方,37°16.8′N,136°45.0′E,7 km,1.7,---
2024/01/04,11:28:30.5,石川県加賀地方,36°18.7′N,136°43.1′E,6 km,0.3,---
2024/01/04,11:28:57.5,石川県能登地方,37°10.8′N,136°53.5′E,11 km,1.7,---
2024/01/04,11:29:01.0,佐渡付近,37°53.3′N,137°49.0′E,11 km,0.9,---
2024/01/04,11:29:59.7,石川県能登地方,37°10.6′N,136°42.1′E,4 km,1.3,---
2024/01/04,11:31:13.6,能登半島沖,37°03.4′N,136°42.4′E,0 km,0.9,---
2024/01/04,11:32:02.9,石川県能登地方,37°17.2′N,136°56.2′E,0 km,1.4,---
2024/01/04,11:33:41.9,石川県能登地方,37°20.2′N,136°59.2′E,10 km,1.6,---
2024/01/04,11:34:08.4,広島県北部,34°38.5′N,132°16.1′E,16 km,1.2,---
2024/01/04,11:34:27.5,佐渡付近,37°55.8′N,137°44.0′E,24 km,2.4,---
2024/01/04,11:34:32.8,石川県能登地方,37°11.3′N,136°47.5′E,7 km,1.5,---
2024/01/04,11:35:21.6,石川県能登地方,37°13.5′N,136°47.5′E,8 km,1.0,---
2024/01/04,11:36:43.8,佐渡付近,37°49.3′N,137°38.0′E,19 km,2.6,---
2024/01/04,11:37:45.6,石川県能登地方,37°15.9′N,136°48.2′E,9 km,2.3,---
2024/01/04,11:38:30.6,福島県沖,37°51.3′N,141°35.3′E,46 km,1.1,---
2024/01/04,11:38:41.2,石川県能登地方,37°21.2′N,136°58.2′E,5 km,1.5,---
2024/01/04,11:39:41.1,石川県能登地方,37°21.3′N,136°53.3′E,0 km,1.4,---
2024/01/04,11:39:57.1,能登半島沖,37°31.9′N,137°13.9′E,9 km,2.1,---
2024/01/04,11:40:16.8,能登半島沖,37°31.9′N,137°13.8′E,9 km,2.3,---
2024/01/04,11:41:49.7,房総半島南方沖,34°19.9′N,140°16.2′E,65 km,1.2,---
2024/01/04,11:41:52.5,佐渡付近,37°44.4′N,137°42.7′E,21 km,1.8,---
2024/01/04,11:43:41.9,石川県能登地方,37°14.0′N,136°44.5′E,0 km,0.8,---
2024/01/04,11:44:19.6,石川県西方沖,37°06.1′N,136°32.4′E,8 km,1.0,---
2024/01/04,11:44:40.8,石川県能登地方,37°14.2′N,136°44.4′E,1 km,0.8,---
2024/01/04,11:44:55.9,新潟県上中越沖,37°40.2′N,137°34.9′E,17 km,2.7,---
2024/01/04,11:45:45.9,石川県能登地方,37°24.2′N,137°05.9′E,5 km,1.2,---
2024/01/04,11:45:53.9,石川県能登地方,37°08.9′N,136°44.1′E,8 km,1.1,---
2024/01/04,11:46:14.1,豊後水道,32°47.1′N,132°25.0′E,35 km,0.5,---
2024/01/04,11:46:33.1,石川県能登地方,37°10.3′N,136°42.2′E,3 km,1.1,---
2024/01/04,11:46:33.6,福島県沖,36°56.6′N,141°33.5′E,14 km,1.6,---
2024/01/04,11:46:48.7,石川県能登地方,37°11.6′N,136°45.5′E,5 km,1.2,---
2024/01/04,11:46:57.3,石川県能登地方,37°26.9′N,137°07.5′E,8 km,1.9,---
2024/01/04,11:47:32.8,能登半島沖,37°35.3′N,137°24.4′E,14 km,3.0,---
2024/01/04,11:48:13.0,石川県能登地方,37°23.2′N,136°58.0′E,1 km,2.3,---
2024/01/04,11:48:44.5,石川県能登地方,37°10.8′N,136°52.5′E,11 km,1.7,---
2024/01/04,11:49:48.6,石川県能登地方,37°09.9′N,136°42.1′E,10 km,1.8,---
2024/01/04,11:50:05.2,能登半島沖,37°12.4′N,136°37.7′E,3 km,2.2,---
2024/01/04,11:50:36.4,石川県能登地方,37°11.4′N,136°45.6′E,1 km,1.0,---
2024/01/04,11:51:03.3,富山湾,36°58.0′N,137°33.8′E,0 km,0.8,---
2024/01/04,11:51:20.8,能登半島沖,37°37.1′N,137°23.1′E,15 km,2.3,---
2024/01/04,11:52:24.0,石川県能登地方,37°11.8′N,136°50.0′E,11 km,不明,---
2024/01/04,11:52:51.4,和歌山県南部,33°38.6′N,135°24.3′E,16 km,0.6,---
2024/01/04,11:53:19.2,能登半島沖,37°20.9′N,136°42.2′E,9 km,1.3,---
2024/01/04,11:53:51.7,石川県能登地方,37°18.3′N,136°57.3′E,13 km,1.4,---
2024/01/04,11:53:57.2,能登半島沖,37°08.1′N,136°43.5′E,11 km,1.2,---
2024/01/04,11:54:25.9,有明海,32°42.2′N,130°34.2′E,10 km,0.8,---
2024/01/04,11:56:10.8,石川県能登地方,37°23.3′N,136°55.5′E,9 km,1.1,---
2024/01/04,11:57:28.8,能登半島沖,37°13.6′N,136°38.2′E,5 km,1.8,---
2024/01/04,11:57:32.6,佐渡付近,37°48.6′N,137°45.1′E,17 km,1.5,---
2024/01/04,11:57:50.3,能登半島沖,37°20.4′N,136°43.6′E,10 km,1.7,---
2024/01/04,11:59:12.0,能登半島沖,37°07.4′N,136°40.0′E,8 km,1.5,---
2024/01/04,12:01:11.7,石川県能登地方,37°28.0′N,137°06.2′E,10 km,2.5,---
2024/01/04,12:02:18.3,福島県沖,37°43.9′N,142°05.3′E,38 km,1.5,---
2024/01/04,12:03:15.0,石川県能登地方,37°14.6′N,136°45.1′E,8 km,1.6,---
2024/01/04,12:03:46.3,石川県能登地方,37°15.3′N,136°45.4′E,0 km,1.0,---
2024/01/04,12:04:05.9,石川県能登地方,37°14.4′N,136°47.6′E,8 km,1.7,---
2024/01/04,12:04:17.6,熊本県阿蘇地方,33°01.4′N,131°11.4′E,9 km,0.1,---
2024/01/04,12:05:49.9,能登半島沖,37°29.1′N,137°06.0′E,11 km,1.1,---
2024/01/04,12:06:17.3,石川県能登地方,37°15.8′N,136°44.9′E,8 km,1.5,---
2024/01/04,12:06:59.2,能登半島沖,37°36.1′N,137°26.8′E,15 km,1.7,---
2024/01/04,12:07:33.3,静岡県中部,35°00.7′N,138°18.0′E,16 km,0.7,---
2024/01/04,12:07:50.0,石川県能登地方,37°14.0′N,136°53.3′E,14 km,1.6,---
2024/01/04,12:08:25.8,石川県能登地方,37°12.9′N,136°47.0′E,0 km,0.5,---
2024/01/04,12:09:11.0,石川県能登地方,37°18.3′N,136°46.2′E,14 km,1.3,---
2024/01/04,12:09:11.1,徳島県南部,33°48.3′N,134°08.1′E,23 km,0.6,---
2024/01/04,12:09:15.6,佐渡付近,37°44.8′N,137°33.3′E,15 km,2.5,---
2024/01/04,12:10:19.4,石川県能登地方,37°18.1′N,136°45.4′E,0 km,1.1,---
2024/01/04,12:10:43.5,石川県能登地方,37°04.2′N,136°44.5′E,5 km,1.0,---
2024/01/04,12:11:16.1,石川県能登地方,37°06.5′N,136°44.2′E,10 km,0.7,---
2024/01/04,12:11:26.2,能登半島沖,37°38.6′N,137°27.4′E,16 km,2.6,---
2024/01/04,12:11:26.9,岩手県沖,39°08.1′N,142°18.2′E,34 km,1.0,---
2024/01/04,12:12:41.7,石川県能登地方,37°21.7′N,136°59.0′E,8 km,1.9,---
2024/01/04,12:13:39.0,石川県能登地方,37°14.1′N,137°02.6′E,0 km,1.3,---
2024/01/04,12:14:04.8,能登半島沖,37°14.5′N,136°40.4′E,8 km,1.5,---
2024/01/04,12:14:23.1,石川県西方沖,37°05.1′N,136°35.6′E,7 km,2.0,---
2024/01/04,12:15:05.9,石川県能登地方,37°26.7′N,137°11.6′E,8 km,1.7,---
2024/01/04,12:15:20.3,石川県能登地方,37°23.3′N,136°49.5′E,9 km,1.8,---
2024/01/04,12:16:17.0,石川県能登地方,37°23.4′N,137°08.3′E,12 km,1.6,---
2024/01/04,12:16:37.0,石川県能登地方,37°16.6′N,136°46.4′E,6 km,1.6,---
2024/01/04,12:16:48.9,宮崎県北部平野部,32°23.7′N,131°31.4′E,19 km,0.2,---
2024/01/04,12:17:00.3,能登半島沖,37°14.0′N,136°38.7′E,2 km,2.0,---
2024/01/04,12:17:54.2,石川県能登地方,37°12.4′N,136°47.9′E,7 km,1.2,---
2024/01/04,12:18:53.2,熊本県天草・芦北地方,32°15.8′N,130°31.5′E,6 km,0.3,---
2024/01/04,12:18:58.3,石川県能登地方,37°16.8′N,136°48.2′E,0 km,1.1,---
2024/01/04,12:20:11.1,能登半島沖,37°29.9′N,137°02.9′E,7 km,1.5,---
2024/01/04,12:20:58.6,石川県能登地方,37°13.0′N,136°45.9′E,7 km,0.9,---
2024/01/04,12:21:26.3,石川県能登地方,37°21.1′N,136°49.6′E,8 km,1.7,---
2024/01/04,12:22:40.9,富山湾,37°25.8′N,137°17.1′E,11 km,1.4,---
2024/01/04,12:23:07.6,石川県能登地方,37°14.2′N,136°50.5′E,11 km,1.8,---
2024/01/04,12:23:16.5,石川県能登地方,37°26.1′N,137°05.2′E,10 km,2.2,---
2024/01/04,12:25:14.2,能登半島沖,37°04.1′N,136°43.9′E,2 km,1.0,---
2024/01/04,12:25:41.4,石川県能登地方,37°02.9′N,136°45.7′E,0 km,0.3,---
2024/01/04,12:25:47.4,佐渡付近,37°50.3′N,137°39.5′E,9 km,1.6,---
2024/01/04,12:26:18.3,石川県能登地方,37°14.8′N,136°45.9′E,9 km,0.9,---
2024/01/04,12:26:31.0,福島県沖,37°07.8′N,142°13.2′E,18 km,1.6,---
2024/01/04,12:26:43.0,石川県能登地方,37°28.5′N,137°15.3′E,11 km,3.4,---
2024/01/04,12:27:09.4,三陸沖,39°34.9′N,143°37.7′E,9 km,1.7,---
2024/01/04,12:27:42.8,佐渡付近,37°53.0′N,137°44.7′E,24 km,3.6,---
2024/01/04,12:29:00.2,佐渡付近,37°51.8′N,137°42.9′E,22 km,2.8,---
2024/01/04,12:29:02.8,石川県能登地方,37°08.9′N,136°47.4′E,15 km,1.0,---
2024/01/04,12:29:16.4,能登半島沖,37°15.5′N,136°42.5′E,3 km,1.5,---
2024/01/04,12:29:19.7,日向灘,32°08.7′N,131°43.4′E,34 km,1.9,---
2024/01/04,12:30:30.2,佐渡付近,38°03.2′N,137°46.7′E,6 km,2.1,---
2024/01/04,12:31:51.9,石川県能登地方,37°19.7′N,136°51.2′E,7 km,2.1,---
2024/01/04,12:32:59.0,石川県能登地方,37°23.2′N,136°56.8′E,9 km,1.4,---
2024/01/04,12:33:19.0,石川県能登地方,37°12.4′N,136°56.2′E,8 km,1.4,---
2024/01/04,12:33:39.0,石川県能登地方,37°13.4′N,136°52.2′E,9 km,1.0,---
2024/01/04,12:34:26.9,能登半島沖,37°16.3′N,136°43.7′E,11 km,1.5,---
2024/01/04,12:34:55.2,東京都多摩東部,35°38.9′N,139°31.5′E,29 km,0.0,---
2024/01/04,12:35:00.1,石川県能登地方,37°23.6′N,136°58.0′E,6 km,1.5,---
2024/01/04,12:35:12.9,石川県能登地方,37°29.3′N,137°20.5′E,12 km,2.1,---
2024/01/04,12:35:18.1,沖縄本島近海,27°26.8′N,128°50.1′E,36 km,1.2,---
2024/01/04,12:35:46.0,能登半島沖,37°07.1′N,136°37.3′E,0 km,1.3,---
2024/01/04,12:36:50.6,石川県能登地方,37°12.6′N,136°44.5′E,0 km,0.4,---
2024/01/04,12:37:00.7,埼玉県北部,36°03.3′N,139°41.2′E,84 km,0.9,---
2024/01/04,12:38:19.8,茨城県沖,36°24.8′N,140°39.7′E,48 km,0.9,---
2024/01/04,12:38:27.9,能登半島沖,37°20.3′N,136°42.4′E,8 km,2.2,---
2024/01/04,12:39:19.1,石川県能登地方,37°23.0′N,136°56.2′E,8 km,1.4,---
2024/01/04,12:39:49.8,能登半島沖,37°11.5′N,136°40.9′E,6 km,1.4,---
2024/01/04,12:39:54.4,石川県能登地方,37°19.7′N,136°45.2′E,9 km,1.9,---
2024/01/04,12:39:57.4,日向灘,32°05.5′N,131°45.8′E,31 km,0.6,---
2024/01/04,12:40:23.9,岩手県内陸南部,39°11.5′N,140°51.5′E,103 km,1.5,---
2024/01/04,12:40:34.2,石川県能登地方,37°10.6′N,136°45.8′E,4 km,0.8,---
2024/01/04,12:41:03.7,石川県能登地方,37°15.9′N,136°50.6′E,8 km,1.1,---
2024/01/04,12:41:14.4,石川県能登地方,37°28.0′N,137°14.7′E,13 km,1.6,---
2024/01/04,12:41:38.8,石川県能登地方,37°17.4′N,137°01.5′E,0 km,1.5,---
2024/01/04,12:42:01.2,佐渡付近,37°43.5′N,137°42.0′E,20 km,1.4,---
2024/01/04,12:42:52.0,能登半島沖,37°12.3′N,136°38.6′E,7 km,不明,---
2024/01/04,12:43:24.0,佐渡付近,37°50.2′N,137°47.8′E,13 km,1.6,---
2024/01/04,12:43:39.2,能登半島沖,37°08.3′N,136°40.7′E,5 km,1.5,---
2024/01/04,12:44:11.5,石川県能登地方,37°09.0′N,136°42.4′E,7 km,1.2,---
2024/01/04,12:44:11.6,佐渡付近,37°50.9′N,137°40.9′E,13 km,2.1,---
2024/01/04,12:44:51.4,石川県能登地方,37°24.6′N,137°07.4′E,10 km,2.2,---
2024/01/04,12:45:28.8,新潟県上中越沖,37°30.0′N,137°39.4′E,19 km,2.4,---
2024/01/04,12:45:41.8,北海道東方沖,43°37.5′N,147°15.9′E,56 km,2.3,---
2024/01/04,12:46:06.1,石川県能登地方,37°13.8′N,136°43.5′E,0 km,1.3,---
2024/01/04,12:47:11.3,石川県能登地方,37°17.7′N,136°46.7′E,0 km,不明,---
2024/01/04,12:47:53.7,新潟県上中越沖,37°40.5′N,137°33.2′E,21 km,2.1,---
2024/01/04,12:48:25.7,石川県能登地方,37°27.2′N,137°15.1′E,13 km,1.4,---
2024/01/04,12:49:52.7,石川県能登地方,37°28.0′N,137°07.9′E,7 km,1.5,---
2024/01/04,12:50:02.0,静岡県西部,34°39.6′N,138°06.1′E,33 km,1.6,---
2024/01/04,12:50:32.1,能登半島沖,37°10.1′N,136°35.7′E,7 km,1.0,---
2024/01/04,12:50:45.5,石川県能登地方,37°13.0′N,136°50.6′E,11 km,2.8,---
2024/01/04,12:51:14.9,西表島付近,24°17.2′N,123°51.1′E,18 km,1.5,---
2024/01/04,12:51:28.7,石川県能登地方,37°29.6′N,137°20.0′E,12 km,2.4,---
2024/01/04,12:52:16.5,能登半島沖,37°10.0′N,136°37.0′E,2 km,1.9,---
2024/01/04,12:53:11.6,能登半島沖,37°09.4′N,136°36.7′E,14 km,1.0,---
2024/01/04,12:53:45.8,石川県能登地方,37°24.9′N,137°08.9′E,10 km,1.6,---
2024/01/04,12:55:33.4,石川県能登地方,37°11.7′N,136°48.4′E,14 km,1.2,---
2024/01/04,12:56:11.0,石川県能登地方,37°22.2′N,136°51.1′E,3 km,1.5,---
2024/01/04,12:56:22.9,能登半島沖,37°12.0′N,136°38.2′E,3 km,2.0,---
2024/01/04,12:57:03.8,石川県能登地方,37°15.1′N,136°48.9′E,14 km,0.9,---
2024/01/04,12:57:32.0,佐渡付近,37°55.2′N,137°48.4′E,18 km,2.2,---
2024/01/04,12:58:01.3,熊本県熊本地方,32°22.9′N,130°40.9′E,10 km,0.2,---
2024/01/04,12:58:13.5,石川県能登地方,37°20.7′N,136°51.4′E,0 km,1.6,---
2024/01/04,12:58:54.7,石川県能登地方,37°24.4′N,137°07.0′E,10 km,1.6,---
2024/01/04,12:59:20.7,石川県能登地方,37°23.2′N,136°52.0′E,11 km,1.7,---
2024/01/04,13:00:04.5,石川県能登地方,37°15.6′N,136°45.3′E,9 km,1.0,---
2024/01/04,13:00:29.9,石川県西方沖,37°07.6′N,136°27.9′E,11 km,2.0,---
2024/01/04,13:01:10.6,長野県南部,35°50.2′N,137°45.1′E,8 km,0.6,---
2024/01/04,13:01:13.8,石川県能登地方,37°27.7′N,137°12.5′E,12 km,1.5,---
2024/01/04,13:01:44.4,石川県能登地方,37°20.1′N,136°57.3′E,11 km,2.2,---
2024/01/04,13:02:23.5,能登半島沖,37°10.3′N,136°40.8′E,3 km,2.6,---
2024/01/04,13:04:13.0,佐渡付近,37°45.3′N,137°34.9′E,4 km,2.1,---
2024/01/04,13:05:01.4,石川県能登地方,37°09.8′N,136°47.0′E,4 km,0.4,---
2024/01/04,13:05:04.0,佐渡付近,37°56.0′N,137°42.7′E,21 km,2.0,---
2024/01/04,13:05:45.3,石川県能登地方,37°10.6′N,136°43.8′E,3 km,0.7,---
2024/01/04,13:06:13.4,石川県能登地方,37°16.5′N,136°44.6′E,0 km,1.1,---
2024/01/04,13:06:26.6,能登半島沖,37°37.5′N,137°27.7′E,12 km,2.3,---
2024/01/04,13:06:43.2,福島県沖,37°43.0′N,141°41.5′E,54 km,1.6,---
2024/01/04,13:07:43.7,能登半島沖,37°34.1′N,137°27.8′E,15 km,2.2,---
2024/01/04,13:09:35.1,福岡県筑後地方,33°05.3′N,130°32.7′E,12 km,0.1,---
2024/01/04,13:09:49.3,石川県能登地方,37°13.8′N,136°48.6′E,14 km,1.2,---
2024/01/04,13:10:21.3,宮城県沖,38°58.3′N,142°29.2′E,27 km,2.4,---
2024/01/04,13:10:50.0,大阪府北部,34°57.9′N,135°27.8′E,8 km,0.4,---
2024/01/04,13:11:12.1,能登半島沖,37°07.5′N,136°37.5′E,7 km,0.7,---
2024/01/04,13:11:35.6,能登半島沖,37°07.9′N,136°40.3′E,8 km,1.8,---
2024/01/04,13:13:01.3,福島県沖,37°43.2′N,141°41.1′E,55 km,1.3,---
2024/01/04,13:14:20.7,石川県能登地方,37°14.3′N,136°44.8′E,2 km,1.4,---
2024/01/04,13:14:38.7,石川県能登地方,37°10.8′N,136°48.7′E,10 km,2.4,---
2024/01/04,13:15:37.0,石川県能登地方,37°27.5′N,137°14.6′E,13 km,1.7,---
2024/01/04,13:16:24.3,石川県能登地方,37°15.1′N,136°46.1′E,10 km,1.5,---
2024/01/04,13:16:48.7,石川県能登地方,37°12.4′N,136°43.6′E,5 km,1.6,---
2024/01/04,13:17:02.1,日向灘,32°33.1′N,131°59.7′E,37 km,0.8,---
2024/01/04,13:17:16.3,石川県西方沖,37°04.4′N,136°34.8′E,9 km,2.6,---
2024/01/04,13:18:03.5,能登半島沖,37°08.1′N,136°41.4′E,7 km,1.4,---
2024/01/04,13:18:15.5,石川県能登地方,37°09.5′N,136°42.4′E,7 km,1.7,---
2024/01/04,13:18:34.9,栃木県北部,36°55.4′N,139°36.2′E,6 km,0.2,---
2024/01/04,13:19:47.2,能登半島沖,37°20.4′N,136°43.4′E,4 km,1.0,---
2024/01/04,13:20:20.1,神奈川県西部,35°17.8′N,139°03.7′E,15 km,1.0,---
2024/01/04,13:20:21.2,石川県能登地方,37°27.6′N,137°14.6′E,14 km,1.6,---
2024/01/04,13:21:22.3,石川県能登地方,37°17.8′N,136°45.0′E,10 km,1.8,---
2024/01/04,13:21:55.3,台湾付近,24°11.6′N,122°01.0′E,64 km,2.1,---
2024/01/04,13:22:27.5,石川県能登地方,37°16.7′N,136°48.4′E,9 km,2.1,---
2024/01/04,13:23:41.9,石川県能登地方,37°24.3′N,137°05.7′E,10 km,2.1,---
2024/01/04,13:23:58.0,沖縄本島近海,25°42.2′N,129°29.3′E,45 km,2.9,---
2024/01/04,13:24:29.9,富山湾,37°18.3′N,137°16.9′E,13 km,1.5,---
2024/01/04,13:25:02.4,能登半島沖,37°05.0′N,136°36.3′E,9 km,1.8,---
2024/01/04,13:25:55.4,千葉県南東沖,34°52.0′N,140°00.5′E,54 km,0.7,---
2024/01/04,13:26:23.1,能登半島沖,37°16.0′N,136°43.8′E,10 km,2.3,---
2024/01/04,13:26:50.4,石川県能登地方,37°27.3′N,137°16.4′E,14 km,1.8,---
2024/01/04,13:28:11.3,石川県能登地方,37°12.1′N,136°46.9′E,8 km,1.1,---
2024/01/04,13:28:26.9,能登半島沖,37°12.8′N,136°39.5′E,2 km,1.1,---
2024/01/04,13:28:56.7,上川地方中部,44°00.6′N,142°35.5′E,206 km,2.4,---
2024/01/04,13:28:57.6,石川県能登地方,37°18.8′N,136°47.7′E,11 km,2.2,---
2024/01/04,13:29:20.0,石川県能登地方,37°22.4′N,136°58.4′E,8 km,1.7,---
2024/01/04,13:30:49.7,石川県能登地方,37°19.7′N,136°50.3′E,12 km,1.6,---
2024/01/04,13:30:58.5,佐渡付近,37°52.8′N,137°45.0′E,21 km,2.0,---
2024/01/04,13:31:43.3,富山湾,37°11.1′N,137°04.1′E,12 km,1.3,---
2024/01/04,13:32:25.6,石川県能登地方,37°28.4′N,137°11.3′E,12 km,2.0,---
2024/01/04,13:33:38.7,石川県能登地方,37°14.4′N,136°44.1′E,5 km,1.9,---
2024/01/04,13:34:13.4,佐渡付近,37°52.1′N,137°43.7′E,22 km,1.5,---
2024/01/04,13:34:46.7,石川県能登地方,37°10.2′N,136°43.9′E,7 km,1.7,---
2024/01/04,13:35:24.4,石川県能登地方,37°17.1′N,136°51.0′E,19 km,1.6,---
2024/01/04,13:36:03.5,能登半島沖,37°29.8′N,137°23.8′E,14 km,1.4,---
2024/01/04,13:36:30.5,日向灘,32°04.3′N,131°47.2′E,31 km,0.6,---
2024/01/04,13:36:37.1,石川県能登地方,37°22.8′N,137°03.5′E,14 km,2.3,---
2024/01/04,13:37:07.3,三陸沖,37°50.5′N,144°29.8′E,18 km,2.2,---
2024/01/04,13:37:11.8,宮城県沖,38°17.3′N,142°11.3′E,36 km,1.8,---
2024/01/04,13:37:41.5,石川県能登地方,37°23.3′N,136°59.1′E,4 km,2.4,---
2024/01/04,13:37:56.2,新潟県上中越沖,37°37.7′N,137°34.2′E,18 km,2.4,---
2024/01/04,13:38:55.2,石川県能登地方,37°10.2′N,136°44.5′E,3 km,1.3,---
2024/01/04,13:39:22.9,石川県能登地方,37°18.9′N,136°52.4′E,10 km,1.9,---
2024/01/04,13:40:52.8,石川県能登地方,37°14.5′N,136°49.3′E,0 km,1.1,---
2024/01/04,13:42:05.4,三陸沖,40°15.6′N,143°07.0′E,3 km,1.9,---
2024/01/04,13:42:28.0,新潟県上中越沖,37°37.5′N,137°33.5′E,16 km,2.5,---
2024/01/04,13:43:28.6,福島県沖,37°22.3′N,141°35.7′E,39 km,1.6,---
2024/01/04,13:46:48.7,佐渡付近,37°52.6′N,137°47.5′E,24 km,2.4,---
2024/01/04,13:47:22.2,石川県能登地方,37°18.5′N,136°46.1′E,9 km,2.1,---
2024/01/04,13:47:49.4,石川県能登地方,37°28.3′N,137°12.8′E,13 km,1.5,---
2024/01/04,13:48:34.7,石川県西方沖,37°01.3′N,136°26.8′E,9 km,1.7,---
2024/01/04,13:48:50.0,佐渡付近,37°52.2′N,137°39.9′E,20 km,1.9,---
2024/01/04,13:50:22.3,佐渡付近,37°46.6′N,138°03.9′E,19 km,1.4,---
2024/01/04,13:50:26.2,富山県西部,36°21.8′N,136°49.8′E,7 km,1.5,---
2024/01/04,13:50:26.3,長野県中部,36°11.9′N,138°01.8′E,10 km,-0.3,---
2024/01/04,13:51:16.1,能登半島沖,37°07.1′N,136°39.8′E,2 km,0.7,---
2024/01/04,13:52:42.2,石川県能登地方,37°24.3′N,137°12.4′E,13 km,1.5,---
2024/01/04,13:53:25.7,石川県能登地方,37°21.6′N,137°00.7′E,11 km,1.4,---
2024/01/04,13:54:02.9,石川県能登地方,37°10.8′N,136°45.0′E,8 km,0.4,---
2024/01/04,13:54:29.5,能登半島沖,37°25.2′N,136°49.1′E,15 km,1.2,---
2024/01/04,13:55:23.5,石川県能登地方,37°10.5′N,136°44.6′E,2 km,0.7,---
2024/01/04,13:55:38.6,能登半島沖,37°11.7′N,136°39.6′E,7 km,1.0,---
2024/01/04,13:56:16.0,福島県沖,37°51.9′N,141°41.5′E,56 km,1.3,---
2024/01/04,13:56:26.4,能登半島沖,37°13.1′N,136°41.6′E,7 km,1.4,---
2024/01/04,13:56:38.6,石川県能登地方,37°17.5′N,136°46.1′E,9 km,1.5,---
2024/01/04,13:57:11.5,佐渡付近,37°52.0′N,137°45.1′E,21 km,2.1,---
2024/01/04,13:57:48.9,新潟県上中越沖,37°36.0′N,137°31.8′E,13 km,2.3,---
2024/01/04,13:58:17.8,能登半島沖,37°07.1′N,136°41.9′E,5 km,3.0,---
2024/01/04,13:59:50.3,能登半島沖,37°33.8′N,137°25.9′E,18 km,1.7,---
2024/01/04,14:00:52.5,石川県能登地方,37°12.0′N,136°46.6′E,11 km,1.3,---
2024/01/04,14:02:16.7,石川県能登地方,37°19.4′N,136°56.3′E,6 km,1.5,---
2024/01/04,14:03:01.5,石川県能登地方,37°12.5′N,136°47.3′E,7 km,0.7,---
2024/01/04,14:03:27.0,石川県能登地方,37°11.8′N,136°42.2′E,4 km,1.2,---
2024/01/04,14:04:53.5,紀伊水道,33°50.7′N,134°58.4′E,13 km,0.6,---
2024/01/04,14:04:54.9,石川県能登地方,37°11.2′N,136°46.6′E,5 km,1.2,---
2024/01/04,14:05:15.8,石川県能登地方,37°11.4′N,136°53.7′E,11 km,1.6,---
2024/01/04,14:05:48.5,石川県能登地方,37°27.0′N,137°15.5′E,16 km,1.4,---
2024/01/04,14:07:12.7,能登半島沖,37°34.4′N,137°26.3′E,15 km,1.6,---
2024/01/04,14:07:39.3,能登半島沖,37°14.9′N,136°40.7′E,5 km,1.7,---
2024/01/04,14:08:16.8,富山県東部,36°32.7′N,137°34.7′E,2 km,1.2,---
2024/01/04,14:08:24.6,石川県能登地方,37°15.4′N,136°50.3′E,11 km,2.4,---
2024/01/04,14:09:01.8,石川県能登地方,37°12.3′N,136°52.5′E,11 km,1.5,---
2024/01/04,14:09:17.8,石川県能登地方,37°21.0′N,136°52.8′E,9 km,1.4,---
2024/01/04,14:10:00.1,佐渡付近,37°53.8′N,137°43.4′E,21 km,1.8,---
2024/01/04,14:11:07.6,能登半島沖,37°30.7′N,137°09.3′E,13 km,1.5,---
2024/01/04,14:11:21.6,石川県能登地方,37°24.5′N,137°06.8′E,11 km,1.9,---
2024/01/04,14:12:09.9,石川県能登地方,37°13.8′N,136°44.6′E,8 km,0.7,---
2024/01/04,14:12:57.9,福島県会津,37°04.6′N,139°21.5′E,7 km,1.4,---
2024/01/04,14:13:16.1,能登半島沖,37°12.0′N,136°41.6′E,6 km,2.4,---
2024/01/04,14:13:46.4,石川県能登地方,37°23.8′N,137°03.5′E,10 km,1.5,---
2024/01/04,14:14:04.2,石川県能登地方,37°14.5′N,136°50.0′E,12 km,1.0,---
2024/01/04,14:14:25.2,佐賀県北部,33°16.5′N,129°56.4′E,9 km,0.1,---
2024/01/04,14:14:53.5,石川県能登地方,37°10.0′N,136°42.1′E,9 km,1.1,---
2024/01/04,14:15:39.2,長野県中部,36°11.7′N,137°58.5′E,9 km,0.0,---
2024/01/04,14:15:48.6,栃木県南部,36°35.4′N,139°37.2′E,139 km,1.2,---
2024/01/04,14:15:53.3,能登半島沖,37°31.2′N,137°14.9′E,12 km,2.2,---
2024/01/04,14:16:55.3,能登半島沖,37°11.2′N,136°38.2′E,6 km,0.9,---
2024/01/04,14:17:24.1,長野県中部,36°10.6′N,137°59.4′E,4 km,0.1,---
2024/01/04,14:17:41.0,石川県能登地方,37°25.1′N,137°14.7′E,5 km,不明,---
2024/01/04,14:18:31.1,石川県能登地方,37°27.3′N,137°15.0′E,13 km,1.5,---
2024/01/04,14:20:19.9,石川県能登地方,37°14.3′N,136°46.7′E,9 km,1.5,---
2024/01/04,14:20:47.0,石川県能登地方,37°12.0′N,136°47.5′E,10 km,1.3,---
2024/01/04,14:21:04.8,石川県西方沖,37°05.7′N,136°29.3′E,14 km,1.1,---
2024/01/04,14:21:44.4,能登半島沖,37°26.1′N,137°01.5′E,5 km,1.1,---
2024/01/04,14:22:11.8,石川県能登地方,37°20.0′N,136°49.2′E,11 km,1.6,---
2024/01/04,14:22:37.8,佐渡付近,37°51.5′N,137°47.6′E,14 km,1.6,---
2024/01/04,14:23:34.7,石川県能登地方,37°22.4′N,136°57.5′E,8 km,1.4,---
2024/01/04,14:23:47.3,石川県能登地方,37°23.9′N,136°58.1′E,6 km,1.8,---
2024/01/04,14:25:01.8,石川県能登地方,37°12.9′N,136°47.0′E,9 km,1.5,---
2024/01/04,14:25:32.1,石川県能登地方,37°11.7′N,136°42.0′E,5 km,1.5,---
2024/01/04,14:26:11.4,石川県能登地方,37°20.9′N,137°03.8′E,5 km,1.4,---
2024/01/04,14:26:42.8,能登半島沖,37°11.3′N,136°36.4′E,5 km,1.4,---
2024/01/04,14:28:25.3,沖縄本島近海,26°14.3′N,129°41.8′E,43 km,2.3,---
2024/01/04,14:29:06.9,石川県能登地方,37°18.9′N,136°47.4′E,3 km,1.0,---
2024/01/04,14:29:25.4,石川県能登地方,37°21.9′N,136°59.4′E,7 km,1.4,---
2024/01/04,14:29:29.0,種子島近海,30°27.5′N,130°28.3′E,66 km,1.6,---
2024/01/04,14:29:33.0,静岡県中部,35°00.5′N,138°18.7′E,17 km,0.2,---
2024/01/04,14:30:00.8,石川県能登地方,37°22.2′N,136°51.9′E,7 km,2.3,---
2024/01/04,14:31:10.5,石川県能登地方,37°15.4′N,136°48.6′E,13 km,1.0,---
2024/01/04,14:31:22.8,佐渡付近,37°42.1′N,137°33.1′E,21 km,2.6,---
2024/01/04,14:32:53.7,佐渡付近,37°52.9′N,137°43.7′E,22 km,1.8,---
2024/01/04,14:33:42.3,佐渡付近,37°52.5′N,137°43.0′E,17 km,1.2,---
2024/01/04,14:34:02.6,石川県能登地方,37°24.8′N,136°54.9′E,6 km,2.5,---
2024/01/04,14:36:08.1,茨城県北部,36°49.5′N,140°36.0′E,9 km,0.8,---
2024/01/04,14:37:20.7,石川県能登地方,37°16.7′N,136°47.4′E,9 km,2.2,---
2024/01/04,14:37:32.7,石川県能登地方,37°20.6′N,136°46.1′E,8 km,2.1,---
2024/01/04,14:38:30.7,能登半島沖,37°30.0′N,137°22.0′E,11 km,1.6,---
2024/01/04,14:39:18.2,石川県能登地方,37°11.3′N,136°43.3′E,4 km,1.6,---
2024/01/04,14:41:17.3,能登半島沖,37°20.1′N,136°43.6′E,7 km,1.6,---
2024/01/04,14:42:28.4,能登半島沖,37°21.8′N,136°43.5′E,8 km,1.8,---
2024/01/04,14:42:57.5,石川県能登地方,37°11.8′N,136°50.6′E,11 km,1.5,---
2024/01/04,14:43:12.3,能登半島沖,37°19.6′N,136°42.8′E,12 km,1.6,---
2024/01/04,14:43:45.1,新潟県上中越沖,37°38.5′N,137°33.3′E,14 km,1.9,---
2024/01/04,14:43:56.7,茨城県北部,36°49.3′N,140°35.2′E,8 km,3.2,---
2024/01/04,14:43:59.5,秋田県内陸北部,40°11.9′N,140°34.7′E,11 km,1.0,---
2024/01/04,14:44:44.6,岐阜県飛騨地方,36°00.7′N,137°30.9′E,6 km,0.3,---
2024/01/04,14:45:21.3,石川県能登地方,37°09.5′N,136°43.2′E,13 km,1.5,---
2024/01/04,14:45:38.7,佐渡付近,37°43.3′N,137°34.1′E,26 km,3.0,---
2024/01/04,14:45:54.8,茨城県北部,36°49.2′N,140°35.6′E,6 km,0.1,---
2024/01/04,14:46:31.2,石川県能登地方,37°20.0′N,136°57.4′E,12 km,2.1,---
2024/01/04,14:46:35.2,島根県西部,34°53.4′N,132°20.5′E,12 km,0.2,---
2024/01/04,14:47:08.8,能登半島沖,37°08.3′N,136°42.5′E,8 km,1.4,---
2024/01/04,14:48:26.3,石川県能登地方,37°20.2′N,136°46.9′E,8 km,1.0,---
2024/01/04,14:48:59.7,佐渡付近,37°47.4′N,137°41.1′E,19 km,1.7,---
2024/01/04,14:49:22.5,房総半島南方沖,34°02.8′N,140°48.8′E,52 km,1.3,---
2024/01/04,14:49:42.7,佐渡付近,37°43.7′N,137°34.8′E,21 km,2.2,---
2024/01/04,14:50:14.6,茨城県北部,36°48.4′N,140°34.5′E,5 km,0.5,---
2024/01/04,14:50:52.5,茨城県沖,36°34.4′N,141°05.5′E,5 km,1.3,---
2024/01/04,14:51:32.8,石川県能登地方,37°10.6′N,136°53.1′E,7 km,1.4,---
2024/01/04,14:52:32.9,伊豆大島近海,34°34.9′N,139°41.1′E,97 km,2.0,---
2024/01/04,14:53:56.5,石川県能登地方,37°27.0′N,137°18.1′E,16 km,2.0,---
2024/01/04,14:55:33.9,石川県能登地方,37°22.3′N,137°01.0′E,8 km,1.5,---
2024/01/04,14:55:40.2,三宅島近海,33°36.7′N,139°21.1′E,19 km,2.7,---
2024/01/04,14:55:40.5,福島県浜通り,37°01.6′N,140°39.2′E,10 km,0.6,---
2024/01/04,14:56:06.2,石川県能登地方,37°22.6′N,137°07.4′E,12 km,1.8,---
2024/01/04,14:56:51.1,石川県能登地方,37°27.7′N,137°15.2′E,14 km,1.6,---
2024/01/04,14:57:33.7,石川県能登地方,37°27.9′N,137°16.0′E,12 km,2.7,---
2024/01/04,14:59:42.7,石川県能登地方,37°14.8′N,136°48.5′E,11 km,2.4,---
2024/01/04,15:00:07.3,能登半島沖,37°08.7′N,136°43.6′E,4 km,2.4,---
2024/01/04,15:00:24.1,石川県能登地方,37°16.6′N,136°48.1′E,9 km,2.2,---
2024/01/04,15:01:28.7,鹿児島県薩摩地方,31°16.0′N,130°26.2′E,152 km,1.9,---
2024/01/04,15:01:33.6,石川県能登地方,37°16.6′N,136°45.1′E,10 km,不明,---
2024/01/04,15:01:42.7,石川県能登地方,37°26.0′N,137°10.6′E,9 km,1.9,---
2024/01/04,15:01:49.4,奄美大島近海,28°25.5′N,130°06.8′E,43 km,2.0,---
2024/01/04,15:01:54.9,石川県能登地方,37°27.8′N,137°08.2′E,10 km,1.8,---
2024/01/04,15:02:15.5,福島県沖,37°40.6′N,141°32.2′E,56 km,1.8,---
2024/01/04,15:02:30.3,能登半島沖,37°12.4′N,136°36.5′E,1 km,1.3,---
2024/01/04,15:06:08.0,石川県能登地方,37°27.1′N,137°16.2′E,14 km,3.4,---
2024/01/04,15:07:53.7,石川県能登地方,37°21.9′N,136°58.1′E,7 km,1.5,---
2024/01/04,15:08:36.8,能登半島沖,37°28.2′N,137°24.0′E,14 km,1.4,---
2024/01/04,15:08:59.1,能登半島沖,37°07.7′N,136°37.6′E,8 km,1.6,---
2024/01/04,15:09:19.5,佐渡付近,37°53.0′N,137°45.8′E,13 km,2.0,---
2024/01/04,15:10:26.9,能登半島沖,37°18.8′N,136°41.0′E,9 km,2.2,---
2024/01/04,15:11:01.8,石川県能登地方,37°13.9′N,136°50.0′E,8 km,1.5,---
2024/01/04,15:12:02.8,能登半島沖,37°08.8′N,136°41.4′E,9 km,2.6,---
2024/01/04,15:12:39.3,石川県能登地方,37°12.9′N,136°44.8′E,11 km,1.7,---
2024/01/04,15:12:58.7,石川県能登地方,37°11.1′N,136°43.0′E,5 km,2.8,---
2024/01/04,15:14:19.8,石川県能登地方,37°11.2′N,136°49.4′E,4 km,0.8,---
2024/01/04,15:14:31.7,能登半島沖,37°18.4′N,136°42.6′E,7 km,1.7,---
2024/01/04,15:14:53.9,石川県能登地方,37°20.5′N,136°57.7′E,0 km,1.4,---
2024/01/04,15:15:22.9,青森県東方沖,41°35.9′N,142°59.4′E,16 km,1.4,---
2024/01/04,15:16:04.4,能登半島沖,37°15.3′N,136°43.7′E,6 km,1.9,---
2024/01/04,15:17:35.1,石川県能登地方,37°14.3′N,136°47.9′E,9 km,2.3,---
2024/01/04,15:19:00.2,岩手県沖,40°25.9′N,142°59.4′E,24 km,0.9,---
2024/01/04,15:19:13.4,愛媛県東予,33°58.1′N,132°58.6′E,42 km,0.8,---
2024/01/04,15:19:55.7,石川県能登地方,37°18.4′N,137°01.6′E,0 km,1.1,---
2024/01/04,15:21:09.6,石川県能登地方,37°12.1′N,136°43.5′E,16 km,0.9,---
2024/01/04,15:21:25.4,茨城県北部,36°49.2′N,140°35.5′E,7 km,1.8,---
2024/01/04,15:22:03.2,石川県能登地方,37°21.5′N,136°53.5′E,3 km,1.5,---
2024/01/04,15:22:27.6,石川県能登地方,37°12.2′N,136°48.5′E,0 km,1.0,---
2024/01/04,15:23:32.6,兵庫県南西部,35°05.4′N,134°50.8′E,5 km,0.5,---
2024/01/04,15:24:38.9,石川県能登地方,37°12.3′N,136°50.9′E,11 km,2.3,---
2024/01/04,15:25:58.7,石川県能登地方,37°17.2′N,136°51.7′E,0 km,0.9,---
2024/01/04,15:26:10.4,千島列島,47°09.8′N,153°12.0′E,226 km,4.4,---
2024/01/04,15:26:46.1,石川県能登地方,37°14.5′N,136°49.8′E,14 km,2.4,---
2024/01/04,15:27:33.4,石川県能登地方,37°09.8′N,136°46.1′E,8 km,2.6,---
2024/01/04,15:30:03.2,福島県沖,37°51.0′N,141°35.2′E,49 km,1.1,---
2024/01/04,15:30:50.6,石川県能登地方,37°23.8′N,137°02.3′E,7 km,1.5,---
2024/01/04,15:31:31.0,石川県能登地方,37°22.9′N,136°58.5′E,9 km,2.7,---
2024/01/04,15:32:08.4,愛知県西部,35°22.6′N,136°53.1′E,8 km,0.6,---
2024/01/04,15:32:45.2,石川県能登地方,37°08.9′N,136°50.5′E,11 km,1.1,---
2024/01/04,15:33:08.7,石川県能登地方,37°17.2′N,136°47.7′E,4 km,0.9,---
2024/01/04,15:33:40.0,能登半島沖,37°32.9′N,137°18.5′E,11 km,2.2,---
2024/01/04,15:34:20.6,石川県能登地方,37°13.0′N,136°48.2′E,10 km,2.3,---
2024/01/04,15:34:52.7,石川県能登地方,37°14.7′N,136°45.7′E,7 km,1.6,---
2024/01/04,15:35:31.4,福島県沖,37°51.6′N,141°37.7′E,49 km,1.2,---
2024/01/04,15:36:34.2,石川県能登地方,37°30.0′N,137°17.7′E,11 km,2.3,---
2024/01/04,15:36:55.2,三陸沖,39°34.8′N,143°37.7′E,9 km,2.0,---
2024/01/04,15:37:14.4,石川県能登地方,37°15.8′N,136°49.0′E,8 km,1.5,---
2024/01/04,15:37:43.5,能登半島沖,37°10.7′N,136°36.6′E,1 km,1.1,---
2024/01/04,15:38:13.3,石川県能登地方,37°14.9′N,136°47.3′E,8 km,1.5,---
2024/01/04,15:38:34.6,石川県能登地方,37°10.1′N,136°44.2′E,5 km,2.4,---
2024/01/04,15:40:01.3,石川県能登地方,37°10.9′N,136°51.1′E,12 km,2.5,---
2024/01/04,15:40:34.3,富山湾,37°14.6′N,137°05.3′E,16 km,1.7,---
2024/01/04,15:41:19.2,石川県能登地方,37°10.7′N,136°44.1′E,7 km,1.3,---
2024/01/04,15:42:12.0,島根県西部,34°54.5′N,132°38.1′E,13 km,2.2,---
2024/01/04,15:42:29.1,石川県能登地方,37°26.5′N,137°08.0′E,9 km,1.6,---
2024/01/04,15:42:57.2,能登半島沖,37°18.9′N,136°43.7′E,7 km,1.0,---
2024/01/04,15:43:05.0,石川県能登地方,37°21.6′N,137°07.5′E,7 km,1.6,---
2024/01/04,15:43:46.9,石川県能登地方,37°16.5′N,136°48.8′E,7 km,1.6,---
2024/01/04,15:44:01.2,石川県能登地方,37°26.6′N,137°16.5′E,13 km,1.5,---
2024/01/04,15:44:08.0,石川県能登地方,37°12.5′N,136°45.4′E,9 km,0.7,---
2024/01/04,15:44:29.7,石川県能登地方,37°18.0′N,136°47.2′E,9 km,1.2,---
2024/01/04,15:45:30.2,佐渡付近,37°47.9′N,137°43.7′E,18 km,2.4,---
2024/01/04,15:46:47.1,石川県能登地方,37°30.1′N,137°17.2′E,12 km,4.4,---
2024/01/04,15:47:45.8,石川県能登地方,37°21.4′N,136°59.6′E,4 km,3.0,---
2024/01/04,15:49:29.5,石川県能登地方,37°27.0′N,137°16.1′E,15 km,1.7,---
2024/01/04,15:50:41.8,石川県能登地方,37°30.6′N,137°18.5′E,11 km,1.8,---
2024/01/04,15:50:41.8,佐渡付近,37°45.6′N,137°31.3′E,15 km,2.1,---
2024/01/04,15:51:20.2,能登半島沖,37°37.7′N,137°23.5′E,13 km,2.6,---
2024/01/04,15:53:15.3,長野県南部,35°54.8′N,137°39.8′E,7 km,0.4,---
2024/01/04,15:55:29.6,石川県能登地方,37°22.5′N,136°56.3′E,14 km,1.0,---
2024/01/04,15:55:53.6,石川県能登地方,37°12.3′N,136°45.7′E,8 km,1.6,---
2024/01/04,15:56:29.0,能登半島沖,37°08.8′N,136°41.6′E,7 km,2.2,---
2024/01/04,15:56:39.0,能登半島沖,37°08.9′N,136°41.8′E,7 km,3.7,---
2024/01/04,15:57:12.9,福島県沖,37°14.2′N,142°16.1′E,24 km,3.8,---
2024/01/04,15:58:25.8,福島県沖,37°14.5′N,142°16.1′E,19 km,2.4,---
2024/01/04,15:58:55.1,石川県能登地方,37°21.6′N,136°53.8′E,6 km,1.9,---
2024/01/04,15:58:57.7,福島県沖,37°14.4′N,142°15.8′E,19 km,不明,---
2024/01/04,15:59:30.3,和歌山県北部,34°05.7′N,135°20.7′E,6 km,0.1,---
2024/01/04,15:59:55.4,福島県沖,37°14.5′N,142°15.8′E,21 km,1.6,---
2024/01/04,16:00:04.8,石川県能登地方,37°27.3′N,137°15.1′E,13 km,1.9,---
2024/01/04,16:00:25.2,能登半島沖,37°33.8′N,137°21.3′E,12 km,1.9,---
2024/01/04,16:00:44.8,福島県沖,37°49.7′N,141°38.2′E,54 km,2.0,---
2024/01/04,16:01:20.6,福島県沖,37°14.5′N,142°15.7′E,23 km,3.6,---
2024/01/04,16:01:22.7,能登半島沖,37°06.1′N,136°40.0′E,12 km,1.0,---
2024/01/04,16:01:42.8,能登半島沖,37°06.7′N,136°38.3′E,0 km,1.1,---
2024/01/04,16:02:41.6,佐渡付近,37°43.0′N,137°34.3′E,20 km,2.4,---
2024/01/04,16:03:23.7,佐渡付近,37°44.4′N,137°38.6′E,14 km,2.3,---
2024/01/04,16:03:58.2,石川県能登地方,37°12.7′N,136°43.8′E,6 km,1.9,---
2024/01/04,16:04:49.8,能登半島沖,37°13.0′N,136°39.7′E,3 km,1.6,---
2024/01/04,16:05:52.3,能登半島沖,37°36.1′N,137°08.5′E,15 km,1.8,---
2024/01/04,16:06:33.1,島根県西部,34°54.5′N,132°38.1′E,13 km,0.0,---
2024/01/04,16:07:04.4,能登半島沖,37°13.1′N,136°39.3′E,6 km,2.2,---
2024/01/04,16:08:04.4,石川県能登地方,37°21.0′N,136°56.8′E,16 km,1.5,---
2024/01/04,16:08:47.2,石川県能登地方,37°14.5′N,136°45.3′E,10 km,0.8,---
2024/01/04,16:09:29.4,石川県能登地方,37°20.5′N,136°59.2′E,7 km,1.6,---
2024/01/04,16:09:30.6,十勝地方中部,43°06.5′N,143°19.3′E,122 km,1.0,---
2024/01/04,16:09:38.1,富山湾,36°50.9′N,137°07.7′E,11 km,0.6,---
2024/01/04,16:10:38.3,石川県能登地方,37°13.0′N,136°49.2′E,9 km,0.9,---
2024/01/04,16:11:08.0,石川県能登地方,37°12.9′N,136°51.4′E,10 km,1.3,---
2024/01/04,16:11:26.1,石川県能登地方,37°12.4′N,136°49.4′E,11 km,1.6,---
2024/01/04,16:11:52.2,石川県能登地方,37°11.2′N,136°51.1′E,12 km,1.6,---
2024/01/04,16:11:56.5,宮城県沖,38°19.7′N,141°53.8′E,61 km,2.3,---
2024/01/04,16:12:51.5,石川県能登地方,37°26.1′N,137°10.6′E,13 km,1.6,---
2024/01/04,16:13:07.8,石川県能登地方,37°20.2′N,136°47.2′E,14 km,1.6,---
2024/01/04,16:14:25.5,福岡県筑後地方,33°05.3′N,130°33.4′E,11 km,0.4,---
2024/01/04,16:14:51.7,石川県能登地方,37°21.2′N,137°04.6′E,9 km,1.5,---
2024/01/04,16:15:02.3,能登半島沖,37°06.1′N,136°39.0′E,9 km,2.1,---
2024/01/04,16:17:09.5,佐渡付近,37°51.6′N,137°42.6′E,19 km,2.0,---
2024/01/04,16:18:04.4,富山県東部,36°29.2′N,137°26.5′E,8 km,0.4,---
2024/01/04,16:19:24.6,能登半島沖,37°14.6′N,136°42.9′E,1 km,1.2,---
2024/01/04,16:19:56.7,石川県能登地方,37°12.0′N,136°43.6′E,9 km,0.8,---
2024/01/04,16:20:02.1,佐渡付近,37°50.7′N,137°46.9′E,19 km,2.9,---
2024/01/04,16:20:36.6,宮崎県北部山沿い,32°44.0′N,131°14.4′E,13 km,0.2,---
2024/01/04,16:21:13.7,石川県能登地方,37°20.5′N,136°56.8′E,11 km,2.0,---
2024/01/04,16:21:58.4,石川県能登地方,37°22.6′N,136°58.6′E,7 km,2.1,---
2024/01/04,16:22:00.8,石川県能登地方,37°17.0′N,136°50.1′E,10 km,2.6,---
2024/01/04,16:22:45.7,能登半島沖,37°08.8′N,136°40.0′E,5 km,1.3,---
2024/01/04,16:23:57.2,宮崎県北部山沿い,32°28.0′N,131°28.7′E,16 km,0.0,---
2024/01/04,16:24:01.1,石川県能登地方,37°21.5′N,136°54.2′E,13 km,1.2,---
2024/01/04,16:24:18.5,石川県能登地方,37°13.1′N,136°48.3′E,10 km,2.5,---
2024/01/04,16:25:14.8,石川県能登地方,37°15.0′N,136°50.1′E,12 km,1.6,---
2024/01/04,16:26:11.5,富山県西部,36°47.8′N,136°53.8′E,6 km,0.4,---
2024/01/04,16:26:12.6,滋賀県南部,34°53.1′N,135°58.5′E,7 km,0.3,---
2024/01/04,16:27:01.7,石川県能登地方,37°13.3′N,136°51.1′E,10 km,1.9,---
2024/01/04,16:27:39.4,能登半島沖,37°05.6′N,136°38.4′E,13 km,1.4,---
2024/01/04,16:28:06.0,石川県能登地方,37°12.0′N,136°50.1′E,11 km,0.9,---
2024/01/04,16:30:40.6,石川県能登地方,37°14.4′N,136°43.7′E,5 km,2.0,---
2024/01/04,16:31:46.5,石川県能登地方,37°25.6′N,137°08.2′E,4 km,0.9,---
2024/01/04,16:32:09.9,能登半島沖,37°06.4′N,136°38.6′E,11 km,1.1,---
2024/01/04,16:32:56.9,能登半島沖,37°06.7′N,136°38.1′E,1 km,2.0,---
2024/01/04,16:33:48.1,能登半島沖,37°13.2′N,136°38.9′E,1 km,1.5,---
2024/01/04,16:33:57.6,佐賀県南部,33°26.6′N,130°16.0′E,14 km,0.2,---
2024/01/04,16:34:23.5,種子島南東沖,29°42.7′N,130°59.5′E,38 km,1.9,---
2024/01/04,16:34:29.5,佐渡付近,37°51.9′N,137°42.3′E,23 km,1.9,---
2024/01/04,16:34:31.7,石川県能登地方,37°15.9′N,136°50.7′E,6 km,0.7,---
2024/01/04,16:35:11.4,新潟県上中越沖,37°41.9′N,137°37.2′E,21 km,2.2,---
2024/01/04,16:36:07.8,石川県能登地方,37°09.4′N,136°42.3′E,9 km,1.1,---
2024/01/04,16:37:32.6,石川県能登地方,37°21.5′N,137°01.4′E,10 km,2.5,---
2024/01/04,16:38:19.0,石川県能登地方,37°22.0′N,137°00.0′E,10 km,2.0,---
2024/01/04,16:39:10.5,能登半島沖,37°07.1′N,136°37.6′E,2 km,2.8,---
2024/01/04,16:39:35.3,熊本県天草・芦北地方,32°14.9′N,130°30.7′E,8 km,0.1,---
2024/01/04,16:39:50.5,石川県能登地方,37°10.8′N,136°51.8′E,14 km,2.2,---
2024/01/04,16:41:13.4,石川県能登地方,37°13.5′N,136°47.5′E,10 km,0.9,---
2024/01/04,16:41:40.7,能登半島沖,37°15.2′N,136°34.4′E,10 km,1.0,---
2024/01/04,16:42:08.7,石川県能登地方,37°29.8′N,137°17.1′E,11 km,1.6,---
2024/01/04,16:42:33.8,石川県能登地方,37°27.3′N,137°14.3′E,12 km,1.7,---
2024/01/04,16:45:08.9,能登半島沖,37°08.4′N,136°39.4′E,9 km,1.7,---
2024/01/04,16:45:18.2,石川県能登地方,37°11.3′N,136°49.7′E,11 km,2.1,---
2024/01/04,16:46:07.1,石川県能登地方,37°18.8′N,136°44.9′E,9 km,1.3,---
2024/01/04,16:47:13.7,石川県能登地方,37°10.1′N,136°45.4′E,2 km,1.2,---
2024/01/04,16:48:01.6,石川県能登地方,37°02.6′N,136°46.3′E,15 km,1.0,---
2024/01/04,16:48:37.5,石川県能登地方,37°10.8′N,136°41.2′E,6 km,1.1,---
2024/01/04,16:48:53.5,能登半島沖,37°12.7′N,136°38.7′E,2 km,3.4,---
2024/01/04,16:50:19.5,石川県能登地方,37°23.1′N,136°53.9′E,9 km,1.9,---
2024/01/04,16:51:57.0,石川県能登地方,37°13.2′N,136°48.5′E,8 km,1.3,---
2024/01/04,16:52:25.2,石川県能登地方,37°24.6′N,137°02.0′E,5 km,1.6,---
2024/01/04,16:52:38.7,佐渡付近,37°42.7′N,137°32.7′E,15 km,2.4,---
2024/01/04,16:53:47.5,福島県沖,37°14.9′N,142°15.9′E,20 km,2.2,---
2024/01/04,16:54:44.6,長野県北部,36°46.5′N,138°32.9′E,7 km,0.9,---
2024/01/04,16:54:45.5,能登半島沖,37°12.5′N,136°41.0′E,13 km,1.3,---
2024/01/04,16:55:10.7,能登半島沖,37°15.4′N,136°38.9′E,8 km,1.5,---
2024/01/04,16:55:56.2,能登半島沖,37°25.6′N,136°58.1′E,0 km,1.8,---
2024/01/04,16:56:34.8,新潟県上中越沖,37°36.9′N,137°33.5′E,22 km,1.7,---
2024/01/04,16:57:36.2,石川県能登地方,37°12.9′N,136°45.3′E,7 km,2.1,---
2024/01/04,16:58:07.5,能登半島沖,37°23.0′N,136°48.8′E,3 km,1.1,---
2024/01/04,16:58:08.9,留萌地方中北部,44°36.8′N,141°59.5′E,8 km,1.0,---
2024/01/04,16:59:03.6,日向灘,32°34.1′N,132°10.3′E,28 km,0.6,---
2024/01/04,16:59:06.3,長野県南部,35°23.1′N,137°56.1′E,12 km,0.2,---
2024/01/04,16:59:25.6,石川県能登地方,37°11.9′N,136°47.3′E,8 km,2.0,---
2024/01/04,17:01:12.0,石川県能登地方,37°16.6′N,136°50.5′E,10 km,1.4,---
2024/01/04,17:01:57.0,石川県能登地方,37°15.2′N,136°45.1′E,9 km,2.4,---
2024/01/04,17:02:36.9,能登半島沖,37°20.5′N,136°44.7′E,11 km,1.3,---
2024/01/04,17:02:48.6,能登半島沖,37°27.1′N,137°00.9′E,7 km,1.7,---
2024/01/04,17:03:10.8,石川県能登地方,37°11.8′N,136°42.6′E,5 km,1.9,---
2024/01/04,17:03:54.6,能登半島沖,37°36.3′N,137°26.2′E,13 km,2.0,---
2024/01/04,17:04:07.8,石川県能登地方,37°19.7′N,136°48.6′E,8 km,1.6,---
2024/01/04,17:04:38.8,石川県能登地方,37°28.0′N,137°15.1′E,13 km,2.0,---
2024/01/04,17:05:08.0,岩手県内陸南部,39°05.0′N,140°53.9′E,9 km,1.0,---
2024/01/04,17:05:21.2,能登半島沖,37°09.5′N,136°40.1′E,4 km,0.7,---
2024/01/04,17:06:08.2,石川県能登地方,37°13.6′N,136°50.1′E,0 km,0.8,---
2024/01/04,17:06:30.4,佐渡付近,37°45.0′N,137°40.3′E,20 km,2.2,---
2024/01/04,17:06:35.1,能登半島沖,37°07.3′N,136°36.7′E,12 km,1.0,---
2024/01/04,17:06:40.5,石川県能登地方,37°12.8′N,136°51.8′E,10 km,2.1,---
2024/01/04,17:07:51.5,石川県能登地方,37°23.4′N,136°52.4′E,8 km,1.6,---
2024/01/04,17:08:36.6,富山県東部,36°32.6′N,137°34.9′E,3 km,0.8,---
2024/01/04,17:08:55.1,能登半島沖,37°24.3′N,136°56.0′E,5 km,2.2,---
2024/01/04,17:11:35.5,能登半島沖,37°08.1′N,136°39.5′E,12 km,0.6,---
2024/01/04,17:12:10.3,能登半島沖,37°38.1′N,137°27.4′E,13 km,2.3,---
2024/01/04,17:12:40.1,佐渡付近,37°47.7′N,137°41.6′E,21 km,3.4,---
2024/01/04,17:13:42.0,佐渡付近,37°46.6′N,137°33.5′E,16 km,2.3,---
2024/01/04,17:15:01.4,能登半島沖,37°21.4′N,136°42.4′E,8 km,1.6,---
2024/01/04,17:15:58.5,鳥島近海,31°24.3′N,139°30.5′E,15 km,3.6,---
2024/01/04,17:16:03.6,新潟県上中越沖,37°37.4′N,137°33.5′E,22 km,3.0,---
2024/01/04,17:16:24.6,佐渡付近,37°42.7′N,137°31.5′E,20 km,5.0,---
2024/01/04,17:19:32.1,石垣島北西沖,25°23.0′N,123°36.7′E,193 km,3.3,---
2024/01/04,17:19:59.7,能登半島沖,37°33.0′N,137°20.6′E,11 km,2.7,---
2024/01/04,17:22:11.7,石川県能登地方,37°22.2′N,136°54.2′E,7 km,1.9,---
2024/01/04,17:23:07.0,石川県能登地方,37°27.2′N,137°15.3′E,13 km,1.8,---
2024/01/04,17:23:52.3,石川県能登地方,37°30.2′N,137°14.0′E,9 km,2.2,---
2024/01/04,17:25:03.7,能登半島沖,37°24.4′N,136°56.4′E,6 km,1.5,---
2024/01/04,17:25:42.6,能登半島沖,37°25.5′N,136°56.4′E,0 km,1.4,---
2024/01/04,17:26:13.5,石川県能登地方,37°14.0′N,136°52.4′E,9 km,1.5,---
2024/01/04,17:26:18.9,佐渡付近,37°43.1′N,137°30.9′E,20 km,2.2,---
2024/01/04,17:27:12.5,石川県能登地方,37°22.6′N,136°54.5′E,7 km,1.8,---
2024/01/04,17:27:32.4,能登半島沖,37°12.5′N,136°41.1′E,2 km,1.8,---
2024/01/04,17:28:07.7,石川県能登地方,37°22.0′N,137°05.0′E,10 km,2.2,---
2024/01/04,17:28:29.7,宮城県沖,38°46.4′N,141°43.3′E,52 km,0.7,---
2024/01/04,17:28:34.6,石川県能登地方,37°09.8′N,136°53.3′E,12 km,1.7,---
2024/01/04,17:28:52.9,能登半島沖,37°12.6′N,136°40.4′E,5 km,2.9,---
2024/01/04,17:29:24.6,能登半島沖,37°07.5′N,136°37.1′E,10 km,1.7,---
2024/01/04,17:29:52.8,佐渡付近,37°45.0′N,137°33.7′E,16 km,2.4,---
2024/01/04,17:30:41.6,能登半島沖,37°43.6′N,137°29.2′E,19 km,1.5,---
2024/01/04,17:30:47.1,石川県能登地方,37°14.9′N,136°50.1′E,12 km,1.5,---
2024/01/04,17:31:14.5,石川県能登地方,37°23.5′N,137°00.1′E,7 km,2.2,---
2024/01/04,17:31:37.4,石川県能登地方,37°19.6′N,136°54.9′E,12 km,2.8,---
2024/01/04,17:31:38.5,福島県沖,37°15.0′N,142°16.2′E,19 km,1.6,---
2024/01/04,17:32:21.1,石川県能登地方,37°11.3′N,136°41.3′E,7 km,2.0,---
2024/01/04,17:33:55.3,能登半島沖,37°07.3′N,136°39.0′E,7 km,2.6,---
2024/01/04,17:34:15.0,能登半島沖,37°07.3′N,136°39.3′E,6 km,2.0,---
2024/01/04,17:35:01.6,石川県能登地方,37°13.3′N,136°57.7′E,0 km,1.3,---
2024/01/04,17:35:11.1,能登半島沖,37°34.1′N,137°23.5′E,15 km,3.0,---
2024/01/04,17:35:16.8,能登半島沖,37°08.4′N,136°37.6′E,9 km,1.4,---
2024/01/04,17:35:58.7,石川県能登地方,37°15.7′N,136°44.3′E,5 km,2.2,---
2024/01/04,17:36:56.8,石川県能登地方,37°22.9′N,136°58.1′E,4 km,1.2,---
2024/01/04,17:37:04.2,佐渡付近,37°44.4′N,137°37.6′E,15 km,2.1,---
2024/01/04,17:37:18.9,茨城県沖,36°50.1′N,141°22.0′E,6 km,1.6,---
2024/01/04,17:37:29.1,能登半島沖,37°31.1′N,137°13.5′E,6 km,1.9,---
2024/01/04,17:38:19.4,北海道南西沖,42°33.1′N,139°37.8′E,201 km,3.5,---
2024/01/04,17:38:41.0,福島県沖,37°14.9′N,142°16.7′E,19 km,1.4,---
2024/01/04,17:40:21.6,京都府南部,35°03.1′N,135°33.3′E,12 km,1.8,---
2024/01/04,17:40:55.1,石川県能登地方,37°17.3′N,136°51.7′E,3 km,1.2,---
2024/01/04,17:41:14.1,能登半島沖,37°32.6′N,137°18.6′E,7 km,2.1,---
2024/01/04,17:41:32.5,石川県能登地方,37°27.8′N,137°16.9′E,14 km,2.1,---
2024/01/04,17:41:55.3,石川県能登地方,37°14.2′N,136°47.5′E,9 km,1.7,---
2024/01/04,17:42:34.8,石川県能登地方,37°13.0′N,136°48.4′E,8 km,1.5,---
2024/01/04,17:42:49.9,新潟県上中越沖,37°39.6′N,137°34.4′E,11 km,1.9,---
2024/01/04,17:42:52.8,能登半島沖,37°08.6′N,136°43.3′E,8 km,1.4,---
2024/01/04,17:43:06.4,石川県能登地方,37°16.0′N,136°46.9′E,9 km,2.1,---
2024/01/04,17:44:12.8,愛媛県南予,33°26.4′N,132°28.5′E,40 km,0.6,---
2024/01/04,17:44:30.6,石川県能登地方,37°22.5′N,136°58.0′E,8 km,1.7,---
2024/01/04,17:44:47.2,佐渡付近,37°43.1′N,137°31.5′E,18 km,2.4,---
2024/01/04,17:45:07.8,鳥島近海,31°20.2′N,139°32.1′E,15 km,3.6,---
2024/01/04,17:46:02.5,石川県西方沖,37°04.7′N,136°34.8′E,11 km,0.7,---
2024/01/04,17:46:57.2,石川県能登地方,37°16.1′N,136°46.6′E,8 km,1.1,---
2024/01/04,17:47:01.3,福島県沖,37°35.3′N,141°49.7′E,39 km,1.6,---
2024/01/04,17:47:29.8,能登半島沖,37°09.3′N,136°39.3′E,4 km,2.0,---
2024/01/04,17:47:37.8,佐渡付近,37°49.7′N,137°39.6′E,13 km,1.4,---
2024/01/04,17:47:55.8,石川県能登地方,37°14.1′N,136°43.0′E,8 km,2.0,---
2024/01/04,17:49:39.0,神奈川県西部,35°18.8′N,139°08.5′E,14 km,0.5,---
2024/01/04,17:49:46.1,石川県能登地方,37°15.9′N,136°49.3′E,11 km,1.8,---
2024/01/04,17:50:30.0,石川県能登地方,37°19.2′N,136°55.6′E,11 km,1.9,---
2024/01/04,17:50:36.9,岐阜県飛騨地方,36°05.8′N,137°19.9′E,12 km,0.3,---
2024/01/04,17:50:41.4,石川県能登地方,37°12.1′N,136°47.0′E,7 km,1.8,---
2024/01/04,17:51:12.4,鳥島近海,31°36.4′N,139°25.2′E,20 km,3.2,---
2024/01/04,17:51:31.1,石川県能登地方,37°16.7′N,136°57.3′E,3 km,1.5,---
2024/01/04,17:52:04.1,福島県沖,37°38.6′N,141°41.9′E,43 km,1.3,---
2024/01/04,17:52:18.3,石川県能登地方,37°25.9′N,137°09.6′E,13 km,2.8,---
2024/01/04,17:52:49.3,能登半島沖,37°10.1′N,136°40.4′E,8 km,2.2,---
2024/01/04,17:53:45.3,佐渡付近,37°53.0′N,137°47.0′E,13 km,2.0,---
2024/01/04,17:54:15.0,能登半島沖,37°01.1′N,136°43.1′E,0 km,0.4,---
2024/01/04,17:55:19.4,三陸沖,39°03.8′N,143°48.6′E,24 km,3.0,---
2024/01/04,17:55:22.6,能登半島沖,37°09.4′N,136°38.3′E,10 km,0.9,---
2024/01/04,17:56:11.0,石川県能登地方,37°19.8′N,137°01.1′E,9 km,0.9,---
2024/01/04,17:57:30.3,石川県能登地方,37°21.6′N,136°57.6′E,0 km,0.9,---
2024/01/04,17:57:58.0,石川県能登地方,37°18.7′N,136°47.1′E,9 km,1.4,---
2024/01/04,17:58:25.1,佐渡付近,37°44.5′N,137°30.3′E,21 km,1.7,---
2024/01/04,18:00:02.4,石川県能登地方,37°25.9′N,137°02.3′E,5 km,1.3,---
2024/01/04,18:00:26.4,能登半島沖,37°33.0′N,137°22.2′E,9 km,2.1,---
2024/01/04,18:00:44.2,奄美大島近海,27°35.7′N,128°48.1′E,16 km,1.0,---
2024/01/04,18:01:04.1,青森県東方沖,41°02.9′N,141°35.1′E,94 km,2.1,---
2024/01/04,18:01:10.2,石川県能登地方,37°27.4′N,137°15.6′E,13 km,2.3,---
2024/01/04,18:02:03.5,石川県能登地方,37°16.8′N,136°50.1′E,10 km,1.4,---
2024/01/04,18:02:14.3,新潟県上中越沖,37°41.2′N,137°34.7′E,11 km,1.9,---
2024/01/04,18:02:46.8,石川県能登地方,37°27.7′N,137°16.3′E,14 km,1.4,---
2024/01/04,18:04:04.8,石川県能登地方,37°21.2′N,136°54.2′E,9 km,2.7,---
2024/01/04,18:05:52.2,石川県能登地方,37°27.3′N,137°13.7′E,12 km,1.5,---
2024/01/04,18:06:31.5,佐渡付近,37°53.4′N,137°46.1′E,19 km,2.5,---
2024/01/04,18:06:32.3,石川県能登地方,37°27.6′N,137°14.8′E,14 km,1.8,---
2024/01/04,18:07:10.8,佐渡付近,37°42.6′N,137°40.9′E,17 km,1.8,---
2024/01/04,18:08:00.0,石川県能登地方,37°12.5′N,136°43.5′E,10 km,1.7,---
2024/01/04,18:09:01.4,石川県西方沖,37°05.4′N,136°29.1′E,7 km,1.2,---
2024/01/04,18:09:38.4,福島県中通り,37°10.5′N,140°29.7′E,6 km,1.7,---
2024/01/04,18:09:53.1,福島県中通り,37°10.7′N,140°29.6′E,7 km,1.1,---
2024/01/04,18:10:27.4,福島県中通り,37°10.5′N,140°29.7′E,6 km,不明,---
2024/01/04,18:10:40.8,佐渡付近,37°53.0′N,137°46.1′E,23 km,2.4,---
2024/01/04,18:11:06.6,石川県能登地方,37°11.6′N,136°47.2′E,10 km,2.0,---
2024/01/04,18:12:07.8,石川県能登地方,37°12.9′N,136°51.3′E,9 km,1.6,---
2024/01/04,18:12:23.6,能登半島沖,37°28.2′N,137°01.0′E,5 km,1.8,---
2024/01/04,18:13:49.9,石川県能登地方,37°29.1′N,137°16.0′E,11 km,1.6,---
2024/01/04,18:15:23.2,能登半島沖,37°15.4′N,136°40.3′E,12 km,1.2,---
2024/01/04,18:15:50.5,能登半島沖,37°24.3′N,136°56.0′E,8 km,2.6,---
2024/01/04,18:16:57.0,青森県東方沖,41°25.7′N,141°49.2′E,64 km,1.1,---
2024/01/04,18:17:02.8,石川県能登地方,37°10.8′N,136°44.2′E,11 km,1.0,---
2024/01/04,18:17:45.8,能登半島沖,37°10.5′N,136°38.0′E,1 km,2.0,---
2024/01/04,18:18:34.1,宮崎県北部山沿い,32°21.2′N,131°11.0′E,81 km,0.7,---
2024/01/04,18:19:12.3,福岡県筑後地方,33°07.3′N,130°28.5′E,10 km,0.6,---
2024/01/04,18:19:42.3,能登半島沖,37°42.0′N,137°28.0′E,7 km,1.6,---
2024/01/04,18:20:37.5,能登半島沖,37°11.1′N,136°38.1′E,10 km,1.0,---
2024/01/04,18:20:43.3,石川県能登地方,37°13.3′N,136°42.6′E,9 km,1.3,---
2024/01/04,18:21:32.7,能登半島沖,37°32.6′N,137°21.0′E,13 km,1.4,---
2024/01/04,18:22:28.3,茨城県南部,36°01.2′N,139°57.7′E,42 km,0.5,---
2024/01/04,18:22:59.2,石川県能登地方,37°22.1′N,137°05.8′E,10 km,2.1,---
2024/01/04,18:23:39.3,三陸沖,39°35.2′N,144°46.3′E,19 km,1.7,---
2024/01/04,18:23:55.4,石川県能登地方,37°24.5′N,137°08.7′E,6 km,1.3,---
2024/01/04,18:24:36.0,能登半島沖,37°13.3′N,136°41.9′E,3 km,1.2,---
2024/01/04,18:24:43.6,石川県能登地方,37°11.9′N,136°42.0′E,7 km,1.8,---
2024/01/04,18:25:18.5,石川県能登地方,37°19.4′N,136°53.3′E,13 km,1.6,---
2024/01/04,18:25:33.0,福島県沖,37°24.6′N,141°54.8′E,40 km,3.0,---
2024/01/04,18:25:43.2,石川県能登地方,37°15.7′N,136°45.0′E,5 km,2.4,---
2024/01/04,18:25:57.2,福島県沖,37°24.7′N,141°54.8′E,38 km,2.9,---
2024/01/04,18:26:26.1,石川県能登地方,37°23.4′N,136°58.4′E,8 km,2.7,---
2024/01/04,18:27:33.7,佐渡付近,37°43.3′N,137°33.5′E,19 km,1.8,---
2024/01/04,18:29:21.8,富山湾,37°20.8′N,137°24.8′E,0 km,1.4,---
2024/01/04,18:29:30.6,千葉県南部,35°09.6′N,140°10.9′E,18 km,1.3,---
2024/01/04,18:29:31.9,関東東方沖,34°22.4′N,141°16.4′E,34 km,1.8,---
2024/01/04,18:30:06.4,佐渡付近,37°49.5′N,137°51.7′E,17 km,2.4,---
2024/01/04,18:30:26.8,愛知県東部,35°05.7′N,137°33.2′E,43 km,0.4,---
2024/01/04,18:31:02.2,石川県能登地方,37°13.6′N,136°48.4′E,7 km,0.9,---
2024/01/04,18:31:09.6,種子島近海,30°14.4′N,130°59.3′E,11 km,不明,---
2024/01/04,18:31:43.3,能登半島沖,37°08.2′N,136°42.5′E,10 km,1.1,---
2024/01/04,18:32:13.6,能登半島沖,37°46.8′N,137°23.9′E,13 km,2.2,---
2024/01/04,18:32:59.1,能登半島沖,37°27.8′N,137°01.5′E,16 km,1.3,---
2024/01/04,18:33:00.1,富山湾,37°17.6′N,137°25.1′E,18 km,1.3,---
2024/01/04,18:33:05.6,釧路沖,42°54.1′N,144°04.0′E,56 km,1.0,---
2024/01/04,18:34:11.7,石川県能登地方,37°29.8′N,137°18.5′E,13 km,1.5,---
2024/01/04,18:35:43.5,石川県能登地方,37°27.0′N,137°13.9′E,13 km,1.7,---
2024/01/04,18:36:11.3,石川県能登地方,37°23.8′N,137°04.3′E,11 km,1.0,---
2024/01/04,18:36:20.7,石川県能登地方,37°13.4′N,136°43.2′E,12 km,1.2,---
2024/01/04,18:36:21.3,和歌山県北部,33°54.6′N,135°14.3′E,20 km,0.4,---
2024/01/04,18:36:56.1,石川県能登地方,37°20.1′N,136°59.8′E,10 km,3.3,---
2024/01/04,18:37:23.5,福島県沖,37°49.6′N,141°36.4′E,49 km,1.0,---
2024/01/04,18:38:22.7,台湾付近,24°34.1′N,121°52.8′E,66 km,2.4,---
2024/01/04,18:38:31.1,石川県能登地方,37°25.2′N,137°10.6′E,8 km,1.0,---
2024/01/04,18:39:04.6,石川県能登地方,37°20.0′N,136°58.9′E,8 km,1.4,---
2024/01/04,18:39:11.5,石川県能登地方,37°21.7′N,136°59.6′E,10 km,1.9,---
2024/01/04,18:39:15.4,八丈島東方沖,32°26.5′N,141°50.4′E,61 km,3.8,---
2024/01/04,18:40:03.6,石川県能登地方,37°09.6′N,136°41.5′E,9 km,1.1,---
2024/01/04,18:40:11.6,日向灘,32°04.0′N,131°46.2′E,34 km,0.2,---
2024/01/04,18:40:15.8,石川県能登地方,37°21.8′N,136°54.5′E,5 km,1.9,---
2024/01/04,18:42:13.0,石川県能登地方,37°10.2′N,136°41.1′E,11 km,0.9,---
2024/01/04,18:42:40.8,石川県能登地方,37°14.5′N,136°45.8′E,13 km,1.5,---
2024/01/04,18:43:29.7,石川県能登地方,37°25.2′N,137°03.4′E,7 km,2.3,---
2024/01/04,18:44:57.8,能登半島沖,37°33.5′N,137°25.6′E,8 km,1.3,---
2024/01/04,18:45:46.7,石川県能登地方,37°09.4′N,136°41.1′E,3 km,1.9,---
2024/01/04,18:46:02.2,新潟県上中越沖,37°39.5′N,138°07.9′E,21 km,1.5,---
2024/01/04,18:47:03.7,能登半島沖,37°34.7′N,136°58.0′E,11 km,3.5,---
2024/01/04,18:47:34.4,福島県沖,36°49.7′N,142°03.2′E,10 km,1.6,---
2024/01/04,18:47:58.8,石川県能登地方,37°21.5′N,136°47.4′E,7 km,2.3,---
2024/01/04,18:48:12.9,宮崎県南部山沿い,31°56.3′N,131°02.2′E,6 km,-0.4,---
2024/01/04,18:49:49.1,茨城県南部,36°09.7′N,140°02.7′E,67 km,0.5,---
2024/01/04,18:49:50.9,鳥島近海,31°29.6′N,140°03.3′E,7 km,3.5,---
2024/01/04,18:49:51.3,能登半島沖,37°13.8′N,136°40.4′E,11 km,1.0,---
2024/01/04,18:50:05.6,佐渡付近,37°46.3′N,137°43.3′E,17 km,3.2,---
2024/01/04,18:50:18.1,豊後水道,33°09.5′N,132°25.3′E,38 km,0.5,---
2024/01/04,18:51:32.7,石川県能登地方,37°11.0′N,136°44.3′E,4 km,1.8,---
2024/01/04,18:51:40.8,佐渡付近,37°43.3′N,137°36.8′E,11 km,2.7,---
2024/01/04,18:52:32.5,東京湾,35°27.1′N,139°44.7′E,85 km,1.3,---
2024/01/04,18:54:04.5,能登半島沖,37°06.2′N,136°36.6′E,11 km,1.2,---
2024/01/04,18:54:56.7,能登半島沖,37°32.3′N,137°09.6′E,8 km,1.4,---
2024/01/04,18:54:57.8,新潟県中越地方,36°49.8′N,138°46.9′E,4 km,1.8,---
2024/01/04,18:55:06.7,石川県能登地方,37°25.3′N,137°12.4′E,13 km,1.9,---
2024/01/04,18:55:54.5,留萌地方中北部,44°47.4′N,141°48.5′E,18 km,0.2,---
2024/01/04,18:56:45.3,石川県能登地方,37°17.9′N,136°48.6′E,8 km,1.5,---
2024/01/04,18:57:26.7,福島県沖,37°24.6′N,141°54.8′E,40 km,3.4,---
2024/01/04,18:57:47.6,石川県能登地方,37°15.8′N,136°50.9′E,13 km,1.4,---
2024/01/04,18:58:24.6,佐渡付近,37°45.2′N,137°38.0′E,16 km,2.6,---
2024/01/04,19:00:07.6,石川県能登地方,37°08.2′N,136°46.7′E,0 km,1.2,---
2024/01/04,19:00:39.9,石川県能登地方,37°22.0′N,136°48.9′E,6 km,1.9,---
2024/01/04,19:01:28.5,宮崎県南部山沿い,31°56.2′N,131°01.9′E,8 km,-0.2,---
2024/01/04,19:01:36.8,福島県沖,37°24.7′N,141°56.2′E,35 km,1.1,---
2024/01/04,19:01:43.0,石川県能登地方,37°23.2′N,136°58.3′E,5 km,1.1,---
2024/01/04,19:02:25.6,佐渡付近,37°43.6′N,137°41.7′E,20 km,3.6,---
2024/01/04,19:03:23.9,石川県能登地方,37°13.5′N,136°44.8′E,9 km,2.2,---
2024/01/04,19:03:55.1,宮崎県北部山沿い,32°30.7′N,131°07.3′E,141 km,2.4,---
2024/01/04,19:05:03.2,石川県能登地方,37°26.9′N,137°10.8′E,14 km,1.2,---
2024/01/04,19:05:49.9,石川県能登地方,37°15.1′N,136°50.6′E,10 km,1.2,---
2024/01/04,19:07:18.4,能登半島沖,37°31.9′N,137°09.9′E,9 km,1.4,---
2024/01/04,19:07:40.4,石川県能登地方,37°27.6′N,137°09.8′E,14 km,1.3,---
2024/01/04,19:07:56.4,福島県沖,37°24.2′N,141°43.4′E,42 km,1.3,---
2024/01/04,19:08:40.1,能登半島沖,37°31.3′N,137°11.9′E,8 km,1.4,---
2024/01/04,19:09:18.3,京都府南部,35°17.6′N,135°37.1′E,13 km,0.8,---
2024/01/04,19:09:21.3,石川県能登地方,37°11.5′N,136°41.4′E,6 km,1.9,---
2024/01/04,19:09:48.1,神奈川県西部,35°30.5′N,139°08.8′E,23 km,0.2,---
2024/01/04,19:09:59.8,石川県能登地方,37°11.3′N,136°42.9′E,5 km,1.4,---
2024/01/04,19:10:59.1,石川県能登地方,37°27.6′N,137°15.2′E,13 km,1.3,---
2024/01/04,19:11:38.1,佐渡付近,37°51.8′N,137°41.5′E,13 km,1.5,---
2024/01/04,19:11:43.5,能登半島沖,37°31.7′N,137°13.2′E,12 km,1.2,---
2024/01/04,19:13:18.2,能登半島沖,37°15.4′N,136°43.7′E,10 km,0.9,---
2024/01/04,19:13:28.4,石川県能登地方,37°15.6′N,136°49.7′E,8 km,1.8,---
2024/01/04,19:13:30.1,与那国島近海,24°23.6′N,122°59.4′E,49 km,1.7,---
2024/01/04,19:13:44.7,佐渡付近,37°43.8′N,137°36.7′E,15 km,2.1,---
2024/01/04,19:13:49.7,長野県南部,35°56.2′N,137°38.1′E,6 km,0.2,---
2024/01/04,19:14:15.8,能登半島沖,37°25.7′N,136°55.9′E,1 km,1.5,---
2024/01/04,19:15:13.9,石川県能登地方,37°12.1′N,136°47.9′E,8 km,0.6,---
2024/01/04,19:17:15.8,石川県能登地方,37°11.4′N,136°42.4′E,6 km,1.5,---
2024/01/04,19:17:49.4,石川県能登地方,37°21.9′N,137°00.9′E,9 km,2.0,---
2024/01/04,19:19:10.6,石川県能登地方,37°09.6′N,136°46.0′E,0 km,1.0,---
2024/01/04,19:19:44.1,能登半島沖,37°16.8′N,136°41.7′E,3 km,1.4,---
2024/01/04,19:19:54.9,能登半島沖,37°30.1′N,137°11.8′E,10 km,2.1,---
2024/01/04,19:20:40.4,石川県能登地方,37°22.2′N,137°01.1′E,7 km,1.9,---
2024/01/04,19:22:10.6,石川県能登地方,37°11.7′N,136°41.5′E,6 km,1.3,---
2024/01/04,19:22:29.0,石川県能登地方,37°13.0′N,136°51.6′E,12 km,1.7,---
2024/01/04,19:22:41.0,石川県能登地方,37°21.9′N,136°59.7′E,9 km,1.8,---
2024/01/04,19:23:11.9,石川県能登地方,37°12.9′N,136°53.3′E,11 km,2.0,---
2024/01/04,19:24:08.1,石川県能登地方,37°27.5′N,137°15.3′E,12 km,1.5,---
2024/01/04,19:24:16.5,日向灘,32°31.6′N,132°21.2′E,14 km,0.9,---
2024/01/04,19:24:34.1,能登半島沖,37°35.7′N,136°59.7′E,13 km,1.8,---
2024/01/04,19:24:55.0,熊本県阿蘇地方,33°03.1′N,131°08.0′E,9 km,0.3,---
2024/01/04,19:25:53.8,能登半島沖,37°09.3′N,136°37.6′E,12 km,1.0,---
2024/01/04,19:27:02.5,能登半島沖,37°12.4′N,136°39.4′E,9 km,1.7,---
2024/01/04,19:27:22.9,石川県能登地方,37°19.8′N,136°52.8′E,8 km,2.0,---
2024/01/04,19:27:41.9,石川県能登地方,37°22.9′N,137°05.4′E,10 km,1.9,---
2024/01/04,19:27:52.7,東京都多摩西部,35°47.6′N,139°03.8′E,123 km,1.0,---
2024/01/04,19:28:22.7,能登半島沖,37°34.9′N,137°22.0′E,11 km,1.6,---
2024/01/04,19:28:39.3,石川県能登地方,37°25.7′N,137°03.4′E,9 km,1.2,---
2024/01/04,19:28:54.5,佐渡付近,37°53.2′N,137°50.8′E,17 km,2.1,---
2024/01/04,19:29:15.0,佐渡付近,37°58.5′N,137°39.9′E,22 km,不明,---
2024/01/04,19:31:14.2,能登半島沖,37°05.9′N,136°37.3′E,9 km,1.4,---
2024/01/04,19:31:30.5,富山湾,37°19.9′N,137°23.3′E,6 km,1.6,---
2024/01/04,19:32:04.9,石川県能登地方,37°14.2′N,136°45.6′E,10 km,1.7,---
2024/01/04,19:32:38.9,能登半島沖,37°08.0′N,136°38.8′E,10 km,0.9,---
2024/01/04,19:33:07.8,福島県沖,37°24.6′N,141°54.7′E,40 km,2.3,---
2024/01/04,19:33:35.3,佐渡付近,37°50.9′N,137°47.6′E,17 km,2.3,---
2024/01/04,19:34:13.2,新潟県上中越沖,37°36.3′N,137°36.9′E,14 km,1.9,---
2024/01/04,19:34:43.5,石川県西方沖,36°46.4′N,136°09.8′E,12 km,1.6,---
2024/01/04,19:35:40.9,京都府南部,35°03.2′N,135°33.2′E,12 km,0.4,---
2024/01/04,19:37:14.7,能登半島沖,37°14.0′N,136°42.0′E,6 km,2.1,---
2024/01/04,19:37:23.6,佐渡付近,37°46.9′N,137°40.6′E,21 km,2.3,---
2024/01/04,19:38:33.0,日向灘,32°07.9′N,131°45.1′E,33 km,1.1,---
2024/01/04,19:38:34.4,石川県能登地方,37°16.5′N,136°50.1′E,11 km,2.3,---
2024/01/04,19:39:23.8,能登半島沖,37°07.7′N,136°39.6′E,10 km,1.0,---
2024/01/04,19:40:03.8,佐渡付近,37°57.6′N,137°39.7′E,19 km,2.1,---
2024/01/04,19:40:36.6,宮古島近海,24°13.6′N,125°10.7′E,0 km,2.3,---
2024/01/04,19:40:41.9,佐渡付近,37°43.7′N,137°39.5′E,13 km,2.4,---
2024/01/04,19:41:07.1,石川県能登地方,37°25.8′N,137°10.5′E,12 km,2.3,---
2024/01/04,19:42:29.2,石川県能登地方,37°28.2′N,137°14.7′E,15 km,1.6,---
2024/01/04,19:42:40.3,能登半島沖,37°30.7′N,137°07.5′E,0 km,1.8,---
2024/01/04,19:42:53.8,日向灘,31°54.9′N,131°28.5′E,44 km,1.6,---
2024/01/04,19:43:47.9,能登半島沖,37°30.5′N,137°11.0′E,11 km,1.4,---
2024/01/04,19:44:16.4,石川県能登地方,37°11.2′N,136°41.2′E,4 km,3.3,---
2024/01/04,19:46:00.9,石川県能登地方,37°17.5′N,136°48.2′E,10 km,0.9,---
2024/01/04,19:46:11.8,石川県能登地方,37°21.8′N,136°48.3′E,12 km,1.3,---
2024/01/04,19:46:21.8,西表島付近,24°27.6′N,123°59.0′E,0 km,0.4,---
2024/01/04,19:46:31.6,石川県能登地方,37°11.6′N,136°45.6′E,8 km,1.0,---
2024/01/04,19:47:20.6,石川県能登地方,37°23.9′N,137°04.2′E,9 km,1.9,---
2024/01/04,19:48:10.1,石川県能登地方,37°23.9′N,136°58.6′E,6 km,1.5,---
2024/01/04,19:48:25.9,石川県能登地方,37°25.3′N,137°15.6′E,15 km,1.8,---
2024/01/04,19:48:33.4,能登半島沖,37°37.4′N,137°28.3′E,13 km,3.4,---
2024/01/04,19:49:53.4,日向灘,32°17.7′N,132°00.0′E,28 km,0.6,---
2024/01/04,19:50:28.7,新潟県上中越沖,37°37.5′N,137°33.0′E,11 km,1.8,---
2024/01/04,19:51:51.5,石川県能登地方,37°21.6′N,137°03.6′E,10 km,1.3,---
2024/01/04,19:52:07.6,石川県能登地方,37°11.7′N,136°41.5′E,6 km,2.0,---
2024/01/04,19:52:14.5,石川県能登地方,37°25.1′N,137°01.4′E,5 km,2.4,---
2024/01/04,19:52:43.9,石川県能登地方,37°20.8′N,136°55.1′E,9 km,1.9,---
2024/01/04,19:53:16.1,石川県能登地方,37°18.5′N,136°44.0′E,1 km,不明,---
2024/01/04,19:53:26.7,石川県能登地方,37°22.3′N,137°02.2′E,11 km,3.1,---
2024/01/04,19:54:37.8,石川県能登地方,37°22.4′N,137°02.4′E,12 km,2.4,---
2024/01/04,19:54:55.8,日向灘,32°06.1′N,131°45.5′E,31 km,0.5,---
2024/01/04,19:55:30.4,石川県能登地方,37°15.5′N,136°50.2′E,9 km,1.1,---
2024/01/04,19:56:44.8,石川県能登地方,37°13.8′N,136°44.3′E,6 km,2.9,---
2024/01/04,19:57:50.1,富山県西部,36°40.7′N,136°54.4′E,14 km,1.1,---
2024/01/04,19:57:58.2,石川県能登地方,37°14.2′N,136°48.7′E,11 km,1.5,---
2024/01/04,19:58:38.4,陸奥湾,41°07.8′N,141°13.4′E,9 km,0.4,---
2024/01/04,19:59:11.6,能登半島沖,37°12.7′N,136°38.8′E,8 km,1.0,---
2024/01/04,19:59:24.0,石川県能登地方,37°27.8′N,137°11.7′E,11 km,1.7,---
2024/01/04,19:59:25.0,能登半島沖,37°43.1′N,137°27.7′E,3 km,1.6,---
2024/01/04,20:00:35.9,石川県能登地方,37°10.8′N,136°51.5′E,1 km,1.5,---
2024/01/04,20:01:03.9,石川県能登地方,37°10.9′N,136°44.9′E,3 km,1.6,---
2024/01/04,20:01:56.0,石川県能登地方,37°22.9′N,136°58.7′E,8 km,1.7,---
2024/01/04,20:02:42.4,能登半島沖,37°14.0′N,136°40.5′E,0 km,0.7,---
2024/01/04,20:02:56.9,岩手県沖,39°26.8′N,142°25.7′E,34 km,1.7,---
2024/01/04,20:03:04.4,石川県能登地方,37°10.7′N,136°42.7′E,5 km,2.0,---
2024/01/04,20:05:04.2,石川県能登地方,37°10.8′N,136°43.3′E,1 km,0.9,---
2024/01/04,20:05:44.8,石川県能登地方,37°27.5′N,137°13.5′E,17 km,1.2,---
2024/01/04,20:06:07.2,宮城県沖,38°43.1′N,142°13.5′E,41 km,1.0,---
2024/01/04,20:06:29.8,石川県能登地方,37°23.3′N,136°51.1′E,9 km,2.0,---
2024/01/04,20:06:31.0,能登半島沖,37°08.5′N,136°38.9′E,12 km,1.6,---
2024/01/04,20:07:45.2,石川県能登地方,37°11.6′N,136°47.7′E,8 km,1.3,---
2024/01/04,20:08:10.5,三重県南部,34°17.6′N,136°21.7′E,38 km,1.5,---
2024/01/04,20:08:17.0,福島県沖,37°26.8′N,141°34.7′E,41 km,1.3,---
2024/01/04,20:08:18.2,石川県能登地方,37°28.6′N,137°09.6′E,11 km,1.4,---
2024/01/04,20:09:00.5,石川県能登地方,37°27.1′N,137°06.9′E,8 km,1.7,---
2024/01/04,20:09:46.8,石川県能登地方,37°28.5′N,137°16.5′E,14 km,1.9,---
2024/01/04,20:10:04.8,石川県能登地方,37°13.2′N,136°45.2′E,6 km,1.9,---
2024/01/04,20:11:28.1,兵庫県北部,35°33.4′N,134°32.4′E,10 km,0.3,---
2024/01/04,20:12:05.6,石川県能登地方,37°19.2′N,136°46.8′E,11 km,1.5,---
2024/01/04,20:12:37.4,沖縄本島近海,25°43.2′N,129°30.1′E,44 km,2.9,---
2024/01/04,20:12:48.0,福島県沖,37°24.1′N,141°55.2′E,41 km,1.5,---
2024/01/04,20:12:51.9,新潟県上中越沖,37°41.2′N,137°35.0′E,14 km,2.0,---
2024/01/04,20:13:11.3,能登半島沖,37°12.2′N,136°41.0′E,1 km,不明,---
2024/01/04,20:13:55.2,釧路沖,42°22.7′N,144°33.7′E,20 km,1.6,---
2024/01/04,20:14:04.1,石川県能登地方,37°19.1′N,136°56.6′E,9 km,1.3,---
2024/01/04,20:14:25.9,能登半島沖,37°06.4′N,136°38.9′E,1 km,1.0,---
2024/01/04,20:14:32.3,新潟県上中越沖,37°36.9′N,137°33.8′E,19 km,2.2,---
2024/01/04,20:16:07.6,石川県能登地方,37°24.2′N,137°05.8′E,9 km,1.0,---
2024/01/04,20:17:20.4,石川県能登地方,37°09.9′N,136°41.5′E,11 km,1.3,---
2024/01/04,20:17:22.4,能登半島沖,37°41.2′N,137°27.4′E,7 km,2.1,---
2024/01/04,20:17:54.3,新潟県上中越沖,37°36.5′N,137°31.3′E,13 km,2.4,---
2024/01/04,20:18:40.7,佐渡付近,37°52.2′N,137°45.9′E,12 km,1.5,---
2024/01/04,20:18:44.6,福島県沖,37°51.2′N,141°35.2′E,48 km,1.4,---
2024/01/04,20:18:56.9,石川県能登地方,37°21.1′N,136°58.5′E,9 km,2.0,---
2024/01/04,20:19:16.4,上川地方中部,43°34.0′N,142°55.0′E,3 km,0.7,---
2024/01/04,20:19:26.5,長野県中部,36°11.0′N,137°57.8′E,9 km,0.0,---
2024/01/04,20:19:40.5,石川県能登地方,37°18.4′N,136°44.8′E,0 km,1.2,---
2024/01/04,20:20:12.9,千葉県南東沖,35°02.3′N,140°09.2′E,31 km,2.1,---
2024/01/04,20:20:24.2,石川県能登地方,37°03.3′N,136°47.5′E,4 km,0.4,---
2024/01/04,20:20:27.9,石川県能登地方,37°19.3′N,136°53.6′E,12 km,1.7,---
2024/01/04,20:20:31.3,佐渡付近,37°54.5′N,137°45.5′E,15 km,2.2,---
2024/01/04,20:22:06.1,能登半島沖,37°09.2′N,136°37.7′E,5 km,0.9,---
2024/01/04,20:22:14.1,佐渡付近,37°46.5′N,137°39.0′E,19 km,2.4,---
2024/01/04,20:22:24.4,岐阜県飛騨地方,36°00.4′N,137°32.7′E,7 km,0.0,---
2024/01/04,20:22:44.8,能登半島沖,37°33.6′N,137°26.3′E,13 km,2.1,---
2024/01/04,20:23:13.4,宮城県沖,37°53.2′N,141°49.8′E,50 km,0.9,---
2024/01/04,20:23:19.1,石川県能登地方,37°20.5′N,136°54.0′E,10 km,1.7,---
2024/01/04,20:24:14.8,新潟県上中越沖,37°35.2′N,137°30.6′E,18 km,1.5,---
2024/01/04,20:25:26.8,能登半島沖,37°31.1′N,137°11.1′E,11 km,4.1,---
2024/01/04,20:26:09.2,群馬県南部,36°15.8′N,138°40.3′E,149 km,3.3,---
2024/01/04,20:27:49.1,能登半島沖,37°31.2′N,137°10.6′E,10 km,1.7,---
2024/01/04,20:28:59.8,石川県能登地方,37°22.2′N,137°05.1′E,12 km,1.9,---
2024/01/04,20:29:22.1,石川県能登地方,37°20.7′N,136°50.7′E,9 km,2.1,---
2024/01/04,20:30:31.7,石川県能登地方,37°04.7′N,136°44.0′E,9 km,0.7,---
2024/01/04,20:30:59.1,佐渡付近,37°55.2′N,137°41.5′E,19 km,1.5,---
2024/01/04,20:32:03.9,佐渡付近,37°49.9′N,137°41.7′E,16 km,2.0,---
2024/01/04,20:33:07.1,石川県西方沖,36°58.0′N,136°45.4′E,9 km,1.5,---
2024/01/04,20:33:24.6,能登半島沖,37°36.6′N,137°25.7′E,0 km,1.8,---
2024/01/04,20:34:06.6,佐渡付近,38°26.9′N,138°17.5′E,10 km,2.5,---
2024/01/04,20:34:59.5,新潟県上中越沖,37°41.1′N,137°35.3′E,12 km,1.4,---
2024/01/04,20:35:31.5,石川県能登地方,37°10.5′N,136°43.0′E,7 km,0.9,---
2024/01/04,20:35:59.0,石川県能登地方,37°22.1′N,137°01.9′E,11 km,1.5,---
2024/01/04,20:36:33.7,能登半島沖,37°12.5′N,136°31.8′E,12 km,1.5,---
2024/01/04,20:37:14.0,石川県能登地方,37°20.7′N,136°52.2′E,9 km,2.9,---
2024/01/04,20:38:22.1,石川県能登地方,37°11.1′N,136°45.8′E,0 km,1.0,---
2024/01/04,20:39:49.2,能登半島沖,37°09.2′N,136°38.9′E,9 km,0.8,---
2024/01/04,20:40:13.7,富山湾,37°10.0′N,137°22.1′E,0 km,0.8,---
2024/01/04,20:40:30.3,石川県能登地方,37°19.5′N,136°46.8′E,0 km,2.0,---
2024/01/04,20:41:19.2,新潟県上中越沖,37°41.0′N,137°35.1′E,12 km,1.5,---
2024/01/04,20:41:31.2,石川県能登地方,37°10.9′N,136°43.6′E,5 km,2.0,---
2024/01/04,20:41:56.4,能登半島沖,37°32.1′N,137°21.2′E,10 km,1.9,---
2024/01/04,20:42:21.4,石川県能登地方,37°28.1′N,137°11.8′E,11 km,1.8,---
2024/01/04,20:42:56.7,石川県西方沖,37°05.7′N,136°32.9′E,11 km,1.9,---
2024/01/04,20:43:03.4,能登半島沖,37°32.2′N,137°14.7′E,13 km,3.2,---
2024/01/04,20:44:58.1,佐渡付近,37°52.8′N,137°36.0′E,12 km,1.3,---
2024/01/04,20:45:23.5,石川県能登地方,37°25.4′N,137°06.4′E,11 km,1.4,---
2024/01/04,20:45:33.0,石川県能登地方,37°23.9′N,137°09.2′E,14 km,1.6,---
2024/01/04,20:46:00.0,佐渡付近,37°43.2′N,137°39.2′E,15 km,2.1,---
2024/01/04,20:47:01.4,石川県能登地方,37°15.3′N,136°46.6′E,11 km,0.7,---
2024/01/04,20:47:58.1,石川県能登地方,37°09.5′N,136°42.7′E,7 km,1.0,---
2024/01/04,20:48:11.6,佐渡付近,37°50.5′N,137°49.5′E,15 km,1.5,---
2024/01/04,20:48:31.4,能登半島沖,37°08.6′N,136°33.7′E,13 km,1.1,---
2024/01/04,20:49:14.2,能登半島沖,37°12.6′N,136°40.9′E,4 km,1.6,---
2024/01/04,20:50:27.4,能登半島沖,37°26.4′N,136°56.1′E,10 km,1.1,---
2024/01/04,20:50:44.8,石川県能登地方,37°15.2′N,136°44.7′E,8 km,1.5,---
2024/01/04,20:51:13.0,石川県能登地方,37°13.4′N,136°46.1′E,10 km,2.1,---
2024/01/04,20:52:39.4,福島県沖,37°09.4′N,143°52.5′E,23 km,1.6,---
2024/01/04,20:52:52.7,紀伊水道,33°48.5′N,134°54.5′E,13 km,1.0,---
2024/01/04,20:53:46.2,石川県能登地方,37°21.2′N,137°01.6′E,13 km,1.9,---
2024/01/04,20:54:15.5,富山湾,37°08.4′N,137°24.1′E,20 km,3.1,---
2024/01/04,20:55:11.1,石川県能登地方,37°27.1′N,137°13.9′E,14 km,2.0,---
2024/01/04,20:55:37.0,石川県能登地方,37°27.5′N,137°11.9′E,12 km,2.1,---
2024/01/04,20:57:35.8,石川県能登地方,37°18.3′N,136°57.7′E,14 km,1.3,---
2024/01/04,20:57:46.7,石川県能登地方,37°21.8′N,137°07.8′E,11 km,1.8,---
2024/01/04,20:58:53.2,石川県能登地方,37°20.6′N,136°51.1′E,11 km,1.8,---
2024/01/04,20:59:36.2,石川県能登地方,37°19.8′N,136°45.7′E,10 km,1.4,---
2024/01/04,21:00:00.3,石川県能登地方,37°15.6′N,136°45.1′E,9 km,1.6,---
2024/01/04,21:00:27.0,新潟県上中越沖,37°39.7′N,137°35.4′E,8 km,2.0,---
2024/01/04,21:01:51.2,能登半島沖,37°27.4′N,137°02.9′E,6 km,1.4,---
2024/01/04,21:02:11.5,石川県能登地方,37°16.1′N,136°44.2′E,9 km,0.9,---
2024/01/04,21:02:20.9,能登半島沖,37°33.7′N,137°27.7′E,9 km,1.8,---
2024/01/04,21:02:21.3,石川県能登地方,37°15.8′N,136°44.8′E,8 km,1.8,---
2024/01/04,21:02:50.7,石川県能登地方,37°12.0′N,136°43.4′E,5 km,1.8,---
2024/01/04,21:03:12.9,石川県能登地方,37°22.3′N,136°49.1′E,10 km,1.5,---
2024/01/04,21:03:24.1,石川県能登地方,37°23.9′N,136°57.0′E,7 km,2.4,---
2024/01/04,21:04:48.9,石川県能登地方,37°20.2′N,136°48.4′E,9 km,1.4,---
2024/01/04,21:05:18.4,能登半島沖,37°34.4′N,137°28.1′E,11 km,1.6,---
2024/01/04,21:05:19.4,島根県東部,35°12.7′N,132°48.9′E,13 km,0.2,---
2024/01/04,21:05:30.5,石川県能登地方,37°13.4′N,136°44.2′E,7 km,2.8,---
2024/01/04,21:07:03.2,石川県能登地方,37°21.9′N,136°50.3′E,8 km,3.1,---
2024/01/04,21:07:09.0,和歌山県北部,34°07.9′N,135°34.1′E,56 km,0.3,---
2024/01/04,21:07:42.3,茨城県北部,36°52.3′N,140°44.8′E,9 km,1.5,---
2024/01/04,21:07:58.6,石川県能登地方,37°22.8′N,136°52.5′E,0 km,1.9,---
2024/01/04,21:08:47.8,石川県能登地方,37°13.6′N,136°50.7′E,12 km,2.4,---
2024/01/04,21:10:43.8,石川県能登地方,37°28.0′N,137°15.0′E,14 km,1.3,---
2024/01/04,21:11:01.1,鹿児島県薩摩地方,31°53.0′N,130°54.2′E,19 km,-0.2,---
2024/01/04,21:11:32.1,和歌山県北部,34°03.5′N,135°10.4′E,6 km,0.1,---
2024/01/04,21:11:36.5,石川県能登地方,37°30.8′N,137°12.4′E,9 km,0.9,---
2024/01/04,21:11:47.7,能登半島沖,37°14.9′N,136°38.6′E,4 km,1.4,---
2024/01/04,21:13:10.7,石川県能登地方,37°17.7′N,136°49.7′E,11 km,1.6,---
2024/01/04,21:13:49.6,鳥島近海,31°29.0′N,140°05.6′E,8 km,3.3,---
2024/01/04,21:14:14.4,紀伊水道,33°38.8′N,134°50.7′E,15 km,1.9,---
2024/01/04,21:14:15.5,石川県能登地方,37°14.5′N,136°46.6′E,8 km,2.0,---
2024/01/04,21:15:14.6,石川県能登地方,37°12.9′N,136°45.5′E,10 km,0.8,---
2024/01/04,21:15:37.8,石川県能登地方,37°20.9′N,136°53.3′E,12 km,0.8,---
2024/01/04,21:15:42.6,茨城県沖,36°08.1′N,141°57.5′E,14 km,3.8,---
2024/01/04,21:16:15.1,石川県能登地方,37°21.8′N,137°01.4′E,10 km,2.8,---
2024/01/04,21:17:51.7,能登半島沖,37°15.7′N,136°42.0′E,5 km,1.2,---
2024/01/04,21:19:19.9,佐渡付近,37°50.5′N,137°46.3′E,18 km,2.5,---
2024/01/04,21:19:26.7,石川県能登地方,37°22.2′N,137°00.9′E,8 km,1.5,---
2024/01/04,21:20:06.9,能登半島沖,37°12.5′N,136°40.0′E,6 km,2.2,---
2024/01/04,21:21:16.9,石川県能登地方,37°22.8′N,136°55.6′E,9 km,2.5,---
2024/01/04,21:22:04.1,能登半島沖,37°13.1′N,136°41.3′E,4 km,1.5,---
2024/01/04,21:22:47.7,石川県能登地方,37°11.0′N,136°42.1′E,4 km,0.4,---
2024/01/04,21:22:48.7,佐渡付近,37°43.8′N,137°33.4′E,10 km,1.3,---
2024/01/04,21:22:58.0,能登半島沖,37°13.4′N,136°40.9′E,5 km,1.5,---
2024/01/04,21:23:00.9,石川県能登地方,37°23.1′N,137°04.8′E,13 km,1.7,---
2024/01/04,21:23:45.8,能登半島沖,37°06.8′N,136°38.4′E,12 km,0.8,---
2024/01/04,21:24:21.5,能登半島沖,37°33.0′N,137°22.7′E,9 km,1.6,---
2024/01/04,21:24:36.9,石川県能登地方,37°24.6′N,137°05.1′E,9 km,1.6,---
2024/01/04,21:24:48.9,石川県能登地方,37°23.1′N,136°55.9′E,7 km,1.9,---
2024/01/04,21:25:46.6,茨城県沖,36°08.8′N,141°57.6′E,6 km,1.5,---
2024/01/04,21:25:49.0,佐渡付近,37°50.1′N,137°43.7′E,18 km,1.6,---
2024/01/04,21:26:30.1,福島県中通り,37°10.5′N,140°29.1′E,6 km,0.2,---
2024/01/04,21:27:05.3,能登半島沖,37°08.7′N,136°41.4′E,7 km,0.9,---
2024/01/04,21:27:16.5,紀伊水道,34°10.1′N,135°09.9′E,5 km,0.1,---
2024/01/04,21:27:33.5,石川県能登地方,37°09.6′N,136°41.2′E,8 km,2.9,---
2024/01/04,21:29:15.5,石川県能登地方,37°29.6′N,137°11.3′E,9 km,1.4,---
2024/01/04,21:29:39.2,新潟県上中越沖,37°38.7′N,137°38.1′E,23 km,3.4,---
2024/01/04,21:30:40.1,佐渡付近,37°52.8′N,137°45.6′E,16 km,4.3,---
2024/01/04,21:30:43.2,石川県能登地方,37°09.6′N,136°41.1′E,8 km,3.4,---
2024/01/04,21:32:27.3,佐渡付近,37°53.2′N,137°45.4′E,17 km,2.6,---
2024/01/04,21:32:43.2,有明海,32°57.9′N,130°25.9′E,10 km,1.2,---
2024/01/04,21:33:04.7,鳥島近海,31°32.8′N,140°05.5′E,0 km,3.7,---
2024/01/04,21:33:57.4,石川県能登地方,37°13.7′N,136°42.2′E,5 km,1.9,---
2024/01/04,21:34:09.8,石川県能登地方,37°22.7′N,136°55.7′E,12 km,1.6,---
2024/01/04,21:34:36.0,能登半島沖,37°11.9′N,136°39.7′E,17 km,1.2,---
2024/01/04,21:35:18.7,石川県能登地方,37°24.7′N,137°03.3′E,6 km,1.1,---
2024/01/04,21:35:33.9,能登半島沖,37°26.0′N,137°02.2′E,18 km,1.2,---
2024/01/04,21:36:09.3,能登半島沖,37°09.3′N,136°40.2′E,6 km,0.8,---
2024/01/04,21:36:37.6,能登半島沖,37°12.1′N,136°40.4′E,12 km,1.6,---
2024/01/04,21:37:10.1,石川県能登地方,37°10.1′N,136°44.7′E,9 km,0.6,---
2024/01/04,21:37:16.2,石川県能登地方,37°28.9′N,137°12.9′E,13 km,1.3,---
2024/01/04,21:37:30.4,石川県能登地方,37°27.8′N,137°16.3′E,14 km,1.4,---
2024/01/04,21:37:33.3,石川県能登地方,37°11.5′N,136°48.3′E,8 km,1.1,---
2024/01/04,21:37:53.4,能登半島沖,37°09.9′N,136°40.7′E,7 km,0.8,---
2024/01/04,21:38:06.9,石川県能登地方,37°27.1′N,137°14.2′E,13 km,1.8,---
2024/01/04,21:38:45.5,石川県能登地方,37°10.9′N,136°48.8′E,12 km,3.2,---
2024/01/04,21:40:04.0,佐渡付近,37°50.7′N,137°48.3′E,17 km,1.6,---
2024/01/04,21:40:24.9,土佐湾,32°54.3′N,133°15.3′E,27 km,1.7,---
2024/01/04,21:40:27.3,石川県能登地方,37°11.7′N,136°41.8′E,2 km,1.9,---
2024/01/04,21:41:17.3,石川県能登地方,37°21.7′N,136°53.3′E,10 km,1.9,---
2024/01/04,21:41:28.0,石川県能登地方,37°27.9′N,137°13.8′E,15 km,1.8,---
2024/01/04,21:41:44.1,石川県能登地方,37°15.5′N,136°48.3′E,7 km,1.5,---
2024/01/04,21:42:07.1,佐渡付近,37°53.8′N,137°43.4′E,16 km,1.5,---
2024/01/04,21:42:17.8,石川県能登地方,37°22.4′N,136°50.7′E,0 km,1.4,---
2024/01/04,21:42:42.2,サハリン西方沖,46°47.1′N,141°43.1′E,1 km,4.0,---
2024/01/04,21:43:10.5,能登半島沖,37°18.3′N,136°35.5′E,11 km,1.1,---
2024/01/04,21:43:25.4,能登半島沖,37°35.7′N,137°18.5′E,16 km,1.3,---
2024/01/04,21:43:37.2,佐渡付近,37°42.5′N,137°31.9′E,15 km,2.0,---
2024/01/04,21:43:49.8,福島県沖,37°49.7′N,141°36.7′E,48 km,1.0,---
2024/01/04,21:43:57.4,鹿児島湾,31°26.4′N,130°38.4′E,6 km,0.5,---
2024/01/04,21:44:00.9,福島県沖,37°06.9′N,141°56.7′E,23 km,1.2,---
2024/01/04,21:44:14.7,佐渡付近,37°42.9′N,137°42.8′E,25 km,1.2,---
2024/01/04,21:44:16.6,石川県能登地方,37°11.9′N,136°48.5′E,5 km,0.9,---
2024/01/04,21:44:37.9,山口県東部,34°13.0′N,132°04.1′E,11 km,0.0,---
2024/01/04,21:45:14.8,石川県能登地方,37°27.2′N,137°15.7′E,14 km,1.2,---
2024/01/04,21:46:03.3,能登半島沖,37°30.6′N,137°10.0′E,10 km,2.0,---
2024/01/04,21:47:00.5,石川県能登地方,37°22.8′N,136°59.8′E,7 km,1.9,---
2024/01/04,21:47:48.4,石川県能登地方,37°17.8′N,136°50.0′E,10 km,1.4,---
2024/01/04,21:48:12.3,石川県能登地方,37°21.5′N,136°48.7′E,9 km,1.2,---
2024/01/04,21:48:43.0,石川県能登地方,37°20.2′N,137°02.6′E,12 km,1.9,---
2024/01/04,21:49:09.2,石川県能登地方,37°28.3′N,137°19.0′E,10 km,1.8,---
2024/01/04,21:49:33.7,石川県能登地方,37°27.4′N,137°15.9′E,13 km,1.8,---
2024/01/04,21:50:06.1,石川県能登地方,37°22.7′N,136°54.5′E,5 km,1.5,---
2024/01/04,21:50:32.1,能登半島沖,37°36.2′N,137°28.0′E,12 km,2.1,---
2024/01/04,21:50:50.0,茨城県北部,36°49.2′N,140°35.5′E,7 km,0.5,---
2024/01/04,21:50:50.5,石川県能登地方,37°21.5′N,136°50.4′E,9 km,2.4,---
2024/01/04,21:51:23.8,石川県能登地方,37°13.0′N,136°50.8′E,9 km,2.2,---
2024/01/04,21:51:53.9,能登半島沖,37°19.4′N,136°43.9′E,8 km,2.1,---
2024/01/04,21:52:20.3,秋田県内陸北部,40°00.7′N,140°28.4′E,5 km,0.4,---
2024/01/04,21:52:35.2,能登半島沖,37°29.7′N,137°03.8′E,10 km,1.1,---
2024/01/04,21:53:03.7,石川県能登地方,37°27.1′N,137°12.1′E,13 km,2.0,---
2024/01/04,21:53:16.5,石川県能登地方,37°27.3′N,137°15.6′E,13 km,2.5,---
2024/01/04,21:53:46.7,石川県能登地方,37°18.3′N,136°44.8′E,8 km,1.6,---
2024/01/04,21:54:45.4,石川県能登地方,37°09.9′N,136°45.3′E,6 km,0.9,---
2024/01/04,21:55:07.9,佐渡付近,37°44.0′N,137°39.8′E,14 km,2.2,---
2024/01/04,21:55:17.2,石川県能登地方,37°18.6′N,136°45.6′E,6 km,1.5,---
2024/01/04,21:56:15.4,石川県能登地方,37°11.3′N,136°45.3′E,6 km,1.3,---
2024/01/04,21:56:41.6,石川県能登地方,37°09.2′N,136°43.0′E,9 km,1.2,---
2024/01/04,21:57:17.4,石川県能登地方,37°10.2′N,136°44.1′E,6 km,1.5,---
2024/01/04,21:57:26.0,能登半島沖,37°13.2′N,136°41.4′E,7 km,2.3,---
2024/01/04,21:58:13.9,能登半島沖,37°08.5′N,136°39.9′E,2 km,1.2,---
2024/01/04,21:58:39.6,石川県能登地方,37°21.8′N,136°58.1′E,11 km,2.3,---
2024/01/04,21:58:43.1,石川県能登地方,37°13.4′N,136°42.5′E,5 km,2.2,---
2024/01/04,21:59:25.2,石川県能登地方,37°11.6′N,136°49.2′E,12 km,1.3,---
2024/01/04,21:59:38.2,宮城県北部,38°55.8′N,140°53.2′E,7 km,1.1,---
2024/01/04,21:59:55.0,沖縄本島近海,25°50.9′N,129°10.4′E,44 km,3.5,---
2024/01/04,22:00:11.3,石川県能登地方,37°27.4′N,137°15.4′E,13 km,1.8,---
2024/01/04,22:00:33.8,石川県能登地方,37°22.0′N,137°00.9′E,9 km,1.6,---
2024/01/04,22:00:54.0,三重県南部,34°17.5′N,136°08.0′E,14 km,0.6,---
2024/01/04,22:01:48.0,石川県能登地方,37°27.1′N,137°16.5′E,15 km,1.5,---
2024/01/04,22:02:39.4,石川県能登地方,37°15.9′N,136°51.0′E,18 km,0.8,---
2024/01/04,22:03:25.1,能登半島沖,37°17.9′N,136°41.5′E,10 km,0.7,---
2024/01/04,22:04:18.8,佐渡付近,37°43.3′N,137°33.9′E,20 km,2.0,---
2024/01/04,22:04:55.7,石川県能登地方,37°28.5′N,137°15.6′E,14 km,1.1,---
2024/01/04,22:05:00.4,沖縄本島近海,25°48.4′N,129°09.9′E,44 km,3.0,---
2024/01/04,22:05:27.7,石川県能登地方,37°28.2′N,137°14.8′E,18 km,1.1,---
2024/01/04,22:05:34.7,三陸沖,39°09.1′N,144°28.7′E,30 km,2.3,---
2024/01/04,22:05:41.1,愛知県西部,35°05.2′N,136°58.2′E,44 km,0.3,---
2024/01/04,22:06:40.9,石川県能登地方,37°14.6′N,136°48.8′E,11 km,1.3,---
2024/01/04,22:07:08.0,石川県能登地方,37°28.5′N,137°16.2′E,13 km,1.6,---
2024/01/04,22:08:41.6,石川県能登地方,37°27.4′N,137°15.8′E,13 km,1.1,---
2024/01/04,22:09:20.8,石川県能登地方,37°12.7′N,136°47.3′E,10 km,1.8,---
2024/01/04,22:09:57.6,能登半島沖,37°21.3′N,136°42.9′E,0 km,1.0,---
2024/01/04,22:10:06.7,佐渡付近,37°54.9′N,137°43.7′E,15 km,1.5,---
2024/01/04,22:10:43.2,能登半島沖,37°36.2′N,137°27.6′E,9 km,1.6,---
2024/01/04,22:11:03.9,佐渡付近,37°51.9′N,137°44.5′E,13 km,1.6,---
2024/01/04,22:11:58.4,佐渡付近,37°52.2′N,137°44.0′E,27 km,1.3,---
2024/01/04,22:12:31.9,石川県能登地方,37°14.4′N,136°48.2′E,12 km,1.7,---
2024/01/04,22:12:53.9,富山県東部,36°31.6′N,137°34.5′E,0 km,0.3,---
2024/01/04,22:13:41.9,能登半島沖,37°09.0′N,136°36.3′E,14 km,0.8,---
2024/01/04,22:14:33.6,佐渡付近,37°43.1′N,137°33.4′E,23 km,1.9,---
2024/01/04,22:14:42.8,石川県加賀地方,36°20.5′N,136°44.2′E,6 km,1.1,---
2024/01/04,22:14:57.2,石川県能登地方,37°27.5′N,137°15.8′E,14 km,1.4,---
2024/01/04,22:15:18.3,新潟県上中越沖,37°40.6′N,137°39.0′E,11 km,1.6,---
2024/01/04,22:15:25.4,大隅半島東方沖,30°45.3′N,131°31.9′E,42 km,2.3,---
2024/01/04,22:15:51.6,石川県能登地方,37°16.8′N,136°50.2′E,0 km,1.3,---
2024/01/04,22:16:08.3,能登半島沖,37°13.4′N,136°39.2′E,5 km,2.0,---
2024/01/04,22:16:17.2,長野県中部,35°51.3′N,138°12.6′E,5 km,-0.1,---
2024/01/04,22:17:01.8,鹿児島湾,31°23.9′N,130°37.5′E,11 km,0.2,---
2024/01/04,22:17:04.3,石川県能登地方,37°23.7′N,137°03.4′E,5 km,1.4,---
2024/01/04,22:17:06.8,能登半島沖,37°41.2′N,137°28.1′E,16 km,2.2,---
2024/01/04,22:17:42.6,石川県能登地方,37°21.7′N,136°52.6′E,9 km,2.5,---
2024/01/04,22:18:24.7,能登半島沖,37°11.6′N,136°38.9′E,22 km,1.1,---
2024/01/04,22:19:12.1,石川県能登地方,37°16.0′N,136°46.2′E,0 km,不明,---
2024/01/04,22:19:18.6,石川県能登地方,37°27.4′N,137°15.5′E,13 km,2.5,---
2024/01/04,22:19:58.4,石川県能登地方,37°14.8′N,136°49.6′E,10 km,1.4,---
2024/01/04,22:20:26.1,福島県沖,37°05.6′N,141°57.5′E,27 km,1.4,---
2024/01/04,22:20:26.6,石川県能登地方,37°20.2′N,136°47.3′E,9 km,1.7,---
2024/01/04,22:20:55.5,佐渡付近,37°44.5′N,137°36.3′E,12 km,1.9,---
2024/01/04,22:22:10.9,石川県能登地方,37°09.4′N,136°44.2′E,10 km,1.0,---
2024/01/04,22:22:11.5,福島県沖,37°43.6′N,142°23.2′E,20 km,1.5,---
2024/01/04,22:22:44.5,石川県西方沖,37°12.3′N,136°20.5′E,11 km,1.5,---
2024/01/04,22:23:25.6,能登半島沖,37°30.8′N,137°11.5′E,10 km,1.5,---
2024/01/04,22:24:21.2,佐渡付近,37°51.1′N,137°40.1′E,16 km,1.6,---
2024/01/04,22:24:29.1,能登半島沖,37°14.1′N,136°41.5′E,8 km,1.1,---
2024/01/04,22:25:19.5,石川県能登地方,37°28.5′N,137°16.2′E,14 km,1.6,---
2024/01/04,22:26:00.5,石川県能登地方,37°11.8′N,136°52.1′E,13 km,1.2,---
2024/01/04,22:26:11.8,能登半島沖,37°07.6′N,136°36.0′E,5 km,1.8,---
2024/01/04,22:26:38.4,茨城県北部,36°48.9′N,140°45.6′E,88 km,1.2,---
2024/01/04,22:26:50.8,石川県能登地方,37°25.2′N,137°13.4′E,13 km,1.3,---
2024/01/04,22:27:36.4,能登半島沖,37°13.8′N,136°41.1′E,8 km,2.1,---
2024/01/04,22:28:01.9,石川県能登地方,37°30.0′N,137°18.7′E,10 km,2.0,---
2024/01/04,22:28:37.5,石川県能登地方,37°08.1′N,137°02.5′E,19 km,0.9,---
2024/01/04,22:29:06.5,石川県能登地方,37°13.9′N,136°47.1′E,7 km,0.9,---
2024/01/04,22:29:14.7,宮城県沖,38°48.9′N,142°22.1′E,27 km,1.7,---
2024/01/04,22:29:14.8,十勝地方中部,42°56.6′N,143°07.3′E,95 km,3.4,---
2024/01/04,22:29:58.9,能登半島沖,37°30.2′N,137°11.7′E,12 km,0.9,---
2024/01/04,22:30:08.5,石川県能登地方,37°27.8′N,137°11.1′E,13 km,1.8,---
2024/01/04,22:30:31.5,茨城県南部,36°08.8′N,140°05.8′E,66 km,0.5,---
2024/01/04,22:30:36.7,能登半島沖,37°32.2′N,137°21.6′E,7 km,1.9,---
2024/01/04,22:31:33.9,石川県能登地方,37°20.3′N,136°52.6′E,7 km,不明,---
2024/01/04,22:31:37.0,石川県能登地方,37°12.2′N,136°48.8′E,12 km,2.0,---
2024/01/04,22:32:35.6,石川県能登地方,37°21.5′N,137°04.5′E,10 km,1.2,---
2024/01/04,22:32:43.7,石川県能登地方,37°26.0′N,137°07.7′E,11 km,1.5,---
2024/01/04,22:33:09.7,石川県能登地方,37°28.3′N,137°15.3′E,14 km,1.3,---
2024/01/04,22:33:15.0,石川県能登地方,37°18.6′N,136°49.5′E,11 km,1.4,---
2024/01/04,22:33:29.8,石川県能登地方,37°28.4′N,137°11.1′E,12 km,1.7,---
2024/01/04,22:33:29.8,石川県能登地方,37°18.5′N,136°46.0′E,7 km,1.3,---
2024/01/04,22:34:11.2,石川県能登地方,37°19.3′N,136°54.7′E,10 km,0.8,---
2024/01/04,22:34:41.7,長野県南部,35°53.5′N,137°46.2′E,8 km,-0.3,---
2024/01/04,22:35:01.0,浦河沖,41°54.5′N,142°31.4′E,59 km,2.3,---
2024/01/04,22:35:01.3,石川県能登地方,37°10.7′N,136°50.1′E,10 km,1.1,---
2024/01/04,22:35:18.3,有明海,33°01.7′N,130°14.6′E,14 km,0.3,---
2024/01/04,22:35:53.4,石川県能登地方,37°22.7′N,136°57.7′E,6 km,1.7,---
2024/01/04,22:36:29.3,能登半島沖,37°30.9′N,137°10.2′E,14 km,1.1,---
2024/01/04,22:36:44.6,石川県能登地方,37°27.2′N,137°17.2′E,14 km,1.2,---
2024/01/04,22:37:00.1,能登半島沖,37°30.7′N,137°08.8′E,8 km,1.0,---
2024/01/04,22:37:19.2,能登半島沖,37°15.3′N,136°43.3′E,6 km,1.0,---
2024/01/04,22:37:19.3,石川県能登地方,37°22.2′N,136°57.0′E,8 km,1.2,---
2024/01/04,22:37:19.3,能登半島沖,37°15.0′N,136°43.5′E,6 km,1.0,---
2024/01/04,22:37:36.0,石川県能登地方,37°11.2′N,136°42.1′E,5 km,1.9,---
2024/01/04,22:38:15.0,新潟県上中越沖,37°41.6′N,137°35.9′E,0 km,1.9,---
2024/01/04,22:38:52.6,石川県能登地方,37°22.7′N,136°59.2′E,11 km,1.4,---
2024/01/04,22:40:14.2,佐渡付近,37°45.9′N,137°43.4′E,18 km,1.3,---
2024/01/04,22:40:33.9,佐渡付近,37°54.6′N,137°45.2′E,23 km,2.5,---
2024/01/04,22:41:01.9,能登半島沖,37°37.4′N,137°29.2′E,0 km,2.1,---
2024/01/04,22:41:59.7,石川県能登地方,37°13.5′N,136°42.9′E,11 km,1.2,---
2024/01/04,22:42:25.9,石川県能登地方,37°08.5′N,136°53.2′E,11 km,1.1,---
2024/01/04,22:42:46.1,石川県能登地方,37°23.9′N,136°59.8′E,6 km,2.0,---
2024/01/04,22:43:51.3,佐渡付近,37°49.9′N,137°46.6′E,19 km,0.9,---
2024/01/04,22:44:07.2,能登半島沖,37°30.3′N,137°10.4′E,7 km,1.5,---
2024/01/04,22:44:16.9,福井県嶺北,35°59.7′N,136°20.1′E,4 km,0.6,---
2024/01/04,22:44:50.6,石川県能登地方,37°14.2′N,136°48.7′E,13 km,1.6,---
2024/01/04,22:44:54.6,岐阜県美濃中西部,35°36.7′N,136°36.7′E,15 km,0.3,---
2024/01/04,22:45:06.1,佐渡付近,37°45.1′N,137°39.7′E,18 km,2.1,---
2024/01/04,22:45:46.4,石川県能登地方,37°24.9′N,136°53.1′E,9 km,1.3,---
2024/01/04,22:46:01.4,石川県能登地方,37°09.9′N,136°42.0′E,9 km,1.8,---
2024/01/04,22:46:14.2,栃木県北部,36°38.1′N,139°25.8′E,8 km,0.9,---
2024/01/04,22:46:42.5,石川県能登地方,37°13.5′N,136°47.8′E,5 km,1.2,---
2024/01/04,22:46:57.9,能登半島沖,37°19.8′N,136°43.2′E,8 km,0.9,---
2024/01/04,22:47:08.4,能登半島沖,37°31.8′N,137°12.1′E,0 km,0.9,---
2024/01/04,22:47:27.1,福島県沖,37°40.6′N,141°38.5′E,59 km,1.8,---
2024/01/04,22:47:29.2,佐渡付近,37°55.0′N,137°44.2′E,21 km,2.0,---
2024/01/04,22:47:36.0,能登半島沖,37°35.4′N,137°27.1′E,12 km,2.1,---
2024/01/04,22:48:15.2,石川県能登地方,37°28.1′N,137°08.4′E,10 km,2.7,---
2024/01/04,22:48:21.3,根室半島南東沖,43°09.7′N,145°47.1′E,44 km,1.1,---
2024/01/04,22:48:51.7,能登半島沖,37°06.7′N,136°39.3′E,8 km,2.4,---
2024/01/04,22:49:47.1,富山湾,37°00.4′N,137°20.8′E,17 km,1.1,---
2024/01/04,22:50:23.0,岐阜県飛騨地方,36°03.8′N,137°36.2′E,4 km,0.4,---
2024/01/04,22:50:25.3,能登半島沖,37°19.2′N,136°43.2′E,10 km,1.0,---
2024/01/04,22:50:50.4,石川県能登地方,37°25.8′N,137°03.0′E,7 km,1.1,---
2024/01/04,22:51:53.3,能登半島沖,37°12.3′N,136°39.4′E,5 km,0.6,---
2024/01/04,22:52:12.4,能登半島沖,37°32.6′N,137°11.5′E,11 km,1.2,---
2024/01/04,22:52:16.9,能登半島沖,37°34.9′N,137°25.0′E,9 km,2.6,---
2024/01/04,22:53:33.6,能登半島沖,37°31.3′N,137°08.8′E,5 km,2.2,---
2024/01/04,22:54:16.2,能登半島沖,37°25.2′N,136°58.9′E,1 km,1.4,---
2024/01/04,22:54:59.3,石川県能登地方,37°22.5′N,137°00.1′E,5 km,1.1,---
2024/01/04,22:54:59.8,福井県嶺南,35°28.1′N,135°53.2′E,12 km,0.3,---
2024/01/04,22:55:52.5,能登半島沖,37°25.7′N,136°58.0′E,4 km,1.4,---
2024/01/04,22:56:08.4,石川県能登地方,37°20.2′N,136°49.0′E,11 km,1.5,---
2024/01/04,22:56:54.4,佐渡付近,37°53.9′N,137°45.9′E,13 km,1.5,---
2024/01/04,22:57:15.7,石川県能登地方,37°22.9′N,136°52.2′E,11 km,1.5,---
2024/01/04,22:58:03.0,能登半島沖,37°07.1′N,136°38.9′E,0 km,1.1,---
2024/01/04,22:58:53.6,石川県能登地方,37°14.5′N,136°51.0′E,11 km,1.1,---
2024/01/04,22:58:55.7,佐渡付近,37°53.0′N,137°45.8′E,19 km,2.0,---
2024/01/04,22:59:04.7,能登半島沖,37°11.7′N,136°37.7′E,3 km,1.0,---
2024/01/04,22:59:10.1,鳥島近海,31°37.2′N,140°10.7′E,0 km,4.2,---
2024/01/04,22:59:38.9,石川県能登地方,37°11.8′N,136°46.0′E,6 km,2.4,---
2024/01/04,23:00:43.1,石川県能登地方,37°14.2′N,136°43.4′E,7 km,1.0,---
2024/01/04,23:01:16.1,石川県能登地方,37°28.7′N,137°06.5′E,9 km,0.6,---
2024/01/04,23:01:34.6,福島県沖,37°11.4′N,141°37.1′E,31 km,1.7,---
2024/01/04,23:02:15.2,石川県能登地方,37°22.6′N,136°58.8′E,9 km,1.3,---
2024/01/04,23:03:01.2,石川県能登地方,37°27.3′N,137°15.4′E,15 km,1.3,---
2024/01/04,23:03:27.1,能登半島沖,37°10.1′N,136°39.6′E,1 km,2.0,---
2024/01/04,23:04:27.6,石川県能登地方,37°24.6′N,136°57.7′E,3 km,1.4,---
2024/01/04,23:04:41.7,能登半島沖,37°32.1′N,137°15.0′E,5 km,1.2,---
2024/01/04,23:05:08.5,能登半島沖,37°07.9′N,136°37.8′E,11 km,1.0,---
2024/01/04,23:05:16.7,石川県能登地方,37°20.3′N,136°49.7′E,13 km,1.4,---
2024/01/04,23:05:37.6,福島県沖,37°12.9′N,142°09.1′E,22 km,1.4,---
2024/01/04,23:05:47.5,石川県能登地方,37°27.9′N,137°15.6′E,13 km,1.3,---
2024/01/04,23:05:59.2,佐渡付近,37°55.6′N,137°46.2′E,18 km,2.0,---
2024/01/04,23:06:18.8,福島県沖,37°31.1′N,143°59.9′E,24 km,1.8,---
2024/01/04,23:06:36.9,石川県能登地方,37°13.3′N,136°45.9′E,0 km,1.2,---
2024/01/04,23:06:57.2,新潟県上中越沖,37°38.6′N,137°35.8′E,14 km,2.4,---
2024/01/04,23:07:43.8,石川県能登地方,37°22.5′N,136°51.6′E,0 km,2.0,---
2024/01/04,23:07:58.9,佐渡付近,37°44.4′N,137°36.9′E,18 km,3.9,---
2024/01/04,23:08:12.6,兵庫県南西部,35°05.3′N,134°50.9′E,5 km,0.4,---
2024/01/04,23:09:27.7,茨城県沖,36°08.0′N,141°57.7′E,15 km,3.2,---
2024/01/04,23:09:30.7,石川県能登地方,37°24.1′N,136°52.9′E,11 km,2.2,---
2024/01/04,23:09:58.9,能登半島沖,37°31.0′N,137°13.8′E,8 km,1.6,---
2024/01/04,23:10:17.8,能登半島沖,37°12.0′N,136°40.7′E,2 km,1.3,---
2024/01/04,23:10:33.7,能登半島沖,37°13.6′N,136°37.5′E,3 km,2.5,---
2024/01/04,23:11:03.0,石川県能登地方,37°21.0′N,137°14.6′E,12 km,2.6,---
2024/01/04,23:11:25.2,与那国島近海,24°03.7′N,122°49.2′E,21 km,2.9,---
2024/01/04,23:11:36.1,佐渡付近,37°55.0′N,137°42.1′E,25 km,2.6,---
2024/01/04,23:12:51.9,茨城県南部,36°18.8′N,140°02.0′E,72 km,1.1,---
2024/01/04,23:13:07.1,石川県能登地方,37°25.4′N,137°03.4′E,7 km,1.7,---
2024/01/04,23:13:52.6,石川県能登地方,37°21.5′N,136°59.0′E,7 km,1.7,---
2024/01/04,23:14:06.5,千葉県東方沖,35°13.6′N,141°25.4′E,26 km,1.6,---
2024/01/04,23:14:27.1,静岡県東部,35°10.5′N,138°34.6′E,14 km,0.6,---
2024/01/04,23:15:01.4,石川県能登地方,37°16.6′N,136°57.5′E,5 km,1.2,---
2024/01/04,23:15:06.5,宮城県沖,38°20.3′N,142°08.4′E,38 km,0.9,---
2024/01/04,23:15:18.1,石川県能登地方,37°21.4′N,136°52.4′E,8 km,1.3,---
2024/01/04,23:15:50.3,鹿児島県薩摩地方,31°58.7′N,130°20.9′E,10 km,-0.4,---
2024/01/04,23:15:51.7,石川県能登地方,37°20.5′N,136°50.0′E,10 km,1.7,---
2024/01/04,23:16:00.3,与那国島近海,24°03.1′N,122°47.0′E,19 km,2.1,---
2024/01/04,23:16:08.9,石川県西方沖,37°05.8′N,136°33.6′E,8 km,2.4,---
2024/01/04,23:16:49.4,能登半島沖,37°16.4′N,136°43.4′E,6 km,1.4,---
2024/01/04,23:18:09.5,能登半島沖,37°06.2′N,136°39.7′E,9 km,1.5,---
2024/01/04,23:18:33.3,西表島付近,24°09.0′N,123°37.2′E,19 km,0.8,---
2024/01/04,23:18:59.8,西表島付近,24°09.1′N,123°37.6′E,17 km,1.0,---
2024/01/04,23:19:03.5,能登半島沖,37°07.9′N,136°40.1′E,10 km,0.9,---
2024/01/04,23:19:20.5,石川県能登地方,37°25.4′N,137°06.8′E,11 km,1.7,---
2024/01/04,23:19:53.3,能登半島沖,37°31.9′N,137°24.0′E,8 km,1.8,---
2024/01/04,23:20:28.9,新潟県上中越沖,37°37.2′N,137°33.6′E,7 km,1.9,---
2024/01/04,23:22:00.9,石川県能登地方,37°21.3′N,136°59.1′E,10 km,0.8,---
2024/01/04,23:22:27.3,石川県能登地方,37°23.0′N,137°08.3′E,14 km,1.3,---
2024/01/04,23:22:39.8,石川県能登地方,37°24.5′N,137°06.4′E,11 km,1.3,---
2024/01/04,23:23:25.1,能登半島沖,37°32.8′N,137°15.0′E,9 km,1.3,---
2024/01/04,23:23:44.1,石川県能登地方,37°10.9′N,136°49.0′E,13 km,0.8,---
2024/01/04,23:23:56.1,石川県能登地方,37°31.5′N,137°19.2′E,2 km,1.4,---
2024/01/04,23:23:57.4,長野県中部,36°14.2′N,137°38.7′E,7 km,0.3,---
2024/01/04,23:24:32.0,石川県能登地方,37°13.6′N,136°46.8′E,5 km,0.7,---
2024/01/04,23:24:44.1,岐阜県美濃中西部,35°54.8′N,136°55.6′E,9 km,1.2,---
2024/01/04,23:25:17.0,日向灘,32°07.0′N,131°46.2′E,33 km,0.9,---
2024/01/04,23:25:37.2,石川県能登地方,37°13.3′N,136°50.9′E,10 km,0.9,---
2024/01/04,23:26:08.8,石川県能登地方,37°20.5′N,136°53.2′E,7 km,1.8,---
2024/01/04,23:26:51.3,石川県能登地方,37°14.1′N,136°48.0′E,0 km,1.2,---
2024/01/04,23:27:05.7,長野県中部,36°13.4′N,137°48.4′E,4 km,-0.5,---
2024/01/04,23:27:18.8,佐渡付近,37°43.5′N,137°37.8′E,15 km,1.4,---
2024/01/04,23:28:05.6,石川県能登地方,37°08.5′N,136°48.7′E,7 km,0.6,---
2024/01/04,23:28:38.8,石川県能登地方,37°08.6′N,136°49.2′E,8 km,0.7,---
2024/01/04,23:28:40.3,佐渡付近,37°43.1′N,137°35.2′E,11 km,1.1,---
2024/01/04,23:29:07.7,宮城県沖,37°58.8′N,141°39.9′E,48 km,1.0,---
2024/01/04,23:29:47.4,石川県能登地方,37°23.0′N,136°56.2′E,10 km,1.0,---
2024/01/04,23:31:06.8,石川県能登地方,37°27.7′N,137°08.4′E,12 km,0.8,---
2024/01/04,23:31:17.4,石川県能登地方,37°19.1′N,136°45.5′E,8 km,1.5,---
2024/01/04,23:32:28.9,石川県能登地方,37°14.2′N,136°45.3′E,11 km,2.2,---
2024/01/04,23:33:05.5,種子島近海,30°14.2′N,130°20.1′E,16 km,0.8,---
2024/01/04,23:33:13.6,佐渡付近,37°54.8′N,137°45.1′E,21 km,2.6,---
2024/01/04,23:33:15.1,石川県能登地方,37°20.6′N,136°48.4′E,9 km,1.6,---
2024/01/04,23:33:32.0,和歌山県南部,33°30.5′N,135°46.6′E,27 km,0.8,---
2024/01/04,23:33:49.5,石川県能登地方,37°11.0′N,136°42.3′E,6 km,2.8,---
2024/01/04,23:33:52.2,五島列島近海,33°06.6′N,129°36.1′E,10 km,0.1,---
2024/01/04,23:34:38.2,石川県能登地方,37°12.9′N,136°44.1′E,7 km,1.4,---
2024/01/04,23:35:30.0,石川県能登地方,37°17.7′N,136°49.3′E,12 km,0.9,---
2024/01/04,23:35:46.0,能登半島沖,37°10.1′N,136°39.5′E,10 km,2.8,---
2024/01/04,23:36:30.0,群馬県南部,36°18.7′N,139°16.1′E,145 km,1.0,---
2024/01/04,23:36:38.6,福島県中通り,37°17.0′N,139°59.9′E,8 km,1.1,---
2024/01/04,23:36:41.2,能登半島沖,37°08.8′N,136°42.4′E,8 km,1.0,---
2024/01/04,23:37:14.5,福島県中通り,37°16.8′N,139°59.7′E,8 km,0.4,---
2024/01/04,23:37:16.6,石川県能登地方,37°21.1′N,136°55.2′E,9 km,1.0,---
2024/01/04,23:37:42.0,石川県能登地方,37°16.2′N,136°47.7′E,8 km,1.6,---
2024/01/04,23:38:00.4,能登半島沖,37°33.1′N,137°19.7′E,10 km,1.9,---
2024/01/04,23:39:03.1,三陸沖,39°54.4′N,143°57.1′E,44 km,0.9,---
2024/01/04,23:39:56.3,石川県能登地方,37°27.5′N,137°15.9′E,13 km,1.3,---
2024/01/04,23:40:12.6,与那国島近海,24°03.3′N,122°49.0′E,18 km,2.3,---
2024/01/04,23:40:34.0,石川県能登地方,37°20.4′N,136°47.6′E,11 km,1.1,---
2024/01/04,23:41:38.4,石川県能登地方,37°12.2′N,136°50.7′E,4 km,0.8,---
2024/01/04,23:42:17.2,石川県能登地方,37°11.2′N,136°54.0′E,11 km,0.9,---
2024/01/04,23:42:37.7,石川県能登地方,37°17.1′N,136°53.7′E,12 km,1.2,---
2024/01/04,23:42:46.2,石川県能登地方,37°28.3′N,137°11.2′E,10 km,1.7,---
2024/01/04,23:43:27.2,石川県能登地方,37°13.6′N,136°48.3′E,9 km,0.7,---
2024/01/04,23:43:59.9,福島県沖,37°50.0′N,141°37.0′E,49 km,1.9,---
2024/01/04,23:44:04.6,石川県能登地方,37°11.1′N,136°46.2′E,10 km,0.7,---
2024/01/04,23:44:21.2,石川県能登地方,37°17.8′N,136°49.0′E,0 km,0.9,---
2024/01/04,23:44:41.8,石川県能登地方,37°21.5′N,136°57.6′E,9 km,1.6,---
2024/01/04,23:45:04.7,能登半島沖,37°37.2′N,137°20.3′E,9 km,1.9,---
2024/01/04,23:45:20.9,佐渡付近,37°43.4′N,137°43.2′E,18 km,1.9,---
2024/01/04,23:46:39.9,能登半島沖,37°37.8′N,137°27.9′E,10 km,1.2,---
2024/01/04,23:46:59.5,石川県能登地方,37°21.5′N,136°58.9′E,9 km,1.4,---
2024/01/04,23:47:04.3,新潟県上中越沖,37°41.5′N,137°39.6′E,20 km,2.2,---
2024/01/04,23:47:33.4,大阪府北部,34°36.4′N,135°33.0′E,13 km,1.0,---
2024/01/04,23:47:48.8,石川県能登地方,37°24.7′N,137°12.7′E,15 km,1.2,---
2024/01/04,23:47:57.8,石川県能登地方,37°23.9′N,136°52.3′E,6 km,1.1,---
2024/01/04,23:48:11.9,大隅半島東方沖,31°08.6′N,131°15.6′E,47 km,1.2,---
2024/01/04,23:48:21.6,能登半島沖,37°37.8′N,137°29.4′E,6 km,1.9,---
2024/01/04,23:49:17.5,新潟県上中越沖,37°39.8′N,137°34.0′E,9 km,1.4,---
2024/01/04,23:50:05.0,富山湾,37°16.1′N,137°09.3′E,15 km,2.2,---
2024/01/04,23:50:47.9,富山湾,37°19.4′N,137°23.9′E,14 km,1.3,---
2024/01/04,23:51:05.5,石川県能登地方,37°14.9′N,136°50.7′E,12 km,2.6,---
2024/01/04,23:51:48.5,石川県能登地方,37°28.1′N,137°08.3′E,10 km,2.5,---
2024/01/04,23:52:25.1,能登半島沖,37°13.8′N,136°37.4′E,4 km,1.9,---
2024/01/04,23:53:01.5,茨城県北部,36°48.1′N,140°31.8′E,12 km,0.5,---
2024/01/04,23:53:17.1,石川県能登地方,37°18.3′N,136°51.4′E,12 km,2.1,---
2024/01/04,23:54:18.9,釧路沖,42°38.8′N,145°22.3′E,30 km,1.3,---
2024/01/04,23:54:55.6,石川県能登地方,37°21.7′N,136°47.0′E,7 km,1.5,---
2024/01/04,23:55:05.7,福島県沖,37°48.6′N,141°35.9′E,50 km,1.2,---
2024/01/04,23:55:22.5,台湾付近,24°49.7′N,121°56.0′E,39 km,2.4,---
2024/01/04,23:55:50.2,石川県能登地方,37°09.5′N,136°41.1′E,1 km,0.6,---
2024/01/04,23:56:00.5,能登半島沖,37°38.6′N,137°29.4′E,10 km,1.6,---
2024/01/04,23:56:45.1,石川県能登地方,37°23.4′N,136°57.5′E,11 km,1.1,---
2024/01/04,23:57:09.1,能登半島沖,37°39.2′N,137°26.6′E,12 km,1.6,---
2024/01/04,23:58:38.6,石川県能登地方,37°10.1′N,136°46.4′E,8 km,1.3,---
