地震の発生日,地震の発生時刻,震央地名,緯度,経度,深さ,Ｍ,最大震度
2026/08/01,00:00:26.3,熊本県熊本地方,32°31.6′N,130°35.8′E,13 km,0.5,---
2026/08/01,00:02:15.0,熊本県熊本地方,32°35.7′N,130°42.2′E,10 km,0.2,---
2026/08/01,00:02:25.8,奄美大島近海,28°11.5′N,129°24.2′E,16 km,0.5,---
2026/08/01,00:02:43.2,熊本県天草・芦北地方,32°36.1′N,130°32.2′E,12 km,0.0,---
2026/08/01,00:03:01.6,熊本県熊本地方,32°34.0′N,130°37.2′E,13 km,0.4,---
2026/08/01,00:03:40.1,熊本県熊本地方,32°38.0′N,130°43.3′E,11 km,0.2,---
2026/08/01,00:04:19.8,宮城県北部,38°56.0′N,140°52.8′E,6 km,0.0,---
2026/08/01,00:04:28.8,熊本県熊本地方,32°30.9′N,130°35.3′E,14 km,0.4,---
2026/08/01,00:04:36.9,滋賀県北部,35°20.4′N,136°25.2′E,15 km,0.1,---
2026/08/01,00:04:47.7,茨城県北部,36°19.7′N,140°30.6′E,60 km,0.9,---
2026/08/01,00:05:28.1,熊本県熊本地方,32°39.7′N,130°42.0′E,16 km,2.5,---
2026/08/01,00:06:33.2,熊本県天草・芦北地方,32°27.2′N,130°32.9′E,7 km,0.6,---
2026/08/01,00:06:52.6,福島県沖,37°37.7′N,141°33.5′E,53 km,1.0,---
2026/08/01,00:07:12.8,熊本県熊本地方,32°29.2′N,130°34.2′E,4 km,0.9,---
2026/08/01,00:07:34.7,熊本県天草・芦北地方,32°27.8′N,130°32.6′E,10 km,0.6,---
2026/08/01,00:08:00.9,宮古島近海,24°50.6′N,125°03.3′E,54 km,1.1,---
2026/08/01,00:08:32.3,熊本県天草・芦北地方,32°23.4′N,130°29.9′E,10 km,0.3,---
2026/08/01,00:08:54.2,熊本県天草・芦北地方,32°28.8′N,130°34.0′E,2 km,0.0,---
2026/08/01,00:08:57.4,福島県沖,37°37.7′N,144°45.6′E,48 km,2.2,---
2026/08/01,00:09:02.6,茨城県北部,36°45.1′N,140°34.6′E,9 km,-0.7,---
2026/08/01,00:09:36.0,熊本県熊本地方,32°28.3′N,130°35.8′E,0 km,0.8,---
2026/08/01,00:10:01.0,熊本県天草・芦北地方,32°27.8′N,130°33.7′E,10 km,0.1,---
2026/08/01,00:10:15.6,熊本県熊本地方,32°33.2′N,130°37.0′E,6 km,1.4,---
2026/08/01,00:10:50.1,熊本県熊本地方,32°40.7′N,130°43.0′E,14 km,2.5,---
2026/08/01,00:12:11.6,熊本県天草・芦北地方,32°30.5′N,130°32.8′E,12 km,0.7,---
2026/08/01,00:12:44.1,茨城県北部,36°45.1′N,140°35.0′E,9 km,0.9,---
2026/08/01,00:13:46.6,熊本県熊本地方,32°41.3′N,130°43.0′E,19 km,0.5,---
2026/08/01,00:14:11.5,熊本県熊本地方,32°41.4′N,130°43.1′E,15 km,0.1,---
2026/08/01,00:14:34.8,熊本県天草・芦北地方,32°19.1′N,130°28.5′E,8 km,0.5,---
2026/08/01,00:15:13.1,熊本県熊本地方,32°39.9′N,130°42.6′E,15 km,0.3,---
2026/08/01,00:15:36.3,青森県東方沖,41°21.5′N,142°22.6′E,38 km,0.9,---
2026/08/01,00:15:57.4,熊本県熊本地方,32°39.7′N,130°41.6′E,16 km,0.5,---
2026/08/01,00:16:08.8,熊本県熊本地方,32°39.7′N,130°41.6′E,16 km,0.8,---
2026/08/01,00:17:19.6,熊本県熊本地方,32°32.1′N,130°36.3′E,13 km,1.2,---
2026/08/01,00:17:39.2,熊本県熊本地方,32°38.7′N,130°42.6′E,13 km,0.8,---
2026/08/01,00:18:28.2,西表島付近,24°02.9′N,123°42.6′E,14 km,2.3,---
2026/08/01,00:19:00.1,熊本県熊本地方,32°38.3′N,130°40.8′E,9 km,0.9,---
2026/08/01,00:19:25.4,奄美大島北西沖,28°13.6′N,128°10.3′E,16 km,1.4,---
2026/08/01,00:19:35.0,浦河沖,42°16.1′N,142°22.0′E,55 km,0.2,---
2026/08/01,00:19:56.4,熊本県天草・芦北地方,32°28.4′N,130°32.8′E,14 km,0.9,---
2026/08/01,00:20:18.7,熊本県熊本地方,32°34.1′N,130°37.7′E,10 km,0.8,---
2026/08/01,00:21:23.7,熊本県熊本地方,32°31.6′N,130°34.3′E,12 km,0.5,---
2026/08/01,00:21:44.5,天草灘,31°58.9′N,130°11.7′E,5 km,0.3,---
2026/08/01,00:22:04.9,熊本県熊本地方,32°34.0′N,130°37.9′E,10 km,0.8,---
2026/08/01,00:22:27.4,熊本県天草・芦北地方,32°28.5′N,130°32.0′E,8 km,0.3,---
2026/08/01,00:22:33.0,福島県沖,37°51.4′N,141°35.2′E,46 km,0.8,---
2026/08/01,00:22:39.5,天草灘,31°59.4′N,130°11.4′E,3 km,1.2,---
2026/08/01,00:22:47.5,熊本県熊本地方,32°38.8′N,130°46.7′E,9 km,0.4,---
2026/08/01,00:23:00.0,千葉県北西部,35°51.8′N,140°28.0′E,36 km,0.5,---
2026/08/01,00:23:48.5,熊本県熊本地方,32°38.1′N,130°43.7′E,11 km,0.4,---
2026/08/01,00:24:32.4,熊本県熊本地方,32°40.0′N,130°44.0′E,10 km,0.2,---
2026/08/01,00:25:45.1,与那国島近海,24°06.8′N,122°48.6′E,52 km,2.6,---
2026/08/01,00:26:04.3,熊本県天草・芦北地方,32°23.7′N,130°29.2′E,7 km,0.9,---
2026/08/01,00:26:31.2,熊本県熊本地方,32°39.1′N,130°43.1′E,11 km,-0.1,---
2026/08/01,00:26:49.5,熊本県熊本地方,32°34.2′N,130°39.6′E,8 km,0.3,---
2026/08/01,00:27:33.9,熊本県天草・芦北地方,32°29.4′N,130°31.7′E,14 km,0.3,---
2026/08/01,00:28:03.5,石垣島北西沖,25°21.6′N,122°36.2′E,250 km,3.8,---
2026/08/01,00:29:58.3,熊本県天草・芦北地方,32°27.5′N,130°31.5′E,12 km,0.3,---
2026/08/01,00:30:17.2,熊本県熊本地方,32°43.9′N,130°45.5′E,10 km,0.2,---
2026/08/01,00:30:21.4,三陸沖,40°09.5′N,143°11.3′E,6 km,1.6,---
2026/08/01,00:31:04.9,熊本県天草・芦北地方,32°29.3′N,130°31.1′E,7 km,0.1,---
2026/08/01,00:31:28.1,熊本県天草・芦北地方,32°27.6′N,130°32.8′E,3 km,0.0,---
2026/08/01,00:31:32.4,宮古島近海,24°49.3′N,125°22.2′E,49 km,3.0,---
2026/08/01,00:32:54.1,上川地方南部,43°24.8′N,142°35.8′E,3 km,0.0,---
2026/08/01,00:33:02.8,熊本県熊本地方,32°40.4′N,130°42.9′E,15 km,0.4,---
2026/08/01,00:33:55.2,熊本県熊本地方,32°38.8′N,130°41.9′E,15 km,0.5,---
2026/08/01,00:34:03.6,熊本県熊本地方,32°38.2′N,130°44.0′E,8 km,0.4,---
2026/08/01,00:34:34.1,奄美大島北西沖,28°15.4′N,128°10.7′E,9 km,1.3,---
2026/08/01,00:34:42.0,熊本県熊本地方,32°42.3′N,130°43.4′E,15 km,0.1,---
2026/08/01,00:35:06.5,熊本県熊本地方,32°33.1′N,130°38.7′E,6 km,0.3,---
2026/08/01,00:35:23.8,熊本県天草・芦北地方,32°24.9′N,130°28.6′E,8 km,0.0,---
2026/08/01,00:35:31.2,熊本県熊本地方,32°35.5′N,130°39.7′E,8 km,1.2,---
2026/08/01,00:36:20.7,和歌山県南部,33°42.6′N,135°30.5′E,11 km,0.4,---
2026/08/01,00:37:02.8,和歌山県南部,33°42.6′N,135°30.4′E,11 km,0.4,---
2026/08/01,00:37:24.7,熊本県熊本地方,32°36.9′N,130°41.7′E,6 km,0.7,---
2026/08/01,00:37:42.4,熊本県熊本地方,32°42.8′N,130°46.0′E,9 km,0.8,---
2026/08/01,00:38:12.9,熊本県天草・芦北地方,32°23.0′N,130°29.7′E,0 km,0.4,---
2026/08/01,00:38:33.3,熊本県天草・芦北地方,32°28.8′N,130°33.6′E,3 km,0.5,---
2026/08/01,00:39:28.9,長野県北部,36°34.5′N,137°51.2′E,1 km,-0.8,---
2026/08/01,00:39:54.8,青森県津軽南部,40°36.1′N,140°29.7′E,10 km,0.2,---
2026/08/01,00:40:06.7,熊本県天草・芦北地方,32°18.0′N,130°27.4′E,0 km,0.2,---
2026/08/01,00:40:24.2,熊本県熊本地方,32°33.1′N,130°36.7′E,12 km,1.4,---
2026/08/01,00:41:10.3,青森県東方沖,40°42.0′N,142°16.9′E,47 km,1.1,---
2026/08/01,00:41:37.5,熊本県天草・芦北地方,32°27.7′N,130°34.3′E,0 km,0.5,---
2026/08/01,00:42:21.3,熊本県天草・芦北地方,32°30.7′N,130°33.0′E,12 km,0.2,---
2026/08/01,00:42:27.1,熊本県熊本地方,32°32.4′N,130°36.3′E,13 km,1.3,---
2026/08/01,00:42:47.3,熊本県天草・芦北地方,32°24.7′N,130°29.6′E,1 km,1.7,---
2026/08/01,00:44:19.9,熊本県熊本地方,32°39.2′N,130°45.3′E,9 km,0.2,---
2026/08/01,00:44:23.7,熊本県熊本地方,32°32.6′N,130°36.9′E,12 km,0.8,---
2026/08/01,00:45:10.1,奄美大島北西沖,28°13.7′N,128°12.7′E,0 km,1.2,---
2026/08/01,00:45:42.7,熊本県熊本地方,32°40.2′N,130°44.3′E,10 km,-0.1,---
2026/08/01,00:45:57.6,熊本県天草・芦北地方,32°18.4′N,130°25.7′E,12 km,0.0,---
2026/08/01,00:46:12.3,熊本県熊本地方,32°30.8′N,130°35.3′E,9 km,0.9,---
2026/08/01,00:46:25.6,奄美大島北西沖,28°14.9′N,128°09.5′E,22 km,2.1,---
2026/08/01,00:46:32.7,熊本県熊本地方,32°32.0′N,130°36.1′E,9 km,0.7,---
2026/08/01,00:46:52.7,奄美大島北西沖,28°16.2′N,128°08.7′E,23 km,2.3,---
2026/08/01,00:47:35.9,熊本県熊本地方,32°41.3′N,130°44.4′E,7 km,0.3,---
2026/08/01,00:47:36.5,宮崎県北部平野部,32°25.7′N,131°31.4′E,13 km,1.1,---
2026/08/01,00:47:59.9,青森県西方沖,41°10.9′N,139°06.9′E,21 km,1.4,---
2026/08/01,00:48:17.9,熊本県熊本地方,32°38.4′N,130°44.3′E,10 km,0.4,---
2026/08/01,00:48:39.8,和歌山県南方沖,33°30.7′N,135°33.5′E,21 km,0.5,---
2026/08/01,00:48:40.8,熊本県熊本地方,32°32.0′N,130°35.9′E,1 km,0.5,---
2026/08/01,00:48:56.9,三重県南東沖,33°50.1′N,136°57.2′E,31 km,0.7,---
2026/08/01,00:49:07.1,奄美大島北西沖,28°15.7′N,128°08.6′E,19 km,1.8,---
2026/08/01,00:49:22.9,熊本県熊本地方,32°38.2′N,130°43.5′E,4 km,0.4,---
2026/08/01,00:49:51.4,熊本県熊本地方,32°37.6′N,130°41.7′E,11 km,0.2,---
2026/08/01,00:50:10.4,沖縄本島近海,27°17.4′N,128°55.2′E,26 km,1.0,---
2026/08/01,00:50:49.2,熊本県天草・芦北地方,32°19.0′N,130°25.5′E,8 km,0.5,---
2026/08/01,00:51:10.6,茨城県北部,36°45.3′N,140°34.2′E,8 km,-0.6,---
2026/08/01,00:51:38.0,十勝地方中部,42°44.3′N,143°24.4′E,43 km,1.0,---
2026/08/01,00:51:54.7,熊本県熊本地方,32°34.8′N,130°36.8′E,13 km,0.4,---
2026/08/01,00:52:19.3,大分県中部,33°15.3′N,131°19.0′E,9 km,1.3,---
2026/08/01,00:52:30.2,熊本県天草・芦北地方,32°14.3′N,130°30.3′E,0 km,1.5,---
2026/08/01,00:52:34.5,北海道南西沖,41°39.3′N,139°56.7′E,157 km,1.9,---
2026/08/01,00:52:55.5,熊本県熊本地方,32°33.0′N,130°39.4′E,2 km,0.9,---
2026/08/01,00:53:32.7,熊本県熊本地方,32°33.9′N,130°38.3′E,5 km,0.7,---
2026/08/01,00:55:03.9,福島県会津,37°03.0′N,139°24.8′E,7 km,0.9,---
2026/08/01,00:55:30.0,熊本県熊本地方,32°38.9′N,130°40.9′E,9 km,0.2,---
2026/08/01,00:56:10.8,熊本県熊本地方,32°40.5′N,130°43.7′E,13 km,-0.1,---
2026/08/01,00:56:34.2,奄美大島北東沖,29°34.0′N,130°17.1′E,23 km,0.8,---
2026/08/01,00:57:03.1,大分県中部,33°15.3′N,131°18.9′E,9 km,0.9,---
2026/08/01,00:57:27.9,熊本県熊本地方,32°38.3′N,130°44.1′E,11 km,2.3,---
2026/08/01,00:58:08.9,熊本県熊本地方,32°44.0′N,130°47.2′E,8 km,1.8,---
2026/08/01,00:58:57.5,和歌山県北部,34°04.1′N,135°19.8′E,6 km,-1.1,---
2026/08/01,00:59:26.5,熊本県熊本地方,32°43.8′N,130°46.3′E,11 km,-0.2,---
2026/08/01,00:59:30.0,北海道南西沖,41°46.7′N,139°21.6′E,16 km,1.8,---
2026/08/01,01:00:11.0,熊本県熊本地方,32°34.5′N,130°37.6′E,13 km,1.3,---
2026/08/01,01:01:00.6,熊本県熊本地方,32°40.7′N,130°42.6′E,11 km,0.6,---
2026/08/01,01:01:40.5,熊本県熊本地方,32°34.2′N,130°37.6′E,8 km,1.5,---
2026/08/01,01:02:13.1,熊本県熊本地方,32°34.2′N,130°38.1′E,13 km,0.6,---
2026/08/01,01:02:16.3,宮崎県南部山沿い,32°03.4′N,131°02.4′E,9 km,1.0,---
2026/08/01,01:03:04.3,熊本県熊本地方,32°41.0′N,130°46.4′E,15 km,1.4,---
2026/08/01,01:04:59.2,熊本県熊本地方,32°36.6′N,130°42.0′E,9 km,0.4,---
2026/08/01,01:05:23.9,熊本県天草・芦北地方,32°23.6′N,130°29.5′E,7 km,0.3,---
2026/08/01,01:05:34.9,奄美大島北西沖,28°14.9′N,128°09.7′E,12 km,2.7,---
2026/08/01,01:05:36.5,熊本県熊本地方,32°41.3′N,130°43.7′E,14 km,0.4,---
2026/08/01,01:06:05.2,熊本県天草・芦北地方,32°29.2′N,130°31.5′E,9 km,0.0,---
2026/08/01,01:06:40.9,熊本県熊本地方,32°40.9′N,130°42.3′E,15 km,0.5,---
2026/08/01,01:07:38.4,奄美大島北西沖,28°14.9′N,128°11.4′E,10 km,1.2,---
2026/08/01,01:07:44.5,熊本県熊本地方,32°33.0′N,130°36.3′E,13 km,0.5,---
2026/08/01,01:08:03.8,熊本県天草・芦北地方,32°25.8′N,130°31.7′E,11 km,0.5,---
2026/08/01,01:09:02.7,茨城県北部,36°45.1′N,140°34.9′E,9 km,1.7,---
2026/08/01,01:09:22.3,熊本県天草・芦北地方,32°30.2′N,130°32.3′E,11 km,0.5,---
2026/08/01,01:10:13.6,熊本県熊本地方,32°40.3′N,130°42.8′E,15 km,0.4,---
2026/08/01,01:10:18.2,岐阜県美濃中西部,35°45.2′N,136°51.0′E,12 km,0.3,---
2026/08/01,01:10:25.9,熊本県熊本地方,32°33.0′N,130°37.4′E,7 km,0.6,---
2026/08/01,01:11:06.5,秋田県内陸北部,39°58.6′N,140°33.0′E,2 km,0.2,---
2026/08/01,01:11:47.3,秋田県内陸南部,39°28.5′N,140°24.6′E,10 km,0.3,---
2026/08/01,01:12:15.9,千葉県南東沖,34°32.5′N,140°26.1′E,55 km,1.1,---
2026/08/01,01:12:20.2,和歌山県南部,33°45.3′N,135°34.2′E,23 km,0.2,---
2026/08/01,01:13:34.6,熊本県天草・芦北地方,32°26.4′N,130°32.9′E,0 km,0.0,---
2026/08/01,01:14:58.6,熊本県熊本地方,32°32.1′N,130°36.3′E,2 km,0.5,---
2026/08/01,01:15:59.3,奄美大島北西沖,28°14.4′N,128°10.2′E,9 km,2.3,---
2026/08/01,01:16:23.5,熊本県天草・芦北地方,32°19.0′N,130°27.4′E,9 km,0.3,---
2026/08/01,01:17:55.5,熊本県天草・芦北地方,32°24.9′N,130°28.5′E,9 km,0.9,---
2026/08/01,01:19:23.5,熊本県熊本地方,32°41.4′N,130°45.4′E,7 km,1.0,---
2026/08/01,01:20:06.6,沖縄本島近海,26°20.5′N,127°20.0′E,53 km,2.1,---
2026/08/01,01:21:24.5,熊本県天草・芦北地方,32°26.6′N,130°33.0′E,2 km,0.5,---
2026/08/01,01:21:47.9,熊本県天草・芦北地方,32°26.6′N,130°32.9′E,1 km,0.9,---
2026/08/01,01:22:20.3,熊本県熊本地方,32°38.3′N,130°42.8′E,10 km,0.7,---
2026/08/01,01:22:27.5,熊本県天草・芦北地方,32°28.5′N,130°31.9′E,9 km,1.1,---
2026/08/01,01:22:40.9,熊本県熊本地方,32°34.2′N,130°38.4′E,9 km,1.0,---
2026/08/01,01:22:57.1,熊本県天草・芦北地方,32°27.8′N,130°32.2′E,8 km,2.3,---
2026/08/01,01:23:27.1,熊本県熊本地方,32°42.6′N,130°46.0′E,8 km,1.0,---
2026/08/01,01:23:27.9,熊本県天草・芦北地方,32°14.0′N,130°24.7′E,2 km,0.8,---
2026/08/01,01:24:26.2,釧路地方北部,43°33.5′N,144°19.4′E,4 km,0.3,---
2026/08/01,01:24:45.0,熊本県熊本地方,32°51.5′N,130°53.4′E,11 km,0.2,---
2026/08/01,01:25:35.9,奄美大島北西沖,28°15.4′N,128°09.9′E,15 km,1.2,---
2026/08/01,01:25:48.6,熊本県熊本地方,32°37.0′N,130°42.9′E,3 km,-0.2,---
2026/08/01,01:26:36.5,熊本県天草・芦北地方,32°24.8′N,130°29.4′E,5 km,1.1,---
2026/08/01,01:26:51.0,奄美大島北西沖,28°16.1′N,128°10.3′E,15 km,1.6,---
2026/08/01,01:27:26.7,熊本県天草・芦北地方,32°19.4′N,130°22.3′E,15 km,0.3,---
2026/08/01,01:28:01.4,熊本県阿蘇地方,32°54.3′N,131°01.2′E,10 km,0.4,---
2026/08/01,01:28:06.5,熊本県熊本地方,32°32.2′N,130°34.8′E,6 km,1.0,---
2026/08/01,01:28:37.3,熊本県熊本地方,32°41.3′N,130°43.7′E,11 km,0.5,---
2026/08/01,01:29:01.1,山口県中部,34°24.5′N,131°36.0′E,31 km,0.1,---
2026/08/01,01:30:03.2,国後島付近,43°50.8′N,145°26.9′E,148 km,1.9,---
2026/08/01,01:30:04.9,熊本県天草・芦北地方,32°27.9′N,130°32.1′E,7 km,1.1,---
2026/08/01,01:31:15.1,熊本県天草・芦北地方,32°28.4′N,130°33.9′E,11 km,0.8,---
2026/08/01,01:31:44.3,熊本県熊本地方,32°33.9′N,130°37.6′E,14 km,0.4,---
2026/08/01,01:31:57.2,熊本県熊本地方,32°33.6′N,130°39.5′E,6 km,1.0,---
2026/08/01,01:32:37.5,熊本県天草・芦北地方,32°20.8′N,130°28.0′E,7 km,0.4,---
2026/08/01,01:32:51.5,和歌山県北部,34°03.7′N,135°18.8′E,10 km,-0.4,---
2026/08/01,01:34:41.0,熊本県熊本地方,32°31.8′N,130°35.8′E,4 km,0.6,---
2026/08/01,01:34:50.0,岩手県内陸北部,40°15.3′N,141°12.0′E,6 km,0.8,---
2026/08/01,01:35:28.0,熊本県天草・芦北地方,32°30.6′N,130°32.8′E,6 km,0.1,---
2026/08/01,01:36:12.2,熊本県熊本地方,32°34.0′N,130°37.6′E,10 km,0.8,---
2026/08/01,01:36:40.6,茨城県北部,36°38.1′N,140°36.4′E,8 km,0.6,---
2026/08/01,01:37:36.5,和歌山県北部,34°04.0′N,135°18.9′E,10 km,-0.5,---
2026/08/01,01:38:02.3,熊本県天草・芦北地方,32°30.7′N,130°32.2′E,13 km,2.1,---
2026/08/01,01:38:12.3,西表島付近,24°03.5′N,123°43.1′E,14 km,1.4,---
2026/08/01,01:38:53.8,熊本県天草・芦北地方,32°28.1′N,130°32.5′E,7 km,1.1,---
2026/08/01,01:40:26.5,熊本県熊本地方,32°32.8′N,130°38.9′E,5 km,0.6,---
2026/08/01,01:40:44.9,熊本県熊本地方,32°29.8′N,130°34.2′E,13 km,0.2,---
2026/08/01,01:41:04.0,熊本県熊本地方,32°35.5′N,130°42.3′E,8 km,1.1,---
2026/08/01,01:41:52.5,熊本県熊本地方,32°39.8′N,130°42.9′E,15 km,-0.2,---
2026/08/01,01:42:05.8,浦河沖,42°02.5′N,142°47.1′E,57 km,0.7,---
2026/08/01,01:44:24.1,熊本県熊本地方,32°38.4′N,130°43.8′E,8 km,1.1,---
2026/08/01,01:45:34.8,熊本県熊本地方,32°38.2′N,130°43.0′E,10 km,1.2,---
2026/08/01,01:46:30.5,徳島県南部,33°50.9′N,134°38.1′E,9 km,0.0,---
2026/08/01,01:47:50.4,天草灘,31°59.5′N,130°11.5′E,3 km,0.6,---
2026/08/01,01:48:36.5,東京湾,35°35.6′N,139°49.7′E,25 km,0.5,---
2026/08/01,01:48:47.8,熊本県熊本地方,32°39.0′N,130°41.3′E,15 km,2.4,---
2026/08/01,01:49:42.5,熊本県熊本地方,32°40.1′N,130°43.7′E,10 km,0.5,---
2026/08/01,01:50:02.1,三陸沖,40°01.5′N,143°09.1′E,14 km,1.0,---
2026/08/01,01:50:03.3,熊本県熊本地方,32°33.7′N,130°37.2′E,10 km,0.3,---
2026/08/01,01:50:24.5,埼玉県南部,35°52.0′N,139°28.4′E,129 km,1.3,---
2026/08/01,01:50:50.8,熊本県熊本地方,32°31.6′N,130°35.7′E,12 km,0.4,---
2026/08/01,01:51:19.0,熊本県熊本地方,32°30.8′N,130°34.5′E,17 km,0.8,---
2026/08/01,01:52:12.1,熊本県熊本地方,32°39.0′N,130°41.9′E,13 km,0.8,---
2026/08/01,01:53:17.3,奄美大島北東沖,29°23.1′N,130°29.9′E,27 km,1.7,---
2026/08/01,01:54:23.4,岩手県沖,40°11.3′N,142°53.9′E,4 km,1.5,---
2026/08/01,01:54:36.6,熊本県天草・芦北地方,32°17.3′N,130°24.9′E,12 km,0.2,---
2026/08/01,01:55:10.0,熊本県熊本地方,32°34.0′N,130°40.8′E,9 km,0.1,---
2026/08/01,01:55:53.1,熊本県熊本地方,32°32.1′N,130°35.9′E,12 km,0.8,---
2026/08/01,01:56:36.1,岩手県内陸南部,39°00.6′N,140°53.6′E,9 km,0.6,---
2026/08/01,01:56:50.3,長野県中部,36°27.3′N,137°57.8′E,12 km,-0.4,---
2026/08/01,01:57:14.9,熊本県熊本地方,32°35.2′N,130°38.1′E,13 km,1.1,---
2026/08/01,01:57:43.7,熊本県熊本地方,32°33.7′N,130°40.4′E,9 km,0.1,---
2026/08/01,01:58:49.6,熊本県天草・芦北地方,32°27.6′N,130°30.6′E,10 km,0.7,---
2026/08/01,01:59:45.1,熊本県天草・芦北地方,32°28.8′N,130°32.7′E,8 km,0.3,---
2026/08/01,02:00:11.9,石川県加賀地方,36°17.3′N,136°44.6′E,8 km,0.3,---
2026/08/01,02:00:13.8,熊本県熊本地方,32°32.5′N,130°39.6′E,8 km,0.7,---
2026/08/01,02:00:20.3,熊本県熊本地方,32°40.5′N,130°44.5′E,11 km,1.0,---
2026/08/01,02:01:02.4,熊本県天草・芦北地方,32°17.1′N,130°24.7′E,10 km,0.0,---
2026/08/01,02:01:39.7,福島県沖,37°49.6′N,141°36.7′E,47 km,0.8,---
2026/08/01,02:01:50.9,熊本県熊本地方,32°35.8′N,130°37.0′E,15 km,0.4,---
2026/08/01,02:03:19.6,熊本県熊本地方,32°32.2′N,130°40.1′E,9 km,0.3,---
2026/08/01,02:03:34.6,熊本県熊本地方,32°30.9′N,130°34.9′E,9 km,0.6,---
2026/08/01,02:03:55.8,熊本県熊本地方,32°30.0′N,130°35.1′E,13 km,0.0,---
2026/08/01,02:04:38.5,熊本県天草・芦北地方,32°28.7′N,130°33.7′E,7 km,0.7,---
2026/08/01,02:05:25.9,宮古島近海,24°13.9′N,125°09.9′E,15 km,1.2,---
2026/08/01,02:05:34.8,熊本県熊本地方,32°33.2′N,130°36.8′E,12 km,0.1,---
2026/08/01,02:05:50.5,熊本県熊本地方,32°34.0′N,130°39.0′E,8 km,0.8,---
2026/08/01,02:08:14.9,熊本県熊本地方,32°40.0′N,130°43.2′E,11 km,-0.5,---
2026/08/01,02:08:22.8,熊本県熊本地方,32°31.9′N,130°36.5′E,15 km,0.5,---
2026/08/01,02:08:42.3,熊本県熊本地方,32°32.0′N,130°35.9′E,12 km,0.6,---
2026/08/01,02:09:49.6,沖縄本島近海,26°58.7′N,128°12.6′E,39 km,0.1,---
2026/08/01,02:10:27.4,長崎県南西部,32°53.4′N,129°53.5′E,10 km,0.1,---
2026/08/01,02:10:37.6,三陸沖,40°33.7′N,145°00.9′E,19 km,2.8,---
2026/08/01,02:11:06.1,大分県中部,33°15.0′N,131°19.4′E,11 km,0.5,---
2026/08/01,02:11:29.7,熊本県天草・芦北地方,32°30.1′N,130°32.7′E,1 km,0.1,---
2026/08/01,02:12:36.0,愛知県東部,34°59.2′N,137°39.0′E,271 km,2.0,---
2026/08/01,02:13:16.6,熊本県天草・芦北地方,32°12.5′N,130°24.6′E,5 km,-0.2,---
2026/08/01,02:13:21.0,熊本県天草・芦北地方,32°25.5′N,130°29.2′E,8 km,0.9,---
2026/08/01,02:13:38.8,熊本県天草・芦北地方,32°26.1′N,130°32.5′E,3 km,0.6,---
2026/08/01,02:14:09.2,熊本県熊本地方,32°44.7′N,130°47.8′E,7 km,0.5,---
2026/08/01,02:15:37.5,熊本県熊本地方,32°39.0′N,130°45.3′E,12 km,-0.1,---
2026/08/01,02:16:45.8,鹿児島県薩摩地方,32°08.4′N,130°31.6′E,8 km,-0.2,---
2026/08/01,02:16:54.7,熊本県天草・芦北地方,32°13.0′N,130°25.1′E,7 km,-0.1,---
2026/08/01,02:18:08.6,熊本県天草・芦北地方,32°31.2′N,130°33.0′E,13 km,0.7,---
2026/08/01,02:18:55.2,台湾付近,24°33.0′N,122°04.3′E,73 km,1.1,---
2026/08/01,02:19:24.3,茨城県北部,36°46.0′N,140°33.2′E,10 km,0.8,---
2026/08/01,02:20:06.1,熊本県熊本地方,32°30.5′N,130°35.2′E,7 km,0.1,---
2026/08/01,02:20:37.8,栃木県北部,36°54.0′N,139°49.0′E,8 km,-0.1,---
2026/08/01,02:21:10.8,熊本県熊本地方,32°32.5′N,130°35.7′E,10 km,0.4,---
2026/08/01,02:21:51.7,熊本県熊本地方,32°38.7′N,130°44.5′E,8 km,0.2,---
2026/08/01,02:22:40.9,熊本県熊本地方,32°32.6′N,130°36.1′E,13 km,0.5,---
2026/08/01,02:23:56.7,熊本県熊本地方,32°31.3′N,130°35.6′E,9 km,1.2,---
2026/08/01,02:24:30.4,熊本県熊本地方,32°29.5′N,130°34.3′E,11 km,0.3,---
2026/08/01,02:25:05.9,熊本県天草・芦北地方,32°11.9′N,130°21.4′E,6 km,-0.1,---
2026/08/01,02:25:17.1,熊本県熊本地方,32°33.7′N,130°39.8′E,9 km,0.4,---
2026/08/01,02:25:26.8,薩摩半島西方沖,31°52.4′N,129°42.6′E,9 km,0.9,---
2026/08/01,02:25:58.9,岐阜県飛騨地方,36°13.2′N,137°05.0′E,267 km,2.5,---
2026/08/01,02:26:02.0,石垣島近海,24°11.3′N,124°10.7′E,7 km,1.5,---
2026/08/01,02:26:16.7,熊本県天草・芦北地方,32°11.9′N,130°20.9′E,7 km,1.3,---
2026/08/01,02:27:25.8,熊本県熊本地方,32°33.6′N,130°37.8′E,12 km,0.3,---
2026/08/01,02:27:53.0,熊本県天草・芦北地方,32°27.4′N,130°34.7′E,0 km,1.4,---
2026/08/01,02:28:37.1,有明海,32°44.5′N,130°36.2′E,11 km,0.2,---
2026/08/01,02:29:04.1,熊本県天草・芦北地方,32°27.1′N,130°33.7′E,12 km,-0.1,---
2026/08/01,02:29:12.9,熊本県天草・芦北地方,32°35.0′N,130°36.8′E,15 km,0.4,---
2026/08/01,02:29:49.8,熊本県天草・芦北地方,32°30.8′N,130°33.9′E,11 km,0.7,---
2026/08/01,02:30:09.2,新島・神津島近海,34°14.2′N,139°09.5′E,10 km,1.3,---
2026/08/01,02:30:37.8,茨城県沖,36°22.1′N,140°54.3′E,37 km,0.5,---
2026/08/01,02:30:53.7,熊本県熊本地方,32°36.9′N,130°43.0′E,9 km,2.4,---
2026/08/01,02:31:01.0,父島近海,27°00.1′N,142°01.9′E,84 km,不明,---
2026/08/01,02:31:20.8,和歌山県北部,34°03.9′N,135°20.7′E,12 km,-0.3,---
2026/08/01,02:31:52.3,熊本県熊本地方,32°37.5′N,130°42.6′E,7 km,0.7,---
2026/08/01,02:32:36.0,熊本県天草・芦北地方,32°23.3′N,130°29.5′E,5 km,0.1,---
2026/08/01,02:33:07.7,熊本県熊本地方,32°31.2′N,130°37.1′E,0 km,0.6,---
2026/08/01,02:33:48.5,熊本県天草・芦北地方,32°27.3′N,130°31.9′E,15 km,0.5,---
2026/08/01,02:34:14.4,和歌山県南方沖,32°45.3′N,136°04.0′E,40 km,1.3,---
2026/08/01,02:34:21.0,熊本県天草・芦北地方,32°28.1′N,130°33.7′E,7 km,0.4,---
2026/08/01,02:34:23.1,茨城県沖,36°39.8′N,140°44.5′E,84 km,0.3,---
2026/08/01,02:34:31.6,熊本県天草・芦北地方,32°27.0′N,130°33.6′E,8 km,0.9,---
2026/08/01,02:35:09.9,熊本県熊本地方,32°40.1′N,130°43.8′E,8 km,0.5,---
2026/08/01,02:35:19.3,茨城県沖,36°14.1′N,140°57.0′E,41 km,0.8,---
2026/08/01,02:35:29.7,熊本県熊本地方,32°44.1′N,130°46.1′E,10 km,-0.1,---
2026/08/01,02:35:42.2,熊本県天草・芦北地方,32°29.2′N,130°32.0′E,13 km,1.4,---
2026/08/01,02:36:06.3,山口県北部,34°22.0′N,131°31.2′E,21 km,0.3,---
2026/08/01,02:36:23.7,熊本県阿蘇地方,32°54.6′N,130°59.3′E,11 km,0.1,---
2026/08/01,02:36:23.8,三陸沖,40°32.3′N,145°04.8′E,13 km,2.5,---
2026/08/01,02:37:11.0,熊本県熊本地方,32°37.2′N,130°42.8′E,8 km,0.3,---
2026/08/01,02:37:20.3,熊本県天草・芦北地方,32°28.7′N,130°30.9′E,9 km,0.7,---
2026/08/01,02:38:20.1,熊本県熊本地方,32°33.0′N,130°40.8′E,4 km,0.0,---
2026/08/01,02:38:29.7,熊本県熊本地方,32°35.4′N,130°37.9′E,16 km,2.6,---
2026/08/01,02:39:17.2,静岡県中部,35°16.5′N,138°21.7′E,26 km,-0.1,---
2026/08/01,02:39:39.2,熊本県熊本地方,32°33.1′N,130°38.5′E,2 km,1.6,---
2026/08/01,02:40:32.2,熊本県天草・芦北地方,32°28.3′N,130°31.4′E,9 km,0.8,---
2026/08/01,02:40:48.2,熊本県熊本地方,32°31.0′N,130°35.4′E,4 km,1.0,---
2026/08/01,02:40:55.6,茨城県北部,36°45.5′N,140°34.7′E,8 km,0.2,---
2026/08/01,02:41:06.0,青森県東方沖,40°29.2′N,142°24.1′E,41 km,0.7,---
2026/08/01,02:41:20.1,熊本県天草・芦北地方,32°24.7′N,130°28.4′E,8 km,0.5,---
2026/08/01,02:42:03.2,熊本県熊本地方,32°44.3′N,130°47.4′E,8 km,0.5,---
2026/08/01,02:42:19.3,熊本県天草・芦北地方,32°27.3′N,130°34.2′E,12 km,0.3,---
2026/08/01,02:42:32.3,三陸沖,40°32.1′N,145°05.0′E,13 km,1.7,---
2026/08/01,02:42:40.5,熊本県熊本地方,32°30.2′N,130°37.9′E,15 km,0.4,---
2026/08/01,02:42:49.5,熊本県天草・芦北地方,32°28.1′N,130°30.4′E,6 km,0.9,---
2026/08/01,02:43:29.4,熊本県熊本地方,32°31.3′N,130°35.8′E,12 km,0.0,---
2026/08/01,02:44:15.0,熊本県熊本地方,32°38.2′N,130°41.0′E,13 km,1.3,---
2026/08/01,02:44:58.7,熊本県天草・芦北地方,32°31.6′N,130°32.3′E,6 km,0.2,---
2026/08/01,02:45:17.7,熊本県天草・芦北地方,32°29.2′N,130°31.3′E,10 km,1.1,---
2026/08/01,02:45:29.2,熊本県熊本地方,32°34.2′N,130°38.3′E,9 km,1.3,---
2026/08/01,02:45:40.4,釧路沖,42°36.2′N,144°21.0′E,58 km,0.9,---
2026/08/01,02:46:06.6,熊本県熊本地方,32°38.1′N,130°44.7′E,13 km,0.0,---
2026/08/01,02:47:24.3,山口県中部,34°06.9′N,131°40.4′E,18 km,0.5,---
2026/08/01,02:47:31.4,熊本県熊本地方,32°35.7′N,130°37.9′E,16 km,0.5,---
2026/08/01,02:47:50.1,熊本県天草・芦北地方,32°28.3′N,130°32.6′E,3 km,1.3,---
2026/08/01,02:48:19.9,熊本県天草・芦北地方,32°29.3′N,130°31.4′E,11 km,0.8,---
2026/08/01,02:48:38.9,熊本県熊本地方,32°45.8′N,130°47.9′E,8 km,0.6,---
2026/08/01,02:49:11.9,宮城県沖,38°48.9′N,142°24.3′E,35 km,2.0,---
2026/08/01,02:49:36.6,熊本県熊本地方,32°35.4′N,130°37.0′E,13 km,0.5,---
2026/08/01,02:50:06.6,熊本県天草・芦北地方,32°28.7′N,130°30.0′E,1 km,0.4,---
2026/08/01,02:51:41.8,熊本県熊本地方,32°43.1′N,130°47.0′E,10 km,-0.1,---
2026/08/01,02:52:30.0,熊本県熊本地方,32°30.6′N,130°34.9′E,15 km,0.1,---
2026/08/01,02:53:02.0,熊本県天草・芦北地方,32°29.3′N,130°31.4′E,11 km,0.6,---
2026/08/01,02:53:32.3,宮城県沖,37°53.7′N,141°46.6′E,54 km,2.9,---
2026/08/01,02:53:59.4,熊本県天草・芦北地方,32°33.3′N,130°33.9′E,14 km,0.1,---
2026/08/01,02:54:00.8,熊本県熊本地方,32°42.5′N,130°46.2′E,10 km,-0.2,---
2026/08/01,02:55:21.1,三陸沖,40°29.9′N,145°05.1′E,5 km,2.7,---
2026/08/01,02:55:30.5,熊本県熊本地方,32°35.5′N,130°37.6′E,15 km,1.8,---
2026/08/01,02:56:19.1,山口県中部,34°24.6′N,131°36.3′E,31 km,0.3,---
2026/08/01,02:56:27.8,熊本県熊本地方,32°40.6′N,130°42.6′E,13 km,0.2,---
2026/08/01,02:56:51.4,熊本県天草・芦北地方,32°25.9′N,130°32.5′E,2 km,0.4,---
2026/08/01,02:57:16.6,熊本県熊本地方,32°36.2′N,130°43.3′E,5 km,-0.1,---
2026/08/01,02:58:10.4,熊本県熊本地方,32°41.1′N,130°44.8′E,11 km,0.7,---
2026/08/01,02:58:30.7,山形県村山地方,38°10.2′N,140°17.7′E,120 km,1.9,---
2026/08/01,02:58:45.4,熊本県熊本地方,32°32.7′N,130°38.7′E,4 km,0.7,---
2026/08/01,02:59:18.5,熊本県天草・芦北地方,32°33.0′N,130°32.4′E,3 km,-0.2,---
2026/08/01,03:00:27.0,熊本県天草・芦北地方,32°27.1′N,130°33.2′E,5 km,0.4,---
2026/08/01,03:01:20.3,熊本県熊本地方,32°39.7′N,130°44.3′E,13 km,0.6,---
2026/08/01,03:01:44.6,熊本県熊本地方,32°45.7′N,130°48.1′E,7 km,0.9,---
2026/08/01,03:02:13.8,熊本県天草・芦北地方,32°28.7′N,130°33.3′E,14 km,0.4,---
2026/08/01,03:02:47.6,熊本県熊本地方,32°35.0′N,130°37.9′E,14 km,0.5,---
2026/08/01,03:03:16.1,熊本県熊本地方,32°32.3′N,130°36.5′E,12 km,0.6,---
2026/08/01,03:03:39.4,熊本県天草・芦北地方,32°24.2′N,130°30.0′E,8 km,0.0,---
2026/08/01,03:04:06.4,奄美大島近海,28°11.7′N,129°05.9′E,15 km,不明,---
2026/08/01,03:04:43.2,熊本県天草・芦北地方,32°28.0′N,130°29.7′E,0 km,0.5,---
2026/08/01,03:06:39.5,熊本県熊本地方,32°37.7′N,130°42.2′E,6 km,0.7,---
2026/08/01,03:07:59.7,熊本県熊本地方,32°35.9′N,130°41.1′E,5 km,1.3,---
2026/08/01,03:08:29.0,岩手県内陸北部,39°50.5′N,141°25.4′E,11 km,0.8,---
2026/08/01,03:08:58.8,千葉県南東沖,35°02.3′N,140°03.5′E,62 km,不明,---
2026/08/01,03:09:20.6,大分県中部,33°15.4′N,131°19.7′E,11 km,0.2,---
2026/08/01,03:09:29.6,鹿児島県薩摩地方,31°55.4′N,130°20.9′E,4 km,0.5,---
2026/08/01,03:10:23.1,熊本県熊本地方,32°34.9′N,130°37.8′E,15 km,0.2,---
2026/08/01,03:10:52.8,熊本県熊本地方,32°48.2′N,130°49.4′E,8 km,0.8,---
2026/08/01,03:11:18.2,栃木県北部,36°53.6′N,139°48.7′E,9 km,0.8,---
2026/08/01,03:11:25.1,日向灘,32°07.7′N,131°43.5′E,36 km,0.8,---
2026/08/01,03:11:31.0,熊本県熊本地方,32°35.9′N,130°38.2′E,14 km,0.8,---
2026/08/01,03:12:12.6,熊本県天草・芦北地方,32°28.8′N,130°31.1′E,4 km,0.0,---
2026/08/01,03:12:22.0,熊本県熊本地方,32°39.7′N,130°42.6′E,16 km,0.3,---
2026/08/01,03:12:35.7,千葉県南部,35°12.1′N,140°12.8′E,21 km,0.9,---
2026/08/01,03:12:40.5,熊本県天草・芦北地方,32°18.8′N,130°25.4′E,8 km,0.8,---
2026/08/01,03:12:57.3,栃木県北部,36°53.7′N,139°48.6′E,9 km,0.1,---
2026/08/01,03:13:15.2,栃木県北部,36°53.9′N,139°48.4′E,10 km,0.6,---
2026/08/01,03:13:53.4,熊本県熊本地方,32°40.4′N,130°45.2′E,10 km,1.0,---
2026/08/01,03:14:41.7,種子島南東沖,29°55.0′N,131°23.3′E,21 km,1.6,---
2026/08/01,03:14:48.9,熊本県熊本地方,32°38.3′N,130°44.1′E,8 km,0.4,---
2026/08/01,03:15:00.8,山梨県東部・富士五湖,35°29.2′N,138°55.6′E,22 km,0.2,---
2026/08/01,03:15:23.6,種子島近海,30°55.6′N,130°23.2′E,141 km,3.1,---
2026/08/01,03:15:31.5,熊本県熊本地方,32°33.7′N,130°36.7′E,13 km,0.3,---
2026/08/01,03:16:25.6,熊本県熊本地方,32°48.0′N,130°49.0′E,8 km,1.4,---
2026/08/01,03:17:07.7,栃木県北部,36°53.6′N,139°48.9′E,8 km,0.1,---
2026/08/01,03:17:30.6,熊本県熊本地方,32°47.8′N,130°48.7′E,8 km,-0.1,---
2026/08/01,03:17:40.7,熊本県熊本地方,32°36.5′N,130°41.3′E,10 km,0.0,---
2026/08/01,03:18:01.7,熊本県熊本地方,32°41.4′N,130°46.1′E,4 km,-0.3,---
2026/08/01,03:18:27.9,熊本県熊本地方,32°30.1′N,130°34.4′E,3 km,-0.2,---
2026/08/01,03:19:00.0,熊本県熊本地方,32°34.4′N,130°38.1′E,8 km,0.9,---
2026/08/01,03:19:24.7,熊本県熊本地方,32°38.4′N,130°43.4′E,10 km,0.3,---
2026/08/01,03:19:49.2,熊本県熊本地方,32°34.9′N,130°37.1′E,15 km,0.0,---
2026/08/01,03:19:57.6,福島県沖,37°15.1′N,142°03.1′E,27 km,1.6,---
2026/08/01,03:20:13.7,熊本県熊本地方,32°36.9′N,130°43.1′E,4 km,1.7,---
2026/08/01,03:20:39.1,熊本県熊本地方,32°37.4′N,130°43.4′E,3 km,1.0,---
2026/08/01,03:20:51.1,日高地方東部,42°11.2′N,142°43.5′E,63 km,0.2,---
2026/08/01,03:21:08.6,茨城県北部,36°30.2′N,140°33.4′E,88 km,0.6,---
2026/08/01,03:21:14.6,熊本県熊本地方,32°38.2′N,130°43.2′E,9 km,不明,---
2026/08/01,03:21:23.1,熊本県天草・芦北地方,32°28.1′N,130°31.0′E,8 km,0.6,---
2026/08/01,03:21:43.0,熊本県熊本地方,32°37.9′N,130°44.0′E,14 km,0.4,---
2026/08/01,03:22:11.1,熊本県熊本地方,32°32.3′N,130°35.9′E,13 km,1.2,---
2026/08/01,03:22:21.6,熊本県天草・芦北地方,32°24.7′N,130°29.4′E,4 km,1.9,---
2026/08/01,03:23:40.5,長野県南部,35°40.7′N,137°44.6′E,6 km,1.3,---
2026/08/01,03:24:14.4,熊本県天草・芦北地方,32°29.5′N,130°31.5′E,12 km,0.5,---
2026/08/01,03:24:24.6,宮城県沖,38°01.1′N,142°08.3′E,38 km,0.8,---
2026/08/01,03:24:34.6,熊本県熊本地方,32°43.2′N,130°46.3′E,10 km,0.2,---
2026/08/01,03:25:45.3,熊本県熊本地方,32°38.7′N,130°43.3′E,9 km,-0.1,---
2026/08/01,03:25:59.0,鹿児島県薩摩地方,31°57.7′N,130°26.7′E,2 km,1.3,---
2026/08/01,03:26:19.3,熊本県天草・芦北地方,32°20.8′N,130°26.9′E,8 km,1.2,---
2026/08/01,03:26:40.3,天草灘,31°59.5′N,130°11.6′E,3 km,1.4,---
2026/08/01,03:27:17.4,岩手県沖,40°15.2′N,142°57.3′E,20 km,1.2,---
2026/08/01,03:27:33.4,熊本県阿蘇地方,32°55.0′N,131°01.0′E,8 km,0.4,---
2026/08/01,03:27:43.7,熊本県熊本地方,32°39.8′N,130°44.0′E,10 km,0.7,---
2026/08/01,03:28:53.8,宮城県沖,38°19.4′N,141°53.5′E,45 km,2.9,---
2026/08/01,03:28:55.7,熊本県熊本地方,32°30.9′N,130°35.3′E,10 km,0.6,---
2026/08/01,03:29:17.0,熊本県熊本地方,32°39.2′N,130°44.5′E,10 km,-0.4,---
2026/08/01,03:29:52.3,大分県西部,33°06.2′N,131°11.9′E,3 km,0.9,---
2026/08/01,03:30:27.4,熊本県熊本地方,32°44.9′N,130°47.6′E,9 km,-0.2,---
2026/08/01,03:30:54.0,熊本県阿蘇地方,32°54.3′N,130°59.5′E,9 km,1.1,---
2026/08/01,03:31:46.4,熊本県天草・芦北地方,32°28.8′N,130°31.1′E,9 km,0.6,---
2026/08/01,03:32:00.1,熊本県天草・芦北地方,32°31.2′N,130°33.2′E,13 km,0.9,---
2026/08/01,03:32:45.7,熊本県熊本地方,32°38.8′N,130°44.2′E,7 km,0.6,---
2026/08/01,03:33:50.9,胆振地方西部,42°33.1′N,140°59.5′E,140 km,1.9,---
2026/08/01,03:34:00.8,福島県沖,37°15.9′N,142°14.5′E,16 km,0.9,---
2026/08/01,03:34:36.4,熊本県天草・芦北地方,32°26.0′N,130°29.1′E,14 km,0.2,---
2026/08/01,03:34:37.7,長野県北部,36°34.6′N,137°50.9′E,5 km,-0.7,---
2026/08/01,03:34:45.0,奄美大島近海,28°25.6′N,129°40.7′E,17 km,0.9,---
2026/08/01,03:35:18.8,熊本県天草・芦北地方,32°22.7′N,130°29.2′E,4 km,-0.2,---
2026/08/01,03:35:20.0,種子島南東沖,30°07.2′N,131°17.1′E,25 km,2.5,---
2026/08/01,03:35:39.3,熊本県天草・芦北地方,32°23.5′N,130°31.1′E,12 km,0.7,---
2026/08/01,03:36:35.1,熊本県熊本地方,32°39.8′N,130°44.5′E,7 km,0.7,---
2026/08/01,03:37:14.4,岩手県沖,40°24.1′N,142°23.6′E,22 km,1.3,---
2026/08/01,03:37:16.4,熊本県熊本地方,32°34.8′N,130°37.4′E,13 km,0.7,---
2026/08/01,03:37:27.6,熊本県熊本地方,32°30.1′N,130°34.4′E,13 km,0.6,---
2026/08/01,03:37:56.3,熊本県熊本地方,32°32.8′N,130°35.3′E,15 km,不明,---
2026/08/01,03:39:01.3,熊本県熊本地方,32°31.6′N,130°36.9′E,9 km,0.8,---
2026/08/01,03:40:10.9,熊本県天草・芦北地方,32°27.2′N,130°32.7′E,6 km,1.0,---
2026/08/01,03:40:30.6,秋田県内陸南部,39°37.5′N,140°37.2′E,7 km,1.2,---
2026/08/01,03:40:52.9,熊本県熊本地方,32°37.5′N,130°43.1′E,8 km,0.6,---
2026/08/01,03:41:05.4,岐阜県美濃中西部,35°22.9′N,136°51.9′E,7 km,0.4,---
2026/08/01,03:41:15.8,宮城県沖,38°45.2′N,142°17.6′E,42 km,1.3,---
2026/08/01,03:42:05.1,熊本県熊本地方,32°44.2′N,130°46.7′E,11 km,0.4,---
2026/08/01,03:42:40.4,熊本県天草・芦北地方,32°27.7′N,130°31.8′E,0 km,-0.3,---
2026/08/01,03:42:57.1,熊本県天草・芦北地方,32°27.8′N,130°32.7′E,6 km,2.1,---
2026/08/01,03:43:48.0,熊本県天草・芦北地方,32°28.0′N,130°32.1′E,0 km,0.2,---
2026/08/01,03:44:57.7,熊本県熊本地方,32°31.7′N,130°38.2′E,15 km,0.1,---
2026/08/01,03:45:17.5,栃木県北部,36°53.8′N,139°48.7′E,9 km,2.7,---
2026/08/01,03:45:44.1,熊本県天草・芦北地方,32°28.9′N,130°31.3′E,11 km,0.9,---
2026/08/01,03:45:48.0,栃木県北部,36°53.7′N,139°48.4′E,10 km,1.5,---
2026/08/01,03:46:01.2,熊本県熊本地方,32°42.5′N,130°46.4′E,9 km,0.6,---
2026/08/01,03:46:16.8,栃木県北部,36°53.7′N,139°48.5′E,9 km,1.4,---
2026/08/01,03:46:24.9,熊本県熊本地方,32°37.8′N,130°43.0′E,3 km,0.6,---
2026/08/01,03:47:00.7,奄美大島近海,28°32.7′N,129°40.0′E,20 km,1.2,---
2026/08/01,03:47:01.8,熊本県熊本地方,32°34.1′N,130°39.8′E,10 km,1.6,---
2026/08/01,03:47:46.7,熊本県熊本地方,32°32.2′N,130°35.3′E,11 km,0.7,---
2026/08/01,03:48:16.6,長野県中部,36°06.0′N,137°38.5′E,9 km,-0.2,---
2026/08/01,03:48:45.2,栃木県北部,36°53.8′N,139°48.6′E,7 km,-0.3,---
2026/08/01,03:48:52.3,熊本県熊本地方,32°34.5′N,130°39.4′E,9 km,0.6,---
2026/08/01,03:49:14.3,栃木県北部,36°53.7′N,139°48.5′E,9 km,0.0,---
2026/08/01,03:49:28.2,熊本県天草・芦北地方,32°28.5′N,130°33.1′E,6 km,1.2,---
2026/08/01,03:50:27.0,熊本県天草・芦北地方,32°28.8′N,130°30.3′E,10 km,0.1,---
2026/08/01,03:50:52.1,熊本県天草・芦北地方,32°24.2′N,130°28.6′E,4 km,不明,---
2026/08/01,03:51:28.5,熊本県熊本地方,32°33.8′N,130°37.6′E,11 km,0.3,---
2026/08/01,03:51:45.9,熊本県天草・芦北地方,32°31.4′N,130°32.2′E,12 km,0.4,---
2026/08/01,03:52:55.0,熊本県天草・芦北地方,32°15.4′N,130°28.8′E,9 km,0.4,---
2026/08/01,03:53:29.2,熊本県天草・芦北地方,32°28.2′N,130°32.6′E,2 km,0.5,---
2026/08/01,03:54:10.2,熊本県天草・芦北地方,32°26.3′N,130°30.9′E,6 km,0.7,---
2026/08/01,03:54:51.9,熊本県天草・芦北地方,32°28.2′N,130°33.2′E,2 km,1.3,---
2026/08/01,03:55:06.4,熊本県天草・芦北地方,32°37.2′N,130°39.9′E,14 km,1.1,---
2026/08/01,03:55:33.3,栃木県北部,36°53.7′N,139°48.6′E,6 km,-0.3,---
2026/08/01,03:55:46.7,熊本県熊本地方,32°45.8′N,130°48.7′E,5 km,-0.2,---
2026/08/01,03:56:19.9,熊本県天草・芦北地方,32°15.3′N,130°29.1′E,8 km,-0.1,---
2026/08/01,03:56:35.1,熊本県熊本地方,32°32.3′N,130°36.1′E,12 km,0.2,---
2026/08/01,03:56:38.1,栃木県北部,36°53.8′N,139°48.6′E,9 km,1.2,---
2026/08/01,03:57:08.2,熊本県熊本地方,32°32.9′N,130°36.8′E,12 km,1.1,---
2026/08/01,03:57:30.3,熊本県熊本地方,32°29.2′N,130°33.7′E,0 km,0.2,---
2026/08/01,03:57:47.1,熊本県熊本地方,32°24.4′N,130°34.2′E,14 km,0.5,---
2026/08/01,03:58:03.4,北海道東方沖,43°47.4′N,147°28.0′E,8 km,2.8,---
2026/08/01,03:59:04.6,熊本県天草・芦北地方,32°22.5′N,130°30.1′E,14 km,0.0,---
2026/08/01,03:59:12.4,熊本県熊本地方,32°35.1′N,130°37.2′E,14 km,0.4,---
2026/08/01,04:00:09.6,熊本県熊本地方,32°34.9′N,130°38.9′E,9 km,0.5,---
2026/08/01,04:01:15.3,静岡県伊豆地方,35°01.7′N,139°06.3′E,3 km,-0.5,---
2026/08/01,04:01:24.6,福島県沖,37°15.2′N,142°03.8′E,25 km,1.3,---
2026/08/01,04:01:48.6,群馬県北部,36°37.3′N,138°42.6′E,143 km,1.2,---
2026/08/01,04:02:03.3,熊本県天草・芦北地方,32°25.2′N,130°28.7′E,9 km,0.4,---
2026/08/01,04:02:26.2,熊本県熊本地方,32°31.8′N,130°35.4′E,9 km,0.9,---
2026/08/01,04:02:43.9,紀伊水道,33°51.5′N,134°59.0′E,11 km,0.4,---
2026/08/01,04:03:29.9,石川県能登地方,37°20.3′N,136°51.5′E,11 km,不明,---
2026/08/01,04:03:30.0,三陸沖,39°34.8′N,144°28.4′E,29 km,1.3,---
2026/08/01,04:03:37.5,熊本県天草・芦北地方,32°28.2′N,130°33.2′E,11 km,0.2,---
2026/08/01,04:04:31.2,熊本県熊本地方,32°37.1′N,130°42.9′E,6 km,0.5,---
2026/08/01,04:04:56.5,熊本県熊本地方,32°43.5′N,130°47.3′E,11 km,0.1,---
2026/08/01,04:05:15.2,熊本県天草・芦北地方,32°26.7′N,130°32.0′E,4 km,0.2,---
2026/08/01,04:06:06.3,熊本県熊本地方,32°29.2′N,130°34.6′E,14 km,0.3,---
2026/08/01,04:07:29.6,沖縄本島北西沖,26°30.9′N,125°56.1′E,0 km,1.8,---
2026/08/01,04:08:30.8,熊本県天草・芦北地方,32°23.0′N,130°29.4′E,6 km,-0.3,---
2026/08/01,04:09:41.4,奄美大島北東沖,29°33.3′N,130°02.3′E,14 km,1.5,---
2026/08/01,04:09:47.1,熊本県熊本地方,32°40.2′N,130°41.8′E,13 km,0.8,---
2026/08/01,04:10:11.7,熊本県熊本地方,32°40.6′N,130°43.1′E,14 km,0.6,---
2026/08/01,04:10:30.8,青森県三八上北地方,40°28.2′N,141°33.3′E,112 km,1.1,---
2026/08/01,04:11:55.0,熊本県天草・芦北地方,32°25.3′N,130°30.8′E,2 km,0.7,---
2026/08/01,04:13:00.9,熊本県天草・芦北地方,32°27.0′N,130°32.8′E,1 km,0.5,---
2026/08/01,04:13:48.5,熊本県熊本地方,32°38.5′N,130°43.4′E,9 km,不明,---
2026/08/01,04:13:50.2,熊本県天草・芦北地方,32°27.5′N,130°33.5′E,5 km,1.2,---
2026/08/01,04:13:59.6,八丈島東方沖,33°39.7′N,140°23.5′E,49 km,1.8,---
2026/08/01,04:14:31.6,熊本県熊本地方,32°38.0′N,130°42.6′E,7 km,0.3,---
2026/08/01,04:15:15.3,奄美大島北西沖,28°15.2′N,128°12.6′E,9 km,1.6,---
2026/08/01,04:15:48.5,熊本県天草・芦北地方,32°24.9′N,130°28.1′E,11 km,0.6,---
2026/08/01,04:16:23.9,豊後水道,32°52.7′N,132°26.6′E,30 km,0.7,---
2026/08/01,04:17:08.7,栃木県北部,36°53.9′N,139°48.8′E,7 km,-0.5,---
2026/08/01,04:17:09.0,青森県東方沖,40°57.8′N,143°00.1′E,16 km,0.8,---
2026/08/01,04:18:05.8,熊本県熊本地方,32°31.0′N,130°35.3′E,10 km,0.7,---
2026/08/01,04:18:11.2,奄美大島北東沖,29°19.4′N,130°34.8′E,14 km,不明,---
2026/08/01,04:18:17.1,熊本県熊本地方,32°41.9′N,130°45.3′E,8 km,1.2,---
2026/08/01,04:19:37.5,十勝地方中部,42°48.4′N,143°04.1′E,81 km,0.4,---
2026/08/01,04:19:39.1,熊本県天草・芦北地方,32°28.3′N,130°31.3′E,11 km,0.5,---
2026/08/01,04:19:44.4,大分県中部,33°15.5′N,131°18.8′E,10 km,0.6,---
2026/08/01,04:20:23.4,熊本県天草・芦北地方,32°16.8′N,130°24.8′E,8 km,0.5,---
2026/08/01,04:21:43.1,熊本県天草・芦北地方,32°23.6′N,130°29.0′E,8 km,1.3,---
2026/08/01,04:22:07.3,熊本県熊本地方,32°33.5′N,130°37.0′E,12 km,0.7,---
2026/08/01,04:22:50.4,熊本県熊本地方,32°42.5′N,130°46.0′E,11 km,0.5,---
2026/08/01,04:23:54.6,大分県中部,33°15.5′N,131°19.1′E,9 km,0.0,---
2026/08/01,04:24:18.9,熊本県天草・芦北地方,32°23.2′N,130°29.4′E,8 km,-0.1,---
2026/08/01,04:24:40.3,福島県沖,36°59.4′N,141°56.6′E,26 km,1.0,---
2026/08/01,04:24:48.5,栃木県北部,36°53.6′N,139°48.1′E,11 km,0.3,---
2026/08/01,04:25:19.0,愛知県東部,34°56.8′N,137°25.3′E,35 km,0.0,---
2026/08/01,04:25:30.2,千葉県北西部,35°42.8′N,140°12.1′E,68 km,1.2,---
2026/08/01,04:25:44.2,熊本県熊本地方,32°38.3′N,130°41.8′E,8 km,0.5,---
2026/08/01,04:25:56.3,熊本県熊本地方,32°39.7′N,130°42.9′E,13 km,不明,---
2026/08/01,04:26:34.7,熊本県熊本地方,32°31.0′N,130°35.2′E,11 km,0.3,---
2026/08/01,04:26:49.4,熊本県熊本地方,32°29.3′N,130°34.1′E,12 km,0.8,---
2026/08/01,04:27:06.8,熊本県熊本地方,32°30.1′N,130°34.9′E,12 km,1.7,---
2026/08/01,04:27:54.8,千葉県北西部,35°43.2′N,140°12.4′E,67 km,1.0,---
2026/08/01,04:28:40.1,熊本県熊本地方,32°33.1′N,130°37.0′E,12 km,0.0,---
2026/08/01,04:28:53.7,熊本県熊本地方,32°38.2′N,130°43.5′E,10 km,0.1,---
2026/08/01,04:30:08.6,宮城県沖,37°57.9′N,141°54.0′E,42 km,1.6,---
2026/08/01,04:31:57.7,宮城県沖,38°45.8′N,141°44.8′E,55 km,2.0,---
2026/08/01,04:32:45.1,大分県中部,33°15.4′N,131°19.6′E,10 km,0.9,---
2026/08/01,04:33:22.0,青森県東方沖,41°17.1′N,142°29.8′E,29 km,1.1,---
2026/08/01,04:33:44.1,熊本県熊本地方,32°32.6′N,130°34.7′E,14 km,0.4,---
2026/08/01,04:35:12.3,熊本県天草・芦北地方,32°24.7′N,130°28.8′E,6 km,0.6,---
2026/08/01,04:36:19.3,長野県中部,36°19.2′N,137°55.4′E,10 km,-0.5,---
2026/08/01,04:36:59.6,熊本県熊本地方,32°32.0′N,130°35.2′E,5 km,0.8,---
2026/08/01,04:37:29.4,熊本県熊本地方,32°30.5′N,130°35.0′E,14 km,0.1,---
2026/08/01,04:38:01.9,岩手県内陸北部,39°51.0′N,141°24.6′E,11 km,0.2,---
2026/08/01,04:38:35.3,熊本県天草・芦北地方,32°23.8′N,130°27.4′E,13 km,0.3,---
2026/08/01,04:39:13.2,熊本県熊本地方,32°48.0′N,130°48.9′E,7 km,0.1,---
2026/08/01,04:39:52.9,熊本県熊本地方,32°41.0′N,130°44.2′E,9 km,1.6,---
2026/08/01,04:40:19.7,岐阜県美濃中西部,35°35.7′N,136°30.1′E,12 km,0.4,---
2026/08/01,04:40:53.7,熊本県熊本地方,32°39.1′N,130°43.4′E,11 km,0.1,---
2026/08/01,04:42:43.2,熊本県天草・芦北地方,32°28.8′N,130°31.3′E,13 km,0.2,---
2026/08/01,04:42:46.4,和歌山県北部,34°04.1′N,135°19.2′E,10 km,-0.3,---
2026/08/01,04:42:49.4,豊後水道,33°01.9′N,132°23.6′E,32 km,0.5,---
2026/08/01,04:43:24.0,熊本県熊本地方,32°42.0′N,130°45.1′E,11 km,0.5,---
2026/08/01,04:43:50.8,熊本県熊本地方,32°42.1′N,130°47.1′E,9 km,0.3,---
2026/08/01,04:44:56.3,熊本県天草・芦北地方,32°23.1′N,130°29.6′E,9 km,0.1,---
2026/08/01,04:45:08.9,熊本県天草・芦北地方,32°30.0′N,130°31.5′E,12 km,2.0,---
2026/08/01,04:45:31.9,沖縄本島近海,27°26.6′N,128°37.3′E,43 km,1.2,---
2026/08/01,04:46:57.9,関東東方沖,35°34.8′N,142°34.3′E,26 km,1.3,---
2026/08/01,04:47:57.3,熊本県熊本地方,32°33.3′N,130°37.0′E,12 km,0.7,---
2026/08/01,04:48:59.9,熊本県天草・芦北地方,32°28.9′N,130°32.6′E,11 km,0.3,---
2026/08/01,04:49:15.4,山口県北部,34°25.0′N,131°36.4′E,31 km,0.6,---
2026/08/01,04:49:39.7,熊本県熊本地方,32°39.3′N,130°44.4′E,10 km,0.5,---
2026/08/01,04:50:08.3,宮古島近海,24°15.1′N,125°14.6′E,21 km,1.4,---
2026/08/01,04:50:21.5,熊本県熊本地方,32°38.6′N,130°44.6′E,8 km,0.7,---
2026/08/01,04:51:22.1,熊本県天草・芦北地方,32°28.6′N,130°30.3′E,12 km,0.9,---
2026/08/01,04:52:36.9,熊本県熊本地方,32°39.4′N,130°42.2′E,13 km,1.2,---
2026/08/01,04:53:07.1,熊本県熊本地方,32°43.8′N,130°46.0′E,8 km,0.1,---
2026/08/01,04:56:56.4,熊本県天草・芦北地方,32°28.3′N,130°32.4′E,10 km,0.6,---
2026/08/01,05:00:18.7,北海道西方沖,43°37.6′N,140°32.5′E,14 km,0.7,---
2026/08/01,05:01:11.9,熊本県熊本地方,32°42.7′N,130°46.1′E,10 km,1.9,---
2026/08/01,05:01:46.6,宮城県沖,38°21.1′N,141°52.2′E,62 km,2.2,---
2026/08/01,05:02:12.2,熊本県熊本地方,32°37.5′N,130°43.1′E,10 km,0.6,---
2026/08/01,05:02:20.3,三陸沖,40°14.0′N,143°09.1′E,2 km,2.2,---
2026/08/01,05:03:25.7,兵庫県南東部,35°02.5′N,135°06.2′E,11 km,0.4,---
2026/08/01,05:04:17.9,熊本県天草・芦北地方,32°25.7′N,130°28.8′E,7 km,0.1,---
2026/08/01,05:05:31.0,熊本県熊本地方,32°29.3′N,130°34.7′E,9 km,1.8,---
2026/08/01,05:06:19.8,熊本県熊本地方,32°44.5′N,130°47.3′E,8 km,1.1,---
2026/08/01,05:06:47.1,熊本県天草・芦北地方,32°30.0′N,130°31.5′E,11 km,1.6,---
2026/08/01,05:07:43.3,伊豆大島近海,34°47.2′N,139°17.3′E,5 km,0.6,---
2026/08/01,05:08:47.2,熊本県熊本地方,32°32.8′N,130°34.0′E,6 km,0.4,---
2026/08/01,05:09:17.6,三陸沖,40°14.0′N,143°09.0′E,2 km,2.9,---
2026/08/01,05:10:19.4,熊本県熊本地方,32°33.2′N,130°38.1′E,8 km,1.4,---
2026/08/01,05:10:36.1,奄美大島北西沖,28°34.8′N,128°05.9′E,9 km,2.2,---
2026/08/01,05:11:05.9,熊本県熊本地方,32°48.2′N,130°46.8′E,13 km,0.6,---
2026/08/01,05:12:02.2,宮城県沖,38°57.7′N,142°28.5′E,41 km,0.9,---
2026/08/01,05:12:37.6,熊本県天草・芦北地方,32°25.2′N,130°30.9′E,13 km,0.3,---
2026/08/01,05:13:09.4,熊本県熊本地方,32°38.3′N,130°42.2′E,8 km,0.0,---
2026/08/01,05:14:44.2,熊本県天草・芦北地方,32°09.5′N,130°23.8′E,5 km,-0.3,---
2026/08/01,05:15:46.3,熊本県天草・芦北地方,32°25.3′N,130°30.2′E,8 km,0.8,---
2026/08/01,05:16:50.3,熊本県熊本地方,32°41.2′N,130°44.2′E,12 km,0.4,---
2026/08/01,05:17:31.3,熊本県熊本地方,32°33.5′N,130°37.1′E,15 km,0.5,---
2026/08/01,05:18:16.0,熊本県熊本地方,32°31.8′N,130°36.4′E,11 km,0.6,---
2026/08/01,05:18:49.0,福島県沖,37°08.4′N,141°23.7′E,69 km,2.1,---
2026/08/01,05:18:49.8,熊本県熊本地方,32°31.0′N,130°34.8′E,10 km,0.1,---
2026/08/01,05:18:57.9,三陸沖,40°13.7′N,143°08.7′E,3 km,1.4,---
2026/08/01,05:19:14.4,熊本県熊本地方,32°32.5′N,130°36.3′E,13 km,0.6,---
2026/08/01,05:19:33.7,熊本県熊本地方,32°29.5′N,130°33.9′E,8 km,0.0,---
2026/08/01,05:20:04.7,熊本県熊本地方,32°44.4′N,130°47.1′E,10 km,2.1,---
2026/08/01,05:21:19.9,熊本県熊本地方,32°39.4′N,130°42.0′E,13 km,0.9,---
2026/08/01,05:21:53.2,熊本県天草・芦北地方,32°28.8′N,130°29.5′E,9 km,0.4,---
2026/08/01,05:22:37.1,日高地方東部,42°20.9′N,142°59.6′E,53 km,1.5,---
2026/08/01,05:23:16.1,熊本県天草・芦北地方,32°32.0′N,130°33.7′E,14 km,3.0,---
2026/08/01,05:24:27.6,西表島付近,24°03.3′N,123°43.2′E,13 km,1.4,---
2026/08/01,05:25:15.0,熊本県天草・芦北地方,32°28.3′N,130°33.1′E,13 km,0.8,---
2026/08/01,05:25:47.0,熊本県熊本地方,32°40.9′N,130°44.7′E,11 km,1.1,---
2026/08/01,05:25:52.2,西表島付近,24°03.7′N,123°43.2′E,12 km,1.0,---
2026/08/01,05:27:59.5,熊本県熊本地方,32°34.8′N,130°37.0′E,13 km,0.6,---
2026/08/01,05:28:12.7,三陸沖,40°13.5′N,143°09.1′E,6 km,1.4,---
2026/08/01,05:28:41.4,熊本県天草・芦北地方,32°30.8′N,130°32.9′E,11 km,1.4,---
2026/08/01,05:29:04.7,熊本県熊本地方,32°44.8′N,130°47.7′E,7 km,1.4,---
2026/08/01,05:29:28.6,熊本県天草・芦北地方,32°28.5′N,130°30.4′E,7 km,0.9,---
2026/08/01,05:30:02.8,熊本県天草・芦北地方,32°28.2′N,130°30.0′E,9 km,0.3,---
2026/08/01,05:30:07.3,山口県中部,34°24.3′N,131°35.9′E,30 km,1.0,---
2026/08/01,05:30:42.5,熊本県熊本地方,32°42.2′N,130°45.5′E,11 km,0.3,---
2026/08/01,05:30:44.9,熊本県天草・芦北地方,32°27.4′N,130°30.0′E,12 km,0.6,---
2026/08/01,05:31:01.1,長野県中部,36°06.0′N,137°37.9′E,8 km,-0.2,---
2026/08/01,05:33:54.9,熊本県熊本地方,32°37.3′N,130°43.7′E,4 km,1.0,---
2026/08/01,05:35:05.2,熊本県熊本地方,32°35.4′N,130°39.1′E,11 km,1.3,---
2026/08/01,05:36:45.7,和歌山県南方沖,33°18.6′N,135°26.8′E,25 km,0.7,---
2026/08/01,05:36:58.2,石垣島近海,24°55.6′N,123°24.4′E,36 km,1.3,---
2026/08/01,05:37:24.6,熊本県熊本地方,32°44.7′N,130°48.0′E,8 km,0.2,---
2026/08/01,05:37:28.6,石川県能登地方,37°17.1′N,136°47.2′E,12 km,1.1,---
2026/08/01,05:38:11.2,熊本県熊本地方,32°38.2′N,130°41.8′E,14 km,0.2,---
2026/08/01,05:38:15.8,福島県沖,36°47.2′N,141°46.4′E,22 km,0.9,---
2026/08/01,05:38:54.2,熊本県天草・芦北地方,32°29.5′N,130°31.9′E,9 km,0.6,---
2026/08/01,05:39:03.2,栃木県北部,36°54.1′N,139°48.9′E,8 km,-0.5,---
2026/08/01,05:40:01.0,三陸沖,40°14.3′N,143°09.6′E,4 km,1.5,---
2026/08/01,05:40:34.7,秋田県内陸北部,39°58.8′N,140°32.5′E,3 km,0.4,---
2026/08/01,05:40:42.3,宮城県南部,38°02.1′N,140°52.8′E,93 km,1.3,---
2026/08/01,05:40:44.4,熊本県熊本地方,32°35.3′N,130°38.3′E,9 km,0.9,---
2026/08/01,05:41:33.2,茨城県北部,36°45.0′N,140°34.6′E,8 km,-0.5,---
2026/08/01,05:41:51.1,熊本県熊本地方,32°39.5′N,130°43.3′E,8 km,0.1,---
2026/08/01,05:42:12.8,熊本県熊本地方,32°32.7′N,130°35.5′E,12 km,0.4,---
2026/08/01,05:42:34.8,熊本県熊本地方,32°31.2′N,130°35.2′E,9 km,0.8,---
2026/08/01,05:42:58.7,福島県沖,37°42.1′N,142°25.6′E,25 km,1.7,---
2026/08/01,05:43:14.1,日向灘,32°21.6′N,131°52.8′E,17 km,1.7,---
2026/08/01,05:43:33.5,熊本県天草・芦北地方,32°37.1′N,130°39.1′E,14 km,0.7,---
2026/08/01,05:44:40.7,熊本県天草・芦北地方,32°24.9′N,130°29.7′E,5 km,0.9,---
2026/08/01,05:45:03.9,茨城県南部,36°15.1′N,139°52.9′E,80 km,1.7,---
2026/08/01,05:46:23.2,和歌山県南方沖,33°27.5′N,135°43.3′E,23 km,0.1,---
2026/08/01,05:46:38.5,熊本県天草・芦北地方,32°23.1′N,130°29.0′E,6 km,0.5,---
2026/08/01,05:47:02.5,熊本県熊本地方,32°31.0′N,130°34.0′E,10 km,0.2,---
2026/08/01,05:47:21.3,熊本県天草・芦北地方,32°31.5′N,130°33.3′E,14 km,1.0,---
2026/08/01,05:47:47.8,熊本県熊本地方,32°38.8′N,130°43.2′E,14 km,0.5,---
2026/08/01,05:48:18.8,熊本県天草・芦北地方,32°24.8′N,130°29.8′E,7 km,0.4,---
2026/08/01,05:49:10.6,熊本県熊本地方,32°30.6′N,130°34.6′E,9 km,0.3,---
2026/08/01,05:49:54.4,鹿児島県薩摩地方,32°10.3′N,130°20.3′E,5 km,0.5,---
2026/08/01,05:51:03.3,鹿児島県薩摩地方,32°10.1′N,130°20.3′E,4 km,0.4,---
2026/08/01,05:51:33.6,三陸沖,40°13.9′N,143°09.3′E,3 km,1.4,---
2026/08/01,05:52:18.9,熊本県天草・芦北地方,32°25.1′N,130°28.7′E,11 km,0.3,---
2026/08/01,05:52:55.7,熊本県天草・芦北地方,32°18.8′N,130°28.0′E,5 km,0.2,---
2026/08/01,05:53:31.4,熊本県天草・芦北地方,32°27.4′N,130°29.5′E,12 km,0.6,---
2026/08/01,05:53:57.8,熊本県熊本地方,32°38.8′N,130°42.5′E,12 km,0.8,---
2026/08/01,05:54:16.0,熊本県熊本地方,32°38.3′N,130°43.6′E,9 km,0.5,---
2026/08/01,05:55:33.3,熊本県天草・芦北地方,32°28.0′N,130°31.9′E,11 km,0.2,---
2026/08/01,05:55:36.7,宮古島近海,24°14.5′N,125°12.6′E,22 km,1.4,---
2026/08/01,05:56:14.5,静岡県西部,34°56.6′N,137°51.8′E,19 km,0.3,---
2026/08/01,05:57:02.5,熊本県天草・芦北地方,32°14.3′N,130°25.8′E,6 km,0.9,---
2026/08/01,05:58:36.6,熊本県熊本地方,32°33.2′N,130°37.1′E,14 km,0.5,---
2026/08/01,05:58:42.3,岩手県沖,40°07.3′N,142°28.1′E,37 km,1.4,---
2026/08/01,05:58:50.8,秋田県内陸北部,39°58.7′N,140°32.6′E,7 km,1.5,---
2026/08/01,05:59:54.6,三陸沖,40°09.5′N,143°13.1′E,4 km,1.4,---
2026/08/01,06:01:00.8,熊本県熊本地方,32°33.9′N,130°38.0′E,10 km,0.8,---
2026/08/01,06:03:40.5,熊本県天草・芦北地方,32°27.6′N,130°32.5′E,14 km,0.8,---
2026/08/01,06:04:14.2,日本海中部,37°17.7′N,135°10.5′E,394 km,2.9,---
2026/08/01,06:04:48.6,熊本県熊本地方,32°31.8′N,130°35.6′E,10 km,1.0,---
2026/08/01,06:05:13.2,兵庫県南西部,34°53.7′N,134°46.9′E,9 km,-0.2,---
2026/08/01,06:05:18.3,熊本県熊本地方,32°39.9′N,130°43.4′E,10 km,0.7,---
2026/08/01,06:06:09.6,四国沖,33°14.8′N,134°32.5′E,25 km,0.5,---
2026/08/01,06:06:18.0,熊本県熊本地方,32°38.5′N,130°42.1′E,14 km,0.5,---
2026/08/01,06:06:44.2,熊本県天草・芦北地方,32°27.5′N,130°32.7′E,14 km,0.1,---
2026/08/01,06:07:53.0,福島県沖,37°42.7′N,142°25.7′E,22 km,1.6,---
2026/08/01,06:07:58.6,熊本県熊本地方,32°39.0′N,130°42.7′E,12 km,0.2,---
2026/08/01,06:08:06.4,三陸沖,40°14.0′N,143°09.8′E,6 km,1.4,---
2026/08/01,06:08:33.0,熊本県天草・芦北地方,32°23.4′N,130°28.4′E,11 km,0.4,---
2026/08/01,06:10:03.5,熊本県熊本地方,32°36.7′N,130°41.6′E,8 km,0.2,---
2026/08/01,06:10:20.6,熊本県天草・芦北地方,32°28.9′N,130°31.4′E,11 km,1.2,---
2026/08/01,06:10:34.4,三陸沖,40°09.9′N,143°13.3′E,4 km,1.2,---
2026/08/01,06:10:36.9,熊本県熊本地方,32°38.4′N,130°43.5′E,11 km,0.6,---
2026/08/01,06:10:37.8,秋田県内陸北部,39°58.6′N,140°32.8′E,2 km,0.5,---
2026/08/01,06:11:15.7,熊本県熊本地方,32°35.7′N,130°38.5′E,13 km,1.3,---
2026/08/01,06:12:06.8,熊本県天草・芦北地方,32°24.6′N,130°29.5′E,6 km,1.3,---
2026/08/01,06:13:13.5,熊本県天草・芦北地方,32°28.7′N,130°34.0′E,6 km,0.2,---
2026/08/01,06:13:45.9,熊本県天草・芦北地方,32°23.8′N,130°29.0′E,8 km,0.2,---
2026/08/01,06:13:46.2,秋田県内陸北部,39°59.1′N,140°32.2′E,3 km,0.2,---
2026/08/01,06:13:51.5,宮崎県南部山沿い,32°03.1′N,131°03.6′E,11 km,0.4,---
2026/08/01,06:14:26.9,熊本県天草・芦北地方,32°28.3′N,130°29.8′E,12 km,1.4,---
2026/08/01,06:14:29.8,群馬県南部,36°22.1′N,139°19.8′E,136 km,1.2,---
2026/08/01,06:15:39.4,熊本県熊本地方,32°35.5′N,130°41.7′E,6 km,0.5,---
2026/08/01,06:15:58.0,熊本県熊本地方,32°35.8′N,130°41.5′E,10 km,0.2,---
2026/08/01,06:16:20.7,熊本県熊本地方,32°29.3′N,130°34.2′E,10 km,0.3,---
2026/08/01,06:16:26.8,山口県北西沖,34°36.3′N,131°02.8′E,19 km,1.9,---
2026/08/01,06:16:59.4,千葉県東方沖,35°47.6′N,140°59.4′E,21 km,1.4,---
2026/08/01,06:17:17.2,長野県中部,36°06.1′N,137°38.2′E,9 km,0.3,---
2026/08/01,06:17:40.5,神奈川県西部,35°29.2′N,139°03.1′E,15 km,0.2,---
2026/08/01,06:17:42.7,熊本県天草・芦北地方,32°22.9′N,130°26.2′E,14 km,0.5,---
2026/08/01,06:17:45.2,青森県東方沖,41°03.1′N,142°02.1′E,57 km,2.1,---
2026/08/01,06:18:09.2,熊本県熊本地方,32°32.9′N,130°35.0′E,13 km,0.0,---
2026/08/01,06:19:30.6,熊本県天草・芦北地方,32°27.8′N,130°32.1′E,3 km,0.7,---
2026/08/01,06:19:51.4,熊本県熊本地方,32°39.4′N,130°43.5′E,13 km,0.2,---
2026/08/01,06:20:22.2,熊本県天草・芦北地方,32°27.8′N,130°34.3′E,0 km,0.4,---
2026/08/01,06:20:49.1,熊本県天草・芦北地方,32°23.8′N,130°29.5′E,11 km,0.4,---
2026/08/01,06:23:02.2,和歌山県南部,33°48.3′N,135°30.4′E,12 km,-0.2,---
2026/08/01,06:24:40.3,熊本県熊本地方,32°39.1′N,130°43.7′E,9 km,0.0,---
2026/08/01,06:25:17.5,熊本県熊本地方,32°42.3′N,130°45.6′E,10 km,2.2,---
2026/08/01,06:25:37.1,熊本県熊本地方,32°42.5′N,130°45.8′E,9 km,2.3,---
2026/08/01,06:26:42.9,熊本県熊本地方,32°42.4′N,130°45.7′E,10 km,0.9,---
2026/08/01,06:26:52.9,和歌山県北部,34°04.5′N,135°23.2′E,7 km,-0.3,---
2026/08/01,06:27:55.6,熊本県熊本地方,32°32.3′N,130°36.3′E,7 km,1.5,---
2026/08/01,06:28:18.4,三陸沖,40°13.9′N,143°10.6′E,11 km,不明,---
2026/08/01,06:29:10.0,三陸沖,40°14.0′N,143°09.1′E,2 km,2.7,---
2026/08/01,06:29:18.1,熊本県熊本地方,32°33.4′N,130°37.1′E,11 km,1.5,---
2026/08/01,06:30:12.4,熊本県熊本地方,32°41.1′N,130°44.3′E,12 km,0.5,---
2026/08/01,06:30:14.5,奄美大島北東沖,29°19.0′N,130°35.7′E,7 km,不明,---
2026/08/01,06:30:18.1,岩手県沖,40°12.8′N,142°49.7′E,3 km,不明,---
2026/08/01,06:30:34.2,熊本県熊本地方,32°41.5′N,130°44.0′E,13 km,0.4,---
2026/08/01,06:31:06.2,熊本県天草・芦北地方,32°23.7′N,130°29.0′E,8 km,1.5,---
2026/08/01,06:31:37.4,熊本県天草・芦北地方,32°23.9′N,130°29.1′E,9 km,0.4,---
2026/08/01,06:33:43.4,熊本県熊本地方,32°36.4′N,130°40.0′E,8 km,0.2,---
2026/08/01,06:34:30.6,奄美大島北東沖,29°22.8′N,129°55.9′E,56 km,不明,---
2026/08/01,06:35:04.4,熊本県天草・芦北地方,32°27.7′N,130°32.5′E,11 km,0.2,---
2026/08/01,06:35:50.5,熊本県熊本地方,32°34.5′N,130°38.3′E,9 km,0.7,---
2026/08/01,06:36:20.5,熊本県熊本地方,32°29.1′N,130°33.7′E,7 km,0.7,---
2026/08/01,06:36:59.6,福島県沖,37°02.5′N,141°13.7′E,52 km,0.8,---
2026/08/01,06:37:33.9,和歌山県北部,34°04.3′N,135°19.0′E,9 km,0.0,---
2026/08/01,06:38:16.9,奄美大島北西沖,28°16.6′N,128°11.8′E,9 km,2.0,---
2026/08/01,06:38:50.5,熊本県天草・芦北地方,32°28.2′N,130°32.9′E,14 km,1.9,---
2026/08/01,06:39:27.8,福岡県筑豊地方,33°36.4′N,130°36.1′E,15 km,0.5,---
2026/08/01,06:39:35.9,三陸沖,40°10.7′N,143°09.9′E,4 km,不明,---
2026/08/01,06:41:21.2,福島県沖,37°23.9′N,141°42.9′E,43 km,1.1,---
2026/08/01,06:41:48.6,熊本県熊本地方,32°39.6′N,130°41.4′E,15 km,1.4,---
2026/08/01,06:42:11.8,熊本県天草・芦北地方,32°31.1′N,130°33.0′E,15 km,2.8,---
2026/08/01,06:43:42.8,熊本県熊本地方,32°35.5′N,130°41.7′E,7 km,0.6,---
2026/08/01,06:44:47.9,熊本県熊本地方,32°32.3′N,130°39.2′E,6 km,0.2,---
2026/08/01,06:45:03.7,三陸沖,40°11.4′N,143°10.5′E,4 km,2.0,---
2026/08/01,06:46:12.8,熊本県阿蘇地方,32°55.3′N,130°59.6′E,8 km,0.1,---
2026/08/01,06:46:19.1,熊本県熊本地方,32°29.5′N,130°36.5′E,8 km,1.3,---
2026/08/01,06:46:25.1,福島県沖,37°50.9′N,141°37.6′E,49 km,1.1,---
2026/08/01,06:47:04.1,福島県中通り,37°02.8′N,140°34.7′E,10 km,2.3,---
2026/08/01,06:47:04.6,熊本県天草・芦北地方,32°26.8′N,130°32.3′E,3 km,0.8,---
2026/08/01,06:48:19.8,熊本県天草・芦北地方,32°29.6′N,130°31.9′E,11 km,3.1,---
2026/08/01,06:48:25.1,奄美大島北西沖,28°15.8′N,128°12.5′E,10 km,2.5,---
2026/08/01,06:49:32.3,福島県沖,37°15.1′N,142°13.4′E,23 km,1.2,---
2026/08/01,06:50:58.7,愛知県西部,35°00.2′N,137°21.8′E,39 km,1.0,---
2026/08/01,06:51:16.5,秋田県内陸北部,39°58.6′N,140°32.7′E,3 km,0.4,---
2026/08/01,06:52:00.7,沖縄本島近海,26°58.9′N,128°46.6′E,18 km,1.4,---
2026/08/01,06:53:57.7,長野県南部,35°53.4′N,137°44.7′E,9 km,-0.1,---
2026/08/01,06:53:59.5,奄美大島北西沖,28°17.7′N,128°09.2′E,17 km,1.5,---
2026/08/01,06:54:34.0,三陸沖,40°13.6′N,143°09.2′E,4 km,1.6,---
2026/08/01,06:56:47.7,熊本県天草・芦北地方,32°28.3′N,130°32.7′E,14 km,1.1,---
2026/08/01,06:57:10.6,熊本県天草・芦北地方,32°25.8′N,130°29.3′E,9 km,0.3,---
2026/08/01,06:57:47.4,熊本県天草・芦北地方,32°23.8′N,130°28.0′E,9 km,0.8,---
2026/08/01,06:58:41.6,大分県西部,33°16.0′N,131°18.3′E,9 km,0.2,---
2026/08/01,06:58:50.1,和歌山県北部,34°04.5′N,135°21.3′E,8 km,0.6,---
2026/08/01,06:59:59.2,栃木県北部,36°53.9′N,139°48.6′E,8 km,0.5,---
2026/08/01,07:00:02.9,滋賀県北部,35°30.1′N,136°17.1′E,4 km,-0.1,---
2026/08/01,07:01:23.2,能登半島沖,37°05.7′N,136°37.8′E,8 km,0.8,---
2026/08/01,07:01:51.1,三陸沖,39°07.7′N,143°19.1′E,8 km,4.0,---
2026/08/01,07:02:07.9,熊本県熊本地方,32°35.8′N,130°38.4′E,9 km,0.0,---
2026/08/01,07:03:50.0,熊本県熊本地方,32°34.5′N,130°36.5′E,13 km,0.7,---
2026/08/01,07:04:39.8,熊本県熊本地方,32°34.3′N,130°40.6′E,0 km,1.0,---
2026/08/01,07:05:13.5,熊本県熊本地方,32°39.1′N,130°42.1′E,14 km,0.5,---
2026/08/01,07:06:42.2,鹿児島湾,31°25.5′N,130°37.4′E,10 km,0.7,---
2026/08/01,07:11:05.0,熊本県熊本地方,32°31.9′N,130°35.1′E,10 km,0.5,---
2026/08/01,07:11:46.4,熊本県熊本地方,32°35.3′N,130°37.9′E,13 km,1.2,---
2026/08/01,07:12:11.9,熊本県天草・芦北地方,32°24.7′N,130°30.7′E,9 km,2.1,---
2026/08/01,07:12:26.5,千葉県南東沖,34°48.9′N,139°52.8′E,62 km,0.6,---
2026/08/01,07:12:52.7,釧路沖,42°47.7′N,144°08.6′E,77 km,0.6,---
2026/08/01,07:13:14.2,熊本県天草・芦北地方,32°22.5′N,130°27.5′E,6 km,0.1,---
2026/08/01,07:14:23.3,熊本県熊本地方,32°34.9′N,130°37.4′E,14 km,0.3,---
2026/08/01,07:15:10.3,熊本県天草・芦北地方,32°30.7′N,130°32.9′E,14 km,0.7,---
2026/08/01,07:16:30.1,熊本県熊本地方,32°32.7′N,130°37.5′E,7 km,0.6,---
2026/08/01,07:17:39.9,熊本県熊本地方,32°34.5′N,130°37.1′E,8 km,0.7,---
2026/08/01,07:19:15.4,熊本県天草・芦北地方,32°12.6′N,130°21.5′E,5 km,0.3,---
2026/08/01,07:19:55.7,大分県中部,33°15.3′N,131°19.2′E,9 km,0.7,---
2026/08/01,07:22:03.3,熊本県熊本地方,32°36.9′N,130°42.9′E,9 km,0.6,---
2026/08/01,07:22:44.0,熊本県熊本地方,32°38.6′N,130°45.3′E,9 km,0.4,---
2026/08/01,07:23:23.1,熊本県天草・芦北地方,32°26.6′N,130°30.7′E,13 km,0.4,---
2026/08/01,07:23:41.5,熊本県熊本地方,32°33.8′N,130°38.9′E,11 km,2.1,---
2026/08/01,07:24:30.2,栃木県北部,36°53.6′N,139°48.7′E,9 km,0.5,---
2026/08/01,07:25:12.5,熊本県天草・芦北地方,32°21.9′N,130°27.6′E,10 km,1.0,---
2026/08/01,07:25:32.7,熊本県熊本地方,32°44.4′N,130°46.4′E,12 km,0.3,---
2026/08/01,07:26:19.4,栃木県北部,36°53.7′N,139°48.7′E,9 km,0.8,---
2026/08/01,07:27:31.8,熊本県熊本地方,32°36.2′N,130°40.8′E,7 km,1.7,---
2026/08/01,07:27:47.0,三陸沖,39°07.1′N,143°18.3′E,4 km,1.1,---
2026/08/01,07:28:20.3,駿河湾,34°47.5′N,138°29.2′E,22 km,0.6,---
2026/08/01,07:29:37.5,熊本県天草・芦北地方,32°25.5′N,130°31.8′E,1 km,0.8,---
2026/08/01,07:31:04.2,岩手県沖,40°21.9′N,142°12.3′E,46 km,0.7,---
2026/08/01,07:32:27.8,熊本県熊本地方,32°31.5′N,130°35.8′E,13 km,1.0,---
2026/08/01,07:33:12.5,栃木県北部,36°53.6′N,139°48.7′E,9 km,-0.5,---
2026/08/01,07:33:20.0,三陸沖,39°07.6′N,143°19.3′E,8 km,1.4,---
2026/08/01,07:33:53.4,熊本県熊本地方,32°38.1′N,130°44.3′E,8 km,0.0,---
2026/08/01,07:34:46.7,新島・神津島近海,34°15.6′N,139°08.8′E,10 km,0.8,---
2026/08/01,07:35:11.1,島根県西部,35°02.1′N,132°29.7′E,9 km,0.2,---
2026/08/01,07:35:27.1,長野県中部,36°10.8′N,137°57.5′E,5 km,-0.4,---
2026/08/01,07:35:50.8,駿河湾,34°45.1′N,138°31.2′E,24 km,0.7,---
2026/08/01,07:37:40.7,熊本県天草・芦北地方,32°28.7′N,130°33.2′E,8 km,1.2,---
2026/08/01,07:37:45.0,新潟県中越地方,37°23.3′N,138°47.3′E,10 km,1.2,---
2026/08/01,07:39:10.2,熊本県天草・芦北地方,32°30.3′N,130°31.5′E,12 km,0.3,---
2026/08/01,07:39:34.0,熊本県熊本地方,32°29.7′N,130°34.5′E,12 km,1.3,---
2026/08/01,07:40:21.6,熊本県天草・芦北地方,32°28.3′N,130°32.5′E,10 km,0.3,---
2026/08/01,07:40:45.1,熊本県熊本地方,32°34.7′N,130°41.7′E,6 km,0.4,---
2026/08/01,07:42:37.4,熊本県熊本地方,32°34.1′N,130°37.2′E,11 km,0.7,---
2026/08/01,07:42:37.6,三宅島近海,33°47.7′N,139°19.7′E,12 km,1.5,---
2026/08/01,07:42:42.0,福島県沖,37°35.9′N,142°13.5′E,28 km,2.0,---
2026/08/01,07:43:12.0,奄美大島近海,28°33.0′N,130°04.6′E,9 km,1.7,---
2026/08/01,07:43:16.7,熊本県天草・芦北地方,32°23.5′N,130°29.8′E,15 km,0.7,---
2026/08/01,07:43:55.0,熊本県天草・芦北地方,32°28.0′N,130°31.8′E,0 km,0.6,---
2026/08/01,07:45:02.4,熊本県熊本地方,32°29.5′N,130°35.2′E,11 km,1.5,---
2026/08/01,07:49:16.4,岩手県沖,40°04.3′N,142°25.1′E,5 km,0.9,---
2026/08/01,07:50:42.3,熊本県天草・芦北地方,32°19.2′N,130°28.0′E,6 km,1.5,---
2026/08/01,07:51:21.6,熊本県熊本地方,32°35.4′N,130°39.4′E,12 km,3.1,---
2026/08/01,07:51:52.8,若狭湾,35°31.0′N,135°42.5′E,10 km,-0.1,---
2026/08/01,07:52:18.6,千葉県南部,35°03.8′N,139°50.2′E,67 km,1.0,---
2026/08/01,07:52:25.1,熊本県熊本地方,32°31.2′N,130°35.7′E,6 km,1.0,---
2026/08/01,07:53:28.8,北海道北西沖,44°36.6′N,141°46.5′E,0 km,1.3,---
2026/08/01,07:53:37.4,熊本県熊本地方,32°39.9′N,130°41.5′E,15 km,0.8,---
2026/08/01,07:54:06.4,熊本県熊本地方,32°38.6′N,130°41.9′E,15 km,0.3,---
2026/08/01,07:55:10.1,薩摩半島西方沖,31°47.2′N,129°52.8′E,15 km,0.1,---
2026/08/01,07:56:09.8,熊本県熊本地方,32°32.1′N,130°36.7′E,7 km,2.1,---
2026/08/01,07:56:19.6,宮崎県北部山沿い,32°31.1′N,131°08.0′E,139 km,2.3,---
2026/08/01,07:56:57.6,福島県沖,37°42.2′N,142°25.8′E,22 km,0.9,---
2026/08/01,07:57:14.3,熊本県天草・芦北地方,32°28.5′N,130°34.4′E,2 km,2.2,---
2026/08/01,07:57:35.4,富山県東部,36°26.6′N,137°37.0′E,3 km,0.5,---
2026/08/01,07:58:26.6,熊本県熊本地方,32°30.8′N,130°35.7′E,6 km,0.9,---
2026/08/01,08:01:05.6,熊本県熊本地方,32°30.9′N,130°36.1′E,9 km,0.1,---
2026/08/01,08:02:12.9,熊本県天草・芦北地方,32°26.3′N,130°29.1′E,2 km,0.8,---
2026/08/01,08:02:54.2,熊本県熊本地方,32°41.8′N,130°45.4′E,10 km,0.2,---
2026/08/01,08:02:56.2,福島県沖,37°40.3′N,142°10.2′E,30 km,1.4,---
2026/08/01,08:04:00.9,熊本県天草・芦北地方,32°27.9′N,130°32.8′E,0 km,0.2,---
2026/08/01,08:04:15.6,熊本県天草・芦北地方,32°25.9′N,130°30.3′E,10 km,0.2,---
2026/08/01,08:04:42.2,熊本県天草・芦北地方,32°31.5′N,130°33.7′E,14 km,2.7,---
2026/08/01,08:05:23.9,熊本県天草・芦北地方,32°31.4′N,130°33.5′E,14 km,2.6,---
2026/08/01,08:07:17.9,熊本県熊本地方,32°33.2′N,130°36.8′E,5 km,0.5,---
2026/08/01,08:07:38.3,熊本県熊本地方,32°35.8′N,130°38.0′E,14 km,0.5,---
2026/08/01,08:08:34.6,岩手県沖,39°54.9′N,142°23.3′E,36 km,1.9,---
2026/08/01,08:09:05.0,熊本県天草・芦北地方,32°31.3′N,130°33.6′E,14 km,1.9,---
2026/08/01,08:09:41.4,熊本県熊本地方,32°33.2′N,130°35.9′E,13 km,1.4,---
2026/08/01,08:10:49.4,熊本県熊本地方,32°44.6′N,130°47.2′E,7 km,0.9,---
2026/08/01,08:11:12.0,熊本県天草・芦北地方,32°26.1′N,130°29.0′E,0 km,1.6,---
2026/08/01,08:12:19.8,熊本県天草・芦北地方,32°22.6′N,130°29.3′E,9 km,0.2,---
2026/08/01,08:13:07.5,熊本県天草・芦北地方,32°27.9′N,130°30.2′E,11 km,1.3,---
2026/08/01,08:14:23.1,天草灘,32°20.0′N,129°40.3′E,15 km,1.3,---
2026/08/01,08:16:30.9,福島県沖,37°49.1′N,141°36.4′E,50 km,1.1,---
2026/08/01,08:17:28.0,熊本県天草・芦北地方,32°31.6′N,130°33.5′E,13 km,1.1,---
2026/08/01,08:17:46.5,熊本県熊本地方,32°30.0′N,130°34.3′E,11 km,1.1,---
2026/08/01,08:18:29.7,奄美大島近海,27°34.6′N,128°47.6′E,15 km,1.9,---
2026/08/01,08:19:14.2,静岡県西部,34°51.2′N,137°52.7′E,17 km,-0.1,---
2026/08/01,08:19:41.1,熊本県熊本地方,32°38.8′N,130°45.4′E,8 km,0.0,---
2026/08/01,08:20:33.1,熊本県熊本地方,32°31.1′N,130°34.9′E,10 km,1.1,---
2026/08/01,08:20:58.7,熊本県熊本地方,32°39.8′N,130°41.7′E,14 km,1.6,---
2026/08/01,08:21:43.4,熊本県熊本地方,32°37.5′N,130°43.1′E,11 km,0.8,---
2026/08/01,08:22:48.5,大分県中部,33°15.7′N,131°18.8′E,11 km,-0.1,---
2026/08/01,08:25:12.4,熊本県熊本地方,32°36.9′N,130°42.8′E,9 km,2.3,---
2026/08/01,08:26:02.6,熊本県天草・芦北地方,32°28.0′N,130°32.8′E,1 km,0.6,---
2026/08/01,08:28:02.9,天草灘,32°20.7′N,129°51.0′E,9 km,1.5,---
2026/08/01,08:28:04.7,山口県中部,34°24.6′N,131°36.1′E,32 km,0.3,---
2026/08/01,08:28:24.3,宮城県沖,38°24.9′N,141°49.6′E,42 km,0.6,---
2026/08/01,08:29:02.5,熊本県熊本地方,32°34.7′N,130°40.3′E,7 km,0.5,---
2026/08/01,08:29:32.4,熊本県熊本地方,32°31.9′N,130°35.8′E,6 km,0.6,---
2026/08/01,08:30:12.6,熊本県熊本地方,32°31.2′N,130°34.3′E,13 km,0.1,---
2026/08/01,08:30:32.6,熊本県熊本地方,32°36.4′N,130°40.3′E,10 km,1.2,---
2026/08/01,08:31:57.6,釧路沖,42°28.7′N,145°08.5′E,23 km,1.7,---
2026/08/01,08:32:49.3,栃木県北部,36°53.7′N,139°48.8′E,8 km,0.4,---
2026/08/01,08:33:27.8,茨城県北部,36°44.2′N,140°34.6′E,9 km,0.1,---
2026/08/01,08:34:03.3,熊本県熊本地方,32°33.4′N,130°38.0′E,3 km,1.1,---
2026/08/01,08:35:49.4,熊本県天草・芦北地方,32°24.7′N,130°28.7′E,1 km,0.9,---
2026/08/01,08:38:11.4,岐阜県飛騨地方,35°52.1′N,137°22.8′E,11 km,3.1,---
2026/08/01,08:39:01.1,熊本県天草・芦北地方,32°23.7′N,130°29.2′E,8 km,1.0,---
2026/08/01,08:39:17.5,岐阜県飛騨地方,35°52.1′N,137°22.9′E,10 km,0.7,---
2026/08/01,08:39:22.2,熊本県天草・芦北地方,32°28.8′N,130°30.4′E,12 km,1.2,---
2026/08/01,08:39:53.6,熊本県熊本地方,32°37.8′N,130°42.5′E,11 km,0.1,---
2026/08/01,08:41:39.5,神奈川県東部,35°29.5′N,139°25.1′E,98 km,1.2,---
2026/08/01,08:44:56.5,熊本県熊本地方,32°23.4′N,130°33.1′E,12 km,1.6,---
2026/08/01,08:45:47.4,岐阜県美濃中西部,35°23.7′N,136°52.5′E,8 km,2.0,---
2026/08/01,08:47:04.7,茨城県北部,36°33.4′N,140°31.5′E,91 km,0.5,---
2026/08/01,08:47:15.3,東海道南方沖,32°11.2′N,138°11.2′E,372 km,2.9,---
2026/08/01,08:48:52.6,熊本県熊本地方,32°44.0′N,130°45.5′E,11 km,0.6,---
2026/08/01,08:50:19.1,熊本県天草・芦北地方,32°25.7′N,130°30.4′E,6 km,0.8,---
2026/08/01,08:50:39.6,熊本県熊本地方,32°39.7′N,130°43.1′E,11 km,0.6,---
2026/08/01,08:51:25.8,熊本県熊本地方,32°36.8′N,130°43.2′E,4 km,2.4,---
2026/08/01,08:52:13.1,沖縄本島近海,27°25.1′N,128°37.5′E,39 km,0.7,---
2026/08/01,08:54:55.8,熊本県熊本地方,32°43.8′N,130°47.4′E,14 km,0.6,---
2026/08/01,08:55:18.5,熊本県熊本地方,32°40.5′N,130°43.7′E,13 km,0.7,---
2026/08/01,08:56:19.8,熊本県天草・芦北地方,32°29.2′N,130°32.2′E,8 km,0.4,---
2026/08/01,08:57:25.9,熊本県熊本地方,32°34.1′N,130°39.7′E,9 km,1.3,---
2026/08/01,08:57:46.3,熊本県天草・芦北地方,32°26.8′N,130°33.6′E,3 km,0.9,---
2026/08/01,08:58:06.4,熊本県天草・芦北地方,32°28.8′N,130°34.3′E,8 km,1.1,---
2026/08/01,08:58:21.6,紀伊水道,34°08.5′N,135°05.7′E,9 km,0.1,---
2026/08/01,08:58:47.2,茨城県北部,36°44.7′N,140°34.1′E,8 km,-0.1,---
2026/08/01,08:58:59.6,熊本県熊本地方,32°29.6′N,130°33.1′E,7 km,0.9,---
2026/08/01,08:59:42.1,福島県沖,37°45.0′N,143°38.0′E,29 km,1.0,---
2026/08/01,09:01:21.8,三陸沖,40°11.6′N,143°10.6′E,3 km,2.0,---
2026/08/01,09:01:45.6,熊本県天草・芦北地方,32°27.9′N,130°29.9′E,11 km,0.4,---
2026/08/01,09:02:11.3,熊本県熊本地方,32°30.2′N,130°35.8′E,10 km,1.4,---
2026/08/01,09:02:45.3,熊本県天草・芦北地方,32°19.1′N,130°28.2′E,7 km,1.3,---
2026/08/01,09:03:25.2,熊本県熊本地方,32°32.5′N,130°34.6′E,10 km,0.2,---
2026/08/01,09:04:14.7,千葉県南部,35°09.9′N,140°15.6′E,29 km,0.6,---
2026/08/01,09:05:52.2,熊本県天草・芦北地方,32°27.0′N,130°33.8′E,8 km,0.8,---
2026/08/01,09:08:28.2,熊本県天草・芦北地方,32°28.6′N,130°32.6′E,9 km,0.4,---
2026/08/01,09:08:59.3,熊本県天草・芦北地方,32°24.2′N,130°30.4′E,9 km,1.1,---
2026/08/01,09:09:36.6,熊本県熊本地方,32°38.6′N,130°44.1′E,11 km,1.3,---
2026/08/01,09:10:57.7,熊本県天草・芦北地方,32°23.1′N,130°29.2′E,7 km,0.2,---
2026/08/01,09:11:09.4,熊本県熊本地方,32°38.9′N,130°42.3′E,15 km,0.4,---
2026/08/01,09:12:34.8,熊本県天草・芦北地方,32°32.7′N,130°33.9′E,15 km,0.3,---
2026/08/01,09:12:49.4,奄美大島北西沖,28°14.7′N,128°10.2′E,20 km,2.3,---
2026/08/01,09:13:01.0,長野県南部,35°52.0′N,137°23.0′E,9 km,0.2,---
2026/08/01,09:13:14.3,熊本県熊本地方,32°31.6′N,130°34.1′E,13 km,0.7,---
2026/08/01,09:15:11.9,熊本県熊本地方,32°29.4′N,130°37.6′E,13 km,0.0,---
2026/08/01,09:15:30.8,熊本県熊本地方,32°40.4′N,130°44.3′E,11 km,0.2,---
2026/08/01,09:15:44.3,島根県東部,35°19.1′N,133°13.2′E,9 km,0.2,---
2026/08/01,09:16:51.5,熊本県天草・芦北地方,32°29.3′N,130°31.8′E,10 km,1.2,---
2026/08/01,09:18:26.7,熊本県熊本地方,32°31.6′N,130°41.2′E,15 km,1.0,---
2026/08/01,09:18:50.1,熊本県熊本地方,32°38.3′N,130°42.9′E,9 km,1.2,---
2026/08/01,09:19:14.1,神奈川県西部,35°29.5′N,139°03.9′E,17 km,0.0,---
2026/08/01,09:19:28.7,熊本県天草・芦北地方,32°27.9′N,130°34.1′E,11 km,0.5,---
2026/08/01,09:19:41.2,熊本県熊本地方,32°38.8′N,130°43.2′E,11 km,0.8,---
2026/08/01,09:20:39.6,熊本県天草・芦北地方,32°26.0′N,130°29.1′E,11 km,0.0,---
2026/08/01,09:20:57.4,新潟県下越地方,37°55.0′N,139°27.5′E,4 km,0.0,---
2026/08/01,09:21:53.5,天草灘,31°59.3′N,130°11.7′E,2 km,1.0,---
2026/08/01,09:22:10.1,熊本県熊本地方,32°38.2′N,130°48.6′E,6 km,1.3,---
2026/08/01,09:22:40.6,熊本県熊本地方,32°37.5′N,130°42.2′E,10 km,0.4,---
2026/08/01,09:22:52.9,根室半島南東沖,43°18.8′N,146°26.5′E,58 km,2.6,---
2026/08/01,09:23:21.5,天草灘,31°59.2′N,130°11.7′E,2 km,0.3,---
2026/08/01,09:23:26.8,天草灘,31°59.4′N,130°11.7′E,3 km,0.9,---
2026/08/01,09:24:47.3,熊本県天草・芦北地方,32°28.4′N,130°33.1′E,8 km,0.3,---
2026/08/01,09:25:17.9,熊本県熊本地方,32°39.9′N,130°44.6′E,5 km,0.5,---
2026/08/01,09:26:11.0,熊本県天草・芦北地方,32°22.7′N,130°28.8′E,9 km,0.4,---
2026/08/01,09:26:30.0,熊本県天草・芦北地方,32°23.3′N,130°27.0′E,7 km,0.1,---
2026/08/01,09:26:39.4,熊本県天草・芦北地方,32°30.7′N,130°32.0′E,14 km,0.5,---
2026/08/01,09:27:20.5,熊本県天草・芦北地方,32°30.1′N,130°32.7′E,12 km,-0.1,---
2026/08/01,09:27:39.9,熊本県熊本地方,32°31.7′N,130°35.4′E,0 km,0.7,---
2026/08/01,09:29:25.2,茨城県北部,36°44.8′N,140°34.8′E,9 km,-0.4,---
2026/08/01,09:30:00.7,熊本県熊本地方,32°37.4′N,130°41.8′E,8 km,1.0,---
2026/08/01,09:30:50.8,熊本県熊本地方,32°38.7′N,130°43.2′E,9 km,0.0,---
2026/08/01,09:31:16.7,熊本県熊本地方,32°33.9′N,130°37.5′E,15 km,1.3,---
2026/08/01,09:31:47.9,熊本県熊本地方,32°30.1′N,130°36.7′E,13 km,0.6,---
2026/08/01,09:31:58.4,熊本県天草・芦北地方,32°27.4′N,130°32.2′E,0 km,1.1,---
2026/08/01,09:32:52.6,熊本県熊本地方,32°41.1′N,130°44.3′E,13 km,2.4,---
2026/08/01,09:33:21.7,茨城県北部,36°45.6′N,140°35.0′E,10 km,1.1,---
2026/08/01,09:34:14.1,福島県会津,37°44.0′N,139°54.3′E,8 km,0.3,---
2026/08/01,09:35:32.4,熊本県熊本地方,32°32.9′N,130°36.8′E,12 km,0.9,---
2026/08/01,09:36:08.6,熊本県熊本地方,32°41.8′N,130°45.6′E,16 km,0.5,---
2026/08/01,09:36:09.2,沖縄本島近海,26°52.1′N,127°27.9′E,67 km,3.1,---
2026/08/01,09:36:56.9,熊本県熊本地方,32°36.1′N,130°40.8′E,12 km,0.3,---
2026/08/01,09:37:30.6,熊本県天草・芦北地方,32°24.5′N,130°28.4′E,7 km,0.6,---
2026/08/01,09:38:01.9,熊本県天草・芦北地方,32°08.6′N,130°28.5′E,10 km,0.2,---
2026/08/01,09:38:03.9,熊本県熊本地方,32°29.5′N,130°34.1′E,8 km,0.6,---
2026/08/01,09:38:23.5,熊本県熊本地方,32°40.7′N,130°43.7′E,12 km,0.2,---
2026/08/01,09:39:06.4,熊本県熊本地方,32°31.0′N,130°34.5′E,9 km,0.5,---
2026/08/01,09:39:32.0,熊本県熊本地方,32°29.9′N,130°34.2′E,10 km,0.1,---
2026/08/01,09:40:50.5,熊本県天草・芦北地方,32°25.6′N,130°28.5′E,12 km,0.7,---
2026/08/01,09:41:35.0,熊本県熊本地方,32°41.4′N,130°45.6′E,8 km,0.3,---
2026/08/01,09:43:49.7,熊本県熊本地方,32°29.2′N,130°34.1′E,14 km,0.4,---
2026/08/01,09:44:16.2,紀伊水道,34°09.1′N,135°07.9′E,7 km,1.5,---
2026/08/01,09:44:57.0,有明海,32°44.4′N,130°36.2′E,11 km,0.6,---
2026/08/01,09:46:13.7,熊本県熊本地方,32°40.7′N,130°42.4′E,15 km,0.3,---
2026/08/01,09:46:27.1,熊本県熊本地方,32°33.7′N,130°40.2′E,8 km,0.8,---
2026/08/01,09:47:49.5,熊本県天草・芦北地方,32°38.0′N,130°39.9′E,15 km,0.3,---
2026/08/01,09:48:15.7,千葉県北東部,35°42.0′N,140°38.4′E,46 km,1.1,---
2026/08/01,09:48:29.8,五島列島近海,32°46.9′N,129°41.0′E,7 km,1.2,---
2026/08/01,09:48:40.7,青森県三八上北地方,40°50.4′N,141°19.7′E,89 km,2.2,---
2026/08/01,09:49:16.7,熊本県天草・芦北地方,32°30.5′N,130°32.5′E,12 km,0.3,---
2026/08/01,09:50:45.9,熊本県天草・芦北地方,32°26.1′N,130°32.1′E,14 km,0.4,---
2026/08/01,09:51:18.0,福井県沖,36°01.1′N,135°48.3′E,14 km,0.8,---
2026/08/01,09:52:31.0,熊本県熊本地方,32°35.5′N,130°42.2′E,15 km,0.6,---
2026/08/01,09:52:34.9,岐阜県飛騨地方,36°04.5′N,137°26.1′E,4 km,0.7,---
2026/08/01,09:53:35.8,熊本県天草・芦北地方,32°23.8′N,130°29.6′E,7 km,0.1,---
2026/08/01,09:53:45.3,熊本県天草・芦北地方,32°22.7′N,130°28.4′E,8 km,0.6,---
2026/08/01,09:53:46.7,熊本県熊本地方,32°45.8′N,130°48.3′E,7 km,1.1,---
2026/08/01,09:54:33.7,熊本県天草・芦北地方,32°23.1′N,130°29.0′E,8 km,0.4,---
2026/08/01,09:54:54.6,熊本県天草・芦北地方,32°30.3′N,130°31.2′E,13 km,0.0,---
2026/08/01,09:55:03.6,熊本県天草・芦北地方,32°22.7′N,130°28.7′E,9 km,0.3,---
2026/08/01,09:55:09.6,熊本県天草・芦北地方,32°21.7′N,130°27.4′E,10 km,0.3,---
2026/08/01,09:56:08.2,熊本県熊本地方,32°38.6′N,130°44.4′E,6 km,0.0,---
2026/08/01,09:56:41.9,和歌山県北部,34°04.3′N,135°19.2′E,9 km,0.9,---
2026/08/01,09:57:26.6,天草灘,31°58.9′N,130°11.1′E,2 km,1.0,---
2026/08/01,09:58:29.9,熊本県熊本地方,32°35.4′N,130°41.9′E,15 km,1.2,---
2026/08/01,09:59:11.5,熊本県熊本地方,32°42.9′N,130°46.7′E,10 km,0.1,---
2026/08/01,09:59:50.5,熊本県天草・芦北地方,32°28.7′N,130°33.1′E,6 km,0.5,---
2026/08/01,10:00:00.8,熊本県天草・芦北地方,32°28.2′N,130°33.2′E,8 km,2.8,---
2026/08/01,10:01:38.6,熊本県天草・芦北地方,32°27.5′N,130°33.0′E,11 km,0.2,---
2026/08/01,10:02:11.7,熊本県天草・芦北地方,32°28.8′N,130°33.5′E,3 km,0.5,---
2026/08/01,10:02:39.4,熊本県熊本地方,32°31.5′N,130°35.4′E,9 km,0.9,---
2026/08/01,10:03:26.4,紀伊水道,34°02.4′N,135°07.6′E,5 km,0.2,---
2026/08/01,10:04:40.0,熊本県天草・芦北地方,32°28.2′N,130°33.2′E,9 km,0.3,---
2026/08/01,10:05:44.3,三陸沖,40°32.6′N,145°04.4′E,14 km,1.8,---
2026/08/01,10:05:58.7,熊本県天草・芦北地方,32°28.9′N,130°31.4′E,12 km,0.7,---
2026/08/01,10:06:17.5,熊本県天草・芦北地方,32°27.8′N,130°32.8′E,2 km,0.4,---
2026/08/01,10:06:57.4,熊本県熊本地方,32°32.9′N,130°36.5′E,15 km,0.5,---
2026/08/01,10:07:17.0,沖縄本島近海,26°30.1′N,127°58.6′E,44 km,1.7,---
2026/08/01,10:08:21.5,熊本県熊本地方,32°33.8′N,130°37.5′E,10 km,1.3,---
2026/08/01,10:09:17.4,熊本県天草・芦北地方,32°28.0′N,130°31.3′E,4 km,0.3,---
2026/08/01,10:09:28.7,奄美大島北西沖,29°14.2′N,128°38.2′E,13 km,1.6,---
2026/08/01,10:10:01.6,熊本県天草・芦北地方,32°25.3′N,130°31.4′E,2 km,0.6,---
2026/08/01,10:10:36.1,熊本県熊本地方,32°38.0′N,130°42.9′E,8 km,1.4,---
2026/08/01,10:11:31.3,熊本県天草・芦北地方,32°22.6′N,130°33.4′E,11 km,0.5,---
2026/08/01,10:11:33.6,青森県西方沖,40°48.8′N,139°20.8′E,10 km,不明,---
2026/08/01,10:12:53.2,熊本県熊本地方,32°41.4′N,130°45.0′E,11 km,0.6,---
2026/08/01,10:13:27.4,能登半島沖,37°30.9′N,137°26.2′E,12 km,1.1,---
2026/08/01,10:14:09.5,京都府南部,34°56.8′N,135°34.0′E,10 km,0.4,---
2026/08/01,10:14:44.6,熊本県熊本地方,32°39.5′N,130°42.7′E,12 km,0.4,---
2026/08/01,10:15:09.0,奄美大島北西沖,28°14.2′N,128°12.4′E,8 km,1.5,---
2026/08/01,10:15:40.5,熊本県天草・芦北地方,32°25.5′N,130°31.6′E,11 km,0.5,---
2026/08/01,10:15:53.4,秋田県内陸北部,39°58.8′N,140°32.8′E,4 km,0.3,---
2026/08/01,10:16:06.2,熊本県熊本地方,32°34.9′N,130°38.8′E,11 km,0.6,---
2026/08/01,10:16:10.7,長野県北部,36°34.9′N,137°51.2′E,11 km,0.2,---
2026/08/01,10:17:05.0,熊本県熊本地方,32°32.5′N,130°36.6′E,12 km,1.0,---
2026/08/01,10:18:31.5,福島県中通り,37°03.1′N,140°35.4′E,10 km,0.3,---
2026/08/01,10:19:33.4,熊本県天草・芦北地方,32°31.5′N,130°32.7′E,13 km,0.4,---
2026/08/01,10:20:07.9,熊本県天草・芦北地方,32°23.1′N,130°29.8′E,8 km,1.4,---
2026/08/01,10:20:49.8,熊本県熊本地方,32°38.3′N,130°44.4′E,9 km,0.4,---
2026/08/01,10:21:38.0,熊本県天草・芦北地方,32°36.4′N,130°35.2′E,8 km,0.7,---
2026/08/01,10:21:49.9,熊本県熊本地方,32°38.2′N,130°43.8′E,7 km,0.5,---
2026/08/01,10:22:05.8,三陸沖,39°54.8′N,143°36.9′E,15 km,1.9,---
2026/08/01,10:22:47.9,熊本県天草・芦北地方,32°26.8′N,130°33.4′E,6 km,0.2,---
2026/08/01,10:23:27.7,熊本県熊本地方,32°29.2′N,130°36.4′E,1 km,0.3,---
2026/08/01,10:23:32.8,熊本県熊本地方,32°29.9′N,130°34.7′E,14 km,1.8,---
2026/08/01,10:25:09.1,秋田県内陸北部,39°58.6′N,140°32.9′E,3 km,0.3,---
2026/08/01,10:25:10.4,熊本県天草・芦北地方,32°17.3′N,130°24.8′E,10 km,1.0,---
2026/08/01,10:26:00.3,熊本県熊本地方,32°30.5′N,130°35.3′E,9 km,0.6,---
2026/08/01,10:26:31.3,熊本県天草・芦北地方,32°27.4′N,130°31.4′E,9 km,0.3,---
2026/08/01,10:26:35.6,熊本県熊本地方,32°36.1′N,130°42.8′E,10 km,0.9,---
2026/08/01,10:26:52.2,福島県沖,37°24.5′N,142°02.1′E,30 km,1.5,---
2026/08/01,10:27:10.5,熊本県天草・芦北地方,32°27.8′N,130°32.3′E,16 km,-0.2,---
2026/08/01,10:27:28.4,熊本県熊本地方,32°30.2′N,130°34.8′E,12 km,0.8,---
2026/08/01,10:27:52.9,熊本県天草・芦北地方,32°28.6′N,130°34.5′E,7 km,1.2,---
2026/08/01,10:27:58.3,熊本県熊本地方,32°35.4′N,130°41.7′E,8 km,1.6,---
2026/08/01,10:28:30.1,熊本県天草・芦北地方,32°31.2′N,130°33.0′E,16 km,0.6,---
2026/08/01,10:29:55.2,熊本県熊本地方,32°42.0′N,130°48.8′E,11 km,0.6,---
2026/08/01,10:30:42.4,熊本県天草・芦北地方,32°28.4′N,130°32.9′E,13 km,0.6,---
2026/08/01,10:32:10.7,熊本県熊本地方,32°44.5′N,130°46.9′E,10 km,0.2,---
2026/08/01,10:32:45.0,宮古島近海,24°44.6′N,125°08.7′E,48 km,1.3,---
2026/08/01,10:33:10.7,熊本県熊本地方,32°34.9′N,130°37.8′E,14 km,0.3,---
2026/08/01,10:33:51.2,熊本県熊本地方,32°43.5′N,130°46.1′E,11 km,1.4,---
2026/08/01,10:34:37.8,滋賀県北部,35°32.7′N,136°14.9′E,13 km,0.4,---
2026/08/01,10:35:49.6,山口県中部,34°23.0′N,131°35.8′E,18 km,0.2,---
2026/08/01,10:35:59.6,高知県東部,33°20.3′N,134°07.7′E,21 km,0.2,---
2026/08/01,10:36:41.5,熊本県天草・芦北地方,32°20.9′N,130°26.1′E,8 km,0.2,---
2026/08/01,10:37:58.8,鹿児島湾,31°25.1′N,130°35.7′E,10 km,1.0,---
2026/08/01,10:39:44.7,熊本県熊本地方,32°30.5′N,130°35.7′E,7 km,0.8,---
2026/08/01,10:40:39.9,岩手県沖,39°37.8′N,142°07.5′E,46 km,0.6,---
2026/08/01,10:41:45.1,熊本県天草・芦北地方,32°31.9′N,130°33.1′E,14 km,0.4,---
2026/08/01,10:42:10.1,熊本県天草・芦北地方,32°24.0′N,130°30.0′E,12 km,0.4,---
2026/08/01,10:43:02.5,熊本県天草・芦北地方,32°28.0′N,130°30.9′E,8 km,0.2,---
2026/08/01,10:43:20.1,鳥取県中部,35°22.2′N,133°51.6′E,10 km,1.0,---
2026/08/01,10:44:31.2,熊本県天草・芦北地方,32°25.5′N,130°30.0′E,6 km,0.5,---
2026/08/01,10:45:46.3,福島県沖,37°02.7′N,141°45.7′E,30 km,0.6,---
2026/08/01,10:46:22.8,熊本県熊本地方,32°33.2′N,130°36.9′E,14 km,0.9,---
2026/08/01,10:47:03.6,熊本県熊本地方,32°30.2′N,130°35.1′E,11 km,2.1,---
2026/08/01,10:47:24.7,熊本県熊本地方,32°36.3′N,130°39.8′E,8 km,1.1,---
2026/08/01,10:49:03.2,東京都多摩東部,35°43.4′N,139°33.4′E,77 km,0.9,---
2026/08/01,10:49:36.6,山口県中部,34°24.6′N,131°35.8′E,32 km,0.2,---
2026/08/01,10:50:24.6,奄美大島近海,28°11.2′N,129°24.6′E,16 km,0.9,---
2026/08/01,10:50:47.9,有明海,32°46.0′N,130°28.6′E,8 km,0.8,---
2026/08/01,10:52:34.0,佐渡付近,37°44.3′N,137°41.6′E,18 km,1.4,---
2026/08/01,10:52:57.6,熊本県熊本地方,32°40.1′N,130°43.4′E,12 km,0.0,---
2026/08/01,10:53:22.9,栃木県北部,36°53.7′N,139°48.7′E,8 km,0.1,---
2026/08/01,10:54:09.9,熊本県熊本地方,32°38.4′N,130°43.8′E,11 km,0.9,---
2026/08/01,10:54:29.1,有明海,32°46.8′N,130°25.5′E,9 km,0.5,---
2026/08/01,10:56:01.9,熊本県天草・芦北地方,32°30.5′N,130°32.5′E,12 km,1.5,---
2026/08/01,10:57:27.9,熊本県熊本地方,32°38.6′N,130°43.6′E,12 km,0.3,---
2026/08/01,10:59:01.0,熊本県天草・芦北地方,32°27.9′N,130°32.4′E,15 km,0.4,---
2026/08/01,10:59:15.1,鹿児島県薩摩地方,32°07.8′N,130°39.6′E,5 km,0.9,---
2026/08/01,11:00:34.0,熊本県天草・芦北地方,32°32.6′N,130°33.9′E,14 km,0.6,---
2026/08/01,11:00:47.0,熊本県熊本地方,32°29.4′N,130°36.4′E,10 km,0.6,---
2026/08/01,11:01:36.8,熊本県熊本地方,32°29.6′N,130°34.5′E,0 km,0.3,---
2026/08/01,11:01:44.2,熊本県熊本地方,32°38.6′N,130°43.7′E,11 km,0.6,---
2026/08/01,11:02:13.5,熊本県熊本地方,32°40.8′N,130°40.5′E,18 km,0.1,---
2026/08/01,11:02:55.8,熊本県熊本地方,32°36.9′N,130°41.3′E,6 km,0.1,---
2026/08/01,11:03:27.6,熊本県熊本地方,32°38.0′N,130°40.4′E,14 km,0.2,---
2026/08/01,11:04:00.1,熊本県熊本地方,32°41.2′N,130°44.1′E,11 km,0.9,---
2026/08/01,11:05:20.8,熊本県熊本地方,32°39.9′N,130°42.7′E,14 km,1.1,---
2026/08/01,11:05:30.9,浦河沖,42°02.6′N,142°27.2′E,68 km,1.8,---
2026/08/01,11:06:08.9,熊本県天草・芦北地方,32°24.0′N,130°28.4′E,7 km,1.0,---
2026/08/01,11:06:22.9,長野県中部,36°26.2′N,138°02.1′E,9 km,1.9,---
2026/08/01,11:06:40.2,熊本県天草・芦北地方,32°27.1′N,130°33.3′E,8 km,0.3,---
2026/08/01,11:06:54.9,熊本県天草・芦北地方,32°28.0′N,130°34.6′E,5 km,0.7,---
2026/08/01,11:07:10.3,熊本県天草・芦北地方,32°28.5′N,130°30.4′E,12 km,0.4,---
2026/08/01,11:07:43.2,熊本県天草・芦北地方,32°28.5′N,130°30.6′E,8 km,0.4,---
2026/08/01,11:07:45.1,鹿児島県薩摩地方,32°08.9′N,130°19.4′E,2 km,0.2,---
2026/08/01,11:08:03.0,熊本県熊本地方,32°33.3′N,130°37.7′E,13 km,0.1,---
2026/08/01,11:08:05.4,福島県沖,37°42.2′N,142°25.8′E,23 km,1.3,---
2026/08/01,11:09:02.4,熊本県熊本地方,32°32.7′N,130°39.2′E,8 km,2.0,---
2026/08/01,11:10:36.2,紀伊水道,34°08.2′N,135°06.8′E,8 km,0.0,---
2026/08/01,11:10:50.5,熊本県天草・芦北地方,32°24.8′N,130°31.1′E,7 km,2.0,---
2026/08/01,11:12:08.8,熊本県天草・芦北地方,32°25.0′N,130°30.7′E,8 km,0.3,---
2026/08/01,11:12:41.8,福島県沖,37°51.6′N,141°35.6′E,48 km,0.7,---
2026/08/01,11:13:10.7,熊本県天草・芦北地方,32°28.6′N,130°32.6′E,9 km,0.7,---
2026/08/01,11:14:34.0,熊本県天草・芦北地方,32°22.3′N,130°27.4′E,9 km,0.8,---
2026/08/01,11:17:22.5,熊本県熊本地方,32°31.4′N,130°35.5′E,14 km,0.8,---
2026/08/01,11:17:52.4,熊本県熊本地方,32°42.6′N,130°44.9′E,12 km,0.4,---
2026/08/01,11:18:06.8,福島県沖,37°16.9′N,141°47.8′E,38 km,1.4,---
2026/08/01,11:18:35.1,熊本県熊本地方,32°41.0′N,130°43.5′E,15 km,0.4,---
2026/08/01,11:18:37.4,熊本県天草・芦北地方,32°14.1′N,130°25.0′E,6 km,0.6,---
2026/08/01,11:19:00.9,熊本県天草・芦北地方,32°27.8′N,130°33.6′E,10 km,0.1,---
2026/08/01,11:20:00.6,熊本県熊本地方,32°35.1′N,130°42.1′E,7 km,-0.3,---
2026/08/01,11:20:56.3,熊本県熊本地方,32°33.6′N,130°36.7′E,14 km,2.9,---
2026/08/01,11:21:55.4,福島県沖,37°16.6′N,141°49.2′E,35 km,0.7,---
2026/08/01,11:22:50.0,鹿児島県薩摩地方,32°07.8′N,130°30.1′E,9 km,0.0,---
2026/08/01,11:23:10.2,長野県中部,36°06.1′N,137°38.1′E,9 km,-0.1,---
2026/08/01,11:24:00.1,熊本県熊本地方,32°34.8′N,130°38.8′E,11 km,0.2,---
2026/08/01,11:24:10.8,熊本県熊本地方,32°32.6′N,130°36.1′E,12 km,0.5,---
2026/08/01,11:25:15.0,有明海,32°46.9′N,130°25.4′E,9 km,0.9,---
2026/08/01,11:25:33.2,奄美大島北西沖,28°14.6′N,128°10.1′E,19 km,1.5,---
2026/08/01,11:26:29.0,熊本県天草・芦北地方,32°28.2′N,130°32.9′E,13 km,1.3,---
2026/08/01,11:27:02.8,熊本県熊本地方,32°40.5′N,130°42.5′E,14 km,1.3,---
2026/08/01,11:28:13.5,熊本県熊本地方,32°41.2′N,130°44.7′E,9 km,1.0,---
2026/08/01,11:28:53.0,熊本県天草・芦北地方,32°11.5′N,130°21.2′E,3 km,0.1,---
2026/08/01,11:29:25.9,熊本県熊本地方,32°33.8′N,130°36.6′E,13 km,0.3,---
2026/08/01,11:29:39.3,岩手県内陸南部,39°06.1′N,140°52.2′E,11 km,1.1,---
2026/08/01,11:29:50.5,熊本県天草・芦北地方,32°25.5′N,130°30.3′E,6 km,0.2,---
2026/08/01,11:30:28.3,福島県沖,37°14.2′N,142°08.8′E,22 km,1.4,---
2026/08/01,11:31:00.4,熊本県天草・芦北地方,32°22.9′N,130°31.7′E,0 km,0.3,---
2026/08/01,11:31:16.7,熊本県熊本地方,32°34.2′N,130°36.7′E,13 km,0.7,---
2026/08/01,11:31:35.9,東京都多摩東部,35°35.2′N,139°27.6′E,27 km,0.5,---
2026/08/01,11:32:32.1,熊本県熊本地方,32°32.9′N,130°38.6′E,8 km,0.5,---
2026/08/01,11:33:25.9,熊本県天草・芦北地方,32°25.2′N,130°29.6′E,9 km,-0.1,---
2026/08/01,11:33:33.6,熊本県天草・芦北地方,32°18.6′N,130°25.8′E,0 km,0.6,---
2026/08/01,11:33:42.2,青森県東方沖,40°31.1′N,142°18.9′E,43 km,0.8,---
2026/08/01,11:33:46.4,茨城県南部,36°14.9′N,139°52.5′E,79 km,0.7,---
2026/08/01,11:34:57.8,熊本県天草・芦北地方,32°27.1′N,130°33.8′E,0 km,1.3,---
2026/08/01,11:35:30.5,千葉県南部,35°07.1′N,140°13.6′E,27 km,0.4,---
2026/08/01,11:35:36.9,熊本県熊本地方,32°30.1′N,130°36.0′E,12 km,0.4,---
2026/08/01,11:36:12.8,紀伊水道,34°09.2′N,135°07.5′E,8 km,0.0,---
2026/08/01,11:36:19.8,熊本県熊本地方,32°31.6′N,130°37.5′E,10 km,0.0,---
2026/08/01,11:36:38.3,熊本県熊本地方,32°32.8′N,130°36.9′E,13 km,1.3,---
2026/08/01,11:36:49.1,宮城県沖,38°24.2′N,142°17.0′E,35 km,0.8,---
2026/08/01,11:36:50.7,熊本県天草・芦北地方,32°31.7′N,130°33.3′E,14 km,1.2,---
2026/08/01,11:37:00.7,熊本県天草・芦北地方,32°28.2′N,130°33.5′E,7 km,1.9,---
2026/08/01,11:38:00.8,熊本県天草・芦北地方,32°21.3′N,130°27.4′E,10 km,0.3,---
2026/08/01,11:38:17.7,熊本県天草・芦北地方,32°24.3′N,130°29.1′E,7 km,0.1,---
2026/08/01,11:38:47.8,熊本県天草・芦北地方,32°20.3′N,130°25.7′E,11 km,0.2,---
2026/08/01,11:40:13.2,熊本県熊本地方,32°33.4′N,130°39.3′E,4 km,1.0,---
2026/08/01,11:40:58.8,熊本県熊本地方,32°34.3′N,130°37.1′E,13 km,0.9,---
2026/08/01,11:41:00.8,千葉県南部,35°10.3′N,140°12.9′E,16 km,1.8,---
2026/08/01,11:41:14.6,熊本県熊本地方,32°38.2′N,130°41.4′E,20 km,1.1,---
2026/08/01,11:42:19.0,熊本県熊本地方,32°37.8′N,130°41.2′E,9 km,1.3,---
2026/08/01,11:43:09.2,熊本県熊本地方,32°32.2′N,130°35.5′E,10 km,0.3,---
2026/08/01,11:44:45.8,熊本県天草・芦北地方,32°24.7′N,130°29.0′E,1 km,0.1,---
2026/08/01,11:45:01.6,熊本県熊本地方,32°33.3′N,130°36.5′E,12 km,0.3,---
2026/08/01,11:46:42.4,熊本県天草・芦北地方,32°32.4′N,130°33.5′E,9 km,0.7,---
2026/08/01,11:46:45.7,岐阜県美濃中西部,35°55.5′N,136°53.6′E,7 km,0.3,---
2026/08/01,11:47:37.1,熊本県天草・芦北地方,32°31.1′N,130°33.6′E,14 km,0.4,---
2026/08/01,11:47:44.7,熊本県熊本地方,32°33.1′N,130°39.2′E,8 km,1.5,---
2026/08/01,11:48:00.7,青森県東方沖,41°21.6′N,141°57.3′E,73 km,5.7,---
2026/08/01,11:48:17.7,新島・神津島近海,34°13.9′N,139°15.5′E,6 km,0.9,---
2026/08/01,11:48:39.8,紀伊水道,34°14.4′N,135°07.1′E,7 km,0.1,---
2026/08/01,11:48:44.9,熊本県天草・芦北地方,32°27.3′N,130°32.8′E,6 km,1.0,---
2026/08/01,11:50:05.0,熊本県熊本地方,32°41.4′N,130°44.7′E,10 km,1.5,---
2026/08/01,11:52:24.6,熊本県天草・芦北地方,32°26.5′N,130°34.0′E,1 km,2.6,---
2026/08/01,11:53:46.6,熊本県天草・芦北地方,32°26.5′N,130°34.2′E,0 km,1.1,---
2026/08/01,11:54:38.2,沖縄本島近海,27°14.5′N,128°34.1′E,34 km,0.9,---
2026/08/01,11:55:05.4,熊本県熊本地方,32°32.6′N,130°36.6′E,11 km,0.8,---
2026/08/01,11:55:08.4,熊本県熊本地方,32°39.3′N,130°41.9′E,14 km,1.4,---
2026/08/01,11:57:06.2,熊本県天草・芦北地方,32°27.6′N,130°31.8′E,7 km,2.4,---
2026/08/01,11:58:16.3,熊本県熊本地方,32°32.1′N,130°36.1′E,9 km,0.7,---
2026/08/01,11:58:30.5,岩手県沿岸北部,39°33.4′N,142°00.8′E,52 km,1.6,---
2026/08/01,11:58:33.9,熊本県熊本地方,32°30.3′N,130°35.6′E,10 km,1.1,---
2026/08/01,11:58:56.8,熊本県熊本地方,32°37.2′N,130°42.7′E,8 km,0.4,---
2026/08/01,11:59:28.6,熊本県天草・芦北地方,32°11.5′N,130°25.3′E,2 km,0.2,---
2026/08/01,11:59:39.3,熊本県天草・芦北地方,32°24.4′N,130°29.7′E,6 km,0.9,---
2026/08/01,12:00:43.9,熊本県天草・芦北地方,32°27.8′N,130°32.4′E,7 km,0.8,---
2026/08/01,12:01:47.0,熊本県熊本地方,32°33.2′N,130°39.1′E,7 km,1.7,---
2026/08/01,12:02:06.9,熊本県熊本地方,32°38.3′N,130°44.0′E,6 km,0.8,---
2026/08/01,12:02:24.5,熊本県熊本地方,32°33.2′N,130°37.0′E,11 km,0.9,---
2026/08/01,12:04:00.1,熊本県熊本地方,32°30.6′N,130°35.7′E,10 km,0.6,---
2026/08/01,12:04:06.9,福島県沖,37°26.4′N,141°55.4′E,37 km,1.1,---
2026/08/01,12:05:04.6,熊本県天草・芦北地方,32°25.2′N,130°29.1′E,2 km,0.4,---
2026/08/01,12:05:54.5,岩手県沖,39°04.8′N,142°10.8′E,42 km,0.7,---
2026/08/01,12:06:45.1,茨城県沖,36°30.2′N,141°09.7′E,37 km,1.2,---
2026/08/01,12:06:58.8,熊本県熊本地方,32°39.0′N,130°44.6′E,14 km,0.3,---
2026/08/01,12:07:04.6,熊本県天草・芦北地方,32°25.9′N,130°30.5′E,8 km,2.1,---
2026/08/01,12:07:06.4,長野県中部,36°06.3′N,137°38.4′E,9 km,-0.2,---
2026/08/01,12:08:02.6,京都府南部,34°57.9′N,135°40.9′E,12 km,1.1,---
2026/08/01,12:08:22.2,熊本県天草・芦北地方,32°13.2′N,130°21.0′E,2 km,-0.1,---
2026/08/01,12:08:44.9,熊本県天草・芦北地方,32°29.0′N,130°31.4′E,10 km,0.0,---
2026/08/01,12:09:25.0,広島県北部,35°00.6′N,132°51.0′E,8 km,0.4,---
2026/08/01,12:10:01.7,熊本県天草・芦北地方,32°28.3′N,130°30.7′E,10 km,0.6,---
2026/08/01,12:10:30.8,熊本県天草・芦北地方,32°28.2′N,130°30.5′E,12 km,0.2,---
2026/08/01,12:10:45.1,熊本県天草・芦北地方,32°28.2′N,130°30.8′E,11 km,1.6,---
2026/08/01,12:11:27.2,トカラ列島近海,29°34.5′N,129°36.7′E,10 km,1.4,---
2026/08/01,12:12:23.5,千葉県南部,35°12.4′N,140°12.5′E,22 km,1.2,---
2026/08/01,12:13:34.3,千葉県南部,35°12.1′N,140°14.4′E,24 km,0.6,---
2026/08/01,12:13:40.1,熊本県熊本地方,32°33.7′N,130°37.8′E,7 km,0.2,---
2026/08/01,12:14:57.6,熊本県熊本地方,32°33.4′N,130°37.7′E,15 km,0.1,---
2026/08/01,12:16:11.1,熊本県熊本地方,32°44.9′N,130°47.9′E,6 km,0.0,---
2026/08/01,12:20:51.0,熊本県熊本地方,32°35.1′N,130°40.9′E,9 km,0.6,---
2026/08/01,12:21:34.6,熊本県熊本地方,32°30.8′N,130°35.6′E,9 km,0.7,---
2026/08/01,12:22:38.3,熊本県熊本地方,32°30.7′N,130°35.3′E,9 km,0.6,---
2026/08/01,12:22:59.8,熊本県熊本地方,32°38.6′N,130°42.1′E,16 km,0.8,---
2026/08/01,12:23:34.4,熊本県熊本地方,32°30.8′N,130°35.5′E,12 km,0.4,---
2026/08/01,12:23:36.2,伊勢湾,34°52.8′N,136°48.2′E,8 km,1.9,---
2026/08/01,12:24:07.7,熊本県熊本地方,32°49.0′N,130°49.8′E,10 km,0.2,---
2026/08/01,12:24:26.5,千葉県東方沖,35°28.7′N,141°02.7′E,24 km,1.4,---
2026/08/01,12:25:13.5,熊本県天草・芦北地方,32°23.0′N,130°29.1′E,9 km,0.3,---
2026/08/01,12:25:47.0,宮城県沖,38°22.9′N,142°08.7′E,16 km,1.0,---
2026/08/01,12:26:08.7,熊本県天草・芦北地方,32°26.0′N,130°31.5′E,5 km,0.6,---
2026/08/01,12:26:32.7,日高地方中部,42°29.5′N,142°31.3′E,96 km,1.9,---
2026/08/01,12:27:28.7,房総半島南方沖,34°26.6′N,139°47.1′E,87 km,1.5,---
2026/08/01,12:27:31.3,神奈川県西部,35°25.7′N,139°00.7′E,20 km,0.2,---
2026/08/01,12:27:44.7,熊本県天草・芦北地方,32°28.1′N,130°30.2′E,8 km,0.5,---
2026/08/01,12:28:29.5,熊本県熊本地方,32°30.5′N,130°35.8′E,11 km,0.5,---
2026/08/01,12:28:56.3,熊本県熊本地方,32°31.4′N,130°35.1′E,11 km,0.4,---
2026/08/01,12:29:14.4,熊本県熊本地方,32°41.9′N,130°47.1′E,6 km,-0.3,---
2026/08/01,12:29:41.2,岩手県沖,39°59.6′N,142°28.4′E,36 km,1.3,---
2026/08/01,12:30:53.1,熊本県天草・芦北地方,32°36.3′N,130°38.9′E,11 km,0.3,---
2026/08/01,12:31:12.8,熊本県熊本地方,32°30.3′N,130°34.0′E,0 km,0.1,---
2026/08/01,12:31:29.7,熊本県熊本地方,32°30.0′N,130°35.5′E,8 km,1.1,---
2026/08/01,12:32:24.3,秋田県内陸北部,39°58.4′N,140°32.5′E,3 km,0.2,---
2026/08/01,12:33:03.1,熊本県天草・芦北地方,32°21.4′N,130°28.5′E,7 km,0.2,---
2026/08/01,12:33:13.1,熊本県天草・芦北地方,32°26.4′N,130°29.1′E,1 km,0.3,---
2026/08/01,12:33:40.5,岩手県内陸南部,39°01.4′N,140°52.0′E,9 km,0.5,---
2026/08/01,12:33:55.1,熊本県天草・芦北地方,32°27.8′N,130°33.6′E,11 km,0.3,---
2026/08/01,12:34:48.9,熊本県熊本地方,32°39.5′N,130°43.4′E,11 km,1.5,---
2026/08/01,12:36:31.2,熊本県熊本地方,32°41.4′N,130°41.7′E,15 km,-0.1,---
2026/08/01,12:37:51.9,熊本県熊本地方,32°34.1′N,130°37.9′E,13 km,0.5,---
2026/08/01,12:39:29.7,熊本県熊本地方,32°32.9′N,130°37.0′E,12 km,1.2,---
2026/08/01,12:39:30.3,広島県南西部,34°26.4′N,132°40.9′E,29 km,0.5,---
2026/08/01,12:39:39.8,茨城県南部,36°19.8′N,140°01.9′E,72 km,0.5,---
2026/08/01,12:40:01.7,熊本県熊本地方,32°39.0′N,130°44.0′E,11 km,0.6,---
2026/08/01,12:40:24.6,和歌山県北部,33°52.7′N,135°20.7′E,48 km,0.2,---
2026/08/01,12:40:44.6,熊本県天草・芦北地方,32°18.4′N,130°27.8′E,6 km,0.3,---
2026/08/01,12:41:14.3,熊本県天草・芦北地方,32°30.2′N,130°32.9′E,13 km,0.0,---
2026/08/01,12:41:49.5,熊本県熊本地方,32°34.0′N,130°38.5′E,9 km,0.2,---
2026/08/01,12:42:10.5,熊本県熊本地方,32°29.2′N,130°34.7′E,6 km,0.6,---
2026/08/01,12:42:32.8,熊本県熊本地方,32°43.7′N,130°46.5′E,11 km,0.4,---
2026/08/01,12:42:48.1,熊本県天草・芦北地方,32°28.3′N,130°32.0′E,6 km,0.8,---
2026/08/01,12:43:11.6,熊本県熊本地方,32°38.9′N,130°42.0′E,20 km,0.3,---
2026/08/01,12:43:32.4,熊本県熊本地方,32°39.4′N,130°42.6′E,13 km,0.4,---
2026/08/01,12:43:47.3,秋田県内陸南部,39°28.0′N,140°25.8′E,10 km,1.6,---
2026/08/01,12:43:56.2,熊本県熊本地方,32°47.2′N,130°48.6′E,6 km,-0.3,---
2026/08/01,12:44:39.9,熊本県天草・芦北地方,32°27.5′N,130°33.6′E,9 km,0.6,---
2026/08/01,12:45:07.0,熊本県熊本地方,32°37.7′N,130°43.4′E,15 km,0.4,---
2026/08/01,12:45:32.6,紀伊水道,33°53.5′N,134°47.8′E,41 km,0.5,---
2026/08/01,12:46:04.3,土佐湾,33°22.7′N,133°51.4′E,30 km,-0.1,---
2026/08/01,12:46:10.7,熊本県天草・芦北地方,32°28.0′N,130°33.7′E,10 km,1.3,---
2026/08/01,12:46:39.2,熊本県熊本地方,32°33.5′N,130°37.8′E,14 km,1.3,---
2026/08/01,12:47:21.8,熊本県天草・芦北地方,32°29.4′N,130°30.5′E,11 km,0.8,---
2026/08/01,12:47:29.8,熊本県熊本地方,32°29.9′N,130°33.0′E,0 km,0.8,---
2026/08/01,12:48:28.2,熊本県熊本地方,32°30.5′N,130°34.0′E,7 km,0.0,---
2026/08/01,12:49:05.7,熊本県天草・芦北地方,32°26.9′N,130°28.3′E,12 km,0.1,---
2026/08/01,12:49:21.2,熊本県熊本地方,32°40.1′N,130°42.7′E,12 km,1.0,---
2026/08/01,12:50:08.7,熊本県天草・芦北地方,32°28.0′N,130°29.5′E,12 km,3.2,---
2026/08/01,12:51:24.0,熊本県天草・芦北地方,32°27.9′N,130°29.3′E,12 km,3.2,---
2026/08/01,12:53:04.5,熊本県天草・芦北地方,32°27.8′N,130°29.2′E,12 km,1.0,---
2026/08/01,12:53:16.8,熊本県天草・芦北地方,32°28.3′N,130°33.2′E,7 km,1.7,---
2026/08/01,12:54:18.9,熊本県天草・芦北地方,32°22.8′N,130°28.9′E,10 km,3.2,---
2026/08/01,12:54:42.4,沖縄本島近海,26°33.0′N,129°11.0′E,49 km,1.8,---
2026/08/01,12:55:14.0,熊本県天草・芦北地方,32°28.2′N,130°30.7′E,9 km,1.5,---
2026/08/01,12:56:48.7,熊本県熊本地方,32°38.0′N,130°40.5′E,15 km,0.7,---
2026/08/01,12:56:52.2,奄美大島近海,28°22.2′N,129°27.0′E,10 km,0.7,---
2026/08/01,12:57:12.0,熊本県天草・芦北地方,32°23.3′N,130°28.8′E,8 km,0.7,---
2026/08/01,12:57:30.2,熊本県天草・芦北地方,32°30.1′N,130°31.0′E,10 km,0.5,---
2026/08/01,12:57:38.6,熊本県熊本地方,32°40.0′N,130°44.5′E,8 km,1.4,---
2026/08/01,12:58:21.7,熊本県熊本地方,32°38.6′N,130°45.4′E,8 km,0.4,---
2026/08/01,12:58:32.7,三陸沖,39°15.9′N,144°37.0′E,51 km,1.3,---
2026/08/01,12:58:43.9,根室半島南東沖,43°05.3′N,145°57.9′E,40 km,0.6,---
2026/08/01,12:59:15.4,大隅半島東方沖,30°41.1′N,131°32.4′E,37 km,1.9,---
2026/08/01,12:59:32.0,熊本県天草・芦北地方,32°23.4′N,130°29.2′E,9 km,0.7,---
2026/08/01,13:00:18.8,茨城県北部,36°45.3′N,140°34.7′E,9 km,0.8,---
2026/08/01,13:00:26.5,熊本県熊本地方,32°46.3′N,130°48.9′E,5 km,3.1,---
2026/08/01,13:01:52.6,熊本県天草・芦北地方,32°31.4′N,130°32.5′E,10 km,0.7,---
2026/08/01,13:02:54.8,熊本県天草・芦北地方,32°27.2′N,130°28.4′E,13 km,0.4,---
2026/08/01,13:03:13.0,熊本県天草・芦北地方,32°12.9′N,130°30.9′E,12 km,0.4,---
2026/08/01,13:03:28.0,熊本県熊本地方,32°30.1′N,130°34.9′E,13 km,1.8,---
2026/08/01,13:04:02.9,熊本県熊本地方,32°36.8′N,130°43.6′E,5 km,0.5,---
2026/08/01,13:04:25.6,熊本県天草・芦北地方,32°34.4′N,130°35.3′E,11 km,1.0,---
2026/08/01,13:05:29.7,釧路沖,42°42.5′N,144°19.0′E,60 km,2.0,---
2026/08/01,13:05:44.8,岐阜県美濃中西部,35°44.0′N,136°51.2′E,9 km,-0.1,---
2026/08/01,13:06:02.6,熊本県熊本地方,32°35.3′N,130°39.7′E,10 km,1.0,---
2026/08/01,13:06:46.1,熊本県熊本地方,32°43.9′N,130°47.4′E,9 km,0.5,---
2026/08/01,13:07:55.8,岐阜県飛騨地方,36°06.4′N,137°19.5′E,8 km,0.0,---
2026/08/01,13:08:24.7,熊本県天草・芦北地方,32°22.2′N,130°30.0′E,0 km,0.5,---
2026/08/01,13:08:53.5,福島県沖,37°42.9′N,142°25.6′E,22 km,1.4,---
2026/08/01,13:09:05.0,栃木県北部,36°56.6′N,139°40.3′E,6 km,1.1,---
2026/08/01,13:09:06.3,大分県中部,33°15.1′N,131°19.2′E,8 km,1.0,---
2026/08/01,13:09:22.2,熊本県熊本地方,32°37.5′N,130°42.5′E,4 km,0.9,---
2026/08/01,13:10:04.5,熊本県天草・芦北地方,32°23.0′N,130°28.9′E,8 km,1.4,---
2026/08/01,13:11:08.6,熊本県熊本地方,32°46.1′N,130°47.3′E,10 km,0.4,---
2026/08/01,13:11:36.4,大分県中部,33°15.0′N,131°19.2′E,9 km,0.9,---
2026/08/01,13:12:12.9,熊本県熊本地方,32°34.9′N,130°40.9′E,10 km,1.3,---
2026/08/01,13:12:54.2,熊本県熊本地方,32°29.5′N,130°34.3′E,13 km,1.1,---
2026/08/01,13:13:30.3,熊本県天草・芦北地方,32°27.1′N,130°30.8′E,1 km,0.7,---
2026/08/01,13:13:49.1,熊本県熊本地方,32°32.8′N,130°36.8′E,12 km,2.4,---
2026/08/01,13:14:52.0,熊本県天草・芦北地方,32°19.7′N,130°26.9′E,10 km,0.1,---
2026/08/01,13:15:21.9,熊本県天草・芦北地方,32°27.1′N,130°32.5′E,8 km,1.3,---
2026/08/01,13:16:21.7,熊本県熊本地方,32°37.4′N,130°43.0′E,11 km,0.0,---
2026/08/01,13:16:46.5,熊本県天草・芦北地方,32°27.0′N,130°33.8′E,1 km,0.0,---
2026/08/01,13:17:05.4,奈良県,33°56.6′N,135°37.1′E,48 km,0.6,---
2026/08/01,13:18:10.0,熊本県天草・芦北地方,32°28.0′N,130°28.9′E,11 km,0.1,---
2026/08/01,13:19:24.5,熊本県天草・芦北地方,32°27.3′N,130°29.1′E,12 km,0.5,---
2026/08/01,13:19:41.7,愛媛県中予,33°42.1′N,132°41.6′E,8 km,0.4,---
2026/08/01,13:20:15.2,北海道南西沖,41°52.8′N,139°13.9′E,15 km,1.1,---
2026/08/01,13:21:10.9,熊本県熊本地方,32°46.7′N,130°49.3′E,5 km,0.5,---
2026/08/01,13:21:32.9,熊本県熊本地方,32°38.3′N,130°42.2′E,10 km,0.6,---
2026/08/01,13:21:55.1,熊本県天草・芦北地方,32°27.7′N,130°28.8′E,13 km,0.3,---
2026/08/01,13:22:59.0,和歌山県北部,34°04.1′N,135°21.0′E,8 km,0.8,---
2026/08/01,13:23:44.8,紀伊水道,34°09.4′N,135°04.0′E,10 km,0.1,---
2026/08/01,13:24:20.0,熊本県熊本地方,32°39.3′N,130°41.6′E,14 km,1.6,---
2026/08/01,13:24:37.1,土佐湾,33°18.2′N,134°00.2′E,12 km,0.0,---
2026/08/01,13:25:04.8,熊本県熊本地方,32°32.0′N,130°36.1′E,6 km,0.6,---
2026/08/01,13:25:28.9,熊本県天草・芦北地方,32°28.6′N,130°32.3′E,2 km,0.3,---
2026/08/01,13:25:50.5,熊本県天草・芦北地方,32°28.2′N,130°30.3′E,14 km,不明,---
2026/08/01,13:26:44.5,熊本県熊本地方,32°46.5′N,130°49.2′E,5 km,0.5,---
2026/08/01,13:27:53.5,熊本県熊本地方,32°38.2′N,130°31.4′E,9 km,0.4,---
2026/08/01,13:28:34.4,熊本県熊本地方,32°39.8′N,130°42.3′E,14 km,0.5,---
2026/08/01,13:28:39.7,根室半島南東沖,43°07.3′N,146°46.3′E,70 km,1.3,---
2026/08/01,13:30:31.1,熊本県阿蘇地方,32°55.5′N,131°01.3′E,4 km,0.8,---
2026/08/01,13:33:23.1,鹿児島湾,31°25.1′N,130°36.7′E,10 km,0.8,---
2026/08/01,13:33:35.9,熊本県天草・芦北地方,32°21.6′N,130°27.1′E,11 km,0.1,---
2026/08/01,13:33:43.9,千葉県南東沖,34°35.5′N,140°03.2′E,73 km,1.6,---
2026/08/01,13:34:06.2,能登半島沖,37°04.1′N,136°38.1′E,10 km,0.7,---
2026/08/01,13:34:12.7,熊本県熊本地方,32°38.6′N,130°43.2′E,9 km,0.7,---
2026/08/01,13:34:51.6,熊本県天草・芦北地方,32°11.9′N,130°20.8′E,5 km,-0.3,---
2026/08/01,13:35:03.4,熊本県熊本地方,32°32.9′N,130°36.4′E,8 km,0.6,---
2026/08/01,13:35:22.9,沖縄本島近海,26°53.0′N,127°27.3′E,66 km,2.4,---
2026/08/01,13:35:29.3,熊本県阿蘇地方,32°56.4′N,131°00.4′E,9 km,0.6,---
2026/08/01,13:36:44.1,熊本県熊本地方,32°35.7′N,130°40.4′E,11 km,0.8,---
2026/08/01,13:37:53.6,熊本県天草・芦北地方,32°10.8′N,130°25.4′E,2 km,1.2,---
2026/08/01,13:38:10.6,沖縄本島近海,26°33.5′N,127°55.9′E,11 km,1.1,---
2026/08/01,13:38:35.9,熊本県熊本地方,32°32.3′N,130°38.3′E,4 km,0.1,---
2026/08/01,13:39:14.3,熊本県熊本地方,32°44.1′N,130°45.8′E,12 km,0.2,---
2026/08/01,13:42:35.6,熊本県熊本地方,32°39.1′N,130°41.8′E,16 km,0.0,---
2026/08/01,13:42:38.6,鹿児島県薩摩地方,32°08.6′N,130°23.4′E,13 km,0.3,---
2026/08/01,13:43:11.6,熊本県天草・芦北地方,32°25.7′N,130°28.2′E,11 km,0.4,---
2026/08/01,13:44:13.5,熊本県熊本地方,32°29.3′N,130°34.3′E,14 km,0.7,---
2026/08/01,13:44:34.8,熊本県天草・芦北地方,32°23.5′N,130°29.9′E,4 km,-0.2,---
2026/08/01,13:45:30.6,熊本県熊本地方,32°30.1′N,130°37.6′E,13 km,0.4,---
2026/08/01,13:46:20.1,熊本県天草・芦北地方,32°23.0′N,130°28.7′E,8 km,1.1,---
2026/08/01,13:46:44.4,福島県沖,36°56.0′N,141°33.0′E,34 km,1.5,---
2026/08/01,13:47:17.4,熊本県天草・芦北地方,32°12.1′N,130°21.2′E,7 km,0.4,---
2026/08/01,13:48:50.5,熊本県熊本地方,32°36.6′N,130°40.3′E,9 km,0.3,---
2026/08/01,13:50:16.3,和歌山県南部,34°00.9′N,135°36.6′E,57 km,2.2,---
2026/08/01,13:54:02.0,熊本県熊本地方,32°30.0′N,130°37.3′E,0 km,0.5,---
2026/08/01,13:54:25.4,茨城県南部,36°03.1′N,140°06.7′E,61 km,1.0,---
2026/08/01,13:54:55.6,熊本県熊本地方,32°35.3′N,130°39.2′E,10 km,1.1,---
2026/08/01,13:55:02.7,京都府南部,34°48.2′N,136°00.4′E,12 km,1.0,---
2026/08/01,13:55:48.4,胆振地方中東部,42°30.9′N,141°09.5′E,120 km,不明,---
2026/08/01,13:55:57.1,熊本県天草・芦北地方,32°30.4′N,130°31.4′E,6 km,0.3,---
2026/08/01,13:56:41.3,福島県沖,37°01.9′N,141°46.3′E,28 km,0.8,---
2026/08/01,13:57:25.7,熊本県熊本地方,32°44.7′N,130°47.0′E,8 km,1.0,---
2026/08/01,13:58:22.1,熊本県天草・芦北地方,32°31.5′N,130°33.9′E,11 km,0.8,---
2026/08/01,13:58:38.7,奄美大島近海,28°10.9′N,129°24.9′E,16 km,1.8,---
2026/08/01,13:59:20.9,熊本県熊本地方,32°31.6′N,130°34.1′E,12 km,0.7,---
2026/08/01,13:59:43.5,熊本県天草・芦北地方,32°17.2′N,130°23.8′E,10 km,0.1,---
2026/08/01,14:00:05.3,熊本県熊本地方,32°33.1′N,130°38.8′E,7 km,1.0,---
2026/08/01,14:02:48.8,山口県中部,34°24.3′N,131°36.3′E,31 km,0.5,---
2026/08/01,14:03:05.9,熊本県熊本地方,32°38.2′N,130°41.9′E,11 km,-0.1,---
2026/08/01,14:03:18.8,熊本県熊本地方,32°30.3′N,130°35.2′E,12 km,0.1,---
2026/08/01,14:03:39.9,熊本県熊本地方,32°33.5′N,130°40.2′E,7 km,1.9,---
2026/08/01,14:04:10.4,宮城県沖,38°20.6′N,142°06.4′E,33 km,1.2,---
2026/08/01,14:04:49.5,福島県沖,37°50.1′N,141°37.0′E,49 km,0.9,---
2026/08/01,14:05:41.6,山口県中部,34°24.7′N,131°36.1′E,32 km,0.3,---
2026/08/01,14:07:12.5,青森県東方沖,41°23.0′N,141°58.8′E,71 km,0.9,---
2026/08/01,14:09:03.1,熊本県阿蘇地方,32°54.4′N,131°01.8′E,6 km,2.1,---
2026/08/01,14:11:55.0,熊本県熊本地方,32°36.5′N,130°43.2′E,5 km,0.7,---
2026/08/01,14:12:23.8,熊本県天草・芦北地方,32°30.6′N,130°33.0′E,11 km,1.5,---
2026/08/01,14:14:42.4,熊本県天草・芦北地方,32°26.1′N,130°34.2′E,10 km,0.6,---
2026/08/01,14:15:08.0,熊本県天草・芦北地方,32°29.3′N,130°30.2′E,12 km,0.2,---
2026/08/01,14:15:58.4,熊本県熊本地方,32°36.9′N,130°40.3′E,10 km,0.3,---
2026/08/01,14:16:45.4,熊本県天草・芦北地方,32°26.8′N,130°32.9′E,6 km,1.0,---
2026/08/01,14:17:52.3,熊本県熊本地方,32°30.8′N,130°35.6′E,11 km,2.2,---
2026/08/01,14:18:55.8,釧路沖,42°18.3′N,144°39.0′E,20 km,2.4,---
2026/08/01,14:19:15.3,熊本県熊本地方,32°30.4′N,130°35.1′E,15 km,0.1,---
2026/08/01,14:19:58.9,熊本県熊本地方,32°28.9′N,130°36.2′E,7 km,0.7,---
2026/08/01,14:20:24.6,熊本県天草・芦北地方,32°28.3′N,130°33.6′E,9 km,2.5,---
2026/08/01,14:21:14.4,岩手県沖,39°48.9′N,142°06.6′E,46 km,0.8,---
2026/08/01,14:21:45.4,大隅半島東方沖,31°29.4′N,131°33.4′E,30 km,0.7,---
2026/08/01,14:21:59.3,熊本県熊本地方,32°34.3′N,130°37.1′E,7 km,0.1,---
2026/08/01,14:22:28.9,熊本県熊本地方,32°38.7′N,130°41.7′E,13 km,0.6,---
2026/08/01,14:23:34.0,熊本県熊本地方,32°32.2′N,130°36.0′E,12 km,1.2,---
2026/08/01,14:24:14.1,熊本県熊本地方,32°32.3′N,130°36.7′E,13 km,1.1,---
2026/08/01,14:24:30.7,熊本県熊本地方,32°36.5′N,130°41.2′E,9 km,1.1,---
2026/08/01,14:25:54.7,熊本県熊本地方,32°31.5′N,130°35.2′E,12 km,0.4,---
2026/08/01,14:28:34.8,三陸沖,40°32.5′N,145°04.3′E,14 km,1.8,---
2026/08/01,14:29:14.4,熊本県天草・芦北地方,32°28.7′N,130°33.2′E,14 km,0.2,---
2026/08/01,14:29:42.5,熊本県熊本地方,32°35.3′N,130°38.9′E,13 km,0.5,---
2026/08/01,14:31:56.2,熊本県熊本地方,32°38.2′N,130°42.5′E,9 km,0.3,---
2026/08/01,14:32:10.8,熊本県熊本地方,32°38.4′N,130°42.2′E,13 km,0.7,---
2026/08/01,14:33:02.0,熊本県天草・芦北地方,32°22.9′N,130°28.5′E,8 km,1.2,---
2026/08/01,14:35:08.8,釧路沖,42°21.3′N,144°36.1′E,13 km,1.1,---
2026/08/01,14:35:37.0,熊本県熊本地方,32°36.9′N,130°43.9′E,4 km,0.7,---
2026/08/01,14:35:41.1,遠州灘,34°19.9′N,137°34.1′E,23 km,0.6,---
2026/08/01,14:36:00.2,熊本県天草・芦北地方,32°32.5′N,130°29.7′E,0 km,0.8,---
2026/08/01,14:36:21.1,熊本県天草・芦北地方,32°28.1′N,130°31.9′E,11 km,0.5,---
2026/08/01,14:36:27.0,岐阜県美濃中西部,35°36.2′N,136°37.8′E,9 km,0.9,---
2026/08/01,14:37:02.4,熊本県熊本地方,32°38.6′N,130°43.9′E,10 km,1.3,---
2026/08/01,14:38:44.8,熊本県熊本地方,32°38.0′N,130°42.1′E,8 km,0.1,---
2026/08/01,14:40:17.5,熊本県天草・芦北地方,32°21.9′N,130°30.2′E,12 km,0.9,---
2026/08/01,14:40:49.0,茨城県北部,36°48.7′N,140°32.1′E,10 km,0.7,---
2026/08/01,14:41:07.1,大隅半島東方沖,31°18.1′N,131°48.8′E,24 km,1.2,---
2026/08/01,14:42:01.5,熊本県天草・芦北地方,32°31.2′N,130°33.9′E,9 km,1.2,---
2026/08/01,14:42:23.3,熊本県熊本地方,32°30.9′N,130°37.1′E,7 km,0.6,---
2026/08/01,14:42:35.5,熊本県天草・芦北地方,32°23.0′N,130°28.8′E,7 km,0.8,---
2026/08/01,14:43:06.3,熊本県熊本地方,32°39.9′N,130°43.0′E,11 km,0.4,---
2026/08/01,14:43:45.7,熊本県熊本地方,32°37.0′N,130°41.7′E,9 km,0.4,---
2026/08/01,14:46:32.2,熊本県天草・芦北地方,32°30.9′N,130°33.0′E,13 km,1.1,---
2026/08/01,14:48:20.1,熊本県天草・芦北地方,32°28.2′N,130°32.9′E,1 km,0.3,---
2026/08/01,14:49:16.8,熊本県天草・芦北地方,32°28.8′N,130°33.9′E,12 km,0.5,---
2026/08/01,14:49:28.6,栃木県北部,36°40.5′N,139°29.7′E,6 km,0.4,---
2026/08/01,14:50:16.7,熊本県熊本地方,32°40.0′N,130°41.8′E,15 km,0.6,---
2026/08/01,14:51:41.9,熊本県天草・芦北地方,32°31.6′N,130°33.1′E,9 km,0.7,---
2026/08/01,14:52:12.9,熊本県天草・芦北地方,32°26.6′N,130°33.4′E,2 km,0.9,---
2026/08/01,14:52:22.3,和歌山県北部,34°04.2′N,135°19.3′E,9 km,-0.6,---
2026/08/01,14:52:42.3,熊本県天草・芦北地方,32°27.3′N,130°30.4′E,7 km,0.8,---
2026/08/01,14:54:49.5,熊本県熊本地方,32°34.2′N,130°39.0′E,6 km,1.6,---
2026/08/01,14:56:23.0,熊本県熊本地方,32°36.1′N,130°41.6′E,9 km,0.2,---
2026/08/01,14:57:47.7,和歌山県北部,34°04.3′N,135°19.4′E,9 km,0.6,---
2026/08/01,14:57:59.2,熊本県熊本地方,32°38.1′N,130°43.6′E,10 km,3.0,---
2026/08/01,14:59:45.0,岩手県沖,39°35.5′N,142°48.1′E,6 km,1.2,---
2026/08/01,14:59:56.0,熊本県熊本地方,32°35.6′N,130°39.9′E,8 km,0.9,---
2026/08/01,15:00:27.7,山形県庄内地方,38°38.5′N,139°40.4′E,2 km,1.8,---
2026/08/01,15:00:49.0,熊本県熊本地方,32°39.7′N,130°41.9′E,16 km,0.5,---
2026/08/01,15:01:33.7,大分県中部,33°15.2′N,131°19.4′E,9 km,0.8,---
2026/08/01,15:01:56.9,熊本県熊本地方,32°31.9′N,130°36.6′E,9 km,1.2,---
2026/08/01,15:03:28.0,熊本県熊本地方,32°35.2′N,130°37.7′E,14 km,0.5,---
2026/08/01,15:05:03.2,熊本県天草・芦北地方,32°26.6′N,130°29.9′E,1 km,0.0,---
2026/08/01,15:05:57.8,熊本県熊本地方,32°39.7′N,130°42.8′E,13 km,0.4,---
2026/08/01,15:06:11.7,熊本県熊本地方,32°29.9′N,130°36.1′E,12 km,0.5,---
2026/08/01,15:06:44.3,熊本県天草・芦北地方,32°23.0′N,130°28.7′E,9 km,1.7,---
2026/08/01,15:07:42.9,熊本県熊本地方,32°41.4′N,130°46.2′E,9 km,0.3,---
2026/08/01,15:08:00.7,熊本県熊本地方,32°34.4′N,130°38.8′E,4 km,1.2,---
2026/08/01,15:08:58.9,熊本県熊本地方,32°30.0′N,130°34.6′E,12 km,0.4,---
2026/08/01,15:09:13.0,熊本県熊本地方,32°39.1′N,130°41.9′E,14 km,0.4,---
2026/08/01,15:09:40.1,奄美大島近海,28°03.6′N,129°16.9′E,29 km,1.1,---
2026/08/01,15:10:05.5,島根県東部,35°18.0′N,133°12.4′E,9 km,1.1,---
2026/08/01,15:10:48.6,熊本県熊本地方,32°39.4′N,130°41.8′E,12 km,0.3,---
2026/08/01,15:13:44.6,熊本県天草・芦北地方,32°23.1′N,130°29.4′E,11 km,0.4,---
2026/08/01,15:14:12.7,茨城県沖,36°28.9′N,140°58.9′E,37 km,0.8,---
2026/08/01,15:14:20.1,熊本県天草・芦北地方,32°14.2′N,130°30.9′E,3 km,0.0,---
2026/08/01,15:14:42.7,岐阜県美濃東部,35°16.7′N,137°27.4′E,10 km,-0.2,---
2026/08/01,15:15:47.8,奄美大島北東沖,29°20.7′N,130°33.6′E,0 km,2.1,---
2026/08/01,15:17:09.9,熊本県天草・芦北地方,32°28.5′N,130°32.8′E,12 km,0.4,---
2026/08/01,15:18:07.4,熊本県天草・芦北地方,32°11.7′N,130°25.2′E,3 km,0.0,---
2026/08/01,15:19:17.8,熊本県熊本地方,32°43.2′N,130°47.0′E,10 km,0.1,---
2026/08/01,15:20:45.2,熊本県熊本地方,32°35.3′N,130°39.5′E,8 km,0.1,---
2026/08/01,15:21:19.0,熊本県熊本地方,32°38.1′N,130°43.1′E,10 km,0.4,---
2026/08/01,15:21:40.8,与那国島近海,24°20.4′N,122°51.9′E,63 km,0.8,---
2026/08/01,15:22:59.0,熊本県天草・芦北地方,32°27.3′N,130°29.5′E,10 km,1.2,---
2026/08/01,15:23:15.3,熊本県熊本地方,32°31.2′N,130°40.6′E,11 km,1.0,---
2026/08/01,15:23:43.7,島根県東部,35°18.1′N,133°12.3′E,9 km,1.4,---
2026/08/01,15:23:47.9,熊本県天草・芦北地方,32°26.6′N,130°33.0′E,4 km,1.0,---
2026/08/01,15:24:36.1,沖縄本島近海,27°14.4′N,128°33.6′E,33 km,0.8,---
2026/08/01,15:24:37.6,熊本県熊本地方,32°40.1′N,130°43.3′E,16 km,0.1,---
2026/08/01,15:24:58.2,天草灘,32°12.3′N,129°59.5′E,5 km,0.3,---
2026/08/01,15:25:18.2,石川県加賀地方,36°09.2′N,136°45.5′E,2 km,0.9,---
2026/08/01,15:25:50.4,熊本県熊本地方,32°33.7′N,130°36.4′E,13 km,2.1,---
2026/08/01,15:27:31.2,十勝地方北部,43°22.6′N,142°43.7′E,5 km,0.1,---
2026/08/01,15:28:12.0,熊本県天草・芦北地方,32°16.2′N,130°30.2′E,4 km,0.3,---
2026/08/01,15:28:29.3,茨城県北部,36°45.2′N,140°34.7′E,10 km,0.6,---
2026/08/01,15:29:10.8,茨城県北部,36°44.9′N,140°34.6′E,8 km,0.6,---
2026/08/01,15:29:14.2,千葉県東方沖,35°48.4′N,140°56.2′E,24 km,0.6,---
2026/08/01,15:29:18.9,熊本県熊本地方,32°34.3′N,130°38.1′E,13 km,0.7,---
2026/08/01,15:30:00.2,熊本県天草・芦北地方,32°27.6′N,130°32.7′E,15 km,0.3,---
2026/08/01,15:30:08.0,熊本県熊本地方,32°34.5′N,130°39.5′E,8 km,1.2,---
2026/08/01,15:31:07.8,熊本県熊本地方,32°31.3′N,130°34.0′E,11 km,1.1,---
2026/08/01,15:31:23.9,京都府北部,35°19.7′N,135°06.7′E,14 km,0.1,---
2026/08/01,15:32:05.1,釧路沖,42°16.5′N,144°28.5′E,11 km,1.4,---
2026/08/01,15:32:12.4,熊本県熊本地方,32°29.6′N,130°33.6′E,10 km,0.5,---
2026/08/01,15:32:19.2,熊本県天草・芦北地方,32°26.4′N,130°32.9′E,5 km,1.2,---
2026/08/01,15:32:46.8,熊本県熊本地方,32°39.6′N,130°44.3′E,10 km,0.6,---
2026/08/01,15:32:59.5,宮崎県北部平野部,32°24.9′N,131°30.5′E,13 km,0.8,---
2026/08/01,15:32:59.7,茨城県沖,36°09.5′N,141°47.5′E,14 km,1.0,---
2026/08/01,15:34:07.3,奄美大島近海,27°42.6′N,128°38.3′E,12 km,1.3,---
2026/08/01,15:34:36.2,熊本県天草・芦北地方,32°25.9′N,130°31.0′E,0 km,0.1,---
2026/08/01,15:36:10.3,熊本県熊本地方,32°32.4′N,130°36.2′E,14 km,0.5,---
2026/08/01,15:37:41.1,和歌山県北部,34°01.1′N,135°31.0′E,51 km,0.1,---
2026/08/01,15:38:26.8,熊本県熊本地方,32°40.9′N,130°44.5′E,12 km,0.0,---
2026/08/01,15:38:54.6,熊本県天草・芦北地方,32°13.8′N,130°26.4′E,0 km,-0.1,---
2026/08/01,15:41:12.2,熊本県天草・芦北地方,32°27.4′N,130°29.3′E,12 km,0.9,---
2026/08/01,15:41:32.8,熊本県熊本地方,32°37.1′N,130°42.6′E,8 km,0.5,---
2026/08/01,15:42:16.9,奄美大島北西沖,28°14.2′N,128°10.6′E,10 km,1.6,---
2026/08/01,15:42:40.8,熊本県熊本地方,32°40.7′N,130°44.9′E,9 km,-0.2,---
2026/08/01,15:42:42.6,三陸沖,39°02.9′N,144°23.8′E,18 km,0.8,---
2026/08/01,15:44:11.1,島根県東部,35°19.1′N,133°13.0′E,14 km,0.7,---
2026/08/01,15:44:41.6,熊本県熊本地方,32°39.7′N,130°43.8′E,8 km,1.4,---
2026/08/01,15:45:40.0,熊本県熊本地方,32°39.5′N,130°42.7′E,12 km,1.5,---
2026/08/01,15:46:25.9,熊本県天草・芦北地方,32°25.1′N,130°28.6′E,8 km,0.8,---
2026/08/01,15:46:56.7,群馬県北部,36°52.6′N,139°20.7′E,4 km,0.5,---
2026/08/01,15:47:20.2,熊本県天草・芦北地方,32°27.8′N,130°31.8′E,15 km,0.2,---
2026/08/01,15:47:32.1,岩手県内陸南部,39°01.6′N,140°53.5′E,9 km,0.6,---
2026/08/01,15:47:32.2,熊本県天草・芦北地方,32°26.5′N,130°32.8′E,0 km,1.3,---
2026/08/01,15:47:46.1,熊本県天草・芦北地方,32°26.1′N,130°32.7′E,0 km,1.3,---
2026/08/01,15:47:57.3,群馬県北部,36°52.5′N,139°21.1′E,5 km,0.3,---
2026/08/01,15:48:06.3,群馬県北部,36°52.5′N,139°21.1′E,5 km,0.1,---
2026/08/01,15:48:19.8,熊本県熊本地方,32°32.6′N,130°35.9′E,12 km,0.3,---
2026/08/01,15:49:32.9,熊本県熊本地方,32°40.0′N,130°41.2′E,15 km,0.6,---
2026/08/01,15:49:57.4,熊本県阿蘇地方,32°55.0′N,131°01.0′E,6 km,1.2,---
2026/08/01,15:50:38.0,熊本県熊本地方,32°39.3′N,130°42.7′E,13 km,0.4,---
2026/08/01,15:51:51.4,熊本県熊本地方,32°39.6′N,130°45.1′E,10 km,0.4,---
2026/08/01,15:52:11.7,和歌山県北部,34°04.0′N,135°21.6′E,6 km,0.0,---
2026/08/01,15:52:41.1,熊本県熊本地方,32°32.0′N,130°35.8′E,7 km,2.0,---
2026/08/01,15:54:18.1,熊本県天草・芦北地方,32°28.7′N,130°33.3′E,11 km,0.2,---
2026/08/01,15:54:32.3,熊本県熊本地方,32°41.3′N,130°44.3′E,11 km,0.4,---
2026/08/01,15:54:52.4,熊本県熊本地方,32°36.6′N,130°39.0′E,16 km,0.2,---
2026/08/01,15:55:18.7,熊本県熊本地方,32°40.5′N,130°42.5′E,14 km,1.6,---
2026/08/01,15:56:25.0,薩摩半島西方沖,31°52.8′N,129°54.5′E,10 km,0.7,---
2026/08/01,15:56:29.7,熊本県熊本地方,32°31.1′N,130°34.9′E,4 km,1.6,---
2026/08/01,15:56:53.3,熊本県熊本地方,32°36.9′N,130°43.6′E,4 km,0.9,---
2026/08/01,15:57:51.6,熊本県熊本地方,32°40.5′N,130°44.8′E,11 km,0.2,---
2026/08/01,15:59:51.6,三陸沖,38°09.0′N,144°01.3′E,26 km,0.8,---
2026/08/01,15:59:55.5,熊本県熊本地方,32°40.9′N,130°43.7′E,13 km,1.1,---
2026/08/01,16:01:58.5,宮古島近海,24°29.9′N,125°33.3′E,53 km,1.4,---
2026/08/01,16:02:22.5,熊本県天草・芦北地方,32°30.7′N,130°33.5′E,9 km,0.2,---
2026/08/01,16:02:37.2,天草灘,31°58.7′N,130°11.0′E,4 km,0.7,---
2026/08/01,16:03:38.8,熊本県天草・芦北地方,32°27.5′N,130°33.6′E,0 km,0.6,---
2026/08/01,16:04:18.7,栃木県南部,36°40.1′N,139°31.0′E,7 km,-0.3,---
2026/08/01,16:04:50.2,十勝地方南部,42°28.7′N,143°19.9′E,52 km,0.6,---
2026/08/01,16:05:02.7,山梨県中・西部,35°36.7′N,138°18.1′E,13 km,0.2,---
2026/08/01,16:05:15.0,熊本県熊本地方,32°32.0′N,130°35.6′E,7 km,0.9,---
2026/08/01,16:05:41.6,熊本県熊本地方,32°32.6′N,130°40.0′E,7 km,0.7,---
2026/08/01,16:08:34.1,熊本県天草・芦北地方,32°22.9′N,130°28.6′E,9 km,1.8,---
2026/08/01,16:09:51.0,熊本県熊本地方,32°34.4′N,130°39.0′E,7 km,1.1,---
2026/08/01,16:10:22.6,熊本県天草・芦北地方,32°27.1′N,130°33.8′E,11 km,0.4,---
2026/08/01,16:10:48.3,熊本県熊本地方,32°30.8′N,130°36.3′E,3 km,1.0,---
2026/08/01,16:13:52.2,岩手県沖,40°15.4′N,142°24.5′E,40 km,0.9,---
2026/08/01,16:15:22.3,熊本県熊本地方,32°36.2′N,130°40.0′E,13 km,0.2,---
2026/08/01,16:16:19.1,和歌山県北部,34°08.4′N,135°08.3′E,5 km,0.1,---
2026/08/01,16:16:37.8,熊本県天草・芦北地方,32°09.0′N,130°31.6′E,9 km,-0.4,---
2026/08/01,16:17:32.3,熊本県天草・芦北地方,32°28.8′N,130°30.7′E,12 km,0.6,---
2026/08/01,16:17:41.7,熊本県熊本地方,32°40.4′N,130°44.2′E,8 km,0.2,---
2026/08/01,16:18:12.2,熊本県天草・芦北地方,32°28.7′N,130°33.1′E,6 km,0.2,---
2026/08/01,16:18:52.3,熊本県天草・芦北地方,32°29.3′N,130°30.6′E,8 km,0.1,---
2026/08/01,16:20:22.5,熊本県熊本地方,32°33.6′N,130°37.9′E,11 km,0.6,---
2026/08/01,16:20:38.3,熊本県熊本地方,32°38.2′N,130°43.5′E,10 km,0.9,---
2026/08/01,16:21:25.2,熊本県天草・芦北地方,32°21.9′N,130°29.1′E,9 km,0.0,---
2026/08/01,16:22:00.8,熊本県熊本地方,32°30.3′N,130°34.9′E,14 km,1.0,---
2026/08/01,16:23:13.3,熊本県熊本地方,32°39.7′N,130°44.3′E,8 km,0.1,---
2026/08/01,16:24:32.3,熊本県熊本地方,32°31.5′N,130°38.8′E,12 km,0.7,---
2026/08/01,16:24:41.1,和歌山県南部,33°42.2′N,135°38.6′E,34 km,1.3,---
2026/08/01,16:25:40.8,熊本県天草・芦北地方,32°27.5′N,130°33.0′E,12 km,0.4,---
2026/08/01,16:26:07.0,福島県沖,37°25.9′N,142°14.3′E,20 km,1.7,---
2026/08/01,16:27:10.4,熊本県天草・芦北地方,32°27.3′N,130°31.5′E,3 km,0.5,---
2026/08/01,16:27:15.5,長野県中部,36°17.9′N,138°01.1′E,13 km,1.2,---
2026/08/01,16:27:32.6,熊本県熊本地方,32°38.9′N,130°41.4′E,19 km,0.4,---
2026/08/01,16:28:06.0,広島県南東部,34°33.9′N,132°57.4′E,19 km,1.2,---
2026/08/01,16:28:09.4,能登半島沖,37°07.0′N,136°39.0′E,3 km,0.7,---
2026/08/01,16:30:03.7,長野県北部,36°38.9′N,138°22.3′E,6 km,0.7,---
2026/08/01,16:30:34.6,熊本県天草・芦北地方,32°16.9′N,130°24.3′E,8 km,-0.1,---
2026/08/01,16:30:51.7,熊本県熊本地方,32°38.8′N,130°41.8′E,14 km,0.3,---
2026/08/01,16:31:35.9,熊本県熊本地方,32°35.9′N,130°39.1′E,11 km,1.1,---
2026/08/01,16:32:35.8,熊本県熊本地方,32°32.1′N,130°36.0′E,13 km,1.0,---
2026/08/01,16:33:58.5,薩摩半島西方沖,31°50.7′N,130°07.4′E,11 km,0.4,---
2026/08/01,16:34:13.1,熊本県熊本地方,32°34.8′N,130°38.1′E,11 km,0.3,---
2026/08/01,16:36:32.7,熊本県熊本地方,32°35.1′N,130°41.6′E,4 km,0.6,---
2026/08/01,16:36:34.8,熊本県天草・芦北地方,32°23.1′N,130°28.7′E,8 km,0.7,---
2026/08/01,16:37:16.8,熊本県熊本地方,32°39.2′N,130°42.6′E,15 km,0.8,---
2026/08/01,16:37:59.1,福島県沖,37°15.6′N,142°16.7′E,17 km,1.2,---
2026/08/01,16:38:54.7,熊本県熊本地方,32°29.8′N,130°35.1′E,11 km,0.4,---
2026/08/01,16:39:18.9,熊本県天草・芦北地方,32°24.2′N,130°30.0′E,11 km,0.6,---
2026/08/01,16:39:41.5,愛知県西部,34°56.3′N,136°53.2′E,13 km,0.6,---
2026/08/01,16:39:46.3,熊本県天草・芦北地方,32°31.0′N,130°33.7′E,13 km,0.6,---
2026/08/01,16:40:05.8,熊本県熊本地方,32°31.7′N,130°36.3′E,10 km,0.2,---
2026/08/01,16:40:54.0,熊本県熊本地方,32°31.7′N,130°34.6′E,9 km,0.8,---
2026/08/01,16:42:07.5,熊本県天草・芦北地方,32°19.3′N,130°22.1′E,15 km,0.2,---
2026/08/01,16:42:52.6,熊本県天草・芦北地方,32°27.4′N,130°33.0′E,7 km,1.4,---
2026/08/01,16:42:59.3,和歌山県北部,34°04.2′N,135°19.0′E,9 km,0.0,---
2026/08/01,16:44:01.7,熊本県天草・芦北地方,32°26.1′N,130°33.9′E,5 km,0.2,---
2026/08/01,16:44:20.6,熊本県熊本地方,32°46.4′N,130°48.8′E,6 km,1.4,---
2026/08/01,16:44:52.6,熊本県熊本地方,32°32.3′N,130°36.3′E,12 km,1.9,---
2026/08/01,16:46:50.2,熊本県熊本地方,32°40.0′N,130°44.3′E,8 km,0.5,---
2026/08/01,16:46:59.8,熊本県熊本地方,32°30.5′N,130°35.3′E,8 km,1.1,---
2026/08/01,16:47:24.0,熊本県天草・芦北地方,32°28.5′N,130°31.4′E,6 km,0.7,---
2026/08/01,16:48:20.4,熊本県熊本地方,32°37.4′N,130°42.3′E,11 km,0.2,---
2026/08/01,16:48:27.5,熊本県天草・芦北地方,32°23.3′N,130°29.6′E,9 km,0.9,---
2026/08/01,16:48:58.2,熊本県熊本地方,32°33.0′N,130°39.7′E,8 km,3.6,---
2026/08/01,16:50:01.0,千葉県南部,35°11.7′N,140°11.9′E,23 km,1.1,---
2026/08/01,16:50:36.0,熊本県熊本地方,32°41.5′N,130°42.9′E,14 km,1.6,---
2026/08/01,16:50:59.2,熊本県熊本地方,32°33.4′N,130°36.6′E,11 km,2.0,---
2026/08/01,16:51:25.3,熊本県熊本地方,32°33.2′N,130°39.3′E,5 km,1.5,---
2026/08/01,16:51:59.0,熊本県天草・芦北地方,32°16.1′N,130°21.8′E,6 km,1.0,---
2026/08/01,16:52:25.8,熊本県天草・芦北地方,32°27.4′N,130°33.4′E,9 km,不明,---
2026/08/01,16:52:36.4,熊本県熊本地方,32°33.3′N,130°39.3′E,8 km,1.9,---
2026/08/01,16:52:41.2,奄美大島北西沖,28°13.5′N,128°13.7′E,3 km,1.5,---
2026/08/01,16:53:28.4,熊本県熊本地方,32°30.8′N,130°34.9′E,8 km,0.8,---
2026/08/01,16:54:04.8,熊本県熊本地方,32°41.1′N,130°42.0′E,16 km,0.7,---
2026/08/01,16:54:37.5,熊本県熊本地方,32°37.5′N,130°40.6′E,16 km,0.4,---
2026/08/01,16:54:45.2,熊本県天草・芦北地方,32°28.6′N,130°31.3′E,10 km,0.8,---
2026/08/01,16:55:47.9,宮城県南部,37°56.2′N,140°34.1′E,99 km,0.6,---
2026/08/01,16:57:45.4,熊本県天草・芦北地方,32°28.3′N,130°33.4′E,8 km,2.3,---
2026/08/01,16:58:42.2,和歌山県北部,33°55.0′N,135°22.7′E,47 km,0.0,---
2026/08/01,16:59:04.5,熊本県天草・芦北地方,32°23.7′N,130°27.9′E,11 km,2.1,---
2026/08/01,16:59:35.8,熊本県熊本地方,32°45.2′N,130°45.6′E,13 km,0.8,---
2026/08/01,16:59:44.6,神奈川県西部,35°24.9′N,139°10.1′E,13 km,0.7,---
2026/08/01,16:59:55.5,神奈川県西部,35°25.1′N,139°10.5′E,13 km,0.6,---
2026/08/01,17:00:49.0,熊本県熊本地方,32°36.7′N,130°42.1′E,9 km,0.5,---
2026/08/01,17:00:52.3,熊本県熊本地方,32°32.8′N,130°39.2′E,6 km,1.4,---
2026/08/01,17:01:05.9,熊本県天草・芦北地方,32°28.4′N,130°32.2′E,8 km,2.3,---
2026/08/01,17:01:21.6,熊本県天草・芦北地方,32°19.3′N,130°28.4′E,2 km,2.1,---
2026/08/01,17:02:25.6,熊本県熊本地方,32°47.6′N,130°48.1′E,10 km,0.4,---
2026/08/01,17:03:28.7,熊本県熊本地方,32°30.8′N,130°35.0′E,14 km,0.6,---
2026/08/01,17:03:38.1,三陸沖,40°09.3′N,143°09.7′E,6 km,1.1,---
2026/08/01,17:04:53.8,熊本県熊本地方,32°32.3′N,130°36.7′E,12 km,0.3,---
2026/08/01,17:05:11.0,熊本県熊本地方,32°33.3′N,130°39.1′E,7 km,0.8,---
2026/08/01,17:05:36.9,熊本県熊本地方,32°32.3′N,130°36.6′E,5 km,0.8,---
2026/08/01,17:06:12.1,熊本県熊本地方,32°32.2′N,130°36.1′E,10 km,0.5,---
2026/08/01,17:07:00.8,熊本県天草・芦北地方,32°25.2′N,130°29.1′E,9 km,1.7,---
2026/08/01,17:07:32.9,熊本県天草・芦北地方,32°14.1′N,130°24.3′E,1 km,0.0,---
2026/08/01,17:07:47.5,熊本県天草・芦北地方,32°15.6′N,130°25.6′E,13 km,0.1,---
2026/08/01,17:09:08.8,熊本県熊本地方,32°28.6′N,130°35.1′E,0 km,1.0,---
2026/08/01,17:09:55.7,熊本県熊本地方,32°32.2′N,130°36.4′E,13 km,1.7,---
2026/08/01,17:11:48.2,熊本県熊本地方,32°40.7′N,130°45.0′E,10 km,0.8,---
2026/08/01,17:12:18.4,熊本県天草・芦北地方,32°27.4′N,130°33.0′E,8 km,0.1,---
2026/08/01,17:12:30.5,熊本県熊本地方,32°43.1′N,130°46.5′E,10 km,0.8,---
2026/08/01,17:13:11.2,愛媛県南予,32°57.4′N,132°30.5′E,8 km,0.4,---
2026/08/01,17:13:14.1,熊本県熊本地方,32°36.9′N,130°39.1′E,12 km,1.0,---
2026/08/01,17:13:16.2,熊本県天草・芦北地方,32°19.3′N,130°28.4′E,5 km,不明,---
2026/08/01,17:13:43.8,熊本県熊本地方,32°38.2′N,130°43.6′E,9 km,0.8,---
2026/08/01,17:14:24.1,熊本県熊本地方,32°42.0′N,130°44.9′E,11 km,0.0,---
2026/08/01,17:14:48.2,天草灘,31°57.9′N,129°47.8′E,7 km,0.9,---
2026/08/01,17:14:54.4,熊本県熊本地方,32°37.4′N,130°43.5′E,3 km,1.0,---
2026/08/01,17:15:32.6,熊本県天草・芦北地方,32°28.4′N,130°32.2′E,2 km,0.7,---
2026/08/01,17:15:59.2,熊本県天草・芦北地方,32°22.8′N,130°28.5′E,5 km,0.1,---
2026/08/01,17:16:43.9,熊本県熊本地方,32°30.8′N,130°35.1′E,9 km,0.3,---
2026/08/01,17:17:37.5,熊本県天草・芦北地方,32°25.0′N,130°29.3′E,9 km,0.6,---
2026/08/01,17:18:17.2,熊本県天草・芦北地方,32°18.8′N,130°32.9′E,4 km,1.1,---
2026/08/01,17:18:42.1,熊本県天草・芦北地方,32°26.0′N,130°32.0′E,7 km,0.8,---
2026/08/01,17:18:48.1,熊本県熊本地方,32°33.8′N,130°39.3′E,1 km,1.1,---
2026/08/01,17:19:04.9,熊本県熊本地方,32°32.8′N,130°37.2′E,7 km,1.4,---
2026/08/01,17:19:08.0,千葉県東方沖,35°52.5′N,140°55.1′E,29 km,0.6,---
2026/08/01,17:20:36.7,熊本県天草・芦北地方,32°29.6′N,130°32.2′E,11 km,1.0,---
2026/08/01,17:20:55.6,熊本県熊本地方,32°38.8′N,130°44.0′E,10 km,1.0,---
2026/08/01,17:21:37.7,和歌山県北部,34°04.1′N,135°21.4′E,8 km,-0.4,---
2026/08/01,17:22:07.4,熊本県熊本地方,32°30.3′N,130°35.6′E,15 km,0.1,---
2026/08/01,17:22:12.5,熊本県熊本地方,32°34.3′N,130°39.3′E,13 km,0.5,---
2026/08/01,17:22:57.1,熊本県熊本地方,32°33.6′N,130°39.8′E,5 km,0.5,---
2026/08/01,17:23:16.0,熊本県熊本地方,32°34.2′N,130°37.7′E,12 km,1.0,---
2026/08/01,17:24:34.1,千葉県東方沖,35°51.0′N,140°55.3′E,29 km,0.4,---
2026/08/01,17:24:43.3,熊本県天草・芦北地方,32°25.3′N,130°31.4′E,1 km,0.3,---
2026/08/01,17:24:54.9,熊本県天草・芦北地方,32°14.7′N,130°26.1′E,8 km,0.7,---
2026/08/01,17:25:30.9,熊本県天草・芦北地方,32°14.4′N,130°25.5′E,8 km,0.1,---
2026/08/01,17:27:03.1,千葉県東方沖,35°51.5′N,140°55.8′E,32 km,1.3,---
2026/08/01,17:27:05.0,熊本県天草・芦北地方,32°29.9′N,130°32.8′E,11 km,0.5,---
2026/08/01,17:27:19.3,熊本県熊本地方,32°38.5′N,130°43.5′E,7 km,0.4,---
2026/08/01,17:28:08.3,熊本県熊本地方,32°38.9′N,130°41.9′E,12 km,1.0,---
2026/08/01,17:28:25.5,安芸灘,34°00.8′N,132°39.8′E,45 km,1.7,---
2026/08/01,17:28:45.2,熊本県熊本地方,32°35.7′N,130°39.0′E,11 km,0.5,---
2026/08/01,17:28:54.4,熊本県天草・芦北地方,32°27.5′N,130°33.9′E,7 km,1.1,---
2026/08/01,17:29:41.8,長野県南部,35°56.3′N,137°32.1′E,6 km,0.2,---
2026/08/01,17:30:21.5,熊本県熊本地方,32°36.4′N,130°41.7′E,8 km,0.0,---
2026/08/01,17:31:59.6,熊本県天草・芦北地方,32°25.3′N,130°30.2′E,6 km,-0.1,---
2026/08/01,17:32:08.6,熊本県熊本地方,32°31.5′N,130°35.0′E,12 km,0.9,---
2026/08/01,17:33:20.8,熊本県天草・芦北地方,32°25.3′N,130°27.9′E,12 km,0.7,---
2026/08/01,17:33:30.1,熊本県熊本地方,32°36.5′N,130°39.2′E,14 km,0.6,---
2026/08/01,17:34:29.1,熊本県熊本地方,32°39.2′N,130°43.5′E,8 km,1.7,---
2026/08/01,17:35:07.4,熊本県熊本地方,32°32.3′N,130°36.4′E,12 km,0.7,---
2026/08/01,17:35:45.7,熊本県熊本地方,32°39.3′N,130°41.9′E,14 km,0.4,---
2026/08/01,17:36:16.1,熊本県熊本地方,32°40.8′N,130°45.5′E,9 km,0.1,---
2026/08/01,17:36:44.0,熊本県熊本地方,32°29.2′N,130°33.3′E,7 km,0.4,---
2026/08/01,17:37:16.7,熊本県熊本地方,32°33.2′N,130°39.6′E,8 km,1.7,---
2026/08/01,17:38:27.9,薩摩半島西方沖,31°44.8′N,130°05.1′E,2 km,0.8,---
2026/08/01,17:38:52.6,山梨県東部・富士五湖,35°30.8′N,138°56.4′E,16 km,0.1,---
2026/08/01,17:38:57.9,熊本県熊本地方,32°25.1′N,130°33.1′E,3 km,-0.3,---
2026/08/01,17:39:10.1,熊本県天草・芦北地方,32°18.6′N,130°28.4′E,4 km,1.3,---
2026/08/01,17:39:52.8,熊本県天草・芦北地方,32°30.5′N,130°32.1′E,11 km,1.1,---
2026/08/01,17:41:22.1,熊本県熊本地方,32°36.9′N,130°41.9′E,9 km,1.0,---
2026/08/01,17:41:44.7,熊本県熊本地方,32°31.8′N,130°35.9′E,13 km,0.8,---
2026/08/01,17:44:13.8,熊本県熊本地方,32°33.4′N,130°37.7′E,4 km,0.6,---
2026/08/01,17:44:48.5,熊本県天草・芦北地方,32°24.3′N,130°29.3′E,7 km,0.5,---
2026/08/01,17:45:41.6,熊本県熊本地方,32°33.3′N,130°38.6′E,8 km,0.6,---
2026/08/01,17:47:50.7,熊本県熊本地方,32°48.1′N,130°49.2′E,10 km,0.6,---
2026/08/01,17:48:45.7,熊本県熊本地方,32°30.3′N,130°34.5′E,16 km,0.5,---
2026/08/01,17:48:57.2,熊本県熊本地方,32°33.7′N,130°37.3′E,12 km,0.7,---
2026/08/01,17:49:04.1,熊本県熊本地方,32°34.2′N,130°38.5′E,14 km,0.8,---
2026/08/01,17:49:52.8,熊本県天草・芦北地方,32°29.1′N,130°31.1′E,9 km,0.6,---
2026/08/01,17:51:40.0,熊本県天草・芦北地方,32°27.0′N,130°34.1′E,0 km,2.2,---
2026/08/01,17:52:02.3,山口県中部,34°24.3′N,131°36.2′E,31 km,0.1,---
2026/08/01,17:52:34.8,紀伊水道,33°47.9′N,134°53.6′E,14 km,2.1,---
2026/08/01,17:52:40.9,福島県沖,37°38.4′N,141°35.9′E,54 km,2.2,---
2026/08/01,17:53:45.3,熊本県天草・芦北地方,32°23.8′N,130°27.9′E,8 km,0.6,---
2026/08/01,17:54:12.0,紀伊水道,33°48.8′N,134°53.2′E,16 km,0.4,---
2026/08/01,17:54:34.0,熊本県熊本地方,32°36.0′N,130°41.9′E,8 km,-0.1,---
2026/08/01,17:55:05.8,伊予灘,33°42.5′N,132°21.5′E,47 km,0.6,---
2026/08/01,17:55:15.0,千葉県南東沖,34°30.7′N,140°46.4′E,37 km,1.4,---
2026/08/01,17:55:43.0,熊本県熊本地方,32°30.4′N,130°36.7′E,10 km,0.0,---
2026/08/01,17:57:30.9,奄美大島近海,28°53.0′N,129°33.6′E,9 km,2.0,---
2026/08/01,17:59:09.4,熊本県熊本地方,32°28.6′N,130°35.3′E,0 km,0.5,---
2026/08/01,17:59:09.5,トカラ列島近海,29°36.0′N,129°47.6′E,8 km,不明,---
2026/08/01,18:01:23.8,熊本県天草・芦北地方,32°24.7′N,130°30.4′E,8 km,0.0,---
2026/08/01,18:01:25.7,宮崎県北部山沿い,32°44.2′N,131°15.7′E,12 km,0.2,---
2026/08/01,18:02:34.5,熊本県天草・芦北地方,32°26.4′N,130°32.6′E,4 km,0.5,---
2026/08/01,18:03:11.2,熊本県熊本地方,32°32.2′N,130°34.2′E,8 km,0.5,---
2026/08/01,18:03:58.5,熊本県熊本地方,32°35.8′N,130°40.1′E,9 km,0.6,---
2026/08/01,18:04:15.5,熊本県天草・芦北地方,32°23.0′N,130°28.7′E,5 km,0.6,---
2026/08/01,18:05:52.4,岩手県沖,40°15.5′N,142°30.4′E,40 km,1.0,---
2026/08/01,18:06:09.1,台湾付近,24°48.1′N,122°23.4′E,4 km,2.5,---
2026/08/01,18:06:10.0,熊本県天草・芦北地方,32°24.3′N,130°30.1′E,13 km,0.2,---
2026/08/01,18:06:32.9,熊本県熊本地方,32°35.6′N,130°40.4′E,12 km,0.2,---
2026/08/01,18:07:09.9,熊本県熊本地方,32°34.1′N,130°39.3′E,2 km,0.4,---
2026/08/01,18:08:30.8,熊本県天草・芦北地方,32°29.0′N,130°31.4′E,11 km,0.0,---
2026/08/01,18:09:06.6,熊本県熊本地方,32°30.1′N,130°35.0′E,10 km,0.6,---
2026/08/01,18:09:07.8,橘湾,32°37.5′N,129°54.1′E,8 km,0.6,---
2026/08/01,18:09:21.6,和歌山県北部,33°51.0′N,135°20.4′E,44 km,0.5,---
2026/08/01,18:09:30.4,熊本県熊本地方,32°29.9′N,130°35.4′E,7 km,0.6,---
2026/08/01,18:11:22.8,熊本県熊本地方,32°31.4′N,130°34.7′E,12 km,0.6,---
2026/08/01,18:11:40.9,熊本県天草・芦北地方,32°26.2′N,130°28.5′E,10 km,0.5,---
2026/08/01,18:12:19.7,遠州灘,34°30.7′N,136°51.6′E,23 km,0.4,---
2026/08/01,18:13:35.3,熊本県熊本地方,32°31.3′N,130°36.1′E,10 km,0.2,---
2026/08/01,18:14:16.8,八丈島東方沖,33°15.9′N,140°30.2′E,53 km,2.0,---
2026/08/01,18:15:26.2,熊本県熊本地方,32°33.6′N,130°38.1′E,5 km,0.7,---
2026/08/01,18:15:30.9,石川県能登地方,37°21.6′N,136°58.7′E,7 km,1.2,---
2026/08/01,18:18:48.3,西表島付近,24°03.1′N,123°42.9′E,13 km,0.9,---
2026/08/01,18:18:51.3,熊本県熊本地方,32°29.8′N,130°36.0′E,8 km,1.1,---
2026/08/01,18:19:34.5,熊本県熊本地方,32°37.7′N,130°42.7′E,4 km,1.2,---
2026/08/01,18:20:26.8,熊本県天草・芦北地方,32°27.1′N,130°33.8′E,2 km,0.3,---
2026/08/01,18:21:59.7,千葉県南部,35°10.6′N,140°12.8′E,16 km,3.0,---
2026/08/01,18:22:13.4,熊本県熊本地方,32°37.4′N,130°42.2′E,9 km,0.5,---
2026/08/01,18:23:04.8,千葉県南部,35°10.9′N,140°12.8′E,18 km,2.0,---
2026/08/01,18:24:01.3,沖縄本島近海,26°06.5′N,127°31.3′E,28 km,1.6,---
2026/08/01,18:24:05.8,熊本県熊本地方,32°37.1′N,130°41.5′E,9 km,0.6,---
2026/08/01,18:24:22.6,紀伊水道,33°49.0′N,135°02.0′E,43 km,0.4,---
2026/08/01,18:25:59.6,熊本県熊本地方,32°31.7′N,130°34.9′E,4 km,0.1,---
2026/08/01,18:27:14.5,熊本県熊本地方,32°30.3′N,130°34.8′E,13 km,0.8,---
2026/08/01,18:27:22.4,青森県東方沖,41°31.0′N,143°08.8′E,25 km,1.1,---
2026/08/01,18:27:51.3,熊本県熊本地方,32°38.3′N,130°43.9′E,11 km,0.3,---
2026/08/01,18:29:42.0,熊本県熊本地方,32°41.0′N,130°42.4′E,15 km,1.8,---
2026/08/01,18:30:07.6,薩南諸島東方沖,27°57.0′N,131°21.5′E,89 km,2.4,---
2026/08/01,18:30:35.2,福島県沖,36°55.0′N,141°03.5′E,45 km,0.6,---
2026/08/01,18:31:01.4,熊本県天草・芦北地方,32°25.4′N,130°31.7′E,8 km,0.4,---
2026/08/01,18:31:11.1,千葉県南部,35°10.2′N,140°12.6′E,16 km,1.5,---
2026/08/01,18:31:40.3,熊本県天草・芦北地方,32°23.8′N,130°30.5′E,9 km,0.3,---
2026/08/01,18:32:14.1,熊本県熊本地方,32°40.4′N,130°42.7′E,14 km,0.2,---
2026/08/01,18:33:23.7,千葉県南部,35°11.5′N,140°12.3′E,20 km,1.1,---
2026/08/01,18:34:16.0,千葉県東方沖,35°45.8′N,141°01.1′E,26 km,0.6,---
2026/08/01,18:34:36.8,熊本県熊本地方,32°30.3′N,130°35.2′E,8 km,0.9,---
2026/08/01,18:35:27.1,熊本県天草・芦北地方,32°27.0′N,130°33.4′E,9 km,0.9,---
2026/08/01,18:39:34.1,熊本県天草・芦北地方,32°25.3′N,130°31.8′E,10 km,0.0,---
2026/08/01,18:39:51.4,千葉県東方沖,35°42.6′N,140°50.6′E,20 km,1.8,---
2026/08/01,18:39:54.2,熊本県天草・芦北地方,32°23.3′N,130°28.4′E,10 km,0.1,---
2026/08/01,18:41:21.7,熊本県天草・芦北地方,32°26.9′N,130°28.9′E,12 km,3.9,---
2026/08/01,18:41:27.2,福島県沖,37°29.3′N,144°46.1′E,44 km,1.9,---
2026/08/01,18:43:23.3,福島県沖,37°07.1′N,142°15.7′E,13 km,1.5,---
2026/08/01,18:43:38.7,千葉県東方沖,35°42.3′N,140°49.8′E,18 km,0.6,---
2026/08/01,18:44:25.1,熊本県天草・芦北地方,32°27.8′N,130°32.3′E,7 km,0.7,---
2026/08/01,18:44:52.1,熊本県熊本地方,32°39.1′N,130°41.9′E,14 km,0.2,---
2026/08/01,18:45:51.5,茨城県北部,36°38.5′N,140°36.4′E,7 km,-0.2,---
2026/08/01,18:46:03.4,熊本県天草・芦北地方,32°27.0′N,130°34.1′E,0 km,1.8,---
2026/08/01,18:46:51.3,熊本県天草・芦北地方,32°23.5′N,130°27.5′E,6 km,0.5,---
2026/08/01,18:47:10.3,熊本県天草・芦北地方,32°19.2′N,130°28.3′E,8 km,0.8,---
2026/08/01,18:47:39.9,台湾付近,24°23.1′N,122°13.5′E,68 km,1.6,---
2026/08/01,18:48:07.0,熊本県天草・芦北地方,32°23.3′N,130°28.9′E,10 km,1.3,---
2026/08/01,18:49:38.4,北海道北西沖,44°39.6′N,141°41.3′E,9 km,1.3,---
2026/08/01,18:49:43.2,和歌山県北部,34°14.2′N,135°12.5′E,7 km,-0.2,---
2026/08/01,18:50:19.0,千葉県北西部,35°41.6′N,140°03.8′E,69 km,0.7,---
2026/08/01,18:50:26.9,熊本県熊本地方,32°43.0′N,130°45.9′E,10 km,1.4,---
2026/08/01,18:51:16.3,熊本県熊本地方,32°40.0′N,130°43.3′E,12 km,0.3,---
2026/08/01,18:51:35.7,熊本県天草・芦北地方,32°26.7′N,130°28.9′E,11 km,0.8,---
2026/08/01,18:52:02.5,熊本県熊本地方,32°40.2′N,130°43.7′E,12 km,0.9,---
2026/08/01,18:52:46.8,静岡県西部,34°55.3′N,137°46.7′E,21 km,0.3,---
2026/08/01,18:52:51.3,福井県嶺北,35°56.8′N,136°40.8′E,6 km,0.2,---
2026/08/01,18:53:54.4,熊本県熊本地方,32°33.2′N,130°37.1′E,12 km,0.5,---
2026/08/01,18:55:37.6,静岡県西部,34°55.4′N,137°47.2′E,22 km,0.1,---
2026/08/01,18:55:52.1,熊本県熊本地方,32°35.1′N,130°41.4′E,6 km,0.9,---
2026/08/01,18:56:47.6,熊本県天草・芦北地方,32°26.9′N,130°28.9′E,12 km,0.7,---
2026/08/01,18:57:20.4,福島県沖,37°46.7′N,141°36.3′E,54 km,1.0,---
2026/08/01,18:57:23.4,熊本県天草・芦北地方,32°24.7′N,130°28.2′E,9 km,0.3,---
2026/08/01,18:59:26.6,熊本県熊本地方,32°39.2′N,130°44.9′E,7 km,0.5,---
2026/08/01,19:00:49.8,熊本県熊本地方,32°35.5′N,130°40.1′E,7 km,0.6,---
2026/08/01,19:01:30.7,和歌山県北部,34°04.0′N,135°17.4′E,9 km,-0.2,---
2026/08/01,19:01:42.4,千葉県南部,35°12.3′N,140°13.6′E,22 km,1.2,---
2026/08/01,19:01:53.3,福島県沖,37°49.5′N,141°44.4′E,43 km,0.9,---
2026/08/01,19:01:56.6,茨城県北部,36°44.8′N,140°34.9′E,9 km,0.1,---
2026/08/01,19:02:05.6,和歌山県北部,34°00.9′N,135°11.6′E,5 km,-0.4,---
2026/08/01,19:02:08.5,熊本県熊本地方,32°41.2′N,130°44.1′E,11 km,1.3,---
2026/08/01,19:02:10.3,トカラ列島近海,29°21.3′N,129°29.0′E,8 km,0.7,---
2026/08/01,19:03:01.9,鹿児島県薩摩地方,31°56.7′N,130°24.6′E,1 km,-0.2,---
2026/08/01,19:04:41.9,熊本県天草・芦北地方,32°15.2′N,130°25.6′E,8 km,0.4,---
2026/08/01,19:05:33.5,瀬戸内海中部,34°09.2′N,133°33.8′E,20 km,0.3,---
2026/08/01,19:07:11.7,熊本県天草・芦北地方,32°23.5′N,130°29.0′E,11 km,0.6,---
2026/08/01,19:07:59.4,熊本県熊本地方,32°36.0′N,130°41.0′E,6 km,0.5,---
2026/08/01,19:08:17.7,福島県中通り,37°02.9′N,140°34.9′E,10 km,0.2,---
2026/08/01,19:08:47.8,能登半島沖,37°24.8′N,136°47.6′E,13 km,1.0,---
2026/08/01,19:09:14.5,熊本県熊本地方,32°38.1′N,130°43.6′E,12 km,-0.1,---
2026/08/01,19:10:50.7,熊本県天草・芦北地方,32°28.0′N,130°34.5′E,6 km,0.8,---
2026/08/01,19:11:48.9,熊本県熊本地方,32°34.1′N,130°40.1′E,9 km,0.2,---
2026/08/01,19:12:35.0,紀伊水道,33°48.4′N,134°53.5′E,15 km,0.3,---
2026/08/01,19:16:48.7,三陸沖,40°11.6′N,143°08.8′E,4 km,1.6,---
2026/08/01,19:16:59.1,熊本県熊本地方,32°38.5′N,130°44.2′E,9 km,0.8,---
2026/08/01,19:17:49.0,鹿児島県薩摩地方,32°12.6′N,130°13.2′E,13 km,0.4,---
2026/08/01,19:18:14.8,熊本県熊本地方,32°39.7′N,130°44.6′E,10 km,0.3,---
2026/08/01,19:19:13.4,熊本県熊本地方,32°42.8′N,130°47.1′E,10 km,1.0,---
2026/08/01,19:20:04.4,苫小牧沖,42°17.9′N,141°17.6′E,122 km,0.9,---
2026/08/01,19:21:05.7,岩手県沖,40°18.1′N,142°20.1′E,18 km,1.3,---
2026/08/01,19:23:27.2,福岡県筑後地方,33°05.2′N,130°32.4′E,12 km,0.3,---
2026/08/01,19:24:39.1,千葉県南部,35°11.4′N,140°12.4′E,22 km,0.8,---
2026/08/01,19:25:02.9,熊本県熊本地方,32°30.8′N,130°34.8′E,4 km,0.1,---
2026/08/01,19:25:56.1,和歌山県北部,34°13.8′N,135°12.8′E,4 km,0.1,---
2026/08/01,19:26:18.2,熊本県天草・芦北地方,32°26.4′N,130°32.8′E,2 km,1.1,---
2026/08/01,19:27:57.9,熊本県熊本地方,32°32.2′N,130°36.3′E,7 km,1.3,---
2026/08/01,19:28:27.1,熊本県熊本地方,32°41.3′N,130°44.3′E,11 km,1.7,---
2026/08/01,19:30:01.7,天草灘,31°58.3′N,130°10.7′E,4 km,0.4,---
2026/08/01,19:30:28.8,紀伊水道,34°08.6′N,135°05.0′E,10 km,0.4,---
2026/08/01,19:32:10.0,熊本県熊本地方,32°38.7′N,130°45.0′E,8 km,0.5,---
2026/08/01,19:34:04.6,熊本県熊本地方,32°33.2′N,130°37.0′E,15 km,0.4,---
2026/08/01,19:35:10.2,茨城県北部,36°47.0′N,140°34.1′E,8 km,0.1,---
2026/08/01,19:35:26.0,熊本県熊本地方,32°38.3′N,130°43.4′E,9 km,1.2,---
2026/08/01,19:36:25.3,三陸沖,39°18.1′N,144°29.2′E,26 km,1.1,---
2026/08/01,19:36:31.9,熊本県熊本地方,32°33.0′N,130°36.8′E,8 km,0.5,---
2026/08/01,19:36:54.2,熊本県天草・芦北地方,32°26.9′N,130°28.8′E,10 km,0.6,---
2026/08/01,19:37:04.2,福島県沖,37°49.9′N,141°36.9′E,47 km,1.2,---
2026/08/01,19:37:36.2,熊本県熊本地方,32°31.3′N,130°40.4′E,11 km,0.4,---
2026/08/01,19:38:28.5,有明海,32°59.6′N,130°21.0′E,8 km,0.3,---
2026/08/01,19:39:58.3,天草灘,31°59.4′N,130°11.6′E,2 km,1.1,---
2026/08/01,19:41:40.4,熊本県天草・芦北地方,32°24.6′N,130°27.6′E,8 km,0.6,---
2026/08/01,19:42:08.8,熊本県熊本地方,32°32.4′N,130°35.7′E,12 km,0.4,---
2026/08/01,19:42:32.8,熊本県熊本地方,32°35.1′N,130°38.4′E,11 km,0.5,---
2026/08/01,19:42:59.6,熊本県熊本地方,32°45.8′N,130°48.2′E,8 km,0.8,---
2026/08/01,19:42:59.9,石川県能登地方,37°12.3′N,136°45.9′E,8 km,0.4,---
2026/08/01,19:43:29.4,熊本県天草・芦北地方,32°19.2′N,130°27.7′E,10 km,0.1,---
2026/08/01,19:43:29.6,福島県沖,37°52.1′N,141°35.2′E,48 km,0.8,---
2026/08/01,19:47:02.3,熊本県天草・芦北地方,32°35.0′N,130°35.3′E,16 km,0.7,---
2026/08/01,19:47:19.7,岐阜県飛騨地方,36°04.4′N,137°25.9′E,4 km,-0.5,---
2026/08/01,19:48:54.6,熊本県熊本地方,32°34.4′N,130°37.7′E,13 km,1.4,---
2026/08/01,19:49:18.2,福島県沖,37°47.1′N,141°34.3′E,51 km,1.3,---
2026/08/01,19:50:05.1,宮城県沖,38°45.7′N,141°35.1′E,101 km,1.3,---
2026/08/01,19:50:12.5,熊本県天草・芦北地方,32°27.9′N,130°33.5′E,5 km,0.4,---
2026/08/01,19:53:26.9,福島県沖,37°52.3′N,141°35.5′E,47 km,1.0,---
2026/08/01,19:55:05.9,熊本県熊本地方,32°29.2′N,130°37.2′E,6 km,0.9,---
2026/08/01,19:55:26.7,岐阜県美濃東部,35°16.9′N,137°27.5′E,10 km,0.0,---
2026/08/01,19:55:47.9,熊本県熊本地方,32°37.6′N,130°41.9′E,7 km,0.5,---
2026/08/01,19:56:42.5,橘湾,32°36.1′N,129°54.5′E,12 km,0.5,---
2026/08/01,19:57:00.5,熊本県熊本地方,32°33.9′N,130°38.6′E,14 km,0.7,---
2026/08/01,19:57:21.5,熊本県熊本地方,32°33.2′N,130°37.9′E,6 km,0.4,---
2026/08/01,19:58:17.4,熊本県熊本地方,32°45.0′N,130°48.2′E,7 km,0.3,---
2026/08/01,19:59:31.6,熊本県熊本地方,32°36.9′N,130°41.5′E,8 km,1.0,---
2026/08/01,20:00:19.5,徳島県南部,33°55.8′N,134°34.3′E,7 km,0.1,---
2026/08/01,20:00:57.9,熊本県熊本地方,32°34.2′N,130°36.8′E,13 km,1.4,---
2026/08/01,20:01:48.4,熊本県熊本地方,32°39.2′N,130°44.0′E,9 km,1.6,---
2026/08/01,20:02:45.7,熊本県天草・芦北地方,32°19.2′N,130°27.7′E,9 km,0.4,---
2026/08/01,20:04:12.5,熊本県天草・芦北地方,32°23.4′N,130°30.0′E,3 km,-0.1,---
2026/08/01,20:04:44.3,熊本県熊本地方,32°28.4′N,130°36.7′E,9 km,1.3,---
2026/08/01,20:05:26.7,熊本県熊本地方,32°39.4′N,130°41.3′E,15 km,1.6,---
2026/08/01,20:06:26.3,熊本県熊本地方,32°39.3′N,130°41.7′E,14 km,0.4,---
2026/08/01,20:07:18.9,熊本県熊本地方,32°40.2′N,130°42.8′E,14 km,0.5,---
2026/08/01,20:07:46.4,熊本県天草・芦北地方,32°24.9′N,130°29.8′E,4 km,0.0,---
2026/08/01,20:08:32.6,長野県中部,36°02.7′N,138°09.4′E,7 km,-0.4,---
2026/08/01,20:08:53.4,熊本県熊本地方,32°30.4′N,130°35.1′E,12 km,1.0,---
2026/08/01,20:09:18.3,熊本県熊本地方,32°37.4′N,130°40.9′E,14 km,0.5,---
2026/08/01,20:09:26.2,熊本県天草・芦北地方,32°26.5′N,130°33.3′E,5 km,0.7,---
2026/08/01,20:11:09.2,熊本県天草・芦北地方,32°27.2′N,130°32.6′E,1 km,0.9,---
2026/08/01,20:11:29.1,熊本県天草・芦北地方,32°28.8′N,130°31.1′E,10 km,1.5,---
2026/08/01,20:12:20.7,宮崎県南部山沿い,32°03.3′N,131°02.4′E,10 km,0.1,---
2026/08/01,20:12:22.4,釧路沖,42°23.1′N,144°32.6′E,14 km,1.8,---
2026/08/01,20:13:10.0,日向灘,31°42.5′N,132°02.3′E,13 km,不明,---
2026/08/01,20:14:45.0,熊本県天草・芦北地方,32°25.9′N,130°32.4′E,6 km,1.3,---
2026/08/01,20:15:19.4,熊本県熊本地方,32°31.1′N,130°40.4′E,11 km,1.5,---
2026/08/01,20:17:03.1,熊本県天草・芦北地方,32°24.4′N,130°29.9′E,9 km,-0.2,---
2026/08/01,20:17:36.7,熊本県天草・芦北地方,32°24.9′N,130°27.6′E,13 km,2.2,---
2026/08/01,20:18:17.2,熊本県熊本地方,32°34.9′N,130°39.8′E,0 km,0.8,---
2026/08/01,20:20:06.6,熊本県熊本地方,32°32.8′N,130°39.1′E,7 km,1.7,---
2026/08/01,20:20:48.9,熊本県熊本地方,32°34.3′N,130°37.6′E,12 km,0.4,---
2026/08/01,20:21:22.5,熊本県天草・芦北地方,32°31.8′N,130°33.0′E,12 km,0.4,---
2026/08/01,20:22:25.7,熊本県熊本地方,32°33.0′N,130°38.9′E,6 km,0.9,---
2026/08/01,20:23:22.4,熊本県熊本地方,32°32.6′N,130°37.4′E,7 km,0.4,---
2026/08/01,20:23:36.8,熊本県熊本地方,32°30.9′N,130°37.1′E,14 km,0.6,---
2026/08/01,20:23:52.9,熊本県天草・芦北地方,32°26.9′N,130°33.4′E,3 km,0.2,---
2026/08/01,20:26:07.8,熊本県熊本地方,32°36.5′N,130°42.1′E,10 km,0.5,---
2026/08/01,20:26:29.8,熊本県熊本地方,32°35.2′N,130°41.2′E,10 km,0.3,---
2026/08/01,20:27:24.1,熊本県天草・芦北地方,32°27.3′N,130°32.6′E,11 km,0.3,---
2026/08/01,20:27:27.0,茨城県沖,36°13.5′N,140°59.2′E,39 km,1.4,---
2026/08/01,20:27:38.8,熊本県熊本地方,32°33.1′N,130°37.9′E,7 km,1.3,---
2026/08/01,20:28:16.4,熊本県天草・芦北地方,32°25.8′N,130°29.1′E,6 km,0.5,---
2026/08/01,20:29:09.8,熊本県熊本地方,32°35.7′N,130°40.3′E,9 km,0.6,---
2026/08/01,20:29:25.5,静岡県東部,35°24.8′N,138°33.8′E,18 km,0.1,---
2026/08/01,20:29:32.5,熊本県熊本地方,32°35.2′N,130°40.3′E,10 km,0.1,---
2026/08/01,20:30:11.5,熊本県熊本地方,32°36.9′N,130°42.3′E,10 km,0.3,---
2026/08/01,20:30:27.6,熊本県天草・芦北地方,32°28.1′N,130°32.0′E,0 km,0.1,---
2026/08/01,20:30:37.0,熊本県熊本地方,32°31.6′N,130°37.4′E,9 km,1.4,---
2026/08/01,20:31:07.3,熊本県天草・芦北地方,32°24.8′N,130°28.3′E,9 km,1.1,---
2026/08/01,20:31:09.3,青森県東方沖,41°08.8′N,142°23.6′E,47 km,0.9,---
2026/08/01,20:32:36.6,熊本県天草・芦北地方,32°18.6′N,130°27.2′E,11 km,0.0,---
2026/08/01,20:33:16.6,熊本県熊本地方,32°32.8′N,130°34.8′E,14 km,0.6,---
2026/08/01,20:33:39.5,宮古島北西沖,26°10.0′N,124°20.4′E,183 km,2.4,---
2026/08/01,20:34:28.5,熊本県熊本地方,32°36.7′N,130°41.9′E,10 km,0.1,---
2026/08/01,20:34:38.3,熊本県熊本地方,32°34.9′N,130°37.2′E,15 km,0.4,---
2026/08/01,20:35:33.1,和歌山県北部,34°04.3′N,135°12.4′E,6 km,-0.7,---
2026/08/01,20:35:45.5,熊本県熊本地方,32°34.1′N,130°36.3′E,11 km,0.5,---
2026/08/01,20:36:11.1,熊本県熊本地方,32°38.7′N,130°42.0′E,16 km,0.2,---
2026/08/01,20:36:37.1,熊本県天草・芦北地方,32°26.9′N,130°29.5′E,0 km,0.1,---
2026/08/01,20:36:55.2,熊本県熊本地方,32°30.9′N,130°35.9′E,3 km,0.5,---
2026/08/01,20:38:52.8,熊本県熊本地方,32°39.2′N,130°43.2′E,12 km,0.5,---
2026/08/01,20:39:24.7,熊本県熊本地方,32°32.0′N,130°36.1′E,14 km,0.4,---
2026/08/01,20:39:27.1,千葉県北東部,35°41.6′N,140°38.9′E,51 km,1.7,---
2026/08/01,20:39:51.5,熊本県天草・芦北地方,32°25.1′N,130°31.5′E,12 km,0.4,---
2026/08/01,20:40:10.6,九州地方南東沖,30°38.4′N,131°35.4′E,34 km,1.2,---
2026/08/01,20:40:34.4,熊本県天草・芦北地方,32°28.9′N,130°34.1′E,10 km,1.0,---
2026/08/01,20:40:57.3,熊本県熊本地方,32°34.8′N,130°38.3′E,13 km,1.2,---
2026/08/01,20:41:41.9,熊本県天草・芦北地方,32°24.7′N,130°30.8′E,0 km,0.4,---
2026/08/01,20:41:44.9,静岡県西部,34°46.9′N,137°33.5′E,32 km,0.3,---
2026/08/01,20:42:30.0,熊本県熊本地方,32°32.4′N,130°39.2′E,4 km,0.7,---
2026/08/01,20:43:29.2,熊本県熊本地方,32°36.0′N,130°41.7′E,7 km,0.9,---
2026/08/01,20:43:39.8,熊本県熊本地方,32°31.2′N,130°35.1′E,10 km,1.2,---
2026/08/01,20:43:53.7,熊本県熊本地方,32°39.4′N,130°43.0′E,13 km,0.6,---
2026/08/01,20:43:55.2,富山県東部,36°26.3′N,137°24.2′E,11 km,0.4,---
2026/08/01,20:44:17.7,熊本県天草・芦北地方,32°37.4′N,130°37.0′E,11 km,0.3,---
2026/08/01,20:45:24.5,熊本県天草・芦北地方,32°36.0′N,130°34.9′E,14 km,0.4,---
2026/08/01,20:45:58.4,熊本県阿蘇地方,32°56.5′N,131°02.0′E,7 km,0.0,---
2026/08/01,20:46:51.8,熊本県天草・芦北地方,32°23.1′N,130°28.0′E,10 km,0.6,---
2026/08/01,20:47:33.8,山梨県東部・富士五湖,35°31.9′N,138°57.8′E,20 km,0.4,---
2026/08/01,20:47:43.0,岩手県沖,40°05.6′N,142°27.8′E,37 km,2.4,---
2026/08/01,20:48:01.2,熊本県天草・芦北地方,32°28.0′N,130°32.0′E,0 km,0.3,---
2026/08/01,20:49:25.9,熊本県熊本地方,32°29.5′N,130°34.7′E,4 km,0.9,---
2026/08/01,20:49:48.2,北海道東方沖,43°43.7′N,147°02.1′E,83 km,1.9,---
2026/08/01,20:50:50.7,熊本県熊本地方,32°37.6′N,130°44.0′E,14 km,0.5,---
2026/08/01,20:53:12.8,茨城県北部,36°42.5′N,140°36.5′E,8 km,-0.3,---
2026/08/01,20:53:23.7,熊本県天草・芦北地方,32°29.7′N,130°32.1′E,10 km,0.1,---
2026/08/01,20:53:52.6,熊本県熊本地方,32°39.4′N,130°42.9′E,13 km,0.8,---
2026/08/01,20:54:23.3,福島県沖,37°39.0′N,142°01.1′E,38 km,1.1,---
2026/08/01,20:54:49.3,熊本県熊本地方,32°40.2′N,130°44.9′E,12 km,0.3,---
2026/08/01,20:55:23.0,熊本県熊本地方,32°29.2′N,130°33.4′E,6 km,0.6,---
2026/08/01,20:58:01.1,熊本県熊本地方,32°35.6′N,130°40.3′E,10 km,-0.1,---
2026/08/01,20:58:56.2,栃木県南部,36°38.4′N,139°38.1′E,8 km,1.3,---
2026/08/01,21:00:48.0,熊本県熊本地方,32°40.9′N,130°45.0′E,10 km,0.1,---
2026/08/01,21:01:20.9,熊本県天草・芦北地方,32°25.2′N,130°29.3′E,4 km,0.3,---
2026/08/01,21:01:21.4,十勝地方中部,42°44.0′N,142°52.8′E,76 km,0.7,---
2026/08/01,21:01:26.4,三陸沖,39°21.6′N,143°37.1′E,2 km,1.2,---
2026/08/01,21:01:26.9,熊本県熊本地方,32°29.1′N,130°34.7′E,6 km,2.6,---
2026/08/01,21:01:35.1,長野県北部,36°47.6′N,137°49.6′E,2 km,0.4,---
2026/08/01,21:01:59.3,熊本県熊本地方,32°44.2′N,130°47.8′E,6 km,1.0,---
2026/08/01,21:03:26.8,熊本県熊本地方,32°29.9′N,130°34.7′E,13 km,0.3,---
2026/08/01,21:03:39.1,長野県南部,35°52.1′N,137°23.1′E,10 km,0.1,---
2026/08/01,21:03:59.7,宮崎県北部平野部,32°24.9′N,131°31.1′E,13 km,0.4,---
2026/08/01,21:04:08.4,熊本県天草・芦北地方,32°28.9′N,130°34.2′E,0 km,0.7,---
2026/08/01,21:04:43.5,熊本県天草・芦北地方,32°31.9′N,130°33.4′E,15 km,0.5,---
2026/08/01,21:05:05.5,熊本県熊本地方,32°29.3′N,130°35.2′E,9 km,1.0,---
2026/08/01,21:05:41.2,熊本県天草・芦北地方,32°28.8′N,130°31.4′E,11 km,0.6,---
2026/08/01,21:05:55.8,熊本県阿蘇地方,32°54.4′N,130°59.3′E,7 km,0.2,---
2026/08/01,21:06:14.5,奄美大島近海,28°25.7′N,129°38.2′E,41 km,0.3,---
2026/08/01,21:06:29.3,熊本県熊本地方,32°40.9′N,130°43.4′E,12 km,0.3,---
2026/08/01,21:06:57.8,熊本県熊本地方,32°31.7′N,130°36.2′E,9 km,0.3,---
2026/08/01,21:10:13.2,茨城県南部,35°55.6′N,140°13.2′E,39 km,0.4,---
2026/08/01,21:10:21.4,三陸沖,40°32.4′N,145°05.1′E,12 km,1.2,---
2026/08/01,21:10:57.9,熊本県熊本地方,32°38.4′N,130°44.0′E,9 km,0.7,---
2026/08/01,21:12:19.2,島根県西部,35°11.1′N,132°33.6′E,9 km,0.9,---
2026/08/01,21:12:25.9,熊本県熊本地方,32°38.7′N,130°44.5′E,9 km,0.6,---
2026/08/01,21:13:03.7,熊本県天草・芦北地方,32°18.7′N,130°28.0′E,6 km,0.3,---
2026/08/01,21:13:25.5,熊本県熊本地方,32°32.0′N,130°36.0′E,12 km,1.3,---
2026/08/01,21:14:29.4,熊本県熊本地方,32°32.4′N,130°35.4′E,12 km,0.8,---
2026/08/01,21:14:59.8,熊本県熊本地方,32°37.4′N,130°42.9′E,4 km,1.6,---
2026/08/01,21:15:28.7,愛媛県東予,33°58.3′N,133°02.5′E,11 km,1.3,---
2026/08/01,21:16:25.6,熊本県熊本地方,32°38.4′N,130°44.2′E,10 km,0.4,---
2026/08/01,21:16:38.6,熊本県熊本地方,32°32.1′N,130°38.7′E,6 km,0.7,---
2026/08/01,21:17:21.9,熊本県天草・芦北地方,32°27.1′N,130°31.8′E,2 km,0.3,---
2026/08/01,21:18:17.0,宮崎県北部平野部,32°25.1′N,131°31.2′E,13 km,1.2,---
2026/08/01,21:19:07.3,熊本県熊本地方,32°39.9′N,130°42.1′E,16 km,0.4,---
2026/08/01,21:19:40.7,茨城県沖,36°15.6′N,142°08.5′E,1 km,1.9,---
2026/08/01,21:19:50.8,熊本県熊本地方,32°33.2′N,130°36.5′E,14 km,0.3,---
2026/08/01,21:20:10.6,熊本県熊本地方,32°32.0′N,130°35.7′E,17 km,0.5,---
2026/08/01,21:20:46.6,熊本県熊本地方,32°39.3′N,130°42.4′E,13 km,0.5,---
2026/08/01,21:21:20.7,熊本県天草・芦北地方,32°08.7′N,130°26.6′E,4 km,0.5,---
2026/08/01,21:21:57.0,宮崎県北部平野部,32°25.1′N,131°30.6′E,13 km,0.1,---
2026/08/01,21:22:12.2,奄美大島北西沖,28°14.8′N,128°12.8′E,10 km,1.4,---
2026/08/01,21:22:49.2,熊本県熊本地方,32°38.1′N,130°42.0′E,14 km,0.3,---
2026/08/01,21:23:03.4,岐阜県美濃中西部,35°45.4′N,136°50.8′E,10 km,0.3,---
2026/08/01,21:23:56.6,北海道東方沖,43°42.1′N,146°55.3′E,97 km,1.8,---
2026/08/01,21:24:23.7,熊本県天草・芦北地方,32°30.4′N,130°32.2′E,12 km,0.7,---
2026/08/01,21:24:47.3,熊本県熊本地方,32°32.0′N,130°35.9′E,11 km,0.6,---
2026/08/01,21:25:01.4,沖縄本島北西沖,26°36.4′N,126°01.1′E,164 km,1.9,---
2026/08/01,21:26:03.3,岩手県内陸南部,39°14.8′N,141°07.4′E,125 km,1.1,---
2026/08/01,21:26:10.7,宮崎県北部平野部,32°25.1′N,131°31.1′E,13 km,0.5,---
2026/08/01,21:26:51.0,熊本県熊本地方,32°41.6′N,130°44.8′E,11 km,0.3,---
2026/08/01,21:27:25.4,熊本県熊本地方,32°48.0′N,130°50.7′E,6 km,2.0,---
2026/08/01,21:28:37.7,釧路地方北部,43°34.7′N,144°28.9′E,22 km,0.4,---
2026/08/01,21:28:57.7,熊本県熊本地方,32°34.2′N,130°40.5′E,3 km,0.2,---
2026/08/01,21:29:49.2,熊本県熊本地方,32°29.4′N,130°34.9′E,10 km,0.5,---
2026/08/01,21:29:52.1,富山県東部,36°26.5′N,137°24.6′E,10 km,0.5,---
2026/08/01,21:30:01.2,秋田県沖,40°05.9′N,139°20.4′E,15 km,1.9,---
2026/08/01,21:30:45.1,熊本県天草・芦北地方,32°25.1′N,130°31.6′E,10 km,0.0,---
2026/08/01,21:30:59.2,熊本県熊本地方,32°31.0′N,130°34.1′E,10 km,1.1,---
2026/08/01,21:31:48.9,奄美大島北西沖,28°07.8′N,128°21.0′E,84 km,1.2,---
2026/08/01,21:32:08.3,三陸沖,39°36.4′N,143°34.0′E,9 km,1.3,---
2026/08/01,21:32:20.1,熊本県熊本地方,32°43.5′N,130°45.8′E,10 km,0.6,---
2026/08/01,21:32:49.0,熊本県天草・芦北地方,32°26.7′N,130°32.1′E,6 km,1.1,---
2026/08/01,21:33:27.8,熊本県熊本地方,32°36.4′N,130°43.2′E,8 km,0.5,---
2026/08/01,21:33:53.5,熊本県熊本地方,32°40.6′N,130°40.3′E,17 km,0.8,---
2026/08/01,21:34:42.5,熊本県天草・芦北地方,32°30.6′N,130°31.5′E,12 km,0.5,---
2026/08/01,21:35:36.4,熊本県天草・芦北地方,32°28.4′N,130°29.4′E,14 km,0.5,---
2026/08/01,21:36:04.2,熊本県天草・芦北地方,32°28.5′N,130°32.5′E,6 km,0.4,---
2026/08/01,21:36:04.8,新島・神津島近海,34°13.8′N,139°09.7′E,8 km,2.1,---
2026/08/01,21:37:36.3,三陸沖,40°10.2′N,143°09.4′E,11 km,1.3,---
2026/08/01,21:38:30.3,熊本県天草・芦北地方,32°28.6′N,130°32.7′E,4 km,0.4,---
2026/08/01,21:38:45.8,茨城県北部,36°45.0′N,140°34.5′E,9 km,0.4,---
2026/08/01,21:39:25.2,熊本県阿蘇地方,32°56.8′N,131°00.1′E,10 km,0.8,---
2026/08/01,21:39:40.1,奄美大島北西沖,28°15.7′N,128°09.9′E,14 km,1.2,---
2026/08/01,21:40:00.6,熊本県天草・芦北地方,32°30.2′N,130°33.7′E,8 km,0.8,---
2026/08/01,21:40:38.2,熊本県熊本地方,32°39.0′N,130°41.7′E,13 km,1.2,---
2026/08/01,21:41:13.9,岩手県沖,40°14.4′N,142°26.2′E,44 km,0.5,---
2026/08/01,21:41:20.5,熊本県熊本地方,32°38.1′N,130°40.5′E,17 km,0.2,---
2026/08/01,21:41:42.4,十勝沖,42°08.9′N,143°26.1′E,46 km,0.6,---
2026/08/01,21:41:48.9,熊本県熊本地方,32°31.1′N,130°35.5′E,15 km,2.5,---
2026/08/01,21:42:13.8,石川県能登地方,37°19.8′N,136°44.9′E,5 km,0.8,---
2026/08/01,21:42:39.9,熊本県熊本地方,32°30.4′N,130°35.1′E,10 km,1.5,---
2026/08/01,21:44:01.7,熊本県熊本地方,32°30.5′N,130°35.0′E,10 km,0.4,---
2026/08/01,21:45:56.5,熊本県天草・芦北地方,32°18.6′N,130°27.5′E,7 km,0.2,---
2026/08/01,21:46:20.1,熊本県熊本地方,32°29.3′N,130°33.9′E,9 km,0.3,---
2026/08/01,21:46:45.8,熊本県天草・芦北地方,32°24.9′N,130°30.7′E,4 km,0.2,---
2026/08/01,21:47:23.4,熊本県熊本地方,32°38.8′N,130°44.8′E,11 km,4.7,---
2026/08/01,21:50:55.7,熊本県天草・芦北地方,32°28.3′N,130°30.4′E,12 km,2.5,---
2026/08/01,21:51:34.2,熊本県熊本地方,32°39.2′N,130°44.1′E,10 km,1.0,---
2026/08/01,21:51:46.2,熊本県熊本地方,32°32.3′N,130°36.2′E,10 km,0.9,---
2026/08/01,21:52:31.9,熊本県熊本地方,32°39.2′N,130°45.0′E,9 km,0.7,---
2026/08/01,21:52:59.2,島根県東部,35°18.8′N,133°17.9′E,12 km,0.2,---
2026/08/01,21:53:24.6,熊本県熊本地方,32°38.9′N,130°44.4′E,10 km,0.9,---
2026/08/01,21:54:31.1,栃木県北部,36°53.5′N,139°48.9′E,9 km,-0.2,---
2026/08/01,21:54:52.6,熊本県天草・芦北地方,32°11.9′N,130°20.8′E,3 km,0.3,---
2026/08/01,21:56:28.8,西表島付近,24°09.4′N,123°30.9′E,16 km,0.6,---
2026/08/01,21:56:36.3,熊本県天草・芦北地方,32°28.6′N,130°30.5′E,13 km,0.6,---
2026/08/01,21:57:44.6,熊本県天草・芦北地方,32°28.6′N,130°32.1′E,0 km,1.3,---
2026/08/01,21:58:50.7,熊本県天草・芦北地方,32°28.0′N,130°29.9′E,8 km,0.4,---
2026/08/01,21:59:03.5,北海道南西沖,42°12.9′N,139°17.7′E,14 km,1.0,---
2026/08/01,21:59:10.7,熊本県熊本地方,32°39.0′N,130°44.1′E,10 km,1.6,---
2026/08/01,22:00:26.2,熊本県熊本地方,32°39.3′N,130°45.2′E,9 km,0.4,---
2026/08/01,22:00:48.3,広島県南西部,34°28.2′N,132°51.9′E,29 km,1.1,---
2026/08/01,22:01:17.3,熊本県天草・芦北地方,32°29.9′N,130°32.9′E,8 km,0.1,---
2026/08/01,22:01:27.5,秋田県内陸北部,39°58.7′N,140°32.9′E,3 km,1.1,---
2026/08/01,22:02:03.9,岐阜県美濃東部,35°16.2′N,137°27.3′E,13 km,0.3,---
2026/08/01,22:02:39.7,熊本県熊本地方,32°39.4′N,130°44.6′E,9 km,0.4,---
2026/08/01,22:03:09.3,熊本県熊本地方,32°35.9′N,130°40.8′E,8 km,0.0,---
2026/08/01,22:03:36.9,熊本県天草・芦北地方,32°19.5′N,130°26.8′E,1 km,2.4,---
2026/08/01,22:04:01.3,奄美大島北西沖,28°15.0′N,128°10.0′E,17 km,2.1,---
2026/08/01,22:06:05.2,鹿児島県薩摩地方,31°47.0′N,130°44.7′E,10 km,0.6,---
2026/08/01,22:06:51.6,熊本県熊本地方,32°33.8′N,130°37.7′E,11 km,1.6,---
2026/08/01,22:06:52.2,福島県中通り,37°14.2′N,140°33.5′E,73 km,0.6,---
2026/08/01,22:08:06.6,北海道南西沖,43°05.8′N,139°52.0′E,19 km,2.3,---
2026/08/01,22:09:12.5,トカラ列島近海,29°40.2′N,130°06.0′E,66 km,1.1,---
2026/08/01,22:09:40.1,熊本県天草・芦北地方,32°25.2′N,130°30.0′E,9 km,1.2,---
2026/08/01,22:10:33.6,熊本県熊本地方,32°29.7′N,130°33.1′E,10 km,0.2,---
2026/08/01,22:11:09.6,熊本県熊本地方,32°29.9′N,130°34.3′E,11 km,0.1,---
2026/08/01,22:11:19.5,宮城県沖,37°48.3′N,142°03.9′E,38 km,1.1,---
2026/08/01,22:12:39.7,熊本県天草・芦北地方,32°28.9′N,130°33.6′E,6 km,2.7,---
2026/08/01,22:12:58.4,熊本県天草・芦北地方,32°27.7′N,130°29.2′E,11 km,3.2,---
2026/08/01,22:13:51.2,熊本県熊本地方,32°29.4′N,130°34.1′E,6 km,1.2,---
2026/08/01,22:14:20.1,愛知県西部,35°02.5′N,137°22.0′E,40 km,0.1,---
2026/08/01,22:15:28.0,奄美大島北西沖,28°14.9′N,128°10.4′E,23 km,1.8,---
2026/08/01,22:15:32.5,千葉県東方沖,35°16.3′N,141°09.6′E,7 km,1.6,---
2026/08/01,22:15:34.5,千葉県南部,35°09.1′N,140°10.6′E,23 km,0.7,---
2026/08/01,22:15:48.4,熊本県熊本地方,32°38.5′N,130°42.0′E,12 km,0.9,---
2026/08/01,22:16:34.5,熊本県天草・芦北地方,32°28.5′N,130°32.7′E,0 km,0.6,---
2026/08/01,22:16:50.4,熊本県熊本地方,32°38.5′N,130°44.0′E,10 km,0.3,---
2026/08/01,22:18:02.9,熊本県熊本地方,32°28.5′N,130°36.1′E,1 km,0.4,---
2026/08/01,22:18:03.6,茨城県北部,36°45.0′N,140°34.7′E,10 km,0.5,---
2026/08/01,22:18:31.5,青森県津軽南部,40°34.6′N,140°20.5′E,7 km,1.1,---
2026/08/01,22:18:36.0,安芸灘,34°17.5′N,132°51.5′E,18 km,0.4,---
2026/08/01,22:19:14.3,熊本県天草・芦北地方,32°27.4′N,130°28.9′E,11 km,0.3,---
2026/08/01,22:19:46.3,熊本県熊本地方,32°35.0′N,130°43.7′E,10 km,0.0,---
2026/08/01,22:20:29.5,岐阜県飛騨地方,35°52.2′N,137°21.8′E,8 km,-0.3,---
2026/08/01,22:20:36.8,熊本県熊本地方,32°40.0′N,130°42.6′E,16 km,0.1,---
2026/08/01,22:21:13.3,熊本県熊本地方,32°33.3′N,130°39.8′E,9 km,0.3,---
2026/08/01,22:21:46.5,熊本県熊本地方,32°34.7′N,130°36.3′E,15 km,0.2,---
2026/08/01,22:22:00.1,熊本県熊本地方,32°37.5′N,130°42.2′E,4 km,0.3,---
2026/08/01,22:23:50.8,宮城県北部,38°54.9′N,140°52.1′E,5 km,0.7,---
2026/08/01,22:24:04.9,熊本県熊本地方,32°35.4′N,130°42.7′E,11 km,0.6,---
2026/08/01,22:24:35.8,熊本県天草・芦北地方,32°27.4′N,130°28.9′E,12 km,0.6,---
2026/08/01,22:25:31.5,熊本県熊本地方,32°30.1′N,130°35.3′E,7 km,0.7,---
2026/08/01,22:25:43.2,和歌山県北部,34°14.1′N,135°12.7′E,5 km,0.2,---
2026/08/01,22:26:14.0,福島県沖,37°51.0′N,141°34.9′E,47 km,1.0,---
2026/08/01,22:26:47.7,熊本県熊本地方,32°39.2′N,130°45.3′E,12 km,-0.2,---
2026/08/01,22:27:46.8,秋田県内陸北部,39°58.8′N,140°33.0′E,3 km,1.1,---
2026/08/01,22:28:32.8,熊本県熊本地方,32°45.1′N,130°48.0′E,9 km,0.0,---
2026/08/01,22:31:01.5,熊本県熊本地方,32°29.4′N,130°33.2′E,4 km,0.4,---
2026/08/01,22:31:10.8,熊本県熊本地方,32°30.9′N,130°34.5′E,8 km,0.6,---
2026/08/01,22:31:11.0,千葉県南部,35°10.3′N,140°13.0′E,17 km,2.1,---
2026/08/01,22:31:30.3,熊本県天草・芦北地方,32°27.0′N,130°32.2′E,2 km,1.1,---
2026/08/01,22:32:08.9,熊本県熊本地方,32°38.2′N,130°43.1′E,10 km,1.7,---
2026/08/01,22:33:44.7,福岡県筑後地方,33°05.1′N,130°32.1′E,14 km,0.5,---
2026/08/01,22:35:47.2,熊本県熊本地方,32°41.1′N,130°45.3′E,7 km,-0.4,---
2026/08/01,22:35:56.0,熊本県熊本地方,32°41.4′N,130°44.7′E,13 km,0.5,---
2026/08/01,22:36:48.6,熊本県熊本地方,32°39.5′N,130°44.9′E,9 km,0.6,---
2026/08/01,22:37:07.3,熊本県熊本地方,32°39.3′N,130°44.0′E,12 km,0.2,---
2026/08/01,22:37:27.9,釧路沖,42°56.2′N,145°26.5′E,51 km,0.5,---
2026/08/01,22:38:19.8,熊本県熊本地方,32°39.1′N,130°44.5′E,11 km,1.3,---
2026/08/01,22:38:21.4,宮崎県南部山沿い,32°03.4′N,131°01.9′E,12 km,0.1,---
2026/08/01,22:38:49.1,千葉県南部,35°11.8′N,140°12.8′E,23 km,1.0,---
2026/08/01,22:39:31.7,熊本県熊本地方,32°34.3′N,130°37.2′E,10 km,0.2,---
2026/08/01,22:39:32.0,秋田県内陸北部,39°58.8′N,140°33.0′E,3 km,0.8,---
2026/08/01,22:39:46.4,熊本県熊本地方,32°28.6′N,130°36.3′E,7 km,2.3,---
2026/08/01,22:40:46.4,秋田県内陸北部,39°58.9′N,140°33.1′E,2 km,0.2,---
2026/08/01,22:41:16.3,千葉県南部,35°11.0′N,140°12.0′E,17 km,0.7,---
2026/08/01,22:41:40.2,秋田県内陸北部,39°58.8′N,140°33.1′E,4 km,1.2,---
2026/08/01,22:41:48.7,岐阜県美濃東部,35°35.8′N,137°09.4′E,16 km,0.8,---
2026/08/01,22:42:10.6,熊本県天草・芦北地方,32°31.9′N,130°33.8′E,0 km,0.1,---
2026/08/01,22:42:51.8,熊本県熊本地方,32°40.3′N,130°41.4′E,19 km,0.3,---
2026/08/01,22:43:34.2,熊本県天草・芦北地方,32°35.2′N,130°32.7′E,12 km,0.4,---
2026/08/01,22:44:06.1,熊本県天草・芦北地方,32°09.0′N,130°32.1′E,5 km,0.5,---
2026/08/01,22:44:09.4,宮古島近海,24°33.0′N,125°24.6′E,28 km,1.3,---
2026/08/01,22:44:20.1,熊本県熊本地方,32°31.5′N,130°35.5′E,7 km,0.4,---
2026/08/01,22:45:13.6,熊本県天草・芦北地方,32°28.8′N,130°31.5′E,12 km,0.0,---
2026/08/01,22:45:46.4,熊本県天草・芦北地方,32°28.1′N,130°32.1′E,0 km,0.4,---
2026/08/01,22:46:34.3,熊本県熊本地方,32°32.3′N,130°39.1′E,8 km,1.8,---
2026/08/01,22:47:21.5,熊本県熊本地方,32°34.0′N,130°37.1′E,14 km,0.7,---
2026/08/01,22:49:16.3,福島県中通り,37°17.9′N,140°37.9′E,87 km,1.3,---
2026/08/01,22:49:21.4,熊本県熊本地方,32°30.7′N,130°34.7′E,11 km,0.3,---
2026/08/01,22:50:01.1,熊本県熊本地方,32°41.1′N,130°43.0′E,15 km,1.6,---
2026/08/01,22:50:41.4,熊本県天草・芦北地方,32°26.6′N,130°31.7′E,1 km,0.6,---
2026/08/01,22:50:48.0,三陸沖,40°11.8′N,143°10.8′E,3 km,2.1,---
2026/08/01,22:51:16.1,熊本県熊本地方,32°31.0′N,130°34.3′E,11 km,1.0,---
2026/08/01,22:51:33.4,宮城県沖,37°57.6′N,141°44.9′E,55 km,1.8,---
2026/08/01,22:51:56.1,群馬県北部,36°36.9′N,139°10.2′E,9 km,0.4,---
2026/08/01,22:51:56.9,熊本県熊本地方,32°39.5′N,130°45.2′E,8 km,-0.1,---
2026/08/01,22:52:10.1,熊本県天草・芦北地方,32°19.0′N,130°31.7′E,5 km,1.5,---
2026/08/01,22:53:39.2,熊本県熊本地方,32°45.2′N,130°48.3′E,7 km,-0.1,---
2026/08/01,22:53:58.6,和歌山県北部,34°03.9′N,135°17.9′E,8 km,-0.6,---
2026/08/01,22:54:02.5,熊本県熊本地方,32°39.3′N,130°44.8′E,9 km,0.3,---
2026/08/01,22:55:17.2,熊本県熊本地方,32°35.8′N,130°40.6′E,8 km,0.1,---
2026/08/01,22:55:30.4,熊本県天草・芦北地方,32°26.9′N,130°33.9′E,4 km,0.4,---
2026/08/01,22:56:04.1,熊本県熊本地方,32°29.5′N,130°37.0′E,6 km,2.3,---
2026/08/01,22:56:20.4,岩手県沖,40°07.6′N,142°26.0′E,38 km,2.3,---
2026/08/01,22:56:23.0,和歌山県南部,33°41.0′N,135°21.6′E,37 km,0.2,---
2026/08/01,22:58:37.4,熊本県天草・芦北地方,32°25.8′N,130°32.3′E,9 km,0.3,---
2026/08/01,22:59:00.0,熊本県熊本地方,32°39.0′N,130°44.6′E,12 km,2.6,---
2026/08/01,23:00:18.4,秋田県内陸北部,39°58.7′N,140°32.5′E,3 km,0.8,---
2026/08/01,23:00:37.0,熊本県熊本地方,32°30.9′N,130°35.0′E,10 km,0.2,---
2026/08/01,23:01:38.2,熊本県熊本地方,32°34.7′N,130°39.8′E,7 km,0.4,---
2026/08/01,23:01:56.8,熊本県天草・芦北地方,32°28.0′N,130°33.0′E,8 km,0.6,---
2026/08/01,23:02:54.8,熊本県熊本地方,32°32.6′N,130°36.7′E,12 km,0.8,---
2026/08/01,23:03:15.0,千葉県南東沖,34°51.2′N,140°07.6′E,61 km,1.4,---
2026/08/01,23:03:26.6,熊本県熊本地方,32°40.3′N,130°44.6′E,11 km,2.2,---
2026/08/01,23:03:57.8,和歌山県北部,34°01.5′N,135°13.6′E,4 km,0.8,---
2026/08/01,23:05:15.8,熊本県熊本地方,32°39.1′N,130°44.6′E,11 km,-0.1,---
2026/08/01,23:05:28.9,熊本県熊本地方,32°32.4′N,130°40.2′E,7 km,0.4,---
2026/08/01,23:05:38.4,十勝地方北部,43°14.4′N,143°45.6′E,143 km,1.2,---
2026/08/01,23:06:59.7,熊本県熊本地方,32°31.2′N,130°36.7′E,4 km,0.8,---
2026/08/01,23:09:12.0,熊本県熊本地方,32°29.6′N,130°34.6′E,10 km,1.6,---
2026/08/01,23:10:29.4,熊本県熊本地方,32°36.8′N,130°42.3′E,9 km,0.2,---
2026/08/01,23:10:49.5,熊本県熊本地方,32°29.1′N,130°34.6′E,6 km,1.4,---
2026/08/01,23:11:12.2,熊本県熊本地方,32°39.3′N,130°43.6′E,7 km,0.8,---
2026/08/01,23:11:46.4,熊本県天草・芦北地方,32°28.9′N,130°33.7′E,7 km,0.4,---
2026/08/01,23:12:04.5,熊本県天草・芦北地方,32°29.5′N,130°30.9′E,11 km,0.6,---
2026/08/01,23:12:20.8,熊本県熊本地方,32°34.4′N,130°37.8′E,13 km,0.5,---
2026/08/01,23:12:35.4,熊本県熊本地方,32°40.2′N,130°44.2′E,13 km,0.1,---
2026/08/01,23:13:01.6,熊本県熊本地方,32°38.5′N,130°43.1′E,9 km,1.0,---
2026/08/01,23:13:47.6,熊本県天草・芦北地方,32°22.2′N,130°28.3′E,10 km,2.1,---
2026/08/01,23:13:54.6,長野県南部,35°49.5′N,137°42.7′E,254 km,2.3,---
2026/08/01,23:14:23.2,熊本県熊本地方,32°30.6′N,130°34.5′E,13 km,0.7,---
2026/08/01,23:16:31.5,豊後水道,33°04.9′N,132°19.5′E,42 km,0.7,---
2026/08/01,23:16:36.4,熊本県熊本地方,32°36.0′N,130°42.1′E,11 km,0.3,---
2026/08/01,23:16:42.8,熊本県天草・芦北地方,32°28.6′N,130°33.5′E,7 km,0.5,---
2026/08/01,23:16:50.5,熊本県熊本地方,32°30.7′N,130°35.8′E,10 km,2.6,---
2026/08/01,23:17:59.3,熊本県天草・芦北地方,32°28.5′N,130°32.5′E,2 km,不明,---
2026/08/01,23:18:17.0,熊本県天草・芦北地方,32°26.2′N,130°31.6′E,8 km,不明,---
2026/08/01,23:18:20.3,熊本県熊本地方,32°36.8′N,130°43.9′E,3 km,不明,---
2026/08/01,23:18:37.6,熊本県天草・芦北地方,32°28.7′N,130°32.2′E,7 km,0.9,---
2026/08/01,23:18:51.4,福島県沖,37°15.1′N,142°16.3′E,21 km,1.6,---
2026/08/01,23:19:29.1,熊本県熊本地方,32°29.3′N,130°35.6′E,6 km,0.5,---
2026/08/01,23:19:39.2,熊本県熊本地方,32°30.3′N,130°35.3′E,11 km,0.6,---
2026/08/01,23:19:55.7,熊本県天草・芦北地方,32°27.0′N,130°29.0′E,11 km,1.1,---
2026/08/01,23:20:03.8,熊本県天草・芦北地方,32°22.1′N,130°28.0′E,9 km,1.0,---
2026/08/01,23:20:38.0,岩手県沖,39°07.9′N,142°17.8′E,33 km,1.3,---
2026/08/01,23:20:58.6,熊本県天草・芦北地方,32°23.4′N,130°29.7′E,0 km,0.2,---
2026/08/01,23:21:48.2,熊本県天草・芦北地方,32°27.0′N,130°28.8′E,9 km,0.1,---
2026/08/01,23:22:19.6,熊本県熊本地方,32°37.3′N,130°42.7′E,10 km,0.2,---
2026/08/01,23:24:05.4,熊本県熊本地方,32°41.8′N,130°43.1′E,15 km,0.5,---
2026/08/01,23:24:37.0,熊本県熊本地方,32°43.3′N,130°45.9′E,13 km,0.1,---
2026/08/01,23:25:10.8,熊本県熊本地方,32°32.5′N,130°36.1′E,11 km,0.3,---
2026/08/01,23:25:47.7,熊本県熊本地方,32°31.6′N,130°35.8′E,13 km,0.5,---
2026/08/01,23:26:07.6,熊本県天草・芦北地方,32°19.5′N,130°26.9′E,0 km,0.6,---
2026/08/01,23:26:38.7,熊本県熊本地方,32°29.6′N,130°37.2′E,0 km,1.1,---
2026/08/01,23:26:57.1,熊本県天草・芦北地方,32°23.8′N,130°29.5′E,5 km,0.6,---
2026/08/01,23:28:10.1,熊本県熊本地方,32°39.0′N,130°42.8′E,10 km,0.4,---
2026/08/01,23:28:23.5,熊本県熊本地方,32°36.4′N,130°43.4′E,4 km,0.2,---
2026/08/01,23:29:35.8,熊本県天草・芦北地方,32°25.8′N,130°32.3′E,2 km,1.4,---
2026/08/01,23:30:38.8,熊本県熊本地方,32°36.7′N,130°42.0′E,7 km,0.3,---
2026/08/01,23:31:51.1,熊本県熊本地方,32°33.0′N,130°38.8′E,7 km,1.1,---
2026/08/01,23:33:03.3,群馬県南部,36°16.3′N,138°40.1′E,147 km,1.6,---
2026/08/01,23:33:43.3,熊本県熊本地方,32°38.6′N,130°44.0′E,9 km,1.2,---
2026/08/01,23:34:27.7,熊本県熊本地方,32°48.5′N,130°50.9′E,6 km,0.7,---
2026/08/01,23:36:11.6,熊本県熊本地方,32°44.3′N,130°47.2′E,11 km,0.3,---
2026/08/01,23:37:13.2,熊本県熊本地方,32°34.0′N,130°38.2′E,11 km,0.2,---
2026/08/01,23:37:34.4,熊本県天草・芦北地方,32°24.5′N,130°29.7′E,7 km,-0.1,---
2026/08/01,23:37:50.2,熊本県熊本地方,32°30.7′N,130°35.9′E,8 km,0.7,---
2026/08/01,23:38:53.9,熊本県熊本地方,32°30.2′N,130°34.7′E,11 km,1.1,---
2026/08/01,23:39:10.8,熊本県熊本地方,32°33.8′N,130°36.2′E,12 km,1.0,---
2026/08/01,23:39:38.3,熊本県熊本地方,32°34.7′N,130°38.6′E,10 km,0.9,---
2026/08/01,23:40:28.2,熊本県熊本地方,32°38.2′N,130°43.9′E,10 km,0.4,---
2026/08/01,23:40:30.6,茨城県北部,36°33.9′N,140°25.4′E,56 km,0.6,---
2026/08/01,23:40:46.0,群馬県北部,36°52.6′N,139°20.8′E,5 km,1.2,---
2026/08/01,23:41:02.4,茨城県北部,36°25.7′N,140°30.7′E,91 km,1.1,---
2026/08/01,23:41:20.2,伊予灘,33°24.1′N,132°05.4′E,52 km,0.8,---
2026/08/01,23:41:34.6,熊本県熊本地方,32°37.7′N,130°43.5′E,10 km,-0.2,---
2026/08/01,23:42:03.2,熊本県熊本地方,32°33.0′N,130°38.9′E,6 km,0.4,---
2026/08/01,23:42:14.1,群馬県北部,36°52.4′N,139°21.0′E,5 km,0.4,---
2026/08/01,23:42:41.6,群馬県北部,36°52.5′N,139°20.9′E,5 km,1.0,---
2026/08/01,23:42:46.8,群馬県北部,36°52.5′N,139°21.1′E,7 km,0.8,---
2026/08/01,23:42:48.0,熊本県熊本地方,32°42.1′N,130°44.5′E,10 km,0.9,---
2026/08/01,23:43:02.8,熊本県天草・芦北地方,32°27.2′N,130°32.5′E,5 km,1.2,---
2026/08/01,23:43:41.0,熊本県熊本地方,32°39.0′N,130°44.9′E,7 km,0.4,---
2026/08/01,23:43:42.4,天草灘,32°02.3′N,130°07.4′E,9 km,0.5,---
2026/08/01,23:44:18.9,熊本県天草・芦北地方,32°26.1′N,130°33.0′E,0 km,0.7,---
2026/08/01,23:45:15.3,台湾付近,24°01.7′N,122°17.7′E,33 km,1.9,---
2026/08/01,23:45:15.7,与那国島近海,23°58.9′N,123°20.8′E,20 km,0.5,---
2026/08/01,23:45:26.8,熊本県天草・芦北地方,32°28.5′N,130°33.0′E,2 km,1.6,---
2026/08/01,23:46:08.1,熊本県熊本地方,32°38.6′N,130°44.3′E,8 km,1.0,---
2026/08/01,23:47:22.4,熊本県天草・芦北地方,32°20.2′N,130°27.9′E,7 km,0.5,---
2026/08/01,23:47:34.0,福島県沖,37°26.5′N,141°23.0′E,32 km,1.3,---
2026/08/01,23:48:13.1,熊本県熊本地方,32°36.9′N,130°39.0′E,11 km,-0.2,---
2026/08/01,23:49:03.5,群馬県北部,36°52.5′N,139°20.9′E,6 km,0.6,---
2026/08/01,23:49:12.4,熊本県天草・芦北地方,32°22.4′N,130°28.2′E,8 km,-0.2,---
2026/08/01,23:50:01.4,熊本県熊本地方,32°32.7′N,130°36.9′E,13 km,2.9,---
2026/08/01,23:50:03.4,群馬県北部,36°52.4′N,139°20.9′E,5 km,0.5,---
2026/08/01,23:50:58.0,群馬県北部,36°52.7′N,139°20.8′E,4 km,0.4,---
2026/08/01,23:51:27.3,熊本県熊本地方,32°29.5′N,130°34.6′E,9 km,0.6,---
2026/08/01,23:52:24.1,群馬県北部,36°52.6′N,139°20.4′E,5 km,0.7,---
2026/08/01,23:52:28.4,熊本県天草・芦北地方,32°27.8′N,130°32.4′E,6 km,1.1,---
2026/08/01,23:52:39.6,群馬県北部,36°52.5′N,139°20.8′E,6 km,1.2,---
2026/08/01,23:53:13.3,熊本県熊本地方,32°33.9′N,130°40.9′E,0 km,0.3,---
2026/08/01,23:53:24.3,京都府南部,34°56.3′N,135°32.9′E,13 km,-0.3,---
2026/08/01,23:53:33.1,熊本県天草・芦北地方,32°26.2′N,130°32.4′E,2 km,0.3,---
2026/08/01,23:53:40.2,群馬県北部,36°52.6′N,139°21.2′E,6 km,0.1,---
2026/08/01,23:54:47.9,熊本県天草・芦北地方,32°30.7′N,130°32.7′E,12 km,1.0,---
2026/08/01,23:56:17.8,群馬県北部,36°52.4′N,139°21.0′E,5 km,0.5,---
2026/08/01,23:57:32.3,熊本県天草・芦北地方,32°25.8′N,130°30.1′E,0 km,-0.4,---
2026/08/01,23:57:40.5,群馬県北部,36°52.5′N,139°21.1′E,8 km,0.4,---
2026/08/01,23:57:49.9,熊本県熊本地方,32°38.6′N,130°43.8′E,9 km,0.8,---
2026/08/01,23:58:21.0,秋田県内陸北部,39°58.7′N,140°34.1′E,9 km,0.8,---
