地震の発生日,地震の発生時刻,震央地名,緯度,経度,深さ,Ｍ,最大震度
2026/08/02,00:00:01.4,群馬県北部,36°52.4′N,139°20.8′E,5 km,0.5,---
2026/08/02,00:00:08.8,群馬県北部,36°52.5′N,139°20.9′E,4 km,0.9,---
2026/08/02,00:00:58.0,熊本県熊本地方,32°29.8′N,130°33.5′E,7 km,0.5,---
2026/08/02,00:02:03.7,群馬県北部,36°52.4′N,139°21.1′E,5 km,-0.2,---
2026/08/02,00:02:24.1,群馬県北部,36°52.3′N,139°21.0′E,5 km,0.2,---
2026/08/02,00:02:30.1,群馬県北部,36°52.4′N,139°21.3′E,6 km,0.3,---
2026/08/02,00:02:43.8,熊本県熊本地方,32°32.6′N,130°37.6′E,4 km,0.8,---
2026/08/02,00:02:47.3,群馬県北部,36°52.6′N,139°20.7′E,4 km,0.3,---
2026/08/02,00:03:19.2,群馬県北部,36°52.5′N,139°20.7′E,5 km,0.9,---
2026/08/02,00:03:35.6,群馬県北部,36°52.5′N,139°20.8′E,5 km,0.8,---
2026/08/02,00:03:40.1,群馬県北部,36°52.6′N,139°20.6′E,4 km,1.0,---
2026/08/02,00:04:13.9,熊本県天草・芦北地方,32°24.5′N,130°29.2′E,3 km,0.6,---
2026/08/02,00:04:27.2,熊本県熊本地方,32°39.2′N,130°44.0′E,10 km,0.2,---
2026/08/02,00:04:57.1,熊本県天草・芦北地方,32°30.0′N,130°33.2′E,4 km,不明,---
2026/08/02,00:05:08.8,熊本県熊本地方,32°30.6′N,130°36.2′E,7 km,1.0,---
2026/08/02,00:06:02.6,三陸沖,40°11.6′N,143°10.9′E,3 km,2.9,---
2026/08/02,00:07:14.6,熊本県熊本地方,32°44.8′N,130°47.4′E,9 km,-0.2,---
2026/08/02,00:07:34.5,群馬県北部,36°52.5′N,139°20.8′E,5 km,0.3,---
2026/08/02,00:07:52.6,島根県西部,35°11.0′N,132°40.1′E,8 km,0.3,---
2026/08/02,00:09:25.0,熊本県天草・芦北地方,32°25.5′N,130°32.7′E,1 km,0.2,---
2026/08/02,00:10:04.2,岩手県沖,40°21.7′N,142°12.6′E,46 km,1.0,---
2026/08/02,00:10:24.0,島根県西部,34°41.5′N,132°01.0′E,14 km,0.0,---
2026/08/02,00:10:55.2,福島県沖,37°15.8′N,142°12.0′E,22 km,1.4,---
2026/08/02,00:11:32.5,群馬県北部,36°52.5′N,139°21.0′E,5 km,0.2,---
2026/08/02,00:11:45.8,熊本県熊本地方,32°36.9′N,130°42.4′E,10 km,0.0,---
2026/08/02,00:11:50.7,青森県東方沖,41°04.6′N,142°24.8′E,53 km,2.4,---
2026/08/02,00:12:10.9,熊本県熊本地方,32°39.0′N,130°43.4′E,7 km,1.3,---
2026/08/02,00:12:28.2,熊本県天草・芦北地方,32°19.0′N,130°28.1′E,7 km,1.4,---
2026/08/02,00:12:59.1,熊本県熊本地方,32°29.2′N,130°33.7′E,8 km,0.6,---
2026/08/02,00:14:36.8,群馬県北部,36°52.3′N,139°21.1′E,5 km,0.4,---
2026/08/02,00:15:17.4,熊本県天草・芦北地方,32°27.9′N,130°34.5′E,10 km,0.3,---
2026/08/02,00:15:37.1,熊本県熊本地方,32°39.9′N,130°42.5′E,17 km,0.1,---
2026/08/02,00:16:13.7,熊本県熊本地方,32°39.3′N,130°41.4′E,16 km,0.2,---
2026/08/02,00:16:22.2,熊本県熊本地方,32°32.5′N,130°36.4′E,13 km,0.8,---
2026/08/02,00:16:29.5,群馬県北部,36°52.5′N,139°21.1′E,5 km,0.3,---
2026/08/02,00:16:51.1,熊本県天草・芦北地方,32°15.8′N,130°22.8′E,10 km,-0.2,---
2026/08/02,00:16:55.1,熊本県熊本地方,32°38.7′N,130°45.0′E,11 km,-0.1,---
2026/08/02,00:17:22.1,熊本県天草・芦北地方,32°18.9′N,130°33.6′E,6 km,0.1,---
2026/08/02,00:17:48.9,熊本県天草・芦北地方,32°13.0′N,130°25.6′E,2 km,0.8,---
2026/08/02,00:17:51.7,熊本県天草・芦北地方,32°28.2′N,130°33.2′E,1 km,1.2,---
2026/08/02,00:18:16.4,三河湾,34°43.2′N,137°12.3′E,8 km,0.3,---
2026/08/02,00:18:57.0,宮城県北部,38°41.0′N,141°15.0′E,78 km,2.6,---
2026/08/02,00:19:37.6,熊本県熊本地方,32°38.9′N,130°44.9′E,8 km,0.7,---
2026/08/02,00:20:37.1,鹿児島県薩摩地方,32°16.1′N,130°17.6′E,0 km,2.1,---
2026/08/02,00:22:32.5,群馬県北部,36°52.4′N,139°20.9′E,9 km,0.5,---
2026/08/02,00:22:53.9,西表島付近,24°02.9′N,123°42.9′E,14 km,3.2,---
2026/08/02,00:23:19.5,岩手県内陸北部,39°49.5′N,140°51.1′E,2 km,1.2,---
2026/08/02,00:23:29.8,群馬県北部,36°52.5′N,139°20.7′E,5 km,0.8,---
2026/08/02,00:23:39.0,熊本県天草・芦北地方,32°30.5′N,130°32.3′E,9 km,0.3,---
2026/08/02,00:24:09.6,熊本県天草・芦北地方,32°11.3′N,130°29.6′E,2 km,-0.2,---
2026/08/02,00:24:31.1,熊本県天草・芦北地方,32°22.7′N,130°27.4′E,9 km,0.0,---
2026/08/02,00:24:36.9,群馬県北部,36°52.3′N,139°21.0′E,5 km,0.2,---
2026/08/02,00:24:50.3,熊本県天草・芦北地方,32°22.5′N,130°27.1′E,10 km,0.5,---
2026/08/02,00:25:11.9,長野県北部,36°34.3′N,137°51.1′E,8 km,0.9,---
2026/08/02,00:25:25.1,熊本県天草・芦北地方,32°25.0′N,130°29.2′E,3 km,0.3,---
2026/08/02,00:25:29.5,宮古島近海,24°16.9′N,125°11.1′E,30 km,1.4,---
2026/08/02,00:26:02.2,熊本県天草・芦北地方,32°29.4′N,130°31.2′E,10 km,0.8,---
2026/08/02,00:26:10.8,紀伊水道,34°03.4′N,135°05.2′E,7 km,0.3,---
2026/08/02,00:26:43.9,石川県能登地方,37°18.4′N,136°47.5′E,10 km,0.8,---
2026/08/02,00:26:44.4,熊本県熊本地方,32°41.2′N,130°45.1′E,12 km,0.1,---
2026/08/02,00:27:28.4,熊本県熊本地方,32°32.6′N,130°36.5′E,10 km,0.1,---
2026/08/02,00:27:45.8,熊本県阿蘇地方,32°56.6′N,130°59.9′E,11 km,1.0,---
2026/08/02,00:28:15.7,熊本県熊本地方,32°40.7′N,130°42.1′E,15 km,1.2,---
2026/08/02,00:29:03.5,熊本県天草・芦北地方,32°29.8′N,130°31.1′E,8 km,0.4,---
2026/08/02,00:29:51.1,福島県沖,37°23.0′N,141°44.0′E,47 km,1.0,---
2026/08/02,00:30:05.4,群馬県北部,36°52.3′N,139°20.7′E,6 km,0.4,---
2026/08/02,00:30:25.8,熊本県天草・芦北地方,32°24.1′N,130°28.7′E,4 km,0.4,---
2026/08/02,00:30:40.4,熊本県熊本地方,32°28.5′N,130°36.7′E,10 km,0.5,---
2026/08/02,00:31:13.2,熊本県熊本地方,32°37.2′N,130°43.9′E,4 km,0.9,---
2026/08/02,00:31:51.5,福島県沖,37°49.6′N,141°36.4′E,47 km,0.8,---
2026/08/02,00:32:11.2,群馬県北部,36°52.5′N,139°20.9′E,5 km,0.3,---
2026/08/02,00:32:13.1,熊本県天草・芦北地方,32°10.9′N,130°30.6′E,6 km,0.3,---
2026/08/02,00:32:23.8,熊本県天草・芦北地方,32°23.7′N,130°27.6′E,12 km,0.2,---
2026/08/02,00:32:28.5,群馬県北部,36°52.5′N,139°20.8′E,4 km,0.2,---
2026/08/02,00:32:34.3,群馬県北部,36°52.4′N,139°21.0′E,5 km,1.0,---
2026/08/02,00:32:46.8,群馬県北部,36°53.5′N,139°19.8′E,12 km,1.0,---
2026/08/02,00:33:24.5,熊本県熊本地方,32°34.1′N,130°39.1′E,3 km,-0.3,---
2026/08/02,00:33:25.7,群馬県北部,36°52.5′N,139°20.9′E,5 km,1.1,---
2026/08/02,00:33:38.0,熊本県熊本地方,32°37.3′N,130°42.2′E,5 km,0.4,---
2026/08/02,00:33:41.8,長野県南部,35°49.2′N,137°33.4′E,5 km,-0.6,---
2026/08/02,00:33:56.2,群馬県北部,36°52.4′N,139°21.0′E,7 km,0.7,---
2026/08/02,00:34:30.4,群馬県北部,36°53.1′N,139°20.5′E,13 km,0.6,---
2026/08/02,00:34:31.7,播磨灘,34°22.5′N,134°39.8′E,11 km,0.7,---
2026/08/02,00:34:35.3,群馬県北部,36°52.6′N,139°20.7′E,3 km,0.8,---
2026/08/02,00:34:38.5,熊本県熊本地方,32°34.6′N,130°39.4′E,12 km,0.2,---
2026/08/02,00:35:00.3,熊本県熊本地方,32°29.2′N,130°34.5′E,8 km,1.2,---
2026/08/02,00:35:23.1,群馬県北部,36°52.5′N,139°20.6′E,8 km,1.4,---
2026/08/02,00:35:39.7,群馬県北部,36°52.3′N,139°21.2′E,6 km,1.2,---
2026/08/02,00:35:40.4,高知県中部,33°46.9′N,133°58.9′E,14 km,0.2,---
2026/08/02,00:35:40.4,熊本県熊本地方,32°36.9′N,130°42.9′E,5 km,0.4,---
2026/08/02,00:35:59.8,群馬県北部,36°52.4′N,139°20.8′E,9 km,0.7,---
2026/08/02,00:36:18.9,群馬県北部,36°52.5′N,139°20.9′E,4 km,0.3,---
2026/08/02,00:36:20.8,熊本県天草・芦北地方,32°23.6′N,130°28.8′E,10 km,0.5,---
2026/08/02,00:37:36.6,熊本県熊本地方,32°30.9′N,130°34.7′E,10 km,0.2,---
2026/08/02,00:37:54.8,群馬県北部,36°52.5′N,139°20.6′E,3 km,0.1,---
2026/08/02,00:38:52.8,瀬戸内海中部,34°10.3′N,133°22.7′E,18 km,0.9,---
2026/08/02,00:39:01.8,熊本県熊本地方,32°33.2′N,130°39.2′E,8 km,1.3,---
2026/08/02,00:39:53.1,和歌山県北部,33°53.0′N,135°13.5′E,7 km,-0.1,---
2026/08/02,00:40:06.4,紀伊水道,34°09.1′N,135°04.8′E,8 km,0.0,---
2026/08/02,00:40:52.8,熊本県天草・芦北地方,32°27.0′N,130°28.8′E,12 km,3.2,---
2026/08/02,00:42:13.1,福島県沖,37°13.6′N,142°13.3′E,19 km,0.8,---
2026/08/02,00:42:20.6,熊本県天草・芦北地方,32°23.7′N,130°28.3′E,8 km,不明,---
2026/08/02,00:42:28.7,熊本県熊本地方,32°40.2′N,130°43.2′E,16 km,0.8,---
2026/08/02,00:43:46.2,熊本県熊本地方,32°39.8′N,130°42.9′E,14 km,0.5,---
2026/08/02,00:44:13.4,熊本県熊本地方,32°34.7′N,130°38.8′E,10 km,0.4,---
2026/08/02,00:45:22.0,西表島付近,24°03.0′N,123°42.6′E,14 km,2.2,---
2026/08/02,00:46:05.8,熊本県熊本地方,32°47.0′N,130°46.7′E,17 km,0.3,---
2026/08/02,00:47:16.6,熊本県熊本地方,32°34.3′N,130°39.6′E,4 km,0.6,---
2026/08/02,00:48:10.3,熊本県天草・芦北地方,32°22.9′N,130°29.1′E,8 km,1.1,---
2026/08/02,00:48:42.6,熊本県天草・芦北地方,32°31.0′N,130°33.5′E,13 km,0.2,---
2026/08/02,00:49:29.8,群馬県北部,36°52.7′N,139°20.9′E,5 km,0.6,---
2026/08/02,00:49:50.9,熊本県熊本地方,32°28.9′N,130°36.2′E,12 km,0.1,---
2026/08/02,00:50:10.4,熊本県熊本地方,32°38.9′N,130°42.0′E,14 km,0.8,---
2026/08/02,00:51:09.0,熊本県熊本地方,32°31.9′N,130°35.7′E,13 km,0.4,---
2026/08/02,00:51:57.0,群馬県北部,36°52.6′N,139°20.7′E,5 km,1.4,---
2026/08/02,00:51:58.5,天草灘,32°01.7′N,129°42.1′E,6 km,0.5,---
2026/08/02,00:52:05.9,熊本県熊本地方,32°34.6′N,130°40.5′E,6 km,0.3,---
2026/08/02,00:52:48.7,熊本県熊本地方,32°40.8′N,130°42.8′E,15 km,0.2,---
2026/08/02,00:53:22.2,熊本県熊本地方,32°34.3′N,130°40.5′E,6 km,0.8,---
2026/08/02,00:53:41.9,熊本県熊本地方,32°32.6′N,130°36.6′E,12 km,1.2,---
2026/08/02,00:54:35.7,熊本県天草・芦北地方,32°28.4′N,130°29.8′E,13 km,2.9,---
2026/08/02,00:56:49.5,熊本県熊本地方,32°40.1′N,130°41.9′E,16 km,-0.1,---
2026/08/02,00:57:04.0,熊本県熊本地方,32°39.1′N,130°41.8′E,13 km,1.3,---
2026/08/02,00:58:17.2,関東東方沖,36°32.6′N,142°32.9′E,0 km,1.3,---
2026/08/02,00:58:25.8,栃木県北部,36°51.2′N,139°46.4′E,6 km,0.8,---
2026/08/02,00:58:27.2,関東東方沖,33°56.3′N,141°26.6′E,51 km,0.8,---
2026/08/02,00:58:56.7,熊本県天草・芦北地方,32°23.9′N,130°30.6′E,8 km,0.4,---
2026/08/02,00:59:06.5,伊豆大島近海,34°48.0′N,139°13.3′E,11 km,0.0,---
2026/08/02,00:59:39.8,熊本県天草・芦北地方,32°25.4′N,130°31.1′E,6 km,1.1,---
2026/08/02,01:00:02.8,熊本県天草・芦北地方,32°28.4′N,130°31.1′E,13 km,1.4,---
2026/08/02,01:00:50.3,熊本県熊本地方,32°40.7′N,130°45.5′E,10 km,0.0,---
2026/08/02,01:02:05.0,熊本県熊本地方,32°38.4′N,130°43.7′E,10 km,0.4,---
2026/08/02,01:02:27.5,鹿児島県薩摩地方,32°08.0′N,130°23.2′E,10 km,0.3,---
2026/08/02,01:02:49.3,熊本県熊本地方,32°29.5′N,130°34.2′E,5 km,0.8,---
2026/08/02,01:03:42.7,熊本県天草・芦北地方,32°25.9′N,130°32.2′E,0 km,0.1,---
2026/08/02,01:04:26.5,熊本県熊本地方,32°31.4′N,130°35.7′E,13 km,1.0,---
2026/08/02,01:04:37.9,熊本県熊本地方,32°41.9′N,130°45.9′E,9 km,1.1,---
2026/08/02,01:04:55.0,島根県東部,35°19.7′N,133°16.4′E,9 km,-0.3,---
2026/08/02,01:05:46.5,熊本県熊本地方,32°34.1′N,130°37.7′E,11 km,0.5,---
2026/08/02,01:06:18.3,熊本県天草・芦北地方,32°24.7′N,130°31.1′E,7 km,1.0,---
2026/08/02,01:06:43.3,奄美大島近海,28°53.6′N,129°31.8′E,15 km,1.0,---
2026/08/02,01:06:54.4,日向灘,32°20.0′N,131°55.7′E,15 km,0.8,---
2026/08/02,01:07:22.2,熊本県天草・芦北地方,32°27.1′N,130°28.8′E,12 km,4.5,---
2026/08/02,01:08:48.1,熊本県天草・芦北地方,32°27.1′N,130°28.9′E,12 km,3.0,---
2026/08/02,01:08:55.1,群馬県北部,36°52.6′N,139°20.9′E,6 km,0.1,---
2026/08/02,01:09:45.1,熊本県天草・芦北地方,32°27.1′N,130°28.8′E,12 km,1.5,---
2026/08/02,01:10:42.7,福島県会津,37°43.5′N,140°01.2′E,5 km,0.8,---
2026/08/02,01:11:54.8,熊本県天草・芦北地方,32°27.1′N,130°28.8′E,13 km,1.3,---
2026/08/02,01:12:35.3,熊本県天草・芦北地方,32°27.4′N,130°29.0′E,12 km,0.6,---
2026/08/02,01:12:58.2,岩手県沖,39°03.2′N,142°09.4′E,38 km,0.5,---
2026/08/02,01:13:00.2,熊本県天草・芦北地方,32°27.0′N,130°28.7′E,12 km,0.5,---
2026/08/02,01:13:08.2,熊本県天草・芦北地方,32°27.7′N,130°28.7′E,7 km,0.4,---
2026/08/02,01:14:10.6,熊本県天草・芦北地方,32°30.0′N,130°32.1′E,11 km,2.6,---
2026/08/02,01:14:41.2,能登半島沖,37°40.9′N,137°27.8′E,11 km,1.4,---
2026/08/02,01:15:19.6,熊本県熊本地方,32°39.2′N,130°44.8′E,10 km,0.3,---
2026/08/02,01:15:44.2,熊本県天草・芦北地方,32°26.1′N,130°29.0′E,4 km,0.5,---
2026/08/02,01:16:04.5,熊本県熊本地方,32°31.5′N,130°34.4′E,11 km,0.3,---
2026/08/02,01:16:19.5,熊本県熊本地方,32°31.2′N,130°35.1′E,12 km,0.4,---
2026/08/02,01:16:36.8,西表島付近,24°03.1′N,123°42.6′E,14 km,3.1,---
2026/08/02,01:16:40.2,岩手県沖,39°39.0′N,142°39.3′E,31 km,1.4,---
2026/08/02,01:16:48.2,秋田県内陸北部,39°55.6′N,140°26.8′E,6 km,1.2,---
2026/08/02,01:17:12.5,群馬県北部,36°54.1′N,139°19.4′E,1 km,0.4,---
2026/08/02,01:17:36.2,熊本県熊本地方,32°36.5′N,130°40.4′E,12 km,0.2,---
2026/08/02,01:18:00.3,鹿児島県薩摩地方,32°10.3′N,130°19.2′E,7 km,0.0,---
2026/08/02,01:18:26.5,福井県嶺南,35°43.7′N,136°01.5′E,9 km,0.9,---
2026/08/02,01:18:41.1,釧路地方中南部,43°08.2′N,144°01.5′E,132 km,1.4,---
2026/08/02,01:18:47.2,熊本県熊本地方,32°45.0′N,130°47.8′E,7 km,0.1,---
2026/08/02,01:19:04.2,熊本県天草・芦北地方,32°18.4′N,130°30.3′E,5 km,0.0,---
2026/08/02,01:19:24.5,熊本県天草・芦北地方,32°27.1′N,130°28.6′E,12 km,2.7,---
2026/08/02,01:19:35.7,西表島付近,24°03.4′N,123°43.0′E,14 km,2.2,---
2026/08/02,01:20:38.5,熊本県熊本地方,32°37.7′N,130°43.5′E,10 km,0.3,---
2026/08/02,01:20:54.3,兵庫県北部,35°29.6′N,134°48.2′E,11 km,0.7,---
2026/08/02,01:20:56.5,熊本県天草・芦北地方,32°27.8′N,130°29.1′E,11 km,0.7,---
2026/08/02,01:21:11.1,青森県津軽南部,40°34.3′N,140°20.6′E,8 km,0.5,---
2026/08/02,01:21:25.3,茨城県沖,36°24.3′N,141°03.5′E,40 km,1.7,---
2026/08/02,01:22:25.4,熊本県天草・芦北地方,32°22.1′N,130°28.4′E,9 km,0.5,---
2026/08/02,01:22:44.5,長野県南部,35°51.2′N,137°39.1′E,7 km,-0.3,---
2026/08/02,01:23:07.2,熊本県天草・芦北地方,32°27.1′N,130°29.1′E,13 km,0.2,---
2026/08/02,01:23:21.2,熊本県天草・芦北地方,32°27.5′N,130°28.9′E,13 km,0.6,---
2026/08/02,01:23:47.5,奄美大島近海,28°07.4′N,129°36.0′E,26 km,0.5,---
2026/08/02,01:25:10.3,西表島付近,24°03.4′N,123°42.9′E,14 km,2.8,---
2026/08/02,01:25:42.7,トカラ列島近海,29°15.3′N,129°29.3′E,0 km,1.0,---
2026/08/02,01:25:47.0,奄美大島北西沖,28°15.3′N,128°11.3′E,15 km,1.8,---
2026/08/02,01:26:22.6,熊本県天草・芦北地方,32°30.4′N,130°32.0′E,9 km,0.3,---
2026/08/02,01:27:10.5,熊本県熊本地方,32°44.6′N,130°46.3′E,8 km,0.0,---
2026/08/02,01:27:38.4,能登半島沖,37°34.1′N,137°24.6′E,12 km,1.9,---
2026/08/02,01:27:53.0,熊本県天草・芦北地方,32°27.0′N,130°33.6′E,0 km,0.7,---
2026/08/02,01:28:59.0,熊本県天草・芦北地方,32°27.1′N,130°29.0′E,11 km,0.4,---
2026/08/02,01:29:12.9,熊本県天草・芦北地方,32°24.2′N,130°29.3′E,6 km,0.5,---
2026/08/02,01:29:20.2,熊本県天草・芦北地方,32°28.9′N,130°31.9′E,1 km,0.2,---
2026/08/02,01:29:55.6,大隅半島東方沖,31°32.7′N,131°30.1′E,37 km,0.2,---
2026/08/02,01:30:08.9,熊本県熊本地方,32°41.9′N,130°44.1′E,9 km,0.2,---
2026/08/02,01:30:34.9,熊本県熊本地方,32°29.4′N,130°35.0′E,7 km,1.4,---
2026/08/02,01:30:40.5,群馬県北部,36°52.5′N,139°21.1′E,6 km,0.0,---
2026/08/02,01:31:34.4,福島県沖,37°49.0′N,141°36.9′E,49 km,0.7,---
2026/08/02,01:31:37.0,熊本県天草・芦北地方,32°27.6′N,130°32.9′E,7 km,0.2,---
2026/08/02,01:32:21.4,熊本県熊本地方,32°39.0′N,130°43.0′E,10 km,0.9,---
2026/08/02,01:32:27.7,三陸沖,40°33.8′N,145°03.7′E,15 km,1.3,---
2026/08/02,01:32:53.6,群馬県北部,36°52.6′N,139°21.2′E,6 km,0.3,---
2026/08/02,01:33:32.2,熊本県天草・芦北地方,32°24.2′N,130°29.9′E,6 km,0.8,---
2026/08/02,01:33:56.9,熊本県熊本地方,32°32.9′N,130°36.9′E,1 km,0.6,---
2026/08/02,01:34:09.1,熊本県天草・芦北地方,32°19.1′N,130°26.8′E,0 km,1.2,---
2026/08/02,01:34:54.7,熊本県天草・芦北地方,32°27.2′N,130°28.6′E,12 km,0.5,---
2026/08/02,01:35:31.7,岡山県南部,34°54.3′N,133°48.7′E,17 km,0.5,---
2026/08/02,01:35:41.4,熊本県天草・芦北地方,32°26.3′N,130°28.4′E,12 km,1.2,---
2026/08/02,01:36:34.2,熊本県熊本地方,32°32.0′N,130°37.3′E,6 km,0.2,---
2026/08/02,01:36:54.6,熊本県天草・芦北地方,32°13.3′N,130°21.0′E,9 km,0.7,---
2026/08/02,01:37:25.6,熊本県熊本地方,32°34.2′N,130°39.1′E,7 km,1.0,---
2026/08/02,01:38:35.8,熊本県熊本地方,32°29.7′N,130°34.4′E,13 km,0.3,---
2026/08/02,01:38:54.1,熊本県天草・芦北地方,32°26.8′N,130°33.4′E,6 km,1.1,---
2026/08/02,01:38:59.2,熊本県天草・芦北地方,32°27.4′N,130°33.2′E,11 km,2.4,---
2026/08/02,01:39:01.9,熊本県天草・芦北地方,32°28.0′N,130°34.5′E,0 km,2.4,---
2026/08/02,01:39:38.3,熊本県天草・芦北地方,32°27.2′N,130°28.9′E,11 km,1.6,---
2026/08/02,01:40:00.4,静岡県西部,34°57.5′N,137°59.7′E,38 km,-0.1,---
2026/08/02,01:40:48.8,熊本県熊本地方,32°34.2′N,130°39.8′E,8 km,1.9,---
2026/08/02,01:41:26.8,熊本県熊本地方,32°35.8′N,130°41.9′E,4 km,0.5,---
2026/08/02,01:41:54.8,群馬県北部,36°52.6′N,139°20.9′E,5 km,0.4,---
2026/08/02,01:41:55.2,十勝地方中部,43°11.4′N,143°41.6′E,141 km,1.3,---
2026/08/02,01:42:06.1,群馬県北部,36°52.5′N,139°20.7′E,5 km,0.6,---
2026/08/02,01:42:09.0,熊本県熊本地方,32°29.2′N,130°34.1′E,7 km,0.4,---
2026/08/02,01:42:35.4,熊本県熊本地方,32°37.9′N,130°43.3′E,9 km,1.5,---
2026/08/02,01:43:20.5,岩手県沖,40°10.0′N,142°12.0′E,43 km,1.4,---
2026/08/02,01:43:22.9,熊本県熊本地方,32°37.0′N,130°42.3′E,5 km,0.2,---
2026/08/02,01:43:39.6,熊本県天草・芦北地方,32°27.2′N,130°31.6′E,12 km,0.7,---
2026/08/02,01:44:17.7,熊本県天草・芦北地方,32°27.0′N,130°28.8′E,8 km,0.3,---
2026/08/02,01:45:08.6,熊本県天草・芦北地方,32°27.2′N,130°31.6′E,14 km,0.7,---
2026/08/02,01:45:20.8,福島県沖,37°50.2′N,141°37.4′E,47 km,1.1,---
2026/08/02,01:45:32.6,熊本県熊本地方,32°44.8′N,130°47.7′E,6 km,1.2,---
2026/08/02,01:46:23.4,熊本県熊本地方,32°23.9′N,130°37.2′E,0 km,0.3,---
2026/08/02,01:46:44.0,千葉県南東沖,34°54.8′N,139°58.5′E,61 km,1.2,---
2026/08/02,01:46:47.3,群馬県北部,36°52.5′N,139°20.6′E,8 km,0.1,---
2026/08/02,01:46:49.2,宮崎県北部平野部,32°27.4′N,131°34.7′E,20 km,1.3,---
2026/08/02,01:47:07.5,三陸沖,39°59.9′N,144°48.4′E,17 km,0.9,---
2026/08/02,01:47:19.0,福島県浜通り,37°42.6′N,140°49.1′E,80 km,1.2,---
2026/08/02,01:47:26.5,熊本県天草・芦北地方,32°27.7′N,130°34.1′E,0 km,0.5,---
2026/08/02,01:48:07.0,和歌山県北部,34°04.2′N,135°19.2′E,9 km,0.0,---
2026/08/02,01:48:08.7,南大東島近海,26°38.0′N,131°52.1′E,37 km,2.7,---
2026/08/02,01:48:50.2,熊本県熊本地方,32°40.9′N,130°42.4′E,14 km,0.7,---
2026/08/02,01:49:32.7,熊本県熊本地方,32°39.8′N,130°44.1′E,10 km,0.2,---
2026/08/02,01:50:20.1,熊本県天草・芦北地方,32°24.0′N,130°29.7′E,3 km,0.5,---
2026/08/02,01:50:27.2,熊本県熊本地方,32°38.4′N,130°43.5′E,9 km,0.3,---
2026/08/02,01:50:49.9,熊本県天草・芦北地方,32°26.7′N,130°28.3′E,11 km,0.3,---
2026/08/02,01:51:45.1,熊本県天草・芦北地方,32°10.0′N,130°31.6′E,6 km,-0.2,---
2026/08/02,01:51:49.0,熊本県熊本地方,32°38.4′N,130°42.6′E,11 km,0.6,---
2026/08/02,01:51:55.2,秋田県内陸北部,39°58.7′N,140°32.8′E,2 km,0.5,---
2026/08/02,01:52:11.8,秋田県内陸北部,39°58.8′N,140°33.0′E,4 km,1.1,---
2026/08/02,01:53:32.6,和歌山県北部,34°01.5′N,135°16.1′E,7 km,0.0,---
2026/08/02,01:53:57.2,熊本県天草・芦北地方,32°29.0′N,130°31.8′E,11 km,0.0,---
2026/08/02,01:54:19.2,熊本県熊本地方,32°39.9′N,130°44.5′E,10 km,0.0,---
2026/08/02,01:54:55.8,西表島付近,24°03.3′N,123°42.7′E,14 km,1.9,---
2026/08/02,01:55:56.9,熊本県熊本地方,32°43.6′N,130°47.5′E,10 km,0.1,---
2026/08/02,01:56:07.8,熊本県熊本地方,32°32.2′N,130°36.5′E,9 km,2.0,---
2026/08/02,01:57:05.1,熊本県天草・芦北地方,32°27.8′N,130°34.6′E,0 km,1.3,---
2026/08/02,01:57:29.9,熊本県熊本地方,32°40.9′N,130°42.4′E,16 km,0.5,---
2026/08/02,01:57:52.8,熊本県熊本地方,32°44.9′N,130°47.6′E,6 km,0.6,---
2026/08/02,01:58:12.9,熊本県天草・芦北地方,32°25.8′N,130°27.2′E,7 km,0.7,---
2026/08/02,01:58:31.8,熊本県天草・芦北地方,32°26.7′N,130°29.1′E,6 km,1.0,---
2026/08/02,01:58:43.7,新潟県中越地方,36°50.4′N,138°46.3′E,4 km,0.8,---
2026/08/02,01:58:51.1,岐阜県飛騨地方,36°04.5′N,137°25.4′E,9 km,-0.3,---
2026/08/02,01:59:17.2,兵庫県南東部,34°45.2′N,135°07.2′E,13 km,0.4,---
2026/08/02,01:59:26.6,熊本県天草・芦北地方,32°25.9′N,130°28.1′E,11 km,0.5,---
2026/08/02,02:02:29.9,熊本県天草・芦北地方,32°24.7′N,130°28.0′E,9 km,0.2,---
2026/08/02,02:02:49.7,熊本県天草・芦北地方,32°29.9′N,130°32.0′E,10 km,1.1,---
2026/08/02,02:03:03.2,熊本県天草・芦北地方,32°26.3′N,130°31.8′E,0 km,1.0,---
2026/08/02,02:03:30.2,熊本県熊本地方,32°40.8′N,130°42.1′E,15 km,1.0,---
2026/08/02,02:03:37.0,北海道南西沖,42°20.9′N,139°13.1′E,23 km,1.0,---
2026/08/02,02:04:03.2,和歌山県北部,34°04.3′N,135°19.4′E,9 km,0.2,---
2026/08/02,02:05:16.0,茨城県北部,36°45.2′N,140°34.8′E,9 km,-0.7,---
2026/08/02,02:05:23.1,茨城県北部,36°45.1′N,140°34.6′E,9 km,-0.2,---
2026/08/02,02:05:31.5,熊本県熊本地方,32°34.0′N,130°37.5′E,13 km,1.6,---
2026/08/02,02:06:13.3,熊本県熊本地方,32°39.6′N,130°44.7′E,13 km,0.4,---
2026/08/02,02:06:23.7,熊本県天草・芦北地方,32°36.9′N,130°38.4′E,15 km,1.0,---
2026/08/02,02:07:28.0,熊本県天草・芦北地方,32°27.2′N,130°28.8′E,13 km,-0.1,---
2026/08/02,02:07:52.9,熊本県天草・芦北地方,32°25.1′N,130°28.9′E,9 km,1.1,---
2026/08/02,02:08:26.0,熊本県天草・芦北地方,32°26.6′N,130°28.2′E,10 km,-0.1,---
2026/08/02,02:08:50.7,熊本県熊本地方,32°45.8′N,130°48.6′E,6 km,0.2,---
2026/08/02,02:09:28.0,関東東方沖,34°29.1′N,141°38.2′E,0 km,1.6,---
2026/08/02,02:09:35.5,熊本県熊本地方,32°32.4′N,130°35.9′E,9 km,0.1,---
2026/08/02,02:10:02.3,熊本県熊本地方,32°38.7′N,130°41.6′E,15 km,-0.2,---
2026/08/02,02:10:29.6,熊本県熊本地方,32°29.9′N,130°34.4′E,10 km,0.7,---
2026/08/02,02:10:57.7,静岡県中部,35°10.4′N,138°13.4′E,14 km,0.5,---
2026/08/02,02:10:57.9,熊本県熊本地方,32°38.9′N,130°41.5′E,14 km,0.3,---
2026/08/02,02:11:38.2,熊本県熊本地方,32°30.7′N,130°34.6′E,9 km,0.8,---
2026/08/02,02:12:35.7,和歌山県北部,34°04.3′N,135°19.4′E,9 km,-0.6,---
2026/08/02,02:12:48.7,熊本県熊本地方,32°33.2′N,130°39.4′E,6 km,0.3,---
2026/08/02,02:13:12.9,熊本県熊本地方,32°38.2′N,130°42.6′E,13 km,-0.4,---
2026/08/02,02:13:24.9,和歌山県北部,34°04.2′N,135°19.7′E,9 km,-0.7,---
2026/08/02,02:13:27.8,熊本県熊本地方,32°32.7′N,130°39.5′E,7 km,1.2,---
2026/08/02,02:13:48.9,和歌山県北部,34°14.2′N,135°12.2′E,7 km,-0.8,---
2026/08/02,02:13:54.7,熊本県熊本地方,32°32.1′N,130°36.1′E,11 km,2.5,---
2026/08/02,02:15:51.2,西表島付近,24°03.5′N,123°42.4′E,13 km,1.8,---
2026/08/02,02:16:19.4,熊本県熊本地方,32°38.2′N,130°41.6′E,14 km,0.7,---
2026/08/02,02:16:39.1,熊本県天草・芦北地方,32°27.9′N,130°33.3′E,11 km,1.4,---
2026/08/02,02:16:54.1,熊本県天草・芦北地方,32°27.4′N,130°28.9′E,10 km,1.2,---
2026/08/02,02:17:27.2,熊本県天草・芦北地方,32°27.6′N,130°31.4′E,0 km,0.4,---
2026/08/02,02:17:29.6,秋田県内陸北部,39°58.8′N,140°32.7′E,4 km,1.1,---
2026/08/02,02:17:33.3,群馬県南部,36°34.1′N,139°22.6′E,4 km,0.2,---
2026/08/02,02:17:57.2,熊本県熊本地方,32°39.2′N,130°44.7′E,8 km,0.4,---
2026/08/02,02:19:20.9,熊本県天草・芦北地方,32°27.9′N,130°33.1′E,11 km,0.7,---
2026/08/02,02:19:35.1,熊本県天草・芦北地方,32°23.2′N,130°29.0′E,9 km,0.8,---
2026/08/02,02:20:07.6,熊本県天草・芦北地方,32°29.5′N,130°31.2′E,10 km,1.3,---
2026/08/02,02:20:14.2,岩手県沖,39°45.9′N,142°15.7′E,43 km,0.8,---
2026/08/02,02:21:04.8,熊本県熊本地方,32°43.3′N,130°48.9′E,10 km,-0.1,---
2026/08/02,02:21:09.9,熊本県天草・芦北地方,32°27.9′N,130°33.2′E,11 km,0.5,---
2026/08/02,02:21:10.7,熊本県熊本地方,32°31.2′N,130°34.2′E,13 km,0.6,---
2026/08/02,02:22:23.5,熊本県熊本地方,32°37.8′N,130°40.3′E,15 km,0.2,---
2026/08/02,02:23:07.2,佐渡付近,37°59.7′N,137°40.0′E,7 km,1.4,---
2026/08/02,02:23:19.4,熊本県熊本地方,32°44.2′N,130°48.0′E,8 km,0.0,---
2026/08/02,02:23:22.0,石垣島近海,23°43.4′N,123°37.9′E,23 km,不明,---
2026/08/02,02:23:28.6,西表島付近,24°03.1′N,123°42.1′E,14 km,1.7,---
2026/08/02,02:24:31.2,和歌山県北部,34°14.0′N,135°12.7′E,4 km,-0.3,---
2026/08/02,02:24:37.6,熊本県天草・芦北地方,32°30.0′N,130°32.2′E,11 km,1.9,---
2026/08/02,02:25:01.5,熊本県天草・芦北地方,32°23.6′N,130°29.1′E,7 km,1.9,---
2026/08/02,02:26:51.7,熊本県天草・芦北地方,32°24.4′N,130°31.1′E,11 km,0.6,---
2026/08/02,02:27:25.7,熊本県天草・芦北地方,32°28.7′N,130°32.8′E,6 km,0.2,---
2026/08/02,02:27:54.3,熊本県熊本地方,32°40.5′N,130°43.3′E,6 km,-0.6,---
2026/08/02,02:28:07.8,熊本県熊本地方,32°31.4′N,130°34.5′E,10 km,0.8,---
2026/08/02,02:28:52.0,熊本県天草・芦北地方,32°22.7′N,130°28.6′E,9 km,-0.2,---
2026/08/02,02:28:57.5,熊本県熊本地方,32°38.4′N,130°43.1′E,7 km,0.9,---
2026/08/02,02:29:17.5,栃木県北部,36°53.8′N,139°48.8′E,9 km,0.1,---
2026/08/02,02:29:47.7,熊本県天草・芦北地方,32°23.0′N,130°28.9′E,10 km,0.3,---
2026/08/02,02:30:40.2,群馬県北部,36°39.0′N,139°19.9′E,10 km,0.4,---
2026/08/02,02:30:45.2,熊本県天草・芦北地方,32°26.7′N,130°28.9′E,11 km,0.2,---
2026/08/02,02:31:46.2,熊本県熊本地方,32°37.5′N,130°42.0′E,10 km,0.5,---
2026/08/02,02:32:04.7,岩手県沖,39°27.5′N,142°47.0′E,14 km,1.0,---
2026/08/02,02:32:11.2,熊本県熊本地方,32°42.0′N,130°44.5′E,13 km,0.0,---
2026/08/02,02:33:35.9,福島県沖,37°33.5′N,144°43.7′E,46 km,1.6,---
2026/08/02,02:33:41.0,有明海,33°02.9′N,130°19.9′E,13 km,1.1,---
2026/08/02,02:35:06.4,熊本県天草・芦北地方,32°27.2′N,130°33.2′E,8 km,0.7,---
2026/08/02,02:35:13.0,熊本県天草・芦北地方,32°28.6′N,130°29.7′E,13 km,2.1,---
2026/08/02,02:36:03.9,熊本県熊本地方,32°43.3′N,130°45.9′E,11 km,0.2,---
2026/08/02,02:36:22.6,熊本県天草・芦北地方,32°27.0′N,130°34.2′E,8 km,0.0,---
2026/08/02,02:37:30.0,熊本県熊本地方,32°37.6′N,130°43.6′E,4 km,0.7,---
2026/08/02,02:38:31.0,熊本県熊本地方,32°40.8′N,130°42.4′E,17 km,0.2,---
2026/08/02,02:38:53.6,熊本県熊本地方,32°35.3′N,130°39.9′E,13 km,0.0,---
2026/08/02,02:39:43.8,群馬県北部,36°52.6′N,139°20.6′E,5 km,0.9,---
2026/08/02,02:40:31.7,群馬県北部,36°52.5′N,139°20.8′E,4 km,0.5,---
2026/08/02,02:40:47.1,熊本県天草・芦北地方,32°27.2′N,130°32.1′E,4 km,0.8,---
2026/08/02,02:40:59.2,熊本県熊本地方,32°30.1′N,130°34.4′E,12 km,0.7,---
2026/08/02,02:41:05.2,岩手県沖,40°25.4′N,142°31.1′E,40 km,1.3,---
2026/08/02,02:41:36.5,熊本県天草・芦北地方,32°26.8′N,130°32.1′E,0 km,-0.1,---
2026/08/02,02:41:40.0,苫小牧沖,42°06.6′N,141°56.2′E,37 km,1.0,---
2026/08/02,02:41:58.2,熊本県熊本地方,32°40.7′N,130°42.4′E,13 km,0.9,---
2026/08/02,02:42:21.4,福島県沖,36°56.1′N,142°02.7′E,27 km,1.1,---
2026/08/02,02:42:37.6,熊本県天草・芦北地方,32°28.7′N,130°34.1′E,4 km,1.0,---
2026/08/02,02:43:19.5,群馬県北部,36°52.5′N,139°20.7′E,5 km,0.8,---
2026/08/02,02:44:14.1,群馬県北部,36°52.4′N,139°21.5′E,6 km,0.4,---
2026/08/02,02:45:24.4,熊本県熊本地方,32°38.2′N,130°43.7′E,10 km,1.8,---
2026/08/02,02:45:54.5,熊本県熊本地方,32°30.7′N,130°35.3′E,8 km,1.1,---
2026/08/02,02:46:30.9,群馬県北部,36°52.6′N,139°20.7′E,5 km,1.1,---
2026/08/02,02:46:32.0,熊本県熊本地方,32°34.6′N,130°38.1′E,14 km,0.4,---
2026/08/02,02:47:06.5,熊本県熊本地方,32°38.0′N,130°42.7′E,12 km,0.0,---
2026/08/02,02:47:40.7,熊本県熊本地方,32°35.9′N,130°40.2′E,8 km,0.7,---
2026/08/02,02:49:04.0,熊本県熊本地方,32°36.2′N,130°40.9′E,10 km,1.1,---
2026/08/02,02:50:26.2,熊本県熊本地方,32°39.0′N,130°43.2′E,5 km,0.4,---
2026/08/02,02:50:37.7,栃木県北部,36°53.6′N,139°48.7′E,8 km,0.0,---
2026/08/02,02:50:41.8,熊本県熊本地方,32°39.3′N,130°41.8′E,15 km,0.2,---
2026/08/02,02:51:54.4,千葉県北東部,35°54.8′N,140°26.4′E,42 km,1.3,---
2026/08/02,02:52:16.0,熊本県天草・芦北地方,32°25.3′N,130°31.8′E,9 km,0.8,---
2026/08/02,02:52:43.7,熊本県熊本地方,32°36.8′N,130°42.7′E,14 km,0.2,---
2026/08/02,02:52:53.4,福島県中通り,37°01.9′N,140°29.5′E,73 km,0.7,---
2026/08/02,02:53:04.5,熊本県天草・芦北地方,32°28.5′N,130°31.3′E,11 km,0.7,---
2026/08/02,02:53:14.9,熊本県天草・芦北地方,32°26.6′N,130°31.5′E,0 km,0.4,---
2026/08/02,02:54:16.8,群馬県北部,36°52.7′N,139°20.4′E,4 km,1.9,---
2026/08/02,02:54:32.1,熊本県天草・芦北地方,32°28.4′N,130°29.7′E,15 km,0.2,---
2026/08/02,02:55:07.1,熊本県天草・芦北地方,32°28.0′N,130°32.6′E,8 km,0.2,---
2026/08/02,02:55:36.9,熊本県熊本地方,32°32.1′N,130°36.6′E,4 km,0.1,---
2026/08/02,02:55:37.9,三陸沖,38°56.0′N,144°40.0′E,17 km,2.9,---
2026/08/02,02:56:32.2,熊本県熊本地方,32°36.6′N,130°42.8′E,3 km,0.7,---
2026/08/02,02:57:03.5,熊本県熊本地方,32°40.6′N,130°45.4′E,10 km,-0.1,---
2026/08/02,02:57:54.1,熊本県天草・芦北地方,32°28.3′N,130°30.8′E,9 km,0.5,---
2026/08/02,02:58:30.0,群馬県北部,36°52.6′N,139°20.7′E,6 km,0.6,---
2026/08/02,02:58:53.2,群馬県北部,36°52.6′N,139°20.8′E,5 km,1.1,---
2026/08/02,02:59:02.9,熊本県天草・芦北地方,32°23.5′N,130°28.8′E,11 km,2.2,---
2026/08/02,02:59:54.5,熊本県天草・芦北地方,32°28.9′N,130°33.6′E,1 km,0.2,---
2026/08/02,03:00:08.6,島根県東部,35°18.9′N,133°13.1′E,10 km,0.3,---
2026/08/02,03:00:09.8,熊本県熊本地方,32°32.0′N,130°38.9′E,10 km,0.1,---
2026/08/02,03:00:18.0,群馬県北部,36°52.6′N,139°20.6′E,4 km,0.3,---
2026/08/02,03:00:36.0,熊本県熊本地方,32°41.6′N,130°43.8′E,16 km,0.0,---
2026/08/02,03:01:22.2,遠州灘,34°25.8′N,137°52.3′E,21 km,1.3,---
2026/08/02,03:01:41.7,熊本県熊本地方,32°32.3′N,130°39.5′E,9 km,-0.1,---
2026/08/02,03:01:57.7,熊本県熊本地方,32°39.3′N,130°41.9′E,15 km,-0.1,---
2026/08/02,03:03:28.8,熊本県熊本地方,32°44.9′N,130°48.1′E,6 km,1.1,---
2026/08/02,03:03:45.7,群馬県北部,36°52.7′N,139°20.7′E,6 km,0.5,---
2026/08/02,03:04:12.1,熊本県天草・芦北地方,32°26.5′N,130°28.6′E,11 km,0.8,---
2026/08/02,03:04:47.3,沖縄本島北西沖,27°18.3′N,126°13.9′E,177 km,3.2,---
2026/08/02,03:04:48.0,熊本県熊本地方,32°37.2′N,130°40.4′E,15 km,0.4,---
2026/08/02,03:05:06.5,栃木県北部,36°53.7′N,139°48.6′E,8 km,-0.3,---
2026/08/02,03:05:51.4,熊本県熊本地方,32°41.3′N,130°44.2′E,12 km,1.1,---
2026/08/02,03:06:02.6,福島県沖,37°35.2′N,141°30.0′E,53 km,3.4,---
2026/08/02,03:06:25.1,熊本県熊本地方,32°40.8′N,130°44.2′E,11 km,1.0,---
2026/08/02,03:06:44.6,熊本県熊本地方,32°29.1′N,130°34.9′E,1 km,0.7,---
2026/08/02,03:07:19.2,熊本県熊本地方,32°44.4′N,130°45.8′E,18 km,0.1,---
2026/08/02,03:07:23.6,熊本県天草・芦北地方,32°12.1′N,130°20.0′E,1 km,0.3,---
2026/08/02,03:07:38.3,徳島県南部,33°55.1′N,134°26.4′E,32 km,0.2,---
2026/08/02,03:08:31.7,熊本県天草・芦北地方,32°30.6′N,130°31.7′E,14 km,0.2,---
2026/08/02,03:09:32.9,釧路地方中南部,43°15.9′N,144°19.5′E,105 km,1.7,---
2026/08/02,03:09:33.3,熊本県天草・芦北地方,32°25.4′N,130°29.0′E,10 km,0.0,---
2026/08/02,03:09:50.5,熊本県熊本地方,32°35.2′N,130°37.3′E,14 km,0.1,---
2026/08/02,03:10:08.5,熊本県熊本地方,32°38.6′N,130°42.1′E,13 km,0.5,---
2026/08/02,03:10:32.8,宮崎県南部山沿い,32°01.8′N,130°56.6′E,7 km,0.3,---
2026/08/02,03:10:35.1,熊本県熊本地方,32°34.2′N,130°39.2′E,10 km,0.7,---
2026/08/02,03:11:10.5,福島県沖,37°41.0′N,142°24.1′E,18 km,1.4,---
2026/08/02,03:11:18.7,熊本県熊本地方,32°37.0′N,130°43.4′E,11 km,0.1,---
2026/08/02,03:12:08.4,熊本県天草・芦北地方,32°23.0′N,130°28.9′E,8 km,0.1,---
2026/08/02,03:12:31.5,釧路沖,42°07.2′N,144°45.4′E,22 km,2.1,---
2026/08/02,03:13:10.3,熊本県天草・芦北地方,32°29.1′N,130°30.9′E,12 km,-0.1,---
2026/08/02,03:13:20.9,熊本県天草・芦北地方,32°28.7′N,130°33.6′E,4 km,0.8,---
2026/08/02,03:13:27.6,福島県沖,37°10.6′N,141°40.6′E,34 km,1.0,---
2026/08/02,03:13:37.7,茨城県南部,36°04.7′N,140°08.4′E,60 km,0.5,---
2026/08/02,03:13:41.5,熊本県熊本地方,32°44.6′N,130°46.4′E,11 km,-0.1,---
2026/08/02,03:13:43.6,熊本県天草・芦北地方,32°17.5′N,130°25.6′E,8 km,0.4,---
2026/08/02,03:14:08.6,熊本県天草・芦北地方,32°26.6′N,130°31.7′E,1 km,0.6,---
2026/08/02,03:14:12.2,群馬県北部,36°52.5′N,139°20.9′E,5 km,0.3,---
2026/08/02,03:14:33.7,熊本県天草・芦北地方,32°26.9′N,130°32.6′E,13 km,0.1,---
2026/08/02,03:14:56.1,熊本県熊本地方,32°29.4′N,130°35.2′E,6 km,1.3,---
2026/08/02,03:15:14.4,熊本県熊本地方,32°28.6′N,130°35.2′E,2 km,0.9,---
2026/08/02,03:16:31.1,熊本県熊本地方,32°35.1′N,130°38.2′E,10 km,0.1,---
2026/08/02,03:16:39.8,群馬県北部,36°52.6′N,139°20.7′E,5 km,1.1,---
2026/08/02,03:16:46.5,佐渡付近,37°49.1′N,137°52.6′E,23 km,不明,---
2026/08/02,03:17:41.5,熊本県熊本地方,32°35.3′N,130°37.4′E,13 km,0.6,---
2026/08/02,03:17:56.8,熊本県熊本地方,32°37.5′N,130°43.0′E,7 km,1.6,---
2026/08/02,03:18:25.1,熊本県熊本地方,32°31.2′N,130°34.1′E,10 km,0.8,---
2026/08/02,03:19:47.1,熊本県天草・芦北地方,32°24.6′N,130°28.8′E,9 km,1.3,---
2026/08/02,03:20:11.4,熊本県天草・芦北地方,32°26.1′N,130°29.5′E,8 km,0.4,---
2026/08/02,03:20:26.1,熊本県熊本地方,32°37.8′N,130°43.1′E,9 km,0.6,---
2026/08/02,03:21:00.8,熊本県熊本地方,32°38.0′N,130°43.8′E,13 km,0.8,---
2026/08/02,03:22:13.4,熊本県天草・芦北地方,32°23.1′N,130°27.9′E,8 km,2.7,---
2026/08/02,03:23:31.2,熊本県熊本地方,32°43.0′N,130°46.6′E,10 km,0.7,---
2026/08/02,03:25:43.5,熊本県熊本地方,32°38.9′N,130°44.8′E,10 km,1.5,---
2026/08/02,03:26:37.2,熊本県天草・芦北地方,32°24.2′N,130°29.4′E,6 km,0.3,---
2026/08/02,03:27:00.9,熊本県熊本地方,32°41.3′N,130°42.5′E,14 km,0.8,---
2026/08/02,03:28:28.4,沖縄本島近海,26°57.6′N,128°43.8′E,22 km,0.2,---
2026/08/02,03:28:36.7,石川県能登地方,37°22.8′N,136°59.9′E,7 km,1.1,---
2026/08/02,03:28:50.7,熊本県熊本地方,32°34.5′N,130°40.5′E,7 km,0.4,---
2026/08/02,03:29:16.9,熊本県熊本地方,32°31.4′N,130°36.0′E,6 km,0.4,---
2026/08/02,03:29:37.1,天草灘,31°57.8′N,130°06.6′E,8 km,0.3,---
2026/08/02,03:29:51.2,紀伊水道,33°45.3′N,134°56.9′E,18 km,0.4,---
2026/08/02,03:30:11.2,日向灘,32°24.8′N,131°57.0′E,18 km,1.8,---
2026/08/02,03:30:31.2,空知地方中部,43°22.2′N,142°19.9′E,5 km,1.2,---
2026/08/02,03:31:05.3,熊本県熊本地方,32°38.4′N,130°43.4′E,8 km,0.5,---
2026/08/02,03:31:10.5,茨城県沖,36°04.8′N,140°58.7′E,36 km,0.9,---
2026/08/02,03:31:29.8,熊本県熊本地方,32°37.9′N,130°44.0′E,10 km,0.3,---
2026/08/02,03:32:58.9,熊本県天草・芦北地方,32°26.7′N,130°33.9′E,6 km,0.7,---
2026/08/02,03:33:32.9,熊本県天草・芦北地方,32°27.7′N,130°29.7′E,6 km,0.4,---
2026/08/02,03:34:39.6,栃木県北部,36°53.8′N,139°48.6′E,9 km,1.7,---
2026/08/02,03:34:44.8,熊本県熊本地方,32°35.3′N,130°39.7′E,5 km,0.1,---
2026/08/02,03:36:43.4,熊本県天草・芦北地方,32°30.3′N,130°31.0′E,11 km,0.0,---
2026/08/02,03:36:58.2,熊本県熊本地方,32°33.9′N,130°39.8′E,7 km,0.3,---
2026/08/02,03:37:09.9,栃木県北部,36°53.5′N,139°48.5′E,8 km,-0.5,---
2026/08/02,03:38:01.9,熊本県天草・芦北地方,32°28.7′N,130°30.7′E,7 km,-0.1,---
2026/08/02,03:38:22.8,鹿児島県薩摩地方,31°37.5′N,130°25.6′E,9 km,0.6,---
2026/08/02,03:38:27.0,熊本県熊本地方,32°38.5′N,130°43.9′E,9 km,0.9,---
2026/08/02,03:39:11.6,熊本県天草・芦北地方,32°26.0′N,130°31.7′E,0 km,-0.2,---
2026/08/02,03:39:46.1,択捉島南東沖,44°56.8′N,149°13.5′E,30 km,2.7,---
2026/08/02,03:40:04.4,熊本県天草・芦北地方,32°29.5′N,130°31.1′E,11 km,2.2,---
2026/08/02,03:40:47.4,熊本県天草・芦北地方,32°22.9′N,130°28.6′E,3 km,0.6,---
2026/08/02,03:41:11.7,西表島付近,24°03.1′N,123°42.6′E,14 km,2.5,---
2026/08/02,03:41:14.1,三重県南東沖,33°49.8′N,137°49.9′E,303 km,2.8,---
2026/08/02,03:42:26.5,熊本県天草・芦北地方,32°27.5′N,130°33.1′E,11 km,1.9,---
2026/08/02,03:43:43.2,熊本県熊本地方,32°30.2′N,130°34.0′E,8 km,0.7,---
2026/08/02,03:43:46.8,福島県沖,37°07.1′N,141°17.6′E,22 km,1.2,---
2026/08/02,03:44:03.5,熊本県天草・芦北地方,32°28.2′N,130°33.6′E,2 km,1.1,---
2026/08/02,03:44:12.3,京都府南部,35°18.1′N,135°44.2′E,13 km,0.4,---
2026/08/02,03:44:37.2,福島県沖,37°18.6′N,142°07.9′E,21 km,1.4,---
2026/08/02,03:44:51.0,熊本県熊本地方,32°30.9′N,130°34.4′E,13 km,0.4,---
2026/08/02,03:45:12.7,北海道東方沖,43°43.0′N,147°06.5′E,90 km,2.2,---
2026/08/02,03:45:31.3,岐阜県美濃中西部,35°26.1′N,136°47.3′E,9 km,-0.3,---
2026/08/02,03:45:42.1,群馬県北部,36°52.8′N,139°20.5′E,4 km,0.3,---
2026/08/02,03:45:44.8,群馬県北部,36°52.5′N,139°20.9′E,5 km,0.4,---
2026/08/02,03:46:45.0,熊本県熊本地方,32°33.4′N,130°37.7′E,7 km,0.1,---
2026/08/02,03:46:46.8,西表島付近,24°03.5′N,123°42.9′E,13 km,0.5,---
2026/08/02,03:47:07.8,熊本県熊本地方,32°41.3′N,130°45.2′E,11 km,-0.2,---
2026/08/02,03:47:08.0,長野県中部,36°17.7′N,138°17.4′E,9 km,0.4,---
2026/08/02,03:47:28.7,熊本県熊本地方,32°36.6′N,130°39.1′E,9 km,1.2,---
2026/08/02,03:47:38.7,福島県会津,37°02.8′N,139°20.2′E,7 km,0.9,---
2026/08/02,03:48:10.8,熊本県天草・芦北地方,32°28.0′N,130°33.2′E,9 km,0.5,---
2026/08/02,03:49:01.0,熊本県熊本地方,32°30.9′N,130°35.2′E,6 km,-0.3,---
2026/08/02,03:50:15.0,熊本県天草・芦北地方,32°24.3′N,130°30.1′E,9 km,0.1,---
2026/08/02,03:50:24.3,薩摩半島西方沖,31°42.4′N,130°05.3′E,0 km,1.1,---
2026/08/02,03:50:47.5,熊本県熊本地方,32°28.7′N,130°35.7′E,1 km,0.4,---
2026/08/02,03:50:49.7,神奈川県西部,35°24.5′N,139°08.0′E,12 km,-0.3,---
2026/08/02,03:50:59.1,熊本県天草・芦北地方,32°27.4′N,130°33.0′E,10 km,1.9,---
2026/08/02,03:51:03.1,福島県沖,37°23.8′N,141°56.2′E,37 km,1.2,---
2026/08/02,03:51:11.0,岩手県沖,39°03.2′N,142°09.0′E,40 km,1.9,---
2026/08/02,03:51:30.0,岩手県沖,39°03.0′N,142°09.3′E,37 km,1.7,---
2026/08/02,03:52:46.5,熊本県熊本地方,32°36.8′N,130°42.4′E,1 km,0.6,---
2026/08/02,03:53:08.7,長野県北部,36°32.7′N,137°51.3′E,8 km,-0.4,---
2026/08/02,03:54:24.7,熊本県天草・芦北地方,32°23.0′N,130°27.5′E,5 km,0.3,---
2026/08/02,03:54:38.7,熊本県熊本地方,32°40.4′N,130°42.3′E,13 km,0.0,---
2026/08/02,03:55:24.0,奄美大島近海,28°52.8′N,129°33.3′E,6 km,2.3,---
2026/08/02,03:57:17.6,福島県沖,37°50.4′N,141°37.2′E,49 km,1.7,---
2026/08/02,03:58:25.9,熊本県熊本地方,32°42.1′N,130°44.9′E,11 km,1.1,---
2026/08/02,03:58:47.4,熊本県熊本地方,32°32.7′N,130°36.6′E,13 km,0.7,---
2026/08/02,03:59:44.3,熊本県天草・芦北地方,32°28.1′N,130°29.7′E,11 km,0.5,---
2026/08/02,04:00:36.8,熊本県天草・芦北地方,32°22.3′N,130°29.7′E,14 km,0.5,---
2026/08/02,04:01:12.5,群馬県北部,36°52.6′N,139°20.3′E,5 km,0.4,---
2026/08/02,04:01:19.8,群馬県北部,36°52.6′N,139°20.5′E,5 km,0.7,---
2026/08/02,04:01:34.6,群馬県北部,36°52.6′N,139°20.7′E,5 km,0.2,---
2026/08/02,04:01:36.4,群馬県北部,36°52.7′N,139°20.7′E,4 km,0.2,---
2026/08/02,04:01:56.0,和歌山県南部,33°42.9′N,135°31.4′E,10 km,-0.3,---
2026/08/02,04:02:16.8,群馬県北部,36°52.5′N,139°20.5′E,5 km,0.8,---
2026/08/02,04:02:35.3,熊本県天草・芦北地方,32°28.6′N,130°32.6′E,0 km,0.0,---
2026/08/02,04:02:43.1,群馬県北部,36°52.7′N,139°20.4′E,4 km,0.3,---
2026/08/02,04:03:19.8,茨城県沖,36°12.4′N,140°55.4′E,42 km,1.2,---
2026/08/02,04:03:23.6,宮崎県南部山沿い,31°56.8′N,130°53.1′E,0 km,-0.2,---
2026/08/02,04:03:37.6,熊本県熊本地方,32°34.0′N,130°37.6′E,13 km,1.0,---
2026/08/02,04:04:09.3,愛媛県南予,33°19.9′N,132°30.9′E,39 km,0.8,---
2026/08/02,04:04:30.6,熊本県天草・芦北地方,32°27.3′N,130°32.2′E,13 km,0.9,---
2026/08/02,04:04:50.2,熊本県天草・芦北地方,32°25.0′N,130°29.3′E,8 km,0.1,---
2026/08/02,04:04:59.6,福島県沖,37°50.5′N,141°37.1′E,51 km,1.0,---
2026/08/02,04:05:31.9,青森県東方沖,41°25.0′N,142°42.0′E,26 km,1.1,---
2026/08/02,04:05:57.2,和歌山県南方沖,32°53.6′N,136°31.4′E,36 km,1.6,---
2026/08/02,04:06:23.7,熊本県熊本地方,32°30.6′N,130°35.5′E,8 km,0.3,---
2026/08/02,04:06:57.4,熊本県天草・芦北地方,32°16.5′N,130°30.1′E,6 km,0.0,---
2026/08/02,04:07:31.8,熊本県天草・芦北地方,32°24.6′N,130°31.1′E,11 km,0.4,---
2026/08/02,04:08:10.8,五島列島近海,32°47.0′N,129°41.1′E,10 km,0.0,---
2026/08/02,04:08:21.8,熊本県熊本地方,32°32.9′N,130°36.8′E,12 km,1.0,---
2026/08/02,04:08:51.5,熊本県熊本地方,32°38.9′N,130°40.0′E,16 km,0.8,---
2026/08/02,04:09:30.7,熊本県熊本地方,32°43.1′N,130°45.7′E,10 km,-0.2,---
2026/08/02,04:10:05.9,熊本県熊本地方,32°41.1′N,130°45.1′E,12 km,-0.1,---
2026/08/02,04:10:28.1,愛媛県南予,33°25.3′N,132°24.1′E,40 km,1.1,---
2026/08/02,04:10:53.6,日向灘,31°57.1′N,132°01.4′E,21 km,5.3,---
2026/08/02,04:12:30.9,台湾付近,24°09.2′N,121°45.3′E,42 km,不明,---
2026/08/02,04:14:22.5,熊本県天草・芦北地方,32°24.7′N,130°30.9′E,11 km,2.5,---
2026/08/02,04:14:51.3,佐渡付近,37°44.2′N,138°04.1′E,20 km,1.3,---
2026/08/02,04:15:38.2,熊本県天草・芦北地方,32°24.8′N,130°31.0′E,12 km,2.4,---
2026/08/02,04:16:36.5,熊本県熊本地方,32°33.8′N,130°38.2′E,5 km,1.1,---
2026/08/02,04:17:59.9,日向灘,31°56.4′N,132°01.4′E,19 km,2.8,---
2026/08/02,04:20:04.3,大分県中部,33°15.6′N,131°18.7′E,9 km,0.2,---
2026/08/02,04:20:05.6,日向灘,31°56.3′N,132°01.6′E,18 km,1.5,---
2026/08/02,04:20:13.2,三重県南東沖,34°00.3′N,136°48.3′E,13 km,0.8,---
2026/08/02,04:20:59.3,伊勢湾,35°00.6′N,136°50.5′E,15 km,0.6,---
2026/08/02,04:21:04.8,熊本県熊本地方,32°33.4′N,130°36.8′E,14 km,0.4,---
2026/08/02,04:21:17.2,日向灘,31°58.5′N,132°02.3′E,15 km,1.3,---
2026/08/02,04:22:05.4,熊本県熊本地方,32°52.8′N,130°57.9′E,6 km,1.5,---
2026/08/02,04:22:57.7,日向灘,31°59.3′N,132°02.7′E,17 km,1.4,---
2026/08/02,04:23:04.9,熊本県天草・芦北地方,32°28.4′N,130°33.2′E,0 km,0.1,---
2026/08/02,04:23:39.5,熊本県熊本地方,32°30.8′N,130°35.1′E,14 km,1.4,---
2026/08/02,04:23:50.2,日向灘,31°56.2′N,132°02.5′E,19 km,1.5,---
2026/08/02,04:24:56.5,熊本県熊本地方,32°32.6′N,130°39.5′E,6 km,1.7,---
2026/08/02,04:25:15.3,奄美大島近海,28°11.3′N,129°24.4′E,16 km,0.9,---
2026/08/02,04:25:25.1,日向灘,31°58.1′N,132°03.0′E,11 km,不明,---
2026/08/02,04:26:06.4,熊本県熊本地方,32°38.2′N,130°42.2′E,13 km,0.2,---
2026/08/02,04:26:08.2,日向灘,31°57.2′N,132°01.8′E,21 km,1.4,---
2026/08/02,04:26:16.8,熊本県熊本地方,32°37.8′N,130°40.4′E,15 km,0.7,---
2026/08/02,04:26:49.3,熊本県熊本地方,32°43.5′N,130°46.8′E,12 km,0.9,---
2026/08/02,04:28:29.4,日向灘,31°57.3′N,132°01.7′E,22 km,1.5,---
2026/08/02,04:28:57.3,上川地方南部,43°20.5′N,142°21.4′E,11 km,0.6,---
2026/08/02,04:29:18.0,日向灘,31°57.1′N,132°00.7′E,18 km,1.3,---
2026/08/02,04:29:29.9,熊本県天草・芦北地方,32°24.3′N,130°30.9′E,1 km,0.2,---
2026/08/02,04:30:11.2,豊後水道,33°22.3′N,132°15.7′E,46 km,1.4,---
2026/08/02,04:30:35.8,日向灘,31°57.5′N,132°02.1′E,17 km,1.3,---
2026/08/02,04:31:25.0,熊本県天草・芦北地方,32°27.1′N,130°34.2′E,8 km,0.4,---
2026/08/02,04:32:04.4,熊本県熊本地方,32°39.1′N,130°40.3′E,8 km,0.8,---
2026/08/02,04:32:21.6,日向灘,31°57.7′N,132°02.1′E,16 km,0.9,---
2026/08/02,04:32:36.4,群馬県北部,36°52.6′N,139°20.8′E,5 km,0.4,---
2026/08/02,04:33:01.9,熊本県熊本地方,32°39.5′N,130°42.4′E,15 km,0.1,---
2026/08/02,04:33:29.1,三陸沖,39°53.4′N,143°41.6′E,7 km,1.4,---
2026/08/02,04:34:17.5,熊本県天草・芦北地方,32°13.2′N,130°20.4′E,8 km,1.4,---
2026/08/02,04:34:35.1,日向灘,32°12.6′N,131°48.9′E,31 km,1.9,---
2026/08/02,04:34:49.6,熊本県熊本地方,32°29.5′N,130°34.5′E,11 km,3.5,---
2026/08/02,04:34:57.2,石垣島近海,24°15.4′N,124°09.2′E,15 km,0.2,---
2026/08/02,04:36:04.0,熊本県熊本地方,32°29.2′N,130°34.4′E,10 km,2.1,---
2026/08/02,04:36:35.3,日向灘,31°56.2′N,132°01.9′E,17 km,1.8,---
2026/08/02,04:37:08.4,熊本県熊本地方,32°29.2′N,130°34.1′E,10 km,1.0,---
2026/08/02,04:37:28.8,熊本県天草・芦北地方,32°26.5′N,130°29.2′E,2 km,1.3,---
2026/08/02,04:38:03.3,群馬県北部,36°52.4′N,139°21.4′E,6 km,-0.1,---
2026/08/02,04:38:04.1,熊本県熊本地方,32°35.4′N,130°40.0′E,12 km,0.2,---
2026/08/02,04:38:39.9,日向灘,31°57.2′N,132°01.9′E,16 km,1.1,---
2026/08/02,04:38:41.4,群馬県北部,36°52.6′N,139°20.4′E,5 km,0.8,---
2026/08/02,04:39:21.8,群馬県北部,36°52.7′N,139°20.6′E,5 km,0.2,---
2026/08/02,04:39:57.6,群馬県北部,36°52.6′N,139°20.7′E,5 km,0.2,---
2026/08/02,04:40:12.9,群馬県北部,36°52.7′N,139°20.5′E,5 km,0.5,---
2026/08/02,04:40:15.7,関東東方沖,35°28.7′N,143°04.6′E,25 km,1.5,---
2026/08/02,04:40:19.4,播磨灘,34°22.7′N,134°39.9′E,12 km,0.5,---
2026/08/02,04:40:32.2,熊本県熊本地方,32°34.2′N,130°38.6′E,10 km,0.9,---
2026/08/02,04:40:50.1,熊本県天草・芦北地方,32°28.8′N,130°31.9′E,1 km,1.0,---
2026/08/02,04:41:17.6,熊本県天草・芦北地方,32°29.4′N,130°30.8′E,11 km,1.2,---
2026/08/02,04:42:02.0,日向灘,32°36.9′N,132°27.4′E,31 km,1.5,---
2026/08/02,04:42:40.1,日向灘,31°56.7′N,132°01.7′E,18 km,1.3,---
2026/08/02,04:44:08.7,熊本県熊本地方,32°29.7′N,130°34.6′E,10 km,0.9,---
2026/08/02,04:44:28.6,熊本県熊本地方,32°35.4′N,130°40.0′E,5 km,0.8,---
2026/08/02,04:44:37.2,日向灘,31°56.9′N,132°01.6′E,20 km,2.4,---
2026/08/02,04:45:28.8,熊本県天草・芦北地方,32°28.0′N,130°29.9′E,12 km,1.2,---
2026/08/02,04:45:55.2,熊本県熊本地方,32°31.1′N,130°35.7′E,11 km,1.0,---
2026/08/02,04:46:08.4,群馬県北部,36°52.5′N,139°20.8′E,4 km,0.0,---
2026/08/02,04:47:15.2,三陸沖,39°53.3′N,143°42.2′E,15 km,1.4,---
2026/08/02,04:47:24.3,熊本県天草・芦北地方,32°28.2′N,130°29.5′E,12 km,0.7,---
2026/08/02,04:47:51.4,日向灘,31°57.2′N,132°02.5′E,16 km,1.3,---
2026/08/02,04:48:03.3,熊本県熊本地方,32°46.1′N,130°47.7′E,8 km,1.0,---
2026/08/02,04:48:09.8,鳥島近海,30°26.7′N,138°51.9′E,484 km,3.3,---
2026/08/02,04:48:37.0,熊本県熊本地方,32°38.8′N,130°43.9′E,13 km,0.2,---
2026/08/02,04:48:47.5,岐阜県美濃中西部,35°17.6′N,136°24.4′E,3 km,-0.4,---
2026/08/02,04:49:24.5,熊本県天草・芦北地方,32°23.8′N,130°28.2′E,10 km,1.8,---
2026/08/02,04:49:30.6,三陸沖,40°32.8′N,145°04.7′E,12 km,1.7,---
2026/08/02,04:49:52.1,宮城県沖,37°54.0′N,142°36.1′E,13 km,1.0,---
2026/08/02,04:50:12.6,長野県南部,35°55.9′N,137°34.6′E,7 km,0.2,---
2026/08/02,04:50:18.2,熊本県熊本地方,32°45.2′N,130°49.6′E,14 km,0.2,---
2026/08/02,04:51:58.0,熊本県熊本地方,32°38.3′N,130°41.4′E,14 km,0.0,---
2026/08/02,04:52:15.8,日向灘,31°57.7′N,132°03.0′E,19 km,1.2,---
2026/08/02,04:52:50.7,熊本県熊本地方,32°37.5′N,130°43.0′E,6 km,1.7,---
2026/08/02,04:52:59.7,日向灘,31°56.3′N,132°01.1′E,17 km,1.8,---
2026/08/02,04:53:15.4,日向灘,31°58.2′N,131°58.9′E,18 km,不明,---
2026/08/02,04:53:48.7,房総半島南方沖,34°26.8′N,140°25.8′E,41 km,1.7,---
2026/08/02,04:55:08.5,熊本県熊本地方,32°31.7′N,130°35.4′E,13 km,0.5,---
2026/08/02,04:55:32.4,熊本県天草・芦北地方,32°26.5′N,130°28.1′E,11 km,0.1,---
2026/08/02,04:55:32.7,日向灘,31°57.2′N,132°02.3′E,20 km,0.8,---
2026/08/02,04:56:50.4,熊本県熊本地方,32°30.0′N,130°39.5′E,8 km,0.6,---
2026/08/02,04:57:35.2,熊本県天草・芦北地方,32°29.4′N,130°32.1′E,10 km,0.4,---
2026/08/02,04:59:36.9,福島県沖,37°52.2′N,141°35.7′E,47 km,1.2,---
2026/08/02,05:00:07.5,熊本県熊本地方,32°32.7′N,130°36.1′E,11 km,0.8,---
2026/08/02,05:00:30.3,熊本県熊本地方,32°29.2′N,130°33.8′E,10 km,0.5,---
2026/08/02,05:00:51.8,熊本県熊本地方,32°29.2′N,130°38.7′E,9 km,1.0,---
2026/08/02,05:01:20.9,熊本県熊本地方,32°28.3′N,130°36.0′E,0 km,1.0,---
2026/08/02,05:02:00.9,三重県南部,34°14.9′N,136°12.4′E,37 km,0.1,---
2026/08/02,05:02:49.6,北西太平洋,47°51.3′N,155°46.8′E,30 km,5.3,---
2026/08/02,05:04:32.2,熊本県熊本地方,32°38.2′N,130°43.8′E,11 km,0.1,---
2026/08/02,05:05:02.8,日向灘,31°56.3′N,132°00.0′E,16 km,1.4,---
2026/08/02,05:05:05.5,熊本県天草・芦北地方,32°28.7′N,130°33.2′E,5 km,0.6,---
2026/08/02,05:05:11.8,群馬県北部,36°52.5′N,139°20.9′E,5 km,0.4,---
2026/08/02,05:05:23.2,熊本県天草・芦北地方,32°28.0′N,130°29.1′E,12 km,0.6,---
2026/08/02,05:05:24.0,福島県会津,36°58.5′N,139°22.6′E,3 km,-0.3,---
2026/08/02,05:05:46.5,熊本県熊本地方,32°39.0′N,130°42.3′E,12 km,1.6,---
2026/08/02,05:06:52.3,熊本県熊本地方,32°41.1′N,130°43.9′E,13 km,1.9,---
2026/08/02,05:07:48.3,宮崎県北部平野部,32°25.9′N,131°31.5′E,14 km,-0.1,---
2026/08/02,05:08:22.1,静岡県東部,35°21.6′N,138°50.8′E,14 km,不明,---
2026/08/02,05:08:40.1,若狭湾,35°30.6′N,135°42.4′E,11 km,0.9,---
2026/08/02,05:09:09.1,群馬県北部,36°52.6′N,139°21.0′E,6 km,0.4,---
2026/08/02,05:09:28.9,熊本県熊本地方,32°31.9′N,130°38.1′E,11 km,0.1,---
2026/08/02,05:10:23.8,日向灘,31°59.0′N,132°03.0′E,20 km,1.1,---
2026/08/02,05:10:47.9,神奈川県西部,35°25.8′N,139°00.6′E,20 km,0.1,---
2026/08/02,05:10:55.5,日向灘,31°58.7′N,132°03.9′E,35 km,不明,---
2026/08/02,05:11:11.6,熊本県熊本地方,32°39.6′N,130°44.3′E,13 km,0.0,---
2026/08/02,05:11:55.5,日向灘,31°58.3′N,132°02.6′E,17 km,1.1,---
2026/08/02,05:12:49.3,千葉県南東沖,34°43.8′N,140°37.3′E,47 km,0.6,---
2026/08/02,05:15:05.1,熊本県天草・芦北地方,32°26.5′N,130°29.1′E,8 km,0.2,---
2026/08/02,05:15:45.6,栃木県北部,36°36.4′N,139°24.7′E,9 km,-0.1,---
2026/08/02,05:15:50.3,岐阜県美濃中西部,35°36.1′N,136°24.0′E,13 km,0.9,---
2026/08/02,05:15:59.0,熊本県天草・芦北地方,32°25.8′N,130°28.5′E,10 km,0.5,---
2026/08/02,05:16:15.6,岐阜県美濃中西部,35°36.2′N,136°24.2′E,13 km,0.3,---
2026/08/02,05:16:51.7,熊本県熊本地方,32°33.0′N,130°36.9′E,12 km,2.4,---
2026/08/02,05:17:51.4,房総半島南方沖,34°17.6′N,140°19.7′E,70 km,2.2,---
2026/08/02,05:18:08.8,熊本県熊本地方,32°43.8′N,130°47.2′E,9 km,0.5,---
2026/08/02,05:18:46.9,熊本県熊本地方,32°38.4′N,130°40.9′E,13 km,1.5,---
2026/08/02,05:18:47.6,岐阜県美濃中西部,35°36.1′N,136°24.3′E,13 km,0.1,---
2026/08/02,05:20:01.7,奄美大島近海,27°55.2′N,129°37.9′E,49 km,2.1,---
2026/08/02,05:20:19.1,岐阜県美濃中西部,35°36.0′N,136°24.0′E,14 km,0.0,---
2026/08/02,05:20:25.9,熊本県熊本地方,32°34.1′N,130°39.6′E,7 km,0.2,---
2026/08/02,05:21:03.7,日向灘,31°56.9′N,132°01.5′E,16 km,不明,---
2026/08/02,05:21:26.9,熊本県天草・芦北地方,32°28.8′N,130°33.2′E,10 km,0.0,---
2026/08/02,05:21:44.5,熊本県熊本地方,32°40.6′N,130°44.2′E,13 km,0.0,---
2026/08/02,05:23:59.2,熊本県熊本地方,32°40.5′N,130°44.4′E,13 km,0.3,---
2026/08/02,05:25:05.4,熊本県熊本地方,32°32.1′N,130°36.3′E,7 km,0.0,---
2026/08/02,05:26:07.0,広島県南西部,34°30.3′N,132°14.0′E,21 km,0.3,---
2026/08/02,05:26:22.9,岐阜県美濃中西部,35°35.9′N,136°24.1′E,13 km,0.1,---
2026/08/02,05:27:11.8,熊本県熊本地方,32°32.2′N,130°36.4′E,13 km,2.9,---
2026/08/02,05:27:35.5,静岡県中部,34°52.5′N,138°14.8′E,31 km,0.3,---
2026/08/02,05:27:37.1,岐阜県美濃中西部,35°36.0′N,136°24.1′E,13 km,0.2,---
2026/08/02,05:31:09.7,熊本県天草・芦北地方,32°28.4′N,130°33.0′E,9 km,0.2,---
2026/08/02,05:31:12.7,奄美大島近海,28°07.7′N,129°36.9′E,27 km,0.9,---
2026/08/02,05:32:05.0,熊本県天草・芦北地方,32°26.9′N,130°33.3′E,2 km,0.5,---
2026/08/02,05:32:13.8,宮古島北西沖,25°32.0′N,125°04.0′E,6 km,1.7,---
2026/08/02,05:32:35.6,熊本県熊本地方,32°36.5′N,130°43.2′E,4 km,0.4,---
2026/08/02,05:33:17.5,岩手県沖,40°13.7′N,142°20.2′E,12 km,1.6,---
2026/08/02,05:34:56.1,千葉県南部,35°09.5′N,140°10.8′E,24 km,0.7,---
2026/08/02,05:35:57.7,熊本県熊本地方,32°30.9′N,130°34.4′E,8 km,0.0,---
2026/08/02,05:36:04.9,島根県西部,34°53.5′N,132°15.8′E,17 km,0.5,---
2026/08/02,05:36:09.9,日向灘,31°57.1′N,132°03.1′E,19 km,1.0,---
2026/08/02,05:36:25.6,熊本県熊本地方,32°41.3′N,130°42.2′E,16 km,2.1,---
2026/08/02,05:36:45.3,石垣島近海,24°41.1′N,123°27.3′E,88 km,0.4,---
2026/08/02,05:37:20.2,熊本県天草・芦北地方,32°27.6′N,130°32.4′E,14 km,1.8,---
2026/08/02,05:37:23.2,能登半島沖,37°48.7′N,137°27.6′E,12 km,1.8,---
2026/08/02,05:38:20.0,熊本県天草・芦北地方,32°26.9′N,130°28.4′E,0 km,1.3,---
2026/08/02,05:39:59.7,熊本県天草・芦北地方,32°28.6′N,130°29.9′E,13 km,0.6,---
2026/08/02,05:40:22.3,長野県北部,36°23.8′N,137°37.2′E,2 km,0.7,---
2026/08/02,05:40:48.8,十勝地方北部,43°22.7′N,142°45.2′E,11 km,-0.1,---
2026/08/02,05:40:51.6,熊本県天草・芦北地方,32°23.5′N,130°28.7′E,10 km,0.7,---
2026/08/02,05:41:35.1,熊本県熊本地方,32°32.2′N,130°38.0′E,2 km,1.0,---
2026/08/02,05:42:32.4,岐阜県美濃中西部,35°35.8′N,136°24.2′E,14 km,0.2,---
2026/08/02,05:43:23.2,新潟県上中越沖,37°36.1′N,138°24.5′E,20 km,1.0,---
2026/08/02,05:43:28.6,熊本県天草・芦北地方,32°14.0′N,130°25.0′E,2 km,0.0,---
2026/08/02,05:44:01.5,熊本県熊本地方,32°38.7′N,130°41.8′E,14 km,-0.1,---
2026/08/02,05:44:27.8,熊本県熊本地方,32°44.4′N,130°46.7′E,9 km,0.1,---
2026/08/02,05:45:26.3,熊本県天草・芦北地方,32°24.4′N,130°29.3′E,5 km,0.2,---
2026/08/02,05:46:23.7,熊本県熊本地方,32°39.3′N,130°44.7′E,7 km,0.2,---
2026/08/02,05:46:32.7,福島県沖,37°47.2′N,141°35.4′E,54 km,0.9,---
2026/08/02,05:47:18.1,熊本県熊本地方,32°37.5′N,130°41.6′E,9 km,0.6,---
2026/08/02,05:47:20.0,福島県沖,37°38.4′N,141°40.9′E,55 km,1.0,---
2026/08/02,05:48:33.5,茨城県沖,36°17.4′N,141°35.4′E,22 km,1.6,---
2026/08/02,05:49:01.3,愛媛県南予,33°02.7′N,132°40.0′E,11 km,0.2,---
2026/08/02,05:49:17.9,熊本県天草・芦北地方,32°09.9′N,130°32.0′E,8 km,0.0,---
2026/08/02,05:50:01.2,熊本県天草・芦北地方,32°26.9′N,130°29.8′E,11 km,0.4,---
2026/08/02,05:50:22.7,熊本県天草・芦北地方,32°28.6′N,130°31.3′E,11 km,0.9,---
2026/08/02,05:51:00.9,熊本県天草・芦北地方,32°29.2′N,130°31.3′E,9 km,-0.2,---
2026/08/02,05:52:20.4,西表島付近,24°03.4′N,123°42.7′E,15 km,2.2,---
2026/08/02,05:54:03.2,熊本県天草・芦北地方,32°19.2′N,130°27.3′E,10 km,0.1,---
2026/08/02,05:55:35.8,熊本県天草・芦北地方,32°27.0′N,130°29.9′E,9 km,0.3,---
2026/08/02,05:56:01.2,青森県東方沖,40°53.0′N,142°59.3′E,15 km,1.4,---
2026/08/02,05:58:17.0,熊本県天草・芦北地方,32°28.3′N,130°29.8′E,12 km,1.3,---
2026/08/02,05:58:41.4,熊本県熊本地方,32°40.5′N,130°45.0′E,7 km,0.0,---
2026/08/02,05:59:19.0,三陸沖,39°16.6′N,143°36.1′E,11 km,1.2,---
2026/08/02,06:00:19.9,熊本県熊本地方,32°28.6′N,130°35.9′E,1 km,0.7,---
2026/08/02,06:00:42.9,熊本県熊本地方,32°38.2′N,130°43.7′E,9 km,0.8,---
2026/08/02,06:02:29.3,熊本県熊本地方,32°31.8′N,130°37.3′E,9 km,0.6,---
2026/08/02,06:02:50.4,熊本県天草・芦北地方,32°27.9′N,130°32.5′E,6 km,0.7,---
2026/08/02,06:04:01.2,熊本県天草・芦北地方,32°27.0′N,130°33.7′E,5 km,0.7,---
2026/08/02,06:04:59.0,熊本県熊本地方,32°33.9′N,130°40.4′E,8 km,0.3,---
2026/08/02,06:05:10.1,奄美大島北東沖,29°05.2′N,130°06.0′E,56 km,2.2,---
2026/08/02,06:05:10.2,和歌山県南部,33°53.3′N,135°42.2′E,16 km,0.2,---
2026/08/02,06:05:21.5,熊本県熊本地方,32°35.8′N,130°39.6′E,15 km,0.1,---
2026/08/02,06:06:32.0,熊本県熊本地方,32°38.8′N,130°42.7′E,15 km,0.1,---
2026/08/02,06:06:56.4,福島県沖,37°36.8′N,141°52.1′E,42 km,1.2,---
2026/08/02,06:07:42.1,熊本県熊本地方,32°39.1′N,130°42.3′E,16 km,0.3,---
2026/08/02,06:08:05.4,千葉県南東沖,34°46.6′N,140°25.5′E,54 km,1.2,---
2026/08/02,06:08:14.6,四国沖,32°40.9′N,134°45.8′E,22 km,1.6,---
2026/08/02,06:08:16.6,熊本県天草・芦北地方,32°25.4′N,130°28.7′E,9 km,0.8,---
2026/08/02,06:08:39.3,宮崎県南部平野部,31°22.8′N,131°21.7′E,44 km,0.7,---
2026/08/02,06:10:47.4,熊本県熊本地方,32°44.2′N,130°46.6′E,12 km,0.0,---
2026/08/02,06:11:21.8,熊本県熊本地方,32°31.5′N,130°36.2′E,13 km,0.6,---
2026/08/02,06:12:16.2,熊本県天草・芦北地方,32°22.5′N,130°29.2′E,9 km,0.3,---
2026/08/02,06:13:05.5,日向灘,31°57.1′N,132°01.8′E,17 km,1.4,---
2026/08/02,06:13:08.4,高知県中部,33°47.2′N,133°37.7′E,7 km,0.0,---
2026/08/02,06:14:39.2,熊本県天草・芦北地方,32°23.2′N,130°28.6′E,5 km,0.1,---
2026/08/02,06:15:37.2,熊本県熊本地方,32°36.5′N,130°40.3′E,14 km,0.2,---
2026/08/02,06:16:16.6,西表島付近,24°03.6′N,123°42.3′E,13 km,1.4,---
2026/08/02,06:16:19.5,熊本県熊本地方,32°34.5′N,130°37.8′E,9 km,0.2,---
2026/08/02,06:17:32.8,熊本県熊本地方,32°33.1′N,130°38.6′E,4 km,1.0,---
2026/08/02,06:18:01.5,熊本県天草・芦北地方,32°29.8′N,130°32.2′E,12 km,2.6,---
2026/08/02,06:18:45.2,沖縄本島北西沖,27°57.0′N,127°56.0′E,6 km,1.3,---
2026/08/02,06:19:17.1,日向灘,31°57.4′N,132°01.0′E,17 km,1.3,---
2026/08/02,06:20:50.2,熊本県天草・芦北地方,32°24.1′N,130°31.5′E,6 km,1.7,---
2026/08/02,06:21:34.0,熊本県熊本地方,32°32.8′N,130°37.6′E,9 km,0.3,---
2026/08/02,06:22:13.7,熊本県熊本地方,32°35.6′N,130°40.7′E,11 km,2.3,---
2026/08/02,06:23:19.2,鹿児島県薩摩地方,32°10.8′N,130°20.9′E,5 km,0.1,---
2026/08/02,06:24:27.9,熊本県熊本地方,32°32.2′N,130°36.5′E,6 km,0.7,---
2026/08/02,06:24:51.8,熊本県熊本地方,32°37.9′N,130°43.5′E,10 km,0.3,---
2026/08/02,06:25:30.4,熊本県熊本地方,32°38.8′N,130°43.4′E,9 km,0.8,---
2026/08/02,06:26:29.6,日向灘,31°57.8′N,132°01.7′E,18 km,1.0,---
2026/08/02,06:27:16.1,三陸沖,39°43.8′N,143°24.0′E,13 km,1.1,---
2026/08/02,06:27:56.6,日向灘,31°56.2′N,132°02.7′E,17 km,1.3,---
2026/08/02,06:27:59.8,三陸沖,39°27.8′N,143°24.2′E,12 km,1.2,---
2026/08/02,06:28:00.1,熊本県熊本地方,32°38.8′N,130°44.6′E,11 km,0.5,---
2026/08/02,06:29:20.0,熊本県熊本地方,32°33.8′N,130°36.7′E,12 km,1.0,---
2026/08/02,06:31:24.2,日向灘,31°58.3′N,132°01.5′E,19 km,2.1,---
2026/08/02,06:32:03.5,熊本県熊本地方,32°34.2′N,130°39.6′E,3 km,0.5,---
2026/08/02,06:32:17.3,石垣島近海,23°49.1′N,124°41.2′E,39 km,1.0,---
2026/08/02,06:33:33.7,茨城県北部,36°45.2′N,140°34.4′E,9 km,0.4,---
2026/08/02,06:36:04.2,熊本県熊本地方,32°38.6′N,130°43.8′E,9 km,0.8,---
2026/08/02,06:36:38.9,熊本県熊本地方,32°32.4′N,130°36.4′E,10 km,2.6,---
2026/08/02,06:37:57.9,熊本県天草・芦北地方,32°28.9′N,130°34.3′E,7 km,1.6,---
2026/08/02,06:38:37.6,山口県中部,34°24.8′N,131°36.2′E,32 km,0.6,---
2026/08/02,06:39:32.0,熊本県熊本地方,32°38.1′N,130°41.1′E,15 km,0.4,---
2026/08/02,06:40:30.6,熊本県熊本地方,32°32.0′N,130°36.0′E,14 km,1.1,---
2026/08/02,06:40:48.7,沖縄本島近海,25°06.0′N,128°53.0′E,55 km,3.3,---
2026/08/02,06:42:24.3,熊本県熊本地方,32°42.5′N,130°46.5′E,17 km,-0.1,---
2026/08/02,06:43:32.8,静岡県西部,34°49.1′N,138°03.7′E,8 km,-0.2,---
2026/08/02,06:43:46.7,熊本県熊本地方,32°39.5′N,130°41.4′E,15 km,0.7,---
2026/08/02,06:44:16.9,熊本県熊本地方,32°39.4′N,130°41.6′E,16 km,0.2,---
2026/08/02,06:45:16.6,熊本県熊本地方,32°35.1′N,130°41.4′E,9 km,0.3,---
2026/08/02,06:46:05.0,熊本県天草・芦北地方,32°23.9′N,130°29.7′E,4 km,1.0,---
2026/08/02,06:47:24.0,熊本県熊本地方,32°31.2′N,130°34.4′E,11 km,0.2,---
2026/08/02,06:48:27.3,熊本県天草・芦北地方,32°16.8′N,130°30.0′E,0 km,0.3,---
2026/08/02,06:48:28.2,熊本県阿蘇地方,32°56.4′N,131°00.3′E,9 km,0.4,---
2026/08/02,06:49:36.4,熊本県天草・芦北地方,32°28.8′N,130°31.3′E,0 km,0.1,---
2026/08/02,06:49:55.0,熊本県熊本地方,32°37.4′N,130°40.5′E,10 km,0.7,---
2026/08/02,06:50:11.8,熊本県熊本地方,32°38.6′N,130°40.3′E,13 km,0.5,---
2026/08/02,06:50:38.6,熊本県熊本地方,32°43.6′N,130°47.3′E,8 km,0.7,---
2026/08/02,06:51:45.5,福井県嶺南,35°23.1′N,135°42.9′E,7 km,0.2,---
2026/08/02,06:52:27.0,熊本県熊本地方,32°41.0′N,130°44.8′E,11 km,2.0,---
2026/08/02,06:52:33.7,薩摩半島西方沖,31°34.5′N,130°02.0′E,10 km,0.8,---
2026/08/02,06:53:18.3,日向灘,31°55.4′N,132°01.6′E,16 km,1.1,---
2026/08/02,06:53:19.5,三陸沖,39°48.9′N,143°22.6′E,13 km,1.7,---
2026/08/02,06:55:22.6,熊本県熊本地方,32°29.3′N,130°34.4′E,11 km,0.8,---
2026/08/02,06:55:49.0,熊本県熊本地方,32°36.2′N,130°40.9′E,7 km,0.6,---
2026/08/02,06:56:24.7,熊本県熊本地方,32°31.1′N,130°35.6′E,10 km,1.0,---
2026/08/02,06:57:26.2,熊本県熊本地方,32°49.3′N,130°50.3′E,9 km,0.6,---
2026/08/02,06:57:30.9,長野県北部,36°23.8′N,137°38.0′E,4 km,0.0,---
2026/08/02,06:58:02.9,熊本県熊本地方,32°43.4′N,130°47.0′E,14 km,0.2,---
2026/08/02,06:59:44.9,熊本県熊本地方,32°33.9′N,130°39.7′E,4 km,0.1,---
2026/08/02,07:00:14.7,茨城県沖,36°01.1′N,141°13.2′E,10 km,1.3,---
2026/08/02,07:00:26.4,熊本県熊本地方,32°35.5′N,130°37.7′E,15 km,0.1,---
2026/08/02,07:01:56.9,熊本県天草・芦北地方,32°25.9′N,130°29.7′E,8 km,0.5,---
2026/08/02,07:01:56.9,島根県東部,35°19.4′N,133°16.6′E,10 km,0.3,---
2026/08/02,07:02:48.9,島根県東部,35°19.1′N,133°16.5′E,10 km,-0.1,---
2026/08/02,07:02:56.5,千葉県北東部,35°43.9′N,140°40.8′E,49 km,0.7,---
2026/08/02,07:03:24.4,熊本県熊本地方,32°32.2′N,130°34.6′E,14 km,2.2,---
2026/08/02,07:04:42.9,熊本県熊本地方,32°32.7′N,130°37.1′E,14 km,0.2,---
2026/08/02,07:05:04.8,熊本県熊本地方,32°38.8′N,130°44.7′E,12 km,0.7,---
2026/08/02,07:05:34.5,熊本県天草・芦北地方,32°13.8′N,130°26.3′E,0 km,0.2,---
2026/08/02,07:06:03.0,熊本県熊本地方,32°30.6′N,130°35.4′E,11 km,1.5,---
2026/08/02,07:06:07.0,茨城県沖,36°25.5′N,140°59.5′E,42 km,2.5,---
2026/08/02,07:07:16.4,千葉県北東部,35°43.3′N,140°39.4′E,48 km,0.7,---
2026/08/02,07:08:12.0,熊本県天草・芦北地方,32°10.2′N,130°30.3′E,0 km,-0.4,---
2026/08/02,07:09:37.9,熊本県熊本地方,32°33.5′N,130°37.2′E,11 km,1.5,---
2026/08/02,07:11:21.6,日向灘,31°57.3′N,132°01.6′E,12 km,0.7,---
2026/08/02,07:12:47.3,宮城県沖,38°25.6′N,142°14.7′E,27 km,1.9,---
2026/08/02,07:12:58.6,熊本県熊本地方,32°39.6′N,130°43.0′E,9 km,0.8,---
2026/08/02,07:14:13.7,熊本県熊本地方,32°39.7′N,130°41.3′E,15 km,1.1,---
2026/08/02,07:14:15.2,福島県沖,37°49.0′N,141°36.6′E,49 km,1.4,---
2026/08/02,07:14:30.6,択捉島南東沖,44°47.0′N,149°09.5′E,30 km,3.3,---
2026/08/02,07:15:06.2,島根県東部,35°19.7′N,133°16.2′E,9 km,-0.3,---
2026/08/02,07:15:09.2,熊本県熊本地方,32°38.5′N,130°43.7′E,9 km,0.9,---
2026/08/02,07:15:19.9,長野県北部,36°21.7′N,137°38.3′E,5 km,0.5,---
2026/08/02,07:16:06.8,熊本県天草・芦北地方,32°19.9′N,130°27.2′E,1 km,-0.5,---
2026/08/02,07:16:31.6,熊本県天草・芦北地方,32°29.6′N,130°32.1′E,12 km,0.7,---
2026/08/02,07:17:03.4,天草灘,31°59.6′N,130°11.7′E,2 km,0.6,---
2026/08/02,07:17:33.9,天草灘,31°59.5′N,130°11.7′E,2 km,-0.1,---
2026/08/02,07:17:37.1,三陸沖,40°33.4′N,145°04.9′E,11 km,1.2,---
2026/08/02,07:17:57.9,熊本県天草・芦北地方,32°22.5′N,130°27.3′E,10 km,0.0,---
2026/08/02,07:19:33.5,熊本県天草・芦北地方,32°12.6′N,130°22.5′E,13 km,0.4,---
2026/08/02,07:20:16.8,熊本県天草・芦北地方,32°12.4′N,130°21.2′E,3 km,-0.4,---
2026/08/02,07:21:01.2,熊本県熊本地方,32°34.6′N,130°39.5′E,5 km,0.6,---
2026/08/02,07:22:53.4,熊本県熊本地方,32°32.7′N,130°38.6′E,11 km,0.3,---
2026/08/02,07:24:00.4,三陸沖,40°10.3′N,143°08.6′E,7 km,1.4,---
2026/08/02,07:24:28.2,熊本県天草・芦北地方,32°25.6′N,130°31.8′E,3 km,0.4,---
2026/08/02,07:24:48.8,三陸沖,40°10.5′N,143°08.5′E,7 km,1.2,---
2026/08/02,07:26:22.6,青森県津軽南部,40°29.4′N,140°05.7′E,171 km,2.2,---
2026/08/02,07:28:09.3,紀伊水道,33°50.3′N,134°58.0′E,11 km,1.3,---
2026/08/02,07:28:10.3,熊本県天草・芦北地方,32°28.9′N,130°33.4′E,1 km,0.9,---
2026/08/02,07:29:34.6,福島県沖,37°07.8′N,141°55.9′E,29 km,1.3,---
2026/08/02,07:30:32.7,薩摩半島西方沖,31°12.4′N,130°24.5′E,135 km,1.0,---
2026/08/02,07:30:34.4,熊本県熊本地方,32°41.1′N,130°44.6′E,10 km,0.9,---
2026/08/02,07:31:28.8,奄美大島北東沖,29°09.9′N,130°27.1′E,13 km,2.5,---
2026/08/02,07:31:39.2,熊本県熊本地方,32°33.8′N,130°40.5′E,4 km,0.3,---
2026/08/02,07:32:03.2,熊本県天草・芦北地方,32°22.9′N,130°28.8′E,8 km,0.6,---
2026/08/02,07:33:17.5,和歌山県北部,34°03.9′N,135°19.5′E,9 km,-0.6,---
2026/08/02,07:34:02.7,熊本県天草・芦北地方,32°18.5′N,130°26.4′E,1 km,0.1,---
2026/08/02,07:34:18.1,和歌山県北部,34°07.8′N,135°11.6′E,6 km,0.5,---
2026/08/02,07:35:22.0,紀伊水道,33°50.2′N,134°58.1′E,12 km,0.5,---
2026/08/02,07:35:56.4,熊本県天草・芦北地方,32°26.6′N,130°31.7′E,10 km,0.3,---
2026/08/02,07:36:33.0,奄美大島近海,28°00.8′N,129°23.3′E,15 km,0.9,---
2026/08/02,07:37:25.3,熊本県天草・芦北地方,32°25.0′N,130°31.2′E,1 km,0.3,---
2026/08/02,07:38:44.8,熊本県熊本地方,32°32.4′N,130°34.6′E,14 km,0.8,---
2026/08/02,07:39:09.9,岐阜県美濃中西部,35°35.7′N,136°24.1′E,13 km,0.1,---
2026/08/02,07:40:13.8,熊本県熊本地方,32°29.9′N,130°34.2′E,9 km,0.4,---
2026/08/02,07:40:53.3,熊本県熊本地方,32°31.8′N,130°35.9′E,11 km,0.2,---
2026/08/02,07:42:35.2,滋賀県北部,35°24.2′N,135°57.0′E,8 km,0.3,---
2026/08/02,07:43:01.0,熊本県天草・芦北地方,32°28.3′N,130°32.7′E,3 km,0.8,---
2026/08/02,07:43:44.4,熊本県天草・芦北地方,32°18.9′N,130°27.6′E,7 km,1.4,---
2026/08/02,07:43:50.3,岩手県沖,40°22.3′N,142°29.6′E,42 km,1.4,---
2026/08/02,07:44:41.3,茨城県北部,36°45.1′N,140°34.4′E,10 km,0.7,---
2026/08/02,07:45:24.1,奄美大島北東沖,29°40.0′N,130°43.1′E,0 km,2.1,---
2026/08/02,07:46:36.1,熊本県天草・芦北地方,32°28.6′N,130°33.5′E,12 km,1.1,---
2026/08/02,07:47:05.0,熊本県天草・芦北地方,32°30.1′N,130°31.8′E,10 km,1.0,---
2026/08/02,07:50:18.4,石垣島近海,24°13.0′N,124°11.0′E,10 km,0.4,---
2026/08/02,07:51:31.1,熊本県天草・芦北地方,32°27.2′N,130°32.4′E,13 km,0.4,---
2026/08/02,07:51:58.5,熊本県熊本地方,32°32.9′N,130°34.7′E,8 km,0.3,---
2026/08/02,07:52:39.6,福島県沖,37°22.2′N,141°50.4′E,40 km,1.0,---
2026/08/02,07:52:42.4,熊本県天草・芦北地方,32°23.2′N,130°28.8′E,9 km,1.7,---
2026/08/02,07:53:28.5,千葉県北西部,35°51.2′N,140°26.4′E,32 km,0.3,---
2026/08/02,07:53:45.0,種子島南東沖,29°40.2′N,131°07.5′E,39 km,1.7,---
2026/08/02,07:55:17.3,熊本県天草・芦北地方,32°26.4′N,130°32.6′E,5 km,0.4,---
2026/08/02,07:56:10.1,熊本県阿蘇地方,32°57.1′N,131°02.5′E,9 km,0.3,---
2026/08/02,07:57:32.1,熊本県熊本地方,32°30.3′N,130°34.4′E,7 km,1.1,---
2026/08/02,07:58:21.0,福島県沖,37°08.8′N,141°42.4′E,39 km,1.5,---
2026/08/02,07:58:26.4,岩手県沖,40°11.4′N,142°52.3′E,4 km,1.6,---
2026/08/02,07:58:35.3,熊本県天草・芦北地方,32°12.3′N,130°21.6′E,3 km,0.7,---
2026/08/02,07:59:05.0,石川県能登地方,37°19.9′N,136°58.0′E,12 km,1.8,---
2026/08/02,07:59:06.4,日向灘,31°58.2′N,132°01.4′E,18 km,1.8,---
2026/08/02,07:59:28.5,日向灘,31°57.2′N,132°01.5′E,21 km,2.7,---
2026/08/02,08:00:10.9,岩手県沖,40°15.0′N,142°25.5′E,43 km,1.5,---
2026/08/02,08:00:12.2,熊本県天草・芦北地方,32°28.5′N,130°34.4′E,4 km,1.8,---
2026/08/02,08:00:21.2,和歌山県北部,34°02.6′N,135°17.2′E,5 km,0.3,---
2026/08/02,08:00:47.4,熊本県熊本地方,32°41.7′N,130°44.0′E,12 km,0.6,---
2026/08/02,08:02:38.4,熊本県天草・芦北地方,32°23.2′N,130°28.8′E,11 km,0.7,---
2026/08/02,08:02:52.6,釧路地方中南部,42°58.8′N,144°38.2′E,36 km,0.6,---
2026/08/02,08:03:23.1,島根県東部,35°19.2′N,133°16.5′E,9 km,0.1,---
2026/08/02,08:04:13.0,熊本県天草・芦北地方,32°29.6′N,130°32.2′E,9 km,0.3,---
2026/08/02,08:04:50.3,熊本県熊本地方,32°36.9′N,130°43.0′E,4 km,2.1,---
2026/08/02,08:05:24.3,熊本県熊本地方,32°38.7′N,130°44.6′E,8 km,0.9,---
2026/08/02,08:07:02.3,熊本県天草・芦北地方,32°24.2′N,130°29.4′E,7 km,0.6,---
2026/08/02,08:07:24.7,紀伊水道,33°48.1′N,134°54.8′E,15 km,0.4,---
2026/08/02,08:07:33.9,日向灘,31°57.7′N,132°01.0′E,18 km,1.1,---
2026/08/02,08:07:41.9,茨城県沖,36°15.9′N,141°01.2′E,36 km,1.1,---
2026/08/02,08:08:08.7,熊本県熊本地方,32°33.3′N,130°36.2′E,11 km,0.5,---
2026/08/02,08:08:42.8,熊本県熊本地方,32°39.6′N,130°45.0′E,10 km,1.0,---
2026/08/02,08:10:40.2,薩摩半島西方沖,31°50.4′N,130°07.2′E,12 km,0.0,---
2026/08/02,08:12:29.5,日向灘,31°56.9′N,132°01.9′E,18 km,1.5,---
2026/08/02,08:12:41.5,熊本県熊本地方,32°33.5′N,130°38.9′E,7 km,不明,---
2026/08/02,08:12:46.0,熊本県熊本地方,32°41.4′N,130°44.8′E,9 km,1.8,---
2026/08/02,08:13:16.7,熊本県熊本地方,32°30.6′N,130°35.0′E,12 km,0.6,---
2026/08/02,08:13:51.7,熊本県熊本地方,32°30.7′N,130°34.9′E,10 km,0.1,---
2026/08/02,08:14:35.8,茨城県北部,36°41.1′N,140°37.5′E,10 km,1.4,---
2026/08/02,08:15:01.1,熊本県熊本地方,32°31.1′N,130°36.4′E,12 km,0.0,---
2026/08/02,08:15:05.4,三陸沖,39°44.1′N,143°21.2′E,13 km,1.2,---
2026/08/02,08:15:57.4,和歌山県北部,34°04.2′N,135°19.4′E,9 km,-0.1,---
2026/08/02,08:16:19.5,上川地方北部,44°38.1′N,142°03.2′E,6 km,0.3,---
2026/08/02,08:17:32.4,岩手県沖,39°11.9′N,142°12.0′E,51 km,3.2,---
2026/08/02,08:17:58.3,日向灘,31°57.5′N,132°01.4′E,20 km,2.2,---
2026/08/02,08:18:49.2,熊本県熊本地方,32°36.4′N,130°42.1′E,8 km,1.2,---
2026/08/02,08:20:42.2,日向灘,31°58.0′N,132°01.9′E,20 km,1.7,---
2026/08/02,08:20:47.4,熊本県天草・芦北地方,32°22.1′N,130°28.7′E,2 km,0.2,---
2026/08/02,08:22:53.9,熊本県熊本地方,32°36.2′N,130°39.8′E,11 km,0.4,---
2026/08/02,08:23:19.1,熊本県天草・芦北地方,32°22.6′N,130°28.6′E,8 km,0.1,---
2026/08/02,08:24:18.1,兵庫県南東部,34°56.3′N,135°21.4′E,9 km,1.3,---
2026/08/02,08:25:06.4,茨城県沖,36°44.4′N,140°50.0′E,65 km,1.3,---
2026/08/02,08:25:13.4,熊本県熊本地方,32°38.3′N,130°43.9′E,9 km,0.3,---
2026/08/02,08:25:59.8,熊本県天草・芦北地方,32°25.2′N,130°31.3′E,9 km,0.4,---
2026/08/02,08:27:55.5,熊本県天草・芦北地方,32°12.6′N,130°25.7′E,2 km,0.5,---
2026/08/02,08:27:59.0,秋田県内陸北部,39°58.7′N,140°33.0′E,3 km,0.2,---
2026/08/02,08:29:43.7,長野県北部,36°21.6′N,137°38.3′E,1 km,1.3,---
2026/08/02,08:32:22.1,熊本県天草・芦北地方,32°28.1′N,130°32.7′E,4 km,0.0,---
2026/08/02,08:32:27.0,茨城県北部,36°40.7′N,140°37.9′E,9 km,0.5,---
2026/08/02,08:32:48.8,長野県中部,36°11.3′N,137°56.6′E,12 km,0.3,---
2026/08/02,08:33:06.1,熊本県熊本地方,32°38.3′N,130°43.7′E,10 km,1.5,---
2026/08/02,08:33:17.3,福島県沖,37°51.5′N,141°34.8′E,47 km,1.1,---
2026/08/02,08:34:05.8,高知県中部,33°47.0′N,133°59.3′E,12 km,0.0,---
2026/08/02,08:34:11.9,長野県南部,35°53.7′N,137°41.8′E,10 km,-0.1,---
2026/08/02,08:37:29.6,兵庫県北部,35°32.8′N,134°43.4′E,7 km,不明,---
2026/08/02,08:38:28.4,熊本県天草・芦北地方,32°31.5′N,130°33.3′E,13 km,0.7,---
2026/08/02,08:40:23.9,熊本県熊本地方,32°33.5′N,130°36.8′E,12 km,0.8,---
2026/08/02,08:40:52.7,奄美大島近海,28°49.2′N,129°55.2′E,31 km,2.2,---
2026/08/02,08:41:21.2,熊本県熊本地方,32°31.4′N,130°34.6′E,15 km,0.5,---
2026/08/02,08:41:36.5,八丈島東方沖,33°19.2′N,140°26.8′E,49 km,2.2,---
2026/08/02,08:42:02.3,三陸沖,39°25.9′N,144°48.7′E,18 km,2.7,---
2026/08/02,08:42:26.6,栃木県北部,36°54.1′N,139°49.0′E,8 km,不明,---
2026/08/02,08:42:49.5,京都府南部,35°03.4′N,135°32.9′E,12 km,0.6,---
2026/08/02,08:43:05.7,熊本県熊本地方,32°31.3′N,130°34.4′E,11 km,1.5,---
2026/08/02,08:44:22.7,熊本県天草・芦北地方,32°24.8′N,130°31.1′E,8 km,2.4,---
2026/08/02,08:48:29.0,熊本県天草・芦北地方,32°28.2′N,130°32.4′E,7 km,0.9,---
2026/08/02,08:52:09.0,和歌山県北部,34°04.7′N,135°23.2′E,5 km,-0.2,---
2026/08/02,08:52:25.8,熊本県天草・芦北地方,32°27.5′N,130°31.9′E,8 km,1.2,---
2026/08/02,08:53:52.2,岐阜県美濃東部,35°21.9′N,137°33.3′E,53 km,0.2,---
2026/08/02,08:55:33.3,三陸沖,40°32.6′N,145°04.8′E,13 km,1.7,---
2026/08/02,08:57:01.6,熊本県熊本地方,32°33.1′N,130°36.9′E,13 km,1.1,---
2026/08/02,08:57:54.2,熊本県熊本地方,32°35.8′N,130°41.2′E,7 km,0.7,---
2026/08/02,08:58:40.4,熊本県熊本地方,32°32.6′N,130°37.4′E,8 km,2.1,---
2026/08/02,08:59:23.3,熊本県天草・芦北地方,32°19.7′N,130°28.9′E,10 km,0.1,---
2026/08/02,09:01:09.3,熊本県熊本地方,32°39.0′N,130°42.0′E,14 km,0.7,---
2026/08/02,09:01:20.2,北海道東方沖,43°39.5′N,147°06.7′E,0 km,2.6,---
2026/08/02,09:02:20.4,熊本県天草・芦北地方,32°17.7′N,130°27.3′E,5 km,0.3,---
2026/08/02,09:02:30.3,熊本県天草・芦北地方,32°27.7′N,130°29.0′E,11 km,0.7,---
2026/08/02,09:04:29.8,熊本県熊本地方,32°35.8′N,130°40.6′E,9 km,0.6,---
2026/08/02,09:04:45.9,千葉県南部,35°11.9′N,140°14.4′E,23 km,0.9,---
2026/08/02,09:04:49.2,熊本県熊本地方,32°30.5′N,130°34.5′E,9 km,0.5,---
2026/08/02,09:05:02.8,茨城県北部,36°41.1′N,140°37.9′E,9 km,0.4,---
2026/08/02,09:05:19.3,静岡県中部,34°59.2′N,138°15.2′E,19 km,-0.1,---
2026/08/02,09:06:00.1,茨城県沖,36°26.1′N,140°59.9′E,41 km,1.4,---
2026/08/02,09:06:07.7,熊本県熊本地方,32°33.4′N,130°39.8′E,6 km,0.5,---
2026/08/02,09:06:59.5,五島列島近海,32°47.0′N,129°40.9′E,7 km,1.6,---
2026/08/02,09:08:47.3,岩手県内陸南部,38°57.1′N,140°52.9′E,6 km,1.0,---
2026/08/02,09:09:06.8,奄美大島北東沖,29°16.0′N,129°46.7′E,67 km,1.9,---
2026/08/02,09:10:12.8,熊本県天草・芦北地方,32°12.5′N,130°22.0′E,3 km,0.2,---
2026/08/02,09:10:26.3,熊本県熊本地方,32°40.4′N,130°42.4′E,15 km,0.8,---
2026/08/02,09:10:57.8,熊本県天草・芦北地方,32°28.6′N,130°29.6′E,13 km,0.5,---
2026/08/02,09:11:26.0,熊本県天草・芦北地方,32°26.4′N,130°28.3′E,0 km,0.4,---
2026/08/02,09:12:09.7,熊本県熊本地方,32°31.7′N,130°36.1′E,13 km,1.5,---
2026/08/02,09:12:42.5,熊本県天草・芦北地方,32°23.0′N,130°29.7′E,8 km,1.0,---
2026/08/02,09:13:38.3,北西太平洋,48°11.3′N,156°03.2′E,30 km,6.0,---
2026/08/02,09:14:06.5,熊本県熊本地方,32°38.3′N,130°43.8′E,11 km,0.2,---
2026/08/02,09:15:25.3,熊本県天草・芦北地方,32°25.3′N,130°29.8′E,10 km,-0.1,---
2026/08/02,09:16:25.2,熊本県熊本地方,32°33.8′N,130°38.4′E,9 km,0.3,---
2026/08/02,09:16:52.4,福島県会津,37°31.7′N,139°58.4′E,141 km,不明,---
2026/08/02,09:17:05.6,山梨県東部・富士五湖,35°30.4′N,138°56.8′E,21 km,0.2,---
2026/08/02,09:17:32.3,熊本県天草・芦北地方,32°30.9′N,130°32.4′E,11 km,1.0,---
2026/08/02,09:17:59.8,熊本県熊本地方,32°40.6′N,130°42.8′E,13 km,1.0,---
2026/08/02,09:19:15.3,熊本県熊本地方,32°37.4′N,130°38.5′E,16 km,1.2,---
2026/08/02,09:19:42.5,熊本県熊本地方,32°32.5′N,130°35.4′E,12 km,3.7,---
2026/08/02,09:21:54.6,熊本県熊本地方,32°31.1′N,130°37.4′E,0 km,1.2,---
2026/08/02,09:23:32.1,熊本県天草・芦北地方,32°24.8′N,130°29.9′E,7 km,0.9,---
2026/08/02,09:23:32.3,日向灘,31°57.0′N,132°01.7′E,19 km,1.2,---
2026/08/02,09:23:57.7,熊本県熊本地方,32°31.1′N,130°34.1′E,10 km,0.6,---
2026/08/02,09:24:37.0,熊本県天草・芦北地方,32°26.9′N,130°28.7′E,13 km,2.0,---
2026/08/02,09:25:28.4,熊本県熊本地方,32°32.8′N,130°37.0′E,13 km,0.1,---
2026/08/02,09:25:54.0,熊本県天草・芦北地方,32°27.4′N,130°32.3′E,5 km,0.3,---
2026/08/02,09:26:49.5,熊本県天草・芦北地方,32°27.0′N,130°29.0′E,8 km,0.3,---
2026/08/02,09:27:14.7,熊本県熊本地方,32°49.8′N,130°50.5′E,7 km,0.2,---
2026/08/02,09:29:01.4,福島県沖,37°24.0′N,141°25.3′E,79 km,0.9,---
2026/08/02,09:29:48.0,熊本県熊本地方,32°34.0′N,130°36.8′E,15 km,0.4,---
2026/08/02,09:31:12.7,長野県北部,36°29.3′N,138°05.3′E,5 km,0.0,---
2026/08/02,09:31:14.6,熊本県熊本地方,32°37.1′N,130°43.4′E,7 km,0.4,---
2026/08/02,09:31:47.8,熊本県天草・芦北地方,32°27.2′N,130°32.9′E,7 km,0.1,---
2026/08/02,09:32:12.5,西表島付近,24°25.8′N,123°52.8′E,6 km,1.4,---
2026/08/02,09:35:00.6,熊本県天草・芦北地方,32°23.6′N,130°28.9′E,5 km,0.1,---
2026/08/02,09:35:41.5,熊本県熊本地方,32°32.0′N,130°36.2′E,13 km,0.8,---
2026/08/02,09:37:02.0,熊本県熊本地方,32°42.0′N,130°45.0′E,11 km,0.0,---
2026/08/02,09:37:29.1,関東東方沖,35°06.9′N,142°30.5′E,25 km,2.3,---
2026/08/02,09:38:35.6,熊本県熊本地方,32°32.5′N,130°34.2′E,13 km,0.0,---
2026/08/02,09:38:42.9,熊本県熊本地方,32°38.2′N,130°42.2′E,14 km,0.6,---
2026/08/02,09:39:53.3,日向灘,31°58.4′N,132°01.5′E,18 km,1.6,---
2026/08/02,09:40:11.5,茨城県沖,36°40.2′N,141°10.6′E,4 km,1.3,---
2026/08/02,09:40:55.3,日向灘,31°57.5′N,132°00.5′E,18 km,1.3,---
2026/08/02,09:40:59.2,熊本県天草・芦北地方,32°25.2′N,130°31.1′E,4 km,0.3,---
2026/08/02,09:41:43.7,熊本県天草・芦北地方,32°26.3′N,130°33.3′E,2 km,0.5,---
2026/08/02,09:43:33.8,熊本県熊本地方,32°43.5′N,130°46.0′E,10 km,0.1,---
2026/08/02,09:43:56.8,熊本県天草・芦北地方,32°28.0′N,130°29.5′E,11 km,0.8,---
2026/08/02,09:44:11.2,熊本県熊本地方,32°35.2′N,130°37.0′E,14 km,0.7,---
2026/08/02,09:45:17.4,長野県北部,36°33.0′N,137°50.9′E,7 km,-0.1,---
2026/08/02,09:45:36.4,岩手県沖,40°08.8′N,142°37.1′E,37 km,4.8,---
2026/08/02,09:45:55.2,熊本県天草・芦北地方,32°34.1′N,130°35.5′E,13 km,1.0,---
2026/08/02,09:46:59.7,熊本県天草・芦北地方,32°26.0′N,130°32.5′E,1 km,0.5,---
2026/08/02,09:47:21.8,熊本県熊本地方,32°33.0′N,130°37.3′E,9 km,0.5,---
2026/08/02,09:47:47.0,沖縄本島北西沖,27°37.5′N,127°18.9′E,145 km,2.0,---
2026/08/02,09:48:03.4,熊本県熊本地方,32°29.1′N,130°34.4′E,12 km,3.3,---
2026/08/02,09:48:22.8,熊本県熊本地方,32°29.1′N,130°34.3′E,10 km,3.1,---
2026/08/02,09:49:32.5,熊本県熊本地方,32°29.0′N,130°34.1′E,10 km,1.1,---
2026/08/02,09:49:45.3,兵庫県南西部,34°50.8′N,134°46.6′E,10 km,0.6,---
2026/08/02,09:51:01.5,岩手県沖,40°09.3′N,142°37.5′E,31 km,不明,---
2026/08/02,09:51:11.0,熊本県熊本地方,32°35.0′N,130°39.1′E,11 km,0.5,---
2026/08/02,09:51:57.2,熊本県熊本地方,32°30.5′N,130°35.2′E,13 km,1.4,---
2026/08/02,09:52:34.2,熊本県天草・芦北地方,32°28.9′N,130°34.2′E,12 km,1.4,---
2026/08/02,09:53:22.9,熊本県天草・芦北地方,32°26.1′N,130°29.7′E,13 km,0.5,---
2026/08/02,09:54:30.0,鹿児島県薩摩地方,32°06.0′N,130°24.9′E,8 km,0.4,---
2026/08/02,09:54:55.5,熊本県熊本地方,32°29.4′N,130°34.3′E,13 km,0.5,---
2026/08/02,09:55:18.0,秋田県内陸北部,39°57.1′N,140°24.6′E,5 km,不明,---
2026/08/02,09:55:41.2,熊本県熊本地方,32°30.5′N,130°35.5′E,11 km,1.5,---
2026/08/02,09:56:44.9,熊本県天草・芦北地方,32°27.1′N,130°33.3′E,0 km,0.2,---
2026/08/02,09:56:55.8,兵庫県南西部,34°51.0′N,134°46.5′E,9 km,-0.1,---
2026/08/02,09:57:51.5,熊本県熊本地方,32°47.9′N,130°49.2′E,8 km,0.9,---
2026/08/02,09:58:15.6,岩手県沖,39°38.6′N,142°40.0′E,30 km,1.5,---
2026/08/02,09:59:13.3,熊本県熊本地方,32°34.9′N,130°37.2′E,14 km,0.5,---
2026/08/02,09:59:47.4,宮崎県北部平野部,32°35.7′N,131°35.3′E,14 km,0.4,---
2026/08/02,10:00:41.3,熊本県熊本地方,32°38.3′N,130°44.1′E,9 km,0.7,---
2026/08/02,10:01:20.3,熊本県熊本地方,32°29.8′N,130°34.6′E,10 km,0.6,---
2026/08/02,10:01:33.6,熊本県熊本地方,32°32.6′N,130°38.4′E,4 km,0.5,---
2026/08/02,10:02:07.2,熊本県天草・芦北地方,32°28.6′N,130°32.9′E,0 km,1.1,---
2026/08/02,10:03:04.5,熊本県熊本地方,32°32.6′N,130°36.0′E,5 km,0.4,---
2026/08/02,10:03:55.8,熊本県熊本地方,32°37.7′N,130°43.6′E,7 km,-0.1,---
2026/08/02,10:04:32.0,熊本県天草・芦北地方,32°29.8′N,130°31.7′E,12 km,1.1,---
2026/08/02,10:04:49.4,薩摩半島西方沖,31°47.4′N,129°21.7′E,6 km,1.1,---
2026/08/02,10:04:50.5,福島県会津,37°45.5′N,140°03.6′E,9 km,0.4,---
2026/08/02,10:06:28.1,福島県浜通り,37°02.0′N,140°40.5′E,8 km,-0.2,---
2026/08/02,10:07:32.1,日向灘,31°57.5′N,132°01.3′E,17 km,1.2,---
2026/08/02,10:09:10.0,熊本県天草・芦北地方,32°27.5′N,130°34.6′E,0 km,1.4,---
2026/08/02,10:10:58.8,熊本県熊本地方,32°39.2′N,130°45.0′E,9 km,0.3,---
2026/08/02,10:12:37.5,熊本県熊本地方,32°34.5′N,130°38.1′E,8 km,0.2,---
2026/08/02,10:13:34.4,宮城県沖,38°38.7′N,142°05.0′E,43 km,2.4,---
2026/08/02,10:14:29.9,愛知県西部,35°00.9′N,137°19.0′E,39 km,0.2,---
2026/08/02,10:15:28.1,宮城県沖,38°12.3′N,142°19.9′E,35 km,1.2,---
2026/08/02,10:16:19.5,福島県沖,37°20.2′N,141°47.9′E,42 km,1.2,---
2026/08/02,10:17:05.9,熊本県天草・芦北地方,32°31.7′N,130°33.6′E,14 km,0.6,---
2026/08/02,10:18:06.7,熊本県熊本地方,32°33.9′N,130°42.6′E,10 km,0.7,---
2026/08/02,10:18:07.7,宮古島近海,24°42.6′N,125°08.4′E,32 km,0.8,---
2026/08/02,10:19:36.9,大分県中部,33°17.0′N,131°24.2′E,6 km,不明,---
2026/08/02,10:19:53.4,宮城県沖,38°12.0′N,142°19.6′E,36 km,2.5,---
2026/08/02,10:19:53.5,福島県沖,37°43.3′N,141°36.6′E,52 km,1.7,---
2026/08/02,10:20:03.3,熊本県熊本地方,32°47.4′N,130°47.7′E,10 km,0.9,---
2026/08/02,10:20:22.9,与那国島近海,23°58.8′N,122°34.9′E,36 km,2.0,---
2026/08/02,10:20:31.0,熊本県熊本地方,32°40.7′N,130°45.2′E,10 km,0.2,---
2026/08/02,10:20:48.3,九州地方南東沖,30°39.5′N,131°36.0′E,31 km,1.1,---
2026/08/02,10:21:30.9,熊本県天草・芦北地方,32°26.4′N,130°28.4′E,2 km,-0.1,---
2026/08/02,10:22:36.4,福島県沖,37°37.3′N,141°34.0′E,53 km,0.9,---
2026/08/02,10:23:17.5,熊本県熊本地方,32°36.0′N,130°40.9′E,5 km,0.6,---
2026/08/02,10:23:20.9,後志地方東部,42°49.1′N,140°51.9′E,32 km,0.7,---
2026/08/02,10:24:00.4,熊本県熊本地方,32°37.0′N,130°41.2′E,10 km,0.7,---
2026/08/02,10:24:20.1,熊本県熊本地方,32°40.3′N,130°42.4′E,15 km,0.2,---
2026/08/02,10:24:33.4,熊本県熊本地方,32°46.3′N,130°47.9′E,11 km,0.1,---
2026/08/02,10:25:43.2,熊本県熊本地方,32°29.8′N,130°34.4′E,7 km,1.2,---
2026/08/02,10:26:30.2,群馬県北部,36°52.4′N,139°20.9′E,5 km,0.6,---
2026/08/02,10:26:31.7,熊本県熊本地方,32°35.7′N,130°42.6′E,12 km,1.0,---
2026/08/02,10:26:57.1,熊本県天草・芦北地方,32°29.3′N,130°30.8′E,9 km,0.1,---
2026/08/02,10:27:10.1,群馬県北部,36°52.4′N,139°21.0′E,5 km,0.7,---
2026/08/02,10:27:35.3,熊本県熊本地方,32°37.1′N,130°42.9′E,8 km,1.5,---
2026/08/02,10:27:39.1,群馬県北部,36°52.5′N,139°21.0′E,5 km,0.4,---
2026/08/02,10:28:12.3,群馬県北部,36°52.3′N,139°21.7′E,6 km,0.7,---
2026/08/02,10:28:18.2,日向灘,31°57.5′N,132°01.6′E,17 km,不明,---
2026/08/02,10:28:37.6,熊本県天草・芦北地方,32°26.9′N,130°28.7′E,8 km,0.4,---
2026/08/02,10:28:59.0,熊本県天草・芦北地方,32°26.1′N,130°32.7′E,2 km,0.2,---
2026/08/02,10:28:59.3,群馬県北部,36°52.5′N,139°21.3′E,5 km,1.3,---
2026/08/02,10:29:15.4,熊本県熊本地方,32°30.7′N,130°36.7′E,7 km,0.8,---
2026/08/02,10:30:44.6,熊本県熊本地方,32°40.8′N,130°42.1′E,14 km,1.5,---
2026/08/02,10:30:56.1,群馬県北部,36°52.4′N,139°20.9′E,5 km,0.5,---
2026/08/02,10:32:34.6,群馬県北部,36°52.4′N,139°21.2′E,5 km,0.4,---
2026/08/02,10:33:19.8,熊本県熊本地方,32°34.1′N,130°37.0′E,12 km,1.1,---
2026/08/02,10:33:19.8,熊本県阿蘇地方,32°57.6′N,131°04.7′E,9 km,0.7,---
2026/08/02,10:33:57.7,熊本県熊本地方,32°34.2′N,130°38.2′E,13 km,0.8,---
2026/08/02,10:34:02.6,日向灘,31°56.9′N,132°01.2′E,18 km,1.5,---
2026/08/02,10:35:17.5,群馬県北部,36°52.5′N,139°21.1′E,4 km,0.6,---
2026/08/02,10:35:44.6,滋賀県北部,35°23.1′N,135°57.6′E,9 km,0.0,---
2026/08/02,10:36:02.0,紀伊水道,33°40.1′N,135°18.9′E,42 km,-0.1,---
2026/08/02,10:36:05.2,群馬県北部,36°52.5′N,139°21.0′E,6 km,0.6,---
2026/08/02,10:36:20.2,群馬県北部,36°52.5′N,139°20.9′E,5 km,1.2,---
2026/08/02,10:36:22.3,和歌山県北部,34°08.8′N,135°09.1′E,7 km,0.3,---
2026/08/02,10:36:31.3,日向灘,31°56.7′N,132°01.6′E,17 km,1.1,---
2026/08/02,10:37:03.8,福島県沖,37°10.6′N,141°42.0′E,32 km,1.2,---
2026/08/02,10:37:31.3,熊本県熊本地方,32°38.0′N,130°43.6′E,11 km,1.0,---
2026/08/02,10:37:48.6,福島県沖,37°33.3′N,141°50.1′E,38 km,2.5,---
2026/08/02,10:38:05.6,熊本県天草・芦北地方,32°35.2′N,130°35.9′E,14 km,0.3,---
2026/08/02,10:38:44.0,福島県沖,37°31.9′N,141°22.1′E,50 km,3.9,---
2026/08/02,10:39:18.6,熊本県天草・芦北地方,32°21.8′N,130°28.2′E,8 km,0.4,---
2026/08/02,10:40:29.2,熊本県熊本地方,32°29.2′N,130°34.2′E,11 km,0.7,---
2026/08/02,10:41:13.2,熊本県熊本地方,32°39.8′N,130°44.2′E,13 km,1.2,---
2026/08/02,10:42:05.7,熊本県天草・芦北地方,32°27.3′N,130°29.1′E,11 km,0.2,---
2026/08/02,10:43:21.9,日向灘,31°56.8′N,132°00.8′E,16 km,1.5,---
2026/08/02,10:43:57.0,福島県沖,37°36.5′N,141°49.7′E,31 km,不明,---
2026/08/02,10:45:05.7,熊本県熊本地方,32°34.1′N,130°38.7′E,9 km,1.0,---
2026/08/02,10:45:52.3,奄美大島北西沖,28°14.7′N,128°10.2′E,19 km,1.8,---
2026/08/02,10:46:03.1,福島県沖,37°50.9′N,141°36.3′E,48 km,1.2,---
2026/08/02,10:46:55.7,熊本県天草・芦北地方,32°28.5′N,130°31.1′E,10 km,0.4,---
2026/08/02,10:48:16.0,岩手県沖,40°09.7′N,142°32.9′E,8 km,1.1,---
2026/08/02,10:48:51.0,群馬県北部,36°52.4′N,139°21.0′E,5 km,1.0,---
2026/08/02,10:50:00.6,熊本県熊本地方,32°29.7′N,130°34.5′E,13 km,0.5,---
2026/08/02,10:52:19.5,福井県嶺南,35°22.7′N,135°43.1′E,7 km,0.2,---
2026/08/02,10:52:26.8,薩摩半島西方沖,31°56.8′N,130°10.7′E,9 km,-0.1,---
2026/08/02,10:53:15.2,千葉県東方沖,35°41.9′N,140°40.5′E,52 km,0.9,---
2026/08/02,10:54:40.4,熊本県天草・芦北地方,32°26.1′N,130°30.5′E,10 km,0.0,---
2026/08/02,10:54:49.3,群馬県北部,36°52.5′N,139°21.0′E,5 km,0.7,---
2026/08/02,10:55:21.1,択捉島南東沖,44°21.8′N,148°55.1′E,30 km,3.5,---
2026/08/02,10:56:54.1,熊本県天草・芦北地方,32°27.8′N,130°33.3′E,8 km,0.2,---
2026/08/02,10:57:03.2,群馬県北部,36°52.5′N,139°21.0′E,6 km,0.4,---
2026/08/02,10:58:30.4,岩手県沖,40°13.6′N,142°40.7′E,13 km,不明,---
2026/08/02,10:59:03.3,北海道南西沖,41°51.1′N,139°21.5′E,5 km,1.4,---
2026/08/02,10:59:55.5,熊本県熊本地方,32°33.1′N,130°37.1′E,8 km,0.7,---
2026/08/02,11:00:12.3,群馬県北部,36°52.6′N,139°20.9′E,4 km,0.0,---
2026/08/02,11:03:25.8,群馬県北部,36°52.6′N,139°20.7′E,5 km,1.2,---
2026/08/02,11:03:43.9,群馬県北部,36°52.5′N,139°20.8′E,5 km,0.8,---
2026/08/02,11:03:48.3,熊本県熊本地方,32°38.5′N,130°43.5′E,10 km,1.3,---
2026/08/02,11:03:53.0,群馬県北部,36°52.7′N,139°20.9′E,5 km,0.6,---
2026/08/02,11:04:00.8,群馬県北部,36°52.4′N,139°20.8′E,5 km,1.1,---
2026/08/02,11:04:26.3,群馬県北部,36°52.3′N,139°21.0′E,5 km,0.5,---
2026/08/02,11:04:51.0,群馬県北部,36°52.4′N,139°21.0′E,5 km,0.7,---
2026/08/02,11:05:02.8,群馬県北部,36°52.4′N,139°20.9′E,5 km,0.6,---
2026/08/02,11:05:31.3,熊本県天草・芦北地方,32°26.6′N,130°31.5′E,14 km,0.5,---
2026/08/02,11:07:29.6,岩手県沖,40°09.4′N,142°33.1′E,8 km,1.3,---
2026/08/02,11:07:36.8,群馬県北部,36°52.6′N,139°20.7′E,6 km,0.8,---
2026/08/02,11:07:48.9,熊本県天草・芦北地方,32°27.5′N,130°31.4′E,0 km,0.3,---
2026/08/02,11:08:55.0,熊本県熊本地方,32°32.9′N,130°37.0′E,12 km,1.1,---
2026/08/02,11:09:26.8,鹿児島県薩摩地方,32°14.6′N,130°16.3′E,12 km,0.0,---
2026/08/02,11:09:34.5,熊本県熊本地方,32°33.8′N,130°37.8′E,12 km,0.7,---
2026/08/02,11:10:02.8,熊本県熊本地方,32°40.6′N,130°44.5′E,8 km,0.0,---
2026/08/02,11:10:23.3,熊本県熊本地方,32°38.8′N,130°41.8′E,14 km,0.3,---
2026/08/02,11:10:49.3,熊本県熊本地方,32°34.8′N,130°38.8′E,10 km,1.1,---
2026/08/02,11:12:38.5,宮古島近海,24°33.7′N,125°22.3′E,27 km,1.7,---
2026/08/02,11:12:49.1,熊本県熊本地方,32°31.4′N,130°34.9′E,13 km,0.3,---
2026/08/02,11:14:41.8,熊本県熊本地方,32°39.0′N,130°44.5′E,9 km,1.2,---
2026/08/02,11:14:54.3,熊本県天草・芦北地方,32°28.6′N,130°33.1′E,9 km,1.4,---
2026/08/02,11:17:34.2,熊本県天草・芦北地方,32°20.9′N,130°26.2′E,10 km,0.2,---
2026/08/02,11:17:52.7,熊本県熊本地方,32°33.9′N,130°40.3′E,6 km,0.7,---
2026/08/02,11:18:16.6,薩摩半島西方沖,32°02.0′N,129°10.0′E,13 km,1.1,---
2026/08/02,11:18:38.3,熊本県熊本地方,32°36.7′N,130°40.2′E,10 km,0.0,---
2026/08/02,11:19:47.8,熊本県天草・芦北地方,32°21.2′N,130°27.2′E,11 km,0.5,---
2026/08/02,11:21:05.2,熊本県熊本地方,32°36.7′N,130°42.5′E,4 km,0.5,---
2026/08/02,11:23:17.2,熊本県熊本地方,32°32.2′N,130°36.4′E,12 km,1.5,---
2026/08/02,11:24:46.9,日向灘,31°56.5′N,132°01.6′E,19 km,1.5,---
2026/08/02,11:25:08.7,栃木県北部,36°53.7′N,139°48.6′E,9 km,1.3,---
2026/08/02,11:27:31.0,鹿児島県薩摩地方,31°57.7′N,130°19.7′E,5 km,-0.2,---
2026/08/02,11:28:04.6,熊本県天草・芦北地方,32°11.7′N,130°20.5′E,5 km,-0.5,---
2026/08/02,11:28:14.3,熊本県熊本地方,32°47.2′N,130°48.8′E,8 km,0.6,---
2026/08/02,11:30:27.8,滋賀県北部,35°12.9′N,136°24.5′E,18 km,0.0,---
2026/08/02,11:31:00.7,渡島地方東部,41°52.6′N,140°33.3′E,11 km,0.9,---
2026/08/02,11:31:07.2,熊本県熊本地方,32°38.2′N,130°42.1′E,13 km,0.3,---
2026/08/02,11:32:54.6,熊本県熊本地方,32°30.6′N,130°35.4′E,9 km,1.5,---
2026/08/02,11:33:56.4,熊本県天草・芦北地方,32°23.3′N,130°29.0′E,9 km,0.4,---
2026/08/02,11:34:44.2,熊本県天草・芦北地方,32°29.6′N,130°32.0′E,12 km,0.6,---
2026/08/02,11:35:21.3,岩手県沖,39°38.2′N,142°06.3′E,47 km,1.0,---
2026/08/02,11:35:28.9,熊本県熊本地方,32°40.6′N,130°45.9′E,6 km,0.2,---
2026/08/02,11:35:50.5,熊本県熊本地方,32°38.0′N,130°44.5′E,8 km,-0.1,---
2026/08/02,11:36:07.0,熊本県天草・芦北地方,32°25.6′N,130°32.1′E,9 km,1.4,---
2026/08/02,11:36:51.0,福島県沖,37°13.7′N,142°16.4′E,10 km,2.1,---
2026/08/02,11:37:04.9,熊本県熊本地方,32°38.6′N,130°41.2′E,16 km,0.1,---
2026/08/02,11:38:15.7,熊本県熊本地方,32°31.9′N,130°35.0′E,12 km,0.2,---
2026/08/02,11:39:14.5,静岡県西部,34°55.4′N,137°46.8′E,25 km,0.4,---
2026/08/02,11:39:33.3,薩摩半島西方沖,31°50.6′N,129°41.8′E,9 km,1.5,---
2026/08/02,11:39:38.4,熊本県天草・芦北地方,32°27.4′N,130°32.7′E,0 km,0.4,---
2026/08/02,11:40:57.6,岩手県沖,39°58.9′N,142°13.7′E,14 km,2.0,---
2026/08/02,11:41:02.2,熊本県天草・芦北地方,32°28.3′N,130°32.7′E,14 km,1.2,---
2026/08/02,11:41:31.7,熊本県天草・芦北地方,32°18.0′N,130°26.8′E,3 km,0.4,---
2026/08/02,11:41:50.6,福島県中通り,37°01.5′N,140°32.3′E,11 km,1.1,---
2026/08/02,11:42:19.4,熊本県熊本地方,32°32.1′N,130°35.9′E,16 km,0.3,---
2026/08/02,11:42:36.8,岩手県内陸南部,39°26.7′N,141°07.6′E,94 km,1.7,---
2026/08/02,11:43:40.9,熊本県熊本地方,32°33.9′N,130°38.1′E,14 km,0.3,---
2026/08/02,11:44:50.5,熊本県熊本地方,32°31.9′N,130°35.8′E,13 km,1.0,---
2026/08/02,11:46:38.0,日向灘,31°57.6′N,132°00.6′E,16 km,1.1,---
2026/08/02,11:46:53.0,熊本県天草・芦北地方,32°30.3′N,130°32.8′E,10 km,0.8,---
2026/08/02,11:47:06.1,山口県中部,34°23.7′N,131°35.7′E,31 km,0.1,---
2026/08/02,11:48:28.9,熊本県熊本地方,32°32.5′N,130°37.3′E,8 km,0.4,---
2026/08/02,11:48:47.0,日向灘,31°56.7′N,132°01.6′E,18 km,1.3,---
2026/08/02,11:48:51.5,遠州灘,34°14.7′N,137°32.0′E,0 km,1.0,---
2026/08/02,11:49:32.2,熊本県天草・芦北地方,32°25.3′N,130°27.9′E,12 km,0.4,---
2026/08/02,11:49:39.4,熊本県熊本地方,32°31.3′N,130°35.2′E,12 km,0.5,---
2026/08/02,11:50:06.0,三陸沖,39°07.5′N,143°19.1′E,2 km,1.4,---
2026/08/02,11:50:35.5,熊本県熊本地方,32°38.0′N,130°40.5′E,16 km,0.5,---
2026/08/02,11:51:54.8,静岡県西部,34°55.3′N,137°47.2′E,25 km,0.1,---
2026/08/02,11:52:25.2,福島県沖,37°48.8′N,141°44.9′E,53 km,1.0,---
2026/08/02,11:52:37.0,愛知県西部,34°55.4′N,136°55.1′E,15 km,0.7,---
2026/08/02,11:52:39.5,熊本県天草・芦北地方,32°14.7′N,130°24.0′E,9 km,0.0,---
2026/08/02,11:53:04.6,熊本県熊本地方,32°36.5′N,130°41.9′E,10 km,0.4,---
2026/08/02,11:53:48.4,秋田県内陸北部,39°58.0′N,140°28.5′E,5 km,0.3,---
2026/08/02,11:54:50.4,三陸沖,39°21.5′N,143°43.6′E,13 km,1.4,---
2026/08/02,11:55:31.7,奄美大島近海,28°14.2′N,129°33.2′E,32 km,0.8,---
2026/08/02,11:55:36.6,熊本県天草・芦北地方,32°27.9′N,130°32.7′E,12 km,0.2,---
2026/08/02,11:55:39.9,宮城県沖,38°06.7′N,141°18.3′E,61 km,0.5,---
2026/08/02,11:57:45.3,熊本県熊本地方,32°33.1′N,130°36.4′E,13 km,0.3,---
2026/08/02,11:58:23.1,熊本県熊本地方,32°41.3′N,130°45.2′E,11 km,1.1,---
2026/08/02,12:01:29.5,石川県能登地方,37°09.8′N,136°47.0′E,8 km,0.9,---
2026/08/02,12:02:19.4,熊本県熊本地方,32°31.4′N,130°36.7′E,8 km,1.6,---
2026/08/02,12:02:48.6,茨城県北部,36°41.0′N,140°37.2′E,10 km,1.3,---
2026/08/02,12:03:47.5,熊本県天草・芦北地方,32°30.0′N,130°32.0′E,11 km,0.2,---
2026/08/02,12:04:40.3,宮崎県北部山沿い,32°27.3′N,131°07.8′E,12 km,0.0,---
2026/08/02,12:05:00.4,熊本県天草・芦北地方,32°23.5′N,130°26.7′E,12 km,0.1,---
2026/08/02,12:05:17.5,熊本県熊本地方,32°42.8′N,130°46.3′E,10 km,1.8,---
2026/08/02,12:05:39.3,熊本県熊本地方,32°29.8′N,130°36.1′E,7 km,1.1,---
2026/08/02,12:06:31.8,熊本県熊本地方,32°25.8′N,130°34.9′E,0 km,0.8,---
2026/08/02,12:06:49.6,熊本県熊本地方,32°32.5′N,130°35.6′E,12 km,0.7,---
2026/08/02,12:07:24.0,鹿児島県薩摩地方,32°14.3′N,130°17.7′E,9 km,-0.4,---
2026/08/02,12:08:25.8,天草灘,32°02.0′N,129°53.1′E,9 km,0.6,---
2026/08/02,12:08:53.8,熊本県天草・芦北地方,32°13.9′N,130°21.6′E,3 km,-0.1,---
2026/08/02,12:09:04.7,奄美大島近海,27°27.9′N,129°00.0′E,30 km,0.9,---
2026/08/02,12:09:11.3,石川県能登地方,37°09.3′N,136°46.1′E,8 km,0.6,---
2026/08/02,12:09:16.8,熊本県熊本地方,32°33.0′N,130°36.8′E,12 km,0.3,---
2026/08/02,12:09:53.8,熊本県熊本地方,32°25.7′N,130°34.5′E,0 km,0.5,---
2026/08/02,12:10:11.7,熊本県熊本地方,32°43.3′N,130°44.7′E,12 km,1.0,---
2026/08/02,12:10:22.1,長野県南部,35°55.9′N,137°39.8′E,6 km,-0.3,---
2026/08/02,12:11:11.6,熊本県熊本地方,32°33.4′N,130°35.4′E,11 km,0.1,---
2026/08/02,12:11:37.9,熊本県天草・芦北地方,32°32.6′N,130°33.4′E,13 km,0.1,---
2026/08/02,12:12:08.2,熊本県熊本地方,32°33.7′N,130°36.8′E,17 km,-0.1,---
2026/08/02,12:12:35.8,三陸沖,39°19.4′N,143°16.1′E,14 km,1.0,---
2026/08/02,12:12:42.2,宮古島近海,24°46.4′N,125°11.0′E,31 km,1.6,---
2026/08/02,12:14:18.8,熊本県天草・芦北地方,32°26.7′N,130°28.3′E,12 km,1.7,---
2026/08/02,12:14:59.8,熊本県熊本地方,32°40.4′N,130°43.6′E,14 km,0.1,---
2026/08/02,12:15:39.2,熊本県熊本地方,32°29.6′N,130°33.6′E,14 km,-0.1,---
2026/08/02,12:15:56.8,熊本県熊本地方,32°33.3′N,130°40.1′E,14 km,0.0,---
2026/08/02,12:16:41.1,熊本県熊本地方,32°32.8′N,130°36.5′E,14 km,1.1,---
2026/08/02,12:16:42.9,茨城県北部,36°46.6′N,140°34.5′E,9 km,-0.2,---
2026/08/02,12:16:52.7,熊本県熊本地方,32°31.4′N,130°36.1′E,9 km,2.2,---
2026/08/02,12:17:19.1,紀伊水道,34°10.0′N,135°09.8′E,7 km,0.7,---
2026/08/02,12:17:28.8,三陸沖,39°45.7′N,143°25.4′E,4 km,1.3,---
2026/08/02,12:17:44.4,熊本県熊本地方,32°35.4′N,130°37.7′E,13 km,0.9,---
2026/08/02,12:19:25.3,熊本県熊本地方,32°35.7′N,130°41.1′E,7 km,1.8,---
2026/08/02,12:20:09.5,熊本県熊本地方,32°30.7′N,130°35.4′E,6 km,1.0,---
2026/08/02,12:20:44.2,宮崎県南部山沿い,32°03.2′N,131°02.8′E,12 km,0.3,---
2026/08/02,12:21:13.3,熊本県熊本地方,32°38.5′N,130°43.4′E,6 km,0.8,---
2026/08/02,12:22:09.4,熊本県熊本地方,32°39.6′N,130°43.9′E,9 km,0.3,---
2026/08/02,12:22:48.4,山口県中部,34°24.0′N,131°36.1′E,31 km,0.4,---
2026/08/02,12:22:49.1,熊本県天草・芦北地方,32°21.9′N,130°27.6′E,10 km,0.1,---
2026/08/02,12:22:54.2,千葉県北東部,35°42.7′N,140°38.9′E,47 km,0.4,---
2026/08/02,12:23:15.0,福島県沖,37°07.3′N,141°13.1′E,22 km,1.2,---
2026/08/02,12:24:14.6,熊本県熊本地方,32°33.4′N,130°35.9′E,11 km,0.5,---
2026/08/02,12:24:18.6,日向灘,31°57.4′N,132°01.1′E,18 km,1.2,---
2026/08/02,12:24:23.4,熊本県熊本地方,32°33.8′N,130°36.4′E,13 km,0.9,---
2026/08/02,12:24:40.2,愛媛県南予,33°28.2′N,132°37.0′E,42 km,2.2,---
2026/08/02,12:24:55.0,熊本県天草・芦北地方,32°24.6′N,130°28.0′E,11 km,0.4,---
2026/08/02,12:25:38.3,熊本県熊本地方,32°43.5′N,130°46.5′E,11 km,0.3,---
2026/08/02,12:27:06.3,熊本県天草・芦北地方,32°21.1′N,130°27.6′E,1 km,0.1,---
2026/08/02,12:27:24.2,熊本県天草・芦北地方,32°24.9′N,130°28.6′E,6 km,0.6,---
2026/08/02,12:27:39.0,京都府南部,35°13.9′N,135°31.1′E,12 km,1.0,---
2026/08/02,12:27:43.5,熊本県熊本地方,32°31.3′N,130°35.9′E,0 km,0.2,---
2026/08/02,12:28:40.8,熊本県熊本地方,32°33.5′N,130°39.8′E,9 km,0.2,---
2026/08/02,12:28:52.4,トカラ列島近海,29°22.2′N,129°28.6′E,0 km,1.3,---
2026/08/02,12:28:57.2,トカラ列島近海,29°20.8′N,129°31.2′E,10 km,2.7,---
2026/08/02,12:29:19.9,熊本県熊本地方,32°33.3′N,130°38.9′E,10 km,0.1,---
2026/08/02,12:29:57.2,日向灘,31°57.6′N,132°03.2′E,35 km,1.0,---
2026/08/02,12:30:12.7,上川地方北部,44°29.4′N,142°09.2′E,0 km,0.4,---
2026/08/02,12:30:58.9,トカラ列島近海,29°20.8′N,129°30.9′E,10 km,0.9,---
2026/08/02,12:31:06.8,熊本県天草・芦北地方,32°28.2′N,130°32.3′E,0 km,0.3,---
2026/08/02,12:31:37.3,熊本県天草・芦北地方,32°28.9′N,130°33.1′E,11 km,0.7,---
2026/08/02,12:32:09.2,岩手県沖,40°02.2′N,142°05.7′E,38 km,0.7,---
2026/08/02,12:32:51.0,トカラ列島近海,29°21.5′N,129°43.8′E,16 km,1.6,---
2026/08/02,12:34:26.8,岩手県沖,40°13.5′N,142°41.6′E,14 km,1.4,---
2026/08/02,12:34:27.0,熊本県熊本地方,32°31.7′N,130°35.0′E,9 km,0.8,---
2026/08/02,12:34:48.0,熊本県天草・芦北地方,32°18.9′N,130°28.8′E,4 km,0.4,---
2026/08/02,12:35:02.5,熊本県熊本地方,32°29.4′N,130°33.3′E,1 km,0.0,---
2026/08/02,12:37:33.5,熊本県熊本地方,32°38.8′N,130°44.0′E,10 km,0.1,---
2026/08/02,12:37:56.3,宮城県沖,38°25.2′N,142°10.1′E,32 km,2.7,---
2026/08/02,12:38:51.3,瀬戸内海中部,34°03.9′N,133°14.9′E,13 km,0.3,---
2026/08/02,12:39:02.9,薩摩半島西方沖,31°50.4′N,129°44.6′E,16 km,0.3,---
2026/08/02,12:39:09.0,熊本県熊本地方,32°32.1′N,130°36.3′E,8 km,1.7,---
2026/08/02,12:39:13.2,和歌山県南部,33°50.1′N,135°51.1′E,21 km,0.8,---
2026/08/02,12:40:24.2,岐阜県美濃中西部,35°36.0′N,136°24.1′E,13 km,0.2,---
2026/08/02,12:41:00.5,熊本県天草・芦北地方,32°30.3′N,130°32.7′E,9 km,0.0,---
2026/08/02,12:41:16.3,熊本県熊本地方,32°41.0′N,130°44.6′E,9 km,0.7,---
2026/08/02,12:41:46.3,熊本県天草・芦北地方,32°28.0′N,130°33.0′E,0 km,0.8,---
2026/08/02,12:42:28.5,熊本県天草・芦北地方,32°24.9′N,130°28.2′E,9 km,-0.1,---
2026/08/02,12:42:51.6,沖縄本島近海,27°32.1′N,128°45.9′E,45 km,不明,---
2026/08/02,12:43:17.2,熊本県天草・芦北地方,32°27.5′N,130°28.9′E,10 km,0.6,---
2026/08/02,12:43:37.2,熊本県天草・芦北地方,32°26.6′N,130°28.5′E,12 km,0.4,---
2026/08/02,12:43:51.2,沖縄本島近海,27°21.1′N,128°10.0′E,64 km,1.2,---
2026/08/02,12:43:54.7,熊本県熊本地方,32°43.9′N,130°46.5′E,10 km,0.2,---
2026/08/02,12:44:19.2,熊本県天草・芦北地方,32°26.5′N,130°27.9′E,13 km,-0.1,---
2026/08/02,12:45:12.2,群馬県北部,36°52.5′N,139°21.1′E,5 km,1.0,---
2026/08/02,12:45:28.6,熊本県熊本地方,32°36.8′N,130°42.5′E,10 km,-0.3,---
2026/08/02,12:45:54.2,熊本県熊本地方,32°30.5′N,130°34.8′E,10 km,1.2,---
2026/08/02,12:46:20.2,熊本県熊本地方,32°39.9′N,130°44.2′E,9 km,1.5,---
2026/08/02,12:46:33.5,福島県会津,37°40.7′N,139°56.7′E,5 km,0.1,---
2026/08/02,12:47:20.9,トカラ列島近海,29°20.8′N,129°31.3′E,10 km,1.0,---
2026/08/02,12:47:54.0,熊本県熊本地方,32°42.2′N,130°46.5′E,6 km,0.0,---
2026/08/02,12:48:21.5,熊本県天草・芦北地方,32°26.7′N,130°28.7′E,13 km,0.5,---
2026/08/02,12:48:29.8,熊本県熊本地方,32°32.4′N,130°35.6′E,12 km,0.8,---
2026/08/02,12:48:36.6,岐阜県飛騨地方,36°15.6′N,136°58.5′E,9 km,0.2,---
2026/08/02,12:48:54.2,熊本県熊本地方,32°39.4′N,130°42.3′E,14 km,0.2,---
2026/08/02,12:49:02.5,熊本県熊本地方,32°34.5′N,130°38.6′E,8 km,0.3,---
2026/08/02,12:50:09.9,熊本県天草・芦北地方,32°27.2′N,130°31.1′E,0 km,-0.2,---
2026/08/02,12:51:27.0,熊本県天草・芦北地方,32°12.3′N,130°24.4′E,5 km,0.0,---
2026/08/02,12:51:53.7,熊本県天草・芦北地方,32°14.5′N,130°30.2′E,0 km,0.7,---
2026/08/02,12:52:13.5,熊本県熊本地方,32°31.8′N,130°35.6′E,12 km,0.5,---
2026/08/02,12:52:27.4,熊本県熊本地方,32°33.3′N,130°38.8′E,6 km,1.0,---
2026/08/02,12:52:33.8,十勝沖,41°12.1′N,143°35.3′E,24 km,2.6,---
2026/08/02,12:53:10.6,熊本県熊本地方,32°32.4′N,130°35.8′E,12 km,0.6,---
2026/08/02,12:53:34.7,熊本県熊本地方,32°30.4′N,130°36.4′E,2 km,1.4,---
2026/08/02,12:54:07.8,岩手県沖,40°09.1′N,142°12.8′E,44 km,0.8,---
2026/08/02,12:55:36.7,熊本県天草・芦北地方,32°14.0′N,130°22.8′E,4 km,0.0,---
2026/08/02,12:55:58.4,熊本県熊本地方,32°38.2′N,130°41.6′E,14 km,0.2,---
2026/08/02,12:58:01.4,熊本県熊本地方,32°43.9′N,130°46.8′E,10 km,0.0,---
2026/08/02,13:00:03.5,山梨県東部・富士五湖,35°29.4′N,138°56.2′E,24 km,0.2,---
2026/08/02,13:00:15.1,山梨県東部・富士五湖,35°29.0′N,138°55.8′E,23 km,0.0,---
2026/08/02,13:00:57.1,熊本県天草・芦北地方,32°29.4′N,130°31.5′E,14 km,0.9,---
2026/08/02,13:01:51.8,熊本県熊本地方,32°38.3′N,130°43.8′E,13 km,0.3,---
2026/08/02,13:02:34.3,群馬県北部,36°52.3′N,139°21.1′E,5 km,0.4,---
2026/08/02,13:03:14.4,熊本県天草・芦北地方,32°28.9′N,130°32.0′E,15 km,0.3,---
2026/08/02,13:03:58.5,熊本県天草・芦北地方,32°12.0′N,130°25.2′E,9 km,0.5,---
2026/08/02,13:04:52.1,熊本県天草・芦北地方,32°27.1′N,130°28.8′E,9 km,0.3,---
2026/08/02,13:06:40.9,茨城県北部,36°45.2′N,140°34.8′E,9 km,0.4,---
2026/08/02,13:07:52.3,熊本県熊本地方,32°38.4′N,130°42.3′E,14 km,0.3,---
2026/08/02,13:09:03.8,熊本県天草・芦北地方,32°25.7′N,130°29.3′E,0 km,0.3,---
2026/08/02,13:09:15.5,熊本県熊本地方,32°29.5′N,130°35.4′E,6 km,0.8,---
2026/08/02,13:11:00.6,熊本県熊本地方,32°41.6′N,130°43.3′E,14 km,1.0,---
2026/08/02,13:11:32.4,熊本県天草・芦北地方,32°22.3′N,130°28.3′E,8 km,-0.1,---
2026/08/02,13:11:43.3,熊本県天草・芦北地方,32°27.9′N,130°32.4′E,5 km,0.8,---
2026/08/02,13:12:41.3,熊本県熊本地方,32°31.0′N,130°35.2′E,12 km,0.6,---
2026/08/02,13:14:18.4,熊本県天草・芦北地方,32°28.2′N,130°33.0′E,7 km,0.9,---
2026/08/02,13:15:18.8,熊本県熊本地方,32°31.2′N,130°35.2′E,2 km,0.3,---
2026/08/02,13:15:36.9,奄美大島近海,28°01.6′N,129°23.1′E,18 km,1.8,---
2026/08/02,13:15:39.5,熊本県熊本地方,32°32.2′N,130°34.8′E,12 km,0.8,---
2026/08/02,13:15:45.8,鹿児島県薩摩地方,32°07.2′N,130°31.6′E,9 km,1.3,---
2026/08/02,13:16:46.2,トカラ列島近海,29°21.6′N,129°30.3′E,6 km,1.8,---
2026/08/02,13:17:10.0,栃木県南部,36°38.1′N,139°31.7′E,6 km,-0.1,---
2026/08/02,13:17:22.9,和歌山県北部,34°04.1′N,135°21.2′E,8 km,-0.2,---
2026/08/02,13:17:26.8,熊本県熊本地方,32°38.2′N,130°43.2′E,10 km,0.2,---
2026/08/02,13:18:22.4,石川県能登地方,37°19.8′N,136°58.9′E,12 km,1.0,---
2026/08/02,13:19:20.9,熊本県熊本地方,32°32.4′N,130°35.8′E,9 km,1.0,---
2026/08/02,13:20:32.7,山口県中部,34°23.6′N,131°36.0′E,32 km,0.0,---
2026/08/02,13:21:58.2,熊本県熊本地方,32°39.1′N,130°44.8′E,9 km,0.6,---
2026/08/02,13:22:21.3,熊本県熊本地方,32°32.6′N,130°35.5′E,12 km,2.1,---
2026/08/02,13:23:26.8,和歌山県北部,33°47.5′N,135°17.6′E,20 km,0.5,---
2026/08/02,13:23:56.1,熊本県天草・芦北地方,32°12.2′N,130°28.7′E,6 km,0.4,---
2026/08/02,13:24:24.8,日向灘,31°46.6′N,131°50.7′E,7 km,1.0,---
2026/08/02,13:24:48.9,熊本県熊本地方,32°30.9′N,130°35.3′E,9 km,1.2,---
2026/08/02,13:26:27.0,熊本県熊本地方,32°39.1′N,130°44.2′E,9 km,0.9,---
2026/08/02,13:26:36.1,徳島県北部,33°57.4′N,134°07.1′E,7 km,0.8,---
2026/08/02,13:27:04.7,熊本県熊本地方,32°38.1′N,130°44.5′E,8 km,-0.2,---
2026/08/02,13:27:44.5,熊本県天草・芦北地方,32°29.9′N,130°32.5′E,8 km,0.5,---
2026/08/02,13:28:48.5,日向灘,31°57.3′N,132°00.9′E,18 km,1.0,---
2026/08/02,13:28:57.2,熊本県熊本地方,32°38.8′N,130°43.9′E,12 km,0.1,---
2026/08/02,13:29:31.4,熊本県天草・芦北地方,32°27.6′N,130°33.3′E,8 km,0.5,---
2026/08/02,13:31:14.3,豊後水道,32°57.1′N,132°11.1′E,34 km,0.9,---
2026/08/02,13:31:39.6,天草灘,31°58.5′N,130°10.5′E,5 km,0.4,---
2026/08/02,13:33:13.9,十勝沖,41°46.8′N,143°34.5′E,34 km,0.8,---
2026/08/02,13:33:36.9,熊本県熊本地方,32°30.6′N,130°34.7′E,13 km,0.3,---
2026/08/02,13:33:47.0,熊本県熊本地方,32°35.0′N,130°38.0′E,13 km,0.3,---
2026/08/02,13:34:36.0,熊本県天草・芦北地方,32°25.9′N,130°32.5′E,1 km,1.2,---
2026/08/02,13:35:08.2,西表島付近,24°03.4′N,123°42.5′E,13 km,0.8,---
2026/08/02,13:35:42.4,熊本県天草・芦北地方,32°27.6′N,130°34.3′E,0 km,1.0,---
2026/08/02,13:38:20.2,熊本県熊本地方,32°30.9′N,130°42.7′E,13 km,0.3,---
2026/08/02,13:38:53.9,熊本県熊本地方,32°34.2′N,130°39.8′E,8 km,0.7,---
2026/08/02,13:39:43.6,熊本県熊本地方,32°31.8′N,130°39.1′E,8 km,0.4,---
2026/08/02,13:40:06.8,石垣島北西沖,25°06.6′N,123°57.2′E,123 km,1.6,---
2026/08/02,13:40:22.0,千葉県南部,34°56.8′N,139°56.2′E,63 km,0.9,---
2026/08/02,13:40:30.8,熊本県天草・芦北地方,32°26.5′N,130°30.0′E,12 km,0.6,---
2026/08/02,13:40:44.9,熊本県熊本地方,32°33.2′N,130°39.7′E,6 km,1.1,---
2026/08/02,13:43:20.3,熊本県熊本地方,32°39.4′N,130°44.0′E,4 km,0.0,---
2026/08/02,13:43:41.2,熊本県熊本地方,32°38.0′N,130°43.9′E,11 km,0.4,---
2026/08/02,13:44:05.6,宮城県沖,38°24.7′N,141°47.6′E,54 km,1.0,---
2026/08/02,13:44:17.6,熊本県天草・芦北地方,32°12.5′N,130°21.1′E,12 km,0.4,---
2026/08/02,13:47:01.4,熊本県阿蘇地方,32°53.7′N,131°01.4′E,6 km,0.4,---
2026/08/02,13:47:08.5,島根県西部,34°44.3′N,132°04.8′E,10 km,0.6,---
2026/08/02,13:47:42.0,熊本県熊本地方,32°31.5′N,130°38.6′E,0 km,2.4,---
2026/08/02,13:48:12.5,福島県沖,37°37.7′N,141°44.6′E,50 km,1.3,---
2026/08/02,13:48:21.1,滋賀県北部,35°32.8′N,136°14.4′E,9 km,0.3,---
2026/08/02,13:50:03.2,熊本県熊本地方,32°40.2′N,130°44.1′E,9 km,0.5,---
2026/08/02,13:51:57.6,熊本県熊本地方,32°37.7′N,130°43.8′E,6 km,1.1,---
2026/08/02,13:52:14.5,三重県南東沖,34°13.8′N,136°55.0′E,20 km,0.1,---
2026/08/02,13:52:33.0,宮城県沖,37°52.0′N,141°40.9′E,54 km,0.9,---
2026/08/02,13:53:19.6,熊本県天草・芦北地方,32°25.0′N,130°29.4′E,8 km,1.0,---
2026/08/02,13:54:10.1,熊本県天草・芦北地方,32°23.0′N,130°28.9′E,9 km,1.0,---
2026/08/02,13:54:35.6,熊本県熊本地方,32°30.3′N,130°35.4′E,2 km,1.0,---
2026/08/02,13:56:11.9,熊本県熊本地方,32°42.2′N,130°45.8′E,11 km,0.4,---
2026/08/02,13:56:29.2,薩摩半島西方沖,31°40.3′N,130°00.4′E,10 km,0.4,---
2026/08/02,13:57:54.8,熊本県熊本地方,32°40.7′N,130°46.0′E,6 km,1.5,---
2026/08/02,13:58:15.8,種子島近海,30°17.4′N,130°57.2′E,16 km,1.1,---
2026/08/02,13:59:18.9,熊本県天草・芦北地方,32°12.5′N,130°21.9′E,3 km,0.4,---
2026/08/02,14:00:04.4,熊本県天草・芦北地方,32°12.4′N,130°22.5′E,5 km,0.4,---
2026/08/02,14:00:36.5,日向灘,31°57.6′N,132°01.3′E,20 km,1.8,---
2026/08/02,14:01:31.9,青森県西方沖,41°02.8′N,140°19.2′E,162 km,1.6,---
2026/08/02,14:02:12.0,福島県沖,37°43.6′N,141°49.3′E,57 km,1.3,---
2026/08/02,14:02:17.7,熊本県熊本地方,32°39.1′N,130°43.7′E,11 km,0.6,---
2026/08/02,14:02:56.6,熊本県天草・芦北地方,32°27.3′N,130°32.7′E,2 km,0.2,---
2026/08/02,14:04:20.2,岩手県沖,40°14.4′N,142°46.4′E,12 km,1.3,---
2026/08/02,14:05:21.8,熊本県熊本地方,32°33.6′N,130°39.5′E,12 km,0.0,---
2026/08/02,14:06:08.7,熊本県天草・芦北地方,32°12.7′N,130°22.1′E,3 km,-0.1,---
2026/08/02,14:07:01.1,熊本県熊本地方,32°38.7′N,130°43.2′E,10 km,1.2,---
2026/08/02,14:07:09.9,島根県東部,35°19.4′N,133°14.6′E,13 km,0.4,---
2026/08/02,14:08:30.9,福島県浜通り,37°00.5′N,140°44.9′E,17 km,0.7,---
2026/08/02,14:08:50.1,熊本県熊本地方,32°38.4′N,130°43.8′E,10 km,-0.2,---
2026/08/02,14:09:11.6,択捉島南東沖,44°51.4′N,149°09.8′E,30 km,3.2,---
2026/08/02,14:09:20.7,熊本県熊本地方,32°31.3′N,130°35.8′E,9 km,0.1,---
2026/08/02,14:09:56.4,熊本県熊本地方,32°40.1′N,130°42.0′E,15 km,0.6,---
2026/08/02,14:10:04.7,長野県南部,35°52.4′N,137°23.4′E,8 km,0.0,---
2026/08/02,14:10:41.1,天草灘,31°58.6′N,130°10.8′E,4 km,0.5,---
2026/08/02,14:11:13.9,熊本県熊本地方,32°38.2′N,130°43.2′E,11 km,0.3,---
2026/08/02,14:11:34.0,熊本県天草・芦北地方,32°30.4′N,130°32.5′E,11 km,0.5,---
2026/08/02,14:11:50.6,熊本県熊本地方,32°39.2′N,130°41.7′E,14 km,0.5,---
2026/08/02,14:13:47.3,鹿児島県薩摩地方,32°08.8′N,130°16.3′E,5 km,0.2,---
2026/08/02,14:14:11.2,熊本県熊本地方,32°36.9′N,130°42.5′E,4 km,0.2,---
2026/08/02,14:14:50.0,熊本県熊本地方,32°32.3′N,130°36.0′E,7 km,0.1,---
2026/08/02,14:15:17.7,熊本県天草・芦北地方,32°37.4′N,130°39.9′E,14 km,0.7,---
2026/08/02,14:15:47.4,熊本県天草・芦北地方,32°24.1′N,130°32.6′E,6 km,0.2,---
2026/08/02,14:16:38.6,熊本県熊本地方,32°40.1′N,130°44.5′E,11 km,0.3,---
2026/08/02,14:18:40.9,熊本県熊本地方,32°45.9′N,130°49.6′E,12 km,0.1,---
2026/08/02,14:19:11.2,茨城県南部,36°06.5′N,139°59.4′E,46 km,0.9,---
2026/08/02,14:19:50.0,熊本県熊本地方,32°35.6′N,130°39.4′E,15 km,-0.1,---
2026/08/02,14:20:18.2,熊本県天草・芦北地方,32°22.6′N,130°29.0′E,6 km,-0.3,---
2026/08/02,14:20:51.3,熊本県天草・芦北地方,32°25.4′N,130°31.9′E,1 km,1.3,---
2026/08/02,14:20:54.7,岩手県沖,40°09.3′N,142°32.3′E,6 km,1.4,---
2026/08/02,14:21:28.6,熊本県天草・芦北地方,32°27.7′N,130°32.7′E,8 km,0.3,---
2026/08/02,14:22:28.3,熊本県天草・芦北地方,32°26.8′N,130°33.2′E,10 km,-0.2,---
2026/08/02,14:23:14.4,熊本県熊本地方,32°30.0′N,130°34.8′E,10 km,1.3,---
2026/08/02,14:25:36.7,熊本県熊本地方,32°34.1′N,130°40.5′E,10 km,1.1,---
2026/08/02,14:26:47.4,熊本県阿蘇地方,33°00.7′N,131°04.8′E,8 km,1.0,---
2026/08/02,14:26:52.3,熊本県天草・芦北地方,32°24.9′N,130°29.5′E,5 km,1.1,---
2026/08/02,14:27:46.4,熊本県熊本地方,32°31.3′N,130°35.3′E,10 km,0.1,---
2026/08/02,14:28:30.1,熊本県熊本地方,32°32.7′N,130°38.9′E,4 km,1.4,---
2026/08/02,14:29:47.1,西表島付近,24°03.1′N,123°43.0′E,14 km,0.8,---
2026/08/02,14:30:47.5,福島県沖,37°22.4′N,141°42.2′E,43 km,1.1,---
2026/08/02,14:30:57.4,茨城県沖,36°18.1′N,140°52.8′E,46 km,1.6,---
2026/08/02,14:31:33.7,熊本県熊本地方,32°28.5′N,130°36.9′E,9 km,0.4,---
2026/08/02,14:31:57.3,熊本県天草・芦北地方,32°27.0′N,130°33.1′E,0 km,0.3,---
2026/08/02,14:32:10.9,熊本県天草・芦北地方,32°26.7′N,130°28.2′E,13 km,1.2,---
2026/08/02,14:33:04.0,熊本県熊本地方,32°34.9′N,130°40.9′E,8 km,0.2,---
2026/08/02,14:33:15.0,大隅半島東方沖,31°06.9′N,130°57.3′E,59 km,1.1,---
2026/08/02,14:33:40.2,熊本県熊本地方,32°34.0′N,130°39.3′E,2 km,1.4,---
2026/08/02,14:34:46.7,山梨県東部・富士五湖,35°33.1′N,138°57.5′E,22 km,0.3,---
2026/08/02,14:35:20.8,熊本県熊本地方,32°39.2′N,130°41.4′E,14 km,1.6,---
2026/08/02,14:36:29.2,静岡県中部,34°58.9′N,138°10.8′E,29 km,-0.2,---
2026/08/02,14:37:11.8,熊本県熊本地方,32°25.8′N,130°33.1′E,2 km,1.2,---
2026/08/02,14:37:17.4,群馬県北部,36°52.7′N,139°20.2′E,5 km,0.4,---
2026/08/02,14:39:34.7,熊本県天草・芦北地方,32°23.5′N,130°28.0′E,2 km,0.2,---
2026/08/02,14:39:55.0,大分県中部,33°14.2′N,131°17.6′E,8 km,0.5,---
2026/08/02,14:40:45.7,茨城県沖,36°26.6′N,141°01.7′E,39 km,1.8,---
2026/08/02,14:40:51.4,熊本県熊本地方,32°35.3′N,130°37.6′E,13 km,0.6,---
2026/08/02,14:40:55.5,トカラ列島近海,29°21.1′N,129°31.1′E,10 km,1.0,---
2026/08/02,14:42:05.0,熊本県熊本地方,32°34.5′N,130°40.9′E,7 km,0.5,---
2026/08/02,14:42:24.6,熊本県天草・芦北地方,32°25.2′N,130°32.7′E,13 km,0.5,---
2026/08/02,14:43:07.3,熊本県熊本地方,32°31.9′N,130°36.3′E,15 km,0.1,---
2026/08/02,14:43:57.7,山形県沖,38°55.6′N,138°40.2′E,13 km,2.1,---
2026/08/02,14:44:38.0,九州地方南東沖,30°38.3′N,131°33.0′E,38 km,1.2,---
2026/08/02,14:46:03.0,沖縄本島近海,25°15.2′N,128°45.1′E,78 km,2.0,---
2026/08/02,14:47:33.1,熊本県熊本地方,32°40.5′N,130°42.4′E,13 km,1.3,---
2026/08/02,14:48:00.4,熊本県熊本地方,32°31.1′N,130°35.6′E,9 km,0.9,---
2026/08/02,14:49:23.2,熊本県熊本地方,32°31.7′N,130°36.0′E,1 km,0.1,---
2026/08/02,14:49:44.9,熊本県熊本地方,32°37.6′N,130°43.6′E,6 km,0.6,---
2026/08/02,14:50:10.2,熊本県熊本地方,32°38.6′N,130°43.3′E,11 km,0.8,---
2026/08/02,14:50:45.0,茨城県北部,36°44.9′N,140°34.6′E,9 km,1.2,---
2026/08/02,14:50:52.5,熊本県天草・芦北地方,32°37.9′N,130°39.8′E,11 km,0.8,---
2026/08/02,14:51:16.0,熊本県天草・芦北地方,32°23.5′N,130°29.3′E,7 km,0.4,---
2026/08/02,14:51:23.6,宮城県北部,38°56.3′N,140°52.7′E,6 km,0.4,---
2026/08/02,14:51:48.1,熊本県熊本地方,32°40.8′N,130°43.7′E,14 km,0.1,---
2026/08/02,14:53:06.5,熊本県熊本地方,32°30.9′N,130°35.6′E,10 km,0.6,---
2026/08/02,14:53:47.0,熊本県熊本地方,32°31.6′N,130°39.9′E,13 km,0.7,---
2026/08/02,14:54:46.8,三陸沖,39°48.7′N,143°12.9′E,13 km,1.0,---
2026/08/02,14:54:51.7,熊本県天草・芦北地方,32°27.1′N,130°32.3′E,1 km,0.8,---
2026/08/02,14:56:12.4,熊本県天草・芦北地方,32°26.9′N,130°32.7′E,7 km,1.6,---
2026/08/02,14:57:47.5,長野県北部,36°34.1′N,137°51.0′E,4 km,0.6,---
2026/08/02,14:59:15.4,熊本県熊本地方,32°36.7′N,130°42.6′E,9 km,0.5,---
2026/08/02,14:59:36.1,青森県東方沖,41°00.7′N,143°01.3′E,18 km,0.7,---
2026/08/02,14:59:44.4,熊本県熊本地方,32°31.4′N,130°36.0′E,13 km,0.2,---
2026/08/02,15:00:36.5,熊本県熊本地方,32°29.9′N,130°33.0′E,9 km,0.8,---
2026/08/02,15:01:16.3,熊本県熊本地方,32°35.0′N,130°40.6′E,10 km,0.2,---
2026/08/02,15:01:30.3,熊本県熊本地方,32°40.9′N,130°45.6′E,9 km,0.1,---
2026/08/02,15:02:40.5,熊本県天草・芦北地方,32°23.5′N,130°30.1′E,10 km,2.1,---
2026/08/02,15:03:51.7,熊本県天草・芦北地方,32°22.0′N,130°26.9′E,12 km,0.3,---
2026/08/02,15:04:07.2,青森県東方沖,41°19.1′N,142°28.2′E,47 km,1.0,---
2026/08/02,15:04:12.5,熊本県熊本地方,32°37.8′N,130°43.6′E,12 km,0.2,---
2026/08/02,15:04:13.7,山口県北部,34°21.6′N,131°32.2′E,18 km,0.4,---
2026/08/02,15:04:37.8,長野県北部,36°33.4′N,137°51.8′E,5 km,-0.5,---
2026/08/02,15:04:49.3,熊本県熊本地方,32°29.6′N,130°35.2′E,10 km,0.3,---
2026/08/02,15:05:18.8,熊本県天草・芦北地方,32°27.7′N,130°29.6′E,10 km,0.7,---
2026/08/02,15:05:44.0,熊本県天草・芦北地方,32°25.9′N,130°29.0′E,14 km,0.0,---
2026/08/02,15:07:53.3,熊本県熊本地方,32°40.1′N,130°41.0′E,18 km,0.2,---
2026/08/02,15:08:04.6,鹿児島県薩摩地方,32°10.0′N,130°20.8′E,13 km,0.3,---
2026/08/02,15:08:54.6,熊本県熊本地方,32°45.1′N,130°47.9′E,10 km,0.2,---
2026/08/02,15:09:07.3,長野県北部,36°34.3′N,137°51.4′E,8 km,-0.4,---
2026/08/02,15:09:21.2,釧路沖,42°33.8′N,145°03.9′E,11 km,1.6,---
2026/08/02,15:10:03.7,熊本県熊本地方,32°40.2′N,130°44.2′E,9 km,0.7,---
2026/08/02,15:10:05.0,和歌山県北部,33°55.6′N,135°11.0′E,8 km,-0.1,---
2026/08/02,15:10:57.4,熊本県天草・芦北地方,32°25.0′N,130°31.5′E,10 km,0.2,---
2026/08/02,15:12:25.1,熊本県天草・芦北地方,32°26.5′N,130°29.2′E,1 km,1.0,---
2026/08/02,15:13:30.5,群馬県北部,36°52.5′N,139°20.3′E,6 km,0.5,---
2026/08/02,15:13:30.5,福島県沖,37°47.6′N,141°47.0′E,29 km,1.2,---
2026/08/02,15:13:44.6,宮崎県南部山沿い,32°03.1′N,131°03.0′E,11 km,-0.2,---
2026/08/02,15:14:12.1,熊本県熊本地方,32°39.2′N,130°41.7′E,13 km,0.6,---
2026/08/02,15:14:45.7,熊本県天草・芦北地方,32°23.7′N,130°30.5′E,0 km,0.1,---
2026/08/02,15:15:52.2,熊本県熊本地方,32°29.8′N,130°33.0′E,12 km,0.4,---
2026/08/02,15:16:44.8,静岡県西部,34°55.2′N,137°46.8′E,21 km,0.0,---
2026/08/02,15:16:49.1,薩摩半島西方沖,31°49.3′N,129°43.3′E,14 km,0.8,---
2026/08/02,15:17:29.6,福島県沖,37°30.8′N,141°46.1′E,35 km,2.4,---
2026/08/02,15:18:12.9,熊本県天草・芦北地方,32°30.2′N,130°33.2′E,13 km,0.5,---
2026/08/02,15:18:25.9,群馬県北部,36°52.6′N,139°20.5′E,5 km,1.2,---
2026/08/02,15:18:30.8,沖縄本島北西沖,27°28.7′N,127°37.9′E,103 km,3.1,---
2026/08/02,15:19:42.8,福島県沖,37°21.6′N,141°50.1′E,38 km,2.6,---
2026/08/02,15:20:15.7,群馬県北部,36°53.3′N,139°19.9′E,11 km,1.5,---
2026/08/02,15:20:41.1,熊本県熊本地方,32°38.4′N,130°43.2′E,10 km,0.6,---
2026/08/02,15:21:03.5,熊本県熊本地方,32°32.9′N,130°36.7′E,14 km,2.1,---
2026/08/02,15:21:51.2,熊本県天草・芦北地方,32°26.9′N,130°28.3′E,12 km,0.4,---
2026/08/02,15:23:33.0,熊本県熊本地方,32°29.9′N,130°35.1′E,9 km,0.2,---
2026/08/02,15:24:07.1,日向灘,31°57.9′N,132°01.5′E,20 km,2.2,---
2026/08/02,15:24:36.0,熊本県天草・芦北地方,32°29.4′N,130°31.4′E,10 km,0.7,---
2026/08/02,15:25:18.9,宮城県沖,38°39.6′N,142°08.5′E,43 km,2.2,---
2026/08/02,15:25:21.6,熊本県天草・芦北地方,32°27.3′N,130°32.0′E,0 km,0.5,---
2026/08/02,15:27:10.3,紀伊水道,34°10.6′N,135°09.0′E,6 km,0.9,---
2026/08/02,15:27:41.8,有明海,32°44.4′N,130°36.2′E,10 km,0.4,---
2026/08/02,15:27:45.3,宮古島近海,24°14.4′N,126°41.9′E,130 km,2.6,---
2026/08/02,15:27:50.1,群馬県北部,36°52.8′N,139°20.5′E,5 km,0.4,---
2026/08/02,15:28:06.6,熊本県熊本地方,32°31.2′N,130°34.3′E,11 km,0.9,---
2026/08/02,15:28:41.6,熊本県熊本地方,32°41.7′N,130°46.0′E,9 km,0.7,---
2026/08/02,15:29:40.1,熊本県天草・芦北地方,32°29.3′N,130°31.7′E,11 km,0.2,---
2026/08/02,15:29:52.7,熊本県天草・芦北地方,32°22.4′N,130°28.7′E,10 km,1.6,---
2026/08/02,15:31:08.5,熊本県熊本地方,32°30.3′N,130°34.9′E,9 km,1.2,---
2026/08/02,15:31:30.3,熊本県熊本地方,32°31.9′N,130°36.4′E,5 km,0.5,---
2026/08/02,15:32:11.8,岐阜県美濃中西部,35°26.5′N,136°53.3′E,9 km,0.2,---
2026/08/02,15:32:13.2,宮崎県南部平野部,31°55.1′N,131°27.6′E,10 km,0.5,---
2026/08/02,15:32:52.7,熊本県天草・芦北地方,32°22.9′N,130°29.1′E,6 km,0.5,---
2026/08/02,15:33:34.5,熊本県天草・芦北地方,32°22.9′N,130°28.7′E,8 km,1.4,---
2026/08/02,15:33:53.6,熊本県熊本地方,32°37.4′N,130°40.9′E,10 km,0.6,---
2026/08/02,15:34:50.9,熊本県熊本地方,32°29.1′N,130°34.1′E,10 km,0.0,---
2026/08/02,15:35:25.8,熊本県熊本地方,32°32.5′N,130°36.3′E,5 km,1.3,---
2026/08/02,15:36:46.3,群馬県北部,36°52.9′N,139°20.2′E,4 km,1.2,---
2026/08/02,15:36:59.6,熊本県熊本地方,32°33.4′N,130°39.2′E,10 km,-0.1,---
2026/08/02,15:37:53.0,熊本県天草・芦北地方,32°26.5′N,130°33.1′E,8 km,0.5,---
2026/08/02,15:38:27.5,熊本県熊本地方,32°29.0′N,130°34.1′E,11 km,1.6,---
2026/08/02,15:39:17.1,熊本県天草・芦北地方,32°26.4′N,130°32.9′E,7 km,0.3,---
2026/08/02,15:39:41.8,三陸沖,39°20.8′N,144°32.7′E,31 km,2.8,---
2026/08/02,15:39:49.9,熊本県熊本地方,32°38.5′N,130°43.0′E,13 km,0.2,---
2026/08/02,15:39:51.2,熊本県天草・芦北地方,32°18.5′N,130°27.2′E,9 km,0.4,---
2026/08/02,15:40:51.7,熊本県天草・芦北地方,32°25.0′N,130°29.0′E,9 km,0.2,---
2026/08/02,15:41:18.7,熊本県熊本地方,32°41.6′N,130°45.4′E,10 km,0.3,---
2026/08/02,15:42:07.3,青森県東方沖,40°56.3′N,143°04.6′E,16 km,1.4,---
2026/08/02,15:42:41.4,三陸沖,40°11.7′N,143°11.1′E,4 km,1.5,---
2026/08/02,15:42:42.7,熊本県熊本地方,32°31.1′N,130°36.9′E,12 km,0.3,---
2026/08/02,15:43:03.2,熊本県熊本地方,32°38.8′N,130°43.2′E,12 km,0.0,---
2026/08/02,15:43:41.3,熊本県天草・芦北地方,32°23.7′N,130°29.2′E,10 km,0.7,---
2026/08/02,15:44:04.2,熊本県天草・芦北地方,32°28.7′N,130°31.4′E,11 km,1.3,---
2026/08/02,15:45:54.9,熊本県天草・芦北地方,32°24.9′N,130°30.9′E,11 km,0.4,---
2026/08/02,15:47:29.5,秋田県内陸南部,39°03.5′N,140°46.9′E,108 km,1.1,---
2026/08/02,15:47:57.7,熊本県熊本地方,32°39.4′N,130°42.0′E,15 km,0.4,---
2026/08/02,15:48:26.5,熊本県熊本地方,32°34.7′N,130°38.8′E,10 km,1.6,---
2026/08/02,15:49:25.5,熊本県熊本地方,32°30.9′N,130°34.8′E,12 km,0.3,---
2026/08/02,15:50:03.5,岩手県沿岸北部,40°01.7′N,141°48.6′E,55 km,0.7,---
2026/08/02,15:51:13.0,遠州灘,34°31.4′N,137°08.3′E,30 km,2.1,---
2026/08/02,15:53:22.7,熊本県熊本地方,32°36.7′N,130°40.0′E,14 km,0.7,---
2026/08/02,15:53:29.9,愛媛県南予,33°30.1′N,132°37.1′E,41 km,-0.1,---
2026/08/02,15:53:55.5,福島県沖,37°24.4′N,141°55.7′E,39 km,2.5,---
2026/08/02,15:54:25.7,熊本県天草・芦北地方,32°15.2′N,130°30.7′E,3 km,0.4,---
2026/08/02,15:55:34.1,天草灘,31°58.6′N,130°10.6′E,5 km,0.7,---
2026/08/02,15:56:13.8,熊本県天草・芦北地方,32°13.3′N,130°24.7′E,3 km,0.5,---
2026/08/02,15:56:53.2,熊本県天草・芦北地方,32°26.8′N,130°33.8′E,0 km,0.5,---
2026/08/02,15:58:59.3,熊本県熊本地方,32°34.6′N,130°37.9′E,13 km,1.5,---
2026/08/02,15:59:17.4,熊本県熊本地方,32°31.9′N,130°35.8′E,12 km,1.3,---
2026/08/02,16:00:16.7,長野県南部,35°52.2′N,137°23.1′E,9 km,0.2,---
2026/08/02,16:00:21.8,熊本県阿蘇地方,32°55.1′N,131°00.0′E,9 km,1.0,---
2026/08/02,16:01:05.8,熊本県熊本地方,32°43.0′N,130°47.2′E,9 km,0.9,---
2026/08/02,16:02:25.1,宮古島近海,24°43.6′N,125°08.6′E,30 km,1.4,---
2026/08/02,16:03:28.3,熊本県熊本地方,32°33.4′N,130°40.5′E,5 km,0.1,---
2026/08/02,16:03:49.2,熊本県天草・芦北地方,32°27.8′N,130°29.2′E,13 km,0.2,---
2026/08/02,16:04:35.1,熊本県熊本地方,32°29.3′N,130°33.3′E,8 km,0.6,---
2026/08/02,16:06:16.4,熊本県天草・芦北地方,32°30.3′N,130°31.1′E,13 km,0.3,---
2026/08/02,16:07:25.3,熊本県天草・芦北地方,32°24.1′N,130°29.3′E,6 km,0.6,---
2026/08/02,16:07:56.7,熊本県熊本地方,32°34.5′N,130°39.9′E,10 km,0.3,---
2026/08/02,16:08:13.1,熊本県熊本地方,32°37.7′N,130°43.0′E,11 km,0.2,---
2026/08/02,16:08:38.4,熊本県天草・芦北地方,32°28.0′N,130°30.4′E,10 km,0.2,---
2026/08/02,16:08:59.2,北海道西方沖,43°32.7′N,140°45.0′E,194 km,2.7,---
2026/08/02,16:09:31.4,熊本県熊本地方,32°40.6′N,130°43.1′E,10 km,0.1,---
2026/08/02,16:10:45.8,熊本県天草・芦北地方,32°28.4′N,130°34.9′E,0 km,0.4,---
2026/08/02,16:10:56.6,熊本県熊本地方,32°33.3′N,130°39.3′E,10 km,0.6,---
2026/08/02,16:11:46.5,福島県沖,37°42.9′N,142°27.5′E,23 km,1.6,---
2026/08/02,16:12:56.7,熊本県熊本地方,32°34.7′N,130°39.0′E,11 km,0.1,---
2026/08/02,16:13:06.6,熊本県熊本地方,32°31.8′N,130°36.4′E,5 km,0.8,---
2026/08/02,16:13:41.7,熊本県天草・芦北地方,32°30.8′N,130°33.5′E,13 km,2.2,---
2026/08/02,16:14:01.1,奄美大島近海,27°39.0′N,128°46.5′E,13 km,0.7,---
2026/08/02,16:14:26.5,熊本県熊本地方,32°38.3′N,130°43.2′E,10 km,0.2,---
2026/08/02,16:15:52.9,熊本県熊本地方,32°33.1′N,130°36.9′E,11 km,0.6,---
2026/08/02,16:16:02.4,山口県中部,34°24.5′N,131°34.8′E,33 km,0.3,---
2026/08/02,16:17:00.5,熊本県熊本地方,32°33.6′N,130°38.1′E,14 km,0.3,---
2026/08/02,16:17:23.4,茨城県沖,36°12.6′N,141°01.0′E,35 km,0.9,---
2026/08/02,16:18:20.3,熊本県熊本地方,32°37.3′N,130°42.7′E,4 km,0.9,---
2026/08/02,16:18:54.1,台湾付近,23°33.1′N,121°34.2′E,27 km,2.6,---
2026/08/02,16:19:04.3,熊本県熊本地方,32°40.3′N,130°42.1′E,15 km,0.2,---
2026/08/02,16:19:31.3,熊本県天草・芦北地方,32°23.7′N,130°28.7′E,9 km,1.1,---
2026/08/02,16:19:58.8,熊本県熊本地方,32°35.7′N,130°39.7′E,11 km,0.7,---
2026/08/02,16:21:20.1,熊本県熊本地方,32°38.3′N,130°44.0′E,10 km,0.5,---
2026/08/02,16:22:55.2,熊本県熊本地方,32°38.7′N,130°44.4′E,12 km,-0.1,---
2026/08/02,16:23:21.3,熊本県熊本地方,32°32.4′N,130°36.4′E,12 km,0.0,---
2026/08/02,16:23:53.8,熊本県熊本地方,32°38.1′N,130°43.7′E,10 km,-0.1,---
2026/08/02,16:24:55.4,熊本県天草・芦北地方,32°27.6′N,130°33.0′E,9 km,0.2,---
2026/08/02,16:24:58.9,熊本県熊本地方,32°41.1′N,130°42.7′E,18 km,0.5,---
2026/08/02,16:25:01.3,島根県東部,35°19.3′N,133°13.2′E,11 km,0.6,---
2026/08/02,16:25:25.1,熊本県熊本地方,32°32.7′N,130°38.5′E,9 km,0.2,---
2026/08/02,16:26:53.1,岩手県沖,40°11.4′N,142°58.9′E,4 km,1.4,---
2026/08/02,16:27:15.2,岐阜県美濃中西部,35°36.1′N,136°38.3′E,12 km,0.0,---
2026/08/02,16:28:47.6,熊本県天草・芦北地方,32°26.1′N,130°31.5′E,9 km,0.7,---
2026/08/02,16:29:31.7,熊本県熊本地方,32°35.9′N,130°40.4′E,6 km,0.0,---
2026/08/02,16:30:22.2,熊本県天草・芦北地方,32°16.1′N,130°30.2′E,8 km,0.2,---
2026/08/02,16:30:52.6,熊本県熊本地方,32°39.9′N,130°43.8′E,12 km,0.0,---
2026/08/02,16:32:44.7,熊本県熊本地方,32°31.6′N,130°35.0′E,12 km,0.5,---
2026/08/02,16:33:34.7,熊本県熊本地方,32°35.8′N,130°40.3′E,7 km,0.5,---
2026/08/02,16:34:11.3,熊本県熊本地方,32°32.6′N,130°35.3′E,12 km,0.8,---
2026/08/02,16:35:57.1,熊本県天草・芦北地方,32°24.7′N,130°30.3′E,8 km,0.2,---
2026/08/02,16:36:07.1,熊本県天草・芦北地方,32°28.0′N,130°32.7′E,7 km,0.3,---
2026/08/02,16:36:29.2,房総半島南方沖,34°19.0′N,140°23.1′E,46 km,0.6,---
2026/08/02,16:38:01.0,岩手県沖,40°17.2′N,142°16.8′E,38 km,1.2,---
2026/08/02,16:38:36.3,熊本県熊本地方,32°35.7′N,130°41.1′E,8 km,0.5,---
2026/08/02,16:39:21.7,熊本県熊本地方,32°29.3′N,130°34.6′E,10 km,0.7,---
2026/08/02,16:39:51.6,熊本県熊本地方,32°37.5′N,130°40.2′E,15 km,0.7,---
2026/08/02,16:41:37.8,千葉県東方沖,35°51.0′N,140°53.9′E,31 km,1.1,---
2026/08/02,16:42:07.8,熊本県熊本地方,32°40.7′N,130°44.6′E,10 km,0.1,---
2026/08/02,16:43:05.1,熊本県熊本地方,32°35.9′N,130°41.8′E,11 km,0.7,---
2026/08/02,16:43:16.5,西表島付近,24°26.2′N,123°52.3′E,7 km,0.6,---
2026/08/02,16:43:43.1,熊本県熊本地方,32°35.7′N,130°37.2′E,13 km,0.1,---
2026/08/02,16:45:36.4,熊本県熊本地方,32°39.7′N,130°42.1′E,13 km,1.5,---
2026/08/02,16:46:15.6,京都府南部,35°01.1′N,135°33.8′E,11 km,0.2,---
2026/08/02,16:47:31.3,熊本県熊本地方,32°44.5′N,130°47.1′E,9 km,0.4,---
2026/08/02,16:48:37.9,熊本県熊本地方,32°29.8′N,130°35.0′E,10 km,2.8,---
2026/08/02,16:50:27.0,岩手県内陸南部,39°01.6′N,141°08.3′E,83 km,0.6,---
2026/08/02,16:51:59.3,群馬県北部,36°52.5′N,139°20.6′E,4 km,0.0,---
2026/08/02,16:52:05.1,群馬県北部,36°52.5′N,139°20.5′E,5 km,0.9,---
2026/08/02,16:52:28.1,熊本県天草・芦北地方,32°28.0′N,130°30.9′E,10 km,0.5,---
2026/08/02,16:52:29.1,山形県沖,38°38.8′N,139°28.1′E,14 km,1.3,---
2026/08/02,16:53:14.6,日向灘,31°55.9′N,132°02.3′E,16 km,0.8,---
2026/08/02,16:53:29.9,熊本県熊本地方,32°29.8′N,130°35.0′E,10 km,1.9,---
2026/08/02,16:54:18.3,熊本県熊本地方,32°29.8′N,130°36.5′E,9 km,1.9,---
2026/08/02,16:55:10.8,熊本県天草・芦北地方,32°26.7′N,130°33.6′E,0 km,1.5,---
2026/08/02,16:56:06.9,熊本県熊本地方,32°38.7′N,130°43.8′E,10 km,0.0,---
2026/08/02,16:57:29.0,熊本県天草・芦北地方,32°27.7′N,130°31.5′E,7 km,1.1,---
2026/08/02,16:58:31.4,熊本県熊本地方,32°33.8′N,130°37.2′E,8 km,0.3,---
2026/08/02,16:59:28.7,熊本県熊本地方,32°44.9′N,130°48.1′E,6 km,0.1,---
2026/08/02,16:59:47.9,群馬県北部,36°52.4′N,139°20.6′E,6 km,0.5,---
2026/08/02,17:00:15.6,石垣島近海,23°13.7′N,125°32.0′E,51 km,3.2,---
2026/08/02,17:00:25.2,熊本県熊本地方,32°31.8′N,130°35.9′E,6 km,0.9,---
2026/08/02,17:00:41.2,群馬県北部,36°52.5′N,139°20.7′E,5 km,0.4,---
2026/08/02,17:01:13.2,熊本県熊本地方,32°32.1′N,130°35.9′E,7 km,2.0,---
2026/08/02,17:02:29.6,群馬県北部,36°52.5′N,139°20.5′E,5 km,0.6,---
2026/08/02,17:03:20.3,群馬県北部,36°52.4′N,139°20.8′E,5 km,0.5,---
2026/08/02,17:05:05.9,大阪府北部,34°53.6′N,135°35.8′E,11 km,0.1,---
2026/08/02,17:06:37.1,熊本県熊本地方,32°46.8′N,130°47.5′E,15 km,0.0,---
2026/08/02,17:07:54.2,紀伊水道,33°58.1′N,135°04.1′E,9 km,0.5,---
2026/08/02,17:10:38.8,熊本県天草・芦北地方,32°23.7′N,130°29.6′E,8 km,1.7,---
2026/08/02,17:11:30.6,熊本県天草・芦北地方,32°13.1′N,130°23.5′E,2 km,1.3,---
2026/08/02,17:12:31.7,福岡県北西沖,33°44.3′N,130°10.3′E,7 km,1.2,---
2026/08/02,17:14:43.0,熊本県熊本地方,32°39.3′N,130°43.5′E,16 km,0.6,---
2026/08/02,17:15:07.7,宮城県沖,37°58.1′N,142°24.7′E,26 km,1.1,---
2026/08/02,17:16:02.3,熊本県天草・芦北地方,32°27.3′N,130°28.4′E,12 km,0.2,---
2026/08/02,17:16:19.6,千葉県南東沖,35°03.6′N,140°12.5′E,58 km,1.3,---
2026/08/02,17:17:03.9,日向灘,31°56.3′N,132°01.5′E,18 km,1.3,---
2026/08/02,17:17:14.1,熊本県熊本地方,32°38.4′N,130°43.3′E,10 km,0.4,---
2026/08/02,17:17:19.0,岐阜県美濃中西部,35°46.6′N,136°53.3′E,12 km,0.0,---
2026/08/02,17:17:40.4,三重県南部,34°08.7′N,136°15.5′E,24 km,0.4,---
2026/08/02,17:17:53.7,熊本県天草・芦北地方,32°27.5′N,130°32.1′E,7 km,0.8,---
2026/08/02,17:20:25.0,熊本県熊本地方,32°29.1′N,130°34.2′E,9 km,2.6,---
2026/08/02,17:21:53.5,熊本県天草・芦北地方,32°17.8′N,130°26.9′E,5 km,0.6,---
2026/08/02,17:22:21.3,島根県西部,35°10.1′N,132°33.7′E,12 km,2.3,---
2026/08/02,17:22:42.2,日向灘,31°57.6′N,132°01.0′E,17 km,1.3,---
2026/08/02,17:22:56.9,熊本県天草・芦北地方,32°27.5′N,130°33.9′E,2 km,1.2,---
2026/08/02,17:23:16.4,群馬県北部,36°52.5′N,139°20.6′E,5 km,1.1,---
2026/08/02,17:23:20.3,熊本県天草・芦北地方,32°24.8′N,130°28.9′E,0 km,1.0,---
2026/08/02,17:23:38.9,群馬県北部,36°54.4′N,139°16.0′E,6 km,0.6,---
2026/08/02,17:24:07.7,トカラ列島近海,29°16.2′N,129°09.8′E,0 km,1.1,---
2026/08/02,17:24:25.5,熊本県熊本地方,32°39.2′N,130°44.0′E,9 km,0.1,---
2026/08/02,17:24:35.3,群馬県北部,36°52.4′N,139°20.6′E,5 km,0.5,---
2026/08/02,17:24:43.6,熊本県熊本地方,32°34.0′N,130°38.8′E,6 km,1.1,---
2026/08/02,17:25:06.4,群馬県北部,36°52.6′N,139°20.3′E,4 km,0.1,---
2026/08/02,17:25:08.8,福島県沖,37°13.3′N,141°28.0′E,12 km,1.5,---
2026/08/02,17:26:09.5,長野県北部,36°33.3′N,137°50.7′E,9 km,-0.2,---
2026/08/02,17:26:11.8,四国沖,32°41.6′N,132°50.1′E,21 km,0.9,---
2026/08/02,17:27:07.4,群馬県北部,36°52.6′N,139°20.8′E,5 km,0.4,---
2026/08/02,17:27:32.9,群馬県北部,36°52.6′N,139°20.8′E,5 km,0.4,---
2026/08/02,17:27:40.9,熊本県熊本地方,32°33.1′N,130°36.2′E,12 km,1.8,---
2026/08/02,17:29:35.7,石川県能登地方,37°10.5′N,136°47.5′E,8 km,0.2,---
2026/08/02,17:30:06.8,茨城県沖,36°25.8′N,140°59.5′E,35 km,0.8,---
2026/08/02,17:30:16.0,千葉県南東沖,34°52.4′N,140°06.2′E,56 km,1.2,---
2026/08/02,17:30:30.1,熊本県天草・芦北地方,32°28.8′N,130°33.5′E,7 km,1.4,---
2026/08/02,17:32:40.5,群馬県北部,36°52.5′N,139°20.5′E,5 km,0.4,---
2026/08/02,17:33:21.5,大阪府北部,34°58.4′N,135°25.8′E,11 km,0.5,---
2026/08/02,17:33:24.8,沖縄本島近海,26°16.1′N,127°17.3′E,42 km,1.3,---
2026/08/02,17:33:25.8,群馬県北部,36°52.5′N,139°20.7′E,4 km,0.3,---
2026/08/02,17:33:54.7,福島県沖,37°13.3′N,141°28.0′E,11 km,1.3,---
2026/08/02,17:33:56.9,長野県北部,36°47.8′N,137°49.0′E,0 km,0.1,---
2026/08/02,17:34:07.5,島根県東部,35°28.9′N,133°03.7′E,5 km,0.2,---
2026/08/02,17:34:16.9,茨城県南部,36°09.8′N,140°02.2′E,68 km,0.9,---
2026/08/02,17:35:31.5,群馬県北部,36°52.5′N,139°20.4′E,5 km,2.0,---
2026/08/02,17:35:41.5,熊本県天草・芦北地方,32°24.5′N,130°30.5′E,5 km,-0.3,---
2026/08/02,17:36:29.4,群馬県北部,36°52.5′N,139°20.8′E,6 km,0.5,---
2026/08/02,17:36:33.2,熊本県熊本地方,32°43.8′N,130°46.0′E,10 km,1.1,---
2026/08/02,17:36:37.3,奄美大島近海,26°46.7′N,130°25.9′E,51 km,2.2,---
2026/08/02,17:37:00.7,熊本県熊本地方,32°39.3′N,130°44.4′E,10 km,0.9,---
2026/08/02,17:37:32.3,熊本県熊本地方,32°36.6′N,130°41.1′E,9 km,0.4,---
2026/08/02,17:38:10.8,熊本県熊本地方,32°32.2′N,130°35.5′E,10 km,0.5,---
2026/08/02,17:38:25.8,熊本県天草・芦北地方,32°28.4′N,130°33.1′E,0 km,0.9,---
2026/08/02,17:39:05.3,熊本県熊本地方,32°37.8′N,130°42.4′E,7 km,0.0,---
2026/08/02,17:39:08.4,群馬県北部,36°52.5′N,139°20.7′E,5 km,0.6,---
2026/08/02,17:39:32.6,沖縄本島近海,27°14.2′N,128°55.0′E,25 km,0.6,---
2026/08/02,17:41:20.3,奄美大島近海,28°52.2′N,129°37.4′E,21 km,1.5,---
2026/08/02,17:41:25.7,熊本県熊本地方,32°29.1′N,130°34.6′E,11 km,0.2,---
2026/08/02,17:41:46.7,栃木県北部,36°53.9′N,139°48.3′E,6 km,1.5,---
2026/08/02,17:41:58.8,島根県西部,35°09.4′N,132°34.1′E,10 km,0.0,---
2026/08/02,17:43:35.9,津軽海峡,41°43.0′N,140°45.4′E,8 km,0.5,---
2026/08/02,17:43:37.9,熊本県熊本地方,32°36.8′N,130°42.1′E,7 km,1.1,---
2026/08/02,17:44:02.2,熊本県天草・芦北地方,32°28.3′N,130°33.3′E,7 km,1.3,---
2026/08/02,17:44:29.7,熊本県熊本地方,32°38.4′N,130°43.7′E,9 km,0.8,---
2026/08/02,17:44:50.8,熊本県熊本地方,32°33.4′N,130°40.0′E,5 km,1.0,---
2026/08/02,17:45:35.1,千葉県北東部,35°44.3′N,140°39.9′E,50 km,1.2,---
2026/08/02,17:46:09.2,熊本県天草・芦北地方,32°28.8′N,130°33.4′E,3 km,1.1,---
2026/08/02,17:47:38.3,熊本県天草・芦北地方,32°28.9′N,130°31.6′E,10 km,1.3,---
2026/08/02,17:48:08.4,釧路沖,42°52.7′N,145°12.3′E,45 km,1.1,---
2026/08/02,17:48:18.0,島根県西部,35°10.2′N,132°33.6′E,11 km,0.4,---
2026/08/02,17:49:10.9,熊本県熊本地方,32°44.7′N,130°47.8′E,5 km,1.1,---
2026/08/02,17:50:17.1,根室半島南東沖,43°22.7′N,146°05.9′E,78 km,1.8,---
2026/08/02,17:50:36.0,青森県東方沖,41°28.8′N,142°49.7′E,22 km,1.1,---
2026/08/02,17:50:44.8,熊本県天草・芦北地方,32°27.6′N,130°31.1′E,10 km,2.5,---
2026/08/02,17:52:37.5,熊本県天草・芦北地方,32°30.5′N,130°32.9′E,12 km,0.3,---
2026/08/02,17:52:56.6,熊本県天草・芦北地方,32°21.0′N,130°26.7′E,12 km,2.1,---
2026/08/02,17:55:27.4,熊本県天草・芦北地方,32°25.8′N,130°31.9′E,12 km,1.5,---
2026/08/02,17:55:39.4,熊本県熊本地方,32°42.8′N,130°46.1′E,11 km,2.2,---
2026/08/02,17:58:54.3,熊本県天草・芦北地方,32°11.8′N,130°21.1′E,5 km,0.5,---
2026/08/02,17:59:57.8,熊本県熊本地方,32°37.4′N,130°43.7′E,7 km,0.2,---
2026/08/02,18:00:13.1,福島県沖,36°51.5′N,142°14.1′E,9 km,1.6,---
2026/08/02,18:00:27.0,熊本県熊本地方,32°30.3′N,130°35.1′E,12 km,0.8,---
2026/08/02,18:01:11.3,福島県沖,37°42.8′N,141°34.3′E,53 km,2.1,---
2026/08/02,18:01:53.9,長野県北部,36°34.3′N,137°51.4′E,7 km,0.3,---
2026/08/02,18:02:39.1,熊本県天草・芦北地方,32°27.6′N,130°34.6′E,0 km,0.5,---
2026/08/02,18:02:52.9,トカラ列島近海,28°10.5′N,128°42.5′E,78 km,0.5,---
2026/08/02,18:05:37.1,熊本県天草・芦北地方,32°28.9′N,130°33.0′E,6 km,-0.2,---
2026/08/02,18:05:49.5,熊本県熊本地方,32°43.9′N,130°46.6′E,10 km,0.1,---
2026/08/02,18:07:47.0,熊本県天草・芦北地方,32°12.2′N,130°21.1′E,4 km,0.4,---
2026/08/02,18:08:55.2,熊本県天草・芦北地方,32°30.8′N,130°33.3′E,15 km,0.8,---
2026/08/02,18:09:13.6,熊本県天草・芦北地方,32°27.3′N,130°29.3′E,14 km,0.6,---
2026/08/02,18:09:52.2,島根県西部,35°10.5′N,132°33.2′E,11 km,0.0,---
2026/08/02,18:10:38.1,熊本県天草・芦北地方,32°25.7′N,130°30.6′E,0 km,0.4,---
2026/08/02,18:11:06.0,熊本県熊本地方,32°32.0′N,130°35.4′E,10 km,0.5,---
2026/08/02,18:12:39.0,熊本県天草・芦北地方,32°25.5′N,130°31.7′E,6 km,1.8,---
2026/08/02,18:13:13.8,熊本県熊本地方,32°38.2′N,130°43.8′E,9 km,0.5,---
2026/08/02,18:14:28.7,岩手県沖,40°17.9′N,142°20.2′E,17 km,1.2,---
2026/08/02,18:14:30.6,熊本県熊本地方,32°31.7′N,130°35.4′E,6 km,1.5,---
2026/08/02,18:15:14.4,熊本県熊本地方,32°33.8′N,130°40.3′E,1 km,1.5,---
2026/08/02,18:16:57.4,熊本県天草・芦北地方,32°27.8′N,130°31.1′E,9 km,1.0,---
2026/08/02,18:17:24.9,熊本県天草・芦北地方,32°27.7′N,130°30.7′E,8 km,0.6,---
2026/08/02,18:18:17.4,熊本県天草・芦北地方,32°26.9′N,130°28.5′E,12 km,0.4,---
2026/08/02,18:20:04.7,熊本県熊本地方,32°30.9′N,130°36.0′E,10 km,0.2,---
2026/08/02,18:20:15.2,島根県西部,35°10.0′N,132°33.7′E,12 km,1.5,---
2026/08/02,18:21:16.3,熊本県天草・芦北地方,32°24.7′N,130°29.8′E,7 km,1.3,---
2026/08/02,18:22:29.0,千葉県北東部,35°44.1′N,140°36.4′E,50 km,不明,---
2026/08/02,18:22:37.7,千葉県北東部,35°44.1′N,140°38.3′E,50 km,1.2,---
2026/08/02,18:23:21.2,熊本県天草・芦北地方,32°10.0′N,130°31.8′E,8 km,-0.4,---
2026/08/02,18:23:40.4,熊本県阿蘇地方,32°52.6′N,131°02.5′E,3 km,0.9,---
2026/08/02,18:24:19.4,熊本県天草・芦北地方,32°31.0′N,130°32.9′E,13 km,1.0,---
2026/08/02,18:24:29.7,熊本県熊本地方,32°30.8′N,130°35.7′E,8 km,0.8,---
2026/08/02,18:24:55.3,青森県東方沖,41°00.0′N,142°07.1′E,55 km,1.0,---
2026/08/02,18:25:39.1,熊本県熊本地方,32°43.3′N,130°46.2′E,12 km,0.3,---
2026/08/02,18:26:22.3,熊本県熊本地方,32°37.6′N,130°42.9′E,7 km,0.2,---
2026/08/02,18:26:45.6,熊本県熊本地方,32°33.7′N,130°39.3′E,12 km,1.1,---
2026/08/02,18:28:39.6,熊本県熊本地方,32°29.7′N,130°35.8′E,6 km,0.5,---
2026/08/02,18:28:57.9,熊本県熊本地方,32°32.1′N,130°35.9′E,7 km,1.7,---
2026/08/02,18:29:55.3,宮城県北部,38°52.1′N,141°30.0′E,80 km,0.8,---
2026/08/02,18:30:20.8,石川県能登地方,37°29.8′N,137°17.0′E,7 km,1.0,---
2026/08/02,18:31:31.1,宮崎県北部山沿い,32°28.0′N,131°07.7′E,15 km,0.5,---
2026/08/02,18:32:41.7,三陸沖,39°43.9′N,143°46.2′E,21 km,1.2,---
2026/08/02,18:32:49.8,熊本県天草・芦北地方,32°20.7′N,130°30.5′E,10 km,0.1,---
2026/08/02,18:32:54.6,熊本県熊本地方,32°38.9′N,130°43.7′E,9 km,0.3,---
2026/08/02,18:33:33.3,日向灘,31°56.5′N,132°03.0′E,24 km,0.7,---
2026/08/02,18:34:37.1,熊本県熊本地方,32°39.8′N,130°41.7′E,17 km,0.4,---
2026/08/02,18:35:35.0,熊本県天草・芦北地方,32°23.1′N,130°28.2′E,0 km,0.3,---
2026/08/02,18:36:20.0,熊本県天草・芦北地方,32°18.0′N,130°22.2′E,9 km,0.3,---
2026/08/02,18:36:37.3,熊本県熊本地方,32°38.7′N,130°44.1′E,10 km,0.0,---
2026/08/02,18:36:48.7,熊本県熊本地方,32°34.6′N,130°40.0′E,6 km,0.0,---
2026/08/02,18:37:05.5,熊本県天草・芦北地方,32°27.9′N,130°32.4′E,7 km,1.4,---
2026/08/02,18:37:54.2,熊本県熊本地方,32°44.8′N,130°47.9′E,7 km,0.1,---
2026/08/02,18:38:01.0,群馬県北部,36°53.4′N,139°21.6′E,3 km,0.4,---
2026/08/02,18:38:12.6,群馬県北部,36°52.9′N,139°20.4′E,5 km,0.4,---
2026/08/02,18:38:54.1,八丈島東方沖,32°09.2′N,142°16.7′E,57 km,3.1,---
2026/08/02,18:39:14.8,熊本県熊本地方,32°38.6′N,130°42.1′E,15 km,0.2,---
2026/08/02,18:39:38.6,群馬県北部,36°52.5′N,139°20.8′E,5 km,0.1,---
2026/08/02,18:39:43.9,熊本県天草・芦北地方,32°17.0′N,130°32.8′E,10 km,1.0,---
2026/08/02,18:39:58.6,熊本県天草・芦北地方,32°27.9′N,130°33.3′E,6 km,1.1,---
2026/08/02,18:40:19.6,熊本県熊本地方,32°37.5′N,130°42.3′E,9 km,0.6,---
2026/08/02,18:40:43.1,熊本県熊本地方,32°32.0′N,130°36.0′E,14 km,0.9,---
2026/08/02,18:41:34.0,熊本県天草・芦北地方,32°20.7′N,130°30.0′E,1 km,1.7,---
2026/08/02,18:42:18.4,天草灘,31°58.2′N,130°10.8′E,4 km,1.2,---
2026/08/02,18:42:40.8,群馬県北部,36°52.6′N,139°20.5′E,5 km,0.5,---
2026/08/02,18:42:48.6,福島県沖,37°17.0′N,142°14.1′E,18 km,1.2,---
2026/08/02,18:44:30.4,和歌山県北部,34°12.8′N,135°13.6′E,6 km,0.5,---
2026/08/02,18:44:50.6,熊本県熊本地方,32°30.7′N,130°34.3′E,9 km,0.9,---
2026/08/02,18:45:11.9,群馬県北部,36°52.5′N,139°20.7′E,5 km,0.7,---
2026/08/02,18:45:25.7,熊本県熊本地方,32°39.4′N,130°43.7′E,11 km,0.3,---
2026/08/02,18:46:25.2,石川県能登地方,37°10.5′N,136°46.9′E,10 km,0.8,---
2026/08/02,18:46:56.2,岩手県沖,40°17.9′N,141°59.7′E,46 km,0.4,---
2026/08/02,18:47:03.9,熊本県熊本地方,32°38.4′N,130°44.1′E,6 km,0.2,---
2026/08/02,18:47:20.6,新潟県下越沖,37°50.2′N,138°43.0′E,17 km,0.6,---
2026/08/02,18:47:48.0,熊本県熊本地方,32°40.7′N,130°44.3′E,9 km,0.0,---
2026/08/02,18:49:06.2,熊本県天草・芦北地方,32°32.7′N,130°33.4′E,15 km,0.9,---
2026/08/02,18:49:32.3,石川県能登地方,37°16.8′N,136°48.5′E,11 km,0.4,---
2026/08/02,18:50:32.2,熊本県熊本地方,32°39.0′N,130°41.2′E,15 km,0.9,---
2026/08/02,18:52:56.6,熊本県天草・芦北地方,32°26.7′N,130°33.0′E,1 km,1.2,---
2026/08/02,18:54:25.5,宮城県沖,38°26.2′N,141°57.9′E,41 km,1.4,---
2026/08/02,18:55:20.7,熊本県熊本地方,32°39.1′N,130°41.8′E,14 km,0.5,---
2026/08/02,18:55:49.6,熊本県熊本地方,32°32.0′N,130°36.2′E,4 km,0.9,---
2026/08/02,18:57:53.6,熊本県熊本地方,32°29.9′N,130°34.8′E,11 km,1.2,---
2026/08/02,18:58:19.7,岩手県沖,40°16.4′N,142°17.4′E,39 km,1.0,---
2026/08/02,18:58:20.8,大分県南部,32°50.3′N,131°46.6′E,7 km,0.1,---
2026/08/02,18:58:32.9,熊本県熊本地方,32°40.2′N,130°42.2′E,15 km,2.6,---
2026/08/02,18:58:51.7,長野県中部,36°13.9′N,137°39.6′E,4 km,-0.1,---
2026/08/02,18:59:08.2,熊本県熊本地方,32°39.1′N,130°42.3′E,11 km,1.8,---
2026/08/02,19:00:08.4,熊本県天草・芦北地方,32°30.7′N,130°32.3′E,11 km,4.3,---
2026/08/02,19:03:31.6,熊本県天草・芦北地方,32°30.8′N,130°32.1′E,14 km,1.7,---
2026/08/02,19:04:09.9,三陸沖,39°46.4′N,143°24.9′E,12 km,1.2,---
2026/08/02,19:04:15.0,青森県東方沖,41°15.6′N,142°47.8′E,30 km,0.7,---
2026/08/02,19:04:59.2,熊本県熊本地方,32°35.8′N,130°38.5′E,13 km,0.8,---
2026/08/02,19:05:39.3,熊本県天草・芦北地方,32°30.9′N,130°32.8′E,13 km,3.8,---
2026/08/02,19:06:25.5,日高地方東部,42°03.1′N,143°14.2′E,47 km,0.8,---
2026/08/02,19:07:33.9,熊本県熊本地方,32°32.0′N,130°35.8′E,13 km,1.2,---
2026/08/02,19:08:26.3,島根県西部,35°11.0′N,132°33.2′E,13 km,0.7,---
2026/08/02,19:09:48.0,和歌山県北部,33°59.0′N,135°12.3′E,7 km,-0.1,---
2026/08/02,19:10:22.2,熊本県熊本地方,32°44.7′N,130°47.6′E,8 km,1.0,---
2026/08/02,19:10:35.1,沖縄本島近海,27°26.6′N,128°40.4′E,42 km,3.9,---
2026/08/02,19:11:51.5,熊本県天草・芦北地方,32°28.5′N,130°33.9′E,10 km,1.4,---
2026/08/02,19:12:11.6,熊本県天草・芦北地方,32°19.4′N,130°27.8′E,10 km,2.4,---
2026/08/02,19:13:57.3,熊本県天草・芦北地方,32°30.1′N,130°31.5′E,8 km,1.1,---
2026/08/02,19:15:36.2,熊本県熊本地方,32°32.6′N,130°39.8′E,8 km,0.1,---
2026/08/02,19:16:23.6,熊本県熊本地方,32°43.7′N,130°46.4′E,10 km,1.2,---
2026/08/02,19:16:49.8,島根県東部,35°18.5′N,133°11.6′E,12 km,0.4,---
2026/08/02,19:17:00.0,熊本県天草・芦北地方,32°29.0′N,130°31.5′E,9 km,0.8,---
2026/08/02,19:17:23.1,茨城県沖,36°13.5′N,140°53.8′E,43 km,1.3,---
2026/08/02,19:17:41.8,熊本県熊本地方,32°44.5′N,130°47.3′E,8 km,0.5,---
2026/08/02,19:21:30.7,根室半島南東沖,43°17.7′N,146°33.6′E,83 km,1.3,---
2026/08/02,19:21:57.8,熊本県熊本地方,32°38.8′N,130°44.1′E,9 km,0.1,---
2026/08/02,19:22:05.8,岩手県沖,40°20.3′N,142°31.6′E,31 km,1.7,---
2026/08/02,19:22:30.9,熊本県熊本地方,32°40.1′N,130°42.4′E,15 km,3.2,---
2026/08/02,19:22:53.5,福島県沖,37°24.9′N,141°51.9′E,36 km,0.8,---
2026/08/02,19:22:58.9,熊本県熊本地方,32°40.2′N,130°42.2′E,13 km,2.0,---
2026/08/02,19:24:16.6,三陸沖,40°32.3′N,145°04.9′E,13 km,2.2,---
2026/08/02,19:24:55.5,熊本県熊本地方,32°40.2′N,130°42.0′E,13 km,1.4,---
2026/08/02,19:26:08.4,熊本県熊本地方,32°41.6′N,130°45.4′E,13 km,0.3,---
2026/08/02,19:28:05.4,熊本県熊本地方,32°39.0′N,130°45.9′E,10 km,-0.2,---
2026/08/02,19:29:50.4,熊本県熊本地方,32°41.0′N,130°42.0′E,15 km,0.3,---
2026/08/02,19:31:22.9,福島県沖,37°43.9′N,143°39.3′E,4 km,1.5,---
2026/08/02,19:31:53.0,熊本県熊本地方,32°32.3′N,130°35.8′E,12 km,0.6,---
2026/08/02,19:33:01.4,熊本県熊本地方,32°39.8′N,130°42.1′E,16 km,0.4,---
2026/08/02,19:33:53.8,宮城県沖,38°46.2′N,141°43.0′E,52 km,0.6,---
2026/08/02,19:34:29.9,熊本県熊本地方,32°33.0′N,130°40.2′E,6 km,0.4,---
2026/08/02,19:36:15.0,熊本県熊本地方,32°33.1′N,130°37.4′E,11 km,0.2,---
2026/08/02,19:36:22.5,兵庫県南西部,34°50.8′N,134°46.7′E,11 km,0.4,---
2026/08/02,19:36:37.3,熊本県熊本地方,32°41.2′N,130°43.9′E,12 km,0.5,---
2026/08/02,19:39:11.3,熊本県天草・芦北地方,32°30.3′N,130°32.0′E,12 km,3.6,---
2026/08/02,19:41:46.8,和歌山県北部,34°04.2′N,135°20.9′E,8 km,0.6,---
2026/08/02,19:45:58.9,熊本県天草・芦北地方,32°27.9′N,130°33.8′E,6 km,0.9,---
2026/08/02,19:46:17.5,熊本県熊本地方,32°39.0′N,130°43.9′E,13 km,0.7,---
2026/08/02,19:49:59.0,熊本県熊本地方,32°31.5′N,130°35.8′E,14 km,0.7,---
2026/08/02,19:51:05.2,熊本県天草・芦北地方,32°30.3′N,130°31.7′E,12 km,0.7,---
2026/08/02,19:51:47.2,熊本県天草・芦北地方,32°22.9′N,130°28.7′E,8 km,0.9,---
2026/08/02,19:52:09.0,熊本県熊本地方,32°40.2′N,130°42.8′E,13 km,0.5,---
2026/08/02,19:53:31.1,熊本県天草・芦北地方,32°30.4′N,130°31.1′E,10 km,0.1,---
2026/08/02,19:55:06.2,熊本県熊本地方,32°33.8′N,130°35.6′E,13 km,1.0,---
2026/08/02,19:56:23.4,熊本県天草・芦北地方,32°24.6′N,130°30.5′E,8 km,1.8,---
2026/08/02,19:58:11.7,日向灘,31°56.9′N,132°01.8′E,19 km,1.8,---
2026/08/02,19:58:47.2,茨城県沖,36°12.2′N,140°55.9′E,42 km,1.0,---
2026/08/02,20:01:43.8,熊本県熊本地方,32°33.3′N,130°39.2′E,9 km,2.2,---
2026/08/02,20:02:49.7,熊本県天草・芦北地方,32°24.6′N,130°27.8′E,9 km,0.1,---
2026/08/02,20:02:59.8,熊本県熊本地方,32°30.1′N,130°35.7′E,10 km,0.2,---
2026/08/02,20:03:27.9,和歌山県北部,34°01.6′N,135°29.0′E,55 km,0.4,---
2026/08/02,20:04:13.2,熊本県熊本地方,32°38.1′N,130°43.2′E,10 km,0.3,---
2026/08/02,20:04:22.8,茨城県南部,36°14.0′N,139°49.6′E,111 km,0.7,---
2026/08/02,20:04:50.9,熊本県熊本地方,32°33.2′N,130°38.7′E,7 km,0.8,---
2026/08/02,20:05:40.3,熊本県天草・芦北地方,32°27.6′N,130°29.1′E,13 km,0.8,---
2026/08/02,20:05:54.4,熊本県熊本地方,32°29.8′N,130°34.7′E,10 km,0.3,---
2026/08/02,20:06:44.1,熊本県熊本地方,32°29.3′N,130°38.7′E,9 km,0.4,---
2026/08/02,20:07:36.0,熊本県熊本地方,32°33.1′N,130°39.1′E,9 km,3.2,---
2026/08/02,20:09:10.5,熊本県熊本地方,32°33.2′N,130°38.6′E,6 km,0.5,---
2026/08/02,20:10:41.3,福島県沖,37°47.3′N,142°03.4′E,37 km,1.3,---
2026/08/02,20:10:50.8,熊本県天草・芦北地方,32°24.6′N,130°30.9′E,0 km,2.3,---
2026/08/02,20:11:04.0,福島県沖,36°54.4′N,140°51.7′E,84 km,1.1,---
2026/08/02,20:11:24.9,宗谷地方北部,45°00.2′N,141°47.7′E,16 km,0.6,---
2026/08/02,20:11:31.9,熊本県天草・芦北地方,32°30.7′N,130°32.0′E,13 km,2.2,---
2026/08/02,20:12:04.4,山口県北西沖,35°34.2′N,130°22.5′E,6 km,2.2,---
2026/08/02,20:13:34.1,熊本県熊本地方,32°38.8′N,130°44.3′E,9 km,0.3,---
2026/08/02,20:15:29.9,熊本県天草・芦北地方,32°28.4′N,130°29.6′E,13 km,0.7,---
2026/08/02,20:17:26.3,熊本県天草・芦北地方,32°30.3′N,130°32.1′E,11 km,0.4,---
2026/08/02,20:18:25.5,熊本県熊本地方,32°33.4′N,130°38.8′E,8 km,0.1,---
2026/08/02,20:18:58.6,熊本県天草・芦北地方,32°26.7′N,130°32.1′E,1 km,0.0,---
2026/08/02,20:19:47.3,群馬県北部,36°52.6′N,139°20.7′E,5 km,0.5,---
2026/08/02,20:20:03.9,群馬県北部,36°52.4′N,139°20.7′E,6 km,0.4,---
2026/08/02,20:20:06.2,群馬県北部,36°52.3′N,139°20.5′E,5 km,0.7,---
2026/08/02,20:20:07.6,福島県沖,37°07.0′N,141°03.4′E,84 km,0.7,---
2026/08/02,20:20:24.2,熊本県天草・芦北地方,32°30.7′N,130°32.5′E,12 km,3.4,---
2026/08/02,20:21:07.1,熊本県熊本地方,32°23.8′N,130°33.9′E,0 km,2.8,---
2026/08/02,20:21:20.9,熊本県熊本地方,32°24.0′N,130°33.7′E,0 km,3.1,---
2026/08/02,20:23:04.8,熊本県熊本地方,32°37.0′N,130°42.9′E,9 km,0.5,---
2026/08/02,20:23:29.1,福島県沖,37°52.2′N,141°35.1′E,45 km,1.2,---
2026/08/02,20:23:36.0,熊本県熊本地方,32°43.8′N,130°46.2′E,10 km,0.6,---
2026/08/02,20:25:28.9,熊本県熊本地方,32°31.3′N,130°36.1′E,9 km,0.2,---
2026/08/02,20:25:47.7,熊本県天草・芦北地方,32°31.0′N,130°32.7′E,14 km,1.0,---
2026/08/02,20:26:31.6,熊本県天草・芦北地方,32°23.1′N,130°28.8′E,7 km,0.5,---
2026/08/02,20:28:36.4,天草灘,31°58.0′N,129°58.0′E,10 km,1.5,---
2026/08/02,20:29:42.3,鳥取県中部,35°23.4′N,133°37.0′E,11 km,0.1,---
2026/08/02,20:30:38.7,熊本県熊本地方,32°32.5′N,130°38.4′E,4 km,1.0,---
2026/08/02,20:30:54.7,東京湾,35°30.8′N,139°53.4′E,23 km,1.4,---
2026/08/02,20:31:07.8,熊本県天草・芦北地方,32°30.5′N,130°32.0′E,10 km,0.5,---
2026/08/02,20:31:42.6,和歌山県南方沖,33°20.6′N,135°44.0′E,27 km,1.4,---
2026/08/02,20:31:58.9,群馬県北部,36°52.5′N,139°20.8′E,5 km,0.6,---
2026/08/02,20:32:19.8,千葉県北東部,35°45.1′N,140°39.6′E,48 km,0.6,---
2026/08/02,20:33:11.3,福島県沖,37°49.3′N,141°36.8′E,49 km,1.0,---
2026/08/02,20:33:13.4,熊本県天草・芦北地方,32°30.7′N,130°32.9′E,13 km,1.5,---
2026/08/02,20:34:54.4,熊本県天草・芦北地方,32°24.7′N,130°30.7′E,4 km,0.5,---
2026/08/02,20:35:26.7,熊本県天草・芦北地方,32°31.9′N,130°33.1′E,11 km,0.4,---
2026/08/02,20:37:25.6,熊本県熊本地方,32°37.5′N,130°42.2′E,12 km,0.5,---
2026/08/02,20:38:04.4,福島県沖,37°20.5′N,141°43.8′E,40 km,1.2,---
2026/08/02,20:38:13.2,熊本県天草・芦北地方,32°28.9′N,130°31.2′E,7 km,0.7,---
2026/08/02,20:38:52.8,熊本県天草・芦北地方,32°28.2′N,130°30.6′E,1 km,0.9,---
2026/08/02,20:39:27.0,熊本県天草・芦北地方,32°12.5′N,130°23.3′E,2 km,0.6,---
2026/08/02,20:40:12.6,熊本県熊本地方,32°37.2′N,130°42.5′E,5 km,0.4,---
2026/08/02,20:41:23.2,熊本県熊本地方,32°38.8′N,130°42.0′E,14 km,2.0,---
2026/08/02,20:41:27.0,福井県沖,35°55.2′N,135°32.8′E,14 km,0.9,---
2026/08/02,20:41:42.1,島根県東部,35°17.7′N,133°12.2′E,7 km,0.0,---
2026/08/02,20:42:06.8,日向灘,31°58.0′N,132°00.5′E,19 km,1.5,---
2026/08/02,20:42:48.2,熊本県天草・芦北地方,32°27.3′N,130°33.5′E,2 km,0.5,---
2026/08/02,20:43:10.5,熊本県熊本地方,32°39.0′N,130°43.1′E,10 km,0.2,---
2026/08/02,20:44:28.6,熊本県熊本地方,32°35.1′N,130°41.0′E,8 km,1.8,---
2026/08/02,20:45:35.0,熊本県熊本地方,32°34.3′N,130°38.9′E,9 km,0.1,---
2026/08/02,20:45:51.1,熊本県熊本地方,32°38.4′N,130°43.4′E,10 km,0.3,---
2026/08/02,20:49:23.4,熊本県天草・芦北地方,32°17.6′N,130°26.8′E,2 km,-0.2,---
2026/08/02,20:51:55.6,熊本県熊本地方,32°38.6′N,130°41.6′E,14 km,0.9,---
2026/08/02,20:52:48.0,熊本県熊本地方,32°35.7′N,130°40.6′E,12 km,0.1,---
2026/08/02,20:53:44.8,熊本県天草・芦北地方,32°24.3′N,130°28.8′E,10 km,1.3,---
2026/08/02,20:54:11.6,熊本県天草・芦北地方,32°31.3′N,130°33.8′E,12 km,0.4,---
2026/08/02,20:54:13.1,高知県中部,33°47.4′N,133°32.2′E,8 km,-0.2,---
2026/08/02,20:54:58.9,熊本県天草・芦北地方,32°30.4′N,130°31.5′E,12 km,0.3,---
2026/08/02,20:55:52.7,熊本県天草・芦北地方,32°24.4′N,130°26.3′E,7 km,0.8,---
2026/08/02,20:56:15.2,群馬県北部,36°52.5′N,139°20.5′E,6 km,0.7,---
2026/08/02,20:56:34.8,熊本県天草・芦北地方,32°26.4′N,130°33.9′E,11 km,0.2,---
2026/08/02,20:57:22.6,熊本県熊本地方,32°29.8′N,130°33.1′E,9 km,0.4,---
2026/08/02,20:57:48.2,福島県沖,37°43.1′N,141°34.9′E,54 km,2.1,---
2026/08/02,20:58:00.2,熊本県熊本地方,32°38.2′N,130°41.9′E,15 km,-0.1,---
2026/08/02,20:58:21.6,熊本県天草・芦北地方,32°28.4′N,130°32.2′E,1 km,1.8,---
2026/08/02,20:59:26.6,熊本県熊本地方,32°29.7′N,130°36.0′E,6 km,0.9,---
2026/08/02,21:00:45.2,熊本県熊本地方,32°41.1′N,130°43.7′E,11 km,0.5,---
2026/08/02,21:01:33.9,熊本県天草・芦北地方,32°30.2′N,130°31.2′E,13 km,0.2,---
2026/08/02,21:01:39.4,宮古島近海,24°40.5′N,125°10.4′E,46 km,0.8,---
2026/08/02,21:02:43.0,熊本県熊本地方,32°32.2′N,130°36.5′E,12 km,0.2,---
2026/08/02,21:03:01.6,熊本県天草・芦北地方,32°30.4′N,130°31.7′E,11 km,1.1,---
2026/08/02,21:03:51.7,熊本県熊本地方,32°36.4′N,130°42.4′E,9 km,0.2,---
2026/08/02,21:06:11.2,熊本県熊本地方,32°43.6′N,130°46.2′E,11 km,0.4,---
2026/08/02,21:06:58.0,和歌山県北部,34°12.6′N,135°16.1′E,6 km,0.0,---
2026/08/02,21:07:09.1,奄美大島近海,28°16.8′N,129°31.4′E,24 km,1.7,---
2026/08/02,21:08:00.2,熊本県天草・芦北地方,32°12.4′N,130°22.4′E,3 km,0.7,---
2026/08/02,21:08:23.8,千葉県南部,35°19.2′N,140°22.7′E,27 km,1.2,---
2026/08/02,21:08:31.3,熊本県熊本地方,32°43.2′N,130°46.8′E,10 km,1.0,---
2026/08/02,21:09:13.6,遠州灘,34°25.9′N,137°52.1′E,20 km,1.7,---
2026/08/02,21:09:19.3,熊本県熊本地方,32°37.8′N,130°42.7′E,11 km,0.6,---
2026/08/02,21:09:21.0,天草灘,31°57.5′N,130°11.5′E,3 km,-0.1,---
2026/08/02,21:09:59.9,熊本県天草・芦北地方,32°27.0′N,130°33.8′E,0 km,0.4,---
2026/08/02,21:10:45.8,熊本県天草・芦北地方,32°27.7′N,130°32.4′E,3 km,0.0,---
2026/08/02,21:11:38.8,熊本県天草・芦北地方,32°21.6′N,130°27.3′E,8 km,0.5,---
2026/08/02,21:12:19.0,熊本県天草・芦北地方,32°30.1′N,130°31.3′E,10 km,0.7,---
2026/08/02,21:12:43.4,熊本県熊本地方,32°44.8′N,130°47.3′E,11 km,0.1,---
2026/08/02,21:12:58.0,有明海,32°44.3′N,130°35.7′E,13 km,0.5,---
2026/08/02,21:13:14.2,熊本県天草・芦北地方,32°23.4′N,130°28.7′E,5 km,0.7,---
2026/08/02,21:13:34.0,熊本県熊本地方,32°33.2′N,130°39.7′E,7 km,0.3,---
2026/08/02,21:14:04.5,熊本県熊本地方,32°32.3′N,130°36.9′E,15 km,0.5,---
2026/08/02,21:15:39.4,熊本県天草・芦北地方,32°30.5′N,130°32.1′E,12 km,0.4,---
2026/08/02,21:15:55.2,十勝地方中部,43°02.7′N,143°35.3′E,128 km,1.4,---
2026/08/02,21:15:56.6,熊本県熊本地方,32°44.2′N,130°46.8′E,9 km,1.8,---
2026/08/02,21:16:37.7,熊本県天草・芦北地方,32°28.1′N,130°33.0′E,9 km,0.7,---
2026/08/02,21:17:19.0,岐阜県美濃中西部,35°29.5′N,136°38.8′E,19 km,0.4,---
2026/08/02,21:18:24.4,熊本県天草・芦北地方,32°25.3′N,130°30.8′E,1 km,0.8,---
2026/08/02,21:19:47.5,熊本県熊本地方,32°33.6′N,130°37.8′E,10 km,0.2,---
2026/08/02,21:20:12.4,熊本県天草・芦北地方,32°22.7′N,130°27.0′E,9 km,0.7,---
2026/08/02,21:22:41.9,熊本県熊本地方,32°31.2′N,130°34.4′E,9 km,0.6,---
2026/08/02,21:22:56.3,熊本県熊本地方,32°44.0′N,130°46.4′E,12 km,0.4,---
2026/08/02,21:23:32.0,茨城県沖,36°12.3′N,140°57.6′E,40 km,1.3,---
2026/08/02,21:23:37.8,熊本県天草・芦北地方,32°28.4′N,130°33.0′E,4 km,0.7,---
2026/08/02,21:24:43.2,熊本県天草・芦北地方,32°29.9′N,130°32.6′E,11 km,0.9,---
2026/08/02,21:24:58.2,熊本県熊本地方,32°31.9′N,130°34.6′E,10 km,0.5,---
2026/08/02,21:25:45.4,熊本県熊本地方,32°32.0′N,130°36.5′E,12 km,0.0,---
2026/08/02,21:26:33.8,熊本県熊本地方,32°34.7′N,130°36.4′E,15 km,0.2,---
2026/08/02,21:27:53.6,熊本県天草・芦北地方,32°27.8′N,130°32.8′E,12 km,0.1,---
2026/08/02,21:28:08.7,熊本県熊本地方,32°41.4′N,130°42.3′E,15 km,0.3,---
2026/08/02,21:28:28.7,熊本県熊本地方,32°29.0′N,130°33.1′E,13 km,0.4,---
2026/08/02,21:28:47.6,熊本県熊本地方,32°41.1′N,130°43.4′E,17 km,0.1,---
2026/08/02,21:30:05.4,熊本県熊本地方,32°38.4′N,130°42.0′E,12 km,0.8,---
2026/08/02,21:31:26.2,和歌山県北部,34°13.4′N,135°09.9′E,7 km,-0.1,---
2026/08/02,21:32:38.3,熊本県天草・芦北地方,32°25.3′N,130°29.5′E,8 km,0.1,---
2026/08/02,21:34:05.8,岩手県沿岸北部,39°30.6′N,141°42.4′E,10 km,0.2,---
2026/08/02,21:35:09.2,熊本県天草・芦北地方,32°27.6′N,130°31.7′E,0 km,0.3,---
2026/08/02,21:35:37.4,熊本県天草・芦北地方,32°28.0′N,130°32.5′E,1 km,0.3,---
2026/08/02,21:36:05.7,熊本県天草・芦北地方,32°27.3′N,130°32.6′E,6 km,0.9,---
2026/08/02,21:37:11.5,熊本県天草・芦北地方,32°22.4′N,130°27.8′E,8 km,1.9,---
2026/08/02,21:37:12.6,茨城県沖,36°37.7′N,140°58.3′E,25 km,1.8,---
2026/08/02,21:37:14.3,熊本県熊本地方,32°30.1′N,130°34.7′E,10 km,2.2,---
2026/08/02,21:37:26.7,千葉県南東沖,34°56.7′N,140°17.3′E,72 km,1.2,---
2026/08/02,21:37:40.5,熊本県天草・芦北地方,32°26.3′N,130°29.5′E,9 km,1.3,---
2026/08/02,21:38:00.5,熊本県天草・芦北地方,32°25.8′N,130°28.4′E,12 km,0.5,---
2026/08/02,21:38:28.3,熊本県熊本地方,32°39.7′N,130°42.0′E,16 km,0.3,---
2026/08/02,21:39:24.3,熊本県熊本地方,32°38.3′N,130°41.6′E,14 km,0.6,---
2026/08/02,21:39:29.7,大隅半島東方沖,31°06.0′N,131°41.7′E,30 km,0.8,---
2026/08/02,21:39:50.8,十勝地方中部,42°44.5′N,142°57.6′E,77 km,0.6,---
2026/08/02,21:40:04.2,熊本県熊本地方,32°35.5′N,130°41.0′E,11 km,0.5,---
2026/08/02,21:40:20.2,熊本県熊本地方,32°33.4′N,130°37.6′E,11 km,0.5,---
2026/08/02,21:40:46.7,熊本県天草・芦北地方,32°28.6′N,130°30.5′E,11 km,0.9,---
2026/08/02,21:41:27.9,熊本県熊本地方,32°34.0′N,130°37.5′E,13 km,0.4,---
2026/08/02,21:42:19.7,熊本県天草・芦北地方,32°28.4′N,130°33.1′E,14 km,2.4,---
2026/08/02,21:43:46.5,熊本県熊本地方,32°41.3′N,130°45.6′E,10 km,0.7,---
2026/08/02,21:44:13.3,熊本県天草・芦北地方,32°24.8′N,130°27.6′E,13 km,0.5,---
2026/08/02,21:45:27.2,三陸沖,39°02.5′N,144°09.7′E,31 km,2.6,---
2026/08/02,21:46:45.5,熊本県天草・芦北地方,32°26.4′N,130°31.4′E,0 km,0.0,---
2026/08/02,21:48:04.5,熊本県熊本地方,32°39.1′N,130°42.4′E,12 km,1.2,---
2026/08/02,21:48:25.0,福島県沖,37°00.3′N,141°12.3′E,29 km,1.9,---
2026/08/02,21:48:56.5,熊本県熊本地方,32°44.0′N,130°48.1′E,11 km,1.1,---
2026/08/02,21:50:06.5,熊本県熊本地方,32°41.9′N,130°44.6′E,9 km,0.2,---
2026/08/02,21:51:44.9,熊本県熊本地方,32°30.0′N,130°34.2′E,10 km,0.5,---
2026/08/02,21:52:19.9,熊本県天草・芦北地方,32°28.4′N,130°32.8′E,0 km,0.9,---
2026/08/02,21:55:15.8,熊本県熊本地方,32°41.9′N,130°46.4′E,12 km,0.2,---
2026/08/02,21:55:38.0,熊本県天草・芦北地方,32°25.0′N,130°29.8′E,7 km,0.5,---
2026/08/02,21:56:06.2,熊本県熊本地方,32°40.4′N,130°43.8′E,14 km,0.7,---
2026/08/02,21:57:37.6,熊本県熊本地方,32°39.3′N,130°42.1′E,17 km,0.3,---
2026/08/02,21:58:03.1,熊本県天草・芦北地方,32°37.4′N,130°39.3′E,15 km,0.5,---
2026/08/02,21:58:21.2,熊本県天草・芦北地方,32°26.3′N,130°34.3′E,11 km,0.4,---
2026/08/02,22:00:43.4,熊本県熊本地方,32°32.3′N,130°36.5′E,12 km,1.0,---
2026/08/02,22:01:38.2,能登半島沖,37°32.0′N,137°13.5′E,9 km,0.7,---
2026/08/02,22:01:43.3,熊本県天草・芦北地方,32°15.2′N,130°29.7′E,4 km,0.4,---
2026/08/02,22:03:04.5,熊本県天草・芦北地方,32°21.1′N,130°29.6′E,0 km,1.5,---
2026/08/02,22:03:21.0,熊本県天草・芦北地方,32°24.2′N,130°27.3′E,12 km,2.2,---
2026/08/02,22:05:00.4,熊本県天草・芦北地方,32°24.1′N,130°27.1′E,12 km,0.3,---
2026/08/02,22:06:20.1,熊本県天草・芦北地方,32°11.7′N,130°21.6′E,4 km,0.2,---
2026/08/02,22:06:35.0,和歌山県南方沖,33°21.5′N,135°09.7′E,24 km,1.5,---
2026/08/02,22:06:39.2,熊本県天草・芦北地方,32°30.7′N,130°31.7′E,12 km,0.6,---
2026/08/02,22:06:56.8,熊本県熊本地方,32°31.8′N,130°35.2′E,7 km,0.3,---
2026/08/02,22:07:04.4,熊本県天草・芦北地方,32°26.8′N,130°28.8′E,11 km,1.0,---
2026/08/02,22:07:23.0,福島県沖,37°46.3′N,141°38.6′E,56 km,0.8,---
2026/08/02,22:07:37.2,福島県沖,37°33.5′N,142°06.0′E,32 km,1.5,---
2026/08/02,22:09:18.0,熊本県熊本地方,32°41.0′N,130°43.8′E,14 km,0.1,---
2026/08/02,22:09:25.3,熊本県天草・芦北地方,32°11.5′N,130°20.9′E,3 km,0.1,---
2026/08/02,22:09:37.0,長野県北部,36°34.5′N,137°50.7′E,4 km,-0.3,---
2026/08/02,22:10:05.2,熊本県天草・芦北地方,32°27.5′N,130°33.4′E,11 km,0.3,---
2026/08/02,22:10:51.2,熊本県天草・芦北地方,32°24.3′N,130°30.3′E,9 km,0.7,---
2026/08/02,22:11:07.0,石川県能登地方,37°23.1′N,137°07.6′E,12 km,1.0,---
2026/08/02,22:11:28.2,台湾付近,24°25.7′N,121°43.8′E,37 km,2.3,---
2026/08/02,22:12:14.7,熊本県熊本地方,32°32.7′N,130°39.8′E,6 km,0.8,---
2026/08/02,22:13:08.1,天草灘,32°04.5′N,129°23.5′E,6 km,1.6,---
2026/08/02,22:13:39.9,熊本県熊本地方,32°30.0′N,130°35.1′E,8 km,2.0,---
2026/08/02,22:14:51.7,熊本県熊本地方,32°32.8′N,130°34.8′E,14 km,0.4,---
2026/08/02,22:15:06.9,熊本県熊本地方,32°42.5′N,130°46.9′E,7 km,0.0,---
2026/08/02,22:15:13.7,熊本県熊本地方,32°39.7′N,130°41.6′E,15 km,0.7,---
2026/08/02,22:15:20.8,福島県沖,36°57.1′N,141°17.9′E,74 km,1.1,---
2026/08/02,22:16:38.8,熊本県熊本地方,32°29.0′N,130°33.6′E,13 km,0.6,---
2026/08/02,22:16:53.8,石川県西方沖,37°02.7′N,136°38.3′E,6 km,1.3,---
2026/08/02,22:17:08.4,茨城県沖,36°12.3′N,140°54.5′E,41 km,1.3,---
2026/08/02,22:17:38.4,岩手県沖,40°17.6′N,142°34.1′E,36 km,0.8,---
2026/08/02,22:18:17.8,熊本県天草・芦北地方,32°30.5′N,130°32.0′E,9 km,0.7,---
2026/08/02,22:18:44.3,熊本県熊本地方,32°35.4′N,130°40.8′E,11 km,0.3,---
2026/08/02,22:19:39.8,熊本県熊本地方,32°37.4′N,130°42.2′E,10 km,0.5,---
2026/08/02,22:19:54.0,静岡県西部,35°04.1′N,137°49.5′E,26 km,-0.1,---
2026/08/02,22:20:29.0,熊本県熊本地方,32°39.7′N,130°43.0′E,13 km,0.0,---
2026/08/02,22:21:01.1,熊本県熊本地方,32°29.0′N,130°37.3′E,10 km,1.7,---
2026/08/02,22:22:34.5,熊本県天草・芦北地方,32°30.3′N,130°32.2′E,11 km,1.3,---
2026/08/02,22:23:43.4,熊本県天草・芦北地方,32°29.8′N,130°31.5′E,11 km,0.9,---
2026/08/02,22:24:44.9,熊本県熊本地方,32°32.1′N,130°35.3′E,6 km,0.2,---
2026/08/02,22:24:46.8,山梨県東部・富士五湖,35°30.2′N,138°59.2′E,17 km,-0.1,---
2026/08/02,22:25:36.8,熊本県熊本地方,32°38.3′N,130°43.2′E,11 km,0.0,---
2026/08/02,22:26:07.5,熊本県天草・芦北地方,32°23.6′N,130°28.5′E,7 km,0.1,---
2026/08/02,22:26:13.6,熊本県天草・芦北地方,32°23.5′N,130°28.7′E,11 km,0.4,---
2026/08/02,22:27:21.9,紀伊水道,33°49.0′N,134°53.9′E,16 km,0.6,---
2026/08/02,22:27:36.1,秋田県内陸北部,40°13.9′N,140°50.2′E,12 km,0.4,---
2026/08/02,22:28:31.6,熊本県熊本地方,32°31.1′N,130°34.7′E,8 km,0.2,---
2026/08/02,22:28:57.9,熊本県熊本地方,32°28.9′N,130°37.1′E,7 km,0.4,---
2026/08/02,22:29:47.5,熊本県熊本地方,32°40.6′N,130°43.0′E,14 km,0.2,---
2026/08/02,22:31:13.1,熊本県熊本地方,32°31.1′N,130°34.6′E,13 km,-0.1,---
2026/08/02,22:31:19.0,熊本県熊本地方,32°38.8′N,130°43.4′E,11 km,1.2,---
2026/08/02,22:31:48.6,富山県東部,36°28.9′N,137°27.5′E,9 km,0.3,---
2026/08/02,22:32:23.6,熊本県熊本地方,32°38.2′N,130°42.7′E,16 km,-0.1,---
2026/08/02,22:32:25.6,福島県会津,37°22.1′N,139°57.8′E,9 km,1.3,---
2026/08/02,22:32:35.9,熊本県熊本地方,32°30.8′N,130°35.6′E,10 km,0.4,---
2026/08/02,22:33:48.7,宮城県沖,37°58.6′N,141°40.0′E,47 km,1.1,---
2026/08/02,22:34:13.9,熊本県熊本地方,32°38.0′N,130°42.2′E,15 km,-0.1,---
2026/08/02,22:34:35.8,熊本県天草・芦北地方,32°30.1′N,130°31.4′E,11 km,0.6,---
2026/08/02,22:35:13.4,釧路沖,42°37.8′N,145°00.1′E,65 km,1.3,---
2026/08/02,22:35:25.6,熊本県天草・芦北地方,32°14.0′N,130°25.1′E,0 km,0.1,---
2026/08/02,22:35:54.5,熊本県熊本地方,32°31.6′N,130°38.5′E,7 km,0.9,---
2026/08/02,22:38:51.5,新潟県上中越沖,37°12.7′N,138°04.8′E,23 km,0.8,---
2026/08/02,22:39:03.6,熊本県熊本地方,32°40.3′N,130°44.6′E,11 km,0.0,---
2026/08/02,22:39:47.8,熊本県天草・芦北地方,32°28.8′N,130°33.6′E,12 km,0.7,---
2026/08/02,22:39:53.6,和歌山県北部,34°04.4′N,135°20.6′E,8 km,1.0,---
2026/08/02,22:40:49.9,熊本県熊本地方,32°40.2′N,130°42.3′E,14 km,2.3,---
2026/08/02,22:42:19.7,熊本県天草・芦北地方,32°25.3′N,130°29.6′E,8 km,0.1,---
2026/08/02,22:42:34.7,熊本県天草・芦北地方,32°11.9′N,130°21.1′E,7 km,1.8,---
2026/08/02,22:44:06.4,熊本県熊本地方,32°32.5′N,130°39.5′E,6 km,0.1,---
2026/08/02,22:44:27.1,熊本県天草・芦北地方,32°26.5′N,130°33.2′E,14 km,0.0,---
2026/08/02,22:45:07.7,奄美大島近海,27°41.1′N,128°41.5′E,13 km,1.2,---
2026/08/02,22:45:13.3,熊本県天草・芦北地方,32°12.0′N,130°21.0′E,5 km,1.0,---
2026/08/02,22:45:46.5,西表島付近,24°26.8′N,123°52.3′E,11 km,0.3,---
2026/08/02,22:45:59.4,日向灘,32°32.1′N,132°24.8′E,20 km,0.6,---
2026/08/02,22:46:52.6,愛媛県南予,33°30.5′N,132°42.3′E,32 km,0.6,---
2026/08/02,22:46:58.1,熊本県天草・芦北地方,32°11.8′N,130°21.0′E,5 km,0.0,---
2026/08/02,22:47:07.1,熊本県天草・芦北地方,32°12.0′N,130°21.4′E,5 km,0.3,---
2026/08/02,22:47:08.7,熊本県天草・芦北地方,32°23.9′N,130°29.7′E,1 km,1.8,---
2026/08/02,22:48:54.8,熊本県天草・芦北地方,32°23.1′N,130°29.0′E,7 km,0.2,---
2026/08/02,22:49:40.5,熊本県熊本地方,32°32.6′N,130°36.6′E,13 km,1.2,---
2026/08/02,22:50:00.3,長野県北部,36°50.2′N,138°41.9′E,5 km,-0.1,---
2026/08/02,22:50:07.4,熊本県熊本地方,32°39.4′N,130°42.2′E,18 km,0.5,---
2026/08/02,22:51:33.6,熊本県熊本地方,32°47.3′N,130°51.0′E,11 km,1.8,---
2026/08/02,22:51:57.2,熊本県熊本地方,32°29.7′N,130°34.5′E,8 km,1.2,---
2026/08/02,22:53:12.1,熊本県熊本地方,32°38.9′N,130°42.2′E,14 km,0.4,---
2026/08/02,22:53:35.1,熊本県熊本地方,32°39.1′N,130°42.8′E,13 km,0.0,---
2026/08/02,22:53:59.4,熊本県熊本地方,32°41.9′N,130°45.9′E,11 km,0.4,---
2026/08/02,22:55:08.2,熊本県熊本地方,32°34.1′N,130°39.2′E,8 km,0.2,---
2026/08/02,22:55:17.4,奄美大島近海,28°22.1′N,129°21.8′E,30 km,0.6,---
2026/08/02,22:55:27.4,日向灘,31°56.3′N,132°01.3′E,19 km,1.2,---
2026/08/02,22:55:37.4,紀伊水道,33°48.3′N,134°53.5′E,15 km,0.9,---
2026/08/02,22:56:18.6,熊本県熊本地方,32°34.5′N,130°39.3′E,10 km,1.9,---
2026/08/02,22:57:21.5,岩手県沖,40°08.5′N,142°30.9′E,38 km,1.1,---
2026/08/02,22:58:13.9,熊本県熊本地方,32°30.4′N,130°35.2′E,12 km,3.5,---
2026/08/02,22:58:41.8,熊本県熊本地方,32°40.6′N,130°43.7′E,6 km,2.1,---
2026/08/02,22:59:50.9,熊本県熊本地方,32°30.4′N,130°35.2′E,12 km,1.9,---
2026/08/02,23:00:55.0,岩手県沖,39°54.2′N,142°29.6′E,34 km,1.8,---
2026/08/02,23:00:56.5,熊本県熊本地方,32°34.4′N,130°37.5′E,13 km,0.6,---
2026/08/02,23:02:10.1,熊本県熊本地方,32°48.2′N,130°47.3′E,13 km,0.7,---
2026/08/02,23:02:34.6,熊本県熊本地方,32°38.9′N,130°41.7′E,13 km,1.5,---
2026/08/02,23:03:05.3,種子島近海,30°32.0′N,130°31.9′E,67 km,1.3,---
2026/08/02,23:03:25.5,熊本県熊本地方,32°40.6′N,130°45.0′E,10 km,1.8,---
2026/08/02,23:04:35.7,岩手県沖,40°10.0′N,142°27.2′E,8 km,1.8,---
2026/08/02,23:04:35.8,熊本県熊本地方,32°30.0′N,130°34.3′E,9 km,0.1,---
2026/08/02,23:06:09.7,長野県北部,36°27.2′N,137°55.2′E,13 km,0.2,---
2026/08/02,23:06:48.5,熊本県天草・芦北地方,32°12.1′N,130°21.3′E,5 km,-0.1,---
2026/08/02,23:07:02.4,熊本県熊本地方,32°36.6′N,130°43.3′E,4 km,0.9,---
2026/08/02,23:07:59.9,熊本県熊本地方,32°32.6′N,130°39.4′E,2 km,0.4,---
2026/08/02,23:09:21.6,熊本県熊本地方,32°40.1′N,130°44.1′E,10 km,1.5,---
2026/08/02,23:10:46.2,熊本県熊本地方,32°38.1′N,130°44.7′E,8 km,0.2,---
2026/08/02,23:11:08.6,熊本県熊本地方,32°29.5′N,130°33.8′E,12 km,0.4,---
2026/08/02,23:12:10.2,奄美大島近海,27°51.8′N,129°22.9′E,17 km,0.7,---
2026/08/02,23:12:31.5,熊本県熊本地方,32°33.7′N,130°39.7′E,8 km,0.7,---
2026/08/02,23:12:33.5,福島県会津,37°21.9′N,139°57.7′E,9 km,0.7,---
2026/08/02,23:13:36.9,熊本県熊本地方,32°38.3′N,130°44.6′E,15 km,0.4,---
2026/08/02,23:13:59.1,熊本県熊本地方,32°40.0′N,130°43.7′E,11 km,0.7,---
2026/08/02,23:14:45.4,熊本県熊本地方,32°32.2′N,130°36.1′E,13 km,1.2,---
2026/08/02,23:14:52.9,熊本県熊本地方,32°30.3′N,130°36.5′E,0 km,1.3,---
2026/08/02,23:15:17.8,熊本県天草・芦北地方,32°22.9′N,130°28.7′E,6 km,0.6,---
2026/08/02,23:15:49.4,島根県沖,35°04.5′N,132°05.1′E,13 km,0.5,---
2026/08/02,23:16:00.7,三陸沖,37°57.1′N,144°24.0′E,17 km,0.8,---
2026/08/02,23:16:06.5,三陸沖,40°04.0′N,143°08.0′E,4 km,1.6,---
2026/08/02,23:16:20.5,熊本県天草・芦北地方,32°24.3′N,130°30.0′E,6 km,0.2,---
2026/08/02,23:18:03.9,日向灘,32°02.4′N,131°53.1′E,32 km,0.9,---
2026/08/02,23:18:27.4,熊本県天草・芦北地方,32°27.6′N,130°29.6′E,10 km,0.1,---
2026/08/02,23:20:26.6,熊本県熊本地方,32°40.6′N,130°45.3′E,10 km,0.1,---
2026/08/02,23:20:47.4,熊本県天草・芦北地方,32°16.4′N,130°21.1′E,1 km,0.7,---
2026/08/02,23:20:58.7,熊本県熊本地方,32°41.5′N,130°44.0′E,11 km,1.2,---
2026/08/02,23:21:45.4,熊本県天草・芦北地方,32°31.0′N,130°33.8′E,11 km,0.6,---
2026/08/02,23:22:24.2,奄美大島近海,27°47.5′N,129°10.6′E,37 km,0.6,---
2026/08/02,23:24:13.1,熊本県熊本地方,32°34.4′N,130°39.4′E,10 km,0.8,---
2026/08/02,23:24:48.2,熊本県熊本地方,32°29.0′N,130°35.8′E,10 km,0.8,---
2026/08/02,23:25:11.0,熊本県天草・芦北地方,32°25.2′N,130°31.2′E,2 km,0.2,---
2026/08/02,23:25:19.8,紀伊水道,34°09.2′N,135°07.0′E,8 km,0.2,---
2026/08/02,23:26:19.0,熊本県熊本地方,32°33.5′N,130°38.9′E,7 km,0.8,---
2026/08/02,23:27:30.2,熊本県熊本地方,32°34.0′N,130°37.8′E,10 km,1.1,---
2026/08/02,23:27:54.1,熊本県天草・芦北地方,32°30.7′N,130°32.7′E,11 km,1.3,---
2026/08/02,23:28:35.5,熊本県熊本地方,32°32.2′N,130°35.2′E,13 km,0.5,---
2026/08/02,23:31:13.1,熊本県熊本地方,32°29.3′N,130°34.2′E,12 km,0.9,---
2026/08/02,23:32:09.2,島根県西部,35°04.9′N,132°32.5′E,11 km,-0.4,---
2026/08/02,23:32:11.9,関東東方沖,36°44.8′N,143°46.0′E,24 km,1.6,---
2026/08/02,23:32:29.4,熊本県熊本地方,32°36.8′N,130°42.3′E,10 km,0.6,---
2026/08/02,23:32:43.4,熊本県熊本地方,32°37.3′N,130°40.4′E,13 km,0.5,---
2026/08/02,23:32:51.0,熊本県熊本地方,32°38.1′N,130°44.4′E,14 km,0.4,---
2026/08/02,23:33:19.1,京都府北部,35°14.8′N,135°15.6′E,11 km,0.0,---
2026/08/02,23:33:20.5,岐阜県美濃中西部,35°26.2′N,136°40.8′E,11 km,0.3,---
2026/08/02,23:34:32.5,秋田県内陸北部,39°58.6′N,140°32.9′E,2 km,-0.1,---
2026/08/02,23:34:52.6,熊本県天草・芦北地方,32°21.4′N,130°27.1′E,11 km,0.0,---
2026/08/02,23:35:02.9,秋田県内陸北部,39°58.6′N,140°32.9′E,1 km,0.2,---
2026/08/02,23:35:21.5,熊本県熊本地方,32°39.3′N,130°42.0′E,16 km,0.2,---
2026/08/02,23:36:38.9,奄美大島北東沖,29°44.4′N,130°27.4′E,37 km,不明,---
2026/08/02,23:37:15.1,熊本県天草・芦北地方,32°11.5′N,130°25.2′E,3 km,不明,---
2026/08/02,23:37:37.5,熊本県天草・芦北地方,32°27.0′N,130°29.0′E,11 km,1.1,---
2026/08/02,23:38:26.2,日向灘,32°25.8′N,132°22.6′E,26 km,1.1,---
2026/08/02,23:38:56.3,熊本県熊本地方,32°33.2′N,130°36.6′E,9 km,1.7,---
2026/08/02,23:39:13.0,福島県沖,37°49.6′N,141°36.6′E,49 km,1.0,---
2026/08/02,23:39:21.7,熊本県天草・芦北地方,32°24.9′N,130°28.8′E,3 km,0.9,---
2026/08/02,23:40:26.7,熊本県天草・芦北地方,32°30.7′N,130°32.6′E,13 km,1.8,---
2026/08/02,23:41:25.3,熊本県天草・芦北地方,32°17.4′N,130°24.7′E,12 km,0.3,---
2026/08/02,23:41:35.2,台湾付近,24°46.0′N,121°56.6′E,90 km,2.6,---
2026/08/02,23:41:47.9,熊本県天草・芦北地方,32°28.4′N,130°33.0′E,11 km,0.3,---
2026/08/02,23:42:09.1,熊本県熊本地方,32°40.7′N,130°44.2′E,11 km,1.4,---
2026/08/02,23:43:41.4,熊本県熊本地方,32°40.1′N,130°42.9′E,12 km,0.6,---
2026/08/02,23:44:53.0,十勝地方北部,43°22.4′N,142°46.0′E,6 km,1.3,---
2026/08/02,23:45:07.1,熊本県熊本地方,32°30.8′N,130°35.4′E,11 km,0.4,---
2026/08/02,23:45:17.6,熊本県熊本地方,32°34.5′N,130°39.2′E,9 km,1.1,---
2026/08/02,23:45:39.9,日向灘,32°00.0′N,131°54.4′E,30 km,1.5,---
2026/08/02,23:46:06.3,熊本県熊本地方,32°37.4′N,130°43.7′E,5 km,1.5,---
2026/08/02,23:46:22.7,青森県東方沖,40°56.2′N,143°01.1′E,16 km,1.4,---
2026/08/02,23:46:40.7,薩摩半島西方沖,31°43.8′N,129°56.5′E,14 km,0.9,---
2026/08/02,23:47:07.5,熊本県天草・芦北地方,32°32.1′N,130°33.5′E,16 km,0.6,---
2026/08/02,23:48:08.6,熊本県熊本地方,32°44.2′N,130°46.8′E,10 km,0.0,---
2026/08/02,23:48:24.7,群馬県北部,36°52.7′N,139°20.2′E,5 km,1.0,---
2026/08/02,23:48:25.8,熊本県天草・芦北地方,32°27.1′N,130°30.1′E,11 km,0.5,---
2026/08/02,23:49:47.7,日高地方東部,42°20.6′N,142°59.0′E,51 km,4.9,---
2026/08/02,23:50:22.7,神奈川県西部,35°14.3′N,139°01.5′E,3 km,0.1,---
2026/08/02,23:50:40.7,熊本県熊本地方,32°31.1′N,130°37.9′E,13 km,1.4,---
2026/08/02,23:52:40.2,熊本県熊本地方,32°38.6′N,130°44.1′E,10 km,0.0,---
2026/08/02,23:53:33.4,熊本県熊本地方,32°47.8′N,130°49.8′E,11 km,0.4,---
2026/08/02,23:54:24.9,山口県中部,34°23.8′N,131°36.0′E,31 km,0.1,---
2026/08/02,23:54:44.1,熊本県熊本地方,32°40.1′N,130°42.0′E,16 km,0.7,---
2026/08/02,23:55:04.0,熊本県熊本地方,32°25.3′N,130°34.0′E,8 km,不明,---
2026/08/02,23:57:41.3,熊本県天草・芦北地方,32°28.9′N,130°33.6′E,5 km,0.6,---
2026/08/02,23:58:42.8,熊本県天草・芦北地方,32°28.6′N,130°32.6′E,2 km,0.8,---
2026/08/02,23:59:40.5,鹿児島県薩摩地方,32°08.9′N,130°34.3′E,9 km,0.1,---
