地震の発生日,地震の発生時刻,震央地名,緯度,経度,深さ,Ｍ,最大震度
2026/08/03,00:00:33.7,熊本県熊本地方,32°33.3′N,130°35.0′E,4 km,0.1,---
2026/08/03,00:00:46.4,熊本県熊本地方,32°29.4′N,130°35.5′E,9 km,0.3,---
2026/08/03,00:01:03.0,熊本県熊本地方,32°33.6′N,130°37.3′E,13 km,0.5,---
2026/08/03,00:01:20.6,熊本県天草・芦北地方,32°30.0′N,130°31.5′E,9 km,0.5,---
2026/08/03,00:01:23.2,岩手県沖,39°57.3′N,142°19.8′E,13 km,0.9,---
2026/08/03,00:01:43.3,熊本県熊本地方,32°39.7′N,130°43.9′E,14 km,0.6,---
2026/08/03,00:02:19.4,熊本県熊本地方,32°40.5′N,130°40.6′E,17 km,0.2,---
2026/08/03,00:02:48.3,熊本県熊本地方,32°32.0′N,130°35.8′E,6 km,0.9,---
2026/08/03,00:03:13.5,熊本県熊本地方,32°36.5′N,130°42.1′E,8 km,0.7,---
2026/08/03,00:03:46.9,熊本県天草・芦北地方,32°17.6′N,130°27.3′E,4 km,0.0,---
2026/08/03,00:04:35.7,宮古島近海,24°42.8′N,124°45.3′E,61 km,1.0,---
2026/08/03,00:06:29.7,熊本県天草・芦北地方,32°27.4′N,130°30.9′E,10 km,0.6,---
2026/08/03,00:06:43.9,宮古島近海,25°06.8′N,124°48.3′E,75 km,1.8,---
2026/08/03,00:07:21.1,熊本県熊本地方,32°38.8′N,130°43.8′E,8 km,0.5,---
2026/08/03,00:07:33.8,熊本県熊本地方,32°40.5′N,130°43.3′E,13 km,0.4,---
2026/08/03,00:07:39.8,長野県北部,36°47.5′N,137°49.5′E,0 km,0.0,---
2026/08/03,00:08:12.1,熊本県天草・芦北地方,32°25.6′N,130°31.8′E,7 km,0.2,---
2026/08/03,00:08:46.3,沖縄本島近海,27°05.3′N,128°44.7′E,22 km,1.0,---
2026/08/03,00:08:51.3,津軽海峡,41°28.2′N,140°43.5′E,120 km,1.5,---
2026/08/03,00:09:18.7,熊本県天草・芦北地方,32°28.1′N,130°32.8′E,7 km,0.7,---
2026/08/03,00:09:59.4,熊本県熊本地方,32°34.0′N,130°37.6′E,11 km,0.7,---
2026/08/03,00:10:08.7,熊本県熊本地方,32°40.0′N,130°41.8′E,14 km,0.6,---
2026/08/03,00:11:37.9,熊本県熊本地方,32°39.8′N,130°44.4′E,10 km,0.4,---
2026/08/03,00:12:04.4,熊本県熊本地方,32°43.8′N,130°46.4′E,11 km,0.0,---
2026/08/03,00:12:21.6,群馬県北部,36°52.6′N,139°20.2′E,8 km,0.9,---
2026/08/03,00:12:30.4,和歌山県北部,34°04.1′N,135°19.2′E,10 km,0.0,---
2026/08/03,00:13:12.6,福島県沖,37°31.0′N,144°00.3′E,26 km,0.6,---
2026/08/03,00:13:20.3,紀伊水道,34°11.8′N,135°09.2′E,6 km,0.1,---
2026/08/03,00:14:02.4,熊本県天草・芦北地方,32°29.3′N,130°32.2′E,10 km,0.4,---
2026/08/03,00:14:35.4,熊本県天草・芦北地方,32°23.8′N,130°30.0′E,9 km,0.2,---
2026/08/03,00:15:08.6,熊本県熊本地方,32°33.9′N,130°37.6′E,11 km,1.1,---
2026/08/03,00:15:21.0,熊本県天草・芦北地方,32°30.8′N,130°32.8′E,11 km,1.2,---
2026/08/03,00:15:34.7,神奈川県西部,35°11.5′N,139°02.0′E,5 km,-0.3,---
2026/08/03,00:16:23.3,熊本県熊本地方,32°38.6′N,130°43.6′E,9 km,0.6,---
2026/08/03,00:16:45.8,熊本県天草・芦北地方,32°27.0′N,130°29.1′E,12 km,1.3,---
2026/08/03,00:17:16.6,群馬県北部,36°52.7′N,139°20.7′E,4 km,0.5,---
2026/08/03,00:18:07.7,千葉県北東部,35°44.7′N,140°40.8′E,50 km,2.0,---
2026/08/03,00:18:07.9,熊本県天草・芦北地方,32°25.3′N,130°31.4′E,2 km,0.3,---
2026/08/03,00:18:58.8,山梨県東部・富士五湖,35°42.3′N,138°59.6′E,20 km,0.9,---
2026/08/03,00:19:02.5,熊本県天草・芦北地方,32°12.0′N,130°20.8′E,4 km,-0.6,---
2026/08/03,00:19:21.9,熊本県熊本地方,32°32.6′N,130°35.4′E,15 km,0.6,---
2026/08/03,00:20:10.2,薩摩半島西方沖,31°51.4′N,129°55.5′E,9 km,0.8,---
2026/08/03,00:21:58.7,長野県中部,36°14.2′N,137°56.2′E,9 km,-0.4,---
2026/08/03,00:21:59.4,群馬県北部,36°52.5′N,139°20.4′E,5 km,1.1,---
2026/08/03,00:22:33.7,熊本県天草・芦北地方,32°24.4′N,130°29.4′E,6 km,1.1,---
2026/08/03,00:23:23.4,千島列島,47°04.1′N,153°06.1′E,30 km,3.7,---
2026/08/03,00:24:46.8,熊本県天草・芦北地方,32°27.0′N,130°31.7′E,13 km,0.6,---
2026/08/03,00:24:50.9,群馬県北部,36°52.4′N,139°20.7′E,5 km,0.6,---
2026/08/03,00:25:12.5,熊本県天草・芦北地方,32°18.9′N,130°27.5′E,9 km,2.5,---
2026/08/03,00:25:14.3,群馬県北部,36°52.5′N,139°20.5′E,5 km,1.1,---
2026/08/03,00:25:33.7,群馬県北部,36°52.6′N,139°20.2′E,5 km,2.3,---
2026/08/03,00:26:26.4,群馬県北部,36°52.7′N,139°20.4′E,4 km,0.3,---
2026/08/03,00:26:32.5,熊本県天草・芦北地方,32°13.7′N,130°23.4′E,5 km,0.6,---
2026/08/03,00:26:37.1,熊本県熊本地方,32°28.5′N,130°36.7′E,11 km,2.9,---
2026/08/03,00:26:46.2,群馬県北部,36°52.4′N,139°21.1′E,6 km,0.5,---
2026/08/03,00:27:45.0,熊本県熊本地方,32°34.3′N,130°37.1′E,4 km,0.8,---
2026/08/03,00:27:55.1,群馬県北部,36°52.5′N,139°20.5′E,5 km,1.3,---
2026/08/03,00:29:04.8,熊本県熊本地方,32°28.4′N,130°36.5′E,9 km,1.2,---
2026/08/03,00:29:30.8,群馬県北部,36°52.4′N,139°20.8′E,5 km,0.8,---
2026/08/03,00:30:01.8,熊本県熊本地方,32°48.8′N,130°48.2′E,9 km,0.2,---
2026/08/03,00:30:54.1,熊本県熊本地方,32°36.7′N,130°42.3′E,14 km,0.5,---
2026/08/03,00:31:32.7,熊本県天草・芦北地方,32°25.0′N,130°31.0′E,4 km,0.9,---
2026/08/03,00:31:55.6,熊本県天草・芦北地方,32°22.9′N,130°29.3′E,7 km,0.5,---
2026/08/03,00:33:25.7,熊本県天草・芦北地方,32°31.8′N,130°32.8′E,14 km,0.4,---
2026/08/03,00:34:07.8,熊本県天草・芦北地方,32°28.6′N,130°33.2′E,6 km,0.4,---
2026/08/03,00:34:33.8,熊本県熊本地方,32°29.4′N,130°34.4′E,12 km,1.5,---
2026/08/03,00:35:14.2,熊本県天草・芦北地方,32°26.1′N,130°32.6′E,4 km,0.7,---
2026/08/03,00:35:50.2,熊本県熊本地方,32°28.6′N,130°36.4′E,11 km,0.6,---
2026/08/03,00:36:21.2,薩摩半島西方沖,31°52.2′N,129°54.6′E,10 km,0.9,---
2026/08/03,00:36:53.6,千葉県北東部,35°44.8′N,140°41.6′E,51 km,1.6,---
2026/08/03,00:37:29.6,熊本県天草・芦北地方,32°13.2′N,130°32.5′E,1 km,1.2,---
2026/08/03,00:38:21.4,熊本県天草・芦北地方,32°09.7′N,130°28.3′E,5 km,0.7,---
2026/08/03,00:38:58.3,熊本県天草・芦北地方,32°17.0′N,130°24.5′E,1 km,0.7,---
2026/08/03,00:39:12.9,熊本県天草・芦北地方,32°21.5′N,130°35.4′E,4 km,0.7,---
2026/08/03,00:39:26.5,熊本県天草・芦北地方,32°30.1′N,130°33.2′E,11 km,0.7,---
2026/08/03,00:39:40.4,福島県沖,37°32.2′N,141°32.5′E,45 km,0.9,---
2026/08/03,00:39:57.3,トカラ列島近海,29°10.0′N,129°15.2′E,7 km,1.4,---
2026/08/03,00:40:10.7,熊本県天草・芦北地方,32°17.9′N,130°27.1′E,0 km,0.4,---
2026/08/03,00:41:42.3,栃木県南部,36°26.9′N,139°47.4′E,87 km,0.7,---
2026/08/03,00:42:11.8,熊本県天草・芦北地方,32°09.4′N,130°32.7′E,2 km,-0.3,---
2026/08/03,00:42:22.0,滋賀県南部,35°13.8′N,135°57.6′E,16 km,-0.1,---
2026/08/03,00:44:13.7,熊本県天草・芦北地方,32°28.5′N,130°32.1′E,6 km,1.3,---
2026/08/03,00:44:40.6,熊本県熊本地方,32°38.8′N,130°43.3′E,11 km,0.8,---
2026/08/03,00:45:00.9,秋田県内陸北部,39°58.9′N,140°33.3′E,3 km,0.3,---
2026/08/03,00:46:12.8,群馬県北部,36°52.5′N,139°20.8′E,5 km,0.4,---
2026/08/03,00:46:28.1,熊本県天草・芦北地方,32°25.1′N,130°32.6′E,9 km,-0.1,---
2026/08/03,00:47:10.3,長野県中部,36°20.6′N,138°00.0′E,10 km,-0.4,---
2026/08/03,00:48:46.7,岐阜県美濃中西部,35°20.2′N,136°27.4′E,13 km,-0.2,---
2026/08/03,00:50:01.5,熊本県熊本地方,32°39.2′N,130°41.6′E,13 km,0.6,---
2026/08/03,00:51:24.8,群馬県北部,36°52.5′N,139°20.9′E,5 km,0.5,---
2026/08/03,00:51:44.1,奄美大島北東沖,29°29.3′N,130°07.7′E,39 km,1.5,---
2026/08/03,00:52:41.9,熊本県天草・芦北地方,32°11.8′N,130°21.0′E,6 km,1.1,---
2026/08/03,00:54:42.9,熊本県熊本地方,32°31.2′N,130°35.1′E,8 km,1.1,---
2026/08/03,00:56:24.3,熊本県天草・芦北地方,32°25.8′N,130°29.1′E,1 km,-0.2,---
2026/08/03,00:56:31.1,熊本県熊本地方,32°41.0′N,130°44.8′E,10 km,1.6,---
2026/08/03,00:56:57.6,熊本県熊本地方,32°39.3′N,130°44.5′E,6 km,1.5,---
2026/08/03,00:57:46.0,熊本県熊本地方,32°32.1′N,130°36.6′E,7 km,2.3,---
2026/08/03,01:01:28.1,長野県北部,36°35.6′N,137°51.9′E,9 km,-0.5,---
2026/08/03,01:01:51.5,熊本県熊本地方,32°37.8′N,130°42.7′E,15 km,0.2,---
2026/08/03,01:02:25.8,熊本県天草・芦北地方,32°12.9′N,130°32.4′E,0 km,0.6,---
2026/08/03,01:03:01.7,群馬県北部,36°52.5′N,139°20.2′E,5 km,0.5,---
2026/08/03,01:03:05.5,熊本県熊本地方,32°29.8′N,130°34.4′E,11 km,0.9,---
2026/08/03,01:03:40.3,宮城県沖,38°37.5′N,141°56.4′E,42 km,0.9,---
2026/08/03,01:03:48.9,長野県北部,36°48.2′N,138°06.3′E,3 km,-0.2,---
2026/08/03,01:04:08.9,熊本県天草・芦北地方,32°16.5′N,130°21.0′E,8 km,0.3,---
2026/08/03,01:04:27.6,熊本県熊本地方,32°38.1′N,130°42.3′E,13 km,0.3,---
2026/08/03,01:04:42.4,奄美大島近海,28°03.2′N,130°54.8′E,77 km,2.7,---
2026/08/03,01:05:57.1,熊本県熊本地方,32°30.8′N,130°36.1′E,3 km,0.8,---
2026/08/03,01:08:51.6,熊本県天草・芦北地方,32°28.0′N,130°33.2′E,2 km,0.9,---
2026/08/03,01:09:29.0,熊本県天草・芦北地方,32°26.3′N,130°30.2′E,9 km,0.8,---
2026/08/03,01:09:44.6,宮古島近海,24°52.0′N,125°22.0′E,27 km,1.1,---
2026/08/03,01:12:03.8,熊本県天草・芦北地方,32°27.5′N,130°32.3′E,14 km,0.2,---
2026/08/03,01:12:20.6,熊本県熊本地方,32°37.4′N,130°42.7′E,5 km,0.5,---
2026/08/03,01:12:39.0,熊本県天草・芦北地方,32°27.9′N,130°32.4′E,8 km,0.5,---
2026/08/03,01:14:01.1,熊本県熊本地方,32°37.8′N,130°40.4′E,15 km,0.4,---
2026/08/03,01:14:02.9,群馬県北部,36°52.2′N,139°20.9′E,8 km,0.5,---
2026/08/03,01:14:34.2,熊本県熊本地方,32°41.6′N,130°45.6′E,9 km,0.7,---
2026/08/03,01:14:55.5,熊本県天草・芦北地方,32°24.9′N,130°27.8′E,11 km,0.8,---
2026/08/03,01:15:13.3,熊本県熊本地方,32°33.0′N,130°37.4′E,12 km,0.1,---
2026/08/03,01:16:23.2,熊本県熊本地方,32°41.2′N,130°44.5′E,12 km,0.1,---
2026/08/03,01:17:01.0,熊本県天草・芦北地方,32°17.5′N,130°24.3′E,2 km,0.1,---
2026/08/03,01:17:35.4,熊本県熊本地方,32°40.0′N,130°43.9′E,9 km,0.7,---
2026/08/03,01:18:07.2,熊本県熊本地方,32°39.3′N,130°41.4′E,14 km,0.8,---
2026/08/03,01:19:21.9,群馬県北部,36°52.6′N,139°20.9′E,5 km,0.6,---
2026/08/03,01:19:32.2,熊本県天草・芦北地方,32°11.8′N,130°21.2′E,5 km,0.3,---
2026/08/03,01:19:40.0,熊本県天草・芦北地方,32°27.2′N,130°31.0′E,0 km,0.8,---
2026/08/03,01:20:09.2,熊本県熊本地方,32°41.7′N,130°43.7′E,13 km,0.9,---
2026/08/03,01:21:01.8,熊本県天草・芦北地方,32°21.7′N,130°30.0′E,11 km,0.2,---
2026/08/03,01:21:03.9,熊本県熊本地方,32°32.5′N,130°35.8′E,15 km,0.7,---
2026/08/03,01:23:49.9,熊本県熊本地方,32°39.7′N,130°42.4′E,12 km,1.2,---
2026/08/03,01:25:58.7,島根県西部,35°10.9′N,132°33.0′E,12 km,0.3,---
2026/08/03,01:26:18.3,熊本県天草・芦北地方,32°28.3′N,130°33.4′E,3 km,0.6,---
2026/08/03,01:27:05.2,熊本県天草・芦北地方,32°25.4′N,130°30.7′E,8 km,0.0,---
2026/08/03,01:28:28.0,群馬県北部,36°52.5′N,139°20.7′E,5 km,0.4,---
2026/08/03,01:29:33.3,熊本県熊本地方,32°39.3′N,130°42.0′E,15 km,0.6,---
2026/08/03,01:30:08.0,熊本県天草・芦北地方,32°35.2′N,130°32.9′E,12 km,1.1,---
2026/08/03,01:32:03.6,熊本県熊本地方,32°42.7′N,130°46.2′E,10 km,0.2,---
2026/08/03,01:32:36.7,三陸沖,40°25.7′N,144°28.5′E,28 km,1.7,---
2026/08/03,01:33:04.2,宮古島近海,24°44.3′N,125°23.0′E,23 km,0.9,---
2026/08/03,01:34:33.6,関東東方沖,35°28.8′N,142°36.5′E,25 km,1.4,---
2026/08/03,01:35:23.5,熊本県熊本地方,32°38.8′N,130°43.4′E,11 km,0.4,---
2026/08/03,01:37:15.5,熊本県熊本地方,32°33.7′N,130°40.0′E,7 km,0.3,---
2026/08/03,01:37:51.2,熊本県熊本地方,32°39.0′N,130°42.6′E,13 km,0.2,---
2026/08/03,01:39:13.3,熊本県熊本地方,32°33.0′N,130°37.0′E,11 km,0.8,---
2026/08/03,01:39:25.5,熊本県天草・芦北地方,32°27.0′N,130°29.4′E,2 km,0.7,---
2026/08/03,01:39:54.3,熊本県天草・芦北地方,32°23.1′N,130°28.8′E,9 km,0.6,---
2026/08/03,01:40:21.2,熊本県熊本地方,32°36.7′N,130°43.3′E,4 km,0.4,---
2026/08/03,01:40:42.9,熊本県熊本地方,32°39.4′N,130°45.9′E,12 km,0.2,---
2026/08/03,01:41:57.5,熊本県天草・芦北地方,32°29.8′N,130°32.7′E,12 km,0.4,---
2026/08/03,01:42:17.8,熊本県天草・芦北地方,32°29.7′N,130°32.9′E,11 km,1.7,---
2026/08/03,01:42:35.2,岩手県沖,39°56.5′N,142°21.3′E,5 km,0.8,---
2026/08/03,01:43:22.7,熊本県熊本地方,32°40.7′N,130°44.3′E,10 km,0.8,---
2026/08/03,01:43:40.4,熊本県天草・芦北地方,32°26.8′N,130°32.8′E,0 km,2.1,---
2026/08/03,01:44:42.8,熊本県天草・芦北地方,32°26.8′N,130°32.3′E,0 km,0.4,---
2026/08/03,01:46:11.1,熊本県天草・芦北地方,32°26.3′N,130°33.3′E,9 km,1.1,---
2026/08/03,01:47:36.9,熊本県熊本地方,32°29.8′N,130°33.5′E,7 km,0.7,---
2026/08/03,01:48:11.6,熊本県熊本地方,32°29.6′N,130°33.2′E,7 km,0.2,---
2026/08/03,01:48:14.4,岩手県沖,39°07.6′N,142°19.6′E,44 km,1.2,---
2026/08/03,01:49:06.0,熊本県熊本地方,32°52.4′N,130°53.9′E,13 km,-0.1,---
2026/08/03,01:50:10.7,熊本県熊本地方,32°33.1′N,130°36.7′E,11 km,1.2,---
2026/08/03,01:50:54.2,熊本県天草・芦北地方,32°28.0′N,130°30.6′E,1 km,0.4,---
2026/08/03,01:51:11.0,熊本県熊本地方,32°39.9′N,130°44.5′E,9 km,0.6,---
2026/08/03,01:51:55.1,沖縄本島近海,27°01.0′N,128°26.7′E,53 km,2.0,---
2026/08/03,01:51:55.8,長野県南部,35°54.4′N,137°40.5′E,8 km,-0.1,---
2026/08/03,01:52:41.8,熊本県天草・芦北地方,32°11.7′N,130°21.2′E,5 km,0.5,---
2026/08/03,01:53:13.9,宗谷地方北部,44°58.2′N,141°54.2′E,10 km,0.6,---
2026/08/03,01:53:32.6,千葉県南東沖,34°42.4′N,141°13.6′E,19 km,2.2,---
2026/08/03,01:53:41.5,熊本県天草・芦北地方,32°12.8′N,130°25.5′E,0 km,0.2,---
2026/08/03,01:54:13.2,熊本県熊本地方,32°43.3′N,130°46.8′E,9 km,1.6,---
2026/08/03,01:54:37.8,群馬県北部,36°52.4′N,139°20.8′E,6 km,0.6,---
2026/08/03,01:55:20.9,熊本県熊本地方,32°35.4′N,130°40.5′E,8 km,0.5,---
2026/08/03,01:55:44.0,熊本県天草・芦北地方,32°26.6′N,130°32.5′E,3 km,0.6,---
2026/08/03,01:56:38.4,熊本県熊本地方,32°38.3′N,130°43.7′E,10 km,0.3,---
2026/08/03,01:57:06.9,熊本県熊本地方,32°42.5′N,130°46.1′E,12 km,0.2,---
2026/08/03,01:57:38.1,千葉県南東沖,34°43.2′N,141°13.4′E,20 km,1.6,---
2026/08/03,01:58:00.2,熊本県天草・芦北地方,32°25.2′N,130°28.5′E,12 km,0.0,---
2026/08/03,01:58:26.6,熊本県熊本地方,32°34.2′N,130°38.3′E,12 km,1.1,---
2026/08/03,01:59:00.4,福島県沖,37°51.4′N,141°37.5′E,49 km,2.3,---
2026/08/03,01:59:03.4,茨城県沖,36°13.2′N,140°55.2′E,35 km,1.6,---
2026/08/03,01:59:13.5,熊本県天草・芦北地方,32°25.1′N,130°31.2′E,11 km,0.0,---
2026/08/03,01:59:27.4,熊本県熊本地方,32°33.1′N,130°37.6′E,14 km,0.2,---
2026/08/03,01:59:51.7,熊本県熊本地方,32°40.8′N,130°44.6′E,8 km,0.7,---
2026/08/03,02:00:41.5,大隅半島東方沖,31°32.3′N,131°30.8′E,33 km,0.3,---
2026/08/03,02:01:01.1,熊本県天草・芦北地方,32°26.2′N,130°27.6′E,2 km,0.0,---
2026/08/03,02:01:38.8,熊本県天草・芦北地方,32°27.1′N,130°29.0′E,11 km,0.3,---
2026/08/03,02:01:57.8,岩手県内陸南部,39°02.9′N,140°54.6′E,8 km,0.6,---
2026/08/03,02:02:29.9,岩手県沖,39°58.8′N,142°14.6′E,19 km,0.7,---
2026/08/03,02:05:01.2,熊本県熊本地方,32°32.3′N,130°35.4′E,11 km,0.2,---
2026/08/03,02:05:29.7,熊本県熊本地方,32°32.8′N,130°35.5′E,15 km,0.4,---
2026/08/03,02:05:41.3,熊本県熊本地方,32°44.2′N,130°47.6′E,6 km,0.2,---
2026/08/03,02:05:55.6,長野県南部,35°54.5′N,137°38.2′E,5 km,-0.4,---
2026/08/03,02:06:42.5,熊本県熊本地方,32°39.0′N,130°41.3′E,15 km,0.3,---
2026/08/03,02:07:19.7,奄美大島近海,28°01.0′N,129°29.3′E,27 km,1.4,---
2026/08/03,02:08:10.3,熊本県天草・芦北地方,32°27.2′N,130°28.7′E,7 km,0.0,---
2026/08/03,02:09:50.0,和歌山県南部,33°40.7′N,135°32.2′E,38 km,0.0,---
2026/08/03,02:10:15.2,熊本県熊本地方,32°33.8′N,130°39.3′E,8 km,0.3,---
2026/08/03,02:10:52.2,栃木県南部,36°14.1′N,139°46.1′E,57 km,0.5,---
2026/08/03,02:11:01.1,鹿児島県薩摩地方,31°49.3′N,130°13.0′E,11 km,0.4,---
2026/08/03,02:12:16.7,長野県中部,36°26.3′N,138°02.2′E,8 km,-0.4,---
2026/08/03,02:14:08.7,熊本県天草・芦北地方,32°17.6′N,130°26.7′E,2 km,0.9,---
2026/08/03,02:15:10.2,天草灘,31°57.5′N,130°10.8′E,2 km,0.5,---
2026/08/03,02:15:37.8,熊本県天草・芦北地方,32°17.6′N,130°26.7′E,2 km,0.6,---
2026/08/03,02:15:47.3,熊本県天草・芦北地方,32°26.4′N,130°32.7′E,1 km,1.5,---
2026/08/03,02:16:01.4,熊本県熊本地方,32°41.6′N,130°44.6′E,11 km,1.8,---
2026/08/03,02:16:55.6,熊本県熊本地方,32°29.0′N,130°34.9′E,8 km,0.3,---
2026/08/03,02:17:48.5,福岡県筑後地方,33°04.6′N,130°28.7′E,14 km,-0.1,---
2026/08/03,02:18:03.4,熊本県熊本地方,32°39.2′N,130°42.6′E,14 km,-0.1,---
2026/08/03,02:18:06.1,茨城県南部,36°06.7′N,140°07.1′E,62 km,0.5,---
2026/08/03,02:19:25.3,熊本県熊本地方,32°38.3′N,130°43.8′E,13 km,0.0,---
2026/08/03,02:22:05.0,紀伊水道,33°43.8′N,135°07.2′E,39 km,1.3,---
2026/08/03,02:22:31.8,紀伊水道,33°43.3′N,135°06.8′E,38 km,0.6,---
2026/08/03,02:23:01.9,熊本県天草・芦北地方,32°30.0′N,130°32.4′E,12 km,0.5,---
2026/08/03,02:23:12.7,奄美大島北東沖,29°00.6′N,130°07.5′E,50 km,2.0,---
2026/08/03,02:24:06.1,三陸沖,40°32.4′N,145°05.4′E,11 km,1.6,---
2026/08/03,02:24:33.3,熊本県天草・芦北地方,32°25.8′N,130°28.9′E,5 km,0.4,---
2026/08/03,02:25:05.8,熊本県熊本地方,32°43.5′N,130°46.9′E,12 km,0.0,---
2026/08/03,02:27:34.1,山梨県中・西部,35°27.6′N,138°16.5′E,12 km,1.1,---
2026/08/03,02:28:24.4,和歌山県北部,34°08.1′N,135°13.8′E,2 km,-0.6,---
2026/08/03,02:29:01.4,熊本県熊本地方,32°38.7′N,130°43.5′E,9 km,0.8,---
2026/08/03,02:30:33.5,熊本県熊本地方,32°40.6′N,130°44.6′E,11 km,0.1,---
2026/08/03,02:31:50.9,群馬県北部,36°52.6′N,139°20.7′E,5 km,0.0,---
2026/08/03,02:35:29.0,熊本県熊本地方,32°39.5′N,130°43.6′E,10 km,0.7,---
2026/08/03,02:37:10.5,日向灘,32°14.7′N,131°36.6′E,21 km,0.5,---
2026/08/03,02:37:48.5,熊本県熊本地方,32°38.9′N,130°43.2′E,11 km,1.2,---
2026/08/03,02:37:53.7,岩手県沖,40°08.5′N,142°27.5′E,38 km,3.1,---
2026/08/03,02:38:50.0,熊本県熊本地方,32°39.5′N,130°42.8′E,14 km,0.6,---
2026/08/03,02:39:10.0,熊本県熊本地方,32°43.7′N,130°47.3′E,9 km,-0.1,---
2026/08/03,02:39:17.2,熊本県天草・芦北地方,32°31.0′N,130°33.9′E,9 km,0.9,---
2026/08/03,02:39:27.9,熊本県天草・芦北地方,32°26.8′N,130°33.9′E,11 km,0.5,---
2026/08/03,02:39:52.2,岩手県内陸南部,39°03.0′N,140°54.8′E,8 km,1.6,---
2026/08/03,02:41:24.3,与那国島近海,24°20.2′N,123°19.5′E,49 km,0.4,---
2026/08/03,02:41:58.0,熊本県熊本地方,32°40.1′N,130°44.3′E,10 km,0.0,---
2026/08/03,02:42:08.5,茨城県沖,36°50.3′N,140°51.3′E,15 km,1.0,---
2026/08/03,02:42:27.2,熊本県熊本地方,32°37.8′N,130°42.6′E,6 km,0.3,---
2026/08/03,02:42:34.2,日向灘,31°58.0′N,132°01.0′E,18 km,1.5,---
2026/08/03,02:43:07.6,熊本県熊本地方,32°41.4′N,130°44.5′E,10 km,1.3,---
2026/08/03,02:43:11.8,群馬県北部,36°49.2′N,139°20.7′E,6 km,0.1,---
2026/08/03,02:43:36.9,熊本県天草・芦北地方,32°27.9′N,130°32.3′E,8 km,2.4,---
2026/08/03,02:45:40.9,熊本県熊本地方,32°35.7′N,130°37.0′E,14 km,0.4,---
2026/08/03,02:46:09.7,熊本県熊本地方,32°32.7′N,130°36.7′E,10 km,0.4,---
2026/08/03,02:48:42.3,五島列島近海,32°46.9′N,129°41.1′E,7 km,0.9,---
2026/08/03,02:49:19.7,熊本県天草・芦北地方,32°27.8′N,130°32.5′E,12 km,0.1,---
2026/08/03,02:49:52.7,熊本県熊本地方,32°31.2′N,130°35.5′E,14 km,0.9,---
2026/08/03,02:50:11.2,福島県沖,37°38.5′N,142°22.2′E,19 km,1.6,---
2026/08/03,02:50:29.4,熊本県熊本地方,32°49.8′N,130°53.0′E,10 km,0.2,---
2026/08/03,02:51:01.0,岐阜県飛騨地方,35°59.9′N,137°32.7′E,5 km,0.3,---
2026/08/03,02:51:02.1,熊本県熊本地方,32°32.8′N,130°35.8′E,13 km,0.1,---
2026/08/03,02:51:25.3,島根県東部,35°19.2′N,133°13.2′E,9 km,0.0,---
2026/08/03,02:51:38.1,熊本県天草・芦北地方,32°28.9′N,130°33.9′E,10 km,0.4,---
2026/08/03,02:53:49.0,熊本県天草・芦北地方,32°29.1′N,130°31.9′E,11 km,0.8,---
2026/08/03,02:54:09.0,熊本県天草・芦北地方,32°25.5′N,130°31.8′E,8 km,0.4,---
2026/08/03,02:56:42.7,熊本県天草・芦北地方,32°28.2′N,130°32.7′E,7 km,0.8,---
2026/08/03,02:56:47.7,熊本県熊本地方,32°36.0′N,130°41.3′E,3 km,1.1,---
2026/08/03,02:57:38.2,熊本県熊本地方,32°32.7′N,130°36.2′E,12 km,0.8,---
2026/08/03,02:58:09.5,熊本県天草・芦北地方,32°28.8′N,130°33.8′E,8 km,0.5,---
2026/08/03,02:58:26.1,熊本県熊本地方,32°38.8′N,130°41.4′E,15 km,0.3,---
2026/08/03,02:58:39.7,遠州灘,34°25.7′N,137°51.6′E,19 km,1.1,---
2026/08/03,02:59:03.6,宮城県沖,37°58.4′N,141°39.4′E,47 km,0.9,---
2026/08/03,02:59:05.7,熊本県熊本地方,32°40.3′N,130°44.1′E,12 km,0.3,---
2026/08/03,02:59:24.1,熊本県天草・芦北地方,32°27.5′N,130°29.3′E,10 km,0.1,---
2026/08/03,03:00:21.6,熊本県天草・芦北地方,32°28.7′N,130°30.9′E,12 km,0.1,---
2026/08/03,03:00:37.1,熊本県天草・芦北地方,32°28.5′N,130°31.2′E,1 km,0.0,---
2026/08/03,03:01:22.2,熊本県天草・芦北地方,32°29.4′N,130°30.9′E,11 km,1.4,---
2026/08/03,03:02:17.0,熊本県天草・芦北地方,32°29.5′N,130°31.1′E,3 km,0.1,---
2026/08/03,03:02:57.3,熊本県熊本地方,32°38.6′N,130°40.8′E,14 km,1.2,---
2026/08/03,03:03:49.2,滋賀県北部,35°13.1′N,136°24.6′E,17 km,0.1,---
2026/08/03,03:04:02.1,奄美大島近海,27°58.7′N,129°27.6′E,35 km,2.9,---
2026/08/03,03:04:38.8,熊本県熊本地方,32°45.8′N,130°48.4′E,8 km,0.5,---
2026/08/03,03:04:40.0,熊本県天草・芦北地方,32°27.3′N,130°34.2′E,0 km,1.0,---
2026/08/03,03:05:48.6,熊本県熊本地方,32°41.3′N,130°40.4′E,17 km,1.8,---
2026/08/03,03:07:04.3,熊本県天草・芦北地方,32°11.7′N,130°20.7′E,5 km,0.3,---
2026/08/03,03:07:06.1,遠州灘,34°17.4′N,137°25.1′E,28 km,0.9,---
2026/08/03,03:08:14.4,熊本県熊本地方,32°33.7′N,130°40.1′E,6 km,0.2,---
2026/08/03,03:09:12.8,群馬県北部,36°52.6′N,139°20.3′E,5 km,1.0,---
2026/08/03,03:09:33.4,島根県西部,35°10.4′N,132°33.4′E,12 km,0.5,---
2026/08/03,03:09:56.7,能登半島沖,37°35.5′N,137°26.0′E,13 km,0.9,---
2026/08/03,03:10:09.7,熊本県天草・芦北地方,32°27.1′N,130°33.1′E,9 km,0.3,---
2026/08/03,03:11:19.1,熊本県熊本地方,32°32.9′N,130°36.8′E,13 km,2.5,---
2026/08/03,03:12:13.3,熊本県天草・芦北地方,32°25.8′N,130°31.7′E,0 km,0.5,---
2026/08/03,03:15:32.3,熊本県天草・芦北地方,32°29.4′N,130°31.1′E,8 km,0.4,---
2026/08/03,03:16:41.3,熊本県熊本地方,32°31.9′N,130°39.2′E,2 km,1.2,---
2026/08/03,03:17:16.0,岩手県沖,40°20.2′N,142°05.6′E,48 km,0.6,---
2026/08/03,03:18:19.1,熊本県熊本地方,32°38.0′N,130°44.2′E,9 km,0.4,---
2026/08/03,03:19:40.0,熊本県熊本地方,32°30.9′N,130°36.4′E,7 km,1.1,---
2026/08/03,03:20:04.9,日向灘,31°47.5′N,131°50.3′E,39 km,0.9,---
2026/08/03,03:20:24.1,熊本県天草・芦北地方,32°26.9′N,130°28.2′E,11 km,0.3,---
2026/08/03,03:20:42.3,熊本県熊本地方,32°29.1′N,130°33.8′E,11 km,0.3,---
2026/08/03,03:21:00.5,熊本県天草・芦北地方,32°22.1′N,130°31.9′E,0 km,1.3,---
2026/08/03,03:21:35.1,福島県沖,37°38.8′N,141°34.6′E,52 km,1.0,---
2026/08/03,03:21:43.5,熊本県熊本地方,32°32.0′N,130°36.7′E,13 km,0.4,---
2026/08/03,03:23:08.1,熊本県熊本地方,32°41.2′N,130°40.3′E,17 km,1.5,---
2026/08/03,03:23:46.1,北海道東方沖,43°36.1′N,146°54.4′E,19 km,2.3,---
2026/08/03,03:23:51.6,熊本県熊本地方,32°24.7′N,130°33.2′E,10 km,1.0,---
2026/08/03,03:24:14.2,与那国島近海,24°43.9′N,122°52.6′E,85 km,1.3,---
2026/08/03,03:24:18.9,熊本県天草・芦北地方,32°24.9′N,130°28.1′E,10 km,1.5,---
2026/08/03,03:25:52.7,熊本県熊本地方,32°33.1′N,130°36.3′E,10 km,0.4,---
2026/08/03,03:27:56.4,熊本県熊本地方,32°41.6′N,130°46.0′E,9 km,0.7,---
2026/08/03,03:28:27.3,熊本県天草・芦北地方,32°37.0′N,130°35.3′E,13 km,0.1,---
2026/08/03,03:29:02.1,熊本県天草・芦北地方,32°29.9′N,130°31.2′E,10 km,0.2,---
2026/08/03,03:29:34.0,熊本県熊本地方,32°41.1′N,130°42.5′E,14 km,0.7,---
2026/08/03,03:30:45.1,熊本県熊本地方,32°34.3′N,130°38.9′E,5 km,0.3,---
2026/08/03,03:31:05.4,熊本県熊本地方,32°31.5′N,130°37.5′E,16 km,0.2,---
2026/08/03,03:31:17.3,奄美大島近海,27°17.4′N,130°01.8′E,41 km,1.5,---
2026/08/03,03:31:55.4,福島県沖,36°51.5′N,141°09.9′E,52 km,1.5,---
2026/08/03,03:33:00.0,熊本県天草・芦北地方,32°30.7′N,130°32.1′E,8 km,1.1,---
2026/08/03,03:33:02.1,熊本県熊本地方,32°40.5′N,130°44.5′E,12 km,0.9,---
2026/08/03,03:34:14.4,秋田県沖,40°21.4′N,139°08.2′E,19 km,1.6,---
2026/08/03,03:35:20.3,宮城県沖,38°23.0′N,142°03.6′E,36 km,0.8,---
2026/08/03,03:35:42.2,熊本県熊本地方,32°41.1′N,130°40.0′E,18 km,0.6,---
2026/08/03,03:35:53.1,秋田県内陸北部,39°59.1′N,140°32.9′E,2 km,0.1,---
2026/08/03,03:35:56.8,茨城県沖,36°36.5′N,141°31.5′E,32 km,2.3,---
2026/08/03,03:35:58.2,岩手県沖,39°38.9′N,142°40.4′E,33 km,1.2,---
2026/08/03,03:36:56.6,長野県南部,35°59.8′N,137°34.4′E,7 km,-0.6,---
2026/08/03,03:37:33.7,宮城県沖,37°53.7′N,141°45.3′E,56 km,1.1,---
2026/08/03,03:37:35.8,熊本県天草・芦北地方,32°27.7′N,130°29.4′E,10 km,0.5,---
2026/08/03,03:38:16.0,熊本県熊本地方,32°30.1′N,130°34.6′E,12 km,0.2,---
2026/08/03,03:38:48.4,熊本県熊本地方,32°39.6′N,130°44.4′E,9 km,0.6,---
2026/08/03,03:39:30.7,岩手県内陸南部,39°01.5′N,140°51.5′E,7 km,1.0,---
2026/08/03,03:40:05.9,熊本県熊本地方,32°34.2′N,130°39.7′E,6 km,0.6,---
2026/08/03,03:40:47.7,熊本県熊本地方,32°32.0′N,130°39.9′E,7 km,0.4,---
2026/08/03,03:42:28.3,熊本県天草・芦北地方,32°12.0′N,130°20.3′E,5 km,-0.3,---
2026/08/03,03:42:43.6,山口県北部,34°30.9′N,131°33.0′E,16 km,-0.2,---
2026/08/03,03:42:45.7,三陸沖,39°31.9′N,144°51.2′E,13 km,1.4,---
2026/08/03,03:42:48.0,熊本県天草・芦北地方,32°25.4′N,130°30.5′E,9 km,1.9,---
2026/08/03,03:43:38.4,熊本県天草・芦北地方,32°10.4′N,130°24.3′E,5 km,0.2,---
2026/08/03,03:43:40.9,熊本県熊本地方,32°38.9′N,130°42.0′E,13 km,1.8,---
2026/08/03,03:43:57.6,石川県能登地方,37°25.3′N,137°15.1′E,12 km,0.9,---
2026/08/03,03:44:11.3,熊本県天草・芦北地方,32°10.5′N,130°21.2′E,3 km,0.7,---
2026/08/03,03:45:01.8,熊本県天草・芦北地方,32°26.7′N,130°32.0′E,0 km,0.2,---
2026/08/03,03:45:21.9,熊本県天草・芦北地方,32°26.7′N,130°32.5′E,1 km,0.5,---
2026/08/03,03:45:54.6,和歌山県北部,34°04.3′N,135°19.6′E,9 km,-0.3,---
2026/08/03,03:46:21.4,富山湾,37°24.5′N,137°15.4′E,15 km,0.5,---
2026/08/03,03:46:26.7,長野県北部,36°34.6′N,137°51.1′E,8 km,0.4,---
2026/08/03,03:46:31.2,熊本県熊本地方,32°36.0′N,130°41.8′E,8 km,0.5,---
2026/08/03,03:46:54.1,熊本県熊本地方,32°33.5′N,130°38.1′E,6 km,0.2,---
2026/08/03,03:48:28.8,熊本県熊本地方,32°29.5′N,130°34.4′E,7 km,0.3,---
2026/08/03,03:49:19.2,熊本県天草・芦北地方,32°27.7′N,130°34.7′E,0 km,0.6,---
2026/08/03,03:50:34.1,青森県津軽南部,40°28.5′N,140°07.1′E,8 km,1.3,---
2026/08/03,03:50:45.0,熊本県熊本地方,32°44.1′N,130°47.3′E,10 km,0.1,---
2026/08/03,03:51:07.0,熊本県熊本地方,32°33.5′N,130°37.3′E,14 km,0.8,---
2026/08/03,03:51:30.8,熊本県熊本地方,32°43.2′N,130°46.7′E,9 km,-0.1,---
2026/08/03,03:51:47.2,熊本県熊本地方,32°34.9′N,130°39.7′E,10 km,0.6,---
2026/08/03,03:52:38.1,熊本県天草・芦北地方,32°27.3′N,130°28.5′E,13 km,0.5,---
2026/08/03,03:53:32.8,石川県能登地方,37°25.2′N,137°15.0′E,13 km,1.2,---
2026/08/03,03:53:52.8,茨城県南部,36°05.0′N,139°50.8′E,47 km,1.1,---
2026/08/03,03:53:59.9,熊本県熊本地方,32°35.9′N,130°40.1′E,12 km,0.2,---
2026/08/03,03:54:39.5,熊本県阿蘇地方,32°59.4′N,131°05.8′E,6 km,-0.1,---
2026/08/03,03:55:32.3,熊本県熊本地方,32°29.6′N,130°34.7′E,12 km,2.0,---
2026/08/03,03:55:48.4,長野県南部,35°56.4′N,137°38.6′E,9 km,-0.2,---
2026/08/03,03:56:54.0,宮城県北部,38°38.4′N,141°05.4′E,91 km,1.5,---
2026/08/03,03:56:58.8,熊本県熊本地方,32°38.5′N,130°43.7′E,11 km,-0.1,---
2026/08/03,03:58:03.8,熊本県天草・芦北地方,32°25.3′N,130°30.3′E,7 km,0.0,---
2026/08/03,03:59:10.0,熊本県熊本地方,32°32.7′N,130°36.5′E,11 km,0.2,---
2026/08/03,03:59:31.1,和歌山県北部,34°10.4′N,135°23.2′E,6 km,0.5,---
2026/08/03,03:59:32.8,熊本県熊本地方,32°35.7′N,130°38.7′E,10 km,0.2,---
2026/08/03,04:00:13.0,熊本県熊本地方,32°33.3′N,130°38.7′E,6 km,0.3,---
2026/08/03,04:03:31.6,熊本県熊本地方,32°34.0′N,130°36.6′E,12 km,0.1,---
2026/08/03,04:04:21.1,熊本県天草・芦北地方,32°31.0′N,130°33.8′E,11 km,0.8,---
2026/08/03,04:04:21.8,岩手県沖,40°08.5′N,142°30.8′E,36 km,2.4,---
2026/08/03,04:05:17.6,和歌山県北部,33°53.9′N,135°21.7′E,47 km,0.5,---
2026/08/03,04:06:04.7,熊本県天草・芦北地方,32°31.3′N,130°33.6′E,12 km,0.9,---
2026/08/03,04:06:54.3,熊本県天草・芦北地方,32°28.9′N,130°30.0′E,11 km,0.2,---
2026/08/03,04:07:47.9,熊本県熊本地方,32°30.1′N,130°36.4′E,8 km,0.4,---
2026/08/03,04:08:33.1,熊本県天草・芦北地方,32°27.7′N,130°31.0′E,11 km,0.0,---
2026/08/03,04:08:39.3,熊本県天草・芦北地方,32°28.5′N,130°30.8′E,1 km,0.2,---
2026/08/03,04:08:48.5,石垣島近海,24°33.1′N,124°18.2′E,7 km,0.1,---
2026/08/03,04:09:50.3,西表島付近,24°20.2′N,123°25.5′E,22 km,0.9,---
2026/08/03,04:10:34.0,熊本県熊本地方,32°33.6′N,130°38.1′E,7 km,0.2,---
2026/08/03,04:11:35.7,熊本県天草・芦北地方,32°23.1′N,130°28.8′E,3 km,-0.4,---
2026/08/03,04:12:08.7,熊本県天草・芦北地方,32°28.4′N,130°34.6′E,0 km,0.4,---
2026/08/03,04:12:55.8,熊本県天草・芦北地方,32°30.1′N,130°31.4′E,12 km,1.0,---
2026/08/03,04:13:19.7,鹿児島県薩摩地方,32°10.6′N,130°20.5′E,3 km,0.5,---
2026/08/03,04:13:57.4,種子島近海,30°33.3′N,131°19.6′E,34 km,1.5,---
2026/08/03,04:14:19.0,岩手県沖,40°11.4′N,142°46.7′E,14 km,1.5,---
2026/08/03,04:14:35.3,熊本県天草・芦北地方,32°30.6′N,130°33.6′E,13 km,0.7,---
2026/08/03,04:15:10.6,熊本県熊本地方,32°41.5′N,130°44.1′E,13 km,0.7,---
2026/08/03,04:15:31.8,三陸沖,38°30.1′N,144°21.4′E,20 km,0.8,---
2026/08/03,04:15:50.1,石川県能登地方,37°10.9′N,136°49.7′E,10 km,0.7,---
2026/08/03,04:16:52.6,岩手県内陸南部,38°56.3′N,141°28.0′E,11 km,0.8,---
2026/08/03,04:17:00.0,宮古島近海,25°20.7′N,124°58.8′E,13 km,1.5,---
2026/08/03,04:17:29.0,鹿児島県薩摩地方,31°52.4′N,130°50.0′E,3 km,1.5,---
2026/08/03,04:17:43.5,熊本県熊本地方,32°42.4′N,130°46.2′E,5 km,1.6,---
2026/08/03,04:18:47.1,根室半島南東沖,43°02.9′N,145°47.6′E,36 km,1.5,---
2026/08/03,04:19:25.4,熊本県熊本地方,32°38.5′N,130°45.2′E,10 km,-0.3,---
2026/08/03,04:20:08.2,福島県沖,37°22.7′N,141°56.8′E,36 km,1.0,---
2026/08/03,04:20:27.4,熊本県熊本地方,32°42.2′N,130°42.3′E,13 km,0.1,---
2026/08/03,04:20:30.8,トカラ列島近海,29°34.8′N,129°48.3′E,7 km,1.8,---
2026/08/03,04:20:53.6,熊本県熊本地方,32°32.1′N,130°36.2′E,11 km,0.2,---
2026/08/03,04:21:22.5,熊本県天草・芦北地方,32°29.4′N,130°31.5′E,0 km,-0.2,---
2026/08/03,04:21:54.4,千葉県北東部,35°43.6′N,140°52.4′E,11 km,1.3,---
2026/08/03,04:22:31.6,愛知県西部,35°07.1′N,137°21.0′E,41 km,0.1,---
2026/08/03,04:22:35.2,熊本県天草・芦北地方,32°25.6′N,130°32.7′E,0 km,0.5,---
2026/08/03,04:22:55.0,熊本県天草・芦北地方,32°28.3′N,130°32.8′E,5 km,1.1,---
2026/08/03,04:22:56.0,兵庫県南西部,34°54.5′N,134°40.0′E,13 km,0.1,---
2026/08/03,04:23:13.6,徳島県北部,33°53.3′N,134°11.9′E,6 km,0.0,---
2026/08/03,04:23:34.7,徳島県南部,33°46.8′N,134°19.5′E,7 km,0.5,---
2026/08/03,04:24:08.4,熊本県天草・芦北地方,32°28.3′N,130°32.7′E,4 km,0.5,---
2026/08/03,04:24:43.3,熊本県熊本地方,32°38.9′N,130°41.7′E,15 km,0.7,---
2026/08/03,04:25:35.9,熊本県天草・芦北地方,32°13.6′N,130°27.5′E,4 km,-0.1,---
2026/08/03,04:25:45.1,奄美大島近海,28°02.4′N,130°57.3′E,66 km,2.2,---
2026/08/03,04:26:05.0,熊本県熊本地方,32°40.3′N,130°43.3′E,16 km,0.2,---
2026/08/03,04:26:25.1,熊本県熊本地方,32°38.8′N,130°42.2′E,15 km,0.2,---
2026/08/03,04:26:25.6,三陸沖,38°26.0′N,144°49.2′E,26 km,1.6,---
2026/08/03,04:26:40.5,熊本県熊本地方,32°42.8′N,130°46.7′E,9 km,1.5,---
2026/08/03,04:26:50.7,島根県東部,35°18.8′N,133°12.8′E,11 km,0.6,---
2026/08/03,04:27:54.2,熊本県熊本地方,32°31.1′N,130°36.0′E,14 km,0.6,---
2026/08/03,04:27:54.6,鹿児島県薩摩地方,31°52.0′N,130°49.8′E,4 km,1.6,---
2026/08/03,04:28:14.5,鹿児島県薩摩地方,31°51.6′N,130°49.6′E,3 km,1.2,---
2026/08/03,04:29:16.9,遠州灘,34°22.5′N,137°41.0′E,324 km,2.4,---
2026/08/03,04:29:37.1,熊本県天草・芦北地方,32°26.0′N,130°32.0′E,13 km,0.3,---
2026/08/03,04:29:59.5,熊本県熊本地方,32°32.5′N,130°37.9′E,4 km,0.1,---
2026/08/03,04:30:24.8,熊本県熊本地方,32°34.0′N,130°40.1′E,4 km,1.3,---
2026/08/03,04:31:35.1,熊本県天草・芦北地方,32°13.4′N,130°25.7′E,6 km,0.0,---
2026/08/03,04:32:08.1,熊本県天草・芦北地方,32°27.7′N,130°34.9′E,0 km,0.3,---
2026/08/03,04:32:23.2,熊本県熊本地方,32°29.5′N,130°35.7′E,8 km,1.9,---
2026/08/03,04:32:45.0,岩手県沖,39°45.9′N,142°38.1′E,30 km,1.1,---
2026/08/03,04:32:54.6,日向灘,31°57.2′N,132°01.9′E,17 km,3.2,---
2026/08/03,04:33:19.6,石垣島北西沖,25°14.8′N,123°06.4′E,155 km,1.8,---
2026/08/03,04:33:23.1,青森県東方沖,41°01.1′N,142°19.3′E,44 km,0.5,---
2026/08/03,04:33:53.8,群馬県北部,36°52.6′N,139°20.3′E,5 km,1.2,---
2026/08/03,04:34:18.0,群馬県北部,36°52.5′N,139°20.4′E,5 km,0.8,---
2026/08/03,04:34:33.0,熊本県熊本地方,32°35.2′N,130°37.5′E,14 km,0.3,---
2026/08/03,04:35:02.5,熊本県熊本地方,32°30.6′N,130°36.0′E,16 km,0.1,---
2026/08/03,04:35:04.4,石川県能登地方,37°10.9′N,136°50.0′E,10 km,0.6,---
2026/08/03,04:35:23.1,日向灘,31°56.5′N,132°01.8′E,15 km,0.7,---
2026/08/03,04:35:38.1,熊本県天草・芦北地方,32°30.5′N,130°31.7′E,12 km,0.2,---
2026/08/03,04:36:12.2,熊本県熊本地方,32°38.8′N,130°42.5′E,11 km,-0.2,---
2026/08/03,04:37:00.7,熊本県天草・芦北地方,32°12.9′N,130°22.7′E,0 km,0.4,---
2026/08/03,04:37:46.8,熊本県天草・芦北地方,32°12.3′N,130°22.1′E,3 km,0.2,---
2026/08/03,04:40:33.0,熊本県熊本地方,32°34.3′N,130°37.7′E,8 km,1.4,---
2026/08/03,04:40:55.9,福井県嶺北,35°51.3′N,136°04.6′E,12 km,1.1,---
2026/08/03,04:41:17.1,熊本県天草・芦北地方,32°25.1′N,130°29.5′E,5 km,0.7,---
2026/08/03,04:41:42.1,熊本県熊本地方,32°31.3′N,130°35.6′E,14 km,0.5,---
2026/08/03,04:41:55.6,熊本県天草・芦北地方,32°27.9′N,130°29.6′E,9 km,0.7,---
2026/08/03,04:43:35.9,青森県東方沖,40°51.4′N,143°03.0′E,14 km,1.1,---
2026/08/03,04:46:03.8,熊本県熊本地方,32°40.2′N,130°42.0′E,13 km,0.7,---
2026/08/03,04:46:46.5,熊本県熊本地方,32°32.2′N,130°35.9′E,11 km,0.5,---
2026/08/03,04:47:46.0,熊本県熊本地方,32°29.0′N,130°35.7′E,11 km,0.6,---
2026/08/03,04:47:59.3,福島県沖,37°08.7′N,142°16.0′E,16 km,1.0,---
2026/08/03,04:48:20.7,熊本県熊本地方,32°36.3′N,130°42.6′E,8 km,0.2,---
2026/08/03,04:48:37.2,天草灘,31°59.4′N,130°11.4′E,3 km,1.2,---
2026/08/03,04:49:12.3,熊本県熊本地方,32°45.0′N,130°47.7′E,9 km,0.3,---
2026/08/03,04:50:16.3,熊本県天草・芦北地方,32°26.1′N,130°32.0′E,15 km,0.7,---
2026/08/03,04:51:17.1,熊本県天草・芦北地方,32°26.0′N,130°30.3′E,0 km,0.2,---
2026/08/03,04:52:13.4,熊本県熊本地方,32°31.1′N,130°34.6′E,8 km,0.0,---
2026/08/03,04:52:49.3,岩手県沖,39°56.8′N,143°00.7′E,18 km,1.3,---
2026/08/03,04:53:09.5,熊本県天草・芦北地方,32°26.6′N,130°33.8′E,9 km,0.6,---
2026/08/03,04:53:34.6,熊本県熊本地方,32°37.8′N,130°42.6′E,9 km,1.6,---
2026/08/03,04:54:05.5,熊本県天草・芦北地方,32°30.0′N,130°30.9′E,7 km,0.2,---
2026/08/03,04:55:33.7,能登半島沖,37°20.4′N,136°44.8′E,5 km,1.0,---
2026/08/03,04:57:02.3,熊本県天草・芦北地方,32°30.8′N,130°32.1′E,10 km,0.3,---
2026/08/03,04:57:23.1,熊本県天草・芦北地方,32°28.7′N,130°34.3′E,12 km,0.3,---
2026/08/03,05:00:07.0,熊本県熊本地方,32°39.7′N,130°41.7′E,15 km,0.2,---
2026/08/03,05:00:44.5,熊本県熊本地方,32°38.6′N,130°42.8′E,13 km,0.2,---
2026/08/03,05:01:28.8,島根県東部,35°19.2′N,133°11.8′E,10 km,0.1,---
2026/08/03,05:01:40.4,熊本県熊本地方,32°36.3′N,130°40.3′E,10 km,0.2,---
2026/08/03,05:02:09.6,北海道東方沖,43°06.8′N,147°02.5′E,52 km,4.3,---
2026/08/03,05:04:07.5,熊本県熊本地方,32°40.5′N,130°42.3′E,17 km,0.4,---
2026/08/03,05:04:44.1,熊本県熊本地方,32°29.9′N,130°34.9′E,9 km,-0.1,---
2026/08/03,05:05:24.3,熊本県天草・芦北地方,32°29.9′N,130°31.1′E,9 km,0.1,---
2026/08/03,05:06:02.7,熊本県天草・芦北地方,32°31.2′N,130°32.4′E,12 km,0.2,---
2026/08/03,05:06:38.7,熊本県天草・芦北地方,32°11.9′N,130°20.8′E,5 km,0.3,---
2026/08/03,05:06:59.4,熊本県天草・芦北地方,32°28.6′N,130°33.1′E,8 km,1.3,---
2026/08/03,05:09:24.9,熊本県天草・芦北地方,32°29.6′N,130°31.6′E,11 km,0.1,---
2026/08/03,05:09:58.4,熊本県熊本地方,32°39.5′N,130°43.2′E,10 km,0.7,---
2026/08/03,05:12:03.0,熊本県天草・芦北地方,32°16.8′N,130°31.2′E,5 km,-0.1,---
2026/08/03,05:13:22.7,岩手県沿岸北部,40°04.2′N,141°50.8′E,7 km,-0.2,---
2026/08/03,05:13:36.3,熊本県熊本地方,32°37.7′N,130°40.6′E,15 km,0.5,---
2026/08/03,05:13:39.7,熊本県天草・芦北地方,32°12.2′N,130°20.6′E,0 km,1.1,---
2026/08/03,05:14:09.2,能登半島沖,37°20.1′N,136°44.9′E,5 km,0.7,---
2026/08/03,05:14:53.9,熊本県阿蘇地方,32°56.6′N,131°03.3′E,3 km,0.0,---
2026/08/03,05:15:20.8,熊本県熊本地方,32°31.5′N,130°35.1′E,4 km,0.8,---
2026/08/03,05:15:47.9,熊本県熊本地方,32°32.7′N,130°35.8′E,15 km,0.4,---
2026/08/03,05:16:45.5,熊本県天草・芦北地方,32°24.5′N,130°29.4′E,8 km,1.4,---
2026/08/03,05:17:58.7,鹿児島県薩摩地方,32°07.7′N,130°30.6′E,5 km,0.9,---
2026/08/03,05:18:17.3,鹿児島県薩摩地方,32°07.7′N,130°30.4′E,7 km,0.7,---
2026/08/03,05:20:27.2,熊本県天草・芦北地方,32°25.9′N,130°30.5′E,0 km,0.5,---
2026/08/03,05:20:48.2,熊本県熊本地方,32°41.0′N,130°39.7′E,17 km,0.5,---
2026/08/03,05:22:27.0,熊本県熊本地方,32°29.4′N,130°33.8′E,9 km,0.0,---
2026/08/03,05:23:07.3,熊本県熊本地方,32°29.0′N,130°33.0′E,8 km,1.4,---
2026/08/03,05:24:15.2,熊本県天草・芦北地方,32°24.1′N,130°29.7′E,6 km,0.7,---
2026/08/03,05:24:38.7,茨城県北部,36°45.1′N,140°34.8′E,10 km,0.7,---
2026/08/03,05:25:21.9,熊本県熊本地方,32°31.7′N,130°34.6′E,4 km,0.5,---
2026/08/03,05:25:36.3,熊本県熊本地方,32°41.4′N,130°46.7′E,15 km,0.3,---
2026/08/03,05:26:06.2,茨城県北部,36°45.3′N,140°34.2′E,10 km,0.3,---
2026/08/03,05:26:13.1,鹿児島県薩摩地方,32°07.5′N,130°30.5′E,8 km,0.3,---
2026/08/03,05:26:40.0,熊本県熊本地方,32°42.3′N,130°45.7′E,7 km,0.7,---
2026/08/03,05:26:57.3,熊本県熊本地方,32°33.6′N,130°38.5′E,6 km,1.2,---
2026/08/03,05:27:14.0,熊本県熊本地方,32°37.3′N,130°44.2′E,4 km,0.6,---
2026/08/03,05:27:18.4,茨城県北部,36°45.1′N,140°34.6′E,10 km,0.8,---
2026/08/03,05:28:13.6,茨城県北部,36°45.1′N,140°34.7′E,9 km,-0.2,---
2026/08/03,05:28:15.0,三陸沖,39°53.4′N,143°03.1′E,15 km,2.0,---
2026/08/03,05:28:33.3,熊本県天草・芦北地方,32°27.9′N,130°31.9′E,1 km,0.4,---
2026/08/03,05:28:49.7,釧路沖,42°52.4′N,144°57.4′E,73 km,1.4,---
2026/08/03,05:29:13.8,八丈島東方沖,32°49.5′N,140°51.0′E,51 km,2.6,---
2026/08/03,05:29:17.0,熊本県天草・芦北地方,32°23.8′N,130°28.2′E,8 km,0.4,---
2026/08/03,05:30:13.4,青森県東方沖,41°00.1′N,143°00.9′E,16 km,1.2,---
2026/08/03,05:30:42.0,埼玉県南部,35°54.0′N,139°42.8′E,79 km,1.4,---
2026/08/03,05:31:00.7,台湾付近,23°22.8′N,121°29.9′E,30 km,2.3,---
2026/08/03,05:31:36.4,熊本県天草・芦北地方,32°28.9′N,130°31.3′E,11 km,0.4,---
2026/08/03,05:32:13.4,熊本県天草・芦北地方,32°26.3′N,130°32.4′E,3 km,0.3,---
2026/08/03,05:32:39.8,鹿児島県薩摩地方,32°08.6′N,130°19.4′E,3 km,0.0,---
2026/08/03,05:33:34.7,宮崎県南部山沿い,32°03.0′N,131°02.8′E,10 km,0.4,---
2026/08/03,05:33:43.4,熊本県熊本地方,32°38.8′N,130°43.7′E,10 km,1.8,---
2026/08/03,05:36:43.2,熊本県天草・芦北地方,32°12.5′N,130°22.0′E,2 km,0.6,---
2026/08/03,05:38:12.2,熊本県天草・芦北地方,32°17.4′N,130°25.5′E,8 km,0.8,---
2026/08/03,05:40:40.8,熊本県天草・芦北地方,32°15.7′N,130°28.9′E,1 km,0.0,---
2026/08/03,05:41:27.3,熊本県天草・芦北地方,32°28.6′N,130°32.4′E,7 km,0.4,---
2026/08/03,05:41:42.6,宮城県沖,38°57.8′N,142°06.0′E,43 km,不明,---
2026/08/03,05:41:56.3,熊本県天草・芦北地方,32°28.0′N,130°31.9′E,1 km,0.1,---
2026/08/03,05:42:27.4,熊本県熊本地方,32°38.5′N,130°41.9′E,14 km,0.8,---
2026/08/03,05:42:46.6,熊本県天草・芦北地方,32°25.7′N,130°31.3′E,5 km,1.7,---
2026/08/03,05:43:02.5,奄美大島近海,28°07.0′N,129°33.3′E,28 km,2.1,---
2026/08/03,05:43:33.2,熊本県天草・芦北地方,32°27.5′N,130°34.0′E,2 km,1.1,---
2026/08/03,05:44:03.6,熊本県天草・芦北地方,32°30.6′N,130°32.0′E,13 km,2.0,---
2026/08/03,05:45:08.0,熊本県天草・芦北地方,32°23.8′N,130°28.6′E,9 km,0.8,---
2026/08/03,05:45:22.6,熊本県天草・芦北地方,32°28.7′N,130°31.7′E,8 km,0.6,---
2026/08/03,05:45:47.0,熊本県天草・芦北地方,32°16.1′N,130°30.5′E,6 km,0.5,---
2026/08/03,05:47:11.8,熊本県天草・芦北地方,32°28.3′N,130°29.6′E,13 km,0.6,---
2026/08/03,05:47:28.1,熊本県天草・芦北地方,32°23.7′N,130°26.8′E,13 km,2.1,---
2026/08/03,05:48:57.7,和歌山県北部,34°04.1′N,135°21.3′E,7 km,-0.6,---
2026/08/03,05:49:04.6,熊本県熊本地方,32°30.2′N,130°34.8′E,11 km,0.5,---
2026/08/03,05:50:05.4,熊本県天草・芦北地方,32°29.6′N,130°32.9′E,11 km,0.4,---
2026/08/03,05:50:08.0,鹿児島県薩摩地方,32°09.0′N,130°34.1′E,9 km,0.7,---
2026/08/03,05:51:15.8,熊本県熊本地方,32°34.3′N,130°41.0′E,6 km,0.6,---
2026/08/03,05:51:42.1,大隅半島東方沖,31°07.3′N,131°42.8′E,23 km,不明,---
2026/08/03,05:51:47.9,熊本県天草・芦北地方,32°25.3′N,130°29.0′E,8 km,0.8,---
2026/08/03,05:53:16.5,茨城県沖,36°12.9′N,140°53.8′E,28 km,2.0,---
2026/08/03,05:53:22.0,房総半島南方沖,34°08.4′N,140°13.1′E,67 km,1.6,---
2026/08/03,05:53:40.0,熊本県天草・芦北地方,32°19.3′N,130°28.4′E,6 km,2.8,---
2026/08/03,05:54:14.2,台湾付近,24°06.3′N,121°49.4′E,55 km,2.3,---
2026/08/03,05:54:23.5,熊本県熊本地方,32°34.8′N,130°40.8′E,11 km,0.8,---
2026/08/03,05:54:35.6,長野県南部,35°38.3′N,138°09.3′E,13 km,0.1,---
2026/08/03,05:55:45.5,熊本県熊本地方,32°42.8′N,130°46.3′E,11 km,0.0,---
2026/08/03,05:57:01.4,熊本県熊本地方,32°34.4′N,130°40.8′E,8 km,0.3,---
2026/08/03,05:57:51.0,熊本県熊本地方,32°32.4′N,130°36.2′E,14 km,0.3,---
2026/08/03,05:58:00.4,伊予灘,33°18.3′N,131°56.8′E,60 km,0.5,---
2026/08/03,05:58:38.5,熊本県天草・芦北地方,32°24.9′N,130°30.1′E,8 km,1.2,---
2026/08/03,05:59:41.7,岐阜県飛騨地方,36°02.7′N,137°32.8′E,6 km,-0.6,---
2026/08/03,06:03:07.4,茨城県南部,35°52.2′N,140°13.1′E,40 km,1.2,---
2026/08/03,06:03:16.5,熊本県熊本地方,32°41.0′N,130°40.0′E,18 km,1.1,---
2026/08/03,06:04:15.6,熊本県熊本地方,32°30.9′N,130°35.4′E,14 km,0.5,---
2026/08/03,06:05:47.0,熊本県熊本地方,32°29.3′N,130°35.0′E,10 km,1.1,---
2026/08/03,06:07:02.4,熊本県天草・芦北地方,32°28.2′N,130°33.1′E,7 km,1.6,---
2026/08/03,06:08:07.6,熊本県天草・芦北地方,32°11.9′N,130°20.7′E,4 km,0.4,---
2026/08/03,06:09:40.4,熊本県熊本地方,32°38.5′N,130°42.9′E,12 km,0.4,---
2026/08/03,06:11:22.8,岩手県沖,39°37.1′N,142°41.5′E,30 km,1.2,---
2026/08/03,06:13:50.3,熊本県熊本地方,32°29.4′N,130°34.9′E,11 km,0.9,---
2026/08/03,06:14:17.2,熊本県熊本地方,32°40.5′N,130°44.8′E,11 km,2.3,---
2026/08/03,06:14:37.6,千葉県北西部,35°45.3′N,140°09.8′E,49 km,1.0,---
2026/08/03,06:15:48.2,熊本県天草・芦北地方,32°30.1′N,130°33.2′E,13 km,0.4,---
2026/08/03,06:15:49.5,長野県北部,36°47.3′N,137°48.6′E,1 km,0.5,---
2026/08/03,06:16:50.4,熊本県熊本地方,32°38.2′N,130°42.0′E,15 km,0.3,---
2026/08/03,06:17:26.6,熊本県熊本地方,32°33.2′N,130°38.0′E,6 km,0.0,---
2026/08/03,06:18:13.8,熊本県熊本地方,32°29.6′N,130°34.3′E,11 km,0.3,---
2026/08/03,06:20:00.8,三陸沖,40°09.4′N,143°11.3′E,5 km,1.4,---
2026/08/03,06:21:48.2,福島県沖,37°41.5′N,142°21.0′E,24 km,1.3,---
2026/08/03,06:21:49.0,兵庫県南東部,34°55.9′N,135°22.3′E,11 km,0.5,---
2026/08/03,06:23:19.7,熊本県熊本地方,32°29.5′N,130°34.8′E,11 km,1.0,---
2026/08/03,06:26:43.9,熊本県天草・芦北地方,32°21.3′N,130°27.2′E,0 km,-0.4,---
2026/08/03,06:26:59.9,熊本県天草・芦北地方,32°25.4′N,130°31.8′E,0 km,0.3,---
2026/08/03,06:28:44.3,熊本県熊本地方,32°34.1′N,130°40.3′E,8 km,1.7,---
2026/08/03,06:29:33.9,熊本県天草・芦北地方,32°23.9′N,130°28.1′E,10 km,0.2,---
2026/08/03,06:29:58.7,熊本県天草・芦北地方,32°30.4′N,130°31.6′E,10 km,0.2,---
2026/08/03,06:30:54.2,熊本県熊本地方,32°33.4′N,130°38.2′E,10 km,0.3,---
2026/08/03,06:31:19.7,熊本県熊本地方,32°35.5′N,130°41.0′E,6 km,0.3,---
2026/08/03,06:31:53.2,熊本県天草・芦北地方,32°28.3′N,130°33.0′E,12 km,0.3,---
2026/08/03,06:32:01.6,鹿児島県薩摩地方,32°08.8′N,130°34.3′E,8 km,0.7,---
2026/08/03,06:32:43.4,熊本県熊本地方,32°40.3′N,130°44.5′E,10 km,0.2,---
2026/08/03,06:33:15.5,熊本県天草・芦北地方,32°25.2′N,130°29.1′E,7 km,0.5,---
2026/08/03,06:35:32.5,岩手県沖,39°04.3′N,142°21.2′E,31 km,0.8,---
2026/08/03,06:35:41.4,熊本県天草・芦北地方,32°16.0′N,130°26.0′E,12 km,0.6,---
2026/08/03,06:37:27.9,紀伊水道,33°51.4′N,134°58.6′E,13 km,0.3,---
2026/08/03,06:38:30.9,熊本県天草・芦北地方,32°26.1′N,130°30.2′E,0 km,0.1,---
2026/08/03,06:38:55.7,熊本県熊本地方,32°40.8′N,130°46.9′E,16 km,0.4,---
2026/08/03,06:39:56.8,熊本県天草・芦北地方,32°27.1′N,130°29.4′E,9 km,0.2,---
2026/08/03,06:40:54.9,愛知県西部,35°06.2′N,137°17.2′E,41 km,0.1,---
2026/08/03,06:41:06.0,熊本県天草・芦北地方,32°25.3′N,130°31.4′E,0 km,0.6,---
2026/08/03,06:41:26.6,熊本県天草・芦北地方,32°19.4′N,130°28.6′E,7 km,3.2,---
2026/08/03,06:42:04.4,静岡県中部,35°07.1′N,138°12.0′E,26 km,0.5,---
2026/08/03,06:42:50.6,三陸沖,39°36.8′N,143°13.9′E,10 km,1.2,---
2026/08/03,06:42:58.9,熊本県熊本地方,32°40.4′N,130°41.9′E,14 km,0.8,---
2026/08/03,06:43:33.0,熊本県天草・芦北地方,32°19.4′N,130°28.9′E,4 km,0.7,---
2026/08/03,06:43:58.5,熊本県熊本地方,32°28.9′N,130°35.7′E,0 km,0.2,---
2026/08/03,06:44:15.8,熊本県天草・芦北地方,32°19.6′N,130°28.8′E,4 km,1.8,---
2026/08/03,06:44:57.1,種子島近海,30°30.6′N,131°15.5′E,28 km,0.9,---
2026/08/03,06:45:42.6,熊本県熊本地方,32°40.6′N,130°43.8′E,10 km,0.7,---
2026/08/03,06:46:47.9,熊本県熊本地方,32°37.2′N,130°42.5′E,12 km,1.1,---
2026/08/03,06:47:33.0,熊本県天草・芦北地方,32°30.5′N,130°31.4′E,10 km,0.0,---
2026/08/03,06:47:52.0,種子島近海,29°59.1′N,130°46.3′E,30 km,不明,---
2026/08/03,06:49:14.2,熊本県熊本地方,32°32.8′N,130°37.2′E,14 km,0.4,---
2026/08/03,06:49:17.3,愛知県西部,35°11.6′N,137°14.5′E,41 km,0.8,---
2026/08/03,06:49:55.5,熊本県熊本地方,32°29.1′N,130°34.8′E,11 km,0.8,---
2026/08/03,06:50:14.4,熊本県熊本地方,32°27.9′N,130°41.6′E,12 km,0.5,---
2026/08/03,06:50:57.4,熊本県熊本地方,32°40.8′N,130°44.7′E,9 km,1.3,---
2026/08/03,06:52:21.8,熊本県熊本地方,32°41.0′N,130°44.0′E,12 km,0.4,---
2026/08/03,06:53:51.4,熊本県天草・芦北地方,32°13.2′N,130°26.2′E,11 km,-0.2,---
2026/08/03,06:54:04.3,熊本県熊本地方,32°37.2′N,130°42.8′E,4 km,0.7,---
2026/08/03,06:54:35.3,熊本県熊本地方,32°32.8′N,130°37.3′E,8 km,1.2,---
2026/08/03,06:57:12.7,熊本県天草・芦北地方,32°29.9′N,130°31.8′E,12 km,0.2,---
2026/08/03,06:57:33.1,熊本県熊本地方,32°42.3′N,130°45.9′E,7 km,0.3,---
2026/08/03,06:58:17.2,熊本県熊本地方,32°41.7′N,130°45.7′E,8 km,2.8,---
2026/08/03,06:59:52.7,熊本県熊本地方,32°39.9′N,130°44.7′E,5 km,0.6,---
2026/08/03,07:00:24.7,山形県庄内地方,38°53.6′N,139°55.5′E,17 km,0.7,---
2026/08/03,07:00:47.8,奄美大島近海,28°07.3′N,129°33.2′E,29 km,2.0,---
2026/08/03,07:02:12.7,熊本県熊本地方,32°40.1′N,130°43.5′E,9 km,0.9,---
2026/08/03,07:02:18.4,茨城県沖,36°27.3′N,140°37.4′E,63 km,1.8,---
2026/08/03,07:03:36.3,熊本県天草・芦北地方,32°25.9′N,130°28.5′E,0 km,0.2,---
2026/08/03,07:05:24.9,熊本県熊本地方,32°38.6′N,130°44.4′E,6 km,1.4,---
2026/08/03,07:06:38.4,静岡県西部,34°46.4′N,137°42.1′E,18 km,0.7,---
2026/08/03,07:09:35.5,熊本県熊本地方,32°32.5′N,130°36.1′E,13 km,1.0,---
2026/08/03,07:09:44.2,宮古島近海,24°46.2′N,125°10.7′E,50 km,0.8,---
2026/08/03,07:10:17.1,熊本県熊本地方,32°40.5′N,130°43.1′E,14 km,0.4,---
2026/08/03,07:11:24.4,熊本県天草・芦北地方,32°25.8′N,130°31.3′E,3 km,1.4,---
2026/08/03,07:12:14.1,西表島付近,24°04.1′N,123°39.8′E,13 km,0.6,---
2026/08/03,07:12:52.3,熊本県熊本地方,32°33.2′N,130°38.0′E,13 km,0.1,---
2026/08/03,07:13:26.7,熊本県天草・芦北地方,32°14.4′N,130°29.7′E,0 km,0.1,---
2026/08/03,07:13:46.6,熊本県天草・芦北地方,32°31.9′N,130°33.7′E,6 km,0.3,---
2026/08/03,07:14:14.9,熊本県熊本地方,32°31.2′N,130°40.4′E,12 km,0.9,---
2026/08/03,07:14:58.8,熊本県天草・芦北地方,32°22.9′N,130°29.1′E,6 km,-0.1,---
2026/08/03,07:15:23.7,熊本県天草・芦北地方,32°14.2′N,130°22.1′E,2 km,0.5,---
2026/08/03,07:16:29.4,熊本県熊本地方,32°39.1′N,130°44.9′E,6 km,1.2,---
2026/08/03,07:16:53.7,熊本県熊本地方,32°39.7′N,130°44.3′E,9 km,0.6,---
2026/08/03,07:17:22.5,熊本県熊本地方,32°43.8′N,130°46.2′E,9 km,1.3,---
2026/08/03,07:18:31.1,熊本県天草・芦北地方,32°16.1′N,130°20.5′E,1 km,0.1,---
2026/08/03,07:18:40.0,熊本県天草・芦北地方,32°26.3′N,130°32.7′E,9 km,1.0,---
2026/08/03,07:19:27.6,熊本県天草・芦北地方,32°27.0′N,130°34.2′E,8 km,0.2,---
2026/08/03,07:19:46.7,熊本県天草・芦北地方,32°25.1′N,130°31.4′E,9 km,0.7,---
2026/08/03,07:20:06.0,熊本県熊本地方,32°29.7′N,130°34.7′E,7 km,1.0,---
2026/08/03,07:20:55.1,熊本県熊本地方,32°39.5′N,130°43.2′E,9 km,0.2,---
2026/08/03,07:21:25.6,熊本県熊本地方,32°33.1′N,130°37.4′E,8 km,0.9,---
2026/08/03,07:21:27.4,石川県能登地方,37°31.7′N,137°16.4′E,11 km,1.5,---
2026/08/03,07:23:20.1,熊本県天草・芦北地方,32°24.3′N,130°29.6′E,7 km,-0.1,---
2026/08/03,07:24:12.6,熊本県天草・芦北地方,32°25.5′N,130°31.4′E,7 km,1.0,---
2026/08/03,07:24:46.8,熊本県天草・芦北地方,32°28.6′N,130°31.0′E,4 km,0.6,---
2026/08/03,07:25:36.7,熊本県熊本地方,32°34.8′N,130°39.6′E,7 km,0.6,---
2026/08/03,07:26:10.5,熊本県熊本地方,32°35.1′N,130°40.2′E,9 km,0.2,---
2026/08/03,07:26:17.1,福島県中通り,37°04.3′N,140°28.9′E,8 km,1.3,---
2026/08/03,07:27:13.7,宮城県沖,38°02.8′N,141°53.2′E,42 km,1.9,---
2026/08/03,07:27:37.3,熊本県熊本地方,32°37.9′N,130°44.2′E,9 km,-0.2,---
2026/08/03,07:28:59.6,熊本県天草・芦北地方,32°28.2′N,130°33.0′E,8 km,0.5,---
2026/08/03,07:29:12.6,福島県沖,37°23.4′N,141°49.0′E,40 km,1.1,---
2026/08/03,07:29:39.8,熊本県熊本地方,32°35.3′N,130°39.0′E,12 km,1.1,---
2026/08/03,07:30:21.6,熊本県熊本地方,32°38.2′N,130°42.1′E,12 km,0.2,---
2026/08/03,07:30:43.3,熊本県天草・芦北地方,32°28.7′N,130°32.2′E,13 km,0.3,---
2026/08/03,07:32:14.3,熊本県天草・芦北地方,32°28.8′N,130°30.3′E,11 km,1.1,---
2026/08/03,07:32:51.5,駿河湾,34°41.9′N,138°31.7′E,20 km,不明,---
2026/08/03,07:32:56.8,駿河湾,34°44.2′N,138°33.3′E,23 km,1.4,---
2026/08/03,07:33:22.3,滋賀県北部,35°38.4′N,136°16.7′E,14 km,0.0,---
2026/08/03,07:35:33.2,熊本県熊本地方,32°35.5′N,130°42.7′E,12 km,0.0,---
2026/08/03,07:36:56.8,熊本県天草・芦北地方,32°24.1′N,130°27.7′E,10 km,1.5,---
2026/08/03,07:37:48.5,熊本県熊本地方,32°32.5′N,130°35.2′E,12 km,0.5,---
2026/08/03,07:38:14.1,和歌山県南方沖,33°33.3′N,135°15.7′E,34 km,0.4,---
2026/08/03,07:41:04.3,熊本県熊本地方,32°33.9′N,130°38.4′E,14 km,2.0,---
2026/08/03,07:41:26.7,三陸沖,39°07.1′N,143°18.6′E,4 km,1.4,---
2026/08/03,07:42:00.6,熊本県天草・芦北地方,32°24.1′N,130°27.3′E,10 km,0.2,---
2026/08/03,07:43:44.7,青森県津軽南部,40°34.2′N,140°20.1′E,7 km,0.5,---
2026/08/03,07:44:04.3,熊本県熊本地方,32°38.9′N,130°42.1′E,12 km,1.1,---
2026/08/03,07:44:53.4,熊本県熊本地方,32°40.7′N,130°45.6′E,11 km,2.1,---
2026/08/03,07:45:03.3,青森県東方沖,41°31.5′N,142°22.6′E,37 km,1.4,---
2026/08/03,07:46:13.2,熊本県天草・芦北地方,32°27.2′N,130°31.9′E,10 km,0.1,---
2026/08/03,07:46:55.8,熊本県天草・芦北地方,32°27.9′N,130°32.6′E,11 km,0.5,---
2026/08/03,07:47:14.8,熊本県熊本地方,32°29.9′N,130°34.9′E,12 km,2.6,---
2026/08/03,07:48:07.3,熊本県熊本地方,32°33.4′N,130°37.2′E,13 km,1.4,---
2026/08/03,07:49:36.0,熊本県熊本地方,32°30.0′N,130°34.9′E,12 km,2.0,---
2026/08/03,07:50:35.6,熊本県天草・芦北地方,32°15.7′N,130°24.9′E,2 km,0.5,---
2026/08/03,07:50:55.5,能登半島沖,37°40.2′N,137°25.6′E,10 km,1.0,---
2026/08/03,07:51:31.0,熊本県熊本地方,32°30.8′N,130°35.2′E,12 km,0.6,---
2026/08/03,07:53:23.6,秋田県内陸南部,38°58.6′N,140°34.2′E,5 km,0.1,---
2026/08/03,07:53:38.8,熊本県熊本地方,32°40.4′N,130°40.8′E,17 km,0.1,---
2026/08/03,07:54:22.5,熊本県熊本地方,32°38.0′N,130°40.3′E,14 km,1.6,---
2026/08/03,07:55:02.7,上川地方南部,43°09.0′N,142°43.2′E,128 km,1.3,---
2026/08/03,07:56:39.1,天草灘,32°28.4′N,129°50.2′E,15 km,0.6,---
2026/08/03,07:57:22.3,熊本県熊本地方,32°39.1′N,130°43.1′E,13 km,0.5,---
2026/08/03,07:58:00.7,三陸沖,40°11.3′N,143°10.0′E,4 km,2.1,---
2026/08/03,07:58:44.5,熊本県天草・芦北地方,32°26.3′N,130°32.6′E,0 km,0.5,---
2026/08/03,08:01:22.4,熊本県熊本地方,32°33.8′N,130°38.2′E,8 km,0.4,---
2026/08/03,08:02:33.8,群馬県南部,36°36.6′N,139°25.9′E,8 km,-0.1,---
2026/08/03,08:03:03.6,岩手県沖,40°13.2′N,142°53.4′E,4 km,1.5,---
2026/08/03,08:03:12.8,熊本県熊本地方,32°35.0′N,130°39.3′E,12 km,0.3,---
2026/08/03,08:05:19.6,熊本県熊本地方,32°34.0′N,130°37.0′E,13 km,3.0,---
2026/08/03,08:06:14.0,熊本県天草・芦北地方,32°19.3′N,130°28.5′E,5 km,1.9,---
2026/08/03,08:06:46.8,宮城県沖,38°10.4′N,142°20.7′E,33 km,1.0,---
2026/08/03,08:07:41.5,熊本県熊本地方,32°45.1′N,130°47.7′E,7 km,0.6,---
2026/08/03,08:08:00.6,熊本県熊本地方,32°29.6′N,130°33.1′E,10 km,1.7,---
2026/08/03,08:09:54.8,石川県能登地方,37°11.9′N,136°46.8′E,11 km,0.8,---
2026/08/03,08:12:42.5,熊本県熊本地方,32°35.3′N,130°37.5′E,15 km,0.4,---
2026/08/03,08:12:57.1,熊本県熊本地方,32°37.8′N,130°42.9′E,9 km,2.4,---
2026/08/03,08:13:06.4,上川地方南部,43°20.0′N,142°21.0′E,12 km,0.9,---
2026/08/03,08:16:01.2,紀伊水道,34°10.0′N,135°09.9′E,9 km,1.1,---
2026/08/03,08:18:02.0,静岡県西部,35°10.8′N,137°59.9′E,16 km,-0.1,---
2026/08/03,08:18:20.5,熊本県熊本地方,32°31.5′N,130°35.9′E,13 km,1.6,---
2026/08/03,08:18:57.1,熊本県熊本地方,32°38.3′N,130°44.0′E,12 km,0.3,---
2026/08/03,08:19:15.5,熊本県天草・芦北地方,32°29.3′N,130°32.3′E,10 km,1.7,---
2026/08/03,08:19:23.0,岩手県沿岸北部,39°37.5′N,141°37.9′E,10 km,0.4,---
2026/08/03,08:23:10.4,熊本県熊本地方,32°40.3′N,130°44.5′E,7 km,0.4,---
2026/08/03,08:24:28.4,熊本県天草・芦北地方,32°27.5′N,130°33.4′E,9 km,0.4,---
2026/08/03,08:25:35.3,長野県中部,36°06.1′N,137°38.4′E,9 km,0.2,---
2026/08/03,08:27:08.5,熊本県天草・芦北地方,32°28.3′N,130°31.9′E,8 km,1.6,---
2026/08/03,08:28:13.7,熊本県熊本地方,32°34.0′N,130°39.2′E,10 km,0.3,---
2026/08/03,08:28:50.4,熊本県天草・芦北地方,32°32.3′N,130°33.4′E,2 km,0.2,---
2026/08/03,08:29:50.6,熊本県天草・芦北地方,32°27.7′N,130°29.9′E,7 km,0.5,---
2026/08/03,08:31:16.0,栃木県南部,36°45.9′N,140°12.2′E,112 km,1.1,---
2026/08/03,08:31:26.6,熊本県熊本地方,32°34.8′N,130°39.2′E,13 km,0.1,---
2026/08/03,08:33:09.9,岩手県沖,40°11.9′N,142°53.2′E,13 km,1.5,---
2026/08/03,08:33:27.0,熊本県熊本地方,32°45.1′N,130°48.2′E,8 km,0.5,---
2026/08/03,08:33:56.3,熊本県天草・芦北地方,32°27.6′N,130°29.4′E,13 km,0.6,---
2026/08/03,08:34:28.7,長野県中部,36°03.0′N,138°08.9′E,8 km,0.7,---
2026/08/03,08:35:39.9,熊本県熊本地方,32°35.9′N,130°39.7′E,10 km,0.4,---
2026/08/03,08:37:16.4,岩手県沖,39°38.5′N,142°06.4′E,47 km,1.0,---
2026/08/03,08:37:56.4,愛知県西部,35°10.0′N,137°17.9′E,43 km,0.4,---
2026/08/03,08:39:35.3,豊後水道,33°09.9′N,131°55.3′E,7 km,1.0,---
2026/08/03,08:39:47.0,三陸沖,39°56.1′N,143°43.4′E,7 km,1.5,---
2026/08/03,08:40:59.4,熊本県天草・芦北地方,32°21.7′N,130°27.6′E,0 km,-0.1,---
2026/08/03,08:42:21.4,熊本県天草・芦北地方,32°25.6′N,130°32.4′E,14 km,0.6,---
2026/08/03,08:44:38.6,八丈島東方沖,33°38.9′N,141°13.1′E,37 km,1.6,---
2026/08/03,08:46:08.0,熊本県熊本地方,32°32.1′N,130°39.1′E,5 km,0.5,---
2026/08/03,08:46:40.8,和歌山県北部,34°09.9′N,135°11.5′E,3 km,-0.4,---
2026/08/03,08:46:41.5,日向灘,31°56.7′N,132°02.0′E,20 km,1.7,---
2026/08/03,08:47:08.8,熊本県熊本地方,32°32.7′N,130°39.6′E,6 km,1.0,---
2026/08/03,08:49:19.9,熊本県熊本地方,32°34.0′N,130°37.8′E,12 km,2.4,---
2026/08/03,08:50:04.6,青森県東方沖,41°34.6′N,142°46.7′E,30 km,1.3,---
2026/08/03,08:50:07.6,熊本県天草・芦北地方,32°25.5′N,130°29.2′E,7 km,1.1,---
2026/08/03,08:51:24.4,秋田県沖,39°29.2′N,139°35.8′E,23 km,1.8,---
2026/08/03,08:51:39.4,熊本県熊本地方,32°33.7′N,130°37.7′E,12 km,0.6,---
2026/08/03,08:51:45.0,沖縄本島近海,25°15.1′N,128°17.4′E,65 km,2.4,---
2026/08/03,08:54:11.9,熊本県熊本地方,32°36.0′N,130°41.7′E,11 km,1.5,---
2026/08/03,08:55:43.9,熊本県天草・芦北地方,32°16.9′N,130°24.5′E,0 km,0.7,---
2026/08/03,08:57:56.5,熊本県熊本地方,32°33.4′N,130°38.4′E,13 km,0.3,---
2026/08/03,08:57:56.7,熊本県熊本地方,32°33.8′N,130°37.3′E,11 km,0.4,---
2026/08/03,09:00:20.3,熊本県熊本地方,32°39.3′N,130°45.2′E,10 km,0.7,---
2026/08/03,09:00:34.1,岩手県沖,40°21.5′N,142°25.8′E,19 km,1.2,---
2026/08/03,09:03:31.4,熊本県熊本地方,32°37.1′N,130°43.0′E,8 km,0.2,---
2026/08/03,09:03:40.6,福島県沖,37°01.2′N,141°42.5′E,35 km,0.9,---
2026/08/03,09:04:38.1,熊本県熊本地方,32°38.7′N,130°42.0′E,14 km,0.3,---
2026/08/03,09:05:58.1,静岡県西部,34°55.3′N,137°53.5′E,35 km,0.3,---
2026/08/03,09:07:36.5,熊本県熊本地方,32°35.0′N,130°41.2′E,9 km,0.2,---
2026/08/03,09:07:58.9,熊本県天草・芦北地方,32°23.1′N,130°29.1′E,8 km,0.2,---
2026/08/03,09:08:16.9,熊本県熊本地方,32°31.1′N,130°40.3′E,11 km,0.7,---
2026/08/03,09:11:19.5,熊本県天草・芦北地方,32°26.1′N,130°31.8′E,5 km,0.5,---
2026/08/03,09:12:06.0,長野県南部,35°57.9′N,138°02.5′E,6 km,-0.7,---
2026/08/03,09:13:56.6,熊本県熊本地方,32°33.7′N,130°39.6′E,8 km,0.6,---
2026/08/03,09:15:42.1,熊本県天草・芦北地方,32°25.1′N,130°30.0′E,6 km,1.5,---
2026/08/03,09:16:21.8,熊本県天草・芦北地方,32°25.7′N,130°31.6′E,11 km,0.7,---
2026/08/03,09:17:31.7,福島県会津,37°44.8′N,140°03.2′E,10 km,0.6,---
2026/08/03,09:17:42.3,和歌山県北部,34°06.3′N,135°09.7′E,10 km,0.1,---
2026/08/03,09:18:08.7,熊本県天草・芦北地方,32°25.3′N,130°28.1′E,11 km,1.3,---
2026/08/03,09:20:28.9,房総半島南方沖,34°26.8′N,140°18.2′E,48 km,0.6,---
2026/08/03,09:23:20.6,福島県沖,36°44.5′N,142°10.7′E,15 km,2.2,---
2026/08/03,09:24:07.5,宮崎県南部山沿い,32°03.3′N,131°02.7′E,10 km,0.4,---
2026/08/03,09:24:56.1,熊本県熊本地方,32°41.4′N,130°46.6′E,16 km,1.2,---
2026/08/03,09:26:04.5,熊本県熊本地方,32°44.7′N,130°47.7′E,8 km,0.8,---
2026/08/03,09:27:02.4,紀伊水道,33°44.7′N,135°21.3′E,41 km,0.1,---
2026/08/03,09:27:39.9,熊本県熊本地方,32°38.6′N,130°42.0′E,13 km,0.9,---
2026/08/03,09:27:49.8,和歌山県北部,33°54.6′N,135°12.4′E,8 km,-0.1,---
2026/08/03,09:28:41.6,宮城県沖,38°19.6′N,142°12.5′E,36 km,1.7,---
2026/08/03,09:29:06.8,熊本県天草・芦北地方,32°28.9′N,130°29.6′E,15 km,1.0,---
2026/08/03,09:29:44.6,熊本県熊本地方,32°30.5′N,130°35.8′E,12 km,0.6,---
2026/08/03,09:30:15.3,宮崎県南部山沿い,32°03.5′N,131°02.5′E,10 km,1.3,---
2026/08/03,09:32:24.5,熊本県天草・芦北地方,32°28.3′N,130°32.8′E,4 km,0.7,---
2026/08/03,09:32:56.1,熊本県熊本地方,32°31.4′N,130°35.3′E,13 km,0.7,---
2026/08/03,09:34:28.4,日向灘,31°54.5′N,131°51.3′E,34 km,1.2,---
2026/08/03,09:37:21.8,熊本県天草・芦北地方,32°25.3′N,130°28.8′E,8 km,0.9,---
2026/08/03,09:37:23.4,千葉県北東部,35°44.7′N,140°39.6′E,45 km,0.8,---
2026/08/03,09:40:25.6,有明海,32°44.7′N,130°35.7′E,10 km,0.6,---
2026/08/03,09:41:11.2,熊本県熊本地方,32°33.4′N,130°37.5′E,11 km,0.4,---
2026/08/03,09:42:17.1,熊本県天草・芦北地方,32°28.3′N,130°30.6′E,3 km,0.3,---
2026/08/03,09:43:00.2,熊本県熊本地方,32°31.4′N,130°35.5′E,9 km,0.4,---
2026/08/03,09:43:24.2,福島県沖,37°23.0′N,141°52.4′E,38 km,1.0,---
2026/08/03,09:44:57.3,熊本県天草・芦北地方,32°26.3′N,130°28.3′E,6 km,0.4,---
2026/08/03,09:46:17.6,熊本県天草・芦北地方,32°25.7′N,130°32.2′E,11 km,1.0,---
2026/08/03,09:46:44.7,熊本県熊本地方,32°40.0′N,130°48.9′E,14 km,0.8,---
2026/08/03,09:47:31.1,熊本県熊本地方,32°38.0′N,130°43.7′E,9 km,0.4,---
2026/08/03,09:48:05.1,熊本県天草・芦北地方,32°28.4′N,130°32.7′E,6 km,0.1,---
2026/08/03,09:49:45.0,熊本県熊本地方,32°33.8′N,130°36.5′E,13 km,1.9,---
2026/08/03,09:50:57.1,熊本県熊本地方,32°39.3′N,130°41.8′E,14 km,0.9,---
2026/08/03,09:53:35.8,和歌山県北部,34°04.5′N,135°16.5′E,10 km,-0.2,---
2026/08/03,09:53:59.2,新潟県中越地方,37°20.1′N,138°59.5′E,11 km,0.9,---
2026/08/03,09:54:19.2,新潟県中越地方,37°20.1′N,138°59.9′E,10 km,0.4,---
2026/08/03,09:55:08.1,宮崎県南部山沿い,32°03.7′N,131°03.0′E,11 km,0.6,---
2026/08/03,09:56:35.9,鹿児島県薩摩地方,32°06.5′N,130°21.8′E,13 km,-0.1,---
2026/08/03,09:57:16.7,トカラ列島近海,28°22.1′N,128°45.3′E,79 km,1.8,---
2026/08/03,09:57:41.9,和歌山県北部,34°03.1′N,135°22.5′E,5 km,-0.2,---
2026/08/03,09:57:55.2,熊本県熊本地方,32°39.0′N,130°44.2′E,10 km,0.6,---
2026/08/03,09:59:44.1,三陸沖,39°55.4′N,144°48.0′E,25 km,1.3,---
2026/08/03,10:00:47.5,熊本県天草・芦北地方,32°25.7′N,130°31.6′E,8 km,0.9,---
2026/08/03,10:00:59.8,熊本県熊本地方,32°33.9′N,130°37.8′E,14 km,0.6,---
2026/08/03,10:01:11.8,福島県会津,37°08.1′N,139°23.3′E,8 km,0.4,---
2026/08/03,10:02:01.4,岩手県沿岸南部,39°08.1′N,141°46.4′E,60 km,0.5,---
2026/08/03,10:02:42.1,茨城県北部,36°45.3′N,140°35.0′E,10 km,1.6,---
2026/08/03,10:03:34.8,岐阜県飛騨地方,35°58.2′N,137°29.4′E,8 km,0.2,---
2026/08/03,10:04:00.0,熊本県熊本地方,32°31.6′N,130°36.4′E,7 km,0.4,---
2026/08/03,10:04:59.1,熊本県天草・芦北地方,32°25.4′N,130°31.0′E,2 km,0.7,---
2026/08/03,10:06:11.5,熊本県熊本地方,32°38.0′N,130°40.3′E,15 km,0.4,---
2026/08/03,10:06:48.4,福島県沖,37°24.1′N,141°50.9′E,42 km,0.9,---
2026/08/03,10:07:52.0,長野県北部,36°33.5′N,137°51.2′E,9 km,0.5,---
2026/08/03,10:09:10.2,石川県能登地方,37°21.6′N,137°01.8′E,9 km,1.2,---
2026/08/03,10:11:01.0,山口県中部,34°24.6′N,131°35.5′E,32 km,0.1,---
2026/08/03,10:11:50.7,岩手県内陸南部,39°02.8′N,140°52.9′E,9 km,1.2,---
2026/08/03,10:13:59.5,宗谷東方沖,45°45.4′N,143°10.4′E,332 km,2.6,---
2026/08/03,10:14:10.7,宮古島近海,24°36.3′N,124°52.6′E,15 km,1.5,---
2026/08/03,10:14:28.3,福島県中通り,36°57.7′N,140°35.7′E,100 km,1.9,---
2026/08/03,10:17:06.4,紀伊水道,33°48.6′N,134°53.5′E,16 km,0.9,---
2026/08/03,10:20:32.9,熊本県熊本地方,32°31.5′N,130°35.2′E,11 km,1.1,---
2026/08/03,10:23:12.9,愛知県西部,34°56.0′N,137°21.6′E,36 km,0.4,---
2026/08/03,10:23:50.8,熊本県熊本地方,32°35.5′N,130°42.0′E,8 km,1.0,---
2026/08/03,10:25:40.2,石川県能登地方,37°11.8′N,136°49.0′E,7 km,0.3,---
2026/08/03,10:27:36.7,熊本県天草・芦北地方,32°28.2′N,130°33.0′E,3 km,1.2,---
2026/08/03,10:29:34.2,熊本県天草・芦北地方,32°27.7′N,130°33.7′E,5 km,0.8,---
2026/08/03,10:30:17.9,熊本県天草・芦北地方,32°31.0′N,130°33.8′E,10 km,1.4,---
2026/08/03,10:30:57.6,熊本県天草・芦北地方,32°27.2′N,130°28.8′E,13 km,0.6,---
2026/08/03,10:31:52.8,熊本県天草・芦北地方,32°14.4′N,130°25.4′E,2 km,0.0,---
2026/08/03,10:32:24.1,熊本県天草・芦北地方,32°29.9′N,130°32.4′E,10 km,0.1,---
2026/08/03,10:33:06.0,大分県中部,33°18.4′N,131°26.3′E,3 km,0.3,---
2026/08/03,10:33:15.2,新潟県上中越沖,37°41.1′N,137°38.9′E,13 km,1.5,---
2026/08/03,10:33:35.5,熊本県天草・芦北地方,32°19.4′N,130°28.6′E,0 km,1.4,---
2026/08/03,10:34:03.2,沖縄本島近海,26°30.9′N,127°08.3′E,11 km,2.0,---
2026/08/03,10:35:12.2,熊本県天草・芦北地方,32°28.2′N,130°32.9′E,0 km,0.8,---
2026/08/03,10:36:06.3,熊本県天草・芦北地方,32°25.8′N,130°32.3′E,0 km,0.3,---
2026/08/03,10:42:43.1,熊本県天草・芦北地方,32°26.6′N,130°34.3′E,14 km,0.6,---
2026/08/03,10:44:41.5,五島列島近海,32°46.8′N,129°41.3′E,8 km,-0.1,---
2026/08/03,10:47:06.6,熊本県天草・芦北地方,32°28.1′N,130°32.7′E,1 km,0.8,---
2026/08/03,10:54:32.4,福島県沖,37°16.2′N,142°08.3′E,24 km,0.8,---
2026/08/03,10:55:00.4,熊本県天草・芦北地方,32°17.1′N,130°21.8′E,4 km,0.3,---
2026/08/03,10:55:06.2,千島列島,45°30.5′N,149°23.5′E,168 km,3.7,---
2026/08/03,10:55:15.4,宮城県沖,37°58.1′N,141°40.1′E,46 km,0.8,---
2026/08/03,10:55:58.0,熊本県熊本地方,32°35.6′N,130°39.8′E,6 km,0.6,---
2026/08/03,11:00:02.0,熊本県天草・芦北地方,32°26.5′N,130°33.1′E,6 km,0.9,---
2026/08/03,11:00:57.2,熊本県熊本地方,32°43.6′N,130°47.3′E,7 km,2.2,---
2026/08/03,11:01:11.0,三陸沖,39°07.4′N,143°19.0′E,3 km,1.8,---
2026/08/03,11:02:50.7,八丈島東方沖,33°44.0′N,140°16.2′E,40 km,2.0,---
2026/08/03,11:03:52.2,三陸沖,40°44.3′N,145°27.0′E,20 km,2.0,---
2026/08/03,11:05:18.3,浦河沖,41°53.4′N,142°46.5′E,37 km,1.3,---
2026/08/03,11:06:41.8,熊本県熊本地方,32°29.5′N,130°34.9′E,9 km,0.5,---
2026/08/03,11:08:53.6,熊本県熊本地方,32°29.1′N,130°34.8′E,6 km,1.2,---
2026/08/03,11:10:21.3,福島県会津,37°45.6′N,140°04.5′E,10 km,不明,---
2026/08/03,11:11:16.4,熊本県熊本地方,32°40.2′N,130°44.1′E,9 km,0.2,---
2026/08/03,11:14:28.8,岩手県沖,40°04.8′N,142°12.3′E,46 km,1.2,---
2026/08/03,11:14:54.1,熊本県熊本地方,32°38.2′N,130°44.0′E,9 km,1.8,---
2026/08/03,11:15:25.0,福島県沖,36°57.5′N,140°59.9′E,66 km,3.2,---
2026/08/03,11:17:22.2,福島県会津,37°45.5′N,140°03.2′E,6 km,0.3,---
2026/08/03,11:17:57.5,熊本県天草・芦北地方,32°28.2′N,130°30.3′E,9 km,0.6,---
2026/08/03,11:18:56.2,三陸沖,40°12.7′N,143°29.4′E,21 km,1.3,---
2026/08/03,11:19:09.9,トカラ列島近海,28°17.9′N,128°34.8′E,89 km,1.7,---
2026/08/03,11:19:45.9,熊本県熊本地方,32°44.9′N,130°48.2′E,7 km,0.6,---
2026/08/03,11:20:07.3,福島県沖,37°35.6′N,141°53.3′E,38 km,0.9,---
2026/08/03,11:20:58.1,釧路沖,42°38.9′N,145°26.2′E,19 km,不明,---
2026/08/03,11:21:09.9,熊本県熊本地方,32°31.9′N,130°36.0′E,6 km,0.8,---
2026/08/03,11:21:37.4,岩手県内陸南部,39°30.1′N,141°11.5′E,11 km,0.6,---
2026/08/03,11:22:13.3,茨城県沖,36°28.1′N,141°04.7′E,38 km,1.4,---
2026/08/03,11:22:18.7,伊豆半島東方沖,34°52.2′N,139°12.3′E,11 km,0.7,---
2026/08/03,11:22:59.2,熊本県天草・芦北地方,32°28.6′N,130°34.0′E,10 km,1.5,---
2026/08/03,11:25:35.3,熊本県天草・芦北地方,32°28.5′N,130°32.7′E,3 km,0.6,---
2026/08/03,11:26:31.2,熊本県熊本地方,32°44.1′N,130°47.1′E,8 km,0.8,---
2026/08/03,11:26:42.5,宮崎県南部平野部,31°52.0′N,131°26.3′E,47 km,0.4,---
2026/08/03,11:27:45.3,三陸沖,40°05.5′N,143°13.8′E,7 km,1.2,---
2026/08/03,11:32:52.4,熊本県天草・芦北地方,32°28.0′N,130°32.1′E,7 km,0.8,---
2026/08/03,11:33:14.1,三陸沖,40°03.4′N,143°23.3′E,12 km,1.2,---
2026/08/03,11:33:55.9,熊本県天草・芦北地方,32°30.5′N,130°32.4′E,12 km,2.9,---
2026/08/03,11:35:36.1,熊本県熊本地方,32°41.0′N,130°44.5′E,9 km,0.6,---
2026/08/03,11:36:12.8,熊本県天草・芦北地方,32°29.9′N,130°31.7′E,10 km,0.5,---
2026/08/03,11:36:55.8,熊本県熊本地方,32°29.3′N,130°33.9′E,1 km,0.6,---
2026/08/03,11:38:15.4,大隅半島東方沖,31°15.1′N,131°32.8′E,32 km,1.5,---
2026/08/03,11:38:45.0,熊本県天草・芦北地方,32°26.0′N,130°32.1′E,7 km,0.8,---
2026/08/03,11:39:39.0,熊本県熊本地方,32°30.2′N,130°35.7′E,9 km,1.5,---
2026/08/03,11:40:52.6,福島県沖,37°41.4′N,142°25.0′E,23 km,1.3,---
2026/08/03,11:41:04.9,和歌山県北部,34°04.1′N,135°22.7′E,2 km,-0.2,---
2026/08/03,11:41:40.5,熊本県天草・芦北地方,32°24.1′N,130°28.9′E,1 km,0.7,---
2026/08/03,11:41:59.7,熊本県熊本地方,32°30.2′N,130°34.3′E,12 km,0.9,---
2026/08/03,11:42:38.2,熊本県熊本地方,32°39.2′N,130°41.7′E,16 km,0.4,---
2026/08/03,11:43:12.4,熊本県熊本地方,32°31.9′N,130°35.9′E,12 km,0.4,---
2026/08/03,11:43:24.1,福島県沖,37°41.1′N,142°24.6′E,22 km,1.1,---
2026/08/03,11:43:29.5,熊本県熊本地方,32°36.8′N,130°40.2′E,15 km,2.1,---
2026/08/03,11:44:15.3,釧路沖,42°52.5′N,144°05.2′E,70 km,0.4,---
2026/08/03,11:49:23.9,福島県会津,37°44.3′N,140°03.0′E,7 km,0.5,---
2026/08/03,11:49:54.4,青森県東方沖,40°57.5′N,142°55.8′E,16 km,0.7,---
2026/08/03,11:50:01.6,熊本県熊本地方,32°29.3′N,130°35.1′E,4 km,1.0,---
2026/08/03,11:51:11.5,熊本県熊本地方,32°38.7′N,130°41.4′E,15 km,0.5,---
2026/08/03,11:52:49.4,熊本県熊本地方,32°32.7′N,130°36.7′E,12 km,1.2,---
2026/08/03,11:53:46.5,熊本県熊本地方,32°32.3′N,130°36.6′E,13 km,0.8,---
2026/08/03,11:53:52.9,熊本県熊本地方,32°32.4′N,130°35.5′E,11 km,1.0,---
2026/08/03,11:54:32.7,熊本県熊本地方,32°32.1′N,130°36.7′E,11 km,0.8,---
2026/08/03,11:54:50.4,熊本県天草・芦北地方,32°27.1′N,130°31.7′E,3 km,0.8,---
2026/08/03,11:58:05.7,宮城県沖,37°53.3′N,141°50.9′E,50 km,0.8,---
2026/08/03,11:59:08.1,熊本県天草・芦北地方,32°28.0′N,130°33.1′E,3 km,0.8,---
2026/08/03,11:59:46.1,熊本県天草・芦北地方,32°26.7′N,130°32.0′E,0 km,1.0,---
2026/08/03,12:01:01.1,熊本県天草・芦北地方,32°29.4′N,130°31.6′E,10 km,1.1,---
2026/08/03,12:01:13.9,岡山県南部,34°43.0′N,133°29.6′E,18 km,0.3,---
2026/08/03,12:02:12.7,熊本県天草・芦北地方,32°26.6′N,130°31.6′E,1 km,0.4,---
2026/08/03,12:02:45.1,福島県沖,37°41.5′N,142°18.9′E,27 km,1.2,---
2026/08/03,12:02:54.5,熊本県熊本地方,32°35.2′N,130°41.1′E,7 km,1.7,---
2026/08/03,12:03:17.4,奄美大島北西沖,28°10.1′N,128°06.1′E,15 km,1.7,---
2026/08/03,12:03:32.6,熊本県天草・芦北地方,32°27.6′N,130°32.8′E,3 km,0.8,---
2026/08/03,12:04:52.5,熊本県熊本地方,32°27.8′N,130°36.0′E,8 km,0.3,---
2026/08/03,12:05:42.9,熊本県熊本地方,32°35.1′N,130°39.8′E,8 km,0.7,---
2026/08/03,12:06:40.0,熊本県熊本地方,32°29.2′N,130°35.1′E,1 km,1.5,---
2026/08/03,12:06:46.7,宮城県沖,38°17.6′N,141°51.9′E,59 km,1.0,---
2026/08/03,12:09:13.3,熊本県熊本地方,32°44.3′N,130°46.7′E,9 km,0.7,---
2026/08/03,12:10:02.7,福井県嶺北,35°45.5′N,136°18.1′E,10 km,0.4,---
2026/08/03,12:10:19.7,熊本県天草・芦北地方,32°26.1′N,130°32.0′E,1 km,0.7,---
2026/08/03,12:11:27.9,三陸沖,39°49.8′N,143°40.2′E,2 km,不明,---
2026/08/03,12:11:31.7,奄美大島近海,27°20.9′N,129°22.2′E,48 km,2.7,---
2026/08/03,12:11:38.8,三陸沖,39°07.3′N,143°17.5′E,9 km,1.3,---
2026/08/03,12:13:51.4,熊本県天草・芦北地方,32°27.2′N,130°32.9′E,8 km,0.9,---
2026/08/03,12:14:36.0,熊本県熊本地方,32°42.2′N,130°46.0′E,9 km,0.4,---
2026/08/03,12:16:41.1,熊本県天草・芦北地方,32°28.8′N,130°32.2′E,6 km,1.3,---
2026/08/03,12:19:54.4,茨城県沖,36°41.6′N,140°56.0′E,33 km,0.9,---
2026/08/03,12:20:42.6,熊本県天草・芦北地方,32°25.5′N,130°31.6′E,1 km,1.1,---
2026/08/03,12:21:18.8,熊本県熊本地方,32°37.4′N,130°42.6′E,10 km,0.5,---
2026/08/03,12:21:41.9,熊本県熊本地方,32°41.5′N,130°44.2′E,11 km,2.4,---
2026/08/03,12:24:10.2,三宅島近海,34°05.1′N,139°22.9′E,12 km,1.9,---
2026/08/03,12:26:03.9,熊本県熊本地方,32°34.1′N,130°39.0′E,10 km,1.0,---
2026/08/03,12:26:52.0,熊本県熊本地方,32°45.1′N,130°45.8′E,13 km,0.5,---
2026/08/03,12:31:14.1,福島県沖,37°51.4′N,141°34.4′E,48 km,1.1,---
2026/08/03,12:32:10.1,熊本県天草・芦北地方,32°22.4′N,130°27.5′E,3 km,不明,---
2026/08/03,12:32:34.5,熊本県熊本地方,32°39.5′N,130°41.2′E,15 km,1.0,---
2026/08/03,12:32:55.0,熊本県天草・芦北地方,32°25.4′N,130°31.5′E,2 km,0.9,---
2026/08/03,12:33:06.4,熊本県熊本地方,32°32.5′N,130°40.1′E,0 km,不明,---
2026/08/03,12:33:30.1,秋田県内陸北部,39°58.2′N,140°33.9′E,13 km,0.5,---
2026/08/03,12:33:42.4,熊本県熊本地方,32°28.1′N,130°35.0′E,5 km,0.5,---
2026/08/03,12:34:27.9,熊本県天草・芦北地方,32°22.2′N,130°28.6′E,0 km,0.3,---
2026/08/03,12:36:53.6,熊本県天草・芦北地方,32°30.3′N,130°33.4′E,9 km,0.5,---
2026/08/03,12:37:00.0,奄美大島近海,27°21.7′N,129°20.0′E,51 km,1.3,---
2026/08/03,12:37:14.2,熊本県天草・芦北地方,32°28.4′N,130°30.3′E,10 km,-0.1,---
2026/08/03,12:37:41.4,熊本県天草・芦北地方,32°19.6′N,130°29.3′E,6 km,0.6,---
2026/08/03,12:38:15.2,熊本県熊本地方,32°29.2′N,130°34.2′E,8 km,0.2,---
2026/08/03,12:38:16.7,福島県沖,37°05.2′N,141°25.3′E,35 km,1.4,---
2026/08/03,12:38:54.8,愛知県西部,35°07.2′N,137°20.9′E,41 km,0.5,---
2026/08/03,12:38:56.8,熊本県天草・芦北地方,32°25.0′N,130°30.9′E,9 km,0.6,---
2026/08/03,12:39:15.9,熊本県天草・芦北地方,32°27.7′N,130°32.4′E,9 km,0.3,---
2026/08/03,12:40:27.7,熊本県天草・芦北地方,32°21.9′N,130°28.4′E,0 km,0.1,---
2026/08/03,12:40:45.4,熊本県熊本地方,32°31.1′N,130°36.5′E,8 km,0.7,---
2026/08/03,12:41:35.9,奄美大島近海,28°22.4′N,129°27.3′E,16 km,0.5,---
2026/08/03,12:41:52.6,熊本県天草・芦北地方,32°25.1′N,130°30.7′E,7 km,0.4,---
2026/08/03,12:42:17.7,熊本県熊本地方,32°48.9′N,130°50.3′E,9 km,0.1,---
2026/08/03,12:42:28.8,熊本県天草・芦北地方,32°27.0′N,130°28.5′E,5 km,0.8,---
2026/08/03,12:43:01.1,石垣島近海,23°35.6′N,124°31.8′E,22 km,不明,---
2026/08/03,12:45:13.8,熊本県天草・芦北地方,32°23.3′N,130°28.9′E,9 km,0.7,---
2026/08/03,12:45:32.9,和歌山県北部,34°03.9′N,135°16.7′E,9 km,-0.5,---
2026/08/03,12:47:50.6,福島県沖,37°51.6′N,141°41.0′E,56 km,0.9,---
2026/08/03,12:48:28.4,熊本県天草・芦北地方,32°19.4′N,130°28.9′E,6 km,0.5,---
2026/08/03,12:48:47.5,熊本県熊本地方,32°37.1′N,130°42.2′E,17 km,0.2,---
2026/08/03,12:49:32.9,熊本県熊本地方,32°40.5′N,130°40.3′E,17 km,0.3,---
2026/08/03,12:50:23.7,熊本県天草・芦北地方,32°11.4′N,130°21.6′E,4 km,-0.2,---
2026/08/03,12:50:41.1,熊本県天草・芦北地方,32°28.4′N,130°30.6′E,0 km,0.4,---
2026/08/03,12:51:55.4,熊本県熊本地方,32°39.4′N,130°42.2′E,14 km,0.8,---
2026/08/03,12:52:44.2,熊本県天草・芦北地方,32°19.2′N,130°28.6′E,3 km,0.7,---
2026/08/03,12:54:28.2,熊本県熊本地方,32°30.9′N,130°35.1′E,0 km,0.0,---
2026/08/03,12:55:46.4,熊本県天草・芦北地方,32°30.5′N,130°31.9′E,10 km,0.6,---
2026/08/03,12:56:02.3,山口県中部,34°24.7′N,131°35.3′E,30 km,-0.1,---
2026/08/03,12:56:34.9,三陸沖,39°36.3′N,143°26.3′E,14 km,2.3,---
2026/08/03,12:57:04.5,熊本県天草・芦北地方,32°23.5′N,130°28.1′E,8 km,0.3,---
2026/08/03,12:57:42.4,沖縄本島北西沖,28°02.2′N,127°57.4′E,13 km,2.4,---
2026/08/03,12:58:15.7,熊本県熊本地方,32°38.3′N,130°44.5′E,10 km,0.3,---
2026/08/03,12:58:34.6,福島県沖,37°49.7′N,141°36.8′E,46 km,1.1,---
2026/08/03,12:58:54.0,熊本県熊本地方,32°42.1′N,130°46.0′E,8 km,0.9,---
2026/08/03,13:00:00.0,熊本県天草・芦北地方,32°14.4′N,130°25.9′E,9 km,0.0,---
2026/08/03,13:01:24.7,熊本県天草・芦北地方,32°27.4′N,130°33.5′E,0 km,0.6,---
2026/08/03,13:01:58.1,上川地方北部,44°25.8′N,142°05.9′E,225 km,3.6,---
2026/08/03,13:03:41.7,熊本県熊本地方,32°33.5′N,130°38.7′E,4 km,0.8,---
2026/08/03,13:04:12.9,熊本県天草・芦北地方,32°25.3′N,130°31.6′E,2 km,0.9,---
2026/08/03,13:04:46.8,天草灘,31°58.2′N,129°48.1′E,4 km,0.8,---
2026/08/03,13:05:40.9,熊本県熊本地方,32°32.0′N,130°36.5′E,13 km,0.5,---
2026/08/03,13:06:41.2,熊本県天草・芦北地方,32°18.4′N,130°25.6′E,9 km,0.2,---
2026/08/03,13:07:10.6,熊本県熊本地方,32°39.3′N,130°42.7′E,13 km,0.4,---
2026/08/03,13:07:59.9,長崎県南西部,32°56.4′N,129°52.9′E,5 km,0.3,---
2026/08/03,13:08:22.4,三陸沖,39°02.3′N,144°40.0′E,10 km,1.5,---
2026/08/03,13:10:19.7,熊本県天草・芦北地方,32°27.7′N,130°31.6′E,0 km,0.4,---
2026/08/03,13:10:56.9,熊本県天草・芦北地方,32°26.7′N,130°33.5′E,9 km,0.2,---
2026/08/03,13:11:17.9,熊本県天草・芦北地方,32°26.8′N,130°33.7′E,5 km,0.9,---
2026/08/03,13:12:56.6,熊本県天草・芦北地方,32°23.8′N,130°27.8′E,10 km,0.8,---
2026/08/03,13:14:09.0,熊本県熊本地方,32°34.3′N,130°36.8′E,13 km,0.6,---
2026/08/03,13:14:15.7,鳥島近海,31°41.6′N,138°33.7′E,399 km,3.5,---
2026/08/03,13:16:23.0,熊本県熊本地方,32°41.3′N,130°45.3′E,9 km,0.3,---
2026/08/03,13:17:04.0,神奈川県西部,35°34.0′N,139°22.4′E,24 km,1.1,---
2026/08/03,13:17:32.6,熊本県天草・芦北地方,32°25.3′N,130°29.2′E,9 km,0.4,---
2026/08/03,13:18:02.5,和歌山県北部,34°03.7′N,135°10.6′E,3 km,-0.4,---
2026/08/03,13:18:11.6,福島県沖,36°48.3′N,142°01.2′E,13 km,1.0,---
2026/08/03,13:18:35.3,熊本県天草・芦北地方,32°30.7′N,130°32.9′E,14 km,0.4,---
2026/08/03,13:19:24.9,長野県南部,35°55.9′N,138°04.1′E,3 km,-0.2,---
2026/08/03,13:19:32.1,熊本県天草・芦北地方,32°32.4′N,130°33.0′E,5 km,0.6,---
2026/08/03,13:21:18.2,熊本県熊本地方,32°30.4′N,130°35.3′E,13 km,0.2,---
2026/08/03,13:23:38.5,熊本県天草・芦北地方,32°27.3′N,130°32.4′E,7 km,0.4,---
2026/08/03,13:23:46.5,熊本県熊本地方,32°38.0′N,130°40.4′E,14 km,1.1,---
2026/08/03,13:23:52.1,愛知県東部,35°02.2′N,137°39.8′E,14 km,0.0,---
2026/08/03,13:24:54.5,熊本県天草・芦北地方,32°25.8′N,130°29.6′E,7 km,0.7,---
2026/08/03,13:25:24.0,岩手県沖,39°01.0′N,142°11.6′E,46 km,2.6,---
2026/08/03,13:25:56.7,奄美大島近海,28°43.3′N,129°32.5′E,0 km,2.7,---
2026/08/03,13:26:40.7,熊本県熊本地方,32°38.7′N,130°42.7′E,13 km,0.0,---
2026/08/03,13:29:03.1,山口県中部,34°24.6′N,131°35.7′E,30 km,0.0,---
2026/08/03,13:29:06.2,京都府沖,36°43.5′N,134°54.6′E,373 km,3.1,---
2026/08/03,13:30:29.3,熊本県熊本地方,32°34.5′N,130°39.4′E,4 km,1.3,---
2026/08/03,13:31:04.6,熊本県熊本地方,32°29.9′N,130°33.8′E,10 km,0.3,---
2026/08/03,13:32:55.2,熊本県天草・芦北地方,32°24.6′N,130°30.6′E,8 km,3.8,---
2026/08/03,13:34:59.6,熊本県天草・芦北地方,32°24.4′N,130°30.2′E,1 km,0.7,---
2026/08/03,13:35:47.9,長野県中部,36°14.3′N,137°54.3′E,10 km,1.1,---
2026/08/03,13:36:15.2,神奈川県西部,35°34.1′N,139°22.8′E,25 km,0.7,---
2026/08/03,13:36:37.3,熊本県熊本地方,32°33.5′N,130°38.5′E,11 km,1.1,---
2026/08/03,13:36:41.8,熊本県天草・芦北地方,32°24.5′N,130°30.4′E,4 km,不明,---
2026/08/03,13:38:39.0,熊本県天草・芦北地方,32°28.0′N,130°30.2′E,9 km,0.5,---
2026/08/03,13:38:46.2,熊本県熊本地方,32°41.2′N,130°47.2′E,10 km,1.0,---
2026/08/03,13:39:44.2,熊本県天草・芦北地方,32°24.1′N,130°30.3′E,7 km,0.4,---
2026/08/03,13:40:23.0,熊本県天草・芦北地方,32°25.0′N,130°30.8′E,9 km,0.5,---
2026/08/03,13:42:08.0,熊本県熊本地方,32°31.6′N,130°34.9′E,7 km,0.8,---
2026/08/03,13:42:22.4,熊本県天草・芦北地方,32°24.8′N,130°30.5′E,5 km,1.3,---
2026/08/03,13:42:48.0,福島県沖,37°22.0′N,141°56.5′E,33 km,1.0,---
2026/08/03,13:42:53.7,熊本県熊本地方,32°30.9′N,130°34.1′E,12 km,0.2,---
2026/08/03,13:43:34.3,熊本県天草・芦北地方,32°31.3′N,130°32.7′E,11 km,0.3,---
2026/08/03,13:43:42.2,熊本県熊本地方,32°37.2′N,130°38.9′E,14 km,1.2,---
2026/08/03,13:44:20.6,長野県南部,35°46.8′N,137°33.3′E,5 km,0.5,---
2026/08/03,13:45:44.6,熊本県熊本地方,32°38.0′N,130°41.1′E,13 km,1.5,---
2026/08/03,13:46:41.6,熊本県天草・芦北地方,32°30.8′N,130°31.8′E,11 km,0.6,---
2026/08/03,13:47:18.4,熊本県熊本地方,32°40.4′N,130°42.4′E,15 km,0.6,---
2026/08/03,13:48:04.3,熊本県天草・芦北地方,32°28.2′N,130°32.5′E,8 km,0.4,---
2026/08/03,13:50:02.3,熊本県熊本地方,32°40.1′N,130°48.5′E,14 km,0.8,---
2026/08/03,13:51:00.6,熊本県天草・芦北地方,32°24.3′N,130°30.4′E,8 km,0.1,---
2026/08/03,13:51:54.7,三陸沖,40°13.1′N,143°08.0′E,6 km,1.4,---
2026/08/03,13:52:43.6,熊本県天草・芦北地方,32°28.7′N,130°32.7′E,13 km,0.4,---
2026/08/03,13:53:05.1,熊本県天草・芦北地方,32°24.6′N,130°30.4′E,8 km,1.1,---
2026/08/03,13:53:40.7,熊本県熊本地方,32°33.0′N,130°40.0′E,6 km,1.3,---
2026/08/03,13:53:43.3,山口県北部,34°26.1′N,131°26.4′E,15 km,1.1,---
2026/08/03,13:54:24.0,三陸沖,39°53.3′N,143°10.4′E,13 km,0.9,---
2026/08/03,13:54:41.0,熊本県天草・芦北地方,32°24.8′N,130°30.5′E,7 km,1.4,---
2026/08/03,13:55:18.5,熊本県熊本地方,32°30.4′N,130°35.4′E,11 km,2.1,---
2026/08/03,13:58:18.9,伊予灘,33°34.6′N,132°20.1′E,45 km,1.4,---
2026/08/03,13:58:33.5,熊本県天草・芦北地方,32°23.7′N,130°29.7′E,6 km,0.0,---
2026/08/03,14:01:05.7,熊本県天草・芦北地方,32°24.6′N,130°29.8′E,4 km,0.3,---
2026/08/03,14:01:22.3,熊本県熊本地方,32°33.2′N,130°35.4′E,13 km,0.5,---
2026/08/03,14:02:03.6,兵庫県南東部,35°12.4′N,135°04.2′E,16 km,1.6,---
2026/08/03,14:02:31.8,熊本県熊本地方,32°33.1′N,130°37.4′E,14 km,0.4,---
2026/08/03,14:02:47.5,熊本県天草・芦北地方,32°24.6′N,130°30.5′E,5 km,0.9,---
2026/08/03,14:04:49.2,熊本県熊本地方,32°35.3′N,130°42.7′E,11 km,0.4,---
2026/08/03,14:07:30.1,熊本県熊本地方,32°31.7′N,130°36.3′E,4 km,0.1,---
2026/08/03,14:07:58.9,熊本県熊本地方,32°32.3′N,130°36.6′E,13 km,0.4,---
2026/08/03,14:09:41.4,宮崎県南部山沿い,32°03.1′N,131°02.1′E,10 km,0.6,---
2026/08/03,14:09:54.6,熊本県熊本地方,32°31.8′N,130°36.1′E,3 km,0.7,---
2026/08/03,14:10:18.9,熊本県天草・芦北地方,32°28.3′N,130°33.0′E,12 km,0.6,---
2026/08/03,14:10:45.5,熊本県天草・芦北地方,32°29.5′N,130°31.7′E,10 km,0.7,---
2026/08/03,14:13:07.2,熊本県熊本地方,32°41.4′N,130°45.9′E,8 km,0.2,---
2026/08/03,14:14:01.7,熊本県熊本地方,32°39.4′N,130°43.3′E,10 km,0.3,---
2026/08/03,14:15:02.6,熊本県天草・芦北地方,32°25.2′N,130°31.6′E,2 km,0.1,---
2026/08/03,14:15:55.4,石川県能登地方,37°29.6′N,137°11.2′E,13 km,1.4,---
2026/08/03,14:18:33.6,静岡県西部,34°42.0′N,137°44.9′E,30 km,1.2,---
2026/08/03,14:19:05.4,熊本県天草・芦北地方,32°27.2′N,130°33.5′E,9 km,0.9,---
2026/08/03,14:20:22.8,熊本県熊本地方,32°29.0′N,130°33.4′E,9 km,0.4,---
2026/08/03,14:20:48.9,熊本県天草・芦北地方,32°23.9′N,130°27.8′E,10 km,1.4,---
2026/08/03,14:21:43.9,熊本県天草・芦北地方,32°28.7′N,130°31.7′E,8 km,0.6,---
2026/08/03,14:27:28.1,熊本県天草・芦北地方,32°31.1′N,130°33.5′E,12 km,0.2,---
2026/08/03,14:29:13.6,熊本県天草・芦北地方,32°26.0′N,130°28.5′E,8 km,0.8,---
2026/08/03,14:29:48.3,熊本県熊本地方,32°30.9′N,130°34.2′E,13 km,0.5,---
2026/08/03,14:30:16.9,浦河沖,42°01.8′N,142°34.9′E,65 km,3.7,---
2026/08/03,14:30:21.1,熊本県天草・芦北地方,32°24.5′N,130°30.4′E,8 km,0.2,---
2026/08/03,14:32:08.7,十勝地方北部,43°22.5′N,142°44.8′E,10 km,1.1,---
2026/08/03,14:33:39.4,熊本県天草・芦北地方,32°27.5′N,130°29.5′E,11 km,1.2,---
2026/08/03,14:35:20.3,熊本県熊本地方,32°41.4′N,130°44.3′E,11 km,0.6,---
2026/08/03,14:36:19.4,熊本県熊本地方,32°40.0′N,130°44.1′E,11 km,0.1,---
2026/08/03,14:37:47.0,熊本県天草・芦北地方,32°27.7′N,130°33.9′E,0 km,0.8,---
2026/08/03,14:38:59.0,和歌山県南部,33°31.0′N,135°32.4′E,23 km,0.7,---
2026/08/03,14:39:05.1,熊本県熊本地方,32°39.2′N,130°44.6′E,8 km,0.3,---
2026/08/03,14:42:02.1,島根県東部,35°19.1′N,133°12.5′E,9 km,-0.4,---
2026/08/03,14:44:42.0,熊本県熊本地方,32°37.3′N,130°43.7′E,6 km,0.2,---
2026/08/03,14:46:35.0,熊本県天草・芦北地方,32°29.6′N,130°31.4′E,8 km,0.3,---
2026/08/03,14:48:13.8,福島県沖,37°51.1′N,141°37.1′E,50 km,1.3,---
2026/08/03,14:49:45.5,熊本県熊本地方,32°32.3′N,130°36.3′E,13 km,0.9,---
2026/08/03,14:51:17.1,熊本県熊本地方,32°38.1′N,130°44.1′E,9 km,0.7,---
2026/08/03,14:52:41.5,三陸沖,39°21.0′N,142°57.2′E,22 km,2.3,---
2026/08/03,14:54:44.2,福島県会津,37°02.7′N,139°24.9′E,7 km,1.7,---
2026/08/03,14:56:18.6,熊本県天草・芦北地方,32°23.9′N,130°29.9′E,5 km,0.5,---
2026/08/03,14:57:22.5,熊本県天草・芦北地方,32°28.2′N,130°29.8′E,12 km,1.7,---
2026/08/03,14:57:41.1,熊本県熊本地方,32°29.3′N,130°34.2′E,9 km,1.2,---
2026/08/03,14:58:06.2,熊本県天草・芦北地方,32°18.4′N,130°26.2′E,10 km,0.1,---
2026/08/03,14:58:17.0,熊本県天草・芦北地方,32°30.2′N,130°31.4′E,12 km,0.5,---
2026/08/03,14:59:37.6,熊本県熊本地方,32°37.7′N,130°43.4′E,6 km,0.8,---
2026/08/03,15:00:00.2,福島県沖,37°41.9′N,142°22.0′E,29 km,1.6,---
2026/08/03,15:00:40.7,福島県会津,37°02.7′N,139°24.7′E,7 km,2.9,---
2026/08/03,15:01:06.9,熊本県天草・芦北地方,32°30.0′N,130°31.1′E,13 km,0.3,---
2026/08/03,15:01:46.3,日向灘,31°59.0′N,132°01.3′E,19 km,2.5,---
2026/08/03,15:02:05.7,熊本県熊本地方,32°32.3′N,130°35.3′E,12 km,1.3,---
2026/08/03,15:03:25.4,熊本県天草・芦北地方,32°29.3′N,130°32.4′E,7 km,0.3,---
2026/08/03,15:03:38.9,兵庫県南東部,35°12.2′N,135°04.3′E,17 km,0.5,---
2026/08/03,15:04:11.4,熊本県熊本地方,32°33.3′N,130°36.4′E,11 km,0.8,---
2026/08/03,15:05:14.5,熊本県熊本地方,32°41.0′N,130°44.2′E,12 km,2.1,---
2026/08/03,15:05:37.7,熊本県熊本地方,32°33.9′N,130°39.8′E,6 km,1.6,---
2026/08/03,15:05:54.3,熊本県熊本地方,32°44.7′N,130°47.8′E,7 km,1.7,---
2026/08/03,15:06:38.6,熊本県熊本地方,32°29.9′N,130°40.5′E,11 km,0.8,---
2026/08/03,15:06:43.7,熊本県熊本地方,32°29.7′N,130°34.7′E,12 km,1.2,---
2026/08/03,15:09:09.3,熊本県熊本地方,32°44.7′N,130°47.6′E,7 km,1.9,---
2026/08/03,15:09:24.7,茨城県南部,36°06.6′N,140°13.1′E,46 km,1.9,---
2026/08/03,15:10:49.0,福島県沖,37°32.1′N,141°34.6′E,46 km,1.0,---
2026/08/03,15:11:15.2,熊本県天草・芦北地方,32°26.6′N,130°29.6′E,9 km,0.1,---
2026/08/03,15:12:21.7,熊本県熊本地方,32°32.1′N,130°36.0′E,8 km,0.7,---
2026/08/03,15:13:34.1,岐阜県飛騨地方,36°21.4′N,137°10.8′E,11 km,0.2,---
2026/08/03,15:13:40.4,岐阜県飛騨地方,36°21.4′N,137°10.7′E,11 km,0.6,---
2026/08/03,15:14:08.3,福島県会津,37°02.7′N,139°24.6′E,8 km,0.3,---
2026/08/03,15:14:45.7,釧路地方中南部,43°20.5′N,144°41.4′E,139 km,1.9,---
2026/08/03,15:14:47.2,熊本県熊本地方,32°30.9′N,130°34.7′E,11 km,0.3,---
2026/08/03,15:15:23.3,熊本県熊本地方,32°36.4′N,130°43.6′E,5 km,0.8,---
2026/08/03,15:16:18.6,熊本県天草・芦北地方,32°30.4′N,130°31.7′E,11 km,0.3,---
2026/08/03,15:16:38.9,熊本県熊本地方,32°31.8′N,130°36.0′E,6 km,0.8,---
2026/08/03,15:17:54.9,熊本県熊本地方,32°37.9′N,130°44.2′E,9 km,0.9,---
2026/08/03,15:18:18.2,福島県中通り,36°56.7′N,140°25.7′E,105 km,1.3,---
2026/08/03,15:18:36.2,熊本県熊本地方,32°33.5′N,130°36.7′E,15 km,0.7,---
2026/08/03,15:19:58.7,熊本県天草・芦北地方,32°25.3′N,130°30.4′E,9 km,0.3,---
2026/08/03,15:20:41.1,和歌山県北部,34°14.6′N,135°26.0′E,7 km,1.5,---
2026/08/03,15:20:59.4,熊本県天草・芦北地方,32°28.5′N,130°33.5′E,10 km,0.4,---
2026/08/03,15:21:49.1,和歌山県南部,33°43.5′N,135°47.2′E,23 km,0.2,---
2026/08/03,15:23:06.4,福島県沖,37°49.6′N,141°36.9′E,46 km,0.9,---
2026/08/03,15:23:24.9,熊本県天草・芦北地方,32°17.5′N,130°25.3′E,0 km,0.2,---
2026/08/03,15:24:35.3,熊本県熊本地方,32°29.0′N,130°33.9′E,10 km,0.3,---
2026/08/03,15:25:40.8,紀伊水道,33°49.0′N,134°53.4′E,16 km,0.4,---
2026/08/03,15:25:53.0,熊本県天草・芦北地方,32°23.9′N,130°29.7′E,8 km,0.4,---
2026/08/03,15:25:59.7,熊本県天草・芦北地方,32°28.6′N,130°31.2′E,12 km,0.9,---
2026/08/03,15:27:16.3,熊本県熊本地方,32°33.4′N,130°37.4′E,12 km,2.2,---
2026/08/03,15:29:40.1,熊本県天草・芦北地方,32°30.7′N,130°33.5′E,11 km,0.4,---
2026/08/03,15:30:31.6,熊本県天草・芦北地方,32°27.4′N,130°30.8′E,13 km,0.6,---
2026/08/03,15:31:27.5,熊本県天草・芦北地方,32°30.0′N,130°31.5′E,9 km,0.7,---
2026/08/03,15:32:04.6,福島県沖,37°51.5′N,141°37.5′E,48 km,0.7,---
2026/08/03,15:32:39.7,熊本県天草・芦北地方,32°23.7′N,130°30.1′E,12 km,0.4,---
2026/08/03,15:33:59.6,天草灘,32°25.9′N,129°54.0′E,15 km,0.0,---
2026/08/03,15:34:39.2,熊本県天草・芦北地方,32°25.2′N,130°29.5′E,8 km,0.7,---
2026/08/03,15:35:47.0,熊本県天草・芦北地方,32°11.5′N,130°21.2′E,4 km,0.5,---
2026/08/03,15:36:40.5,熊本県熊本地方,32°29.8′N,130°37.4′E,11 km,0.4,---
2026/08/03,15:37:55.3,千葉県南東沖,34°50.2′N,140°20.2′E,61 km,1.4,---
2026/08/03,15:38:15.3,宮城県北部,38°56.0′N,140°52.0′E,7 km,0.4,---
2026/08/03,15:40:49.3,熊本県天草・芦北地方,32°24.7′N,130°30.6′E,8 km,0.3,---
2026/08/03,15:42:05.5,日向灘,32°32.8′N,132°00.2′E,34 km,0.7,---
2026/08/03,15:44:39.3,熊本県熊本地方,32°38.4′N,130°43.2′E,8 km,0.2,---
2026/08/03,15:46:03.1,熊本県天草・芦北地方,32°29.8′N,130°31.9′E,13 km,-0.1,---
2026/08/03,15:46:29.3,熊本県天草・芦北地方,32°30.3′N,130°31.2′E,10 km,0.1,---
2026/08/03,15:47:06.7,熊本県熊本地方,32°40.2′N,130°43.0′E,13 km,0.2,---
2026/08/03,15:47:13.1,熊本県熊本地方,32°37.8′N,130°42.4′E,11 km,0.6,---
2026/08/03,15:49:17.8,熊本県天草・芦北地方,32°22.5′N,130°33.3′E,6 km,0.5,---
2026/08/03,15:49:42.6,熊本県天草・芦北地方,32°21.7′N,130°37.1′E,3 km,0.7,---
2026/08/03,15:50:13.1,熊本県熊本地方,32°44.5′N,130°47.9′E,8 km,0.2,---
2026/08/03,15:51:44.0,熊本県天草・芦北地方,32°28.8′N,130°31.7′E,12 km,0.6,---
2026/08/03,15:52:34.2,岩手県沖,40°17.8′N,142°20.5′E,18 km,1.9,---
2026/08/03,15:52:38.2,和歌山県北部,34°08.1′N,135°33.2′E,60 km,0.5,---
2026/08/03,15:54:20.7,三陸沖,40°08.7′N,143°13.1′E,4 km,1.4,---
2026/08/03,15:55:41.0,奄美大島北東沖,29°19.1′N,130°05.6′E,44 km,1.4,---
2026/08/03,15:55:50.1,熊本県熊本地方,32°30.3′N,130°34.2′E,8 km,0.0,---
2026/08/03,15:56:57.9,熊本県天草・芦北地方,32°24.0′N,130°30.1′E,6 km,0.1,---
2026/08/03,15:57:52.2,奄美大島北東沖,29°19.2′N,130°03.4′E,49 km,3.3,---
2026/08/03,16:01:29.8,熊本県熊本地方,32°28.8′N,130°35.9′E,6 km,0.9,---
2026/08/03,16:02:03.1,熊本県熊本地方,32°32.9′N,130°37.1′E,13 km,0.4,---
2026/08/03,16:02:20.9,網走沖,44°07.1′N,144°36.1′E,145 km,1.5,---
2026/08/03,16:03:05.6,熊本県天草・芦北地方,32°25.2′N,130°30.8′E,6 km,0.6,---
2026/08/03,16:04:53.5,熊本県天草・芦北地方,32°30.9′N,130°32.0′E,11 km,0.8,---
2026/08/03,16:05:39.4,熊本県熊本地方,32°37.6′N,130°43.1′E,5 km,0.3,---
2026/08/03,16:05:46.2,熊本県熊本地方,32°32.9′N,130°36.6′E,12 km,1.2,---
2026/08/03,16:06:44.9,熊本県熊本地方,32°33.7′N,130°38.0′E,14 km,0.7,---
2026/08/03,16:07:14.3,熊本県天草・芦北地方,32°14.7′N,130°30.6′E,1 km,-0.1,---
2026/08/03,16:07:51.7,熊本県熊本地方,32°37.5′N,130°41.1′E,16 km,0.7,---
2026/08/03,16:07:55.1,三陸沖,40°08.9′N,143°13.5′E,3 km,1.4,---
2026/08/03,16:09:01.4,熊本県天草・芦北地方,32°28.0′N,130°30.1′E,9 km,0.6,---
2026/08/03,16:10:03.4,長野県南部,35°49.8′N,137°21.9′E,5 km,0.1,---
2026/08/03,16:10:38.5,熊本県熊本地方,32°38.5′N,130°43.6′E,9 km,1.1,---
2026/08/03,16:11:14.1,熊本県熊本地方,32°43.4′N,130°47.5′E,2 km,0.5,---
2026/08/03,16:11:43.8,熊本県熊本地方,32°39.3′N,130°42.0′E,14 km,0.9,---
2026/08/03,16:12:31.7,熊本県天草・芦北地方,32°23.5′N,130°29.1′E,0 km,0.1,---
2026/08/03,16:13:03.1,熊本県天草・芦北地方,32°28.5′N,130°31.3′E,12 km,1.7,---
2026/08/03,16:15:12.5,熊本県熊本地方,32°36.1′N,130°39.9′E,8 km,0.3,---
2026/08/03,16:17:14.4,熊本県熊本地方,32°34.9′N,130°39.7′E,9 km,0.3,---
2026/08/03,16:18:15.9,熊本県熊本地方,32°38.4′N,130°42.7′E,9 km,0.0,---
2026/08/03,16:18:42.0,熊本県天草・芦北地方,32°28.8′N,130°33.1′E,12 km,0.1,---
2026/08/03,16:20:34.0,熊本県天草・芦北地方,32°30.1′N,130°31.6′E,10 km,0.9,---
2026/08/03,16:22:54.3,三陸沖,37°51.2′N,144°13.5′E,24 km,1.3,---
2026/08/03,16:24:49.5,熊本県熊本地方,32°47.4′N,130°47.9′E,10 km,3.0,---
2026/08/03,16:25:01.2,岩手県沖,39°14.5′N,142°20.5′E,27 km,0.8,---
2026/08/03,16:26:29.4,石川県能登地方,37°29.7′N,137°11.1′E,12 km,1.3,---
2026/08/03,16:26:57.2,熊本県熊本地方,32°32.7′N,130°36.5′E,14 km,0.3,---
2026/08/03,16:29:57.7,熊本県天草・芦北地方,32°23.6′N,130°29.2′E,0 km,0.4,---
2026/08/03,16:31:31.2,熊本県熊本地方,32°39.0′N,130°41.8′E,15 km,0.1,---
2026/08/03,16:31:51.9,熊本県天草・芦北地方,32°30.2′N,130°28.1′E,8 km,不明,---
2026/08/03,16:32:41.3,熊本県熊本地方,32°43.1′N,130°47.2′E,8 km,0.1,---
2026/08/03,16:36:09.2,熊本県熊本地方,32°33.2′N,130°40.9′E,7 km,0.0,---
2026/08/03,16:37:41.1,熊本県熊本地方,32°30.8′N,130°40.5′E,11 km,0.2,---
2026/08/03,16:38:09.7,熊本県天草・芦北地方,32°29.2′N,130°31.1′E,12 km,0.1,---
2026/08/03,16:38:13.7,熊本県熊本地方,32°39.2′N,130°44.8′E,5 km,1.2,---
2026/08/03,16:38:45.9,三陸沖,39°54.9′N,144°49.6′E,29 km,1.4,---
2026/08/03,16:40:36.9,和歌山県北部,33°54.4′N,135°12.2′E,9 km,1.2,---
2026/08/03,16:40:50.2,熊本県熊本地方,32°38.6′N,130°44.2′E,10 km,0.5,---
2026/08/03,16:41:08.2,熊本県熊本地方,32°40.8′N,130°43.8′E,12 km,0.2,---
2026/08/03,16:41:27.8,熊本県天草・芦北地方,32°25.3′N,130°29.1′E,9 km,0.6,---
2026/08/03,16:42:12.4,山梨県東部・富士五湖,35°41.4′N,139°02.3′E,129 km,1.5,---
2026/08/03,16:42:32.7,熊本県熊本地方,32°33.3′N,130°41.5′E,10 km,0.1,---
2026/08/03,16:42:54.1,三重県南東沖,33°51.3′N,136°54.3′E,14 km,1.5,---
2026/08/03,16:43:03.1,熊本県熊本地方,32°31.1′N,130°37.1′E,10 km,0.2,---
2026/08/03,16:43:10.2,熊本県熊本地方,32°29.8′N,130°34.4′E,11 km,1.1,---
2026/08/03,16:44:15.6,熊本県天草・芦北地方,32°26.3′N,130°32.3′E,4 km,0.6,---
2026/08/03,16:47:52.3,沖縄本島近海,27°26.3′N,128°42.2′E,39 km,0.9,---
2026/08/03,16:47:56.4,福島県沖,37°14.5′N,141°49.8′E,45 km,0.8,---
2026/08/03,16:50:13.1,熊本県熊本地方,32°33.7′N,130°37.2′E,11 km,0.8,---
2026/08/03,16:50:48.5,熊本県天草・芦北地方,32°28.3′N,130°30.9′E,11 km,0.1,---
2026/08/03,16:51:46.9,熊本県熊本地方,32°29.5′N,130°34.8′E,12 km,0.4,---
2026/08/03,16:52:03.9,日向灘,32°19.7′N,131°55.2′E,32 km,0.7,---
2026/08/03,16:52:21.9,熊本県球磨地方,32°16.6′N,130°45.3′E,10 km,0.4,---
2026/08/03,16:52:44.3,熊本県天草・芦北地方,32°27.9′N,130°33.3′E,3 km,0.0,---
2026/08/03,16:53:05.0,茨城県沖,36°33.8′N,141°47.6′E,10 km,1.4,---
2026/08/03,16:54:14.5,熊本県熊本地方,32°32.0′N,130°36.3′E,12 km,1.6,---
2026/08/03,16:55:31.3,石垣島近海,23°05.5′N,125°17.5′E,46 km,不明,---
2026/08/03,16:56:58.7,熊本県天草・芦北地方,32°23.9′N,130°26.6′E,0 km,0.4,---
2026/08/03,16:57:44.6,青森県三八上北地方,40°29.9′N,141°38.0′E,94 km,0.9,---
2026/08/03,16:58:30.1,大分県中部,33°15.4′N,131°20.0′E,11 km,0.8,---
2026/08/03,16:58:42.6,熊本県天草・芦北地方,32°25.3′N,130°29.8′E,8 km,0.0,---
2026/08/03,16:58:47.1,熊本県熊本地方,32°32.9′N,130°36.4′E,13 km,0.7,---
2026/08/03,16:59:17.6,熊本県熊本地方,32°32.7′N,130°38.5′E,7 km,0.3,---
2026/08/03,17:01:26.2,熊本県天草・芦北地方,32°28.2′N,130°34.0′E,14 km,0.4,---
2026/08/03,17:02:00.5,奄美大島近海,28°23.7′N,129°35.2′E,15 km,不明,---
2026/08/03,17:02:10.4,熊本県天草・芦北地方,32°37.4′N,130°39.6′E,15 km,1.9,---
2026/08/03,17:03:06.1,関東東方沖,36°35.9′N,143°16.3′E,22 km,1.5,---
2026/08/03,17:03:40.4,熊本県熊本地方,32°32.4′N,130°35.7′E,12 km,1.0,---
2026/08/03,17:05:19.0,熊本県熊本地方,32°30.4′N,130°36.2′E,8 km,1.4,---
2026/08/03,17:06:53.0,福島県沖,37°19.8′N,142°15.8′E,12 km,1.4,---
2026/08/03,17:07:10.9,熊本県熊本地方,32°39.3′N,130°44.6′E,11 km,1.2,---
2026/08/03,17:09:08.1,熊本県熊本地方,32°33.9′N,130°38.3′E,7 km,0.9,---
2026/08/03,17:10:09.6,日高地方中部,42°23.7′N,142°21.6′E,84 km,不明,---
2026/08/03,17:10:20.0,滋賀県北部,35°12.4′N,136°24.8′E,16 km,0.4,---
2026/08/03,17:11:53.3,熊本県熊本地方,32°30.4′N,130°34.9′E,15 km,0.3,---
2026/08/03,17:13:17.0,熊本県天草・芦北地方,32°24.8′N,130°30.7′E,6 km,0.5,---
2026/08/03,17:13:39.0,熊本県天草・芦北地方,32°24.7′N,130°30.4′E,6 km,0.1,---
2026/08/03,17:14:46.6,熊本県天草・芦北地方,32°26.3′N,130°30.4′E,8 km,1.1,---
2026/08/03,17:16:20.6,熊本県熊本地方,32°36.6′N,130°42.7′E,9 km,0.3,---
2026/08/03,17:16:41.2,奄美大島近海,27°33.1′N,128°55.3′E,8 km,不明,---
2026/08/03,17:18:48.0,熊本県阿蘇地方,32°54.6′N,131°01.3′E,10 km,0.8,---
2026/08/03,17:20:40.9,熊本県熊本地方,32°30.9′N,130°34.2′E,5 km,0.4,---
2026/08/03,17:21:35.0,熊本県熊本地方,32°33.4′N,130°38.3′E,12 km,0.4,---
2026/08/03,17:22:15.3,熊本県天草・芦北地方,32°24.5′N,130°30.3′E,7 km,0.5,---
2026/08/03,17:24:22.9,熊本県天草・芦北地方,32°15.9′N,130°29.8′E,6 km,0.2,---
2026/08/03,17:25:09.8,熊本県天草・芦北地方,32°28.6′N,130°33.8′E,9 km,0.9,---
2026/08/03,17:25:53.4,熊本県熊本地方,32°36.6′N,130°42.4′E,12 km,0.4,---
2026/08/03,17:27:01.6,熊本県熊本地方,32°33.9′N,130°40.6′E,3 km,1.5,---
2026/08/03,17:27:20.0,山口県中部,34°24.3′N,131°36.4′E,32 km,0.4,---
2026/08/03,17:27:46.9,長野県南部,35°49.4′N,137°21.8′E,7 km,0.1,---
2026/08/03,17:28:06.4,熊本県熊本地方,32°30.5′N,130°35.9′E,7 km,1.7,---
2026/08/03,17:29:12.5,静岡県東部,35°20.0′N,138°43.0′E,7 km,0.7,---
2026/08/03,17:29:16.5,熊本県熊本地方,32°29.2′N,130°34.2′E,8 km,1.0,---
2026/08/03,17:31:03.5,熊本県天草・芦北地方,32°16.6′N,130°20.8′E,0 km,-0.1,---
2026/08/03,17:31:23.0,熊本県熊本地方,32°40.5′N,130°44.8′E,11 km,0.0,---
2026/08/03,17:33:46.4,熊本県熊本地方,32°32.3′N,130°38.5′E,4 km,0.4,---
2026/08/03,17:33:47.7,上川地方南部,43°22.2′N,142°20.7′E,11 km,0.7,---
2026/08/03,17:35:14.7,熊本県天草・芦北地方,32°24.6′N,130°29.7′E,8 km,0.7,---
2026/08/03,17:36:03.7,熊本県熊本地方,32°33.5′N,130°37.4′E,11 km,0.3,---
2026/08/03,17:36:24.8,熊本県熊本地方,32°42.6′N,130°45.2′E,13 km,0.3,---
2026/08/03,17:37:23.5,熊本県天草・芦北地方,32°27.5′N,130°32.7′E,4 km,0.0,---
2026/08/03,17:37:38.7,熊本県熊本地方,32°31.5′N,130°35.4′E,14 km,0.8,---
2026/08/03,17:38:00.7,熊本県天草・芦北地方,32°24.5′N,130°30.6′E,5 km,0.8,---
2026/08/03,17:38:26.4,熊本県天草・芦北地方,32°22.9′N,130°28.9′E,8 km,-0.2,---
2026/08/03,17:38:52.9,熊本県熊本地方,32°30.6′N,130°35.2′E,10 km,1.9,---
2026/08/03,17:39:40.4,熊本県天草・芦北地方,32°24.8′N,130°28.1′E,11 km,0.9,---
2026/08/03,17:40:08.4,福島県会津,37°02.8′N,139°25.3′E,7 km,0.2,---
2026/08/03,17:40:53.3,熊本県熊本地方,32°30.7′N,130°35.1′E,10 km,2.2,---
2026/08/03,17:42:30.7,熊本県天草・芦北地方,32°31.3′N,130°33.9′E,15 km,0.5,---
2026/08/03,17:42:32.3,和歌山県北部,34°08.7′N,135°11.4′E,8 km,0.9,---
2026/08/03,17:43:01.8,熊本県天草・芦北地方,32°33.3′N,130°34.8′E,12 km,0.7,---
2026/08/03,17:44:13.6,和歌山県北部,33°53.2′N,135°14.3′E,6 km,0.4,---
2026/08/03,17:47:04.2,熊本県天草・芦北地方,32°30.4′N,130°33.2′E,11 km,0.7,---
2026/08/03,17:48:18.6,熊本県熊本地方,32°38.5′N,130°41.8′E,13 km,0.8,---
2026/08/03,17:50:05.6,熊本県天草・芦北地方,32°28.4′N,130°31.2′E,12 km,0.7,---
2026/08/03,17:50:50.3,熊本県熊本地方,32°30.0′N,130°38.8′E,12 km,0.4,---
2026/08/03,17:51:01.4,島根県東部,35°21.9′N,133°18.2′E,16 km,0.8,---
2026/08/03,17:51:08.8,福島県沖,37°42.7′N,142°26.1′E,22 km,1.1,---
2026/08/03,17:53:23.2,熊本県熊本地方,32°40.0′N,130°43.4′E,9 km,0.4,---
2026/08/03,17:54:15.3,熊本県天草・芦北地方,32°28.6′N,130°32.2′E,11 km,2.6,---
2026/08/03,17:55:01.8,熊本県熊本地方,32°35.9′N,130°42.6′E,12 km,1.0,---
2026/08/03,17:55:16.3,熊本県熊本地方,32°33.5′N,130°36.7′E,14 km,1.0,---
2026/08/03,17:55:45.5,熊本県天草・芦北地方,32°28.0′N,130°32.4′E,0 km,0.7,---
2026/08/03,17:55:45.8,島根県西部,34°58.0′N,132°20.3′E,10 km,0.4,---
2026/08/03,17:56:11.2,熊本県天草・芦北地方,32°28.0′N,130°32.3′E,2 km,0.9,---
2026/08/03,17:57:33.1,岩手県沖,39°38.9′N,142°37.7′E,21 km,1.1,---
2026/08/03,17:59:07.1,熊本県熊本地方,32°30.8′N,130°34.3′E,10 km,0.4,---
2026/08/03,17:59:50.9,岐阜県飛騨地方,36°07.8′N,137°16.8′E,9 km,0.0,---
2026/08/03,18:01:22.0,関東東方沖,34°08.3′N,141°21.0′E,41 km,1.2,---
2026/08/03,18:01:25.9,熊本県天草・芦北地方,32°27.9′N,130°33.4′E,8 km,0.4,---
2026/08/03,18:02:22.3,熊本県熊本地方,32°37.3′N,130°40.2′E,15 km,0.6,---
2026/08/03,18:02:42.8,択捉島付近,44°14.1′N,146°59.7′E,118 km,2.2,---
2026/08/03,18:03:17.1,トカラ列島近海,29°55.1′N,130°01.1′E,8 km,1.8,---
2026/08/03,18:04:11.1,宮城県北部,38°48.7′N,140°43.2′E,4 km,不明,---
2026/08/03,18:05:00.3,熊本県熊本地方,32°29.1′N,130°33.1′E,3 km,1.2,---
2026/08/03,18:07:24.2,熊本県天草・芦北地方,32°27.9′N,130°32.4′E,13 km,0.4,---
2026/08/03,18:07:53.2,熊本県天草・芦北地方,32°25.1′N,130°30.5′E,9 km,0.5,---
2026/08/03,18:09:30.9,茨城県沖,35°54.5′N,140°58.1′E,11 km,2.0,---
2026/08/03,18:10:49.2,熊本県天草・芦北地方,32°11.6′N,130°21.0′E,6 km,1.2,---
2026/08/03,18:11:09.5,茨城県沖,35°53.2′N,140°54.7′E,31 km,1.1,---
2026/08/03,18:11:55.0,熊本県熊本地方,32°32.2′N,130°36.5′E,6 km,0.5,---
2026/08/03,18:12:34.5,熊本県天草・芦北地方,32°30.2′N,130°32.2′E,10 km,0.2,---
2026/08/03,18:13:50.3,宮城県沖,38°52.7′N,142°25.8′E,34 km,1.7,---
2026/08/03,18:13:59.8,大隅半島東方沖,30°49.8′N,131°30.4′E,32 km,1.4,---
2026/08/03,18:15:23.5,熊本県天草・芦北地方,32°38.1′N,130°39.9′E,14 km,0.4,---
2026/08/03,18:16:36.7,和歌山県北部,34°08.7′N,135°08.6′E,6 km,-0.2,---
2026/08/03,18:17:30.3,熊本県天草・芦北地方,32°27.8′N,130°33.7′E,5 km,1.4,---
2026/08/03,18:20:06.5,熊本県熊本地方,32°39.4′N,130°43.3′E,7 km,0.1,---
2026/08/03,18:20:45.2,熊本県熊本地方,32°41.6′N,130°42.6′E,17 km,0.3,---
2026/08/03,18:23:03.6,熊本県天草・芦北地方,32°20.6′N,130°26.1′E,11 km,1.4,---
2026/08/03,18:24:06.1,長野県中部,36°11.1′N,137°40.1′E,4 km,-0.1,---
2026/08/03,18:26:10.8,熊本県天草・芦北地方,32°27.3′N,130°33.0′E,10 km,0.1,---
2026/08/03,18:26:56.7,長野県中部,36°07.0′N,137°38.8′E,7 km,不明,---
2026/08/03,18:29:32.4,熊本県天草・芦北地方,32°30.7′N,130°32.1′E,14 km,0.5,---
2026/08/03,18:33:38.9,サハリン西方沖,46°55.9′N,141°46.7′E,38 km,2.0,---
2026/08/03,18:33:58.0,和歌山県北部,34°03.9′N,135°19.0′E,9 km,不明,---
2026/08/03,18:34:51.6,熊本県熊本地方,32°34.2′N,130°39.8′E,6 km,1.5,---
2026/08/03,18:37:27.5,奄美大島北東沖,29°19.9′N,129°54.9′E,56 km,不明,---
2026/08/03,18:37:45.4,熊本県熊本地方,32°30.9′N,130°34.5′E,14 km,0.5,---
2026/08/03,18:38:13.6,熊本県熊本地方,32°34.2′N,130°38.5′E,7 km,0.6,---
2026/08/03,18:38:41.0,石川県能登地方,37°20.0′N,136°53.0′E,9 km,0.9,---
2026/08/03,18:39:19.0,宮城県沖,38°46.3′N,142°06.6′E,42 km,1.1,---
2026/08/03,18:43:34.8,福井県嶺北,35°56.1′N,136°41.8′E,12 km,1.7,---
2026/08/03,18:44:11.1,福島県沖,37°47.8′N,141°44.4′E,63 km,1.5,---
2026/08/03,18:44:17.1,宮崎県南部山沿い,32°03.4′N,131°02.3′E,9 km,0.4,---
2026/08/03,18:48:30.8,熊本県熊本地方,32°43.8′N,130°47.0′E,10 km,0.9,---
2026/08/03,18:49:43.6,国後島付近,44°02.4′N,145°57.9′E,131 km,2.2,---
2026/08/03,18:50:27.2,和歌山県北部,34°05.0′N,135°18.0′E,9 km,0.7,---
2026/08/03,18:50:33.8,北西太平洋,47°36.9′N,155°18.0′E,30 km,4.5,---
2026/08/03,18:50:34.3,熊本県熊本地方,32°33.9′N,130°37.7′E,12 km,0.2,---
2026/08/03,18:51:58.3,熊本県熊本地方,32°34.2′N,130°36.9′E,12 km,0.7,---
2026/08/03,18:52:24.2,熊本県熊本地方,32°35.9′N,130°42.4′E,8 km,0.3,---
2026/08/03,18:54:38.5,熊本県天草・芦北地方,32°18.5′N,130°27.0′E,10 km,0.7,---
2026/08/03,18:54:56.1,長野県北部,36°35.0′N,137°51.2′E,6 km,-0.6,---
2026/08/03,18:55:27.4,熊本県熊本地方,32°34.8′N,130°39.5′E,6 km,0.8,---
2026/08/03,18:56:13.7,熊本県天草・芦北地方,32°16.0′N,130°29.2′E,4 km,0.7,---
2026/08/03,18:56:38.9,福島県沖,37°22.7′N,141°56.7′E,36 km,1.8,---
2026/08/03,18:58:12.8,熊本県熊本地方,32°31.7′N,130°35.7′E,13 km,1.0,---
2026/08/03,19:02:23.9,熊本県熊本地方,32°41.9′N,130°44.3′E,13 km,1.7,---
2026/08/03,19:02:54.1,石川県能登地方,36°48.3′N,136°50.5′E,10 km,0.5,---
2026/08/03,19:03:06.1,熊本県天草・芦北地方,32°27.2′N,130°33.4′E,9 km,0.4,---
2026/08/03,19:03:20.5,熊本県天草・芦北地方,32°29.4′N,130°32.3′E,11 km,1.3,---
2026/08/03,19:05:58.0,熊本県天草・芦北地方,32°26.2′N,130°30.3′E,10 km,0.1,---
2026/08/03,19:06:12.7,熊本県熊本地方,32°31.5′N,130°36.4′E,9 km,0.9,---
2026/08/03,19:09:57.9,熊本県熊本地方,32°40.3′N,130°44.3′E,12 km,0.1,---
2026/08/03,19:10:02.5,山口県北部,34°25.7′N,131°26.5′E,15 km,0.5,---
2026/08/03,19:10:30.1,熊本県熊本地方,32°30.8′N,130°35.1′E,10 km,0.7,---
2026/08/03,19:12:12.7,熊本県熊本地方,32°40.6′N,130°44.8′E,10 km,0.4,---
2026/08/03,19:12:51.9,薩摩半島西方沖,31°18.5′N,129°56.3′E,10 km,0.6,---
2026/08/03,19:14:13.9,宮城県沖,38°21.5′N,142°17.0′E,33 km,2.2,---
2026/08/03,19:14:28.8,熊本県天草・芦北地方,32°26.9′N,130°31.8′E,7 km,0.7,---
2026/08/03,19:17:02.6,熊本県熊本地方,32°39.8′N,130°42.2′E,13 km,0.3,---
2026/08/03,19:17:16.2,石垣島近海,24°47.2′N,124°05.2′E,0 km,0.7,---
2026/08/03,19:17:55.7,熊本県天草・芦北地方,32°11.8′N,130°21.2′E,3 km,0.1,---
2026/08/03,19:18:12.7,熊本県熊本地方,32°39.2′N,130°43.6′E,5 km,-0.2,---
2026/08/03,19:19:02.4,熊本県天草・芦北地方,32°27.7′N,130°31.5′E,11 km,0.3,---
2026/08/03,19:20:16.2,熊本県天草・芦北地方,32°19.2′N,130°27.8′E,8 km,0.2,---
2026/08/03,19:21:57.8,三陸沖,39°37.5′N,144°00.5′E,47 km,1.6,---
2026/08/03,19:22:08.1,熊本県熊本地方,32°33.0′N,130°35.5′E,14 km,0.2,---
2026/08/03,19:22:42.9,島根県東部,35°19.3′N,133°14.5′E,11 km,0.0,---
2026/08/03,19:23:01.5,岩手県沖,39°10.6′N,142°36.6′E,27 km,1.3,---
2026/08/03,19:23:21.0,十勝地方北部,43°25.4′N,143°05.1′E,5 km,0.8,---
2026/08/03,19:23:41.5,十勝地方北部,43°25.2′N,143°05.5′E,6 km,0.7,---
2026/08/03,19:23:59.5,熊本県熊本地方,32°32.9′N,130°37.3′E,6 km,0.9,---
2026/08/03,19:24:28.2,熊本県天草・芦北地方,32°22.8′N,130°29.7′E,10 km,0.1,---
2026/08/03,19:25:17.8,熊本県熊本地方,32°38.7′N,130°43.5′E,9 km,0.9,---
2026/08/03,19:25:45.8,奄美大島北西沖,29°02.9′N,128°19.7′E,155 km,2.5,---
2026/08/03,19:27:59.1,熊本県熊本地方,32°40.1′N,130°49.6′E,14 km,0.5,---
2026/08/03,19:28:36.8,熊本県天草・芦北地方,32°30.7′N,130°32.3′E,13 km,0.7,---
2026/08/03,19:28:59.7,宮城県沖,38°57.3′N,141°58.9′E,47 km,0.7,---
2026/08/03,19:29:48.2,熊本県熊本地方,32°38.3′N,130°41.7′E,13 km,0.9,---
2026/08/03,19:31:38.3,熊本県天草・芦北地方,32°24.6′N,130°30.6′E,9 km,2.1,---
2026/08/03,19:34:39.7,熊本県熊本地方,32°31.2′N,130°35.8′E,15 km,1.1,---
2026/08/03,19:35:14.4,日向灘,31°56.9′N,132°00.6′E,17 km,1.0,---
2026/08/03,19:35:38.3,熊本県天草・芦北地方,32°28.5′N,130°34.1′E,12 km,0.1,---
2026/08/03,19:36:17.1,熊本県熊本地方,32°44.8′N,130°46.7′E,9 km,0.2,---
2026/08/03,19:36:52.4,熊本県天草・芦北地方,32°25.8′N,130°31.8′E,3 km,0.4,---
2026/08/03,19:36:52.5,関東東方沖,34°14.6′N,141°39.1′E,10 km,2.2,---
2026/08/03,19:36:55.6,岡山県北部,35°10.4′N,134°15.9′E,14 km,0.4,---
2026/08/03,19:37:18.4,三陸沖,40°05.4′N,143°17.0′E,13 km,1.3,---
2026/08/03,19:40:42.5,十勝地方北部,43°22.8′N,142°45.0′E,10 km,0.4,---
2026/08/03,19:41:14.3,宮城県沖,38°57.0′N,141°58.6′E,46 km,0.8,---
2026/08/03,19:41:39.0,鹿児島県薩摩地方,31°56.5′N,130°15.4′E,7 km,0.2,---
2026/08/03,19:43:44.8,熊本県熊本地方,32°34.2′N,130°39.5′E,3 km,0.8,---
2026/08/03,19:45:33.4,岩手県沖,40°15.7′N,142°25.6′E,19 km,1.7,---
2026/08/03,19:46:41.0,熊本県熊本地方,32°41.2′N,130°46.9′E,10 km,0.8,---
2026/08/03,19:47:07.5,岩手県沖,40°15.9′N,142°27.0′E,14 km,不明,---
2026/08/03,19:47:32.0,熊本県熊本地方,32°30.9′N,130°34.3′E,11 km,0.4,---
2026/08/03,19:47:34.7,岡山県北部,35°10.4′N,134°15.8′E,12 km,0.5,---
2026/08/03,19:47:38.6,播磨灘,34°41.9′N,134°42.7′E,10 km,0.4,---
2026/08/03,19:56:52.0,長野県中部,36°06.1′N,137°38.3′E,9 km,0.9,---
2026/08/03,19:56:53.0,奄美大島北東沖,29°10.5′N,130°25.6′E,25 km,1.8,---
2026/08/03,19:57:22.6,熊本県天草・芦北地方,32°24.5′N,130°28.2′E,8 km,0.2,---
2026/08/03,19:59:16.0,熊本県天草・芦北地方,32°27.1′N,130°29.4′E,3 km,1.0,---
2026/08/03,19:59:43.6,熊本県天草・芦北地方,32°11.7′N,130°24.1′E,3 km,0.1,---
2026/08/03,19:59:43.8,宮城県沖,38°33.8′N,141°43.0′E,51 km,1.1,---
2026/08/03,20:00:25.9,茨城県南部,36°07.1′N,139°54.4′E,44 km,1.7,---
2026/08/03,20:01:07.0,熊本県熊本地方,32°32.1′N,130°36.0′E,6 km,0.7,---
2026/08/03,20:01:29.9,宮城県沖,37°54.1′N,141°39.7′E,50 km,1.0,---
2026/08/03,20:01:36.4,岩手県沖,40°04.8′N,142°42.5′E,27 km,1.1,---
2026/08/03,20:01:52.2,熊本県熊本地方,32°37.4′N,130°42.5′E,5 km,0.4,---
2026/08/03,20:03:25.1,熊本県天草・芦北地方,32°23.3′N,130°29.4′E,8 km,0.4,---
2026/08/03,20:04:01.1,熊本県熊本地方,32°30.5′N,130°35.3′E,11 km,1.1,---
2026/08/03,20:04:10.3,岩手県沖,39°54.9′N,142°27.9′E,33 km,1.2,---
2026/08/03,20:04:51.4,熊本県熊本地方,32°33.7′N,130°40.5′E,3 km,0.6,---
2026/08/03,20:05:53.7,熊本県熊本地方,32°45.9′N,130°39.7′E,12 km,0.4,---
2026/08/03,20:07:04.8,熊本県熊本地方,32°37.4′N,130°43.7′E,7 km,0.3,---
2026/08/03,20:07:27.2,熊本県天草・芦北地方,32°28.8′N,130°33.4′E,8 km,0.2,---
2026/08/03,20:08:06.9,熊本県天草・芦北地方,32°24.9′N,130°29.0′E,8 km,0.6,---
2026/08/03,20:08:46.2,和歌山県北部,33°52.0′N,135°22.9′E,44 km,1.3,---
2026/08/03,20:09:44.2,熊本県熊本地方,32°39.5′N,130°40.5′E,17 km,0.8,---
2026/08/03,20:09:56.2,日向灘,31°55.8′N,132°01.7′E,15 km,1.0,---
2026/08/03,20:10:16.9,熊本県天草・芦北地方,32°22.9′N,130°25.7′E,15 km,2.9,---
2026/08/03,20:10:57.2,三重県南部,34°14.5′N,136°11.3′E,37 km,0.3,---
2026/08/03,20:11:22.9,能登半島沖,37°33.1′N,137°14.7′E,11 km,1.4,---
2026/08/03,20:11:35.5,愛知県西部,34°55.3′N,137°21.3′E,37 km,1.3,---
2026/08/03,20:12:35.1,茨城県南部,36°07.3′N,139°54.3′E,44 km,1.4,---
2026/08/03,20:13:14.8,十勝地方北部,43°22.7′N,142°45.2′E,10 km,0.1,---
2026/08/03,20:13:21.8,熊本県天草・芦北地方,32°23.8′N,130°26.6′E,16 km,0.1,---
2026/08/03,20:15:02.0,岐阜県美濃中西部,35°26.3′N,136°32.0′E,9 km,0.6,---
2026/08/03,20:15:03.4,三陸沖,39°43.2′N,143°26.1′E,12 km,1.3,---
2026/08/03,20:15:36.7,熊本県天草・芦北地方,32°26.1′N,130°32.8′E,13 km,0.4,---
2026/08/03,20:16:46.3,岐阜県飛騨地方,36°24.2′N,137°20.4′E,14 km,0.0,---
2026/08/03,20:17:42.4,熊本県天草・芦北地方,32°33.3′N,130°33.2′E,11 km,0.2,---
2026/08/03,20:18:53.2,熊本県熊本地方,32°33.7′N,130°38.0′E,14 km,1.4,---
2026/08/03,20:20:15.3,熊本県熊本地方,32°35.2′N,130°40.5′E,8 km,0.3,---
2026/08/03,20:20:19.3,長野県中部,36°10.8′N,137°41.1′E,9 km,-0.1,---
2026/08/03,20:21:30.4,熊本県天草・芦北地方,32°27.6′N,130°32.6′E,15 km,3.2,---
2026/08/03,20:22:14.6,福島県沖,37°03.1′N,141°07.0′E,52 km,1.3,---
2026/08/03,20:22:46.4,熊本県熊本地方,32°32.5′N,130°35.8′E,9 km,0.3,---
2026/08/03,20:23:23.4,熊本県熊本地方,32°35.9′N,130°40.6′E,6 km,0.6,---
2026/08/03,20:23:59.6,熊本県天草・芦北地方,32°27.7′N,130°32.4′E,14 km,0.8,---
2026/08/03,20:24:05.6,兵庫県南西部,34°46.0′N,134°23.9′E,12 km,0.4,---
2026/08/03,20:24:32.0,福島県沖,37°48.7′N,141°35.7′E,49 km,0.8,---
2026/08/03,20:24:39.7,熊本県熊本地方,32°38.2′N,130°41.9′E,13 km,1.2,---
2026/08/03,20:26:04.7,長野県中部,36°06.2′N,137°38.2′E,9 km,1.6,---
2026/08/03,20:26:21.1,熊本県熊本地方,32°36.8′N,130°41.2′E,8 km,0.4,---
2026/08/03,20:26:45.9,日高地方東部,42°13.6′N,142°43.0′E,60 km,0.6,---
2026/08/03,20:26:56.3,熊本県熊本地方,32°44.2′N,130°46.1′E,11 km,0.7,---
2026/08/03,20:27:21.8,熊本県熊本地方,32°47.8′N,130°47.5′E,11 km,0.5,---
2026/08/03,20:27:54.6,熊本県熊本地方,32°31.8′N,130°36.2′E,14 km,1.0,---
2026/08/03,20:28:06.0,熊本県熊本地方,32°37.2′N,130°42.7′E,10 km,0.6,---
2026/08/03,20:28:54.6,天草灘,31°58.9′N,130°11.2′E,4 km,0.2,---
2026/08/03,20:29:13.5,岩手県沖,40°18.0′N,142°20.4′E,17 km,1.6,---
2026/08/03,20:29:31.4,福島県沖,37°23.0′N,142°16.2′E,22 km,2.0,---
2026/08/03,20:31:39.4,熊本県天草・芦北地方,32°22.2′N,130°28.0′E,8 km,0.5,---
2026/08/03,20:32:48.7,天草灘,31°58.6′N,130°12.1′E,2 km,不明,---
2026/08/03,20:33:08.3,熊本県天草・芦北地方,32°27.5′N,130°32.4′E,13 km,1.1,---
2026/08/03,20:33:40.2,熊本県熊本地方,32°39.1′N,130°45.3′E,14 km,0.0,---
2026/08/03,20:34:48.1,岩手県沖,39°36.3′N,142°41.4′E,30 km,1.5,---
2026/08/03,20:35:47.3,熊本県熊本地方,32°40.6′N,130°41.9′E,16 km,0.4,---
2026/08/03,20:36:38.3,熊本県熊本地方,32°35.3′N,130°37.4′E,14 km,1.1,---
2026/08/03,20:37:04.8,岐阜県飛騨地方,36°00.9′N,137°31.0′E,6 km,-0.5,---
2026/08/03,20:37:05.8,三陸沖,39°23.7′N,144°00.9′E,47 km,1.0,---
2026/08/03,20:37:06.0,宮城県北部,38°52.3′N,140°45.1′E,7 km,1.1,---
2026/08/03,20:37:59.1,熊本県熊本地方,32°42.4′N,130°45.5′E,11 km,0.3,---
2026/08/03,20:38:08.9,岩手県沖,40°15.8′N,142°25.5′E,19 km,1.4,---
2026/08/03,20:40:26.0,新島・神津島近海,34°26.1′N,139°11.0′E,13 km,1.8,---
2026/08/03,20:40:49.7,熊本県天草・芦北地方,32°22.5′N,130°25.9′E,12 km,0.0,---
2026/08/03,20:41:03.9,熊本県天草・芦北地方,32°11.9′N,130°21.0′E,6 km,1.9,---
2026/08/03,20:41:53.4,熊本県天草・芦北地方,32°20.8′N,130°26.6′E,11 km,0.6,---
2026/08/03,20:42:23.0,熊本県天草・芦北地方,32°12.0′N,130°21.2′E,5 km,0.2,---
2026/08/03,20:43:33.4,熊本県天草・芦北地方,32°31.0′N,130°33.5′E,10 km,0.4,---
2026/08/03,20:44:55.0,熊本県熊本地方,32°37.8′N,130°42.6′E,5 km,0.6,---
2026/08/03,20:46:01.5,宮崎県北部平野部,32°24.9′N,131°30.3′E,14 km,0.2,---
2026/08/03,20:48:05.6,熊本県熊本地方,32°34.9′N,130°37.8′E,15 km,0.3,---
2026/08/03,20:49:58.2,熊本県熊本地方,32°35.4′N,130°38.0′E,12 km,0.4,---
2026/08/03,20:50:38.1,福島県沖,37°38.4′N,141°28.3′E,75 km,2.2,---
2026/08/03,20:51:33.3,高知県中部,33°46.9′N,133°59.0′E,14 km,0.8,---
2026/08/03,20:52:20.7,熊本県熊本地方,32°36.2′N,130°42.1′E,9 km,0.5,---
2026/08/03,20:52:46.7,熊本県熊本地方,32°34.1′N,130°38.0′E,9 km,0.4,---
2026/08/03,20:53:21.0,熊本県天草・芦北地方,32°28.6′N,130°31.1′E,10 km,0.6,---
2026/08/03,20:53:35.2,岩手県沖,39°36.9′N,142°41.4′E,26 km,2.4,---
2026/08/03,20:54:30.0,高知県中部,33°35.9′N,133°26.6′E,21 km,0.2,---
2026/08/03,20:54:57.6,熊本県天草・芦北地方,32°30.6′N,130°32.0′E,14 km,0.5,---
2026/08/03,20:55:27.7,熊本県天草・芦北地方,32°11.8′N,130°21.0′E,5 km,-0.2,---
2026/08/03,20:55:47.3,熊本県天草・芦北地方,32°11.8′N,130°21.0′E,5 km,不明,---
2026/08/03,20:56:04.7,熊本県天草・芦北地方,32°27.5′N,130°32.4′E,13 km,0.6,---
2026/08/03,20:56:45.5,熊本県熊本地方,32°39.4′N,130°47.7′E,11 km,0.1,---
2026/08/03,20:57:01.5,岩手県沖,40°17.7′N,142°20.1′E,16 km,1.0,---
2026/08/03,20:57:14.8,熊本県熊本地方,32°29.9′N,130°36.2′E,5 km,0.3,---
2026/08/03,20:58:43.1,宮城県中部,38°31.0′N,141°28.9′E,65 km,不明,---
2026/08/03,20:59:12.2,愛知県西部,35°15.6′N,137°19.0′E,11 km,-0.2,---
2026/08/03,20:59:37.5,三陸沖,40°01.7′N,143°25.2′E,13 km,0.7,---
2026/08/03,21:01:29.3,山口県北部,34°25.1′N,131°36.2′E,28 km,0.2,---
2026/08/03,21:01:36.7,滋賀県南部,35°16.0′N,135°58.3′E,9 km,0.4,---
2026/08/03,21:04:20.6,上川地方北部,44°25.7′N,142°06.1′E,9 km,0.9,---
2026/08/03,21:05:34.0,熊本県熊本地方,32°39.6′N,130°44.9′E,12 km,1.4,---
2026/08/03,21:05:42.3,熊本県天草・芦北地方,32°28.5′N,130°33.5′E,5 km,1.4,---
2026/08/03,21:06:22.3,岩手県沖,40°07.9′N,141°58.4′E,19 km,0.2,---
2026/08/03,21:08:55.7,熊本県熊本地方,32°39.3′N,130°42.6′E,13 km,2.3,---
2026/08/03,21:09:51.2,熊本県熊本地方,32°30.8′N,130°35.6′E,8 km,0.7,---
2026/08/03,21:10:14.9,熊本県熊本地方,32°41.6′N,130°41.5′E,14 km,0.7,---
2026/08/03,21:10:29.4,熊本県熊本地方,32°36.8′N,130°39.5′E,10 km,0.5,---
2026/08/03,21:11:12.4,熊本県天草・芦北地方,32°12.0′N,130°21.1′E,5 km,0.1,---
2026/08/03,21:11:38.0,熊本県熊本地方,32°42.0′N,130°43.4′E,13 km,1.6,---
2026/08/03,21:12:34.4,熊本県熊本地方,32°30.9′N,130°35.5′E,2 km,0.3,---
2026/08/03,21:12:45.9,熊本県熊本地方,32°28.9′N,130°35.0′E,10 km,0.3,---
2026/08/03,21:13:22.0,熊本県熊本地方,32°38.7′N,130°43.7′E,11 km,0.2,---
2026/08/03,21:15:24.1,熊本県天草・芦北地方,32°11.6′N,130°32.1′E,4 km,0.2,---
2026/08/03,21:17:54.1,熊本県熊本地方,32°39.8′N,130°44.1′E,10 km,0.3,---
2026/08/03,21:18:31.3,熊本県天草・芦北地方,32°35.2′N,130°36.8′E,15 km,0.6,---
2026/08/03,21:19:13.3,熊本県天草・芦北地方,32°22.3′N,130°27.4′E,13 km,0.3,---
2026/08/03,21:19:23.0,熊本県天草・芦北地方,32°27.0′N,130°31.4′E,14 km,2.0,---
2026/08/03,21:20:25.7,熊本県熊本地方,32°29.0′N,130°34.0′E,8 km,0.7,---
2026/08/03,21:20:35.2,岩手県内陸南部,39°03.0′N,140°54.7′E,9 km,1.4,---
2026/08/03,21:20:51.7,熊本県天草・芦北地方,32°28.9′N,130°29.9′E,7 km,0.3,---
2026/08/03,21:21:54.4,三陸沖,39°24.8′N,144°43.2′E,13 km,1.3,---
2026/08/03,21:22:17.8,熊本県熊本地方,32°30.6′N,130°34.7′E,12 km,0.4,---
2026/08/03,21:23:54.2,熊本県天草・芦北地方,32°25.3′N,130°31.3′E,1 km,0.8,---
2026/08/03,21:25:35.0,熊本県熊本地方,32°40.6′N,130°43.0′E,14 km,0.7,---
2026/08/03,21:26:10.2,千葉県南部,35°08.8′N,140°11.1′E,12 km,1.0,---
2026/08/03,21:26:55.4,熊本県天草・芦北地方,32°30.0′N,130°33.4′E,9 km,0.2,---
2026/08/03,21:27:50.1,熊本県熊本地方,32°32.5′N,130°38.4′E,6 km,0.6,---
2026/08/03,21:28:12.6,熊本県熊本地方,32°31.9′N,130°35.7′E,6 km,1.8,---
2026/08/03,21:29:30.2,熊本県天草・芦北地方,32°30.5′N,130°33.2′E,13 km,2.5,---
2026/08/03,21:31:18.4,岩手県沖,40°11.7′N,142°16.7′E,43 km,0.9,---
2026/08/03,21:32:01.7,熊本県熊本地方,32°33.4′N,130°36.7′E,6 km,0.2,---
2026/08/03,21:33:12.3,熊本県熊本地方,32°38.7′N,130°44.7′E,9 km,0.1,---
2026/08/03,21:33:41.6,熊本県天草・芦北地方,32°25.3′N,130°31.4′E,6 km,1.7,---
2026/08/03,21:34:29.7,三陸沖,38°21.3′N,144°12.0′E,11 km,0.9,---
2026/08/03,21:34:50.6,熊本県熊本地方,32°29.4′N,130°33.9′E,8 km,0.7,---
2026/08/03,21:37:37.3,熊本県熊本地方,32°34.4′N,130°36.6′E,15 km,1.2,---
2026/08/03,21:38:31.9,有明海,32°45.8′N,130°31.4′E,15 km,0.6,---
2026/08/03,21:39:14.7,石川県能登地方,37°28.3′N,137°15.0′E,12 km,0.3,---
2026/08/03,21:39:21.4,熊本県熊本地方,32°33.7′N,130°37.1′E,10 km,0.4,---
2026/08/03,21:40:48.5,福島県沖,37°17.7′N,141°46.8′E,37 km,1.3,---
2026/08/03,21:40:59.3,熊本県天草・芦北地方,32°25.3′N,130°31.3′E,4 km,0.9,---
2026/08/03,21:41:19.0,十勝沖,42°23.7′N,143°53.1′E,57 km,1.1,---
2026/08/03,21:42:18.8,熊本県熊本地方,32°29.8′N,130°35.6′E,10 km,0.2,---
2026/08/03,21:43:41.5,熊本県熊本地方,32°33.6′N,130°37.2′E,13 km,0.6,---
2026/08/03,21:45:18.0,熊本県熊本地方,32°32.1′N,130°35.9′E,13 km,0.6,---
2026/08/03,21:46:01.7,熊本県天草・芦北地方,32°16.6′N,130°33.5′E,6 km,0.5,---
2026/08/03,21:47:19.3,三陸沖,39°30.8′N,144°50.5′E,14 km,1.5,---
2026/08/03,21:48:29.5,熊本県熊本地方,32°31.1′N,130°40.4′E,12 km,2.5,---
2026/08/03,21:48:50.3,十勝地方北部,43°25.5′N,143°05.2′E,6 km,0.8,---
2026/08/03,21:48:56.5,佐渡付近,37°48.1′N,137°41.6′E,16 km,1.5,---
2026/08/03,21:50:23.5,熊本県熊本地方,32°45.0′N,130°46.1′E,10 km,0.5,---
2026/08/03,21:50:46.9,和歌山県北部,34°15.4′N,135°25.4′E,7 km,0.5,---
2026/08/03,21:51:16.2,群馬県北部,36°37.6′N,139°18.2′E,6 km,0.5,---
2026/08/03,21:51:36.2,関東東方沖,35°24.7′N,142°10.4′E,47 km,0.9,---
2026/08/03,21:51:37.4,熊本県熊本地方,32°39.4′N,130°44.4′E,7 km,0.0,---
2026/08/03,21:52:45.2,熊本県熊本地方,32°31.2′N,130°40.5′E,10 km,0.6,---
2026/08/03,21:53:59.9,熊本県熊本地方,32°32.6′N,130°39.6′E,3 km,0.3,---
2026/08/03,21:55:58.1,熊本県熊本地方,32°41.0′N,130°42.2′E,14 km,0.6,---
2026/08/03,21:58:30.7,熊本県熊本地方,32°42.9′N,130°46.2′E,11 km,1.5,---
2026/08/03,21:58:40.5,日向灘,32°42.5′N,132°21.9′E,36 km,1.2,---
2026/08/03,21:59:14.0,沖縄本島近海,25°30.7′N,128°37.3′E,38 km,2.1,---
2026/08/03,21:59:22.5,日向灘,32°45.3′N,132°21.1′E,36 km,1.4,---
2026/08/03,21:59:46.3,熊本県熊本地方,32°38.5′N,130°43.7′E,9 km,1.9,---
2026/08/03,21:59:59.8,岩手県内陸南部,39°06.6′N,141°14.8′E,113 km,1.1,---
2026/08/03,22:00:44.7,熊本県熊本地方,32°31.9′N,130°39.1′E,6 km,0.4,---
2026/08/03,22:02:06.1,熊本県熊本地方,32°43.2′N,130°46.3′E,10 km,0.9,---
2026/08/03,22:02:23.1,宮城県沖,38°10.7′N,141°11.5′E,64 km,0.6,---
2026/08/03,22:04:00.3,熊本県熊本地方,32°30.8′N,130°35.3′E,15 km,0.7,---
2026/08/03,22:04:38.0,沖縄本島近海,26°06.0′N,129°08.4′E,45 km,2.2,---
2026/08/03,22:05:33.2,熊本県天草・芦北地方,32°23.4′N,130°29.0′E,7 km,-0.1,---
2026/08/03,22:06:14.8,熊本県熊本地方,32°38.4′N,130°44.4′E,10 km,0.3,---
2026/08/03,22:06:26.4,宮崎県北部山沿い,32°27.8′N,131°25.8′E,14 km,0.3,---
2026/08/03,22:06:40.3,熊本県天草・芦北地方,32°14.5′N,130°32.2′E,0 km,0.1,---
2026/08/03,22:06:53.9,熊本県熊本地方,32°33.1′N,130°36.4′E,11 km,0.9,---
2026/08/03,22:07:51.9,熊本県天草・芦北地方,32°28.6′N,130°32.1′E,0 km,0.8,---
2026/08/03,22:07:56.2,東京湾,35°37.3′N,140°01.4′E,70 km,1.2,---
2026/08/03,22:08:47.6,熊本県熊本地方,32°31.2′N,130°40.0′E,11 km,1.1,---
2026/08/03,22:09:09.3,日向灘,31°56.6′N,132°01.4′E,17 km,1.4,---
2026/08/03,22:09:10.4,熊本県熊本地方,32°38.1′N,130°43.4′E,9 km,0.7,---
2026/08/03,22:09:11.8,富山県東部,36°28.9′N,137°37.3′E,3 km,-0.1,---
2026/08/03,22:10:47.1,熊本県熊本地方,32°39.9′N,130°42.7′E,11 km,0.0,---
2026/08/03,22:10:52.1,熊本県熊本地方,32°33.2′N,130°37.0′E,8 km,1.5,---
2026/08/03,22:12:50.8,福島県沖,37°13.5′N,142°05.9′E,25 km,1.4,---
2026/08/03,22:12:51.3,青森県三八上北地方,40°27.3′N,141°35.1′E,111 km,1.6,---
2026/08/03,22:13:04.5,熊本県熊本地方,32°38.7′N,130°41.5′E,12 km,0.9,---
2026/08/03,22:13:14.4,熊本県熊本地方,32°30.5′N,130°37.9′E,13 km,1.2,---
2026/08/03,22:13:55.1,熊本県熊本地方,32°38.1′N,130°32.9′E,8 km,0.1,---
2026/08/03,22:14:40.2,日向灘,32°28.8′N,132°03.8′E,24 km,1.3,---
2026/08/03,22:15:02.5,和歌山県北部,34°05.4′N,135°10.5′E,4 km,-0.2,---
2026/08/03,22:16:10.1,宮崎県南部平野部,31°52.3′N,131°16.6′E,13 km,0.1,---
2026/08/03,22:16:24.1,熊本県熊本地方,32°32.2′N,130°36.7′E,7 km,1.8,---
2026/08/03,22:17:57.8,熊本県熊本地方,32°43.7′N,130°46.9′E,9 km,0.1,---
2026/08/03,22:18:27.5,宮崎県南部山沿い,32°03.1′N,131°02.9′E,10 km,-0.1,---
2026/08/03,22:18:53.7,福島県沖,37°24.3′N,141°47.2′E,39 km,1.1,---
2026/08/03,22:19:09.2,熊本県熊本地方,32°37.3′N,130°42.7′E,11 km,0.3,---
2026/08/03,22:19:47.2,熊本県熊本地方,32°46.5′N,130°49.5′E,6 km,0.2,---
2026/08/03,22:20:01.5,熊本県熊本地方,32°33.0′N,130°37.9′E,5 km,0.4,---
2026/08/03,22:20:58.9,熊本県天草・芦北地方,32°31.0′N,130°33.6′E,8 km,0.3,---
2026/08/03,22:21:42.2,熊本県天草・芦北地方,32°25.0′N,130°29.0′E,7 km,1.1,---
2026/08/03,22:21:46.0,沖縄本島近海,26°51.9′N,128°11.9′E,31 km,3.1,---
2026/08/03,22:22:47.0,熊本県熊本地方,32°33.4′N,130°37.1′E,14 km,0.7,---
2026/08/03,22:24:02.5,熊本県天草・芦北地方,32°35.3′N,130°36.8′E,18 km,0.5,---
2026/08/03,22:24:07.9,千葉県北東部,35°44.1′N,140°40.5′E,50 km,0.8,---
2026/08/03,22:24:28.6,熊本県熊本地方,32°33.2′N,130°36.9′E,6 km,0.2,---
2026/08/03,22:25:38.0,熊本県熊本地方,32°37.4′N,130°41.0′E,14 km,0.4,---
2026/08/03,22:26:44.3,十勝地方北部,43°23.0′N,142°45.6′E,9 km,0.2,---
2026/08/03,22:26:55.6,熊本県天草・芦北地方,32°19.4′N,130°27.8′E,9 km,1.3,---
2026/08/03,22:28:31.4,熊本県熊本地方,32°41.8′N,130°43.4′E,14 km,0.5,---
2026/08/03,22:28:35.3,山口県北部,34°25.2′N,131°35.7′E,32 km,不明,---
2026/08/03,22:28:38.0,山口県中部,34°24.7′N,131°36.1′E,32 km,0.2,---
2026/08/03,22:29:36.9,熊本県天草・芦北地方,32°24.5′N,130°30.8′E,6 km,1.3,---
2026/08/03,22:30:55.1,熊本県天草・芦北地方,32°27.4′N,130°32.0′E,4 km,0.5,---
2026/08/03,22:31:07.2,熊本県天草・芦北地方,32°28.8′N,130°33.9′E,7 km,0.8,---
2026/08/03,22:32:51.7,熊本県熊本地方,32°32.2′N,130°36.7′E,6 km,0.5,---
2026/08/03,22:33:18.1,熊本県天草・芦北地方,32°24.6′N,130°29.1′E,0 km,1.4,---
2026/08/03,22:33:55.4,熊本県熊本地方,32°39.4′N,130°42.6′E,13 km,0.7,---
2026/08/03,22:34:33.5,熊本県天草・芦北地方,32°26.7′N,130°29.4′E,13 km,0.4,---
2026/08/03,22:35:45.6,熊本県天草・芦北地方,32°29.3′N,130°32.3′E,5 km,0.2,---
2026/08/03,22:36:02.2,熊本県熊本地方,32°39.1′N,130°42.6′E,14 km,-0.1,---
2026/08/03,22:37:32.7,熊本県天草・芦北地方,32°27.2′N,130°32.1′E,10 km,0.1,---
2026/08/03,22:37:46.2,熊本県熊本地方,32°43.3′N,130°46.8′E,8 km,0.0,---
2026/08/03,22:37:53.6,紀伊水道,34°09.5′N,135°03.7′E,9 km,0.0,---
2026/08/03,22:38:22.0,天草灘,31°58.5′N,130°11.4′E,0 km,0.7,---
2026/08/03,22:39:08.7,熊本県熊本地方,32°31.2′N,130°35.5′E,13 km,0.3,---
2026/08/03,22:40:10.1,熊本県熊本地方,32°38.3′N,130°44.5′E,14 km,0.6,---
2026/08/03,22:41:52.1,熊本県熊本地方,32°33.8′N,130°35.0′E,12 km,0.5,---
2026/08/03,22:42:39.7,熊本県熊本地方,32°34.5′N,130°37.5′E,13 km,0.6,---
2026/08/03,22:45:37.8,熊本県熊本地方,32°40.3′N,130°43.6′E,11 km,0.4,---
2026/08/03,22:45:53.3,熊本県天草・芦北地方,32°25.4′N,130°31.2′E,3 km,0.5,---
2026/08/03,22:46:15.5,鹿児島県薩摩地方,32°10.5′N,130°20.8′E,2 km,0.2,---
2026/08/03,22:47:13.6,熊本県熊本地方,32°38.4′N,130°42.8′E,11 km,0.7,---
2026/08/03,22:47:58.8,熊本県天草・芦北地方,32°30.8′N,130°31.9′E,13 km,0.4,---
2026/08/03,22:48:57.2,熊本県熊本地方,32°39.3′N,130°41.3′E,15 km,0.5,---
2026/08/03,22:49:21.3,熊本県熊本地方,32°36.1′N,130°40.0′E,9 km,0.5,---
2026/08/03,22:50:17.0,熊本県熊本地方,32°40.5′N,130°42.1′E,13 km,0.2,---
2026/08/03,22:50:47.4,八丈島東方沖,33°43.6′N,140°57.3′E,49 km,2.9,---
2026/08/03,22:50:52.7,熊本県熊本地方,32°39.3′N,130°43.1′E,11 km,0.4,---
2026/08/03,22:51:40.0,熊本県天草・芦北地方,32°12.3′N,130°21.9′E,3 km,0.6,---
2026/08/03,22:53:39.2,熊本県天草・芦北地方,32°13.7′N,130°23.6′E,0 km,-0.2,---
2026/08/03,22:54:23.6,熊本県熊本地方,32°41.9′N,130°45.0′E,9 km,0.2,---
2026/08/03,22:55:49.6,熊本県天草・芦北地方,32°10.5′N,130°30.3′E,0 km,-0.3,---
2026/08/03,22:56:25.9,熊本県天草・芦北地方,32°24.9′N,130°30.6′E,7 km,0.7,---
2026/08/03,22:59:00.2,熊本県天草・芦北地方,32°16.9′N,130°28.2′E,3 km,0.4,---
2026/08/03,22:59:12.3,大阪府北部,34°55.1′N,135°32.3′E,14 km,0.3,---
2026/08/03,23:02:10.4,熊本県天草・芦北地方,32°24.6′N,130°30.2′E,4 km,0.2,---
2026/08/03,23:03:13.6,熊本県天草・芦北地方,32°28.6′N,130°30.3′E,10 km,1.0,---
2026/08/03,23:04:37.1,熊本県熊本地方,32°38.5′N,130°44.0′E,10 km,1.0,---
2026/08/03,23:05:10.9,熊本県熊本地方,32°38.4′N,130°44.2′E,10 km,0.2,---
2026/08/03,23:05:59.5,熊本県天草・芦北地方,32°24.7′N,130°29.3′E,0 km,0.4,---
2026/08/03,23:07:09.1,熊本県天草・芦北地方,32°26.9′N,130°28.5′E,12 km,不明,---
2026/08/03,23:07:58.1,熊本県天草・芦北地方,32°26.0′N,130°32.0′E,13 km,1.1,---
2026/08/03,23:08:41.6,熊本県熊本地方,32°34.7′N,130°39.3′E,9 km,0.0,---
2026/08/03,23:09:19.4,三陸沖,39°06.2′N,144°43.1′E,14 km,1.1,---
2026/08/03,23:09:20.4,熊本県天草・芦北地方,32°15.1′N,130°29.9′E,4 km,0.6,---
2026/08/03,23:10:56.8,熊本県天草・芦北地方,32°25.9′N,130°32.3′E,16 km,0.0,---
2026/08/03,23:11:27.6,熊本県熊本地方,32°29.6′N,130°34.7′E,7 km,1.2,---
2026/08/03,23:11:56.2,熊本県熊本地方,32°40.8′N,130°45.4′E,9 km,-0.1,---
2026/08/03,23:12:34.1,熊本県天草・芦北地方,32°25.9′N,130°31.9′E,14 km,0.7,---
2026/08/03,23:13:35.0,熊本県熊本地方,32°29.5′N,130°34.4′E,12 km,1.3,---
2026/08/03,23:13:43.2,千葉県南東沖,34°53.9′N,139°56.5′E,60 km,1.5,---
2026/08/03,23:14:33.5,奄美大島近海,27°58.0′N,129°30.1′E,28 km,1.2,---
2026/08/03,23:14:47.4,熊本県天草・芦北地方,32°25.3′N,130°29.1′E,9 km,0.8,---
2026/08/03,23:15:09.9,群馬県南部,36°23.5′N,139°09.8′E,12 km,-0.1,---
2026/08/03,23:15:15.3,長野県中部,36°06.2′N,137°38.0′E,9 km,0.1,---
2026/08/03,23:16:36.2,熊本県熊本地方,32°32.3′N,130°34.3′E,0 km,0.7,---
2026/08/03,23:17:26.1,岩手県沖,40°16.5′N,142°54.3′E,30 km,2.2,---
2026/08/03,23:18:44.5,熊本県天草・芦北地方,32°28.1′N,130°34.3′E,9 km,0.2,---
2026/08/03,23:18:57.2,熊本県天草・芦北地方,32°28.0′N,130°34.3′E,0 km,0.1,---
2026/08/03,23:20:09.5,青森県東方沖,41°12.4′N,142°21.8′E,57 km,1.7,---
2026/08/03,23:20:33.0,熊本県天草・芦北地方,32°14.4′N,130°24.5′E,0 km,-0.4,---
2026/08/03,23:20:47.8,熊本県天草・芦北地方,32°24.9′N,130°29.7′E,8 km,0.4,---
2026/08/03,23:21:59.2,薩摩半島西方沖,31°46.8′N,130°10.8′E,11 km,0.1,---
2026/08/03,23:22:14.5,熊本県天草・芦北地方,32°11.3′N,130°21.0′E,4 km,0.4,---
2026/08/03,23:22:31.4,熊本県天草・芦北地方,32°27.4′N,130°31.6′E,5 km,0.3,---
2026/08/03,23:23:34.5,熊本県天草・芦北地方,32°30.5′N,130°33.5′E,11 km,0.8,---
2026/08/03,23:24:04.6,熊本県天草・芦北地方,32°29.1′N,130°31.0′E,7 km,0.3,---
2026/08/03,23:25:13.7,茨城県北部,36°36.5′N,140°29.1′E,92 km,0.9,---
2026/08/03,23:25:40.4,岩手県内陸南部,39°03.0′N,140°52.3′E,7 km,0.5,---
2026/08/03,23:26:35.6,岩手県内陸南部,39°03.4′N,140°52.6′E,6 km,0.0,---
2026/08/03,23:26:58.4,熊本県天草・芦北地方,32°17.6′N,130°26.9′E,0 km,0.5,---
2026/08/03,23:27:15.6,熊本県天草・芦北地方,32°17.0′N,130°28.2′E,2 km,0.5,---
2026/08/03,23:28:17.9,熊本県天草・芦北地方,32°17.3′N,130°22.1′E,0 km,-0.2,---
2026/08/03,23:28:36.4,熊本県熊本地方,32°44.9′N,130°47.7′E,8 km,0.1,---
2026/08/03,23:29:29.6,熊本県天草・芦北地方,32°11.8′N,130°20.6′E,4 km,0.4,---
2026/08/03,23:30:17.2,岩手県沖,40°13.0′N,142°23.0′E,41 km,0.9,---
2026/08/03,23:30:34.5,石川県能登地方,37°13.8′N,136°47.8′E,9 km,0.7,---
2026/08/03,23:31:01.1,熊本県天草・芦北地方,32°24.4′N,130°21.0′E,1 km,0.3,---
2026/08/03,23:31:17.1,熊本県熊本地方,32°38.1′N,130°43.9′E,5 km,0.5,---
2026/08/03,23:31:45.6,熊本県熊本地方,32°32.8′N,130°37.6′E,8 km,0.5,---
2026/08/03,23:32:12.7,熊本県熊本地方,32°30.0′N,130°35.5′E,0 km,0.5,---
2026/08/03,23:32:34.4,熊本県熊本地方,32°35.3′N,130°40.9′E,9 km,0.0,---
2026/08/03,23:34:53.6,熊本県熊本地方,32°36.4′N,130°42.4′E,4 km,0.2,---
2026/08/03,23:34:54.7,空知地方南部,42°54.4′N,141°59.6′E,116 km,1.2,---
2026/08/03,23:35:33.5,熊本県熊本地方,32°44.7′N,130°47.6′E,6 km,0.2,---
2026/08/03,23:35:56.3,新島・神津島近海,34°26.1′N,139°10.8′E,13 km,1.5,---
2026/08/03,23:36:08.2,熊本県天草・芦北地方,32°14.4′N,130°26.4′E,8 km,0.0,---
2026/08/03,23:36:09.3,日向灘,32°01.6′N,131°50.8′E,33 km,1.1,---
2026/08/03,23:36:27.5,熊本県天草・芦北地方,32°15.7′N,130°30.3′E,6 km,0.1,---
2026/08/03,23:36:56.1,熊本県熊本地方,32°37.1′N,130°43.5′E,7 km,0.1,---
2026/08/03,23:38:42.4,熊本県天草・芦北地方,32°25.4′N,130°30.7′E,14 km,0.2,---
2026/08/03,23:39:10.2,熊本県天草・芦北地方,32°30.2′N,130°32.2′E,12 km,2.4,---
2026/08/03,23:39:46.9,根室半島南東沖,43°06.7′N,146°46.9′E,66 km,4.3,---
2026/08/03,23:41:30.3,熊本県天草・芦北地方,32°27.8′N,130°31.6′E,2 km,0.2,---
2026/08/03,23:41:54.4,熊本県熊本地方,32°40.0′N,130°41.4′E,14 km,0.7,---
2026/08/03,23:43:02.8,熊本県熊本地方,32°40.9′N,130°45.2′E,11 km,0.3,---
2026/08/03,23:43:05.1,和歌山県北部,34°13.3′N,135°09.7′E,6 km,-0.3,---
2026/08/03,23:43:32.7,日向灘,32°08.6′N,131°49.4′E,33 km,0.4,---
2026/08/03,23:44:17.5,熊本県熊本地方,32°38.1′N,130°44.1′E,9 km,1.6,---
2026/08/03,23:45:56.2,鹿児島県薩摩地方,32°08.8′N,130°20.5′E,5 km,-0.2,---
2026/08/03,23:47:01.7,熊本県天草・芦北地方,32°29.7′N,130°31.7′E,6 km,0.3,---
2026/08/03,23:49:30.6,熊本県天草・芦北地方,32°37.0′N,130°39.5′E,12 km,0.3,---
2026/08/03,23:49:40.9,長野県中部,36°14.2′N,138°00.0′E,12 km,0.2,---
2026/08/03,23:49:52.2,岩手県沿岸北部,39°56.0′N,141°42.9′E,11 km,0.2,---
2026/08/03,23:49:59.1,熊本県熊本地方,32°30.0′N,130°34.7′E,7 km,0.3,---
2026/08/03,23:50:30.6,天草灘,31°58.3′N,130°04.7′E,10 km,0.5,---
2026/08/03,23:50:48.3,山梨県中・西部,35°27.4′N,138°17.0′E,12 km,-0.3,---
2026/08/03,23:51:21.6,北海道東方沖,43°20.2′N,147°03.6′E,43 km,2.2,---
2026/08/03,23:51:39.0,長野県北部,36°35.1′N,137°51.6′E,7 km,-0.6,---
2026/08/03,23:52:32.5,鹿児島県薩摩地方,31°25.7′N,130°26.9′E,158 km,1.7,---
2026/08/03,23:53:37.7,熊本県熊本地方,32°32.5′N,130°39.9′E,5 km,0.0,---
2026/08/03,23:54:36.7,関東東方沖,34°35.8′N,141°34.4′E,0 km,2.0,---
2026/08/03,23:54:57.3,熊本県熊本地方,32°33.1′N,130°36.4′E,7 km,-0.2,---
2026/08/03,23:55:14.5,熊本県天草・芦北地方,32°27.1′N,130°34.4′E,0 km,0.3,---
2026/08/03,23:55:36.2,熊本県熊本地方,32°31.1′N,130°35.0′E,0 km,0.0,---
2026/08/03,23:56:40.4,熊本県熊本地方,32°33.5′N,130°37.0′E,13 km,0.2,---
2026/08/03,23:57:29.2,沖縄本島北西沖,26°35.6′N,126°26.2′E,116 km,3.1,---
2026/08/03,23:57:43.7,熊本県天草・芦北地方,32°11.4′N,130°32.8′E,10 km,-0.2,---
2026/08/03,23:57:49.4,奄美大島近海,28°43.9′N,129°19.3′E,55 km,0.7,---
2026/08/03,23:57:59.3,茨城県沖,36°16.9′N,140°48.3′E,43 km,0.7,---
2026/08/03,23:58:27.3,熊本県熊本地方,32°39.1′N,130°41.9′E,13 km,0.7,---
2026/08/03,23:58:43.0,熊本県天草・芦北地方,32°26.0′N,130°29.2′E,7 km,0.2,---
2026/08/03,23:58:52.9,熊本県熊本地方,32°40.8′N,130°44.0′E,10 km,0.3,---
2026/08/03,23:59:16.5,熊本県熊本地方,32°32.0′N,130°35.9′E,11 km,0.0,---
