地震の発生日,地震の発生時刻,震央地名,緯度,経度,深さ,Ｍ,最大震度
2026/08/04,00:00:36.7,日向灘,31°58.5′N,132°01.8′E,19 km,1.1,---
2026/08/04,00:00:38.3,長野県中部,36°06.1′N,137°38.2′E,9 km,0.2,---
2026/08/04,00:00:49.8,熊本県熊本地方,32°36.3′N,130°41.5′E,12 km,0.4,---
2026/08/04,00:01:14.5,福島県沖,37°43.4′N,141°44.8′E,50 km,1.0,---
2026/08/04,00:02:04.0,熊本県熊本地方,32°34.0′N,130°37.3′E,12 km,0.8,---
2026/08/04,00:02:37.7,熊本県天草・芦北地方,32°09.0′N,130°25.7′E,7 km,0.3,---
2026/08/04,00:03:14.5,熊本県熊本地方,32°39.4′N,130°45.1′E,10 km,0.3,---
2026/08/04,00:03:53.6,北海道東方沖,43°46.3′N,147°08.2′E,1 km,4.0,---
2026/08/04,00:04:43.1,熊本県熊本地方,32°25.8′N,130°34.4′E,7 km,2.3,---
2026/08/04,00:06:16.8,熊本県熊本地方,32°33.3′N,130°39.5′E,5 km,0.5,---
2026/08/04,00:06:31.0,沖縄本島近海,26°34.0′N,129°59.4′E,63 km,2.3,---
2026/08/04,00:06:47.4,熊本県天草・芦北地方,32°28.2′N,130°32.8′E,6 km,0.4,---
2026/08/04,00:07:58.2,熊本県天草・芦北地方,32°24.8′N,130°29.5′E,2 km,0.6,---
2026/08/04,00:07:58.9,石川県能登地方,37°29.9′N,137°16.9′E,8 km,0.9,---
2026/08/04,00:08:14.9,熊本県天草・芦北地方,32°24.2′N,130°29.0′E,7 km,1.4,---
2026/08/04,00:09:43.4,熊本県熊本地方,32°32.8′N,130°37.8′E,7 km,0.2,---
2026/08/04,00:10:07.1,播磨灘,34°41.7′N,134°15.2′E,8 km,0.6,---
2026/08/04,00:10:09.9,熊本県熊本地方,32°38.7′N,130°43.1′E,11 km,0.3,---
2026/08/04,00:11:38.6,山口県中部,34°24.8′N,131°36.2′E,31 km,0.2,---
2026/08/04,00:11:59.9,奄美大島北東沖,29°25.8′N,130°56.2′E,44 km,不明,---
2026/08/04,00:12:23.5,熊本県熊本地方,32°44.8′N,130°48.0′E,8 km,0.0,---
2026/08/04,00:12:47.6,熊本県熊本地方,32°32.9′N,130°40.0′E,6 km,0.7,---
2026/08/04,00:13:27.4,佐賀県北部,33°21.6′N,129°57.6′E,10 km,0.3,---
2026/08/04,00:13:29.0,熊本県熊本地方,32°34.2′N,130°38.1′E,13 km,2.7,---
2026/08/04,00:15:26.7,熊本県熊本地方,32°38.9′N,130°41.3′E,15 km,0.3,---
2026/08/04,00:15:38.5,静岡県西部,34°40.5′N,138°03.2′E,30 km,0.8,---
2026/08/04,00:17:25.5,熊本県天草・芦北地方,32°27.9′N,130°29.5′E,12 km,0.4,---
2026/08/04,00:19:48.0,熊本県熊本地方,32°30.6′N,130°36.1′E,9 km,1.7,---
2026/08/04,00:21:18.8,熊本県熊本地方,32°41.4′N,130°44.4′E,12 km,0.2,---
2026/08/04,00:21:55.5,福島県沖,37°51.1′N,141°36.9′E,50 km,1.4,---
2026/08/04,00:21:59.3,熊本県熊本地方,32°40.6′N,130°42.4′E,16 km,0.3,---
2026/08/04,00:22:57.4,福島県沖,37°13.1′N,142°13.1′E,19 km,1.3,---
2026/08/04,00:24:05.3,熊本県熊本地方,32°38.6′N,130°42.9′E,11 km,0.0,---
2026/08/04,00:24:29.0,熊本県天草・芦北地方,32°25.2′N,130°29.4′E,8 km,1.2,---
2026/08/04,00:25:33.2,熊本県天草・芦北地方,32°27.6′N,130°32.4′E,14 km,1.2,---
2026/08/04,00:25:37.8,宮城県沖,38°02.4′N,141°52.7′E,40 km,1.1,---
2026/08/04,00:26:13.7,熊本県熊本地方,32°38.2′N,130°41.9′E,14 km,-0.1,---
2026/08/04,00:26:47.8,千葉県東方沖,35°45.7′N,140°52.4′E,9 km,1.3,---
2026/08/04,00:27:19.6,熊本県天草・芦北地方,32°30.2′N,130°32.0′E,10 km,1.1,---
2026/08/04,00:27:37.3,熊本県熊本地方,32°41.6′N,130°44.2′E,13 km,0.7,---
2026/08/04,00:28:07.0,熊本県熊本地方,32°34.5′N,130°39.5′E,7 km,0.1,---
2026/08/04,00:28:13.6,熊本県天草・芦北地方,32°23.3′N,130°29.4′E,5 km,0.5,---
2026/08/04,00:29:53.1,熊本県天草・芦北地方,32°23.9′N,130°29.8′E,8 km,2.2,---
2026/08/04,00:30:39.9,三陸沖,40°31.1′N,145°07.5′E,25 km,1.5,---
2026/08/04,00:30:40.3,浦河沖,41°54.6′N,142°11.0′E,33 km,1.3,---
2026/08/04,00:30:57.3,熊本県熊本地方,32°39.1′N,130°46.3′E,14 km,0.4,---
2026/08/04,00:31:43.5,台湾付近,24°02.7′N,121°43.5′E,24 km,不明,---
2026/08/04,00:31:45.4,熊本県天草・芦北地方,32°24.1′N,130°29.6′E,6 km,0.6,---
2026/08/04,00:32:17.8,関東東方沖,36°04.0′N,143°42.8′E,32 km,1.7,---
2026/08/04,00:32:51.4,熊本県天草・芦北地方,32°27.7′N,130°32.3′E,14 km,0.5,---
2026/08/04,00:33:09.8,熊本県熊本地方,32°34.3′N,130°37.7′E,12 km,0.4,---
2026/08/04,00:35:30.9,熊本県熊本地方,32°29.1′N,130°44.9′E,14 km,0.2,---
2026/08/04,00:37:13.1,熊本県天草・芦北地方,32°28.5′N,130°31.9′E,0 km,0.3,---
2026/08/04,00:37:42.8,薩摩半島西方沖,31°49.5′N,129°43.3′E,14 km,0.4,---
2026/08/04,00:37:44.4,熊本県天草・芦北地方,32°27.5′N,130°32.3′E,14 km,0.5,---
2026/08/04,00:37:53.4,秋田県内陸南部,39°28.7′N,140°25.3′E,10 km,0.6,---
2026/08/04,00:38:14.3,滋賀県北部,35°29.3′N,135°57.7′E,13 km,0.4,---
2026/08/04,00:38:23.9,熊本県熊本地方,32°34.3′N,130°39.3′E,7 km,0.2,---
2026/08/04,00:41:03.3,熊本県熊本地方,32°31.7′N,130°35.5′E,11 km,0.3,---
2026/08/04,00:43:52.5,熊本県天草・芦北地方,32°22.0′N,130°27.6′E,10 km,0.0,---
2026/08/04,00:44:08.1,熊本県天草・芦北地方,32°28.7′N,130°31.9′E,13 km,1.1,---
2026/08/04,00:44:30.7,山口県北部,34°25.0′N,131°36.0′E,33 km,0.1,---
2026/08/04,00:44:55.7,熊本県天草・芦北地方,32°28.5′N,130°33.1′E,11 km,0.0,---
2026/08/04,00:44:56.0,山口県中部,34°24.6′N,131°35.7′E,30 km,-0.1,---
2026/08/04,00:45:53.9,熊本県天草・芦北地方,32°30.2′N,130°31.4′E,10 km,0.5,---
2026/08/04,00:46:16.9,熊本県熊本地方,32°32.7′N,130°36.4′E,11 km,1.0,---
2026/08/04,00:46:30.8,熊本県熊本地方,32°34.2′N,130°38.7′E,9 km,0.9,---
2026/08/04,00:46:40.4,熊本県熊本地方,32°33.9′N,130°38.3′E,10 km,0.7,---
2026/08/04,00:47:18.8,熊本県熊本地方,32°28.6′N,130°36.6′E,8 km,2.0,---
2026/08/04,00:48:48.4,愛知県西部,35°06.4′N,137°16.7′E,38 km,0.8,---
2026/08/04,00:48:56.2,岩手県内陸南部,39°02.7′N,140°54.4′E,9 km,0.5,---
2026/08/04,00:49:38.7,熊本県熊本地方,32°33.7′N,130°37.2′E,12 km,1.3,---
2026/08/04,00:49:58.5,熊本県天草・芦北地方,32°31.1′N,130°32.5′E,13 km,1.5,---
2026/08/04,00:50:30.7,熊本県熊本地方,32°38.4′N,130°42.1′E,15 km,0.5,---
2026/08/04,00:50:45.7,熊本県熊本地方,32°38.1′N,130°43.4′E,9 km,1.0,---
2026/08/04,00:50:58.7,トカラ列島近海,28°40.8′N,128°41.8′E,138 km,不明,---
2026/08/04,00:51:39.2,長野県南部,35°50.6′N,137°39.4′E,6 km,-0.3,---
2026/08/04,00:51:53.0,橘湾,32°37.3′N,129°54.2′E,9 km,0.3,---
2026/08/04,00:52:21.7,熊本県熊本地方,32°33.8′N,130°39.9′E,5 km,0.5,---
2026/08/04,00:52:56.0,熊本県熊本地方,32°44.6′N,130°47.5′E,9 km,1.5,---
2026/08/04,00:53:56.9,熊本県熊本地方,32°32.4′N,130°35.3′E,11 km,0.2,---
2026/08/04,00:54:03.0,三陸沖,39°37.2′N,143°30.0′E,11 km,4.4,---
2026/08/04,00:57:18.3,熊本県天草・芦北地方,32°26.2′N,130°28.7′E,2 km,0.0,---
2026/08/04,01:01:06.2,熊本県天草・芦北地方,32°30.2′N,130°32.8′E,7 km,0.4,---
2026/08/04,01:02:12.6,熊本県熊本地方,32°32.4′N,130°36.0′E,9 km,0.8,---
2026/08/04,01:03:09.2,千葉県南東沖,34°39.5′N,140°24.3′E,42 km,0.9,---
2026/08/04,01:04:11.7,三陸沖,40°23.4′N,143°35.0′E,10 km,1.5,---
2026/08/04,01:06:06.7,千葉県南部,35°10.6′N,140°13.1′E,17 km,1.5,---
2026/08/04,01:06:29.8,熊本県熊本地方,32°29.5′N,130°34.5′E,9 km,1.1,---
2026/08/04,01:07:45.7,熊本県熊本地方,32°44.1′N,130°45.9′E,9 km,0.2,---
2026/08/04,01:08:20.4,大阪府北部,34°51.5′N,135°36.2′E,14 km,1.4,---
2026/08/04,01:08:30.7,熊本県熊本地方,32°38.4′N,130°45.7′E,12 km,-0.1,---
2026/08/04,01:09:02.5,熊本県熊本地方,32°32.9′N,130°36.7′E,9 km,0.3,---
2026/08/04,01:09:51.8,熊本県熊本地方,32°41.6′N,130°45.0′E,10 km,0.6,---
2026/08/04,01:10:19.0,山口県中部,34°24.1′N,131°36.1′E,31 km,0.1,---
2026/08/04,01:11:00.7,熊本県熊本地方,32°32.4′N,130°36.2′E,11 km,0.5,---
2026/08/04,01:11:53.0,熊本県熊本地方,32°38.9′N,130°43.4′E,8 km,0.2,---
2026/08/04,01:12:44.6,三陸沖,40°20.1′N,144°42.2′E,32 km,2.1,---
2026/08/04,01:13:58.1,宮崎県南部山沿い,32°03.6′N,131°02.5′E,10 km,1.5,---
2026/08/04,01:15:08.4,岩手県沖,39°35.8′N,142°41.2′E,29 km,1.1,---
2026/08/04,01:15:28.7,熊本県熊本地方,32°33.1′N,130°37.9′E,5 km,0.2,---
2026/08/04,01:15:56.6,熊本県熊本地方,32°28.5′N,130°36.0′E,0 km,0.4,---
2026/08/04,01:17:30.6,熊本県天草・芦北地方,32°25.4′N,130°31.6′E,10 km,1.1,---
2026/08/04,01:18:05.3,上川地方南部,43°18.6′N,142°22.1′E,9 km,0.0,---
2026/08/04,01:18:31.1,熊本県熊本地方,32°30.8′N,130°35.5′E,7 km,0.1,---
2026/08/04,01:19:00.6,熊本県天草・芦北地方,32°24.5′N,130°30.5′E,7 km,1.1,---
2026/08/04,01:20:01.3,熊本県天草・芦北地方,32°26.0′N,130°33.8′E,2 km,0.6,---
2026/08/04,01:21:31.0,石垣島近海,24°30.3′N,124°14.1′E,12 km,-0.2,---
2026/08/04,01:22:48.7,岐阜県美濃中西部,35°24.7′N,136°53.4′E,12 km,0.5,---
2026/08/04,01:24:53.8,熊本県天草・芦北地方,32°27.5′N,130°33.2′E,17 km,0.1,---
2026/08/04,01:25:06.8,熊本県天草・芦北地方,32°30.2′N,130°30.1′E,10 km,0.0,---
2026/08/04,01:27:05.6,台湾付近,22°35.5′N,121°28.3′E,0 km,3.0,---
2026/08/04,01:27:55.0,熊本県天草・芦北地方,32°11.5′N,130°21.2′E,4 km,0.8,---
2026/08/04,01:27:57.3,熊本県熊本地方,32°35.6′N,130°38.2′E,15 km,0.5,---
2026/08/04,01:28:01.4,和歌山県北部,34°04.6′N,135°15.4′E,6 km,-0.4,---
2026/08/04,01:28:21.6,長野県中部,36°06.2′N,137°38.3′E,9 km,-0.2,---
2026/08/04,01:30:45.0,熊本県熊本地方,32°30.1′N,130°35.1′E,13 km,0.2,---
2026/08/04,01:31:16.0,天草灘,32°02.2′N,129°52.8′E,9 km,0.9,---
2026/08/04,01:32:26.2,熊本県熊本地方,32°33.9′N,130°36.6′E,13 km,1.6,---
2026/08/04,01:34:09.1,宮城県沖,38°14.8′N,142°10.7′E,38 km,1.8,---
2026/08/04,01:34:18.5,熊本県熊本地方,32°35.6′N,130°37.8′E,13 km,1.0,---
2026/08/04,01:35:15.5,熊本県天草・芦北地方,32°27.1′N,130°28.6′E,11 km,0.1,---
2026/08/04,01:35:36.9,熊本県熊本地方,32°31.8′N,130°35.9′E,0 km,0.1,---
2026/08/04,01:36:54.3,浦河沖,42°10.1′N,142°33.5′E,56 km,0.9,---
2026/08/04,01:36:59.3,熊本県熊本地方,32°39.6′N,130°42.1′E,13 km,0.8,---
2026/08/04,01:38:59.2,奄美大島近海,28°14.8′N,129°35.5′E,23 km,0.7,---
2026/08/04,01:39:14.7,熊本県熊本地方,32°31.4′N,130°37.5′E,8 km,1.4,---
2026/08/04,01:39:34.8,石垣島近海,23°23.8′N,125°04.8′E,34 km,不明,---
2026/08/04,01:40:08.3,茨城県沖,36°25.4′N,141°03.4′E,36 km,1.1,---
2026/08/04,01:40:14.4,西表島付近,24°06.1′N,123°24.1′E,15 km,0.8,---
2026/08/04,01:40:22.0,熊本県熊本地方,32°40.7′N,130°45.5′E,10 km,1.6,---
2026/08/04,01:41:18.2,遠州灘,34°25.1′N,137°52.3′E,21 km,1.8,---
2026/08/04,01:41:21.5,熊本県熊本地方,32°41.5′N,130°45.5′E,9 km,0.2,---
2026/08/04,01:41:44.4,熊本県熊本地方,32°32.5′N,130°37.0′E,10 km,-0.1,---
2026/08/04,01:41:53.2,熊本県熊本地方,32°42.5′N,130°45.3′E,10 km,0.8,---
2026/08/04,01:42:52.0,熊本県熊本地方,32°31.5′N,130°34.1′E,11 km,0.2,---
2026/08/04,01:43:28.2,熊本県天草・芦北地方,32°15.3′N,130°29.9′E,4 km,0.4,---
2026/08/04,01:44:19.6,岩手県内陸南部,39°03.0′N,140°54.8′E,9 km,1.2,---
2026/08/04,01:45:08.8,熊本県熊本地方,32°41.5′N,130°43.9′E,14 km,0.1,---
2026/08/04,01:45:23.3,熊本県熊本地方,32°32.8′N,130°34.9′E,6 km,1.8,---
2026/08/04,01:46:29.0,熊本県天草・芦北地方,32°29.8′N,130°31.6′E,8 km,0.2,---
2026/08/04,01:46:40.6,熊本県熊本地方,32°34.4′N,130°39.1′E,3 km,0.6,---
2026/08/04,01:47:59.9,熊本県熊本地方,32°30.1′N,130°34.6′E,12 km,0.2,---
2026/08/04,01:48:25.5,熊本県熊本地方,32°38.3′N,130°41.6′E,14 km,-0.1,---
2026/08/04,01:48:34.3,石狩地方北部,43°11.4′N,141°29.1′E,153 km,1.4,---
2026/08/04,01:49:09.8,熊本県熊本地方,32°43.5′N,130°47.3′E,9 km,0.2,---
2026/08/04,01:50:00.9,熊本県熊本地方,32°34.1′N,130°38.6′E,13 km,0.2,---
2026/08/04,01:50:28.6,長野県南部,35°52.2′N,137°23.2′E,10 km,0.1,---
2026/08/04,01:51:35.8,熊本県天草・芦北地方,32°16.0′N,130°23.0′E,7 km,0.3,---
2026/08/04,01:53:13.4,福井県嶺南,35°32.4′N,135°53.6′E,11 km,0.4,---
2026/08/04,01:53:24.2,福井県嶺南,35°32.7′N,135°53.4′E,11 km,0.3,---
2026/08/04,01:53:28.7,熊本県熊本地方,32°38.7′N,130°44.2′E,8 km,0.6,---
2026/08/04,01:54:40.9,熊本県熊本地方,32°43.9′N,130°46.2′E,9 km,1.1,---
2026/08/04,01:54:52.7,島根県東部,35°19.1′N,133°11.9′E,10 km,0.1,---
2026/08/04,01:56:51.9,熊本県熊本地方,32°39.9′N,130°43.9′E,11 km,0.1,---
2026/08/04,01:58:39.4,熊本県熊本地方,32°33.2′N,130°36.3′E,10 km,0.8,---
2026/08/04,01:59:21.5,熊本県天草・芦北地方,32°31.0′N,130°33.2′E,13 km,1.6,---
2026/08/04,02:01:22.7,熊本県熊本地方,32°36.9′N,130°42.3′E,11 km,0.3,---
2026/08/04,02:01:58.1,八丈島東方沖,33°42.1′N,141°40.9′E,17 km,3.0,---
2026/08/04,02:02:01.7,熊本県熊本地方,32°40.0′N,130°42.7′E,15 km,0.3,---
2026/08/04,02:02:07.5,岩手県沖,40°18.0′N,141°59.0′E,60 km,0.4,---
2026/08/04,02:02:17.8,熊本県熊本地方,32°38.0′N,130°41.7′E,14 km,0.1,---
2026/08/04,02:03:56.8,熊本県熊本地方,32°32.8′N,130°39.4′E,4 km,1.0,---
2026/08/04,02:05:21.1,紀伊水道,33°59.1′N,135°05.8′E,8 km,0.3,---
2026/08/04,02:05:56.3,岐阜県飛騨地方,36°03.0′N,137°33.1′E,5 km,-0.4,---
2026/08/04,02:05:57.6,熊本県熊本地方,32°39.7′N,130°44.2′E,10 km,0.1,---
2026/08/04,02:06:28.2,熊本県熊本地方,32°33.9′N,130°39.2′E,10 km,0.0,---
2026/08/04,02:06:46.7,熊本県熊本地方,32°40.1′N,130°48.7′E,14 km,0.7,---
2026/08/04,02:07:33.8,熊本県熊本地方,32°36.6′N,130°43.4′E,4 km,-0.3,---
2026/08/04,02:07:35.9,長野県北部,36°34.8′N,137°50.8′E,8 km,0.1,---
2026/08/04,02:08:00.9,茨城県北部,36°43.8′N,140°34.4′E,10 km,0.0,---
2026/08/04,02:08:17.5,熊本県熊本地方,32°34.2′N,130°37.8′E,12 km,0.9,---
2026/08/04,02:09:53.8,熊本県天草・芦北地方,32°24.3′N,130°27.6′E,12 km,0.7,---
2026/08/04,02:10:36.3,熊本県熊本地方,32°37.7′N,130°42.7′E,11 km,0.3,---
2026/08/04,02:10:52.6,熊本県天草・芦北地方,32°28.8′N,130°34.1′E,0 km,0.8,---
2026/08/04,02:11:42.6,西表島付近,24°03.9′N,123°42.5′E,13 km,1.0,---
2026/08/04,02:13:23.3,熊本県熊本地方,32°29.9′N,130°36.8′E,15 km,0.2,---
2026/08/04,02:14:01.6,熊本県熊本地方,32°31.6′N,130°34.1′E,9 km,0.0,---
2026/08/04,02:14:55.4,山口県中部,34°24.3′N,131°36.5′E,32 km,不明,---
2026/08/04,02:15:00.3,天草灘,31°58.6′N,130°10.8′E,4 km,0.4,---
2026/08/04,02:15:24.6,新潟県下越沖,38°06.0′N,138°47.9′E,21 km,2.0,---
2026/08/04,02:15:33.9,山口県中部,34°24.9′N,131°35.8′E,32 km,0.3,---
2026/08/04,02:15:42.1,伊豆大島近海,34°58.7′N,139°31.1′E,28 km,1.1,---
2026/08/04,02:16:42.2,熊本県熊本地方,32°32.5′N,130°39.3′E,4 km,1.1,---
2026/08/04,02:17:42.5,熊本県天草・芦北地方,32°28.4′N,130°33.2′E,3 km,0.8,---
2026/08/04,02:18:06.7,石川県西方沖,37°01.1′N,136°26.2′E,0 km,0.4,---
2026/08/04,02:18:29.3,愛知県東部,34°51.0′N,137°22.5′E,296 km,3.6,---
2026/08/04,02:18:53.2,熊本県天草・芦北地方,32°19.2′N,130°28.7′E,6 km,2.4,---
2026/08/04,02:19:37.2,山口県中部,34°24.5′N,131°36.3′E,31 km,0.1,---
2026/08/04,02:19:47.3,熊本県天草・芦北地方,32°27.8′N,130°33.7′E,0 km,0.7,---
2026/08/04,02:20:28.1,熊本県熊本地方,32°40.7′N,130°44.8′E,12 km,0.5,---
2026/08/04,02:21:16.1,熊本県熊本地方,32°33.4′N,130°36.6′E,14 km,0.3,---
2026/08/04,02:22:17.4,熊本県熊本地方,32°39.5′N,130°43.7′E,10 km,0.1,---
2026/08/04,02:22:43.9,熊本県熊本地方,32°40.0′N,130°41.7′E,15 km,0.2,---
2026/08/04,02:24:13.4,熊本県熊本地方,32°30.8′N,130°36.2′E,0 km,0.0,---
2026/08/04,02:24:42.4,熊本県天草・芦北地方,32°24.1′N,130°29.4′E,11 km,0.3,---
2026/08/04,02:24:53.0,熊本県天草・芦北地方,32°37.5′N,130°39.3′E,16 km,0.3,---
2026/08/04,02:25:22.7,熊本県天草・芦北地方,32°23.0′N,130°28.1′E,6 km,0.7,---
2026/08/04,02:25:23.4,石川県能登地方,37°29.8′N,137°13.9′E,9 km,-0.3,---
2026/08/04,02:25:32.8,熊本県天草・芦北地方,32°28.6′N,130°33.5′E,8 km,0.9,---
2026/08/04,02:25:52.3,熊本県熊本地方,32°36.5′N,130°42.1′E,3 km,0.3,---
2026/08/04,02:27:16.4,三陸沖,40°32.3′N,145°03.1′E,17 km,1.4,---
2026/08/04,02:28:19.8,熊本県熊本地方,32°34.0′N,130°38.3′E,14 km,1.6,---
2026/08/04,02:29:28.8,熊本県熊本地方,32°31.2′N,130°35.5′E,15 km,0.2,---
2026/08/04,02:32:16.9,熊本県天草・芦北地方,32°23.7′N,130°29.1′E,7 km,0.7,---
2026/08/04,02:32:23.7,三陸沖,40°11.4′N,143°09.9′E,13 km,1.1,---
2026/08/04,02:33:14.0,熊本県天草・芦北地方,32°17.3′N,130°24.9′E,12 km,0.3,---
2026/08/04,02:34:12.8,熊本県天草・芦北地方,32°28.2′N,130°32.9′E,6 km,1.1,---
2026/08/04,02:34:27.9,熊本県熊本地方,32°39.3′N,130°41.7′E,13 km,1.5,---
2026/08/04,02:35:06.3,熊本県天草・芦北地方,32°28.1′N,130°29.1′E,12 km,0.0,---
2026/08/04,02:35:47.4,熊本県天草・芦北地方,32°27.4′N,130°30.9′E,0 km,0.6,---
2026/08/04,02:36:21.1,熊本県天草・芦北地方,32°27.1′N,130°33.7′E,10 km,1.6,---
2026/08/04,02:37:26.8,熊本県熊本地方,32°38.5′N,130°41.6′E,15 km,0.1,---
2026/08/04,02:39:03.0,熊本県天草・芦北地方,32°27.9′N,130°30.0′E,0 km,0.1,---
2026/08/04,02:39:06.7,長野県中部,36°14.2′N,137°39.4′E,4 km,-0.2,---
2026/08/04,02:40:05.4,熊本県熊本地方,32°41.7′N,130°45.9′E,9 km,-0.2,---
2026/08/04,02:40:22.7,熊本県熊本地方,32°32.1′N,130°35.9′E,12 km,1.0,---
2026/08/04,02:41:15.2,鹿児島県薩摩地方,32°09.4′N,130°19.9′E,4 km,-0.1,---
2026/08/04,02:42:38.0,熊本県熊本地方,32°29.4′N,130°34.1′E,12 km,0.3,---
2026/08/04,02:43:00.9,福島県中通り,37°00.5′N,140°35.9′E,10 km,0.9,---
2026/08/04,02:44:24.2,山口県中部,34°24.7′N,131°36.2′E,31 km,0.3,---
2026/08/04,02:44:37.7,日向灘,31°57.3′N,132°00.5′E,18 km,1.5,---
2026/08/04,02:45:56.0,岡山県南部,34°35.0′N,133°32.0′E,18 km,0.8,---
2026/08/04,02:45:59.4,長崎県南西部,32°50.5′N,129°48.3′E,10 km,0.0,---
2026/08/04,02:46:54.4,山口県中部,34°24.6′N,131°35.9′E,31 km,不明,---
2026/08/04,02:47:44.1,熊本県熊本地方,32°35.1′N,130°37.0′E,14 km,0.3,---
2026/08/04,02:48:13.0,熊本県熊本地方,32°38.6′N,130°44.2′E,10 km,0.5,---
2026/08/04,02:49:35.8,熊本県熊本地方,32°31.6′N,130°36.7′E,6 km,0.6,---
2026/08/04,02:50:08.8,熊本県天草・芦北地方,32°27.6′N,130°32.9′E,10 km,2.4,---
2026/08/04,02:50:36.9,山口県中部,34°24.4′N,131°35.8′E,31 km,0.2,---
2026/08/04,02:50:48.6,山口県中部,34°24.7′N,131°36.0′E,33 km,0.5,---
2026/08/04,02:51:11.9,山口県中部,34°24.6′N,131°36.3′E,32 km,0.1,---
2026/08/04,02:51:16.2,熊本県熊本地方,32°29.6′N,130°34.3′E,13 km,0.4,---
2026/08/04,02:53:48.6,西表島付近,24°03.3′N,123°42.5′E,14 km,0.6,---
2026/08/04,02:54:05.5,三陸沖,39°37.1′N,143°30.2′E,12 km,2.2,---
2026/08/04,02:54:27.9,熊本県熊本地方,32°33.7′N,130°37.6′E,11 km,0.2,---
2026/08/04,02:54:41.5,岡山県南部,34°35.1′N,133°31.9′E,19 km,0.8,---
2026/08/04,02:55:36.0,熊本県天草・芦北地方,32°22.5′N,130°28.5′E,8 km,0.2,---
2026/08/04,02:55:47.8,熊本県天草・芦北地方,32°27.1′N,130°31.4′E,1 km,0.1,---
2026/08/04,02:57:13.6,石川県能登地方,37°27.7′N,137°10.0′E,10 km,0.2,---
2026/08/04,02:57:14.9,秋田県内陸北部,39°58.7′N,140°32.6′E,3 km,0.1,---
2026/08/04,02:58:50.0,熊本県熊本地方,32°36.0′N,130°42.5′E,8 km,-0.1,---
2026/08/04,03:01:04.7,岩手県内陸北部,39°50.3′N,141°25.3′E,13 km,0.4,---
2026/08/04,03:02:26.6,熊本県天草・芦北地方,32°30.3′N,130°33.7′E,8 km,0.8,---
2026/08/04,03:02:26.8,広島県南西部,34°30.3′N,132°06.9′E,17 km,0.4,---
2026/08/04,03:03:03.6,奄美大島北東沖,29°32.5′N,130°07.3′E,45 km,1.2,---
2026/08/04,03:03:38.5,和歌山県北部,33°51.0′N,135°20.0′E,46 km,0.4,---
2026/08/04,03:05:13.7,茨城県沖,36°48.8′N,141°10.3′E,10 km,1.0,---
2026/08/04,03:05:40.1,浦河沖,41°43.2′N,142°20.3′E,47 km,0.7,---
2026/08/04,03:05:47.8,熊本県天草・芦北地方,32°28.3′N,130°32.6′E,5 km,0.5,---
2026/08/04,03:07:03.7,熊本県熊本地方,32°38.0′N,130°43.4′E,9 km,1.4,---
2026/08/04,03:08:38.1,薩摩半島西方沖,31°51.0′N,130°07.5′E,12 km,0.2,---
2026/08/04,03:08:39.4,福島県沖,37°22.8′N,141°57.1′E,30 km,1.0,---
2026/08/04,03:09:02.0,熊本県熊本地方,32°31.7′N,130°35.7′E,11 km,0.2,---
2026/08/04,03:09:25.3,熊本県天草・芦北地方,32°27.9′N,130°32.5′E,15 km,0.4,---
2026/08/04,03:10:30.6,熊本県熊本地方,32°40.5′N,130°43.6′E,7 km,1.1,---
2026/08/04,03:11:58.8,熊本県熊本地方,32°32.0′N,130°34.9′E,7 km,0.0,---
2026/08/04,03:13:03.7,熊本県天草・芦北地方,32°27.5′N,130°33.3′E,2 km,0.0,---
2026/08/04,03:14:36.6,熊本県天草・芦北地方,32°29.9′N,130°31.6′E,6 km,0.1,---
2026/08/04,03:15:44.9,熊本県天草・芦北地方,32°26.5′N,130°32.9′E,3 km,-0.1,---
2026/08/04,03:16:37.6,三陸沖,40°05.2′N,143°16.5′E,26 km,0.7,---
2026/08/04,03:17:03.0,熊本県熊本地方,32°32.5′N,130°36.2′E,14 km,0.5,---
2026/08/04,03:17:15.6,熊本県天草・芦北地方,32°31.4′N,130°32.6′E,15 km,0.7,---
2026/08/04,03:18:54.2,三陸沖,39°06.9′N,143°18.5′E,3 km,1.1,---
2026/08/04,03:18:54.3,熊本県天草・芦北地方,32°30.3′N,130°31.7′E,9 km,0.1,---
2026/08/04,03:19:09.9,熊本県天草・芦北地方,32°27.7′N,130°34.4′E,3 km,0.2,---
2026/08/04,03:19:36.3,日向灘,31°59.1′N,132°01.3′E,16 km,1.3,---
2026/08/04,03:19:41.7,和歌山県北部,34°14.0′N,135°27.1′E,7 km,-0.1,---
2026/08/04,03:20:38.1,熊本県熊本地方,32°43.5′N,130°46.9′E,5 km,-0.1,---
2026/08/04,03:21:06.8,西表島付近,24°34.8′N,123°47.4′E,22 km,0.9,---
2026/08/04,03:21:31.9,熊本県熊本地方,32°41.1′N,130°47.0′E,15 km,0.3,---
2026/08/04,03:22:32.1,石川県能登地方,37°22.0′N,137°06.6′E,9 km,0.6,---
2026/08/04,03:23:34.3,熊本県天草・芦北地方,32°17.5′N,130°25.8′E,8 km,0.3,---
2026/08/04,03:26:53.8,熊本県熊本地方,32°39.3′N,130°44.5′E,10 km,-0.2,---
2026/08/04,03:27:28.9,熊本県熊本地方,32°33.4′N,130°36.7′E,11 km,0.3,---
2026/08/04,03:28:00.9,熊本県天草・芦北地方,32°28.3′N,130°32.4′E,17 km,0.3,---
2026/08/04,03:28:34.6,熊本県天草・芦北地方,32°27.0′N,130°32.9′E,9 km,0.5,---
2026/08/04,03:28:52.4,島根県西部,35°11.7′N,132°35.9′E,12 km,0.1,---
2026/08/04,03:29:01.0,熊本県熊本地方,32°34.4′N,130°38.3′E,8 km,0.7,---
2026/08/04,03:29:06.3,福島県沖,37°50.0′N,141°36.0′E,48 km,1.1,---
2026/08/04,03:29:18.7,千葉県南東沖,35°04.7′N,140°08.4′E,78 km,1.5,---
2026/08/04,03:29:32.0,千葉県南東沖,35°04.9′N,140°09.8′E,79 km,1.4,---
2026/08/04,03:30:13.3,熊本県熊本地方,32°41.1′N,130°43.6′E,12 km,0.3,---
2026/08/04,03:30:48.0,長野県南部,35°54.2′N,137°37.4′E,4 km,-0.2,---
2026/08/04,03:31:15.4,薩摩半島西方沖,31°52.3′N,129°54.8′E,10 km,0.3,---
2026/08/04,03:31:16.9,熊本県天草・芦北地方,32°28.3′N,130°32.2′E,1 km,0.4,---
2026/08/04,03:31:40.6,熊本県天草・芦北地方,32°20.2′N,130°23.0′E,15 km,0.2,---
2026/08/04,03:31:55.8,西表島付近,24°23.9′N,123°51.7′E,11 km,0.6,---
2026/08/04,03:31:58.3,鹿児島県薩摩地方,32°05.9′N,130°19.6′E,3 km,0.3,---
2026/08/04,03:33:17.2,熊本県熊本地方,32°30.3′N,130°35.1′E,12 km,2.2,---
2026/08/04,03:33:52.3,熊本県天草・芦北地方,32°27.5′N,130°30.0′E,9 km,1.0,---
2026/08/04,03:34:32.4,福島県沖,37°09.3′N,142°15.5′E,15 km,1.5,---
2026/08/04,03:35:04.1,熊本県熊本地方,32°35.2′N,130°37.6′E,14 km,0.2,---
2026/08/04,03:35:30.8,熊本県熊本地方,32°33.9′N,130°38.1′E,13 km,0.3,---
2026/08/04,03:35:48.2,和歌山県北部,33°53.0′N,135°14.5′E,7 km,-0.1,---
2026/08/04,03:36:17.9,熊本県天草・芦北地方,32°28.3′N,130°33.9′E,0 km,0.0,---
2026/08/04,03:37:45.2,熊本県天草・芦北地方,32°30.9′N,130°31.9′E,12 km,0.3,---
2026/08/04,03:38:03.2,熊本県熊本地方,32°39.6′N,130°41.6′E,16 km,0.6,---
2026/08/04,03:38:38.8,熊本県天草・芦北地方,32°27.9′N,130°30.6′E,8 km,0.4,---
2026/08/04,03:38:41.4,山口県中部,34°24.4′N,131°36.3′E,31 km,0.3,---
2026/08/04,03:39:02.9,熊本県熊本地方,32°49.9′N,130°49.8′E,12 km,0.0,---
2026/08/04,03:39:23.0,熊本県天草・芦北地方,32°27.5′N,130°29.5′E,9 km,0.2,---
2026/08/04,03:40:50.1,三陸沖,39°37.5′N,143°29.6′E,13 km,3.4,---
2026/08/04,03:41:09.6,熊本県熊本地方,32°41.2′N,130°42.8′E,14 km,0.8,---
2026/08/04,03:42:12.8,熊本県天草・芦北地方,32°14.1′N,130°24.3′E,2 km,0.2,---
2026/08/04,03:42:44.4,熊本県天草・芦北地方,32°18.0′N,130°26.9′E,7 km,0.2,---
2026/08/04,03:44:08.4,熊本県熊本地方,32°37.7′N,130°43.3′E,10 km,-0.1,---
2026/08/04,03:44:29.6,熊本県天草・芦北地方,32°28.1′N,130°32.7′E,0 km,0.2,---
2026/08/04,03:45:09.5,熊本県熊本地方,32°38.8′N,130°41.2′E,16 km,0.3,---
2026/08/04,03:47:03.9,熊本県天草・芦北地方,32°23.5′N,130°29.1′E,7 km,1.0,---
2026/08/04,03:48:38.0,鹿児島県薩摩地方,32°08.8′N,130°20.8′E,5 km,0.0,---
2026/08/04,03:49:11.0,長野県北部,36°33.3′N,137°50.8′E,9 km,-0.5,---
2026/08/04,03:49:20.7,熊本県天草・芦北地方,32°30.2′N,130°31.9′E,14 km,1.2,---
2026/08/04,03:49:56.0,和歌山県北部,34°08.8′N,135°12.5′E,5 km,1.9,---
2026/08/04,03:50:24.2,岩手県沖,40°03.3′N,142°12.4′E,12 km,0.8,---
2026/08/04,03:50:25.8,三陸沖,39°37.5′N,143°29.6′E,13 km,2.7,---
2026/08/04,03:50:27.5,熊本県熊本地方,32°41.5′N,130°44.0′E,10 km,0.9,---
2026/08/04,03:50:49.9,熊本県天草・芦北地方,32°11.7′N,130°20.1′E,5 km,1.0,---
2026/08/04,03:51:51.9,熊本県天草・芦北地方,32°17.0′N,130°24.5′E,0 km,0.7,---
2026/08/04,03:52:16.3,熊本県熊本地方,32°29.8′N,130°35.2′E,5 km,0.6,---
2026/08/04,03:53:21.3,熊本県天草・芦北地方,32°28.1′N,130°33.1′E,5 km,0.4,---
2026/08/04,03:54:06.0,能登半島沖,37°08.9′N,136°43.5′E,6 km,1.1,---
2026/08/04,03:54:59.2,山口県中部,34°23.3′N,131°36.5′E,32 km,0.2,---
2026/08/04,03:55:17.0,熊本県熊本地方,32°31.2′N,130°35.6′E,11 km,0.8,---
2026/08/04,03:55:48.5,熊本県天草・芦北地方,32°25.4′N,130°30.6′E,7 km,-0.1,---
2026/08/04,03:56:20.9,熊本県熊本地方,32°33.1′N,130°38.8′E,7 km,0.9,---
2026/08/04,03:56:46.0,熊本県熊本地方,32°32.6′N,130°36.4′E,10 km,-0.1,---
2026/08/04,03:56:55.9,西表島付近,24°23.6′N,123°51.4′E,12 km,不明,---
2026/08/04,04:00:25.2,高知県中部,33°40.0′N,133°29.5′E,10 km,-0.4,---
2026/08/04,04:00:48.9,三重県南東沖,33°58.0′N,137°29.7′E,329 km,2.7,---
2026/08/04,04:01:27.9,十勝地方北部,43°22.6′N,142°45.2′E,10 km,0.2,---
2026/08/04,04:01:33.1,熊本県熊本地方,32°29.2′N,130°34.1′E,8 km,0.4,---
2026/08/04,04:01:52.4,山口県中部,34°23.7′N,131°35.9′E,30 km,不明,---
2026/08/04,04:02:20.0,熊本県熊本地方,32°31.1′N,130°35.5′E,14 km,1.3,---
2026/08/04,04:02:37.1,千葉県北東部,35°40.5′N,140°36.2′E,50 km,1.7,---
2026/08/04,04:02:50.5,神奈川県西部,35°14.6′N,138°59.1′E,3 km,不明,---
2026/08/04,04:03:41.7,熊本県天草・芦北地方,32°28.3′N,130°31.5′E,11 km,0.2,---
2026/08/04,04:04:00.3,熊本県天草・芦北地方,32°25.3′N,130°29.9′E,9 km,2.2,---
2026/08/04,04:05:39.2,長野県南部,35°56.4′N,137°37.8′E,9 km,-0.5,---
2026/08/04,04:06:36.7,天草灘,31°58.4′N,130°11.1′E,3 km,0.1,---
2026/08/04,04:07:03.0,和歌山県南方沖,33°19.3′N,135°29.6′E,25 km,0.7,---
2026/08/04,04:08:06.0,宮古島近海,24°43.0′N,124°33.5′E,13 km,1.4,---
2026/08/04,04:09:26.9,熊本県熊本地方,32°38.5′N,130°42.8′E,9 km,1.1,---
2026/08/04,04:10:29.6,熊本県熊本地方,32°37.7′N,130°42.7′E,8 km,0.6,---
2026/08/04,04:10:34.5,長野県南部,35°54.3′N,137°37.5′E,7 km,不明,---
2026/08/04,04:11:12.1,奄美大島近海,27°44.0′N,128°30.1′E,13 km,1.3,---
2026/08/04,04:11:16.1,薩摩半島西方沖,31°42.1′N,130°11.8′E,12 km,不明,---
2026/08/04,04:12:01.7,福島県沖,37°16.6′N,142°06.8′E,20 km,1.5,---
2026/08/04,04:12:05.6,熊本県熊本地方,32°33.2′N,130°38.1′E,4 km,0.2,---
2026/08/04,04:13:28.0,熊本県天草・芦北地方,32°26.7′N,130°29.8′E,10 km,1.2,---
2026/08/04,04:14:15.2,熊本県熊本地方,32°38.9′N,130°42.2′E,15 km,0.4,---
2026/08/04,04:15:06.1,栃木県北部,37°05.8′N,139°51.1′E,9 km,1.0,---
2026/08/04,04:15:25.1,熊本県天草・芦北地方,32°25.3′N,130°29.9′E,9 km,2.0,---
2026/08/04,04:16:17.1,能登半島沖,37°08.7′N,136°42.7′E,7 km,0.3,---
2026/08/04,04:17:08.3,熊本県天草・芦北地方,32°24.2′N,130°29.0′E,6 km,0.5,---
2026/08/04,04:19:35.9,熊本県熊本地方,32°39.7′N,130°44.3′E,11 km,0.0,---
2026/08/04,04:21:35.5,熊本県熊本地方,32°30.5′N,130°35.3′E,7 km,0.7,---
2026/08/04,04:23:00.8,熊本県熊本地方,32°30.4′N,130°35.1′E,13 km,2.0,---
2026/08/04,04:23:51.6,三陸沖,40°09.4′N,143°21.5′E,15 km,1.8,---
2026/08/04,04:28:27.6,山口県中部,34°24.5′N,131°36.0′E,31 km,0.5,---
2026/08/04,04:31:45.4,熊本県天草・芦北地方,32°25.2′N,130°29.6′E,5 km,1.0,---
2026/08/04,04:32:28.0,千葉県東方沖,35°20.6′N,141°06.1′E,2 km,1.7,---
2026/08/04,04:32:43.8,熊本県天草・芦北地方,32°23.4′N,130°29.5′E,5 km,0.0,---
2026/08/04,04:34:43.5,釧路地方北部,43°35.0′N,144°19.3′E,1 km,不明,---
2026/08/04,04:34:53.0,宮崎県北部平野部,32°30.0′N,131°42.9′E,19 km,1.6,---
2026/08/04,04:34:54.5,福井県嶺南,35°29.1′N,135°52.8′E,10 km,0.5,---
2026/08/04,04:35:40.2,島根県西部,35°13.4′N,132°36.4′E,12 km,0.7,---
2026/08/04,04:37:04.9,釧路地方中南部,43°06.5′N,144°26.7′E,118 km,1.3,---
2026/08/04,04:37:55.4,熊本県天草・芦北地方,32°31.2′N,130°33.5′E,15 km,0.3,---
2026/08/04,04:38:23.9,熊本県熊本地方,32°29.6′N,130°35.7′E,7 km,0.4,---
2026/08/04,04:39:13.0,三陸沖,38°06.8′N,144°27.8′E,18 km,1.1,---
2026/08/04,04:39:40.7,山口県中部,34°24.5′N,131°36.4′E,31 km,0.4,---
2026/08/04,04:39:40.9,熊本県天草・芦北地方,32°30.7′N,130°32.6′E,13 km,0.0,---
2026/08/04,04:44:14.9,山口県中部,34°24.3′N,131°36.2′E,31 km,0.4,---
2026/08/04,04:44:45.3,熊本県天草・芦北地方,32°25.7′N,130°29.0′E,9 km,0.2,---
2026/08/04,04:45:25.7,熊本県熊本地方,32°28.6′N,130°37.1′E,11 km,0.8,---
2026/08/04,04:48:38.4,山口県中部,34°23.8′N,131°36.5′E,32 km,-0.1,---
2026/08/04,04:49:22.6,山口県中部,34°24.4′N,131°35.8′E,32 km,不明,---
2026/08/04,04:49:51.5,山口県中部,34°24.8′N,131°35.9′E,32 km,不明,---
2026/08/04,04:50:42.6,熊本県熊本地方,32°29.5′N,130°34.3′E,6 km,0.5,---
2026/08/04,04:50:53.3,山口県中部,34°24.2′N,131°36.2′E,30 km,不明,---
2026/08/04,04:51:10.8,日向灘,32°43.0′N,132°27.7′E,32 km,0.9,---
2026/08/04,04:51:29.1,熊本県熊本地方,32°30.5′N,130°35.2′E,10 km,1.0,---
2026/08/04,04:51:37.8,山口県中部,34°24.7′N,131°36.2′E,32 km,0.5,---
2026/08/04,04:51:51.2,熊本県熊本地方,32°40.2′N,130°42.9′E,14 km,0.8,---
2026/08/04,04:52:14.2,沖縄本島近海,26°56.5′N,128°57.4′E,31 km,1.1,---
2026/08/04,04:52:51.6,三陸沖,39°36.5′N,143°30.3′E,10 km,1.1,---
2026/08/04,04:52:59.6,熊本県天草・芦北地方,32°30.1′N,130°33.0′E,12 km,0.5,---
2026/08/04,04:53:48.6,日向灘,32°20.2′N,132°32.5′E,26 km,1.3,---
2026/08/04,04:54:31.6,山口県中部,34°24.7′N,131°36.5′E,31 km,不明,---
2026/08/04,04:54:56.6,福島県沖,37°43.9′N,141°34.0′E,52 km,1.8,---
2026/08/04,04:55:07.7,山口県中部,34°24.4′N,131°36.5′E,31 km,不明,---
2026/08/04,04:55:50.9,熊本県天草・芦北地方,32°29.6′N,130°32.1′E,10 km,0.8,---
2026/08/04,04:56:10.7,山口県中部,34°24.6′N,131°36.2′E,31 km,0.6,---
2026/08/04,04:56:20.7,熊本県天草・芦北地方,32°28.6′N,130°32.7′E,0 km,1.1,---
2026/08/04,04:56:55.8,山口県中部,34°24.7′N,131°36.2′E,32 km,不明,---
2026/08/04,04:57:32.1,熊本県熊本地方,32°31.9′N,130°35.2′E,11 km,0.3,---
2026/08/04,04:58:03.7,山口県北部,34°25.1′N,131°35.7′E,30 km,不明,---
2026/08/04,04:59:06.3,熊本県熊本地方,32°30.0′N,130°35.5′E,7 km,0.7,---
2026/08/04,04:59:37.4,山口県中部,34°24.6′N,131°35.8′E,31 km,不明,---
2026/08/04,04:59:48.4,根室半島南東沖,42°55.9′N,145°54.4′E,35 km,2.4,---
2026/08/04,04:59:53.2,熊本県熊本地方,32°30.0′N,130°35.8′E,10 km,2.0,---
2026/08/04,05:00:42.2,熊本県熊本地方,32°40.0′N,130°43.9′E,12 km,0.4,---
2026/08/04,05:01:28.8,熊本県天草・芦北地方,32°25.6′N,130°29.8′E,9 km,1.8,---
2026/08/04,05:02:50.7,熊本県熊本地方,32°31.8′N,130°35.8′E,13 km,0.4,---
2026/08/04,05:03:14.5,奄美大島近海,27°14.0′N,130°14.5′E,59 km,不明,---
2026/08/04,05:04:21.3,宮城県沖,38°27.1′N,142°00.6′E,42 km,1.3,---
2026/08/04,05:05:07.5,熊本県熊本地方,32°38.1′N,130°44.1′E,9 km,0.3,---
2026/08/04,05:05:28.2,福島県沖,36°56.0′N,141°03.4′E,44 km,不明,---
2026/08/04,05:06:33.3,秋田県内陸南部,39°17.5′N,140°38.5′E,113 km,1.6,---
2026/08/04,05:06:38.6,熊本県天草・芦北地方,32°19.1′N,130°26.5′E,8 km,0.8,---
2026/08/04,05:06:48.0,山口県中部,34°24.8′N,131°36.4′E,31 km,0.6,---
2026/08/04,05:07:20.7,長野県南部,35°54.3′N,138°06.6′E,8 km,0.1,---
2026/08/04,05:07:26.2,熊本県熊本地方,32°36.1′N,130°42.0′E,4 km,1.2,---
2026/08/04,05:08:07.0,熊本県熊本地方,32°46.8′N,130°48.7′E,9 km,2.0,---
2026/08/04,05:09:21.5,熊本県熊本地方,32°34.6′N,130°38.9′E,10 km,0.7,---
2026/08/04,05:09:54.5,山口県北部,34°25.0′N,131°36.8′E,32 km,0.4,---
2026/08/04,05:10:42.2,熊本県熊本地方,32°30.0′N,130°36.5′E,12 km,0.1,---
2026/08/04,05:10:52.4,山口県北部,34°26.1′N,131°34.7′E,33 km,0.1,---
2026/08/04,05:12:21.9,熊本県熊本地方,32°36.6′N,130°40.1′E,8 km,0.0,---
2026/08/04,05:13:25.6,熊本県天草・芦北地方,32°28.1′N,130°32.3′E,6 km,0.3,---
2026/08/04,05:13:44.9,山口県中部,34°24.7′N,131°36.7′E,32 km,0.3,---
2026/08/04,05:14:01.5,熊本県熊本地方,32°29.2′N,130°34.5′E,12 km,0.0,---
2026/08/04,05:15:24.5,熊本県熊本地方,32°30.6′N,130°40.4′E,10 km,0.0,---
2026/08/04,05:16:41.0,熊本県熊本地方,32°38.0′N,130°42.6′E,12 km,0.3,---
2026/08/04,05:16:55.2,熊本県熊本地方,32°38.3′N,130°43.4′E,10 km,0.6,---
2026/08/04,05:17:57.7,熊本県天草・芦北地方,32°29.2′N,130°32.8′E,2 km,-0.1,---
2026/08/04,05:19:00.9,根室半島南東沖,42°05.4′N,146°29.2′E,48 km,1.1,---
2026/08/04,05:19:24.5,紀伊水道,34°09.0′N,135°10.1′E,7 km,0.9,---
2026/08/04,05:20:02.0,熊本県天草・芦北地方,32°23.3′N,130°28.6′E,10 km,0.2,---
2026/08/04,05:20:37.5,大隅半島東方沖,31°02.7′N,131°37.6′E,38 km,1.0,---
2026/08/04,05:20:40.6,和歌山県北部,33°58.2′N,135°05.3′E,8 km,0.2,---
2026/08/04,05:21:11.8,三陸沖,40°47.2′N,145°41.2′E,20 km,1.7,---
2026/08/04,05:21:33.3,熊本県球磨地方,32°16.8′N,130°47.7′E,10 km,1.0,---
2026/08/04,05:23:12.9,山口県中部,34°24.4′N,131°36.3′E,32 km,不明,---
2026/08/04,05:25:19.7,岩手県内陸南部,39°02.8′N,140°54.8′E,9 km,1.1,---
2026/08/04,05:25:20.5,山口県中部,34°24.0′N,131°35.1′E,33 km,0.4,---
2026/08/04,05:25:45.2,奄美大島近海,27°47.7′N,129°11.6′E,37 km,1.3,---
2026/08/04,05:26:40.4,日向灘,32°10.1′N,132°07.4′E,18 km,1.0,---
2026/08/04,05:26:51.7,熊本県天草・芦北地方,32°27.8′N,130°31.8′E,9 km,0.3,---
2026/08/04,05:28:18.7,日本海北部,42°41.9′N,138°18.0′E,28 km,2.7,---
2026/08/04,05:28:38.5,福島県沖,37°25.7′N,141°34.8′E,43 km,0.9,---
2026/08/04,05:32:08.8,熊本県熊本地方,32°34.3′N,130°38.9′E,11 km,4.0,---
2026/08/04,05:33:33.4,茨城県沖,36°18.3′N,140°58.8′E,45 km,1.1,---
2026/08/04,05:34:23.3,徳島県南部,33°55.6′N,134°41.9′E,15 km,2.7,---
2026/08/04,05:34:42.1,福島県沖,37°51.3′N,141°35.2′E,48 km,1.9,---
2026/08/04,05:35:02.3,熊本県天草・芦北地方,32°28.1′N,130°29.6′E,1 km,1.2,---
2026/08/04,05:35:13.2,三陸沖,39°30.3′N,143°30.8′E,36 km,1.5,---
2026/08/04,05:35:55.6,熊本県熊本地方,32°41.0′N,130°45.4′E,9 km,0.0,---
2026/08/04,05:36:28.6,熊本県熊本地方,32°41.1′N,130°42.8′E,13 km,1.1,---
2026/08/04,05:36:40.8,福島県沖,37°49.5′N,141°36.6′E,52 km,1.3,---
2026/08/04,05:36:41.2,沖縄本島近海,26°24.2′N,126°50.4′E,14 km,不明,---
2026/08/04,05:36:56.1,熊本県熊本地方,32°34.6′N,130°38.4′E,12 km,0.1,---
2026/08/04,05:36:59.2,千葉県東方沖,35°21.3′N,141°05.7′E,15 km,2.1,---
2026/08/04,05:37:26.5,熊本県天草・芦北地方,32°27.4′N,130°32.2′E,0 km,-0.2,---
2026/08/04,05:38:31.7,熊本県熊本地方,32°29.2′N,130°38.2′E,12 km,0.3,---
2026/08/04,05:39:08.2,熊本県熊本地方,32°34.4′N,130°38.6′E,13 km,1.4,---
2026/08/04,05:39:37.9,熊本県熊本地方,32°41.7′N,130°44.2′E,10 km,1.0,---
2026/08/04,05:41:19.7,熊本県熊本地方,32°34.3′N,130°38.1′E,8 km,0.2,---
2026/08/04,05:41:31.3,長野県北部,36°34.9′N,137°51.1′E,8 km,0.0,---
2026/08/04,05:41:58.3,山口県中部,34°24.3′N,131°36.7′E,31 km,0.3,---
2026/08/04,05:42:51.9,熊本県天草・芦北地方,32°30.9′N,130°32.7′E,12 km,2.0,---
2026/08/04,05:45:28.7,島根県西部,35°09.6′N,132°33.0′E,11 km,0.3,---
2026/08/04,05:45:34.1,熊本県熊本地方,32°43.7′N,130°46.6′E,6 km,0.1,---
2026/08/04,05:45:36.6,福島県沖,37°49.8′N,141°33.3′E,48 km,1.1,---
2026/08/04,05:46:49.6,三河湾,34°44.7′N,137°07.4′E,10 km,0.4,---
2026/08/04,05:46:54.7,鹿児島県薩摩地方,32°10.6′N,130°20.4′E,4 km,0.2,---
2026/08/04,05:47:09.9,熊本県天草・芦北地方,32°27.5′N,130°29.0′E,12 km,0.7,---
2026/08/04,05:47:58.9,熊本県熊本地方,32°32.1′N,130°35.9′E,11 km,0.7,---
2026/08/04,05:48:26.1,十勝地方北部,43°22.4′N,142°45.3′E,11 km,0.2,---
2026/08/04,05:49:05.0,熊本県天草・芦北地方,32°31.8′N,130°31.9′E,12 km,0.4,---
2026/08/04,05:49:06.2,山口県中部,34°24.6′N,131°36.0′E,32 km,0.3,---
2026/08/04,05:49:29.6,熊本県天草・芦北地方,32°27.5′N,130°32.0′E,1 km,0.5,---
2026/08/04,05:49:54.3,和歌山県北部,34°14.6′N,135°11.2′E,8 km,0.0,---
2026/08/04,05:50:35.8,熊本県熊本地方,32°34.1′N,130°38.0′E,10 km,0.3,---
2026/08/04,05:51:09.2,千葉県北西部,35°51.7′N,140°26.9′E,35 km,0.9,---
2026/08/04,05:51:24.8,熊本県熊本地方,32°41.6′N,130°44.0′E,15 km,0.1,---
2026/08/04,05:52:21.0,熊本県熊本地方,32°38.2′N,130°43.5′E,11 km,0.5,---
2026/08/04,05:53:32.9,熊本県熊本地方,32°32.7′N,130°36.7′E,13 km,0.3,---
2026/08/04,05:54:31.3,奄美大島北東沖,29°18.3′N,131°15.0′E,48 km,不明,---
2026/08/04,05:54:56.0,岩手県沖,40°04.4′N,142°13.6′E,45 km,0.8,---
2026/08/04,05:55:16.1,和歌山県北部,34°05.4′N,135°29.9′E,56 km,0.5,---
2026/08/04,05:55:23.5,熊本県熊本地方,32°33.2′N,130°39.1′E,9 km,1.7,---
2026/08/04,05:56:50.1,熊本県天草・芦北地方,32°11.1′N,130°21.1′E,4 km,0.5,---
2026/08/04,06:01:15.7,能登半島沖,37°33.6′N,137°17.4′E,9 km,0.9,---
2026/08/04,06:01:24.9,熊本県熊本地方,32°39.5′N,130°42.8′E,13 km,0.6,---
2026/08/04,06:02:13.8,岩手県沖,39°55.2′N,142°31.7′E,33 km,1.4,---
2026/08/04,06:04:01.3,熊本県熊本地方,32°34.3′N,130°38.8′E,11 km,4.0,---
2026/08/04,06:06:09.4,熊本県熊本地方,32°35.1′N,130°39.5′E,9 km,0.8,---
2026/08/04,06:07:50.9,熊本県天草・芦北地方,32°30.1′N,130°32.6′E,10 km,0.7,---
2026/08/04,06:11:29.5,熊本県天草・芦北地方,32°25.2′N,130°29.0′E,8 km,0.8,---
2026/08/04,06:12:28.0,宮城県沖,38°47.6′N,141°38.0′E,67 km,1.6,---
2026/08/04,06:13:48.4,熊本県熊本地方,32°29.8′N,130°34.7′E,12 km,1.1,---
2026/08/04,06:14:44.3,熊本県熊本地方,32°39.6′N,130°43.4′E,7 km,1.2,---
2026/08/04,06:15:13.5,十勝地方北部,43°22.5′N,142°45.7′E,7 km,0.7,---
2026/08/04,06:16:31.4,三陸沖,40°32.7′N,145°05.1′E,12 km,1.5,---
2026/08/04,06:16:32.3,熊本県熊本地方,32°29.0′N,130°33.7′E,8 km,0.4,---
2026/08/04,06:17:05.5,熊本県熊本地方,32°35.0′N,130°38.7′E,11 km,0.5,---
2026/08/04,06:17:09.0,伊予灘,33°41.9′N,132°29.5′E,42 km,0.3,---
2026/08/04,06:19:28.1,熊本県熊本地方,32°31.0′N,130°36.9′E,7 km,0.8,---
2026/08/04,06:19:55.2,熊本県熊本地方,32°35.3′N,130°39.2′E,4 km,1.1,---
2026/08/04,06:21:49.5,熊本県熊本地方,32°38.2′N,130°41.6′E,14 km,0.2,---
2026/08/04,06:21:57.2,福島県沖,37°47.1′N,141°38.2′E,55 km,1.2,---
2026/08/04,06:22:25.4,熊本県熊本地方,32°39.5′N,130°41.6′E,16 km,0.3,---
2026/08/04,06:22:53.6,熊本県天草・芦北地方,32°26.9′N,130°33.7′E,1 km,0.4,---
2026/08/04,06:24:06.8,四国沖,33°23.6′N,134°38.7′E,27 km,0.9,---
2026/08/04,06:24:41.2,熊本県天草・芦北地方,32°24.4′N,130°27.4′E,15 km,0.2,---
2026/08/04,06:26:51.9,熊本県熊本地方,32°38.5′N,130°42.4′E,15 km,0.3,---
2026/08/04,06:27:09.3,日向灘,31°57.9′N,132°00.5′E,19 km,1.7,---
2026/08/04,06:27:45.6,熊本県熊本地方,32°35.4′N,130°40.5′E,4 km,1.3,---
2026/08/04,06:28:00.4,宮城県中部,38°18.0′N,140°55.1′E,85 km,0.9,---
2026/08/04,06:28:32.3,福島県沖,37°51.1′N,141°35.5′E,49 km,1.3,---
2026/08/04,06:30:00.3,栃木県南部,36°15.9′N,139°49.1′E,63 km,0.8,---
2026/08/04,06:32:20.6,熊本県熊本地方,32°31.9′N,130°36.8′E,6 km,0.8,---
2026/08/04,06:32:45.9,熊本県熊本地方,32°40.1′N,130°42.0′E,16 km,0.5,---
2026/08/04,06:33:22.0,三陸沖,39°15.9′N,144°33.4′E,24 km,1.1,---
2026/08/04,06:33:55.0,熊本県熊本地方,32°32.6′N,130°36.5′E,12 km,0.5,---
2026/08/04,06:34:43.2,熊本県熊本地方,32°32.9′N,130°36.3′E,11 km,1.1,---
2026/08/04,06:35:06.9,熊本県熊本地方,32°37.9′N,130°44.3′E,7 km,0.3,---
2026/08/04,06:35:55.4,群馬県北部,36°52.6′N,139°20.3′E,5 km,0.5,---
2026/08/04,06:37:00.3,福島県沖,37°50.9′N,141°35.8′E,49 km,1.3,---
2026/08/04,06:37:56.8,熊本県天草・芦北地方,32°20.7′N,130°29.2′E,7 km,0.6,---
2026/08/04,06:40:14.4,茨城県南部,36°06.4′N,140°12.3′E,45 km,0.9,---
2026/08/04,06:40:30.5,熊本県天草・芦北地方,32°24.2′N,130°29.5′E,8 km,0.0,---
2026/08/04,06:41:56.0,熊本県天草・芦北地方,32°22.7′N,130°28.3′E,8 km,0.6,---
2026/08/04,06:42:46.9,奄美大島近海,28°13.4′N,129°21.0′E,18 km,2.6,---
2026/08/04,06:43:34.6,熊本県熊本地方,32°30.3′N,130°35.8′E,9 km,0.2,---
2026/08/04,06:43:41.4,新潟県中越地方,37°21.8′N,138°45.3′E,13 km,0.7,---
2026/08/04,06:44:19.8,熊本県熊本地方,32°32.9′N,130°36.7′E,12 km,0.7,---
2026/08/04,06:44:57.1,大隅半島東方沖,30°46.1′N,131°30.1′E,28 km,1.9,---
2026/08/04,06:46:25.8,熊本県天草・芦北地方,32°28.6′N,130°31.6′E,12 km,0.3,---
2026/08/04,06:47:31.0,熊本県熊本地方,32°36.5′N,130°42.4′E,5 km,0.9,---
2026/08/04,06:48:31.8,熊本県熊本地方,32°37.7′N,130°43.6′E,5 km,0.2,---
2026/08/04,06:49:05.3,熊本県熊本地方,32°34.7′N,130°38.7′E,10 km,0.6,---
2026/08/04,06:49:35.2,熊本県熊本地方,32°34.2′N,130°39.4′E,6 km,1.3,---
2026/08/04,06:50:08.1,山口県中部,34°24.8′N,131°36.0′E,31 km,0.2,---
2026/08/04,06:50:11.5,山口県中部,34°24.4′N,131°35.9′E,29 km,0.3,---
2026/08/04,06:50:23.0,群馬県北部,36°52.5′N,139°20.7′E,4 km,0.3,---
2026/08/04,06:53:23.4,岩手県沖,39°55.1′N,142°45.8′E,24 km,1.3,---
2026/08/04,06:53:30.8,三陸沖,38°05.4′N,144°42.0′E,23 km,1.2,---
2026/08/04,06:53:35.4,熊本県熊本地方,32°37.6′N,130°41.8′E,12 km,0.2,---
2026/08/04,06:54:57.9,熊本県熊本地方,32°30.5′N,130°35.1′E,11 km,0.8,---
2026/08/04,06:55:33.6,青森県東方沖,41°09.6′N,142°37.5′E,36 km,1.4,---
2026/08/04,06:57:42.3,十勝地方北部,43°22.6′N,142°45.0′E,9 km,0.2,---
2026/08/04,07:00:00.9,熊本県天草・芦北地方,32°28.3′N,130°32.3′E,5 km,1.4,---
2026/08/04,07:00:35.7,宮城県沖,38°20.3′N,142°11.0′E,35 km,1.2,---
2026/08/04,07:02:02.6,宮城県中部,38°28.0′N,141°26.0′E,12 km,0.2,---
2026/08/04,07:02:04.1,熊本県熊本地方,32°48.5′N,130°48.1′E,12 km,0.6,---
2026/08/04,07:02:39.6,熊本県熊本地方,32°34.7′N,130°38.3′E,9 km,0.5,---
2026/08/04,07:02:48.6,熊本県熊本地方,32°34.5′N,130°38.8′E,11 km,2.6,---
2026/08/04,07:03:25.8,熊本県熊本地方,32°32.0′N,130°35.7′E,13 km,1.2,---
2026/08/04,07:05:17.7,有明海,33°03.2′N,130°23.7′E,12 km,0.4,---
2026/08/04,07:05:51.8,茨城県沖,36°04.3′N,140°57.5′E,41 km,1.2,---
2026/08/04,07:06:20.5,与那国島近海,24°51.4′N,122°57.1′E,113 km,1.4,---
2026/08/04,07:07:44.4,熊本県天草・芦北地方,32°16.7′N,130°31.1′E,8 km,0.7,---
2026/08/04,07:08:36.7,岩手県沖,39°39.5′N,142°39.7′E,31 km,1.3,---
2026/08/04,07:08:39.1,十勝地方北部,43°22.6′N,142°45.3′E,8 km,1.2,---
2026/08/04,07:09:12.2,熊本県天草・芦北地方,32°16.2′N,130°30.5′E,4 km,0.0,---
2026/08/04,07:09:46.1,熊本県熊本地方,32°33.2′N,130°37.0′E,10 km,1.0,---
2026/08/04,07:10:28.8,熊本県熊本地方,32°30.6′N,130°35.0′E,11 km,1.1,---
2026/08/04,07:12:36.7,熊本県天草・芦北地方,32°28.8′N,130°30.5′E,12 km,3.8,---
2026/08/04,07:15:35.4,静岡県西部,34°51.9′N,137°49.3′E,22 km,0.0,---
2026/08/04,07:16:13.4,熊本県熊本地方,32°33.7′N,130°38.6′E,12 km,0.5,---
2026/08/04,07:19:07.5,熊本県熊本地方,32°35.7′N,130°40.8′E,7 km,0.6,---
2026/08/04,07:20:12.2,熊本県天草・芦北地方,32°25.1′N,130°30.5′E,3 km,0.6,---
2026/08/04,07:21:02.0,山口県中部,34°24.6′N,131°36.1′E,32 km,0.3,---
2026/08/04,07:23:47.5,熊本県天草・芦北地方,32°17.0′N,130°31.3′E,8 km,0.3,---
2026/08/04,07:24:15.0,熊本県熊本地方,32°41.0′N,130°44.6′E,12 km,0.9,---
2026/08/04,07:26:29.2,熊本県天草・芦北地方,32°17.8′N,130°24.8′E,15 km,0.3,---
2026/08/04,07:27:01.2,熊本県天草・芦北地方,32°28.6′N,130°30.3′E,11 km,1.9,---
2026/08/04,07:28:02.1,熊本県熊本地方,32°34.0′N,130°39.9′E,9 km,0.7,---
2026/08/04,07:29:26.4,熊本県熊本地方,32°31.1′N,130°34.1′E,11 km,0.5,---
2026/08/04,07:31:18.2,熊本県天草・芦北地方,32°28.7′N,130°30.2′E,11 km,0.7,---
2026/08/04,07:32:22.5,熊本県天草・芦北地方,32°27.7′N,130°33.4′E,6 km,1.1,---
2026/08/04,07:34:58.1,福島県沖,37°37.7′N,141°34.2′E,55 km,1.0,---
2026/08/04,07:35:17.9,熊本県熊本地方,32°33.1′N,130°38.6′E,8 km,0.3,---
2026/08/04,07:35:38.6,十勝地方北部,43°22.6′N,142°44.7′E,10 km,0.5,---
2026/08/04,07:36:20.2,熊本県天草・芦北地方,32°28.5′N,130°30.3′E,9 km,0.3,---
2026/08/04,07:36:53.3,熊本県熊本地方,32°34.9′N,130°39.7′E,7 km,0.8,---
2026/08/04,07:37:23.2,熊本県熊本地方,32°34.8′N,130°38.5′E,11 km,1.0,---
2026/08/04,07:41:50.2,日向灘,32°08.1′N,132°00.7′E,32 km,1.3,---
2026/08/04,07:41:55.3,熊本県熊本地方,32°38.6′N,130°43.3′E,9 km,1.2,---
2026/08/04,07:42:05.2,西表島付近,24°03.2′N,123°42.8′E,13 km,0.8,---
2026/08/04,07:42:33.1,熊本県天草・芦北地方,32°29.9′N,130°31.5′E,11 km,0.0,---
2026/08/04,07:43:04.2,熊本県熊本地方,32°34.9′N,130°38.7′E,10 km,0.6,---
2026/08/04,07:43:21.4,熊本県熊本地方,32°38.3′N,130°43.6′E,12 km,0.4,---
2026/08/04,07:44:06.6,熊本県熊本地方,32°32.1′N,130°36.0′E,13 km,0.6,---
2026/08/04,07:44:44.0,紀伊水道,33°46.4′N,134°43.0′E,7 km,1.2,---
2026/08/04,07:45:44.0,三陸沖,40°54.1′N,145°35.4′E,14 km,1.9,---
2026/08/04,07:46:03.4,熊本県熊本地方,32°32.2′N,130°36.2′E,14 km,1.3,---
2026/08/04,07:46:38.8,熊本県天草・芦北地方,32°30.7′N,130°31.8′E,3 km,0.1,---
2026/08/04,07:47:21.4,岩手県内陸南部,39°14.2′N,141°18.4′E,13 km,0.9,---
2026/08/04,07:48:04.0,和歌山県北部,34°14.0′N,135°26.6′E,5 km,0.1,---
2026/08/04,07:48:56.5,福島県沖,36°40.5′N,142°01.4′E,14 km,1.0,---
2026/08/04,07:49:31.9,房総半島南方沖,34°21.1′N,139°46.3′E,95 km,0.9,---
2026/08/04,07:49:35.3,熊本県天草・芦北地方,32°24.7′N,130°29.7′E,7 km,1.9,---
2026/08/04,07:54:07.9,青森県東方沖,41°04.1′N,142°54.3′E,27 km,1.2,---
2026/08/04,07:54:21.9,熊本県天草・芦北地方,32°29.8′N,130°32.4′E,11 km,0.9,---
2026/08/04,07:54:25.3,石川県能登地方,37°28.5′N,137°16.6′E,11 km,0.7,---
2026/08/04,07:56:45.5,宗谷海峡,45°34.2′N,141°47.2′E,22 km,2.2,---
2026/08/04,08:02:04.5,熊本県熊本地方,32°44.2′N,130°48.0′E,9 km,0.3,---
2026/08/04,08:02:38.1,長野県中部,36°03.8′N,137°37.3′E,6 km,-0.2,---
2026/08/04,08:03:22.2,群馬県北部,36°52.5′N,139°20.4′E,6 km,0.8,---
2026/08/04,08:05:24.1,宮古島近海,24°45.0′N,125°14.2′E,47 km,1.8,---
2026/08/04,08:06:43.7,神奈川県西部,35°37.4′N,139°11.9′E,43 km,0.5,---
2026/08/04,08:07:52.5,熊本県天草・芦北地方,32°19.4′N,130°28.1′E,2 km,0.4,---
2026/08/04,08:09:28.8,熊本県熊本地方,32°35.4′N,130°38.6′E,11 km,0.8,---
2026/08/04,08:11:09.7,熊本県熊本地方,32°36.4′N,130°41.5′E,11 km,2.5,---
2026/08/04,08:16:29.6,熊本県天草・芦北地方,32°30.8′N,130°31.8′E,12 km,1.1,---
2026/08/04,08:17:39.7,和歌山県北部,34°05.3′N,135°17.9′E,10 km,-0.1,---
2026/08/04,08:18:18.1,山口県中部,34°24.9′N,131°36.1′E,32 km,0.4,---
2026/08/04,08:18:38.2,熊本県天草・芦北地方,32°27.3′N,130°32.7′E,7 km,1.5,---
2026/08/04,08:18:59.0,熊本県天草・芦北地方,32°11.8′N,130°20.9′E,5 km,0.6,---
2026/08/04,08:19:09.3,熊本県天草・芦北地方,32°11.9′N,130°21.0′E,4 km,0.5,---
2026/08/04,08:19:44.0,熊本県熊本地方,32°51.0′N,130°54.4′E,8 km,0.5,---
2026/08/04,08:21:01.3,広島県北部,34°51.9′N,132°54.1′E,10 km,-0.4,---
2026/08/04,08:22:37.6,熊本県熊本地方,32°35.6′N,130°40.0′E,11 km,0.5,---
2026/08/04,08:23:03.0,熊本県熊本地方,32°31.2′N,130°36.3′E,9 km,0.7,---
2026/08/04,08:23:34.2,熊本県熊本地方,32°38.2′N,130°43.7′E,10 km,2.0,---
2026/08/04,08:24:04.5,熊本県熊本地方,32°38.9′N,130°42.0′E,13 km,1.3,---
2026/08/04,08:25:22.9,関東東方沖,34°41.3′N,141°31.6′E,2 km,1.8,---
2026/08/04,08:27:00.8,秋田県内陸北部,40°23.0′N,140°37.8′E,8 km,0.4,---
2026/08/04,08:27:10.8,熊本県熊本地方,32°38.2′N,130°43.7′E,8 km,1.7,---
2026/08/04,08:28:28.5,熊本県熊本地方,32°38.9′N,130°41.5′E,13 km,1.0,---
2026/08/04,08:29:10.8,長野県南部,35°58.6′N,137°33.7′E,4 km,0.1,---
2026/08/04,08:29:42.8,関東東方沖,36°03.7′N,143°08.0′E,24 km,1.1,---
2026/08/04,08:29:50.6,熊本県熊本地方,32°30.8′N,130°35.9′E,11 km,0.5,---
2026/08/04,08:30:17.9,熊本県熊本地方,32°40.2′N,130°43.1′E,13 km,0.5,---
2026/08/04,08:30:38.2,熊本県熊本地方,32°34.4′N,130°38.3′E,10 km,0.5,---
2026/08/04,08:31:00.6,石川県能登地方,37°30.3′N,137°14.1′E,8 km,0.6,---
2026/08/04,08:31:04.6,熊本県熊本地方,32°34.1′N,130°37.4′E,13 km,0.8,---
2026/08/04,08:31:49.3,熊本県熊本地方,32°51.7′N,130°53.6′E,10 km,0.9,---
2026/08/04,08:32:33.2,熊本県天草・芦北地方,32°29.5′N,130°31.4′E,14 km,0.3,---
2026/08/04,08:35:25.9,熊本県天草・芦北地方,32°25.4′N,130°31.6′E,11 km,1.2,---
2026/08/04,08:35:46.7,日向灘,31°57.1′N,132°01.4′E,19 km,1.6,---
2026/08/04,08:36:17.0,茨城県南部,36°01.5′N,140°05.6′E,63 km,2.0,---
2026/08/04,08:36:41.7,熊本県熊本地方,32°32.5′N,130°36.7′E,12 km,1.7,---
2026/08/04,08:38:17.7,熊本県熊本地方,32°34.4′N,130°38.7′E,11 km,1.9,---
2026/08/04,08:39:36.1,熊本県天草・芦北地方,32°30.0′N,130°31.6′E,12 km,2.1,---
2026/08/04,08:40:04.7,熊本県熊本地方,32°29.9′N,130°34.6′E,13 km,1.2,---
2026/08/04,08:41:31.9,熊本県熊本地方,32°33.0′N,130°37.7′E,8 km,0.8,---
2026/08/04,08:44:58.4,熊本県熊本地方,32°29.7′N,130°33.2′E,8 km,0.8,---
2026/08/04,08:45:55.2,熊本県熊本地方,32°33.9′N,130°39.0′E,7 km,0.5,---
2026/08/04,08:48:39.1,熊本県熊本地方,32°44.6′N,130°47.7′E,9 km,0.2,---
2026/08/04,08:50:40.0,熊本県熊本地方,32°41.3′N,130°44.8′E,12 km,0.4,---
2026/08/04,08:51:26.4,熊本県熊本地方,32°40.5′N,130°44.1′E,10 km,0.8,---
2026/08/04,08:51:46.0,高知県中部,33°39.1′N,133°28.6′E,8 km,0.1,---
2026/08/04,08:52:13.0,熊本県天草・芦北地方,32°29.4′N,130°31.7′E,13 km,0.7,---
2026/08/04,08:52:42.7,熊本県熊本地方,32°32.0′N,130°35.9′E,13 km,1.6,---
2026/08/04,08:52:53.5,日向灘,31°58.2′N,132°01.4′E,17 km,1.6,---
2026/08/04,08:54:21.9,熊本県天草・芦北地方,32°27.9′N,130°34.7′E,10 km,0.7,---
2026/08/04,08:55:27.3,千葉県北西部,35°31.2′N,140°12.5′E,58 km,1.1,---
2026/08/04,09:01:11.6,豊後水道,33°08.6′N,132°21.4′E,8 km,1.3,---
2026/08/04,09:01:12.1,長崎県南西部,32°55.8′N,129°52.9′E,7 km,0.4,---
2026/08/04,09:01:26.3,熊本県天草・芦北地方,32°29.5′N,130°31.5′E,11 km,2.2,---
2026/08/04,09:02:15.7,熊本県天草・芦北地方,32°20.2′N,130°29.6′E,9 km,0.4,---
2026/08/04,09:02:52.1,熊本県天草・芦北地方,32°29.5′N,130°30.8′E,11 km,0.1,---
2026/08/04,09:03:13.0,熊本県天草・芦北地方,32°25.4′N,130°31.9′E,9 km,1.4,---
2026/08/04,09:03:42.9,熊本県天草・芦北地方,32°18.3′N,130°24.6′E,0 km,0.4,---
2026/08/04,09:04:25.7,熊本県熊本地方,32°41.1′N,130°44.7′E,12 km,0.8,---
2026/08/04,09:04:51.6,熊本県熊本地方,32°33.1′N,130°36.6′E,11 km,0.6,---
2026/08/04,09:06:39.9,熊本県熊本地方,32°46.7′N,130°48.0′E,8 km,0.4,---
2026/08/04,09:07:05.4,福島県沖,37°50.1′N,141°38.1′E,48 km,0.9,---
2026/08/04,09:07:44.4,熊本県天草・芦北地方,32°16.2′N,130°23.8′E,3 km,0.8,---
2026/08/04,09:07:58.3,熊本県熊本地方,32°34.7′N,130°36.5′E,14 km,0.6,---
2026/08/04,09:09:42.6,熊本県熊本地方,32°40.3′N,130°42.9′E,15 km,0.6,---
2026/08/04,09:11:29.2,福島県沖,36°40.8′N,141°49.7′E,18 km,1.8,---
2026/08/04,09:12:06.6,福島県沖,37°10.9′N,144°37.8′E,37 km,1.8,---
2026/08/04,09:13:53.3,岐阜県飛騨地方,36°03.2′N,137°33.0′E,7 km,0.6,---
2026/08/04,09:17:00.2,熊本県天草・芦北地方,32°24.4′N,130°30.1′E,2 km,0.9,---
2026/08/04,09:17:37.6,熊本県熊本地方,32°31.6′N,130°35.2′E,11 km,0.8,---
2026/08/04,09:18:48.2,豊後水道,33°13.4′N,131°56.8′E,54 km,1.7,---
2026/08/04,09:21:15.0,熊本県天草・芦北地方,32°22.9′N,130°28.6′E,8 km,0.5,---
2026/08/04,09:23:36.3,静岡県西部,34°50.7′N,137°55.0′E,34 km,0.9,---
2026/08/04,09:26:14.2,熊本県熊本地方,32°43.6′N,130°45.8′E,12 km,0.3,---
2026/08/04,09:26:43.7,熊本県熊本地方,32°36.5′N,130°42.0′E,9 km,1.3,---
2026/08/04,09:28:31.4,熊本県熊本地方,32°24.3′N,130°34.2′E,1 km,1.8,---
2026/08/04,09:30:29.0,北海道東方沖,43°35.3′N,147°17.1′E,57 km,3.4,---
2026/08/04,09:32:04.1,奄美大島近海,28°53.3′N,129°32.2′E,16 km,1.4,---
2026/08/04,09:33:11.3,熊本県熊本地方,32°40.9′N,130°42.3′E,14 km,1.3,---
2026/08/04,09:34:35.2,三陸沖,39°06.8′N,144°47.1′E,13 km,1.4,---
2026/08/04,09:35:53.9,熊本県天草・芦北地方,32°23.1′N,130°29.0′E,10 km,0.9,---
2026/08/04,09:36:27.7,福島県沖,37°49.2′N,141°36.6′E,49 km,1.3,---
2026/08/04,09:36:28.0,伊予灘,33°37.9′N,131°59.9′E,65 km,0.4,---
2026/08/04,09:37:15.0,福島県沖,37°49.0′N,141°35.5′E,47 km,0.7,---
2026/08/04,09:39:21.3,千葉県東方沖,35°43.1′N,141°00.3′E,21 km,1.8,---
2026/08/04,09:40:54.1,熊本県熊本地方,32°32.5′N,130°36.5′E,13 km,1.4,---
2026/08/04,09:41:51.4,熊本県熊本地方,32°34.0′N,130°37.8′E,11 km,0.5,---
2026/08/04,09:41:56.6,鹿児島県薩摩地方,32°00.7′N,130°25.6′E,2 km,不明,---
2026/08/04,09:42:18.1,熊本県熊本地方,32°30.3′N,130°35.4′E,14 km,0.4,---
2026/08/04,09:43:09.4,熊本県熊本地方,32°30.7′N,130°35.2′E,10 km,1.1,---
2026/08/04,09:44:18.6,熊本県天草・芦北地方,32°23.7′N,130°29.7′E,11 km,0.8,---
2026/08/04,09:45:00.8,熊本県天草・芦北地方,32°16.9′N,130°31.6′E,9 km,0.3,---
2026/08/04,09:45:57.9,熊本県熊本地方,32°35.6′N,130°40.3′E,11 km,2.3,---
2026/08/04,09:46:56.0,熊本県熊本地方,32°32.2′N,130°39.2′E,4 km,1.1,---
2026/08/04,09:47:54.3,岩手県沖,40°05.3′N,142°51.4′E,24 km,1.1,---
2026/08/04,09:48:05.6,高知県中部,33°39.6′N,133°29.3′E,9 km,0.2,---
2026/08/04,09:51:26.1,熊本県熊本地方,32°33.6′N,130°37.3′E,13 km,1.0,---
2026/08/04,09:52:38.6,熊本県天草・芦北地方,32°24.6′N,130°29.1′E,3 km,0.2,---
2026/08/04,09:54:23.2,岩手県沖,40°05.0′N,142°51.1′E,24 km,0.9,---
2026/08/04,09:54:33.8,熊本県熊本地方,32°40.6′N,130°44.0′E,14 km,0.6,---
2026/08/04,09:56:06.9,熊本県熊本地方,32°39.8′N,130°42.2′E,13 km,1.1,---
2026/08/04,09:56:38.8,熊本県天草・芦北地方,32°31.0′N,130°32.8′E,12 km,0.9,---
2026/08/04,09:57:16.5,天草灘,32°02.2′N,129°52.9′E,10 km,1.0,---
2026/08/04,09:57:17.4,熊本県天草・芦北地方,32°28.4′N,130°32.7′E,13 km,0.7,---
2026/08/04,09:57:53.0,奄美大島北東沖,29°25.3′N,130°45.7′E,41 km,不明,---
2026/08/04,09:58:48.7,熊本県熊本地方,32°31.1′N,130°38.6′E,11 km,0.6,---
2026/08/04,10:00:41.8,熊本県熊本地方,32°31.6′N,130°35.8′E,13 km,0.8,---
2026/08/04,10:01:44.3,鹿児島県薩摩地方,32°00.0′N,130°26.0′E,3 km,1.2,---
2026/08/04,10:02:46.5,三陸沖,39°01.4′N,144°24.9′E,26 km,0.9,---
2026/08/04,10:03:32.3,岩手県内陸南部,39°33.9′N,141°29.8′E,103 km,0.9,---
2026/08/04,10:03:35.1,熊本県熊本地方,32°32.6′N,130°36.4′E,12 km,1.0,---
2026/08/04,10:03:52.4,熊本県天草・芦北地方,32°24.6′N,130°30.6′E,7 km,0.7,---
2026/08/04,10:05:52.8,三陸沖,40°13.8′N,143°06.8′E,3 km,1.5,---
2026/08/04,10:07:34.3,熊本県天草・芦北地方,32°22.9′N,130°29.3′E,8 km,0.4,---
2026/08/04,10:10:11.0,群馬県北部,36°52.4′N,139°20.5′E,6 km,0.6,---
2026/08/04,10:10:16.5,紀伊水道,33°50.1′N,134°57.8′E,11 km,2.2,---
2026/08/04,10:10:17.0,熊本県熊本地方,32°24.2′N,130°34.3′E,0 km,1.8,---
2026/08/04,10:10:38.1,群馬県北部,36°52.4′N,139°21.0′E,5 km,0.7,---
2026/08/04,10:15:03.7,紀伊水道,33°50.8′N,134°57.5′E,13 km,0.7,---
2026/08/04,10:15:08.4,広島県南東部,34°29.1′N,133°07.8′E,19 km,1.7,---
2026/08/04,10:15:49.1,熊本県熊本地方,32°32.3′N,130°38.8′E,7 km,0.6,---
2026/08/04,10:16:09.3,熊本県熊本地方,32°32.1′N,130°36.1′E,13 km,1.0,---
2026/08/04,10:17:10.1,熊本県熊本地方,32°38.0′N,130°44.4′E,7 km,0.2,---
2026/08/04,10:18:32.3,熊本県天草・芦北地方,32°27.7′N,130°34.2′E,0 km,0.7,---
2026/08/04,10:20:00.8,熊本県熊本地方,32°40.8′N,130°42.8′E,12 km,1.7,---
2026/08/04,10:20:45.5,奄美大島北東沖,29°27.2′N,130°44.7′E,39 km,2.4,---
2026/08/04,10:20:47.0,熊本県天草・芦北地方,32°19.4′N,130°29.1′E,7 km,0.8,---
2026/08/04,10:21:34.7,熊本県熊本地方,32°30.8′N,130°39.0′E,13 km,0.3,---
2026/08/04,10:21:35.0,和歌山県北部,34°13.7′N,135°13.7′E,3 km,-0.1,---
2026/08/04,10:22:37.9,福島県浜通り,37°06.3′N,140°50.0′E,9 km,0.8,---
2026/08/04,10:23:30.6,熊本県熊本地方,32°28.8′N,130°36.4′E,13 km,0.5,---
2026/08/04,10:25:07.7,熊本県熊本地方,32°32.5′N,130°36.7′E,13 km,1.4,---
2026/08/04,10:28:15.9,三陸沖,40°10.3′N,143°05.0′E,11 km,1.1,---
2026/08/04,10:28:32.9,熊本県天草・芦北地方,32°14.8′N,130°25.8′E,11 km,0.1,---
2026/08/04,10:29:24.6,熊本県天草・芦北地方,32°25.0′N,130°29.5′E,7 km,0.7,---
2026/08/04,10:30:36.0,熊本県天草・芦北地方,32°14.7′N,130°29.8′E,4 km,1.1,---
2026/08/04,10:31:53.2,熊本県天草・芦北地方,32°28.6′N,130°33.6′E,2 km,1.4,---
2026/08/04,10:38:57.5,岩手県内陸南部,39°02.9′N,140°55.1′E,9 km,1.0,---
2026/08/04,10:39:18.0,紀伊水道,33°50.9′N,134°57.8′E,13 km,0.6,---
2026/08/04,10:39:47.9,熊本県熊本地方,32°32.2′N,130°36.9′E,6 km,2.2,---
2026/08/04,10:39:53.0,後志地方東部,42°46.3′N,141°02.8′E,3 km,0.6,---
2026/08/04,10:40:40.6,熊本県熊本地方,32°32.6′N,130°39.8′E,5 km,1.7,---
2026/08/04,10:41:22.3,熊本県熊本地方,32°32.8′N,130°39.9′E,7 km,1.1,---
2026/08/04,10:42:45.9,熊本県熊本地方,32°36.0′N,130°41.9′E,7 km,1.6,---
2026/08/04,10:44:43.8,群馬県南部,36°32.4′N,139°26.0′E,6 km,0.4,---
2026/08/04,10:45:05.4,熊本県天草・芦北地方,32°14.9′N,130°29.9′E,1 km,0.4,---
2026/08/04,10:46:20.9,熊本県天草・芦北地方,32°28.9′N,130°34.3′E,8 km,2.1,---
2026/08/04,10:47:13.4,熊本県熊本地方,32°32.8′N,130°36.7′E,13 km,3.1,---
2026/08/04,10:48:35.5,熊本県熊本地方,32°29.4′N,130°34.5′E,13 km,0.7,---
2026/08/04,10:50:25.7,熊本県熊本地方,32°33.6′N,130°38.7′E,6 km,1.7,---
2026/08/04,10:52:38.5,熊本県熊本地方,32°35.3′N,130°38.0′E,14 km,2.4,---
2026/08/04,10:53:12.0,山口県中部,34°24.5′N,131°35.7′E,33 km,0.3,---
2026/08/04,10:53:52.0,紀伊水道,33°49.8′N,134°57.8′E,12 km,1.3,---
2026/08/04,10:54:00.9,熊本県熊本地方,32°35.6′N,130°40.2′E,10 km,1.0,---
2026/08/04,10:54:49.4,熊本県熊本地方,32°32.8′N,130°36.3′E,12 km,1.3,---
2026/08/04,10:55:57.9,熊本県天草・芦北地方,32°30.3′N,130°32.2′E,12 km,0.3,---
2026/08/04,10:56:03.0,茨城県沖,36°10.0′N,141°04.2′E,37 km,1.4,---
2026/08/04,10:58:34.2,熊本県熊本地方,32°31.6′N,130°39.2′E,8 km,0.6,---
2026/08/04,10:59:29.5,熊本県天草・芦北地方,32°26.4′N,130°33.4′E,4 km,0.6,---
2026/08/04,10:59:55.3,香川県東部,34°14.0′N,134°10.4′E,16 km,0.7,---
2026/08/04,11:01:24.9,熊本県熊本地方,32°38.5′N,130°43.6′E,9 km,0.8,---
2026/08/04,11:02:50.2,熊本県天草・芦北地方,32°25.8′N,130°31.3′E,10 km,1.0,---
2026/08/04,11:03:10.2,日向灘,32°41.2′N,132°01.2′E,42 km,1.2,---
2026/08/04,11:03:56.8,熊本県熊本地方,32°31.8′N,130°36.2′E,6 km,0.8,---
2026/08/04,11:04:27.8,熊本県天草・芦北地方,32°26.3′N,130°32.6′E,9 km,0.3,---
2026/08/04,11:04:46.8,熊本県天草・芦北地方,32°20.2′N,130°28.1′E,0 km,0.1,---
2026/08/04,11:06:09.4,日向灘,32°04.1′N,131°42.0′E,34 km,0.6,---
2026/08/04,11:07:53.0,熊本県天草・芦北地方,32°27.1′N,130°29.4′E,12 km,0.0,---
2026/08/04,11:08:52.4,広島県北部,35°03.9′N,133°02.7′E,9 km,0.2,---
2026/08/04,11:10:14.3,熊本県天草・芦北地方,32°29.9′N,130°32.4′E,10 km,1.0,---
2026/08/04,11:11:00.9,熊本県熊本地方,32°33.3′N,130°38.8′E,5 km,1.7,---
2026/08/04,11:12:05.8,熊本県熊本地方,32°31.1′N,130°39.4′E,14 km,0.8,---
2026/08/04,11:13:16.9,熊本県熊本地方,32°34.2′N,130°37.6′E,10 km,0.3,---
2026/08/04,11:13:33.5,和歌山県北部,34°04.6′N,135°23.1′E,5 km,1.2,---
2026/08/04,11:16:05.9,熊本県熊本地方,32°33.6′N,130°38.5′E,9 km,0.7,---
2026/08/04,11:17:31.9,熊本県熊本地方,32°34.4′N,130°38.4′E,10 km,0.9,---
2026/08/04,11:18:51.7,熊本県天草・芦北地方,32°26.2′N,130°33.8′E,2 km,0.1,---
2026/08/04,11:20:16.8,熊本県天草・芦北地方,32°36.0′N,130°38.3′E,15 km,0.6,---
2026/08/04,11:21:06.7,紀伊水道,34°07.7′N,135°07.4′E,6 km,-0.1,---
2026/08/04,11:23:05.3,熊本県熊本地方,32°31.6′N,130°34.6′E,4 km,0.8,---
2026/08/04,11:23:24.0,熊本県天草・芦北地方,32°26.8′N,130°34.0′E,11 km,0.7,---
2026/08/04,11:23:51.1,熊本県熊本地方,32°34.4′N,130°38.6′E,13 km,0.7,---
2026/08/04,11:24:47.9,熊本県熊本地方,32°33.4′N,130°38.6′E,1 km,1.0,---
2026/08/04,11:25:07.9,熊本県天草・芦北地方,32°18.0′N,130°27.3′E,5 km,0.3,---
2026/08/04,11:25:58.9,熊本県熊本地方,32°32.6′N,130°36.4′E,13 km,0.7,---
2026/08/04,11:26:09.2,熊本県熊本地方,32°36.4′N,130°41.3′E,9 km,0.6,---
2026/08/04,11:26:38.5,奄美大島北東沖,29°27.6′N,130°40.7′E,22 km,2.5,---
2026/08/04,11:28:40.8,熊本県熊本地方,32°32.2′N,130°35.7′E,13 km,0.5,---
2026/08/04,11:29:02.7,福島県沖,37°46.5′N,141°34.4′E,51 km,1.2,---
2026/08/04,11:30:08.9,京都府北部,35°31.2′N,135°05.3′E,8 km,0.2,---
2026/08/04,11:31:08.9,熊本県球磨地方,32°15.9′N,130°45.2′E,12 km,0.2,---
2026/08/04,11:31:41.6,熊本県天草・芦北地方,32°13.8′N,130°24.8′E,8 km,0.0,---
2026/08/04,11:33:00.9,熊本県熊本地方,32°29.5′N,130°36.8′E,7 km,0.6,---
2026/08/04,11:33:15.6,熊本県天草・芦北地方,32°28.8′N,130°30.5′E,11 km,0.7,---
2026/08/04,11:33:40.8,熊本県熊本地方,32°40.4′N,130°45.0′E,12 km,0.4,---
2026/08/04,11:35:15.0,熊本県天草・芦北地方,32°11.0′N,130°31.1′E,9 km,0.1,---
2026/08/04,11:35:29.4,長野県南部,35°57.2′N,138°02.2′E,3 km,-0.2,---
2026/08/04,11:36:48.1,熊本県熊本地方,32°31.5′N,130°36.0′E,13 km,2.5,---
2026/08/04,11:37:18.6,京都府北部,35°16.6′N,135°19.8′E,11 km,0.3,---
2026/08/04,11:42:08.3,熊本県熊本地方,32°41.7′N,130°45.6′E,12 km,0.6,---
2026/08/04,11:42:23.0,奄美大島北東沖,29°25.9′N,130°43.3′E,26 km,2.4,---
2026/08/04,11:42:37.3,栃木県南部,36°16.2′N,139°34.7′E,128 km,1.4,---
2026/08/04,11:42:39.5,岩手県沖,40°17.7′N,142°20.5′E,17 km,1.5,---
2026/08/04,11:44:10.8,岩手県沖,39°56.7′N,142°54.7′E,26 km,2.2,---
2026/08/04,11:45:46.4,熊本県熊本地方,32°34.0′N,130°38.7′E,10 km,0.8,---
2026/08/04,11:46:36.1,熊本県天草・芦北地方,32°27.6′N,130°32.1′E,14 km,0.4,---
2026/08/04,11:47:34.8,熊本県天草・芦北地方,32°25.8′N,130°31.7′E,12 km,0.9,---
2026/08/04,11:48:12.0,島根県東部,35°16.7′N,133°12.2′E,8 km,0.7,---
2026/08/04,11:48:12.0,熊本県天草・芦北地方,32°27.5′N,130°29.1′E,12 km,0.9,---
2026/08/04,11:48:46.5,岩手県沖,39°59.3′N,142°51.6′E,10 km,1.0,---
2026/08/04,11:49:14.8,熊本県天草・芦北地方,32°28.3′N,130°32.5′E,14 km,0.6,---
2026/08/04,11:49:40.9,熊本県熊本地方,32°34.3′N,130°38.6′E,11 km,0.6,---
2026/08/04,11:51:29.0,熊本県天草・芦北地方,32°38.7′N,130°39.7′E,4 km,0.6,---
2026/08/04,11:52:00.5,熊本県天草・芦北地方,32°23.8′N,130°29.2′E,7 km,0.5,---
2026/08/04,11:52:39.0,熊本県熊本地方,32°34.8′N,130°38.5′E,11 km,1.4,---
2026/08/04,11:54:10.8,熊本県熊本地方,32°38.0′N,130°43.4′E,11 km,0.4,---
2026/08/04,11:54:13.9,新潟県中越地方,37°25.1′N,138°46.7′E,9 km,0.7,---
2026/08/04,11:54:38.3,石川県能登地方,37°13.4′N,136°47.4′E,8 km,2.0,---
2026/08/04,11:55:07.7,熊本県熊本地方,32°32.2′N,130°36.9′E,7 km,1.8,---
2026/08/04,11:55:20.4,岩手県沖,39°56.1′N,142°53.5′E,8 km,1.1,---
2026/08/04,11:55:20.7,山口県中部,34°24.8′N,131°35.4′E,34 km,0.4,---
2026/08/04,11:56:36.5,長野県北部,36°33.4′N,137°51.4′E,7 km,0.4,---
2026/08/04,11:59:20.9,熊本県熊本地方,32°41.3′N,130°44.1′E,10 km,1.0,---
2026/08/04,12:00:13.6,熊本県熊本地方,32°30.2′N,130°34.8′E,15 km,0.4,---
2026/08/04,12:01:23.1,石垣島北西沖,25°40.4′N,123°24.6′E,11 km,2.9,---
2026/08/04,12:02:19.0,千葉県東方沖,35°06.5′N,141°30.5′E,20 km,1.4,---
2026/08/04,12:02:48.0,岩手県沖,40°11.6′N,142°16.6′E,15 km,0.8,---
2026/08/04,12:02:49.3,熊本県熊本地方,32°40.1′N,130°42.5′E,14 km,0.6,---
2026/08/04,12:03:00.7,熊本県天草・芦北地方,32°26.8′N,130°30.7′E,9 km,1.7,---
2026/08/04,12:04:04.9,熊本県天草・芦北地方,32°16.8′N,130°30.9′E,6 km,0.0,---
2026/08/04,12:04:42.6,熊本県熊本地方,32°44.9′N,130°47.8′E,9 km,0.0,---
2026/08/04,12:05:11.2,福島県浜通り,37°00.3′N,140°38.3′E,14 km,0.5,---
2026/08/04,12:05:50.8,熊本県天草・芦北地方,32°21.8′N,130°29.1′E,9 km,0.8,---
2026/08/04,12:07:05.7,三陸沖,40°03.4′N,143°09.7′E,4 km,1.3,---
2026/08/04,12:07:23.2,熊本県天草・芦北地方,32°26.1′N,130°33.4′E,7 km,2.3,---
2026/08/04,12:07:48.4,熊本県天草・芦北地方,32°26.2′N,130°32.9′E,0 km,1.1,---
2026/08/04,12:08:50.1,熊本県熊本地方,32°31.8′N,130°35.7′E,12 km,0.5,---
2026/08/04,12:08:54.4,岩手県沖,40°11.7′N,142°52.4′E,4 km,1.3,---
2026/08/04,12:09:23.7,滋賀県南部,35°13.5′N,135°57.5′E,15 km,0.1,---
2026/08/04,12:10:30.5,熊本県天草・芦北地方,32°25.3′N,130°30.6′E,3 km,0.6,---
2026/08/04,12:11:23.8,熊本県熊本地方,32°40.4′N,130°44.8′E,12 km,0.2,---
2026/08/04,12:11:56.3,奄美大島近海,27°58.1′N,129°08.6′E,42 km,0.7,---
2026/08/04,12:12:10.0,陸奥湾,41°06.7′N,140°50.3′E,9 km,0.8,---
2026/08/04,12:12:23.6,熊本県熊本地方,32°32.3′N,130°36.6′E,6 km,0.2,---
2026/08/04,12:12:33.3,八丈島東方沖,33°16.0′N,142°09.7′E,45 km,3.1,---
2026/08/04,12:13:05.1,熊本県天草・芦北地方,32°28.6′N,130°30.1′E,10 km,0.8,---
2026/08/04,12:14:19.2,熊本県天草・芦北地方,32°27.4′N,130°32.4′E,15 km,0.7,---
2026/08/04,12:15:01.8,山梨県中・西部,35°35.7′N,138°43.9′E,8 km,0.1,---
2026/08/04,12:15:11.2,奄美大島近海,28°52.7′N,129°33.0′E,11 km,3.8,---
2026/08/04,12:18:07.2,熊本県熊本地方,32°30.1′N,130°34.6′E,12 km,1.0,---
2026/08/04,12:18:07.8,三陸沖,39°30.8′N,143°02.3′E,11 km,1.9,---
2026/08/04,12:18:34.2,熊本県熊本地方,32°30.6′N,130°35.2′E,10 km,1.2,---
2026/08/04,12:18:37.8,伊豆半島東方沖,34°53.8′N,139°16.9′E,10 km,1.0,---
2026/08/04,12:19:04.1,熊本県熊本地方,32°32.0′N,130°35.0′E,12 km,0.4,---
2026/08/04,12:19:21.8,熊本県熊本地方,32°30.9′N,130°36.8′E,0 km,0.3,---
2026/08/04,12:21:48.0,福井県嶺北,35°56.9′N,136°20.5′E,10 km,1.0,---
2026/08/04,12:22:07.4,千葉県北西部,35°48.0′N,140°07.4′E,67 km,0.9,---
2026/08/04,12:22:12.2,福島県会津,37°02.3′N,139°25.3′E,6 km,0.7,---
2026/08/04,12:22:13.9,福島県会津,37°02.4′N,139°25.3′E,6 km,0.7,---
2026/08/04,12:22:47.1,熊本県熊本地方,32°34.2′N,130°38.4′E,10 km,0.5,---
2026/08/04,12:25:26.3,熊本県熊本地方,32°38.5′N,130°43.5′E,11 km,0.5,---
2026/08/04,12:27:44.4,熊本県天草・芦北地方,32°25.7′N,130°30.4′E,11 km,0.9,---
2026/08/04,12:28:02.3,島根県東部,35°18.5′N,133°11.9′E,10 km,0.8,---
2026/08/04,12:28:28.8,熊本県熊本地方,32°39.8′N,130°44.3′E,12 km,0.9,---
2026/08/04,12:31:40.2,三陸沖,39°48.5′N,143°12.8′E,12 km,1.3,---
2026/08/04,12:32:18.7,熊本県熊本地方,32°35.3′N,130°40.1′E,10 km,0.4,---
2026/08/04,12:33:08.4,熊本県天草・芦北地方,32°27.3′N,130°32.9′E,7 km,1.1,---
2026/08/04,12:33:33.7,熊本県熊本地方,32°33.9′N,130°39.5′E,7 km,0.5,---
2026/08/04,12:34:17.8,熊本県熊本地方,32°31.3′N,130°35.5′E,14 km,0.8,---
2026/08/04,12:34:54.7,熊本県熊本地方,32°29.9′N,130°34.5′E,13 km,0.5,---
2026/08/04,12:35:30.8,熊本県熊本地方,32°29.6′N,130°34.8′E,7 km,0.5,---
2026/08/04,12:36:14.7,熊本県熊本地方,32°41.1′N,130°44.6′E,10 km,1.6,---
2026/08/04,12:37:05.0,熊本県熊本地方,32°34.8′N,130°39.5′E,8 km,0.4,---
2026/08/04,12:40:02.1,長崎県南西部,32°48.2′N,130°03.9′E,9 km,0.6,---
2026/08/04,12:40:30.9,十勝地方北部,43°35.2′N,143°46.6′E,10 km,0.6,---
2026/08/04,12:40:50.0,岩手県沖,39°56.6′N,142°55.3′E,22 km,1.5,---
2026/08/04,12:41:25.2,大分県中部,33°16.8′N,131°24.8′E,5 km,0.4,---
2026/08/04,12:41:38.2,大分県中部,33°16.9′N,131°24.6′E,7 km,1.6,---
2026/08/04,12:41:48.1,佐渡付近,37°53.3′N,137°48.2′E,22 km,1.5,---
2026/08/04,12:42:13.6,熊本県熊本地方,32°32.7′N,130°36.7′E,11 km,1.1,---
2026/08/04,12:42:26.5,三陸沖,40°12.5′N,143°05.7′E,7 km,1.4,---
2026/08/04,12:44:45.0,奄美大島近海,28°03.9′N,129°37.8′E,13 km,1.0,---
2026/08/04,12:45:46.4,熊本県天草・芦北地方,32°22.8′N,130°25.4′E,9 km,0.2,---
2026/08/04,12:46:16.1,熊本県熊本地方,32°41.2′N,130°44.6′E,9 km,1.1,---
2026/08/04,12:46:51.2,静岡県東部,35°20.6′N,138°33.7′E,17 km,2.4,---
2026/08/04,12:47:44.3,奄美大島近海,28°16.5′N,129°30.2′E,34 km,1.0,---
2026/08/04,12:48:10.1,天草灘,31°58.9′N,130°10.8′E,4 km,0.6,---
2026/08/04,12:49:29.7,宮崎県北部山沿い,32°28.0′N,131°25.9′E,14 km,1.2,---
2026/08/04,12:50:58.3,熊本県熊本地方,32°37.7′N,130°42.1′E,10 km,0.3,---
2026/08/04,12:51:43.4,岩手県沖,40°12.5′N,142°52.6′E,6 km,1.3,---
2026/08/04,12:52:46.3,熊本県熊本地方,32°37.5′N,130°42.0′E,14 km,0.4,---
2026/08/04,12:54:17.9,熊本県熊本地方,32°40.0′N,130°44.4′E,11 km,1.2,---
2026/08/04,12:58:10.5,福島県沖,37°41.5′N,141°42.5′E,51 km,1.8,---
2026/08/04,13:01:03.1,鹿児島県薩摩地方,32°00.0′N,130°25.8′E,3 km,1.1,---
2026/08/04,13:01:58.9,沖縄本島近海,27°17.9′N,128°53.3′E,29 km,1.5,---
2026/08/04,13:03:16.1,熊本県天草・芦北地方,32°26.1′N,130°33.0′E,6 km,0.6,---
2026/08/04,13:04:26.6,熊本県熊本地方,32°23.9′N,130°32.1′E,2 km,1.2,---
2026/08/04,13:04:32.4,薩摩半島西方沖,31°44.5′N,130°00.7′E,12 km,0.6,---
2026/08/04,13:06:30.1,熊本県熊本地方,32°38.1′N,130°44.1′E,8 km,0.3,---
2026/08/04,13:09:21.6,福島県沖,37°50.7′N,141°36.5′E,48 km,1.0,---
2026/08/04,13:09:59.5,和歌山県北部,33°59.4′N,135°13.5′E,8 km,1.1,---
2026/08/04,13:10:13.8,石川県能登地方,37°16.0′N,136°49.2′E,10 km,0.9,---
2026/08/04,13:11:41.2,熊本県熊本地方,32°38.6′N,130°43.9′E,11 km,2.0,---
2026/08/04,13:12:55.7,熊本県天草・芦北地方,32°19.2′N,130°28.3′E,4 km,1.3,---
2026/08/04,13:13:59.6,熊本県熊本地方,32°33.5′N,130°37.3′E,11 km,0.6,---
2026/08/04,13:14:36.1,三陸沖,39°50.1′N,143°17.9′E,11 km,1.0,---
2026/08/04,13:15:05.7,熊本県天草・芦北地方,32°27.1′N,130°34.3′E,0 km,0.8,---
2026/08/04,13:15:26.8,熊本県天草・芦北地方,32°27.6′N,130°31.5′E,0 km,0.3,---
2026/08/04,13:16:39.2,熊本県天草・芦北地方,32°13.4′N,130°21.7′E,5 km,0.1,---
2026/08/04,13:18:02.9,熊本県熊本地方,32°31.2′N,130°35.6′E,14 km,2.3,---
2026/08/04,13:19:33.4,三宅島近海,34°11.9′N,139°40.6′E,97 km,1.6,---
2026/08/04,13:20:52.3,熊本県熊本地方,32°41.7′N,130°45.5′E,9 km,0.2,---
2026/08/04,13:21:10.5,熊本県熊本地方,32°35.7′N,130°38.2′E,7 km,0.6,---
2026/08/04,13:21:29.4,福島県沖,36°57.9′N,141°27.9′E,3 km,1.2,---
2026/08/04,13:23:06.3,福島県沖,36°42.0′N,142°00.9′E,17 km,0.8,---
2026/08/04,13:23:42.5,山口県中部,34°24.0′N,131°35.5′E,30 km,0.4,---
2026/08/04,13:24:37.1,熊本県熊本地方,32°37.9′N,130°44.2′E,11 km,0.4,---
2026/08/04,13:27:04.6,熊本県熊本地方,32°31.0′N,130°35.7′E,10 km,1.4,---
2026/08/04,13:29:11.2,岩手県沖,40°16.2′N,142°30.4′E,35 km,0.7,---
2026/08/04,13:29:21.4,熊本県天草・芦北地方,32°13.8′N,130°23.0′E,2 km,0.8,---
2026/08/04,13:30:27.0,熊本県天草・芦北地方,32°27.2′N,130°34.2′E,9 km,0.5,---
2026/08/04,13:31:00.2,熊本県天草・芦北地方,32°29.0′N,130°32.3′E,15 km,0.4,---
2026/08/04,13:31:38.6,熊本県天草・芦北地方,32°27.0′N,130°33.3′E,10 km,0.2,---
2026/08/04,13:31:47.9,熊本県熊本地方,32°39.3′N,130°41.7′E,14 km,0.5,---
2026/08/04,13:33:05.7,熊本県天草・芦北地方,32°28.3′N,130°33.2′E,8 km,0.5,---
2026/08/04,13:33:46.3,岐阜県飛騨地方,35°52.1′N,137°20.7′E,9 km,-0.2,---
2026/08/04,13:33:49.7,石垣島近海,24°55.6′N,124°02.8′E,11 km,2.4,---
2026/08/04,13:34:02.1,熊本県熊本地方,32°33.9′N,130°38.7′E,6 km,0.4,---
2026/08/04,13:35:13.5,熊本県熊本地方,32°32.0′N,130°36.1′E,13 km,1.6,---
2026/08/04,13:37:20.6,熊本県天草・芦北地方,32°26.5′N,130°29.1′E,3 km,0.4,---
2026/08/04,13:38:38.7,岩手県沖,39°09.4′N,142°24.7′E,26 km,1.0,---
2026/08/04,13:39:01.7,熊本県天草・芦北地方,32°26.1′N,130°32.6′E,7 km,0.2,---
2026/08/04,13:39:04.3,和歌山県北部,34°04.5′N,135°23.4′E,4 km,0.2,---
2026/08/04,13:39:11.8,奄美大島近海,28°22.8′N,129°28.2′E,18 km,1.2,---
2026/08/04,13:39:41.5,岩手県沖,40°22.0′N,142°24.1′E,25 km,1.6,---
2026/08/04,13:39:42.6,和歌山県北部,34°14.4′N,135°11.2′E,7 km,0.3,---
2026/08/04,13:39:58.1,熊本県熊本地方,32°36.7′N,130°39.6′E,14 km,0.5,---
2026/08/04,13:43:18.3,熊本県阿蘇地方,32°55.8′N,131°01.3′E,5 km,0.4,---
2026/08/04,13:44:42.5,熊本県熊本地方,32°34.4′N,130°39.0′E,5 km,0.5,---
2026/08/04,13:45:08.2,熊本県天草・芦北地方,32°25.3′N,130°32.2′E,3 km,0.1,---
2026/08/04,13:45:33.3,薩摩半島西方沖,31°44.4′N,130°01.0′E,9 km,0.0,---
2026/08/04,13:45:58.4,熊本県熊本地方,32°30.4′N,130°36.4′E,0 km,0.1,---
2026/08/04,13:46:18.9,福島県沖,36°52.3′N,141°03.2′E,45 km,1.3,---
2026/08/04,13:46:24.8,八丈島東方沖,32°50.5′N,140°39.5′E,70 km,4.6,---
2026/08/04,13:46:27.1,有明海,32°44.4′N,130°36.2′E,12 km,0.6,---
2026/08/04,13:47:19.0,岩手県沖,39°39.3′N,142°40.2′E,28 km,1.0,---
2026/08/04,13:48:14.2,熊本県天草・芦北地方,32°24.2′N,130°30.8′E,8 km,0.6,---
2026/08/04,13:48:54.2,遠州灘,34°22.4′N,137°33.5′E,5 km,1.3,---
2026/08/04,13:49:09.9,石垣島近海,24°55.4′N,124°02.4′E,0 km,1.4,---
2026/08/04,13:52:19.4,熊本県熊本地方,32°30.2′N,130°35.1′E,14 km,0.4,---
2026/08/04,13:52:52.1,石垣島近海,24°57.2′N,124°01.7′E,17 km,2.5,---
2026/08/04,13:53:29.8,熊本県熊本地方,32°40.7′N,130°42.2′E,16 km,0.6,---
2026/08/04,13:54:01.7,熊本県熊本地方,32°42.5′N,130°46.9′E,9 km,1.4,---
2026/08/04,13:55:03.0,熊本県熊本地方,32°34.8′N,130°38.6′E,10 km,0.7,---
2026/08/04,13:55:44.3,熊本県天草・芦北地方,32°29.6′N,130°31.5′E,0 km,0.4,---
2026/08/04,13:56:38.8,熊本県天草・芦北地方,32°12.7′N,130°21.8′E,3 km,0.3,---
2026/08/04,13:57:07.1,熊本県熊本地方,32°38.9′N,130°41.4′E,14 km,0.3,---
2026/08/04,13:57:31.0,滋賀県南部,35°13.5′N,135°57.8′E,15 km,0.4,---
2026/08/04,13:58:21.1,日向灘,32°08.6′N,131°36.5′E,41 km,不明,---
2026/08/04,13:58:45.1,北海道東方沖,43°53.0′N,146°50.3′E,58 km,2.7,---
2026/08/04,13:58:45.3,薩摩半島西方沖,31°43.7′N,130°00.8′E,4 km,0.3,---
2026/08/04,14:00:53.5,十勝地方北部,43°24.7′N,142°43.9′E,4 km,0.6,---
2026/08/04,14:01:55.3,熊本県熊本地方,32°32.2′N,130°35.7′E,11 km,0.8,---
2026/08/04,14:03:09.7,千葉県東方沖,35°11.6′N,141°16.0′E,11 km,1.1,---
2026/08/04,14:03:17.8,栃木県北部,37°07.8′N,139°58.0′E,3 km,0.9,---
2026/08/04,14:03:37.9,熊本県天草・芦北地方,32°27.0′N,130°33.9′E,0 km,1.1,---
2026/08/04,14:04:49.5,熊本県熊本地方,32°30.7′N,130°35.6′E,11 km,2.1,---
2026/08/04,14:06:40.3,熊本県天草・芦北地方,32°30.6′N,130°32.9′E,14 km,4.3,---
2026/08/04,14:09:12.3,西表島付近,24°27.1′N,123°52.2′E,6 km,1.1,---
2026/08/04,14:09:24.8,熊本県天草・芦北地方,32°30.6′N,130°32.4′E,13 km,1.1,---
2026/08/04,14:09:40.0,熊本県天草・芦北地方,32°30.3′N,130°32.3′E,11 km,1.4,---
2026/08/04,14:09:46.8,熊本県天草・芦北地方,32°30.8′N,130°32.8′E,14 km,2.5,---
2026/08/04,14:10:54.9,熊本県天草・芦北地方,32°30.6′N,130°32.7′E,14 km,1.5,---
2026/08/04,14:11:25.3,熊本県天草・芦北地方,32°30.1′N,130°32.0′E,12 km,0.5,---
2026/08/04,14:11:31.0,熊本県天草・芦北地方,32°30.8′N,130°33.0′E,13 km,0.9,---
2026/08/04,14:11:56.4,熊本県天草・芦北地方,32°31.0′N,130°32.5′E,13 km,0.8,---
2026/08/04,14:12:34.7,熊本県天草・芦北地方,32°30.8′N,130°32.6′E,13 km,1.2,---
2026/08/04,14:12:37.3,愛知県西部,35°07.2′N,137°16.3′E,39 km,0.5,---
2026/08/04,14:12:41.5,種子島近海,30°55.0′N,130°20.4′E,142 km,2.4,---
2026/08/04,14:13:05.7,熊本県天草・芦北地方,32°31.0′N,130°32.9′E,15 km,3.1,---
2026/08/04,14:14:11.5,房総半島南方沖,34°23.5′N,140°08.6′E,52 km,1.5,---
2026/08/04,14:15:54.6,秋田県内陸南部,39°36.2′N,140°29.1′E,10 km,0.1,---
2026/08/04,14:16:08.2,熊本県天草・芦北地方,32°30.8′N,130°31.6′E,12 km,0.4,---
2026/08/04,14:17:08.2,熊本県天草・芦北地方,32°30.3′N,130°31.5′E,11 km,0.1,---
2026/08/04,14:17:13.6,熊本県天草・芦北地方,32°30.7′N,130°32.5′E,13 km,1.3,---
2026/08/04,14:17:38.3,岩手県沖,40°10.0′N,142°27.4′E,8 km,1.1,---
2026/08/04,14:17:42.1,奄美大島近海,28°08.9′N,129°32.9′E,32 km,1.8,---
2026/08/04,14:19:29.8,熊本県熊本地方,32°32.1′N,130°35.7′E,11 km,0.5,---
2026/08/04,14:19:50.2,熊本県天草・芦北地方,32°28.5′N,130°31.4′E,11 km,3.4,---
2026/08/04,14:19:57.3,西表島付近,24°24.4′N,123°51.8′E,7 km,0.9,---
2026/08/04,14:21:18.6,西表島付近,24°25.2′N,123°51.5′E,9 km,0.4,---
2026/08/04,14:22:00.6,熊本県天草・芦北地方,32°30.7′N,130°32.9′E,14 km,0.7,---
2026/08/04,14:22:06.8,熊本県天草・芦北地方,32°30.7′N,130°32.6′E,15 km,2.6,---
2026/08/04,14:23:13.4,熊本県天草・芦北地方,32°30.4′N,130°32.2′E,12 km,0.6,---
2026/08/04,14:23:51.0,熊本県天草・芦北地方,32°30.5′N,130°32.9′E,13 km,0.3,---
2026/08/04,14:24:05.2,薩摩半島西方沖,31°07.1′N,130°23.1′E,153 km,1.9,---
2026/08/04,14:24:21.2,熊本県天草・芦北地方,32°30.7′N,130°33.2′E,14 km,1.6,---
2026/08/04,14:25:06.9,熊本県天草・芦北地方,32°30.4′N,130°32.7′E,14 km,0.3,---
2026/08/04,14:25:18.0,熊本県天草・芦北地方,32°31.0′N,130°32.8′E,14 km,0.9,---
2026/08/04,14:25:49.8,熊本県天草・芦北地方,32°30.8′N,130°33.1′E,13 km,1.1,---
2026/08/04,14:26:09.0,三陸沖,37°52.5′N,144°27.8′E,28 km,1.5,---
2026/08/04,14:27:17.0,熊本県天草・芦北地方,32°30.4′N,130°32.0′E,13 km,1.0,---
2026/08/04,14:27:27.8,熊本県天草・芦北地方,32°30.9′N,130°33.0′E,14 km,2.3,---
2026/08/04,14:28:15.3,熊本県天草・芦北地方,32°30.8′N,130°33.1′E,15 km,0.9,---
2026/08/04,14:28:48.0,熊本県熊本地方,32°41.4′N,130°45.3′E,11 km,1.6,---
2026/08/04,14:29:20.6,熊本県天草・芦北地方,32°14.6′N,130°26.5′E,8 km,0.9,---
2026/08/04,14:29:37.6,熊本県天草・芦北地方,32°30.7′N,130°32.9′E,15 km,2.8,---
2026/08/04,14:30:02.0,石垣島近海,24°54.8′N,124°02.4′E,0 km,1.5,---
2026/08/04,14:32:00.7,長野県南部,35°50.5′N,137°59.6′E,11 km,0.2,---
2026/08/04,14:32:33.6,熊本県熊本地方,32°38.3′N,130°42.7′E,9 km,0.7,---
2026/08/04,14:32:49.7,群馬県北部,36°52.6′N,139°20.3′E,4 km,0.0,---
2026/08/04,14:33:13.3,熊本県天草・芦北地方,32°28.1′N,130°32.4′E,8 km,0.2,---
2026/08/04,14:33:42.5,熊本県天草・芦北地方,32°30.4′N,130°32.9′E,12 km,2.1,---
2026/08/04,14:35:41.4,熊本県熊本地方,32°42.2′N,130°46.2′E,10 km,1.9,---
2026/08/04,14:36:47.5,熊本県熊本地方,32°34.8′N,130°36.8′E,14 km,0.8,---
2026/08/04,14:37:29.4,宮崎県南部山沿い,31°53.6′N,131°15.7′E,11 km,1.4,---
2026/08/04,14:37:34.0,岩手県沖,39°12.7′N,142°23.2′E,31 km,1.5,---
2026/08/04,14:37:58.8,宮城県沖,38°55.3′N,141°55.8′E,48 km,1.6,---
2026/08/04,14:38:33.5,熊本県天草・芦北地方,32°26.0′N,130°31.7′E,7 km,0.2,---
2026/08/04,14:39:08.9,熊本県天草・芦北地方,32°30.5′N,130°32.6′E,13 km,1.0,---
2026/08/04,14:39:35.4,福島県沖,37°13.0′N,142°12.7′E,19 km,1.1,---
2026/08/04,14:40:13.2,岐阜県美濃中西部,35°41.3′N,136°58.9′E,6 km,0.7,---
2026/08/04,14:41:20.5,熊本県天草・芦北地方,32°28.6′N,130°33.9′E,7 km,0.4,---
2026/08/04,14:42:00.1,熊本県天草・芦北地方,32°30.3′N,130°32.1′E,13 km,0.2,---
2026/08/04,14:42:43.0,岩手県沖,40°13.4′N,142°20.5′E,11 km,1.5,---
2026/08/04,14:42:53.7,熊本県天草・芦北地方,32°31.1′N,130°32.3′E,15 km,1.3,---
2026/08/04,14:43:08.6,岩手県沖,40°14.0′N,142°20.8′E,10 km,1.4,---
2026/08/04,14:43:17.5,熊本県熊本地方,32°31.1′N,130°35.5′E,14 km,0.6,---
2026/08/04,14:44:58.9,熊本県天草・芦北地方,32°30.7′N,130°32.4′E,12 km,1.0,---
2026/08/04,14:45:28.5,熊本県天草・芦北地方,32°30.4′N,130°32.5′E,12 km,0.3,---
2026/08/04,14:46:18.4,熊本県天草・芦北地方,32°30.6′N,130°32.7′E,13 km,1.2,---
2026/08/04,14:46:36.1,熊本県天草・芦北地方,32°30.7′N,130°32.5′E,12 km,0.9,---
2026/08/04,14:47:04.1,熊本県天草・芦北地方,32°28.7′N,130°33.4′E,7 km,0.3,---
2026/08/04,14:49:11.9,熊本県熊本地方,32°33.3′N,130°40.0′E,7 km,0.6,---
2026/08/04,14:49:14.9,沖縄本島近海,25°07.0′N,127°53.9′E,81 km,3.0,---
2026/08/04,14:50:19.8,熊本県天草・芦北地方,32°30.8′N,130°32.3′E,14 km,0.8,---
2026/08/04,14:51:38.2,熊本県熊本地方,32°48.3′N,130°49.9′E,8 km,0.3,---
2026/08/04,14:52:04.2,熊本県熊本地方,32°37.7′N,130°43.0′E,10 km,0.7,---
2026/08/04,14:52:22.1,熊本県熊本地方,32°34.3′N,130°38.5′E,10 km,1.7,---
2026/08/04,14:52:47.4,熊本県天草・芦北地方,32°30.4′N,130°32.6′E,12 km,1.2,---
2026/08/04,14:53:20.7,熊本県天草・芦北地方,32°30.5′N,130°32.9′E,14 km,1.8,---
2026/08/04,14:53:50.8,熊本県天草・芦北地方,32°30.8′N,130°32.8′E,13 km,1.1,---
2026/08/04,14:54:39.5,熊本県熊本地方,32°39.2′N,130°43.4′E,12 km,0.8,---
2026/08/04,14:55:26.5,熊本県天草・芦北地方,32°27.5′N,130°32.1′E,13 km,0.5,---
2026/08/04,14:56:03.9,熊本県天草・芦北地方,32°31.0′N,130°32.9′E,13 km,1.4,---
2026/08/04,14:56:34.7,熊本県天草・芦北地方,32°23.8′N,130°29.8′E,8 km,1.7,---
2026/08/04,14:56:58.1,熊本県天草・芦北地方,32°30.8′N,130°32.8′E,13 km,2.4,---
2026/08/04,14:57:48.9,熊本県熊本地方,32°31.2′N,130°41.0′E,10 km,1.0,---
2026/08/04,14:58:13.2,熊本県天草・芦北地方,32°30.5′N,130°33.1′E,15 km,0.8,---
2026/08/04,14:58:25.1,熊本県天草・芦北地方,32°30.1′N,130°32.8′E,11 km,0.5,---
2026/08/04,14:59:41.6,熊本県熊本地方,32°41.7′N,130°42.7′E,16 km,2.1,---
2026/08/04,15:00:35.6,熊本県天草・芦北地方,32°30.5′N,130°32.3′E,14 km,1.3,---
2026/08/04,15:02:06.8,熊本県熊本地方,32°45.5′N,130°47.5′E,11 km,0.3,---
2026/08/04,15:03:12.6,長崎県南西部,32°56.5′N,129°52.7′E,5 km,0.2,---
2026/08/04,15:03:27.9,熊本県天草・芦北地方,32°24.7′N,130°29.5′E,6 km,1.4,---
2026/08/04,15:03:42.1,群馬県南部,36°32.7′N,139°23.6′E,9 km,0.5,---
2026/08/04,15:04:37.2,熊本県天草・芦北地方,32°23.0′N,130°28.7′E,8 km,1.0,---
2026/08/04,15:05:25.0,薩摩半島西方沖,31°52.1′N,129°42.7′E,12 km,0.6,---
2026/08/04,15:06:30.2,熊本県熊本地方,32°33.6′N,130°39.9′E,9 km,0.7,---
2026/08/04,15:06:32.0,群馬県北部,36°52.7′N,139°20.4′E,5 km,0.6,---
2026/08/04,15:07:42.4,熊本県天草・芦北地方,32°24.7′N,130°28.7′E,0 km,-0.2,---
2026/08/04,15:08:07.2,滋賀県南部,35°13.5′N,135°57.6′E,16 km,0.6,---
2026/08/04,15:08:17.6,熊本県天草・芦北地方,32°30.5′N,130°32.7′E,14 km,0.5,---
2026/08/04,15:09:15.4,福島県沖,37°13.8′N,142°09.3′E,21 km,0.9,---
2026/08/04,15:09:35.6,熊本県天草・芦北地方,32°26.3′N,130°31.7′E,4 km,0.9,---
2026/08/04,15:10:46.7,熊本県天草・芦北地方,32°31.1′N,130°33.0′E,16 km,0.6,---
2026/08/04,15:10:52.5,根室半島南東沖,42°58.2′N,146°20.0′E,33 km,2.3,---
2026/08/04,15:11:02.9,熊本県天草・芦北地方,32°22.7′N,130°29.0′E,7 km,0.5,---
2026/08/04,15:11:49.7,熊本県天草・芦北地方,32°30.9′N,130°32.8′E,14 km,0.5,---
2026/08/04,15:12:24.6,熊本県熊本地方,32°38.3′N,130°42.8′E,8 km,0.8,---
2026/08/04,15:12:44.4,熊本県熊本地方,32°38.4′N,130°42.6′E,12 km,0.5,---
2026/08/04,15:14:00.9,熊本県天草・芦北地方,32°11.6′N,130°31.4′E,11 km,0.1,---
2026/08/04,15:14:19.2,熊本県熊本地方,32°41.7′N,130°42.9′E,17 km,2.0,---
2026/08/04,15:15:44.2,熊本県天草・芦北地方,32°30.7′N,130°32.5′E,15 km,0.7,---
2026/08/04,15:16:11.2,熊本県天草・芦北地方,32°30.7′N,130°32.7′E,14 km,1.1,---
2026/08/04,15:17:58.8,熊本県天草・芦北地方,32°30.5′N,130°32.6′E,14 km,1.6,---
2026/08/04,15:18:53.0,熊本県熊本地方,32°39.0′N,130°40.2′E,17 km,0.9,---
2026/08/04,15:19:33.1,奄美大島近海,28°23.8′N,129°24.9′E,0 km,2.3,---
2026/08/04,15:19:46.7,熊本県熊本地方,32°34.4′N,130°38.7′E,10 km,1.6,---
2026/08/04,15:20:50.4,熊本県熊本地方,32°32.0′N,130°41.3′E,12 km,0.0,---
2026/08/04,15:21:04.6,奄美大島近海,28°21.8′N,129°28.1′E,16 km,0.7,---
2026/08/04,15:22:43.7,熊本県天草・芦北地方,32°30.7′N,130°32.0′E,13 km,0.5,---
2026/08/04,15:24:03.9,伊予灘,33°36.8′N,131°45.0′E,83 km,1.3,---
2026/08/04,15:24:08.6,和歌山県北部,34°04.0′N,135°21.3′E,7 km,-0.3,---
2026/08/04,15:25:57.4,群馬県北部,36°52.5′N,139°20.5′E,5 km,0.3,---
2026/08/04,15:26:51.2,熊本県天草・芦北地方,32°26.3′N,130°31.3′E,11 km,0.8,---
2026/08/04,15:27:29.3,岩手県沖,39°55.0′N,142°43.8′E,28 km,1.2,---
2026/08/04,15:27:31.8,群馬県北部,36°52.5′N,139°19.9′E,5 km,-0.3,---
2026/08/04,15:27:43.0,熊本県天草・芦北地方,32°30.5′N,130°32.7′E,13 km,0.6,---
2026/08/04,15:27:51.0,日向灘,32°39.2′N,132°13.2′E,38 km,1.1,---
2026/08/04,15:28:09.2,熊本県熊本地方,32°38.9′N,130°44.3′E,10 km,0.2,---
2026/08/04,15:31:06.8,熊本県天草・芦北地方,32°17.8′N,130°28.1′E,10 km,0.1,---
2026/08/04,15:33:38.1,三陸沖,40°13.0′N,143°10.9′E,2 km,1.9,---
2026/08/04,15:33:45.8,熊本県天草・芦北地方,32°17.0′N,130°27.0′E,3 km,0.8,---
2026/08/04,15:34:08.8,石垣島近海,24°55.4′N,124°02.5′E,0 km,1.7,---
2026/08/04,15:34:38.7,三陸沖,39°07.5′N,143°17.4′E,4 km,1.4,---
2026/08/04,15:34:59.8,熊本県天草・芦北地方,32°24.8′N,130°30.0′E,7 km,0.5,---
2026/08/04,15:35:11.2,熊本県天草・芦北地方,32°22.2′N,130°29.1′E,7 km,1.1,---
2026/08/04,15:35:36.8,熊本県熊本地方,32°30.5′N,130°35.3′E,7 km,0.4,---
2026/08/04,15:36:41.3,徳島県南部,33°51.6′N,134°38.2′E,10 km,0.0,---
2026/08/04,15:36:59.1,福島県沖,37°19.9′N,141°44.4′E,39 km,1.0,---
2026/08/04,15:37:19.6,熊本県天草・芦北地方,32°30.9′N,130°32.6′E,14 km,0.9,---
2026/08/04,15:37:39.6,熊本県熊本地方,32°40.9′N,130°44.5′E,3 km,0.6,---
2026/08/04,15:38:58.1,熊本県熊本地方,32°38.3′N,130°42.8′E,11 km,0.5,---
2026/08/04,15:39:20.3,熊本県天草・芦北地方,32°29.1′N,130°31.8′E,10 km,0.8,---
2026/08/04,15:39:30.4,熊本県天草・芦北地方,32°25.8′N,130°28.0′E,11 km,0.5,---
2026/08/04,15:41:52.2,熊本県熊本地方,32°30.5′N,130°35.0′E,10 km,0.5,---
2026/08/04,15:42:47.1,熊本県天草・芦北地方,32°26.9′N,130°33.8′E,10 km,0.6,---
2026/08/04,15:42:50.9,熊本県熊本地方,32°30.6′N,130°35.5′E,8 km,0.9,---
2026/08/04,15:44:21.5,熊本県天草・芦北地方,32°19.2′N,130°28.8′E,8 km,0.0,---
2026/08/04,15:44:42.2,熊本県阿蘇地方,33°03.5′N,131°09.4′E,6 km,0.5,---
2026/08/04,15:45:24.4,熊本県天草・芦北地方,32°30.8′N,130°33.0′E,14 km,2.5,---
2026/08/04,15:46:22.1,熊本県天草・芦北地方,32°28.6′N,130°31.2′E,12 km,1.4,---
2026/08/04,15:47:33.9,房総半島南方沖,34°26.0′N,139°58.8′E,42 km,0.7,---
2026/08/04,15:47:44.2,熊本県天草・芦北地方,32°24.3′N,130°29.7′E,8 km,0.6,---
2026/08/04,15:48:17.1,熊本県天草・芦北地方,32°30.5′N,130°32.8′E,12 km,0.0,---
2026/08/04,15:48:36.6,熊本県熊本地方,32°38.3′N,130°43.7′E,12 km,0.7,---
2026/08/04,15:49:00.7,青森県東方沖,41°11.9′N,142°32.8′E,44 km,2.2,---
2026/08/04,15:49:10.4,熊本県天草・芦北地方,32°30.7′N,130°32.7′E,12 km,0.9,---
2026/08/04,15:49:55.9,和歌山県北部,34°04.9′N,135°14.2′E,8 km,0.0,---
2026/08/04,15:51:30.7,岩手県内陸南部,39°03.0′N,140°53.6′E,10 km,1.0,---
2026/08/04,15:51:44.1,熊本県熊本地方,32°39.7′N,130°44.7′E,14 km,0.2,---
2026/08/04,15:53:05.5,熊本県天草・芦北地方,32°30.5′N,130°32.0′E,14 km,0.9,---
2026/08/04,15:54:48.6,三陸沖,40°52.7′N,145°36.6′E,42 km,1.5,---
2026/08/04,15:55:29.3,紀伊水道,33°44.5′N,135°04.6′E,38 km,1.1,---
2026/08/04,15:56:18.7,熊本県熊本地方,32°38.8′N,130°42.2′E,13 km,0.7,---
2026/08/04,15:56:38.4,熊本県天草・芦北地方,32°30.5′N,130°32.3′E,11 km,0.3,---
2026/08/04,15:57:27.3,熊本県熊本地方,32°38.7′N,130°41.9′E,13 km,0.0,---
2026/08/04,15:57:53.1,熊本県天草・芦北地方,32°31.0′N,130°32.9′E,16 km,0.6,---
2026/08/04,15:58:47.4,熊本県熊本地方,32°39.6′N,130°46.0′E,6 km,0.6,---
2026/08/04,16:00:40.7,熊本県天草・芦北地方,32°30.4′N,130°33.6′E,10 km,0.9,---
2026/08/04,16:00:59.2,三陸沖,40°17.9′N,145°38.5′E,29 km,3.0,---
2026/08/04,16:01:04.5,熊本県熊本地方,32°30.1′N,130°34.6′E,13 km,1.7,---
2026/08/04,16:01:48.6,熊本県天草・芦北地方,32°28.7′N,130°31.1′E,13 km,0.6,---
2026/08/04,16:03:42.5,熊本県天草・芦北地方,32°31.1′N,130°32.9′E,14 km,1.2,---
2026/08/04,16:05:42.0,長野県中部,36°01.6′N,137°50.5′E,7 km,0.3,---
2026/08/04,16:05:57.9,宮城県沖,37°52.7′N,141°41.5′E,57 km,1.8,---
2026/08/04,16:06:10.5,房総半島南方沖,34°23.0′N,140°28.4′E,53 km,2.3,---
2026/08/04,16:06:21.4,熊本県天草・芦北地方,32°30.6′N,130°32.5′E,13 km,1.4,---
2026/08/04,16:06:29.2,三陸沖,39°06.7′N,143°19.7′E,7 km,1.5,---
2026/08/04,16:06:39.8,山梨県東部・富士五湖,35°29.5′N,138°57.7′E,18 km,1.0,---
2026/08/04,16:07:58.9,熊本県熊本地方,32°34.5′N,130°38.5′E,12 km,0.5,---
2026/08/04,16:10:25.2,熊本県天草・芦北地方,32°30.8′N,130°32.9′E,13 km,1.0,---
2026/08/04,16:10:58.5,播磨灘,34°40.7′N,134°45.9′E,12 km,0.9,---
2026/08/04,16:11:30.0,熊本県天草・芦北地方,32°28.3′N,130°32.7′E,9 km,0.1,---
2026/08/04,16:12:13.9,和歌山県南部,33°45.4′N,135°26.1′E,41 km,0.4,---
2026/08/04,16:16:09.2,熊本県天草・芦北地方,32°30.7′N,130°32.3′E,13 km,0.5,---
2026/08/04,16:17:44.5,熊本県天草・芦北地方,32°30.4′N,130°32.7′E,14 km,1.4,---
2026/08/04,16:18:34.6,熊本県天草・芦北地方,32°24.9′N,130°28.5′E,13 km,0.4,---
2026/08/04,16:20:05.0,熊本県天草・芦北地方,32°25.0′N,130°31.3′E,4 km,1.5,---
2026/08/04,16:21:03.0,熊本県熊本地方,32°35.0′N,130°37.6′E,15 km,0.6,---
2026/08/04,16:22:05.2,熊本県天草・芦北地方,32°25.1′N,130°31.3′E,12 km,1.8,---
2026/08/04,16:23:46.2,熊本県熊本地方,32°32.2′N,130°35.5′E,15 km,不明,---
2026/08/04,16:24:26.9,熊本県熊本地方,32°37.6′N,130°42.5′E,15 km,0.5,---
2026/08/04,16:26:14.2,熊本県熊本地方,32°40.0′N,130°43.0′E,13 km,0.3,---
2026/08/04,16:29:31.5,福島県沖,37°50.5′N,141°37.5′E,49 km,1.5,---
2026/08/04,16:29:35.5,愛知県東部,34°53.7′N,137°38.1′E,37 km,0.5,---
2026/08/04,16:30:25.0,福島県沖,37°49.9′N,141°36.4′E,50 km,1.1,---
2026/08/04,16:30:28.3,熊本県天草・芦北地方,32°25.5′N,130°31.8′E,12 km,0.2,---
2026/08/04,16:31:44.7,熊本県熊本地方,32°36.0′N,130°41.8′E,9 km,0.4,---
2026/08/04,16:32:48.7,熊本県天草・芦北地方,32°29.1′N,130°32.6′E,10 km,1.8,---
2026/08/04,16:33:05.2,三陸沖,39°37.0′N,143°31.2′E,11 km,1.8,---
2026/08/04,16:33:30.7,日向灘,32°28.8′N,131°53.7′E,35 km,1.1,---
2026/08/04,16:35:14.4,天草灘,31°58.8′N,130°11.0′E,3 km,0.1,---
2026/08/04,16:35:17.9,福島県沖,37°49.0′N,141°35.6′E,47 km,1.1,---
2026/08/04,16:37:23.2,三陸沖,38°00.4′N,144°04.9′E,29 km,2.3,---
2026/08/04,16:38:25.6,熊本県天草・芦北地方,32°30.2′N,130°32.2′E,11 km,1.1,---
2026/08/04,16:39:01.8,熊本県天草・芦北地方,32°27.7′N,130°32.3′E,14 km,1.6,---
2026/08/04,16:40:07.7,熊本県天草・芦北地方,32°19.3′N,130°28.9′E,5 km,1.2,---
2026/08/04,16:41:01.8,熊本県熊本地方,32°29.6′N,130°35.7′E,10 km,0.9,---
2026/08/04,16:41:11.3,福島県沖,37°49.2′N,141°35.6′E,48 km,1.0,---
2026/08/04,16:42:05.2,熊本県熊本地方,32°51.6′N,130°49.9′E,13 km,0.6,---
2026/08/04,16:42:08.6,日向灘,32°08.3′N,132°01.0′E,33 km,1.5,---
2026/08/04,16:42:10.1,熊本県天草・芦北地方,32°30.4′N,130°33.0′E,12 km,1.0,---
2026/08/04,16:43:11.7,熊本県天草・芦北地方,32°10.1′N,130°32.2′E,8 km,2.7,---
2026/08/04,16:43:44.8,秋田県内陸北部,39°58.7′N,140°32.7′E,5 km,0.2,---
2026/08/04,16:44:40.6,熊本県天草・芦北地方,32°30.6′N,130°32.6′E,14 km,1.1,---
2026/08/04,16:45:47.3,長野県北部,36°47.9′N,138°05.5′E,5 km,1.9,---
2026/08/04,16:46:21.3,熊本県天草・芦北地方,32°10.0′N,130°31.8′E,7 km,0.0,---
2026/08/04,16:49:29.7,熊本県熊本地方,32°47.5′N,130°47.9′E,9 km,0.2,---
2026/08/04,16:49:54.9,群馬県北部,36°52.5′N,139°20.4′E,5 km,0.4,---
2026/08/04,16:50:28.8,熊本県天草・芦北地方,32°30.6′N,130°32.6′E,14 km,0.2,---
2026/08/04,16:50:55.3,熊本県熊本地方,32°40.0′N,130°42.2′E,14 km,0.5,---
2026/08/04,16:52:36.6,茨城県沖,36°09.6′N,140°56.7′E,28 km,1.3,---
2026/08/04,16:52:46.1,岩手県沖,40°03.7′N,142°31.7′E,34 km,不明,---
2026/08/04,16:52:57.9,岩手県沖,40°03.7′N,142°31.4′E,34 km,1.5,---
2026/08/04,16:54:19.3,青森県東方沖,40°35.9′N,142°28.2′E,41 km,1.9,---
2026/08/04,16:55:52.4,熊本県熊本地方,32°28.3′N,130°36.0′E,11 km,0.2,---
2026/08/04,16:56:10.3,熊本県熊本地方,32°32.2′N,130°39.9′E,7 km,0.5,---
2026/08/04,16:56:27.3,熊本県熊本地方,32°37.5′N,130°43.5′E,6 km,0.8,---
2026/08/04,16:56:29.0,三陸沖,39°23.9′N,143°42.2′E,30 km,1.4,---
2026/08/04,16:56:48.8,奄美大島近海,28°21.9′N,129°28.1′E,16 km,0.8,---
2026/08/04,16:56:53.1,紀伊水道,33°50.8′N,134°58.7′E,14 km,1.0,---
2026/08/04,16:57:53.3,茨城県沖,36°20.7′N,141°30.5′E,19 km,1.5,---
2026/08/04,16:58:21.8,熊本県天草・芦北地方,32°31.4′N,130°32.8′E,14 km,0.5,---
2026/08/04,16:59:27.8,熊本県熊本地方,32°29.2′N,130°33.3′E,10 km,0.9,---
2026/08/04,17:00:26.6,熊本県天草・芦北地方,32°30.7′N,130°32.5′E,14 km,0.7,---
2026/08/04,17:01:19.9,千葉県東方沖,35°23.8′N,141°10.9′E,8 km,1.6,---
2026/08/04,17:03:12.9,日向灘,31°57.6′N,132°01.1′E,18 km,1.4,---
2026/08/04,17:04:08.1,熊本県天草・芦北地方,32°18.5′N,130°31.7′E,4 km,1.8,---
2026/08/04,17:05:23.5,宮古島近海,24°42.2′N,125°26.5′E,46 km,1.9,---
2026/08/04,17:06:05.0,宮城県沖,37°55.4′N,141°50.5′E,52 km,1.0,---
2026/08/04,17:06:09.6,岩手県沖,40°16.6′N,142°17.7′E,41 km,3.9,---
2026/08/04,17:08:30.6,熊本県天草・芦北地方,32°12.8′N,130°23.7′E,5 km,不明,---
2026/08/04,17:09:32.4,岐阜県飛騨地方,36°05.9′N,137°21.9′E,12 km,0.0,---
2026/08/04,17:11:04.1,福井県嶺北,36°07.1′N,136°28.2′E,6 km,1.1,---
2026/08/04,17:11:17.8,福井県嶺北,36°07.1′N,136°28.2′E,5 km,0.8,---
2026/08/04,17:12:18.6,熊本県天草・芦北地方,32°23.6′N,130°29.8′E,9 km,1.9,---
2026/08/04,17:13:14.5,熊本県熊本地方,32°33.6′N,130°39.7′E,6 km,0.6,---
2026/08/04,17:14:10.1,熊本県天草・芦北地方,32°25.7′N,130°31.8′E,12 km,0.4,---
2026/08/04,17:14:28.0,熊本県天草・芦北地方,32°26.4′N,130°32.5′E,8 km,0.0,---
2026/08/04,17:15:04.1,紀伊水道,33°48.5′N,134°53.7′E,14 km,0.7,---
2026/08/04,17:15:07.0,紀伊水道,34°10.5′N,135°10.8′E,4 km,-0.2,---
2026/08/04,17:15:22.0,熊本県天草・芦北地方,32°30.5′N,130°32.5′E,14 km,0.2,---
2026/08/04,17:15:35.9,熊本県熊本地方,32°38.0′N,130°43.3′E,9 km,0.8,---
2026/08/04,17:15:54.6,熊本県熊本地方,32°42.9′N,130°46.9′E,9 km,0.8,---
2026/08/04,17:15:59.3,熊本県熊本地方,32°33.8′N,130°37.4′E,9 km,1.6,---
2026/08/04,17:16:10.4,東京都２３区,35°37.4′N,139°39.2′E,72 km,0.9,---
2026/08/04,17:17:26.5,宮城県南部,37°56.9′N,140°47.3′E,89 km,1.0,---
2026/08/04,17:17:28.5,神奈川県西部,35°17.6′N,139°04.1′E,16 km,0.8,---
2026/08/04,17:17:35.4,神奈川県西部,35°26.6′N,139°11.4′E,19 km,0.4,---
2026/08/04,17:17:42.9,熊本県天草・芦北地方,32°09.9′N,130°32.6′E,9 km,0.4,---
2026/08/04,17:18:41.9,熊本県熊本地方,32°29.2′N,130°33.9′E,9 km,2.4,---
2026/08/04,17:19:27.5,長野県北部,36°31.6′N,137°47.7′E,2 km,0.6,---
2026/08/04,17:19:48.2,西表島付近,24°25.6′N,123°51.4′E,11 km,1.0,---
2026/08/04,17:19:49.2,熊本県天草・芦北地方,32°23.1′N,130°29.5′E,6 km,1.1,---
2026/08/04,17:20:30.3,伊予灘,33°46.9′N,132°20.9′E,47 km,0.8,---
2026/08/04,17:21:36.5,西表島付近,24°27.1′N,123°52.2′E,6 km,2.3,---
2026/08/04,17:22:01.2,熊本県天草・芦北地方,32°15.1′N,130°25.5′E,10 km,0.0,---
2026/08/04,17:23:08.7,熊本県熊本地方,32°25.3′N,130°34.4′E,11 km,1.5,---
2026/08/04,17:24:35.7,岩手県沖,40°16.7′N,142°17.8′E,41 km,0.5,---
2026/08/04,17:25:10.1,熊本県熊本地方,32°38.7′N,130°41.2′E,15 km,0.4,---
2026/08/04,17:25:30.1,長野県南部,35°54.4′N,138°03.7′E,7 km,0.1,---
2026/08/04,17:25:53.0,熊本県天草・芦北地方,32°21.8′N,130°29.0′E,7 km,0.4,---
2026/08/04,17:28:10.6,熊本県天草・芦北地方,32°31.0′N,130°32.7′E,13 km,1.0,---
2026/08/04,17:29:45.4,三陸沖,40°33.8′N,143°37.7′E,10 km,1.3,---
2026/08/04,17:30:37.7,熊本県熊本地方,32°44.4′N,130°47.4′E,8 km,1.5,---
2026/08/04,17:31:10.8,岩手県沖,40°16.8′N,142°17.5′E,41 km,2.0,---
2026/08/04,17:31:30.8,熊本県熊本地方,32°31.9′N,130°39.0′E,8 km,0.2,---
2026/08/04,17:32:41.2,熊本県熊本地方,32°29.1′N,130°34.0′E,10 km,0.8,---
2026/08/04,17:33:19.7,熊本県天草・芦北地方,32°30.7′N,130°32.5′E,15 km,2.7,---
2026/08/04,17:35:06.2,熊本県熊本地方,32°44.9′N,130°48.1′E,8 km,0.2,---
2026/08/04,17:35:49.9,鹿児島県薩摩地方,31°58.5′N,130°37.8′E,5 km,0.5,---
2026/08/04,17:39:10.5,空知地方北部,43°59.3′N,141°57.3′E,10 km,-0.2,---
2026/08/04,17:39:12.3,熊本県熊本地方,32°35.3′N,130°37.1′E,15 km,0.5,---
2026/08/04,17:39:41.7,十勝沖,41°12.0′N,143°50.3′E,23 km,1.2,---
2026/08/04,17:40:35.1,熊本県熊本地方,32°30.0′N,130°37.5′E,10 km,0.4,---
2026/08/04,17:41:33.8,熊本県天草・芦北地方,32°30.5′N,130°32.4′E,11 km,1.1,---
2026/08/04,17:43:15.2,三陸沖,39°19.4′N,143°37.2′E,13 km,1.3,---
2026/08/04,17:43:33.7,熊本県熊本地方,32°37.4′N,130°42.6′E,7 km,0.5,---
2026/08/04,17:45:20.6,熊本県熊本地方,32°40.7′N,130°40.7′E,16 km,0.8,---
2026/08/04,17:45:23.6,福島県沖,37°40.9′N,142°03.8′E,31 km,3.6,---
2026/08/04,17:45:45.2,熊本県熊本地方,32°38.9′N,130°44.9′E,8 km,0.3,---
2026/08/04,17:46:39.3,熊本県天草・芦北地方,32°29.4′N,130°30.8′E,11 km,0.4,---
2026/08/04,17:46:49.6,熊本県熊本地方,32°29.2′N,130°34.3′E,4 km,1.8,---
2026/08/04,17:49:06.4,長野県北部,36°31.7′N,137°47.9′E,1 km,-0.3,---
2026/08/04,17:50:18.4,熊本県熊本地方,32°31.0′N,130°36.5′E,4 km,1.2,---
2026/08/04,17:50:38.2,熊本県天草・芦北地方,32°19.6′N,130°28.8′E,4 km,1.9,---
2026/08/04,17:52:33.7,熊本県天草・芦北地方,32°19.6′N,130°29.2′E,6 km,0.6,---
2026/08/04,17:52:53.8,熊本県天草・芦北地方,32°31.2′N,130°33.2′E,15 km,0.5,---
2026/08/04,17:53:40.5,熊本県天草・芦北地方,32°30.3′N,130°32.6′E,13 km,0.6,---
2026/08/04,17:53:49.4,熊本県天草・芦北地方,32°26.2′N,130°32.6′E,6 km,1.1,---
2026/08/04,17:54:27.9,熊本県熊本地方,32°32.4′N,130°36.6′E,14 km,2.3,---
2026/08/04,17:55:04.3,熊本県天草・芦北地方,32°30.8′N,130°32.6′E,12 km,0.8,---
2026/08/04,17:57:23.3,茨城県北部,36°43.6′N,140°32.2′E,72 km,1.0,---
2026/08/04,17:57:27.1,熊本県天草・芦北地方,32°23.2′N,130°29.3′E,10 km,3.1,---
2026/08/04,17:59:13.9,熊本県天草・芦北地方,32°23.1′N,130°29.3′E,6 km,0.6,---
2026/08/04,17:59:47.0,和歌山県南方沖,33°16.0′N,135°07.3′E,33 km,1.2,---
2026/08/04,18:00:46.0,熊本県天草・芦北地方,32°25.0′N,130°31.4′E,12 km,0.6,---
2026/08/04,18:00:57.5,熊本県天草・芦北地方,32°28.1′N,130°32.5′E,7 km,0.3,---
2026/08/04,18:01:53.6,熊本県天草・芦北地方,32°10.1′N,130°30.1′E,0 km,-0.3,---
2026/08/04,18:02:25.4,熊本県天草・芦北地方,32°26.8′N,130°33.9′E,3 km,0.0,---
2026/08/04,18:02:46.7,岩手県沖,40°16.3′N,142°13.7′E,45 km,2.0,---
2026/08/04,18:02:55.3,徳島県南部,33°49.1′N,134°41.4′E,36 km,1.3,---
2026/08/04,18:02:55.5,島根県東部,35°07.1′N,132°43.2′E,9 km,1.0,---
2026/08/04,18:03:22.4,熊本県天草・芦北地方,32°27.5′N,130°33.7′E,10 km,1.4,---
2026/08/04,18:04:01.3,熊本県天草・芦北地方,32°23.2′N,130°29.2′E,7 km,0.5,---
2026/08/04,18:04:06.9,熊本県熊本地方,32°34.9′N,130°36.8′E,13 km,1.1,---
2026/08/04,18:04:39.8,和歌山県南部,33°43.5′N,135°38.0′E,36 km,0.6,---
2026/08/04,18:04:54.7,熊本県熊本地方,32°35.4′N,130°39.4′E,10 km,0.6,---
2026/08/04,18:05:42.7,熊本県熊本地方,32°40.9′N,130°44.6′E,11 km,1.3,---
2026/08/04,18:06:17.7,岩手県内陸南部,39°03.1′N,140°54.8′E,9 km,0.9,---
2026/08/04,18:06:18.7,熊本県熊本地方,32°33.7′N,130°38.6′E,11 km,0.3,---
2026/08/04,18:08:04.6,茨城県沖,36°38.7′N,141°48.0′E,25 km,1.2,---
2026/08/04,18:09:27.3,熊本県熊本地方,32°36.3′N,130°43.1′E,4 km,0.5,---
2026/08/04,18:09:30.5,関東東方沖,36°42.1′N,143°28.7′E,15 km,1.7,---
2026/08/04,18:10:01.9,十勝地方南部,42°25.9′N,143°04.0′E,53 km,0.3,---
2026/08/04,18:10:20.7,熊本県天草・芦北地方,32°17.1′N,130°34.2′E,1 km,0.7,---
2026/08/04,18:11:33.4,熊本県天草・芦北地方,32°27.7′N,130°32.1′E,15 km,1.1,---
2026/08/04,18:12:02.4,熊本県天草・芦北地方,32°27.4′N,130°32.2′E,13 km,0.1,---
2026/08/04,18:12:11.4,熊本県熊本地方,32°30.8′N,130°34.9′E,11 km,1.3,---
2026/08/04,18:12:35.7,熊本県天草・芦北地方,32°30.7′N,130°33.1′E,13 km,0.9,---
2026/08/04,18:13:03.6,熊本県天草・芦北地方,32°25.1′N,130°29.7′E,5 km,0.7,---
2026/08/04,18:14:23.0,熊本県熊本地方,32°29.7′N,130°34.4′E,10 km,0.2,---
2026/08/04,18:16:04.2,熊本県天草・芦北地方,32°13.4′N,130°25.1′E,3 km,0.0,---
2026/08/04,18:16:44.6,熊本県天草・芦北地方,32°24.7′N,130°29.4′E,10 km,2.8,---
2026/08/04,18:17:40.1,熊本県天草・芦北地方,32°31.4′N,130°33.0′E,14 km,0.8,---
2026/08/04,18:17:58.7,熊本県天草・芦北地方,32°27.8′N,130°32.5′E,10 km,0.3,---
2026/08/04,18:19:00.6,熊本県熊本地方,32°34.1′N,130°38.5′E,10 km,0.3,---
2026/08/04,18:20:06.1,熊本県天草・芦北地方,32°30.4′N,130°32.2′E,12 km,0.5,---
2026/08/04,18:20:31.5,熊本県天草・芦北地方,32°28.2′N,130°33.3′E,8 km,0.3,---
2026/08/04,18:20:45.6,熊本県熊本地方,32°32.1′N,130°36.9′E,8 km,0.1,---
2026/08/04,18:21:13.7,熊本県天草・芦北地方,32°10.4′N,130°32.0′E,7 km,0.0,---
2026/08/04,18:22:05.2,熊本県天草・芦北地方,32°24.2′N,130°29.2′E,7 km,0.5,---
2026/08/04,18:22:49.6,熊本県天草・芦北地方,32°28.0′N,130°31.8′E,2 km,0.4,---
2026/08/04,18:23:48.0,熊本県天草・芦北地方,32°20.4′N,130°26.2′E,3 km,0.2,---
2026/08/04,18:24:17.1,熊本県熊本地方,32°37.3′N,130°41.7′E,10 km,0.1,---
2026/08/04,18:25:04.2,熊本県熊本地方,32°38.9′N,130°41.6′E,16 km,-0.1,---
2026/08/04,18:25:17.1,熊本県熊本地方,32°34.3′N,130°38.9′E,10 km,0.4,---
2026/08/04,18:25:33.9,熊本県天草・芦北地方,32°23.5′N,130°29.8′E,3 km,0.2,---
2026/08/04,18:26:56.5,秋田県内陸北部,39°58.8′N,140°33.0′E,3 km,0.8,---
2026/08/04,18:27:11.0,熊本県天草・芦北地方,32°30.9′N,130°32.8′E,14 km,0.5,---
2026/08/04,18:27:39.0,岩手県沖,40°16.9′N,142°18.1′E,41 km,1.8,---
2026/08/04,18:29:05.7,岩手県沖,40°03.7′N,142°50.1′E,26 km,1.2,---
2026/08/04,18:29:20.2,奄美大島北東沖,29°19.3′N,130°42.2′E,64 km,3.5,---
2026/08/04,18:29:53.6,熊本県天草・芦北地方,32°22.1′N,130°28.9′E,5 km,0.3,---
2026/08/04,18:31:07.9,岩手県沖,40°16.5′N,142°18.3′E,41 km,1.3,---
2026/08/04,18:32:43.6,熊本県熊本地方,32°40.4′N,130°45.7′E,9 km,0.0,---
2026/08/04,18:33:57.3,熊本県熊本地方,32°35.6′N,130°38.0′E,14 km,0.8,---
2026/08/04,18:34:39.2,島根県西部,34°53.5′N,132°09.8′E,10 km,0.4,---
2026/08/04,18:35:03.4,和歌山県北部,34°06.0′N,135°10.0′E,5 km,0.9,---
2026/08/04,18:35:20.5,宮崎県南部山沿い,32°03.0′N,131°02.4′E,11 km,0.6,---
2026/08/04,18:35:40.5,熊本県天草・芦北地方,32°24.3′N,130°29.1′E,8 km,0.4,---
2026/08/04,18:35:54.3,熊本県天草・芦北地方,32°30.2′N,130°32.5′E,12 km,0.1,---
2026/08/04,18:36:15.6,熊本県阿蘇地方,32°54.9′N,131°01.6′E,9 km,0.4,---
2026/08/04,18:36:54.9,熊本県熊本地方,32°38.3′N,130°44.1′E,6 km,0.2,---
2026/08/04,18:37:55.8,熊本県天草・芦北地方,32°14.3′N,130°24.8′E,2 km,0.5,---
2026/08/04,18:38:17.0,熊本県天草・芦北地方,32°24.6′N,130°30.4′E,6 km,0.3,---
2026/08/04,18:38:26.3,熊本県熊本地方,32°43.4′N,130°48.4′E,9 km,0.5,---
2026/08/04,18:39:18.8,熊本県天草・芦北地方,32°23.0′N,130°29.4′E,7 km,0.4,---
2026/08/04,18:39:19.1,関東東方沖,34°18.0′N,141°38.3′E,9 km,2.4,---
2026/08/04,18:39:47.5,熊本県天草・芦北地方,32°25.5′N,130°32.0′E,0 km,-0.1,---
2026/08/04,18:42:11.4,熊本県熊本地方,32°34.1′N,130°37.8′E,10 km,0.1,---
2026/08/04,18:42:30.8,関東東方沖,35°40.0′N,142°18.5′E,30 km,1.1,---
2026/08/04,18:42:41.7,薩摩半島西方沖,31°42.2′N,130°11.2′E,9 km,0.2,---
2026/08/04,18:43:53.0,熊本県熊本地方,32°42.6′N,130°46.3′E,10 km,-0.1,---
2026/08/04,18:44:10.9,宮城県沖,38°47.2′N,141°35.4′E,68 km,1.1,---
2026/08/04,18:44:33.8,熊本県天草・芦北地方,32°26.0′N,130°32.0′E,0 km,0.6,---
2026/08/04,18:44:57.7,熊本県熊本地方,32°36.1′N,130°42.5′E,3 km,0.9,---
2026/08/04,18:45:10.7,千葉県東方沖,35°46.9′N,140°56.9′E,12 km,1.5,---
2026/08/04,18:45:33.7,熊本県天草・芦北地方,32°27.5′N,130°32.0′E,14 km,1.2,---
2026/08/04,18:46:44.6,熊本県天草・芦北地方,32°27.7′N,130°32.1′E,15 km,1.4,---
2026/08/04,18:47:45.8,天草灘,32°31.5′N,129°49.2′E,13 km,-0.1,---
2026/08/04,18:48:02.9,熊本県天草・芦北地方,32°25.4′N,130°30.8′E,0 km,0.0,---
2026/08/04,18:49:19.9,熊本県熊本地方,32°30.5′N,130°36.1′E,0 km,0.9,---
2026/08/04,18:50:27.9,熊本県熊本地方,32°29.5′N,130°33.0′E,12 km,0.0,---
2026/08/04,18:51:31.2,岩手県沖,40°16.6′N,142°18.1′E,42 km,1.0,---
2026/08/04,18:52:06.8,兵庫県北部,35°28.8′N,134°28.5′E,6 km,0.8,---
2026/08/04,18:52:39.5,熊本県天草・芦北地方,32°30.2′N,130°32.1′E,12 km,0.3,---
2026/08/04,18:53:05.8,熊本県熊本地方,32°44.3′N,130°47.9′E,9 km,0.4,---
2026/08/04,18:53:22.0,福島県沖,37°49.7′N,141°36.9′E,50 km,1.7,---
2026/08/04,18:55:40.3,熊本県熊本地方,32°39.3′N,130°42.0′E,15 km,0.1,---
2026/08/04,18:57:25.6,熊本県天草・芦北地方,32°12.9′N,130°26.6′E,3 km,0.9,---
2026/08/04,18:57:40.0,福島県沖,37°50.1′N,141°37.4′E,48 km,0.9,---
2026/08/04,18:57:54.6,熊本県熊本地方,32°39.0′N,130°42.0′E,12 km,1.0,---
2026/08/04,19:00:57.6,岩手県沖,40°16.9′N,142°17.9′E,41 km,2.2,---
2026/08/04,19:01:08.9,熊本県熊本地方,32°39.2′N,130°42.4′E,13 km,0.5,---
2026/08/04,19:01:55.4,岩手県内陸南部,39°02.7′N,140°54.1′E,8 km,1.2,---
2026/08/04,19:02:26.3,熊本県熊本地方,32°43.6′N,130°46.7′E,10 km,1.2,---
2026/08/04,19:03:23.7,青森県東方沖,40°53.0′N,142°55.7′E,6 km,1.7,---
2026/08/04,19:03:39.3,安芸灘,34°12.4′N,132°54.4′E,23 km,0.5,---
2026/08/04,19:03:59.8,三陸沖,39°45.4′N,143°43.5′E,13 km,1.6,---
2026/08/04,19:04:03.6,熊本県熊本地方,32°32.9′N,130°36.6′E,12 km,2.0,---
2026/08/04,19:05:08.9,熊本県天草・芦北地方,32°15.1′N,130°30.4′E,8 km,0.5,---
2026/08/04,19:06:09.2,熊本県熊本地方,32°33.9′N,130°40.2′E,5 km,0.7,---
2026/08/04,19:06:21.4,熊本県熊本地方,32°42.5′N,130°46.1′E,11 km,0.2,---
2026/08/04,19:09:43.4,石川県能登地方,37°28.4′N,137°13.9′E,10 km,0.6,---
2026/08/04,19:12:36.1,熊本県熊本地方,32°38.7′N,130°42.3′E,12 km,1.3,---
2026/08/04,19:15:05.0,熊本県熊本地方,32°32.1′N,130°35.6′E,11 km,0.2,---
2026/08/04,19:15:47.4,熊本県熊本地方,32°39.9′N,130°44.0′E,11 km,1.0,---
2026/08/04,19:18:19.6,熊本県熊本地方,32°40.8′N,130°43.5′E,12 km,1.7,---
2026/08/04,19:18:55.0,熊本県熊本地方,32°33.3′N,130°36.5′E,11 km,0.9,---
2026/08/04,19:20:13.9,奄美大島北東沖,29°16.3′N,130°45.2′E,23 km,2.4,---
2026/08/04,19:21:23.8,熊本県熊本地方,32°35.7′N,130°40.7′E,7 km,1.4,---
2026/08/04,19:22:28.1,熊本県天草・芦北地方,32°28.7′N,130°30.5′E,7 km,0.4,---
2026/08/04,19:23:07.2,十勝地方北部,43°22.4′N,142°45.7′E,7 km,0.3,---
2026/08/04,19:23:39.8,熊本県天草・芦北地方,32°28.0′N,130°34.6′E,8 km,2.4,---
2026/08/04,19:23:43.9,福島県沖,37°50.8′N,141°35.8′E,49 km,0.7,---
2026/08/04,19:26:26.4,岐阜県飛騨地方,36°02.6′N,137°32.7′E,6 km,-0.3,---
2026/08/04,19:28:43.5,熊本県熊本地方,32°38.8′N,130°43.1′E,9 km,1.0,---
2026/08/04,19:30:25.7,熊本県天草・芦北地方,32°27.9′N,130°29.5′E,12 km,0.4,---
2026/08/04,19:30:49.0,奄美大島北東沖,29°15.6′N,130°47.7′E,27 km,1.9,---
2026/08/04,19:31:11.2,熊本県熊本地方,32°46.5′N,130°48.4′E,9 km,1.4,---
2026/08/04,19:33:30.5,熊本県天草・芦北地方,32°30.7′N,130°32.7′E,14 km,1.0,---
2026/08/04,19:33:50.9,熊本県熊本地方,32°39.8′N,130°42.8′E,12 km,1.9,---
2026/08/04,19:35:08.9,熊本県熊本地方,32°36.1′N,130°42.3′E,6 km,0.2,---
2026/08/04,19:35:40.0,奄美大島北東沖,29°17.7′N,130°46.5′E,11 km,2.0,---
2026/08/04,19:35:40.6,岩手県沖,40°14.5′N,142°58.2′E,21 km,1.5,---
2026/08/04,19:36:30.7,長野県南部,35°54.5′N,137°38.8′E,9 km,0.0,---
2026/08/04,19:38:51.0,熊本県熊本地方,32°38.1′N,130°42.2′E,9 km,0.6,---
2026/08/04,19:39:58.4,熊本県熊本地方,32°41.3′N,130°42.3′E,15 km,1.2,---
2026/08/04,19:40:17.4,宮城県沖,38°14.0′N,141°53.9′E,43 km,1.1,---
2026/08/04,19:41:39.2,熊本県熊本地方,32°41.0′N,130°42.4′E,17 km,0.4,---
2026/08/04,19:43:21.0,岩手県沖,40°15.8′N,142°25.4′E,20 km,1.1,---
2026/08/04,19:43:59.6,熊本県熊本地方,32°41.8′N,130°42.8′E,15 km,1.7,---
2026/08/04,19:45:18.2,浦河沖,42°27.3′N,142°02.5′E,19 km,1.5,---
2026/08/04,19:46:27.8,熊本県熊本地方,32°32.6′N,130°39.7′E,6 km,0.4,---
2026/08/04,19:46:39.3,紀伊水道,33°50.7′N,134°58.7′E,14 km,1.2,---
2026/08/04,19:47:39.2,熊本県熊本地方,32°29.6′N,130°35.9′E,9 km,0.1,---
2026/08/04,19:47:51.2,熊本県熊本地方,32°32.8′N,130°36.0′E,9 km,0.5,---
2026/08/04,19:50:26.7,三陸沖,40°09.1′N,143°19.7′E,7 km,1.1,---
2026/08/04,19:50:57.8,熊本県天草・芦北地方,32°25.7′N,130°31.6′E,5 km,1.1,---
2026/08/04,19:51:51.4,長野県中部,36°13.8′N,137°56.0′E,7 km,-0.5,---
2026/08/04,19:52:53.8,熊本県天草・芦北地方,32°23.2′N,130°29.6′E,9 km,0.0,---
2026/08/04,19:53:42.8,熊本県天草・芦北地方,32°14.2′N,130°23.9′E,0 km,0.9,---
2026/08/04,19:54:10.1,長野県中部,36°11.7′N,137°59.3′E,8 km,-0.1,---
2026/08/04,19:55:02.2,橘湾,32°41.8′N,129°58.5′E,11 km,0.2,---
2026/08/04,19:57:43.9,熊本県天草・芦北地方,32°25.4′N,130°30.0′E,7 km,0.5,---
2026/08/04,19:58:08.2,熊本県熊本地方,32°40.6′N,130°45.6′E,6 km,0.0,---
2026/08/04,19:59:41.5,熊本県熊本地方,32°30.4′N,130°36.0′E,8 km,0.7,---
2026/08/04,20:00:09.5,熊本県熊本地方,32°33.0′N,130°38.9′E,7 km,0.3,---
2026/08/04,20:00:51.8,宮城県沖,38°37.3′N,142°29.8′E,34 km,1.7,---
2026/08/04,20:00:58.3,熊本県天草・芦北地方,32°14.2′N,130°24.0′E,5 km,-0.1,---
2026/08/04,20:01:08.3,熊本県天草・芦北地方,32°23.5′N,130°27.9′E,6 km,0.3,---
2026/08/04,20:01:47.8,三陸沖,40°07.5′N,143°28.7′E,5 km,1.4,---
2026/08/04,20:03:21.3,鹿児島県薩摩地方,32°10.1′N,130°09.5′E,12 km,2.8,---
2026/08/04,20:04:13.0,福島県沖,37°51.4′N,141°35.4′E,48 km,1.2,---
2026/08/04,20:05:43.6,熊本県天草・芦北地方,32°13.2′N,130°21.8′E,3 km,0.1,---
2026/08/04,20:06:09.2,熊本県熊本地方,32°34.7′N,130°41.1′E,8 km,-0.1,---
2026/08/04,20:06:42.2,山口県北部,34°21.9′N,131°31.5′E,17 km,0.2,---
2026/08/04,20:07:02.0,熊本県熊本地方,32°37.2′N,130°42.1′E,12 km,0.0,---
2026/08/04,20:07:05.3,長野県北部,36°45.9′N,137°50.9′E,9 km,0.4,---
2026/08/04,20:07:07.7,島根県東部,35°07.5′N,132°43.0′E,9 km,0.6,---
2026/08/04,20:08:36.1,熊本県熊本地方,32°39.9′N,130°41.8′E,15 km,1.4,---
2026/08/04,20:08:47.1,鹿児島県薩摩地方,31°51.9′N,130°49.9′E,4 km,1.8,---
2026/08/04,20:09:07.5,宮城県沖,38°03.3′N,141°56.0′E,42 km,1.5,---
2026/08/04,20:11:01.6,熊本県天草・芦北地方,32°28.0′N,130°29.6′E,13 km,0.2,---
2026/08/04,20:11:52.9,熊本県天草・芦北地方,32°14.1′N,130°23.5′E,12 km,0.3,---
2026/08/04,20:12:29.8,熊本県天草・芦北地方,32°27.7′N,130°32.2′E,15 km,2.5,---
2026/08/04,20:14:22.7,長野県南部,35°49.2′N,137°33.7′E,2 km,-0.2,---
2026/08/04,20:15:09.8,熊本県天草・芦北地方,32°23.8′N,130°28.7′E,2 km,0.5,---
2026/08/04,20:15:56.7,熊本県熊本地方,32°37.6′N,130°43.0′E,8 km,2.8,---
2026/08/04,20:16:41.0,熊本県熊本地方,32°37.9′N,130°42.9′E,6 km,2.0,---
2026/08/04,20:18:57.4,紀伊水道,33°53.5′N,134°48.5′E,15 km,0.6,---
2026/08/04,20:19:30.0,千葉県北西部,35°52.8′N,140°04.1′E,69 km,1.0,---
2026/08/04,20:19:37.9,熊本県天草・芦北地方,32°22.0′N,130°28.2′E,10 km,1.4,---
2026/08/04,20:20:44.4,熊本県天草・芦北地方,32°25.7′N,130°31.3′E,6 km,1.5,---
2026/08/04,20:22:44.7,熊本県天草・芦北地方,32°30.7′N,130°32.8′E,13 km,0.9,---
2026/08/04,20:23:52.5,福島県沖,37°50.2′N,141°35.0′E,48 km,1.0,---
2026/08/04,20:23:58.1,熊本県熊本地方,32°42.6′N,130°45.6′E,10 km,1.1,---
2026/08/04,20:25:54.8,熊本県熊本地方,32°32.4′N,130°36.5′E,13 km,0.6,---
2026/08/04,20:26:44.8,熊本県天草・芦北地方,32°25.4′N,130°29.5′E,10 km,0.4,---
2026/08/04,20:30:23.8,熊本県天草・芦北地方,32°24.6′N,130°28.1′E,11 km,0.7,---
2026/08/04,20:30:45.8,熊本県熊本地方,32°32.8′N,130°40.7′E,13 km,-0.1,---
2026/08/04,20:30:55.2,熊本県熊本地方,32°32.5′N,130°36.1′E,10 km,1.0,---
2026/08/04,20:31:18.3,岩手県沖,40°16.2′N,142°17.8′E,41 km,0.9,---
2026/08/04,20:31:24.3,能登半島沖,37°44.9′N,137°26.8′E,14 km,1.1,---
2026/08/04,20:32:25.2,熊本県天草・芦北地方,32°10.3′N,130°32.3′E,7 km,0.9,---
2026/08/04,20:33:37.5,熊本県天草・芦北地方,32°26.1′N,130°32.9′E,5 km,1.1,---
2026/08/04,20:35:16.4,岩手県沖,39°04.9′N,142°22.7′E,28 km,1.1,---
2026/08/04,20:35:58.3,熊本県熊本地方,32°40.8′N,130°42.7′E,15 km,0.5,---
2026/08/04,20:37:20.3,熊本県天草・芦北地方,32°27.2′N,130°32.7′E,14 km,0.2,---
2026/08/04,20:38:36.3,熊本県熊本地方,32°36.4′N,130°41.6′E,9 km,0.6,---
2026/08/04,20:38:43.5,岩手県沖,40°16.7′N,142°17.8′E,41 km,1.2,---
2026/08/04,20:40:17.8,青森県東方沖,40°55.2′N,143°04.1′E,15 km,不明,---
2026/08/04,20:41:34.9,熊本県熊本地方,32°30.9′N,130°35.5′E,14 km,0.2,---
2026/08/04,20:42:26.1,熊本県天草・芦北地方,32°15.1′N,130°30.9′E,11 km,不明,---
2026/08/04,20:43:13.5,熊本県天草・芦北地方,32°27.7′N,130°32.3′E,6 km,0.5,---
2026/08/04,20:43:30.0,奄美大島近海,27°57.8′N,129°28.1′E,27 km,不明,---
2026/08/04,20:44:19.7,熊本県熊本地方,32°31.7′N,130°38.8′E,1 km,0.4,---
2026/08/04,20:47:46.4,熊本県熊本地方,32°33.1′N,130°43.1′E,14 km,0.3,---
2026/08/04,20:48:31.5,三陸沖,38°13.1′N,144°29.8′E,27 km,1.0,---
2026/08/04,20:48:47.3,熊本県熊本地方,32°39.8′N,130°42.1′E,13 km,0.1,---
2026/08/04,20:52:33.5,熊本県天草・芦北地方,32°24.8′N,130°30.1′E,10 km,0.5,---
2026/08/04,20:53:09.6,山口県中部,34°24.4′N,131°35.5′E,31 km,0.3,---
2026/08/04,20:53:42.1,熊本県熊本地方,32°40.4′N,130°42.3′E,14 km,0.5,---
2026/08/04,20:54:11.2,熊本県熊本地方,32°38.3′N,130°43.0′E,8 km,0.3,---
2026/08/04,20:55:35.0,熊本県天草・芦北地方,32°27.2′N,130°31.3′E,14 km,0.4,---
2026/08/04,20:55:48.5,熊本県天草・芦北地方,32°30.9′N,130°33.4′E,16 km,0.4,---
2026/08/04,20:57:02.1,宮城県沖,37°51.7′N,141°49.2′E,35 km,1.8,---
2026/08/04,20:57:02.1,熊本県天草・芦北地方,32°25.1′N,130°32.5′E,0 km,0.9,---
2026/08/04,20:57:39.4,群馬県北部,36°52.6′N,139°20.3′E,5 km,1.1,---
2026/08/04,20:57:51.9,熊本県熊本地方,32°48.1′N,130°50.3′E,5 km,0.5,---
2026/08/04,20:58:38.8,神奈川県西部,35°24.4′N,139°07.9′E,13 km,0.4,---
2026/08/04,20:59:11.2,熊本県天草・芦北地方,32°27.4′N,130°33.5′E,0 km,0.2,---
2026/08/04,20:59:52.9,熊本県天草・芦北地方,32°30.5′N,130°32.8′E,13 km,0.9,---
2026/08/04,21:00:03.8,種子島近海,30°19.7′N,131°00.4′E,16 km,2.4,---
2026/08/04,21:00:50.7,京都府南部,34°57.9′N,135°40.9′E,9 km,0.3,---
2026/08/04,21:00:51.7,岩手県沿岸北部,40°02.3′N,141°35.8′E,6 km,0.0,---
2026/08/04,21:02:18.0,熊本県熊本地方,32°36.4′N,130°42.7′E,11 km,0.2,---
2026/08/04,21:02:40.6,熊本県熊本地方,32°40.6′N,130°43.7′E,7 km,0.1,---
2026/08/04,21:03:04.6,熊本県天草・芦北地方,32°27.6′N,130°32.2′E,14 km,1.0,---
2026/08/04,21:04:08.8,熊本県天草・芦北地方,32°12.0′N,130°21.3′E,6 km,0.1,---
2026/08/04,21:04:55.8,熊本県熊本地方,32°47.7′N,130°50.1′E,5 km,0.3,---
2026/08/04,21:05:00.2,熊本県熊本地方,32°43.8′N,130°45.6′E,11 km,0.2,---
2026/08/04,21:05:39.8,宮城県沖,38°03.1′N,141°56.0′E,42 km,1.4,---
2026/08/04,21:06:03.3,熊本県熊本地方,32°32.0′N,130°36.8′E,11 km,0.3,---
2026/08/04,21:06:18.9,熊本県熊本地方,32°48.8′N,130°47.9′E,12 km,0.1,---
2026/08/04,21:07:05.1,種子島近海,30°19.8′N,131°00.0′E,15 km,1.2,---
2026/08/04,21:08:29.7,熊本県天草・芦北地方,32°30.5′N,130°32.6′E,13 km,1.1,---
2026/08/04,21:09:26.4,熊本県熊本地方,32°39.9′N,130°43.0′E,13 km,0.4,---
2026/08/04,21:12:32.1,三重県南東沖,34°13.8′N,136°39.0′E,41 km,1.6,---
2026/08/04,21:13:14.4,熊本県熊本地方,32°30.6′N,130°35.0′E,9 km,0.1,---
2026/08/04,21:13:51.1,福島県沖,37°24.1′N,141°42.2′E,44 km,1.7,---
2026/08/04,21:14:01.5,熊本県熊本地方,32°46.4′N,130°48.3′E,10 km,0.1,---
2026/08/04,21:14:03.2,熊本県天草・芦北地方,32°27.4′N,130°32.2′E,14 km,1.5,---
2026/08/04,21:14:43.8,熊本県熊本地方,32°37.9′N,130°43.9′E,7 km,0.1,---
2026/08/04,21:14:52.6,熊本県熊本地方,32°39.6′N,130°41.5′E,14 km,1.0,---
2026/08/04,21:15:03.5,熊本県熊本地方,32°38.5′N,130°43.9′E,8 km,0.7,---
2026/08/04,21:15:25.2,奄美大島近海,28°13.1′N,129°22.4′E,17 km,1.2,---
2026/08/04,21:15:29.4,熊本県天草・芦北地方,32°31.1′N,130°32.8′E,14 km,0.3,---
2026/08/04,21:15:54.9,熊本県熊本地方,32°34.5′N,130°37.1′E,13 km,0.3,---
2026/08/04,21:17:10.0,熊本県熊本地方,32°41.7′N,130°42.6′E,16 km,0.2,---
2026/08/04,21:18:01.4,熊本県熊本地方,32°30.9′N,130°36.8′E,1 km,0.1,---
2026/08/04,21:18:11.3,熊本県熊本地方,32°32.0′N,130°36.4′E,7 km,0.0,---
2026/08/04,21:18:25.5,島根県西部,35°03.4′N,132°37.2′E,7 km,0.2,---
2026/08/04,21:18:49.0,熊本県熊本地方,32°35.2′N,130°39.0′E,11 km,0.4,---
2026/08/04,21:19:53.9,熊本県天草・芦北地方,32°30.7′N,130°32.9′E,14 km,0.7,---
2026/08/04,21:21:36.2,熊本県天草・芦北地方,32°20.8′N,130°26.7′E,11 km,0.3,---
2026/08/04,21:23:02.6,熊本県熊本地方,32°31.4′N,130°35.2′E,6 km,0.0,---
2026/08/04,21:23:36.0,大隅半島東方沖,31°03.2′N,131°45.2′E,13 km,2.2,---
2026/08/04,21:24:17.2,富山湾,37°13.7′N,137°27.7′E,16 km,0.8,---
2026/08/04,21:24:45.5,熊本県熊本地方,32°34.8′N,130°36.7′E,13 km,1.9,---
2026/08/04,21:25:26.0,熊本県熊本地方,32°32.9′N,130°34.4′E,6 km,0.8,---
2026/08/04,21:25:35.3,熊本県熊本地方,32°38.6′N,130°44.0′E,10 km,0.3,---
2026/08/04,21:25:53.8,熊本県熊本地方,32°38.5′N,130°40.8′E,15 km,2.4,---
2026/08/04,21:26:32.6,石川県能登地方,37°11.5′N,136°47.0′E,10 km,0.6,---
2026/08/04,21:27:33.9,熊本県熊本地方,32°38.3′N,130°42.6′E,11 km,0.2,---
2026/08/04,21:28:28.3,熊本県熊本地方,32°39.2′N,130°41.7′E,14 km,1.1,---
2026/08/04,21:29:44.4,熊本県熊本地方,32°40.0′N,130°43.3′E,11 km,0.1,---
2026/08/04,21:30:20.3,千葉県北西部,35°34.1′N,140°11.0′E,71 km,0.9,---
2026/08/04,21:30:47.2,熊本県天草・芦北地方,32°20.0′N,130°29.6′E,3 km,0.6,---
2026/08/04,21:31:08.7,熊本県天草・芦北地方,32°23.0′N,130°28.8′E,8 km,0.6,---
2026/08/04,21:34:10.1,熊本県熊本地方,32°38.1′N,130°41.8′E,14 km,0.0,---
2026/08/04,21:35:38.3,熊本県天草・芦北地方,32°30.6′N,130°32.6′E,14 km,1.3,---
2026/08/04,21:36:40.0,和歌山県北部,34°04.2′N,135°20.6′E,9 km,-0.2,---
2026/08/04,21:38:07.7,長野県中部,36°11.3′N,137°44.5′E,7 km,0.3,---
2026/08/04,21:38:25.4,岩手県沖,40°11.0′N,142°46.2′E,15 km,1.4,---
2026/08/04,21:41:15.7,熊本県熊本地方,32°44.9′N,130°48.1′E,7 km,0.2,---
2026/08/04,21:42:35.1,熊本県熊本地方,32°37.6′N,130°43.1′E,9 km,0.2,---
2026/08/04,21:44:21.9,熊本県熊本地方,32°34.0′N,130°37.7′E,11 km,0.3,---
2026/08/04,21:44:45.5,熊本県熊本地方,32°41.0′N,130°42.1′E,16 km,0.9,---
2026/08/04,21:45:08.4,熊本県熊本地方,32°32.6′N,130°39.6′E,4 km,0.7,---
2026/08/04,21:45:58.4,日向灘,32°31.2′N,131°42.2′E,52 km,0.7,---
2026/08/04,21:46:17.2,熊本県天草・芦北地方,32°30.7′N,130°32.5′E,13 km,1.1,---
2026/08/04,21:46:23.3,三陸沖,38°20.8′N,144°46.9′E,23 km,1.5,---
2026/08/04,21:47:06.4,熊本県天草・芦北地方,32°24.2′N,130°27.6′E,6 km,0.2,---
2026/08/04,21:48:30.7,熊本県熊本地方,32°32.5′N,130°36.8′E,13 km,0.6,---
2026/08/04,21:48:48.2,熊本県熊本地方,32°41.5′N,130°44.1′E,11 km,1.7,---
2026/08/04,21:49:51.5,熊本県熊本地方,32°40.8′N,130°45.9′E,9 km,0.6,---
2026/08/04,21:50:08.4,兵庫県南西部,34°52.7′N,134°41.6′E,11 km,-0.1,---
2026/08/04,21:50:34.1,石川県能登地方,37°13.4′N,136°47.5′E,11 km,0.4,---
2026/08/04,21:50:44.3,熊本県熊本地方,32°39.9′N,130°44.0′E,12 km,0.4,---
2026/08/04,21:52:20.3,岩手県沿岸北部,39°58.5′N,141°38.6′E,10 km,0.0,---
2026/08/04,21:52:28.7,熊本県熊本地方,32°35.0′N,130°40.3′E,11 km,0.4,---
2026/08/04,21:52:36.3,伊予灘,33°34.3′N,132°26.3′E,43 km,0.5,---
2026/08/04,21:53:31.8,熊本県天草・芦北地方,32°24.1′N,130°32.0′E,9 km,0.9,---
2026/08/04,21:53:47.7,秋田県内陸北部,39°57.6′N,140°24.6′E,5 km,0.0,---
2026/08/04,21:54:05.8,三陸沖,39°20.7′N,143°21.0′E,12 km,1.3,---
2026/08/04,21:54:26.6,熊本県熊本地方,32°43.6′N,130°46.1′E,10 km,0.9,---
2026/08/04,21:54:53.0,徳島県南部,33°55.0′N,134°41.5′E,15 km,0.6,---
2026/08/04,21:55:37.0,熊本県熊本地方,32°31.0′N,130°34.9′E,10 km,0.6,---
2026/08/04,21:58:14.8,熊本県熊本地方,32°39.2′N,130°41.8′E,15 km,0.4,---
2026/08/04,22:00:37.7,熊本県熊本地方,32°38.9′N,130°44.2′E,9 km,0.3,---
2026/08/04,22:00:58.9,熊本県天草・芦北地方,32°25.4′N,130°30.6′E,5 km,0.2,---
2026/08/04,22:02:31.8,熊本県熊本地方,32°35.7′N,130°40.2′E,8 km,1.4,---
2026/08/04,22:03:54.1,紀伊水道,33°50.9′N,134°58.1′E,13 km,1.0,---
2026/08/04,22:03:57.0,岩手県沖,39°05.1′N,142°23.0′E,30 km,0.9,---
2026/08/04,22:04:28.5,熊本県熊本地方,32°35.3′N,130°39.3′E,10 km,0.6,---
2026/08/04,22:05:20.5,三陸沖,40°04.1′N,143°11.6′E,6 km,1.2,---
2026/08/04,22:05:38.8,熊本県天草・芦北地方,32°24.4′N,130°29.2′E,7 km,1.1,---
2026/08/04,22:06:43.7,熊本県天草・芦北地方,32°25.3′N,130°31.6′E,3 km,1.6,---
2026/08/04,22:07:16.3,福島県沖,37°50.5′N,141°36.5′E,49 km,1.0,---
2026/08/04,22:07:34.3,熊本県天草・芦北地方,32°37.0′N,130°39.4′E,14 km,0.7,---
2026/08/04,22:09:13.9,熊本県熊本地方,32°34.7′N,130°40.8′E,7 km,0.2,---
2026/08/04,22:09:39.0,福島県沖,37°17.2′N,141°54.8′E,35 km,3.3,---
2026/08/04,22:09:47.4,熊本県天草・芦北地方,32°26.0′N,130°31.6′E,1 km,0.2,---
2026/08/04,22:11:06.3,熊本県熊本地方,32°37.5′N,130°41.0′E,9 km,-0.2,---
2026/08/04,22:14:02.9,熊本県熊本地方,32°43.1′N,130°47.6′E,10 km,0.8,---
2026/08/04,22:15:12.5,熊本県熊本地方,32°23.0′N,130°39.0′E,12 km,0.2,---
2026/08/04,22:16:52.2,熊本県天草・芦北地方,32°31.3′N,130°33.7′E,12 km,0.4,---
2026/08/04,22:17:46.6,島根県東部,35°18.6′N,133°12.6′E,10 km,0.7,---
2026/08/04,22:18:04.5,熊本県熊本地方,32°44.9′N,130°47.8′E,8 km,0.5,---
2026/08/04,22:19:47.5,熊本県熊本地方,32°42.3′N,130°46.1′E,11 km,0.3,---
2026/08/04,22:20:10.5,上川地方北部,44°00.5′N,142°08.0′E,216 km,3.3,---
2026/08/04,22:20:19.6,熊本県天草・芦北地方,32°11.9′N,130°21.2′E,5 km,-0.1,---
2026/08/04,22:23:22.0,熊本県熊本地方,32°30.0′N,130°35.0′E,11 km,0.1,---
2026/08/04,22:23:36.3,熊本県熊本地方,32°47.8′N,130°50.0′E,7 km,3.1,---
2026/08/04,22:25:16.8,釧路沖,41°28.4′N,146°19.5′E,13 km,1.9,---
2026/08/04,22:25:29.4,熊本県天草・芦北地方,32°26.3′N,130°31.7′E,0 km,0.2,---
2026/08/04,22:25:51.8,高知県東部,33°31.9′N,134°00.0′E,28 km,0.7,---
2026/08/04,22:26:56.5,熊本県熊本地方,32°31.3′N,130°35.5′E,14 km,1.5,---
2026/08/04,22:28:23.6,熊本県天草・芦北地方,32°27.7′N,130°32.4′E,14 km,1.0,---
2026/08/04,22:29:37.4,熊本県熊本地方,32°32.6′N,130°36.0′E,13 km,0.2,---
2026/08/04,22:29:58.6,熊本県天草・芦北地方,32°24.5′N,130°30.3′E,4 km,0.5,---
2026/08/04,22:32:06.6,熊本県熊本地方,32°33.0′N,130°36.3′E,14 km,0.6,---
2026/08/04,22:33:13.5,熊本県熊本地方,32°29.0′N,130°36.6′E,1 km,1.2,---
2026/08/04,22:33:43.4,熊本県天草・芦北地方,32°25.8′N,130°32.1′E,0 km,0.3,---
2026/08/04,22:35:50.3,熊本県熊本地方,32°36.9′N,130°39.9′E,14 km,0.3,---
2026/08/04,22:37:08.5,日向灘,31°58.0′N,132°01.8′E,20 km,1.4,---
2026/08/04,22:37:12.3,熊本県天草・芦北地方,32°27.7′N,130°32.4′E,15 km,0.4,---
2026/08/04,22:38:09.4,熊本県天草・芦北地方,32°23.4′N,130°29.7′E,7 km,0.0,---
2026/08/04,22:38:41.9,熊本県熊本地方,32°33.3′N,130°37.0′E,14 km,0.6,---
2026/08/04,22:42:42.0,熊本県天草・芦北地方,32°30.1′N,130°31.5′E,10 km,0.3,---
2026/08/04,22:43:22.2,天草灘,32°06.4′N,129°24.8′E,6 km,1.2,---
2026/08/04,22:43:24.0,熊本県天草・芦北地方,32°27.1′N,130°33.4′E,6 km,0.0,---
2026/08/04,22:44:42.0,熊本県熊本地方,32°41.2′N,130°42.0′E,17 km,0.5,---
2026/08/04,22:45:41.9,熊本県熊本地方,32°39.0′N,130°40.4′E,17 km,0.4,---
2026/08/04,22:46:06.7,長野県中部,36°09.5′N,138°02.8′E,9 km,-0.1,---
2026/08/04,22:46:55.2,岐阜県美濃東部,35°19.5′N,137°32.1′E,51 km,0.2,---
2026/08/04,22:47:25.3,石川県能登地方,37°15.3′N,136°46.9′E,12 km,0.4,---
2026/08/04,22:47:26.3,熊本県熊本地方,32°31.5′N,130°35.8′E,12 km,0.4,---
2026/08/04,22:48:22.9,豊後水道,32°53.6′N,132°06.0′E,40 km,1.0,---
2026/08/04,22:48:40.8,熊本県天草・芦北地方,32°30.0′N,130°31.3′E,10 km,0.0,---
2026/08/04,22:49:23.8,熊本県熊本地方,32°31.6′N,130°35.1′E,8 km,0.2,---
2026/08/04,22:50:27.0,熊本県天草・芦北地方,32°10.0′N,130°32.1′E,9 km,0.1,---
2026/08/04,22:51:06.3,熊本県熊本地方,32°38.0′N,130°42.5′E,5 km,1.1,---
2026/08/04,22:54:27.3,熊本県天草・芦北地方,32°19.3′N,130°28.5′E,3 km,0.5,---
2026/08/04,22:55:44.5,熊本県熊本地方,32°38.8′N,130°42.0′E,13 km,0.2,---
2026/08/04,22:55:57.4,青森県東方沖,40°53.5′N,142°58.2′E,12 km,1.1,---
2026/08/04,22:56:20.2,熊本県天草・芦北地方,32°29.9′N,130°32.7′E,11 km,1.7,---
2026/08/04,22:57:30.4,熊本県熊本地方,32°40.9′N,130°46.9′E,15 km,0.8,---
2026/08/04,22:58:48.1,熊本県天草・芦北地方,32°30.7′N,130°32.4′E,15 km,0.2,---
2026/08/04,23:00:25.2,宮城県沖,38°18.0′N,142°13.6′E,39 km,4.6,---
2026/08/04,23:03:28.5,熊本県熊本地方,32°38.9′N,130°44.2′E,5 km,1.1,---
2026/08/04,23:04:14.8,熊本県熊本地方,32°34.4′N,130°40.9′E,8 km,0.7,---
2026/08/04,23:04:44.1,熊本県熊本地方,32°38.2′N,130°41.9′E,15 km,0.0,---
2026/08/04,23:06:35.5,熊本県熊本地方,32°46.8′N,130°48.7′E,7 km,0.9,---
2026/08/04,23:07:05.8,熊本県天草・芦北地方,32°24.5′N,130°28.9′E,6 km,0.7,---
2026/08/04,23:07:12.8,千葉県東方沖,35°41.4′N,140°49.5′E,11 km,1.4,---
2026/08/04,23:07:46.2,熊本県熊本地方,32°35.0′N,130°38.9′E,9 km,0.0,---
2026/08/04,23:09:18.1,石川県能登地方,37°13.4′N,136°44.8′E,11 km,0.5,---
2026/08/04,23:09:23.2,熊本県熊本地方,32°33.1′N,130°36.9′E,13 km,0.4,---
2026/08/04,23:09:32.5,熊本県天草・芦北地方,32°27.3′N,130°31.6′E,15 km,0.3,---
2026/08/04,23:09:45.9,熊本県天草・芦北地方,32°28.1′N,130°31.1′E,10 km,0.3,---
2026/08/04,23:10:09.4,熊本県天草・芦北地方,32°23.0′N,130°29.3′E,7 km,0.5,---
2026/08/04,23:12:06.3,群馬県南部,36°34.4′N,139°22.1′E,6 km,0.7,---
2026/08/04,23:12:24.7,熊本県天草・芦北地方,32°25.5′N,130°31.9′E,10 km,0.3,---
2026/08/04,23:14:19.2,熊本県天草・芦北地方,32°30.7′N,130°32.4′E,14 km,0.6,---
2026/08/04,23:14:58.0,紀伊水道,34°09.3′N,135°03.8′E,10 km,0.6,---
2026/08/04,23:15:33.1,宮城県沖,38°17.8′N,142°13.4′E,37 km,1.3,---
2026/08/04,23:15:54.8,熊本県天草・芦北地方,32°23.8′N,130°27.9′E,9 km,0.3,---
2026/08/04,23:16:47.6,奄美大島近海,28°11.4′N,129°24.4′E,16 km,1.0,---
2026/08/04,23:16:55.4,熊本県熊本地方,32°39.6′N,130°44.2′E,11 km,0.1,---
2026/08/04,23:17:21.2,熊本県熊本地方,32°40.2′N,130°41.5′E,14 km,0.4,---
2026/08/04,23:18:35.0,熊本県熊本地方,32°27.2′N,130°35.4′E,12 km,0.3,---
2026/08/04,23:20:22.0,釧路沖,42°41.5′N,145°19.5′E,26 km,1.1,---
2026/08/04,23:20:49.6,岩手県沖,40°06.0′N,142°25.9′E,37 km,1.6,---
2026/08/04,23:21:24.0,熊本県天草・芦北地方,32°27.3′N,130°29.0′E,5 km,0.1,---
2026/08/04,23:21:36.9,福島県沖,37°17.2′N,141°50.5′E,39 km,1.1,---
2026/08/04,23:21:50.2,熊本県熊本地方,32°38.6′N,130°43.7′E,10 km,0.0,---
2026/08/04,23:22:37.6,岩手県沖,40°04.2′N,142°50.2′E,26 km,1.3,---
2026/08/04,23:23:20.7,長野県中部,36°10.5′N,137°53.7′E,11 km,0.2,---
2026/08/04,23:23:26.2,熊本県熊本地方,32°30.4′N,130°35.2′E,1 km,0.0,---
2026/08/04,23:25:04.4,熊本県天草・芦北地方,32°26.0′N,130°32.4′E,7 km,0.2,---
2026/08/04,23:25:48.5,熊本県天草・芦北地方,32°27.3′N,130°32.6′E,1 km,0.0,---
2026/08/04,23:25:57.9,福島県沖,37°44.0′N,141°42.1′E,57 km,2.9,---
2026/08/04,23:25:59.9,熊本県天草・芦北地方,32°14.8′N,130°32.0′E,2 km,0.3,---
2026/08/04,23:26:52.5,熊本県熊本地方,32°44.5′N,130°47.2′E,10 km,0.2,---
2026/08/04,23:27:01.9,熊本県熊本地方,32°33.3′N,130°38.2′E,12 km,0.6,---
2026/08/04,23:27:31.7,熊本県熊本地方,32°40.5′N,130°43.6′E,14 km,1.5,---
2026/08/04,23:28:18.5,大隅半島東方沖,30°58.7′N,131°46.1′E,28 km,1.8,---
2026/08/04,23:28:57.1,茨城県沖,36°20.5′N,140°59.0′E,41 km,1.1,---
2026/08/04,23:31:33.5,熊本県熊本地方,32°28.6′N,130°35.2′E,0 km,0.6,---
2026/08/04,23:34:06.5,熊本県熊本地方,32°40.4′N,130°41.7′E,15 km,-0.1,---
2026/08/04,23:34:13.9,熊本県天草・芦北地方,32°28.9′N,130°34.1′E,8 km,0.7,---
2026/08/04,23:34:48.3,熊本県天草・芦北地方,32°25.3′N,130°30.4′E,5 km,0.0,---
2026/08/04,23:35:11.9,十勝地方北部,43°22.4′N,142°45.2′E,11 km,0.6,---
2026/08/04,23:35:27.6,熊本県熊本地方,32°39.6′N,130°45.0′E,5 km,-0.2,---
2026/08/04,23:35:58.7,鹿児島県薩摩地方,31°58.4′N,130°32.0′E,4 km,0.2,---
2026/08/04,23:36:03.5,熊本県熊本地方,32°31.0′N,130°35.8′E,1 km,0.8,---
2026/08/04,23:36:39.4,和歌山県北部,34°15.5′N,135°26.4′E,6 km,-0.2,---
2026/08/04,23:37:19.6,熊本県熊本地方,32°38.6′N,130°42.8′E,9 km,1.1,---
2026/08/04,23:37:55.3,四国沖,33°18.4′N,134°42.4′E,29 km,不明,---
2026/08/04,23:40:15.6,熊本県天草・芦北地方,32°30.9′N,130°33.2′E,16 km,0.0,---
2026/08/04,23:40:42.9,宮城県沖,38°16.8′N,142°16.4′E,46 km,1.0,---
2026/08/04,23:40:55.5,秋田県内陸北部,39°58.8′N,140°33.3′E,2 km,0.0,---
2026/08/04,23:41:05.3,熊本県熊本地方,32°40.0′N,130°42.7′E,14 km,0.0,---
2026/08/04,23:41:11.9,熊本県天草・芦北地方,32°11.5′N,130°23.3′E,2 km,0.9,---
2026/08/04,23:41:23.7,千葉県南東沖,34°43.4′N,140°37.6′E,45 km,1.6,---
2026/08/04,23:41:28.3,福島県会津,37°41.3′N,140°00.5′E,6 km,0.6,---
2026/08/04,23:42:00.4,熊本県熊本地方,32°32.8′N,130°41.1′E,10 km,1.0,---
2026/08/04,23:42:51.9,熊本県熊本地方,32°39.8′N,130°43.8′E,12 km,2.2,---
2026/08/04,23:43:06.1,岩手県沖,40°12.1′N,142°46.8′E,6 km,1.8,---
2026/08/04,23:44:44.6,熊本県熊本地方,32°40.0′N,130°45.2′E,13 km,0.1,---
2026/08/04,23:44:49.2,徳島県南部,33°52.6′N,134°26.0′E,10 km,1.2,---
2026/08/04,23:45:45.5,浦河沖,42°04.5′N,142°36.7′E,30 km,0.4,---
2026/08/04,23:45:53.0,熊本県熊本地方,32°39.9′N,130°43.6′E,12 km,0.9,---
2026/08/04,23:46:16.8,日高地方東部,42°20.1′N,142°59.3′E,57 km,0.2,---
2026/08/04,23:46:57.4,熊本県天草・芦北地方,32°25.0′N,130°28.8′E,12 km,0.3,---
2026/08/04,23:47:13.6,熊本県天草・芦北地方,32°27.0′N,130°29.7′E,3 km,0.6,---
2026/08/04,23:49:18.3,熊本県熊本地方,32°28.0′N,130°36.3′E,2 km,0.1,---
2026/08/04,23:50:35.2,熊本県熊本地方,32°38.3′N,130°40.4′E,14 km,0.6,---
2026/08/04,23:51:01.7,熊本県熊本地方,32°29.7′N,130°34.1′E,6 km,0.0,---
2026/08/04,23:51:15.0,熊本県熊本地方,32°29.4′N,130°35.0′E,9 km,0.2,---
2026/08/04,23:51:36.5,豊後水道,33°11.8′N,132°21.2′E,39 km,0.4,---
2026/08/04,23:51:56.4,熊本県天草・芦北地方,32°25.9′N,130°28.6′E,10 km,0.3,---
2026/08/04,23:53:23.0,熊本県熊本地方,32°30.2′N,130°38.2′E,11 km,0.5,---
2026/08/04,23:53:41.2,熊本県熊本地方,32°29.1′N,130°33.7′E,6 km,0.7,---
2026/08/04,23:53:54.0,熊本県天草・芦北地方,32°27.6′N,130°32.8′E,10 km,2.2,---
2026/08/04,23:54:53.0,熊本県天草・芦北地方,32°19.5′N,130°28.6′E,0 km,0.6,---
2026/08/04,23:56:14.5,兵庫県南西部,35°03.5′N,134°32.7′E,11 km,0.5,---
2026/08/04,23:56:27.7,青森県東方沖,40°57.0′N,142°48.2′E,28 km,2.1,---
2026/08/04,23:57:57.2,熊本県天草・芦北地方,32°15.0′N,130°29.8′E,2 km,0.1,---
2026/08/04,23:58:10.3,宮城県沖,38°17.9′N,142°13.2′E,38 km,3.0,---
2026/08/04,23:58:42.6,熊本県熊本地方,32°39.1′N,130°41.1′E,10 km,0.0,---
2026/08/04,23:59:14.6,日向灘,32°43.1′N,132°03.0′E,40 km,1.0,---
2026/08/04,23:59:59.6,熊本県熊本地方,32°34.7′N,130°38.4′E,10 km,0.2,---
