地震の発生日,地震の発生時刻,震央地名,緯度,経度,深さ,Ｍ,最大震度
2025/01/01,08:51:40.3,日向灘,32°29.1′N,132°16.9′E,32 km,4.0,震度２
2025/01/01,09:37:45.0,根室半島南東沖,43°26.8′N,146°05.2′E,66 km,3.8,震度２
2025/01/01,12:56:07.1,留萌地方南部,44°02.7′N,141°46.8′E,8 km,2.7,震度２
2025/01/01,15:35:57.1,岩手県沿岸北部,39°45.5′N,141°50.9′E,58 km,3.3,震度１
2025/01/04,04:27:23.7,鹿児島県薩摩地方,31°54.7′N,130°44.1′E,0 km,1.3,震度１
2025/01/04,07:35:34.4,和歌山県北部,34°01.5′N,135°17.0′E,6 km,2.2,震度１
2025/01/04,14:27:47.1,新潟県上越地方,36°52.3′N,138°16.1′E,13 km,2.2,震度１
2025/01/05,05:05:46.1,千葉県南東沖,34°42.9′N,140°46.5′E,52 km,3.8,震度１
2025/01/05,08:51:11.6,山梨県東部・富士五湖,35°30.0′N,138°57.2′E,21 km,3.9,震度３
2025/01/05,08:54:11.4,トカラ列島近海,29°35.1′N,129°46.0′E,2 km,2.6,震度１
2025/01/05,09:17:04.5,岩手県沖,39°48.7′N,142°21.7′E,12 km,4.1,震度１
2025/01/05,10:33:06.4,岩手県沖,39°48.8′N,142°21.5′E,13 km,3.9,震度１
2025/01/05,15:02:14.8,福島県沖,36°51.6′N,141°18.0′E,11 km,4.1,震度１
2025/01/05,15:12:11.8,熊本県阿蘇地方,32°51.4′N,131°09.1′E,5 km,2.1,震度１
2025/01/05,15:26:25.1,和歌山県北部,34°02.5′N,135°14.0′E,6 km,2.3,震度１
2025/01/06,16:41:02.7,茨城県沖,36°15.1′N,140°56.8′E,42 km,3.3,震度１
2025/01/06,16:50:30.4,石川県西方沖,36°55.8′N,136°23.4′E,13 km,3.4,震度１
2025/01/06,18:22:50.4,日向灘,32°32.2′N,132°06.8′E,30 km,4.5,震度３
2025/01/06,20:39:59.2,奄美大島近海,28°10.0′N,130°11.3′E,23 km,3.2,震度１
2025/01/07,06:07:25.3,秋田県沖,39°45.9′N,139°58.3′E,19 km,3.6,震度２
2025/01/07,08:23:58.7,日向灘,31°31.4′N,131°48.5′E,23 km,3.4,震度１
2025/01/07,11:47:22.5,青森県津軽北部,41°10.9′N,140°23.4′E,161 km,4.5,震度１
2025/01/07,15:22:14.6,宮崎県南部平野部,31°52.8′N,131°27.4′E,17 km,2.0,震度１
2025/01/07,17:31:31.8,鳥島近海,31°47.6′N,138°36.9′E,381 km,5.6,震度２
2025/01/07,19:19:50.9,沖縄本島近海,27°26.7′N,128°39.5′E,43 km,3.9,震度２
2025/01/07,23:00:26.4,茨城県北部,36°22.1′N,140°35.6′E,62 km,3.1,震度１
2025/01/07,23:07:08.4,北海道北西沖,45°16.6′N,140°59.9′E,16 km,2.6,震度１
2025/01/08,02:23:49.1,硫黄島近海,24°30.6′N,142°08.3′E,543 km,5.9,震度１
2025/01/08,04:18:44.4,トカラ列島近海,29°55.6′N,130°01.9′E,14 km,2.6,震度１
2025/01/08,10:55:19.1,三重県中部,34°36.1′N,136°08.7′E,8 km,3.0,震度１
2025/01/08,14:22:23.1,栃木県南部,36°40.5′N,140°12.1′E,80 km,3.6,震度２
2025/01/08,23:40:29.5,種子島南東沖,30°03.0′N,131°20.0′E,26 km,4.3,震度１
2025/01/08,23:49:32.6,石川県能登地方,37°08.2′N,136°46.5′E,8 km,3.5,震度２
2025/01/09,04:15:48.6,栃木県南部,36°20.6′N,139°48.7′E,72 km,4.0,震度２
2025/01/10,01:26:04.3,日向灘,32°08.4′N,132°07.7′E,22 km,4.2,震度２
2025/01/10,17:39:22.4,千葉県北西部,35°45.6′N,139°59.9′E,63 km,3.3,震度１
2025/01/10,23:43:50.4,能登半島沖,37°08.9′N,136°38.5′E,9 km,2.7,震度１
2025/01/11,05:54:12.5,石川県西方沖,37°04.0′N,136°25.6′E,8 km,3.6,震度１
2025/01/11,11:02:07.3,長野県中部,36°12.7′N,137°58.3′E,8 km,2.3,震度１
2025/01/12,00:15:48.6,石川県西方沖,36°55.4′N,136°25.1′E,10 km,3.3,震度１
2025/01/12,06:39:45.3,福島県会津,37°45.7′N,140°03.4′E,7 km,2.9,震度１
2025/01/12,23:27:24.2,大阪府南部,34°30.4′N,135°39.9′E,8 km,2.4,震度１
2025/01/13,07:21:11.9,父島近海,28°18.4′N,142°07.1′E,22 km,5.1,震度１
2025/01/13,21:19:32.8,日向灘,31°49.7′N,131°34.2′E,36 km,6.6,震度５弱
2025/01/13,21:29:37.7,日向灘,31°45.9′N,131°54.0′E,28 km,4.4,震度２
2025/01/13,21:35:21.9,日向灘,31°57.3′N,131°50.5′E,28 km,4.0,震度１
2025/01/13,21:42:13.1,日向灘,31°45.4′N,131°57.9′E,29 km,4.3,震度２
2025/01/13,21:51:49.3,日向灘,31°45.4′N,131°54.2′E,30 km,3.7,震度１
2025/01/13,22:10:48.1,日向灘,31°50.3′N,131°46.3′E,29 km,3.6,震度１
2025/01/13,23:17:41.6,日向灘,31°55.8′N,131°42.1′E,31 km,3.5,震度２
2025/01/14,00:28:57.8,日向灘,31°48.3′N,131°45.0′E,29 km,3.4,震度１
2025/01/14,01:14:55.6,日向灘,31°56.5′N,131°52.8′E,28 km,5.0,震度３
2025/01/14,01:21:59.4,日向灘,31°44.8′N,131°54.1′E,29 km,4.2,震度２
2025/01/14,01:56:49.4,豊後水道,33°23.9′N,132°20.8′E,46 km,3.0,震度１
2025/01/14,10:56:30.4,日向灘,31°49.2′N,132°11.8′E,38 km,4.3,震度１
2025/01/14,13:46:12.2,和歌山県北部,34°12.1′N,135°10.5′E,5 km,2.9,震度１
2025/01/14,13:54:25.3,和歌山県北部,34°12.3′N,135°10.6′E,6 km,2.5,震度１
2025/01/14,14:33:26.3,和歌山県北部,34°12.1′N,135°10.6′E,5 km,3.0,震度２
2025/01/14,14:53:21.5,岐阜県美濃中西部,35°25.2′N,136°42.3′E,9 km,2.4,震度１
2025/01/14,15:07:05.5,和歌山県北部,34°12.1′N,135°10.4′E,6 km,2.5,震度１
2025/01/14,21:44:27.7,岩手県沖,39°19.9′N,142°05.0′E,48 km,3.9,震度２
2025/01/15,02:12:38.8,日向灘,31°46.1′N,131°50.9′E,29 km,5.4,震度４
2025/01/15,02:55:13.0,日向灘,31°46.9′N,131°47.7′E,30 km,3.9,震度２
2025/01/15,09:52:28.3,渡島地方西部,41°34.1′N,140°14.2′E,7 km,2.3,震度１
2025/01/15,18:24:41.9,釧路地方中南部,43°07.7′N,143°46.3′E,108 km,3.9,震度１
2025/01/16,04:22:02.3,奄美大島近海,28°39.6′N,130°07.6′E,56 km,4.3,震度１
2025/01/16,07:38:22.5,青森県東方沖,41°33.8′N,142°07.2′E,53 km,4.8,震度３
2025/01/16,09:07:25.7,千葉県南東沖,34°38.5′N,139°57.5′E,46 km,4.4,震度３
2025/01/16,14:25:49.0,和歌山県北部,34°12.3′N,135°10.9′E,6 km,2.9,震度２
2025/01/16,14:30:23.5,和歌山県北部,34°12.2′N,135°10.8′E,5 km,2.0,震度１
2025/01/16,21:22:22.1,石川県西方沖,36°55.7′N,136°24.9′E,13 km,4.1,震度３
2025/01/16,22:09:33.2,宮古島近海,24°54.6′N,125°39.4′E,49 km,3.8,震度１
2025/01/16,22:14:07.4,和歌山県北部,34°12.3′N,135°12.4′E,5 km,2.6,震度２
2025/01/17,10:10:03.9,茨城県北部,36°49.0′N,140°35.6′E,7 km,3.7,震度２
2025/01/17,12:51:39.3,茨城県沖,36°26.2′N,140°39.2′E,53 km,3.6,震度２
2025/01/17,13:31:49.6,宮城県沖,38°36.7′N,142°36.7′E,56 km,3.8,震度１
2025/01/17,20:32:57.6,日向灘,32°06.5′N,132°08.9′E,19 km,4.4,震度２
2025/01/17,22:11:30.5,福島県沖,37°10.0′N,141°28.2′E,43 km,3.7,震度１
2025/01/18,00:11:42.7,茨城県沖,36°12.6′N,141°00.3′E,39 km,3.2,震度１
2025/01/18,00:38:14.0,和歌山県南部,33°42.3′N,135°29.2′E,12 km,2.8,震度１
2025/01/18,04:57:52.7,沖縄本島近海,26°47.5′N,129°00.6′E,34 km,4.0,震度１
2025/01/18,10:07:41.6,石川県西方沖,36°56.6′N,136°22.7′E,12 km,3.3,震度１
2025/01/18,20:50:29.7,三宅島近海,33°33.4′N,139°27.7′E,23 km,3.8,震度１
2025/01/19,01:49:18.3,岐阜県飛騨地方,36°02.2′N,137°32.9′E,6 km,2.4,震度１
2025/01/19,04:44:18.7,石垣島近海,24°58.3′N,123°31.0′E,29 km,5.2,震度１
2025/01/19,14:36:48.1,長野県北部,36°42.0′N,138°23.9′E,10 km,2.6,震度２
2025/01/19,14:42:21.7,トカラ列島近海,29°51.9′N,129°51.7′E,0 km,1.6,震度２
2025/01/20,13:26:03.5,石川県能登地方,37°11.5′N,136°41.9′E,6 km,2.6,震度１
2025/01/20,20:58:42.0,長野県北部,36°41.8′N,138°24.2′E,9 km,1.8,震度１
2025/01/20,22:00:18.3,三重県南東沖,34°04.3′N,136°23.5′E,39 km,3.6,震度１
2025/01/21,01:17:26.6,台湾付近,23°16.5′N,120°29.9′E,8 km,6.1,震度１
2025/01/21,02:33:54.1,伊勢湾,34°56.7′N,136°46.3′E,16 km,2.7,震度２
2025/01/21,03:14:36.3,宮城県沖,38°47.8′N,141°35.6′E,69 km,4.4,震度３
2025/01/21,05:39:14.2,兵庫県南東部,34°57.9′N,135°23.2′E,8 km,2.6,震度１
2025/01/21,05:48:38.0,福島県会津,36°58.6′N,139°22.6′E,4 km,2.7,震度１
2025/01/21,06:34:32.2,福島県会津,36°58.6′N,139°22.6′E,4 km,2.9,震度２
2025/01/21,06:42:56.4,福島県会津,36°58.6′N,139°22.7′E,4 km,2.6,震度２
2025/01/21,06:49:31.2,福島県会津,36°58.6′N,139°22.8′E,4 km,1.8,震度１
2025/01/21,06:54:48.1,福島県会津,36°58.7′N,139°22.8′E,4 km,1.8,震度１
2025/01/21,08:54:30.1,福島県会津,36°58.6′N,139°22.6′E,4 km,3.1,震度２
2025/01/21,09:03:42.0,福島県会津,36°58.5′N,139°22.8′E,4 km,2.2,震度２
2025/01/21,13:23:29.0,茨城県北部,36°45.0′N,140°35.1′E,9 km,2.7,震度１
2025/01/21,15:06:46.5,茨城県沖,36°13.4′N,140°59.3′E,42 km,3.6,震度１
2025/01/21,20:55:02.0,福島県会津,36°58.7′N,139°22.7′E,4 km,2.1,震度１
2025/01/21,22:01:37.8,日高地方西部,42°32.9′N,142°11.5′E,0 km,2.7,震度１
2025/01/21,22:31:27.3,日向灘,31°53.0′N,131°59.8′E,30 km,4.1,震度２
2025/01/22,00:11:48.7,福島県沖,37°44.7′N,141°29.4′E,55 km,3.7,震度１
2025/01/22,03:03:29.9,福島県会津,36°58.6′N,139°22.5′E,4 km,2.6,震度１
2025/01/22,03:22:21.8,福島県会津,36°58.6′N,139°22.5′E,4 km,2.2,震度１
2025/01/22,03:25:56.5,福島県会津,36°58.7′N,139°22.6′E,4 km,2.0,震度１
2025/01/22,03:29:40.0,福島県会津,36°58.7′N,139°22.7′E,4 km,2.0,震度１
2025/01/22,06:06:30.3,福島県会津,36°58.6′N,139°22.5′E,4 km,3.3,震度３
2025/01/22,09:45:07.7,山梨県東部・富士五湖,35°31.4′N,138°56.5′E,24 km,3.4,震度２
2025/01/22,13:37:32.3,日高地方東部,42°19.6′N,142°59.7′E,53 km,3.4,震度１
2025/01/23,02:49:28.2,福島県会津,36°58.6′N,139°22.8′E,4 km,5.2,震度５弱
2025/01/23,02:50:31.7,福島県会津,36°59.0′N,139°22.0′E,5 km,2.5,震度２
2025/01/23,02:51:38.0,福島県会津,36°58.0′N,139°22.4′E,3 km,2.3,震度２
2025/01/23,02:57:32.0,福島県会津,36°58.5′N,139°22.6′E,4 km,3.0,震度３
2025/01/23,03:01:05.6,福島県会津,36°58.0′N,139°22.7′E,3 km,2.0,震度２
2025/01/23,03:02:18.1,福島県会津,36°58.5′N,139°23.2′E,4 km,1.7,震度１
2025/01/23,03:12:20.7,福島県会津,36°58.4′N,139°23.5′E,4 km,2.1,震度１
2025/01/23,03:14:51.7,福島県会津,36°58.5′N,139°22.6′E,4 km,2.1,震度２
2025/01/23,03:21:29.6,福島県会津,36°58.2′N,139°22.9′E,4 km,2.7,震度３
2025/01/23,03:27:32.9,福島県会津,36°58.1′N,139°22.7′E,4 km,1.4,震度１
2025/01/23,03:28:43.8,福島県会津,36°58.2′N,139°22.9′E,3 km,2.8,震度３
2025/01/23,03:41:32.5,福島県会津,36°58.5′N,139°23.6′E,5 km,2.1,震度１
2025/01/23,03:43:46.5,福島県会津,36°58.3′N,139°21.9′E,4 km,2.4,震度１
2025/01/23,03:47:44.9,福島県会津,36°58.3′N,139°21.9′E,4 km,2.2,震度１
2025/01/23,04:07:49.6,福島県会津,36°58.1′N,139°22.3′E,3 km,1.9,震度１
2025/01/23,04:09:31.5,福島県会津,36°58.4′N,139°22.8′E,4 km,2.2,震度１
2025/01/23,04:16:28.6,福島県会津,36°58.2′N,139°23.0′E,4 km,2.3,震度２
2025/01/23,04:18:41.0,福島県会津,36°58.4′N,139°23.5′E,5 km,1.9,震度１
2025/01/23,04:20:31.8,福島県会津,36°58.4′N,139°22.7′E,3 km,2.9,震度３
2025/01/23,04:47:43.4,石川県西方沖,37°04.3′N,136°33.7′E,11 km,2.6,震度２
2025/01/23,04:53:18.7,福島県会津,36°58.1′N,139°22.1′E,3 km,2.4,震度１
2025/01/23,06:04:57.1,福島県会津,36°58.2′N,139°23.0′E,5 km,1.5,震度１
2025/01/23,06:11:12.4,福島県会津,36°58.1′N,139°22.7′E,4 km,2.1,震度１
2025/01/23,06:32:13.8,父島近海,26°34.5′N,142°30.1′E,46 km,3.7,震度１
2025/01/23,07:32:35.0,福島県会津,36°58.5′N,139°22.3′E,4 km,1.7,震度１
2025/01/23,07:41:46.3,福島県会津,36°58.4′N,139°22.6′E,3 km,2.5,震度２
2025/01/23,08:09:03.0,福島県会津,36°58.5′N,139°22.7′E,3 km,4.7,震度４
2025/01/23,08:15:50.3,福島県会津,36°58.2′N,139°23.1′E,4 km,1.6,震度１
2025/01/23,08:17:56.6,福島県会津,36°58.4′N,139°23.2′E,4 km,2.1,震度１
2025/01/23,08:26:12.7,福島県会津,36°58.6′N,139°22.1′E,4 km,2.3,震度１
2025/01/23,08:33:30.4,福島県会津,36°58.6′N,139°22.7′E,4 km,2.0,震度１
2025/01/23,08:37:41.0,福島県会津,36°58.4′N,139°23.4′E,4 km,2.0,震度１
2025/01/23,09:21:17.7,福島県会津,36°58.2′N,139°23.1′E,4 km,1.9,震度１
2025/01/23,09:27:48.3,福島県会津,36°58.0′N,139°22.6′E,4 km,1.5,震度１
2025/01/23,09:40:34.0,栃木県南部,36°41.9′N,140°12.0′E,112 km,3.4,震度１
2025/01/23,11:32:34.7,福島県会津,36°58.2′N,139°23.0′E,5 km,2.5,震度２
2025/01/23,14:23:02.6,福島県会津,36°58.1′N,139°22.6′E,4 km,1.8,震度１
2025/01/23,14:37:52.2,釧路沖,42°30.2′N,145°18.4′E,33 km,3.9,震度１
2025/01/23,16:22:33.9,福島県会津,36°58.6′N,139°23.2′E,4 km,1.9,震度２
2025/01/23,16:32:06.2,福島県会津,36°58.5′N,139°23.5′E,4 km,1.5,震度１
2025/01/23,17:32:46.6,福島県会津,36°58.5′N,139°23.6′E,4 km,2.1,震度１
2025/01/23,18:17:54.0,福島県会津,36°58.3′N,139°23.1′E,4 km,1.9,震度２
2025/01/23,20:07:42.8,福島県会津,36°58.6′N,139°22.6′E,4 km,1.7,震度１
2025/01/23,20:15:44.8,福島県会津,36°58.2′N,139°21.6′E,3 km,3.2,震度２
2025/01/23,21:17:25.3,福島県会津,36°58.8′N,139°22.0′E,4 km,1.9,震度１
2025/01/23,23:11:38.5,福島県会津,36°58.5′N,139°23.1′E,4 km,2.0,震度１
2025/01/23,23:24:58.8,福島県会津,36°58.0′N,139°21.7′E,3 km,2.9,震度２
2025/01/24,00:08:30.9,福島県会津,36°58.1′N,139°23.1′E,3 km,1.6,震度１
2025/01/24,00:14:45.3,福島県会津,36°58.0′N,139°22.8′E,4 km,2.1,震度２
2025/01/24,03:01:50.9,福島県会津,36°57.7′N,139°22.5′E,3 km,3.8,震度３
2025/01/24,03:22:00.8,福島県会津,36°58.0′N,139°22.4′E,3 km,2.0,震度１
2025/01/24,03:34:32.9,福島県会津,36°57.9′N,139°22.4′E,3 km,2.4,震度２
2025/01/24,05:31:23.5,福島県会津,36°57.8′N,139°22.7′E,4 km,1.9,震度１
2025/01/24,06:06:48.6,福島県会津,36°58.2′N,139°21.9′E,3 km,2.0,震度１
2025/01/24,08:31:25.5,福島県会津,36°57.9′N,139°22.6′E,3 km,2.2,震度１
2025/01/24,08:45:01.0,福島県会津,36°58.5′N,139°21.9′E,4 km,1.6,震度１
2025/01/24,09:09:36.3,福島県会津,36°57.6′N,139°22.7′E,4 km,2.5,震度２
2025/01/24,14:31:49.7,千葉県東方沖,35°38.6′N,140°40.0′E,50 km,3.5,震度２
2025/01/24,14:45:00.4,福島県会津,36°57.8′N,139°22.5′E,4 km,1.7,震度１
2025/01/24,17:33:37.1,福島県会津,36°58.0′N,139°22.1′E,3 km,2.3,震度１
2025/01/24,21:13:13.5,福島県会津,36°58.5′N,139°23.2′E,4 km,1.4,震度１
2025/01/25,04:21:32.6,福島県会津,36°57.8′N,139°22.4′E,3 km,2.5,震度１
2025/01/25,04:39:44.4,福島県会津,36°58.8′N,139°23.0′E,4 km,2.7,震度２
2025/01/25,05:10:27.1,福島県会津,36°58.2′N,139°23.1′E,4 km,2.0,震度１
2025/01/25,10:15:17.9,石川県能登地方,37°20.0′N,136°46.0′E,8 km,3.1,震度１
2025/01/25,11:32:36.8,徳島県南部,33°48.2′N,134°19.9′E,14 km,2.5,震度１
2025/01/25,12:14:58.7,和歌山県北部,34°11.3′N,135°10.5′E,4 km,2.4,震度１
2025/01/25,13:46:59.3,伊予灘,33°35.1′N,132°10.4′E,52 km,3.4,震度１
2025/01/25,15:23:00.0,福島県会津,36°57.5′N,139°22.2′E,3 km,2.4,震度２
2025/01/25,16:17:28.5,福島県会津,36°57.9′N,139°22.4′E,4 km,2.3,震度１
2025/01/25,22:19:56.9,福島県会津,36°57.9′N,139°22.0′E,3 km,2.1,震度１
2025/01/26,00:32:43.2,新潟県中越地方,37°43.4′N,139°05.6′E,11 km,2.3,震度１
2025/01/26,03:14:17.6,トカラ列島近海,29°54.4′N,129°59.6′E,10 km,3.1,震度２
2025/01/26,08:11:29.2,静岡県中部,34°58.5′N,138°12.8′E,21 km,3.4,震度２
2025/01/26,08:15:30.8,福島県会津,36°57.9′N,139°22.5′E,4 km,2.1,震度１
2025/01/26,09:05:14.8,紀伊水道,33°40.0′N,135°10.2′E,39 km,3.2,震度１
2025/01/26,09:07:13.2,福島県会津,36°58.4′N,139°23.3′E,4 km,2.1,震度２
2025/01/26,09:16:18.4,三重県北部,34°58.5′N,136°32.5′E,40 km,3.2,震度１
2025/01/26,09:42:36.5,福島県会津,36°58.5′N,139°23.2′E,4 km,2.2,震度２
2025/01/26,10:01:42.3,福島県会津,36°58.1′N,139°23.0′E,5 km,2.0,震度１
2025/01/26,12:42:44.8,福島県会津,36°58.7′N,139°22.1′E,4 km,1.6,震度１
2025/01/26,20:05:11.0,伊予灘,33°35.0′N,132°10.4′E,51 km,2.8,震度１
2025/01/27,01:31:44.0,宮古島近海,25°08.1′N,125°35.1′E,31 km,4.9,震度２
2025/01/27,05:56:20.1,鹿児島湾,31°39.7′N,130°45.5′E,5 km,2.8,震度２
2025/01/27,10:11:38.5,青森県東方沖,41°34.7′N,142°06.0′E,53 km,3.7,震度１
2025/01/27,14:06:44.5,日向灘,31°46.7′N,131°55.3′E,29 km,4.2,震度２
2025/01/27,18:41:21.4,福島県会津,36°58.7′N,139°23.0′E,5 km,1.6,震度１
2025/01/28,01:38:20.3,駿河湾南方沖,34°21.8′N,138°22.6′E,38 km,3.9,震度２
2025/01/28,07:31:09.7,石川県能登地方,37°09.3′N,136°41.6′E,8 km,2.4,震度１
2025/01/28,15:34:12.5,福島県会津,36°57.5′N,139°22.6′E,3 km,2.6,震度２
2025/01/29,08:58:32.0,石川県能登地方,37°11.5′N,136°48.1′E,11 km,4.0,震度３
2025/01/29,19:25:52.1,福島県会津,36°58.0′N,139°22.9′E,4 km,2.1,震度１
2025/01/30,01:22:32.6,岐阜県飛騨地方,36°01.5′N,137°33.0′E,6 km,2.1,震度１
2025/01/30,17:18:30.8,茨城県北部,36°37.2′N,140°29.3′E,79 km,3.6,震度２
2025/01/30,18:21:09.0,福島県会津,36°58.0′N,139°22.5′E,3 km,2.7,震度１
2025/01/30,21:00:51.8,父島近海,26°29.7′N,142°08.7′E,45 km,4.5,震度３
2025/01/30,22:42:35.5,宮城県沖,38°37.3′N,141°54.0′E,47 km,3.5,震度１
2025/01/31,05:28:10.5,長野県南部,35°42.4′N,138°10.4′E,14 km,3.1,震度１
2025/01/31,15:43:59.1,福島県会津,36°57.8′N,139°22.4′E,3 km,2.4,震度２
2025/01/31,19:42:41.6,岩手県沖,40°20.5′N,142°02.3′E,52 km,3.6,震度１
2025/01/31,23:24:40.4,種子島近海,30°29.1′N,131°05.7′E,15 km,3.0,震度１
2025/02/01,04:04:20.8,福島県会津,36°58.7′N,139°22.9′E,5 km,1.6,震度１
2025/02/01,04:43:41.1,石川県西方沖,37°03.7′N,136°22.1′E,11 km,3.8,震度１
2025/02/01,07:16:54.1,種子島近海,30°58.4′N,130°22.1′E,147 km,4.0,震度１
2025/02/01,08:16:56.4,福岡県北九州地方,33°40.0′N,130°55.6′E,8 km,3.1,震度２
2025/02/01,17:07:43.2,福島県会津,36°57.8′N,139°23.0′E,4 km,1.5,震度１
2025/02/02,07:48:33.1,福島県会津,36°58.2′N,139°21.5′E,3 km,2.1,震度１
2025/02/02,08:33:31.3,福島県会津,36°57.8′N,139°22.4′E,4 km,1.6,震度１
2025/02/02,17:13:09.9,福島県沖,37°03.3′N,141°09.7′E,49 km,4.0,震度２
2025/02/02,19:41:52.6,沖縄本島近海,27°19.3′N,128°52.8′E,31 km,3.2,震度１
2025/02/03,01:34:53.8,石川県西方沖,36°57.5′N,136°25.3′E,12 km,2.8,震度１
2025/02/03,03:15:25.5,宮城県沖,38°32.3′N,141°43.9′E,52 km,3.8,震度１
2025/02/03,05:37:52.3,沖縄本島近海,26°48.4′N,127°16.3′E,15 km,4.5,震度１
2025/02/03,09:14:55.4,和歌山県北部,34°08.9′N,135°15.6′E,5 km,2.4,震度２
2025/02/03,10:27:10.7,岐阜県飛騨地方,36°00.4′N,137°32.7′E,4 km,2.9,震度１
2025/02/03,16:25:48.6,福島県沖,37°37.9′N,141°35.5′E,66 km,3.9,震度１
2025/02/03,17:24:30.3,浦河沖,41°58.4′N,142°58.9′E,46 km,3.9,震度１
2025/02/04,04:15:00.9,奄美大島北東沖,28°42.8′N,130°50.4′E,83 km,5.2,震度３
2025/02/04,10:37:22.6,茨城県北部,36°39.1′N,140°28.7′E,98 km,3.5,震度１
2025/02/04,16:12:46.8,福島県会津,37°03.9′N,139°25.7′E,7 km,2.4,震度１
2025/02/04,18:12:23.5,宮古島近海,24°34.4′N,124°45.4′E,53 km,4.0,震度１
2025/02/04,21:10:14.8,神奈川県東部,35°34.6′N,139°30.9′E,20 km,2.5,震度１
2025/02/04,23:33:47.7,福島県会津,36°58.2′N,139°22.9′E,4 km,1.6,震度１
2025/02/05,21:55:39.2,岩手県沖,39°38.7′N,142°06.6′E,48 km,3.2,震度１
2025/02/05,22:47:08.4,宮城県沖,38°14.9′N,141°20.0′E,20 km,3.4,震度１
2025/02/06,12:03:29.9,岩手県沖,39°37.9′N,142°06.0′E,49 km,4.0,震度２
2025/02/06,18:16:48.0,京都府南部,34°45.1′N,135°58.6′E,8 km,2.8,震度１
2025/02/07,02:53:10.2,鹿児島県薩摩地方,31°55.8′N,130°43.7′E,0 km,0.9,震度１
2025/02/07,09:08:45.1,岩手県沖,39°37.8′N,142°06.3′E,48 km,3.2,震度１
2025/02/07,12:36:00.6,十勝地方北部,43°11.8′N,142°49.1′E,156 km,4.8,震度２
2025/02/07,13:38:21.8,能登半島沖,37°07.7′N,136°37.5′E,7 km,1.7,震度１
2025/02/08,07:48:39.4,沖縄本島近海,26°08.5′N,126°39.6′E,69 km,3.2,震度１
2025/02/08,12:33:59.7,和歌山県北部,34°15.0′N,135°13.9′E,6 km,2.3,震度１
2025/02/09,08:54:49.9,宮崎県北部平野部,32°13.2′N,131°32.6′E,14 km,2.5,震度１
2025/02/09,10:59:17.0,長野県南部,35°48.1′N,137°22.0′E,7 km,3.5,震度３
2025/02/09,15:55:47.6,根室地方南部,43°18.0′N,145°21.1′E,76 km,3.6,震度１
2025/02/09,17:21:19.0,熊本県天草・芦北地方,32°19.1′N,130°27.7′E,10 km,2.9,震度１
2025/02/10,02:55:48.4,福島県沖,37°18.2′N,141°35.6′E,42 km,3.7,震度１
2025/02/10,09:24:50.8,京都府南部,34°55.2′N,135°33.3′E,11 km,2.5,震度１
2025/02/10,14:12:32.5,佐渡付近,37°51.6′N,138°12.9′E,13 km,3.6,震度２
2025/02/10,16:40:59.0,石川県能登地方,37°21.2′N,137°00.9′E,10 km,3.0,震度１
2025/02/10,17:17:02.7,京都府南部,34°55.2′N,135°33.3′E,11 km,2.3,震度１
2025/02/10,23:16:55.9,苫小牧沖,41°39.7′N,141°21.2′E,90 km,5.0,震度２
2025/02/11,10:25:23.6,釧路沖,42°40.8′N,145°20.4′E,31 km,4.4,震度２
2025/02/11,11:31:27.4,奄美大島近海,28°04.9′N,128°59.0′E,56 km,3.4,震度１
2025/02/11,22:05:19.5,和歌山県北部,34°05.8′N,135°10.8′E,4 km,2.2,震度１
2025/02/12,04:46:52.7,長野県南部,35°54.0′N,137°39.2′E,6 km,2.5,震度１
2025/02/12,05:41:08.6,栃木県南部,36°14.4′N,139°46.9′E,58 km,3.9,震度２
2025/02/12,18:25:08.2,紀伊水道,34°13.3′N,135°08.8′E,5 km,1.7,震度１
2025/02/12,23:37:37.1,岩手県沖,39°05.6′N,141°51.5′E,65 km,4.7,震度３
2025/02/13,06:04:30.4,宮城県沖,38°21.1′N,142°02.5′E,52 km,4.9,震度３
2025/02/13,10:05:07.2,福島県会津,36°57.8′N,139°22.8′E,4 km,2.8,震度２
2025/02/13,14:56:30.9,石川県能登地方,37°17.9′N,136°52.8′E,12 km,3.4,震度１
2025/02/13,18:05:52.9,兵庫県南西部,34°58.5′N,134°37.2′E,13 km,3.2,震度１
2025/02/13,21:39:35.2,福島県会津,37°03.0′N,139°20.4′E,7 km,2.7,震度２
2025/02/13,21:40:59.7,福島県会津,37°03.1′N,139°20.5′E,7 km,2.4,震度１
2025/02/14,11:59:20.8,福島県会津,37°03.0′N,139°20.5′E,7 km,2.7,震度１
2025/02/15,09:43:26.3,紀伊水道,33°51.4′N,134°59.0′E,13 km,2.7,震度１
2025/02/15,09:59:08.8,岩手県沿岸北部,39°29.9′N,141°52.6′E,84 km,3.4,震度１
2025/02/15,12:28:56.7,福島県沖,37°09.1′N,141°22.4′E,20 km,3.7,震度１
2025/02/15,13:05:28.8,石川県能登地方,37°10.4′N,136°49.2′E,11 km,2.9,震度１
2025/02/15,18:03:42.1,福島県沖,37°46.0′N,141°41.6′E,57 km,3.9,震度１
2025/02/15,19:59:19.1,栃木県北部,36°52.2′N,140°14.8′E,102 km,3.6,震度１
2025/02/15,20:34:10.5,青森県東方沖,41°05.9′N,142°59.2′E,27 km,4.7,震度１
2025/02/15,21:45:39.3,豊後水道,33°10.5′N,132°23.4′E,37 km,3.1,震度１
2025/02/15,23:31:25.6,岩手県沖,39°17.1′N,142°36.5′E,26 km,4.3,震度１
2025/02/16,00:55:31.4,岩手県沖,39°22.2′N,142°16.7′E,42 km,3.8,震度２
2025/02/16,08:15:33.9,和歌山県北部,34°12.3′N,135°14.0′E,4 km,1.8,震度１
2025/02/17,00:36:01.0,福島県中通り,37°12.4′N,140°28.1′E,81 km,3.1,震度１
2025/02/17,02:16:05.1,千葉県北東部,35°43.7′N,140°49.5′E,11 km,3.3,震度１
2025/02/17,12:57:59.1,熊本県熊本地方,32°40.9′N,130°45.2′E,13 km,3.6,震度２
2025/02/17,13:04:17.8,沖縄本島北西沖,27°05.8′N,127°17.2′E,92 km,4.6,震度２
2025/02/17,13:29:18.5,鹿児島県薩摩地方,31°50.0′N,130°43.6′E,0 km,2.1,震度２
2025/02/17,14:07:35.0,徳島県南部,33°55.7′N,134°25.6′E,6 km,3.3,震度２
2025/02/17,14:20:17.6,十勝地方中部,43°09.1′N,143°34.3′E,13 km,3.3,震度１
2025/02/18,01:46:47.4,兵庫県南東部,34°55.6′N,135°24.0′E,7 km,2.7,震度１
2025/02/18,08:55:17.6,沖縄本島近海,27°26.4′N,128°34.4′E,48 km,3.2,震度１
2025/02/18,09:38:44.9,北海道東方沖,43°42.7′N,147°07.6′E,3 km,5.1,震度１
2025/02/18,12:01:22.5,和歌山県北部,34°04.0′N,135°08.4′E,7 km,3.2,震度２
2025/02/18,12:29:21.8,宮崎県北部平野部,32°03.4′N,131°28.8′E,17 km,2.5,震度１
2025/02/19,01:36:43.1,鹿児島県薩摩地方,31°55.3′N,130°43.1′E,0 km,1.5,震度２
2025/02/19,01:38:43.3,鹿児島県薩摩地方,31°55.3′N,130°43.2′E,0 km,1.4,震度２
2025/02/19,04:36:07.1,青森県三八上北地方,40°27.8′N,141°25.9′E,87 km,3.8,震度２
2025/02/19,19:36:24.8,鹿児島県薩摩地方,31°37.1′N,130°40.4′E,134 km,3.7,震度１
2025/02/19,23:13:30.5,青森県東方沖,41°33.9′N,142°06.8′E,53 km,3.8,震度１
2025/02/20,08:25:57.1,宮城県沖,38°50.7′N,142°16.4′E,61 km,4.3,震度２
2025/02/20,14:16:44.6,瀬戸内海中部,34°20.2′N,133°04.3′E,19 km,3.0,震度１
2025/02/20,22:13:45.3,山梨県東部・富士五湖,35°29.0′N,138°54.6′E,22 km,4.4,震度３
2025/02/21,13:41:27.9,岩手県沿岸北部,39°45.5′N,141°50.0′E,59 km,4.1,震度２
2025/02/21,17:24:39.7,和歌山県北部,34°06.5′N,135°12.6′E,6 km,3.4,震度３
2025/02/21,18:44:12.7,宮古島近海,24°50.1′N,125°22.9′E,47 km,3.5,震度１
2025/02/21,18:56:31.3,父島近海,26°59.0′N,142°30.0′E,60 km,4.1,震度１
2025/02/21,19:37:33.4,和歌山県北部,34°06.5′N,135°12.7′E,6 km,2.3,震度１
2025/02/21,22:01:46.0,福島県沖,37°30.9′N,141°26.2′E,49 km,4.9,震度４
2025/02/22,02:27:40.6,石川県西方沖,37°00.5′N,136°26.2′E,10 km,3.7,震度２
2025/02/22,21:25:18.8,熊本県熊本地方,32°36.8′N,130°42.9′E,5 km,1.9,震度２
2025/02/22,22:07:34.8,青森県東方沖,40°59.8′N,143°07.3′E,23 km,4.2,震度１
2025/02/23,10:22:03.5,福島県沖,37°02.2′N,141°20.8′E,15 km,4.0,震度２
2025/02/23,10:55:32.2,滋賀県南部,34°56.2′N,135°54.2′E,11 km,2.7,震度１
2025/02/23,13:08:05.6,宮城県沖,37°59.9′N,141°44.0′E,56 km,4.6,震度３
2025/02/24,04:07:52.2,千葉県南東沖,34°43.9′N,140°14.5′E,88 km,4.7,震度３
2025/02/24,04:08:58.8,石川県西方沖,36°55.9′N,136°22.8′E,9 km,4.9,震度３
2025/02/24,04:10:51.5,石川県西方沖,36°55.2′N,136°22.4′E,16 km,3.0,震度１
2025/02/24,04:17:45.5,石川県西方沖,36°56.3′N,136°24.0′E,12 km,2.9,震度１
2025/02/24,05:06:20.0,石川県西方沖,36°55.2′N,136°22.5′E,12 km,3.6,震度１
2025/02/24,05:14:53.7,石川県西方沖,36°56.5′N,136°23.4′E,13 km,3.2,震度１
2025/02/24,05:24:10.2,京都府北部,35°16.5′N,135°19.7′E,12 km,3.6,震度２
2025/02/24,07:07:07.3,石川県西方沖,36°56.4′N,136°22.8′E,13 km,4.4,震度３
2025/02/24,07:12:39.8,石川県西方沖,36°56.4′N,136°23.7′E,12 km,3.2,震度１
2025/02/24,08:32:59.8,石川県西方沖,36°56.3′N,136°22.8′E,11 km,3.1,震度１
2025/02/24,08:35:43.7,石川県西方沖,36°56.9′N,136°23.5′E,11 km,3.3,震度２
2025/02/24,10:20:26.4,熊本県天草・芦北地方,32°19.0′N,130°27.8′E,10 km,2.7,震度１
2025/02/24,13:25:33.2,熊本県天草・芦北地方,32°18.9′N,130°27.8′E,10 km,2.7,震度１
2025/02/24,20:02:08.8,石川県能登地方,37°22.0′N,136°52.6′E,7 km,2.1,震度１
2025/02/24,21:53:49.4,福島県会津,36°58.3′N,139°23.5′E,4 km,2.2,震度１
2025/02/25,01:30:42.1,苫小牧沖,42°15.1′N,141°14.2′E,107 km,4.3,震度１
2025/02/25,02:44:00.9,石川県西方沖,36°56.0′N,136°22.7′E,14 km,3.7,震度２
2025/02/25,03:43:20.5,石川県西方沖,36°55.3′N,136°22.1′E,12 km,3.6,震度１
2025/02/25,12:49:40.9,福井県嶺北,35°54.6′N,136°48.8′E,10 km,2.1,震度１
2025/02/25,13:10:12.0,石川県能登地方,37°22.2′N,136°53.2′E,7 km,2.7,震度１
2025/02/25,14:52:25.1,石川県西方沖,36°54.9′N,136°22.0′E,12 km,3.0,震度１
2025/02/25,15:00:35.4,釧路沖,42°54.3′N,145°30.6′E,38 km,3.8,震度２
2025/02/25,17:41:34.6,石川県西方沖,36°54.6′N,136°22.6′E,12 km,3.0,震度１
2025/02/25,21:50:10.3,茨城県南部,36°03.8′N,140°16.9′E,96 km,4.0,震度２
2025/02/26,01:42:28.6,三重県北部,34°54.2′N,136°32.5′E,15 km,2.8,震度１
2025/02/26,02:10:43.4,宮古島近海,24°43.8′N,125°25.9′E,47 km,3.8,震度１
2025/02/26,07:22:12.8,日高地方東部,42°21.4′N,142°59.1′E,51 km,3.6,震度１
2025/02/26,08:22:53.9,岩手県沖,40°04.6′N,142°40.5′E,38 km,4.6,震度１
2025/02/26,14:53:24.9,三重県南東沖,33°36.3′N,136°23.8′E,398 km,5.9,震度２
2025/02/27,01:16:52.1,静岡県伊豆地方,35°01.5′N,139°05.6′E,3 km,2.1,震度１
2025/02/27,01:58:07.7,愛知県西部,35°18.2′N,136°59.7′E,44 km,3.0,震度１
2025/02/27,03:32:19.5,静岡県伊豆地方,35°01.6′N,139°06.5′E,6 km,2.2,震度１
2025/02/27,04:45:01.2,石川県西方沖,36°55.1′N,136°22.7′E,13 km,3.8,震度２
2025/02/27,13:01:01.1,石川県西方沖,36°56.4′N,136°23.0′E,13 km,3.4,震度２
2025/02/28,13:37:24.3,能登半島沖,37°09.8′N,136°37.4′E,3 km,2.4,震度１
2025/02/28,15:29:36.1,高知県中部,33°41.1′N,133°38.8′E,36 km,3.8,震度２
2025/02/28,20:02:08.1,和歌山県北部,34°07.8′N,135°11.9′E,5 km,2.2,震度１
2025/03/01,13:29:46.5,岩手県沖,40°20.3′N,142°07.2′E,48 km,3.6,震度１
2025/03/01,13:42:43.0,福島県会津,36°58.5′N,139°23.2′E,4 km,1.8,震度１
2025/03/01,22:17:02.7,宮城県沖,38°10.7′N,141°42.8′E,51 km,3.9,震度２
2025/03/02,04:23:29.5,宮城県北部,38°40.5′N,141°24.2′E,71 km,3.7,震度２
2025/03/02,18:55:27.6,石川県能登地方,37°23.1′N,137°00.4′E,5 km,3.2,震度２
2025/03/02,23:39:24.7,埼玉県南部,36°02.1′N,139°42.9′E,54 km,3.1,震度１
2025/03/03,09:15:22.2,秋田県内陸南部,39°34.0′N,140°20.9′E,6 km,2.0,震度１
2025/03/03,12:50:59.3,群馬県南部,36°18.9′N,139°19.1′E,139 km,4.2,震度２
2025/03/03,14:38:04.2,福島県会津,36°58.4′N,139°23.5′E,4 km,2.4,震度１
2025/03/03,21:11:49.8,岩手県沖,39°38.1′N,142°06.1′E,48 km,3.3,震度１
2025/03/04,09:42:37.9,石川県西方沖,36°55.9′N,136°23.0′E,13 km,3.4,震度１
2025/03/04,15:12:04.0,茨城県南部,36°12.6′N,139°59.1′E,53 km,4.0,震度３
2025/03/05,21:06:32.7,北海道東方沖,43°34.3′N,147°20.2′E,82 km,4.6,震度１
2025/03/06,12:58:56.3,和歌山県南部,33°57.3′N,135°36.7′E,32 km,4.0,震度３
2025/03/06,18:55:32.8,沖縄本島近海,27°25.6′N,128°37.1′E,43 km,2.9,震度１
2025/03/06,23:34:08.9,根室半島南東沖,43°10.6′N,145°34.7′E,51 km,3.2,震度１
2025/03/07,23:51:53.6,和歌山県北部,34°02.9′N,135°11.1′E,9 km,2.7,震度１
2025/03/08,01:01:04.6,滋賀県南部,34°55.3′N,135°59.7′E,11 km,3.0,震度１
2025/03/08,03:56:38.3,青森県西方沖,40°59.1′N,139°15.4′E,33 km,3.3,震度１
2025/03/08,08:41:03.2,和歌山県北部,34°11.2′N,135°11.0′E,6 km,2.2,震度１
2025/03/08,12:31:33.8,日高地方東部,42°18.8′N,143°02.8′E,50 km,3.8,震度１
2025/03/08,16:12:14.6,岩手県沖,40°05.8′N,142°24.4′E,39 km,5.0,震度２
2025/03/08,23:33:08.7,豊後水道,33°23.2′N,132°17.3′E,45 km,3.1,震度１
2025/03/09,00:02:49.1,和歌山県北部,34°12.6′N,135°14.8′E,3 km,2.0,震度１
2025/03/09,00:37:33.0,奄美大島北東沖,28°43.0′N,130°13.5′E,50 km,4.0,震度１
2025/03/09,02:49:47.6,豊後水道,33°01.8′N,132°15.1′E,39 km,3.1,震度１
2025/03/09,03:54:05.1,奄美大島北東沖,28°42.0′N,130°15.0′E,62 km,5.8,震度４
2025/03/09,03:57:13.5,奄美大島北東沖,28°42.6′N,130°15.7′E,59 km,4.1,震度２
2025/03/09,04:07:03.2,奄美大島近海,28°41.8′N,130°11.5′E,52 km,3.9,震度１
2025/03/09,08:42:54.7,奄美大島北東沖,28°43.2′N,130°16.4′E,63 km,5.9,震度３
2025/03/09,09:04:44.2,奄美大島近海,28°45.3′N,130°07.0′E,35 km,3.5,震度１
2025/03/09,09:09:19.3,奄美大島近海,28°45.7′N,130°08.6′E,37 km,4.3,震度１
2025/03/09,10:29:50.6,埼玉県南部,36°04.0′N,139°47.7′E,80 km,3.0,震度１
2025/03/09,11:41:56.3,大阪湾,34°29.7′N,135°00.1′E,14 km,2.9,震度１
2025/03/09,13:20:53.0,奄美大島北東沖,28°44.2′N,130°11.4′E,57 km,4.5,震度２
2025/03/09,13:24:22.3,奄美大島北東沖,28°43.2′N,130°12.4′E,58 km,5.0,震度１
2025/03/09,14:02:46.9,愛知県西部,35°19.1′N,136°57.8′E,8 km,2.6,震度１
2025/03/09,14:57:56.4,奄美大島近海,28°43.1′N,130°09.6′E,55 km,4.9,震度２
2025/03/10,05:49:09.6,石川県能登地方,37°29.7′N,137°14.2′E,13 km,2.6,震度１
2025/03/10,18:18:04.4,胆振地方中東部,42°39.4′N,142°00.1′E,42 km,3.2,震度１
2025/03/10,18:43:53.0,宮城県沖,38°16.6′N,141°56.2′E,44 km,4.0,震度１
2025/03/11,08:04:19.3,沖縄本島近海,27°14.1′N,128°24.2′E,48 km,3.5,震度２
2025/03/11,09:26:48.7,奄美大島北東沖,28°46.6′N,130°17.0′E,53 km,4.6,震度１
2025/03/11,10:04:51.3,秋田県内陸南部,39°28.2′N,140°25.5′E,9 km,2.7,震度１
2025/03/11,11:10:46.4,奄美大島北東沖,28°45.9′N,130°19.8′E,62 km,5.2,震度２
2025/03/11,11:41:22.7,十勝沖,42°30.4′N,144°03.2′E,71 km,4.4,震度２
2025/03/11,12:23:02.0,沖縄本島北西沖,26°55.8′N,127°12.1′E,85 km,3.8,震度１
2025/03/11,19:36:00.3,沖縄本島近海,26°15.1′N,127°52.4′E,15 km,3.5,震度２
2025/03/12,02:19:34.6,トカラ列島近海,29°35.7′N,129°43.5′E,0 km,2.1,震度２
2025/03/12,02:23:08.5,トカラ列島近海,29°35.0′N,129°40.3′E,5 km,1.9,震度１
2025/03/12,04:33:45.4,福島県会津,36°57.9′N,139°22.7′E,4 km,1.9,震度１
2025/03/12,16:41:34.3,沖縄本島近海,26°14.8′N,127°53.1′E,13 km,2.9,震度２
2025/03/12,21:08:02.1,宮城県沖,38°41.7′N,142°14.8′E,41 km,3.8,震度１
2025/03/12,23:20:15.1,福島県中通り,36°53.6′N,140°24.8′E,81 km,4.2,震度３
2025/03/13,01:27:27.7,岩手県内陸南部,39°03.6′N,140°52.2′E,8 km,3.0,震度１
2025/03/13,01:41:16.7,奈良県,34°11.2′N,135°52.3′E,55 km,3.3,震度１
2025/03/13,04:40:50.2,福島県中通り,37°02.7′N,140°32.6′E,10 km,2.5,震度１
2025/03/13,23:57:01.7,神奈川県西部,35°27.4′N,139°09.3′E,19 km,3.0,震度２
2025/03/14,03:53:50.8,北海道東方沖,43°26.7′N,147°00.6′E,68 km,4.7,震度１
2025/03/14,06:20:01.6,石川県西方沖,37°05.2′N,136°23.7′E,10 km,3.7,震度１
2025/03/14,19:06:17.8,岩手県沖,39°48.5′N,142°21.8′E,13 km,4.2,震度２
2025/03/15,01:44:47.3,奄美大島近海,28°34.8′N,129°15.7′E,64 km,4.1,震度１
2025/03/15,10:55:44.0,静岡県中部,35°03.3′N,138°30.1′E,22 km,2.6,震度１
2025/03/15,15:40:35.0,茨城県北部,36°27.8′N,140°36.2′E,55 km,3.6,震度２
2025/03/15,21:22:13.7,能登半島沖,37°34.8′N,137°15.8′E,10 km,3.7,震度２
2025/03/15,22:50:06.8,胆振地方中東部,42°50.8′N,141°56.2′E,141 km,4.2,震度１
2025/03/16,21:58:50.2,熊本県天草・芦北地方,32°25.6′N,130°31.9′E,12 km,3.4,震度１
2025/03/16,23:11:24.7,東京湾,35°36.9′N,139°59.8′E,67 km,3.0,震度１
2025/03/16,23:55:51.4,沖縄本島近海,26°47.9′N,127°27.8′E,65 km,3.9,震度１
2025/03/16,23:58:21.3,釧路地方中南部,43°17.1′N,144°22.0′E,131 km,3.9,震度１
2025/03/17,00:49:53.1,十勝地方中部,42°45.5′N,143°12.2′E,111 km,4.0,震度２
2025/03/17,00:54:12.6,奄美大島近海,28°02.1′N,129°22.4′E,20 km,3.6,震度２
2025/03/17,02:36:49.5,能登半島沖,37°07.1′N,136°38.1′E,6 km,3.1,震度２
2025/03/17,03:34:59.8,静岡県東部,35°15.9′N,138°43.2′E,12 km,2.3,震度１
2025/03/17,06:23:23.5,福井県嶺南,35°26.8′N,135°53.3′E,13 km,3.5,震度２
2025/03/17,07:45:46.6,埼玉県北部,36°12.5′N,139°13.5′E,93 km,3.2,震度１
2025/03/17,18:22:27.1,奄美大島北東沖,29°19.4′N,130°28.2′E,40 km,4.5,震度１
2025/03/17,21:57:16.7,岩手県沖,39°46.2′N,142°14.8′E,50 km,4.3,震度２
2025/03/17,22:32:39.1,岩手県沖,39°46.1′N,142°14.8′E,49 km,3.4,震度１
2025/03/18,05:00:35.0,熊本県熊本地方,32°29.9′N,130°33.3′E,10 km,4.8,震度４
2025/03/18,05:47:41.1,熊本県熊本地方,32°29.4′N,130°33.0′E,9 km,2.9,震度１
2025/03/18,07:30:47.8,宮城県沖,38°59.1′N,142°21.7′E,49 km,4.1,震度２
2025/03/18,07:58:39.6,熊本県熊本地方,32°29.7′N,130°33.8′E,9 km,3.5,震度２
2025/03/18,17:28:54.2,熊本県熊本地方,32°29.2′N,130°33.8′E,9 km,3.8,震度２
2025/03/18,21:05:49.6,宮古島近海,24°50.5′N,125°08.6′E,52 km,3.4,震度１
2025/03/19,13:25:14.6,能登半島沖,37°06.9′N,136°38.4′E,6 km,4.7,震度４
2025/03/20,02:12:35.1,紀伊水道,34°10.9′N,135°07.5′E,7 km,2.6,震度１
2025/03/20,04:25:29.0,能登半島沖,37°06.8′N,136°38.2′E,7 km,3.3,震度３
2025/03/20,10:20:46.6,奄美大島近海,28°34.5′N,129°50.1′E,35 km,3.8,震度１
2025/03/20,12:42:15.1,熊本県天草・芦北地方,32°30.2′N,130°33.7′E,10 km,3.2,震度１
2025/03/20,17:35:37.4,石川県西方沖,36°56.4′N,136°25.1′E,12 km,3.7,震度１
2025/03/20,19:46:06.4,日高地方中部,42°28.1′N,142°37.5′E,42 km,3.7,震度１
2025/03/21,00:05:18.7,福島県会津,36°58.6′N,139°22.6′E,4 km,2.1,震度１
2025/03/21,00:59:07.8,三重県北部,34°54.5′N,136°26.5′E,15 km,2.2,震度１
2025/03/21,17:41:30.5,和歌山県北部,34°06.6′N,135°12.5′E,6 km,2.4,震度１
2025/03/22,01:00:37.8,岐阜県美濃中西部,35°38.4′N,137°04.2′E,7 km,2.2,震度１
2025/03/22,03:02:04.4,鹿児島県薩摩地方,31°48.6′N,130°17.6′E,8 km,2.0,震度１
2025/03/22,18:41:57.3,茨城県沖,36°26.1′N,140°41.4′E,52 km,4.1,震度３
2025/03/23,06:01:24.3,福島県沖,36°57.8′N,141°20.8′E,43 km,3.5,震度１
2025/03/23,07:14:28.0,宮古島北西沖,25°40.2′N,124°39.9′E,126 km,5.2,震度１
2025/03/23,08:16:34.3,茨城県南部,36°20.7′N,140°03.4′E,72 km,3.1,震度１
2025/03/24,11:34:25.6,長野県北部,36°56.8′N,138°31.5′E,8 km,2.8,震度１
2025/03/24,11:37:52.7,長野県北部,36°57.1′N,138°31.5′E,8 km,3.7,震度３
2025/03/24,11:49:55.4,北海道南西沖,41°28.8′N,139°55.9′E,10 km,3.1,震度１
2025/03/24,12:06:49.4,長野県北部,36°56.9′N,138°31.7′E,10 km,2.5,震度１
2025/03/24,21:49:41.4,千葉県北西部,35°34.8′N,140°07.9′E,70 km,3.0,震度１
2025/03/25,06:53:19.7,宗谷地方北部,45°13.3′N,141°50.1′E,0 km,3.0,震度３
2025/03/25,08:06:42.4,沖縄本島近海,26°19.4′N,127°19.5′E,53 km,3.3,震度１
2025/03/25,08:19:36.5,福島県沖,37°46.5′N,141°37.6′E,56 km,4.3,震度２
2025/03/25,10:59:20.9,千葉県南部,35°20.6′N,140°20.7′E,26 km,3.1,震度２
2025/03/25,11:16:27.7,胆振地方中東部,42°42.2′N,141°59.5′E,34 km,3.5,震度１
2025/03/25,19:39:26.3,根室地方南部,43°14.5′N,145°23.0′E,81 km,3.9,震度２
2025/03/26,00:25:46.8,上川地方北部,44°16.5′N,142°13.2′E,0 km,1.1,震度１
2025/03/26,00:46:00.5,能登半島沖,37°06.2′N,136°38.9′E,6 km,2.6,震度１
2025/03/26,09:47:44.4,千葉県南部,35°20.6′N,140°21.0′E,25 km,2.6,震度１
2025/03/26,12:29:06.7,愛知県西部,35°04.9′N,137°17.0′E,39 km,2.8,震度１
2025/03/27,11:56:01.4,紀伊水道,33°54.3′N,134°42.7′E,13 km,3.1,震度２
2025/03/27,17:16:47.1,岐阜県美濃中西部,35°47.8′N,136°55.4′E,9 km,3.1,震度２
2025/03/28,01:00:59.5,宗谷地方北部,45°13.2′N,141°51.1′E,0 km,2.8,震度２
2025/03/28,03:50:39.5,千葉県北東部,35°24.2′N,140°21.6′E,54 km,4.4,震度２
2025/03/28,04:41:25.6,石川県能登地方,37°23.3′N,136°53.4′E,9 km,2.7,震度１
2025/03/28,10:18:49.2,津軽海峡,41°30.6′N,141°21.0′E,122 km,3.5,震度１
2025/03/28,11:34:58.0,熊本県阿蘇地方,32°58.7′N,131°09.5′E,12 km,2.7,震度２
2025/03/29,00:09:45.3,熊本県天草・芦北地方,32°29.6′N,130°32.2′E,10 km,3.0,震度１
2025/03/29,04:45:15.1,大隅半島東方沖,31°05.4′N,131°30.7′E,33 km,4.6,震度３
2025/03/29,13:21:19.8,石川県西方沖,36°55.2′N,136°22.9′E,13 km,3.2,震度１
2025/03/29,22:00:37.1,国後島付近,44°14.9′N,146°01.1′E,163 km,4.3,震度１
2025/03/29,23:48:14.1,熊本県天草・芦北地方,32°25.6′N,130°31.9′E,12 km,3.2,震度１
2025/03/30,08:47:37.2,千葉県北西部,35°43.5′N,140°12.6′E,67 km,3.8,震度１
2025/03/30,10:18:30.6,千葉県南東沖,34°40.0′N,140°49.5′E,69 km,4.9,震度２
2025/03/30,10:46:20.5,有明海,32°55.4′N,130°22.3′E,11 km,3.4,震度２
2025/03/30,14:29:52.9,千葉県東方沖,35°25.5′N,140°39.3′E,58 km,3.8,震度１
2025/03/30,19:35:44.9,茨城県沖,36°12.0′N,141°03.7′E,37 km,3.6,震度１
2025/03/30,21:30:55.8,宮城県沖,38°32.1′N,142°17.7′E,44 km,4.3,震度２
2025/03/30,22:28:25.0,長野県北部,36°46.9′N,138°06.4′E,7 km,2.4,震度１
2025/03/30,22:55:58.2,浦河沖,41°59.6′N,142°43.5′E,55 km,4.6,震度２
2025/03/31,16:51:30.8,沖縄本島近海,27°26.6′N,128°40.4′E,42 km,3.7,震度２
2025/04/01,02:37:31.6,宮古島近海,24°44.0′N,125°25.2′E,46 km,3.7,震度１
2025/04/01,05:07:34.8,有明海,32°46.9′N,130°31.2′E,11 km,3.2,震度１
2025/04/01,14:41:49.3,根室半島南東沖,42°57.2′N,145°43.3′E,70 km,4.1,震度１
2025/04/01,20:32:33.1,石川県西方沖,36°55.3′N,136°23.5′E,12 km,2.7,震度１
2025/04/01,21:33:40.4,茨城県南部,36°09.8′N,139°51.1′E,102 km,3.7,震度２
2025/04/02,02:01:45.0,宮古島近海,24°44.5′N,125°25.2′E,47 km,3.4,震度１
2025/04/02,06:31:29.9,熊本県熊本地方,32°32.9′N,130°41.6′E,8 km,2.9,震度１
2025/04/02,07:04:12.8,根室半島南東沖,43°18.8′N,146°27.2′E,46 km,3.7,震度１
2025/04/02,08:54:45.7,父島近海,27°38.5′N,142°41.5′E,63 km,4.4,震度１
2025/04/02,08:59:55.3,沖縄本島近海,26°06.2′N,128°35.8′E,32 km,5.2,震度１
2025/04/02,11:07:54.9,滋賀県北部,35°33.6′N,136°22.0′E,14 km,3.2,震度１
2025/04/02,20:54:51.7,岩手県内陸南部,39°03.3′N,140°52.1′E,8 km,3.2,震度１
2025/04/02,23:03:58.8,大隅半島東方沖,31°02.7′N,131°31.3′E,36 km,6.1,震度４
2025/04/02,23:13:31.9,大隅半島東方沖,31°06.5′N,131°35.1′E,29 km,3.9,震度１
2025/04/03,06:42:52.7,大隅半島東方沖,31°06.7′N,131°31.5′E,30 km,4.4,震度２
2025/04/03,11:50:55.4,豊後水道,33°13.0′N,132°23.0′E,37 km,2.8,震度１
2025/04/03,14:17:58.1,青森県東方沖,40°58.4′N,142°00.4′E,58 km,2.9,震度１
2025/04/04,04:48:11.9,和歌山県北部,34°04.6′N,135°11.8′E,6 km,2.5,震度２
2025/04/04,19:46:05.6,佐渡付近,38°06.6′N,138°15.5′E,16 km,3.3,震度２
2025/04/04,19:52:08.1,山梨県中・西部,35°34.4′N,138°15.1′E,15 km,3.0,震度１
2025/04/05,04:15:42.2,北海道南西沖,41°18.2′N,140°09.2′E,10 km,4.1,震度４
2025/04/05,06:12:22.5,青森県東方沖,40°58.8′N,141°59.9′E,59 km,4.2,震度３
2025/04/05,12:26:01.7,岩手県沖,39°06.3′N,142°07.4′E,44 km,3.5,震度１
2025/04/05,18:42:51.7,有明海,32°46.8′N,130°31.0′E,11 km,3.4,震度２
2025/04/06,02:20:30.9,青森県東方沖,41°00.3′N,143°07.9′E,23 km,4.2,震度１
2025/04/06,02:25:48.5,青森県東方沖,41°00.4′N,143°07.2′E,23 km,4.2,震度１
2025/04/06,15:05:09.2,長野県南部,35°40.7′N,137°46.7′E,11 km,3.4,震度２
2025/04/06,17:14:48.4,静岡県中部,35°16.9′N,138°20.5′E,26 km,3.0,震度１
2025/04/07,09:52:13.8,千葉県東方沖,35°50.2′N,140°53.6′E,32 km,4.8,震度３
2025/04/07,11:26:32.0,福島県中通り,37°02.6′N,140°32.1′E,9 km,3.3,震度２
2025/04/07,12:08:24.6,岩手県内陸南部,39°03.3′N,140°52.8′E,8 km,3.5,震度１
2025/04/08,00:39:55.3,石川県能登地方,37°12.6′N,136°43.4′E,9 km,3.0,震度１
2025/04/08,09:08:32.0,熊本県天草・芦北地方,32°09.5′N,130°25.9′E,7 km,2.4,震度２
2025/04/08,13:54:01.5,熊本県天草・芦北地方,32°09.5′N,130°25.7′E,8 km,2.2,震度１
2025/04/08,19:26:12.1,愛知県西部,34°55.9′N,137°06.2′E,36 km,4.6,震度３
2025/04/09,00:26:35.5,与那国島近海,24°47.6′N,123°05.4′E,119 km,5.4,震度３
2025/04/09,04:40:57.6,千葉県東方沖,35°51.2′N,140°55.3′E,30 km,3.3,震度１
2025/04/09,05:46:49.5,茨城県沖,36°25.8′N,141°01.3′E,36 km,3.3,震度１
2025/04/09,06:10:47.9,能登半島沖,37°06.5′N,136°38.5′E,11 km,2.9,震度１
2025/04/09,09:10:17.4,岩手県沖,39°02.8′N,142°24.1′E,47 km,3.9,震度１
2025/04/09,15:21:55.9,小笠原諸島西方沖,27°59.0′N,139°54.7′E,513 km,4.7,震度１
2025/04/09,22:05:44.5,石川県西方沖,36°59.8′N,136°24.7′E,12 km,3.6,震度１
2025/04/10,08:33:20.9,岩手県沿岸南部,39°07.8′N,141°50.8′E,63 km,4.4,震度３
2025/04/10,10:13:10.2,福島県沖,37°01.0′N,141°09.0′E,49 km,4.2,震度２
2025/04/10,21:09:57.2,茨城県北部,36°29.0′N,140°32.1′E,58 km,3.4,震度１
2025/04/11,14:06:17.7,奄美大島北東沖,29°12.3′N,130°28.2′E,51 km,5.0,震度２
2025/04/11,14:41:26.4,奄美大島北東沖,29°11.0′N,130°30.2′E,24 km,4.3,震度１
2025/04/11,16:49:28.2,西表島付近,24°16.4′N,123°55.2′E,46 km,3.9,震度１
2025/04/11,18:06:48.3,伊予灘,33°23.2′N,131°50.1′E,65 km,3.3,震度１
2025/04/11,23:28:03.4,沖縄本島近海,26°19.4′N,127°19.3′E,53 km,3.2,震度１
2025/04/12,20:34:42.5,能登半島沖,37°32.8′N,137°13.5′E,12 km,3.6,震度２
2025/04/13,05:45:26.8,埼玉県南部,35°52.7′N,139°19.8′E,15 km,2.5,震度１
2025/04/13,18:13:32.0,千島列島,47°49.8′N,150°33.1′E,418 km,5.5,震度２
2025/04/14,05:38:07.5,大隅半島東方沖,31°01.7′N,131°34.8′E,37 km,4.2,震度２
2025/04/14,08:08:09.6,宮城県中部,38°29.1′N,141°29.1′E,70 km,3.6,震度１
2025/04/14,09:02:50.8,石川県能登地方,37°27.7′N,137°06.9′E,9 km,2.7,震度１
2025/04/14,09:47:08.1,青森県東方沖,41°25.5′N,141°47.1′E,67 km,3.3,震度１
2025/04/14,09:54:16.2,青森県津軽南部,40°27.7′N,140°12.1′E,8 km,4.1,震度２
2025/04/14,15:23:28.4,福島県会津,37°02.4′N,139°23.9′E,8 km,2.5,震度１
2025/04/14,19:53:39.0,福島県会津,37°02.2′N,139°23.8′E,8 km,2.2,震度１
2025/04/14,20:42:35.4,長野県中部,36°24.8′N,138°03.1′E,9 km,3.1,震度２
2025/04/15,01:49:19.4,石川県能登地方,37°11.4′N,136°50.0′E,10 km,2.8,震度１
2025/04/15,03:15:23.1,熊本県天草・芦北地方,32°09.3′N,130°26.1′E,8 km,1.9,震度１
2025/04/15,07:17:24.3,根室半島南東沖,43°06.3′N,146°00.7′E,64 km,4.3,震度２
2025/04/15,08:13:34.2,石川県西方沖,36°57.0′N,136°23.4′E,12 km,3.2,震度１
2025/04/15,16:37:55.7,岩手県沖,39°12.4′N,142°16.4′E,82 km,3.6,震度１
2025/04/15,18:42:46.8,北海道東方沖,43°31.1′N,147°22.7′E,58 km,4.7,震度１
2025/04/15,22:14:25.7,石川県西方沖,37°03.8′N,136°22.1′E,11 km,3.9,震度１
2025/04/16,11:18:18.9,トカラ列島近海,29°40.3′N,130°04.8′E,59 km,3.6,震度１
2025/04/17,01:47:21.8,石川県西方沖,36°57.4′N,136°22.4′E,12 km,3.0,震度１
2025/04/17,04:25:05.0,和歌山県北部,34°14.5′N,135°26.6′E,6 km,2.2,震度１
2025/04/17,05:33:29.4,和歌山県北部,34°13.0′N,135°14.5′E,3 km,2.6,震度１
2025/04/17,07:16:31.6,十勝地方南部,42°21.7′N,143°06.3′E,51 km,4.2,震度２
2025/04/17,16:05:32.1,福島県中通り,37°32.0′N,140°34.9′E,89 km,3.1,震度１
2025/04/18,05:10:09.0,西表島付近,24°24.4′N,123°47.1′E,12 km,4.3,震度３
2025/04/18,07:20:04.7,大分県中部,33°17.2′N,131°28.0′E,8 km,2.2,震度１
2025/04/18,07:21:02.3,大分県中部,33°17.3′N,131°27.8′E,8 km,2.5,震度１
2025/04/18,07:42:28.2,大分県中部,33°17.2′N,131°28.1′E,8 km,2.9,震度２
2025/04/18,07:46:17.7,大分県中部,33°17.1′N,131°28.0′E,8 km,2.7,震度２
2025/04/18,08:08:28.2,大分県中部,33°17.1′N,131°28.1′E,7 km,2.3,震度１
2025/04/18,08:57:33.1,大分県中部,33°17.1′N,131°28.1′E,8 km,3.7,震度３
2025/04/18,08:58:11.1,大分県中部,33°16.8′N,131°27.6′E,5 km,2.7,震度２
2025/04/18,09:00:52.5,大分県中部,33°17.0′N,131°27.9′E,7 km,1.9,震度１
2025/04/18,09:12:19.4,大分県中部,33°17.2′N,131°28.1′E,8 km,2.2,震度１
2025/04/18,09:19:41.9,大分県中部,33°17.2′N,131°27.3′E,8 km,2.0,震度１
2025/04/18,09:21:51.2,大分県中部,33°17.1′N,131°27.7′E,8 km,3.3,震度２
2025/04/18,12:53:39.1,大分県中部,33°17.0′N,131°28.1′E,8 km,2.3,震度１
2025/04/18,18:26:27.9,長野県北部,36°28.0′N,137°54.8′E,12 km,3.0,震度２
2025/04/18,18:49:53.9,長野県北部,36°28.0′N,137°54.8′E,11 km,2.4,震度１
2025/04/18,20:19:28.6,長野県北部,36°28.1′N,137°54.8′E,13 km,5.1,震度５弱
2025/04/18,20:20:16.5,長野県北部,36°27.8′N,137°54.7′E,12 km,3.7,震度２
2025/04/18,20:22:24.8,長野県北部,36°27.9′N,137°54.6′E,12 km,2.9,震度２
2025/04/18,20:24:54.1,長野県北部,36°28.7′N,137°54.4′E,13 km,2.6,震度１
2025/04/18,20:36:08.7,長野県北部,36°28.2′N,137°54.4′E,12 km,2.1,震度１
2025/04/18,20:40:12.1,長野県北部,36°27.9′N,137°54.8′E,12 km,2.5,震度１
2025/04/18,20:42:12.1,長野県北部,36°27.2′N,137°55.2′E,11 km,3.4,震度２
2025/04/18,20:54:28.4,長野県北部,36°28.6′N,137°54.1′E,12 km,2.6,震度１
2025/04/18,20:56:49.6,長野県北部,36°28.7′N,137°54.4′E,12 km,2.2,震度１
2025/04/18,21:07:51.6,長野県北部,36°27.0′N,137°55.1′E,11 km,2.5,震度１
2025/04/18,21:09:44.5,長野県北部,36°28.6′N,137°54.5′E,13 km,2.9,震度２
2025/04/18,21:17:24.5,長野県北部,36°28.1′N,137°54.7′E,12 km,2.5,震度１
2025/04/18,21:41:07.9,長野県北部,36°28.5′N,137°54.8′E,12 km,2.8,震度１
2025/04/18,22:19:54.3,長野県北部,36°27.2′N,137°54.9′E,12 km,2.7,震度１
2025/04/18,22:22:01.3,長野県北部,36°28.7′N,137°54.2′E,13 km,1.9,震度１
2025/04/18,22:29:07.4,長野県北部,36°28.9′N,137°54.5′E,12 km,2.8,震度１
2025/04/18,23:02:32.8,長野県北部,36°28.3′N,137°54.5′E,12 km,2.0,震度１
2025/04/18,23:12:23.0,長野県北部,36°28.7′N,137°54.5′E,13 km,2.4,震度１
2025/04/18,23:21:25.6,長野県北部,36°28.6′N,137°54.6′E,13 km,2.4,震度１
2025/04/18,23:23:24.6,長野県北部,36°28.4′N,137°54.6′E,13 km,2.4,震度１
2025/04/18,23:29:51.1,長野県北部,36°28.2′N,137°54.3′E,13 km,2.7,震度２
2025/04/18,23:39:46.5,長野県北部,36°27.7′N,137°54.5′E,13 km,4.5,震度４
2025/04/18,23:43:33.2,長野県北部,36°28.0′N,137°54.6′E,13 km,2.3,震度１
2025/04/19,00:07:59.3,長野県北部,36°27.7′N,137°55.2′E,11 km,3.8,震度３
2025/04/19,00:12:00.2,長野県北部,36°27.3′N,137°54.9′E,12 km,2.4,震度１
2025/04/19,00:13:56.0,長野県北部,36°27.6′N,137°55.5′E,11 km,2.2,震度１
2025/04/19,00:22:54.8,長野県北部,36°28.2′N,137°54.6′E,12 km,2.1,震度１
2025/04/19,00:50:25.1,父島近海,26°28.2′N,141°53.1′E,49 km,4.0,震度１
2025/04/19,01:02:36.6,長野県北部,36°28.8′N,137°54.2′E,12 km,4.3,震度４
2025/04/19,01:07:12.8,長野県北部,36°29.0′N,137°54.2′E,12 km,3.2,震度２
2025/04/19,01:12:11.2,長野県北部,36°29.1′N,137°54.4′E,12 km,1.9,震度１
2025/04/19,01:18:08.2,長野県北部,36°28.6′N,137°54.3′E,13 km,2.4,震度１
2025/04/19,01:30:51.7,長野県北部,36°28.7′N,137°54.3′E,12 km,2.7,震度１
2025/04/19,01:50:44.7,長野県北部,36°28.5′N,137°54.4′E,13 km,3.0,震度２
2025/04/19,01:52:12.3,長野県北部,36°27.7′N,137°55.6′E,11 km,2.7,震度１
2025/04/19,01:53:54.4,長野県北部,36°28.5′N,137°54.5′E,13 km,3.9,震度３
2025/04/19,01:55:58.0,長野県北部,36°27.8′N,137°55.6′E,11 km,2.5,震度１
2025/04/19,02:20:58.6,長野県北部,36°28.7′N,137°53.9′E,12 km,3.5,震度２
2025/04/19,02:24:39.4,長野県北部,36°29.0′N,137°54.2′E,12 km,3.1,震度２
2025/04/19,02:27:27.2,長野県北部,36°28.9′N,137°54.1′E,13 km,3.1,震度２
2025/04/19,02:30:09.8,長野県北部,36°29.2′N,137°54.3′E,12 km,2.3,震度１
2025/04/19,02:37:24.8,長野県北部,36°28.8′N,137°54.1′E,12 km,2.4,震度１
2025/04/19,02:41:24.6,長野県北部,36°28.9′N,137°54.3′E,12 km,3.3,震度３
2025/04/19,03:44:34.3,長野県北部,36°28.9′N,137°54.0′E,12 km,2.2,震度１
2025/04/19,04:41:21.9,長野県北部,36°28.8′N,137°54.2′E,12 km,2.5,震度１
2025/04/19,05:04:52.2,長野県北部,36°29.0′N,137°53.9′E,12 km,2.1,震度１
2025/04/19,05:07:57.0,長野県北部,36°29.0′N,137°54.1′E,12 km,2.1,震度１
2025/04/19,05:12:31.4,長野県北部,36°29.0′N,137°54.0′E,12 km,2.1,震度１
2025/04/19,06:08:52.3,十勝沖,41°59.2′N,144°20.8′E,21 km,4.3,震度１
2025/04/19,06:19:15.0,長野県北部,36°28.9′N,137°54.4′E,12 km,2.6,震度１
2025/04/19,06:47:36.5,長野県北部,36°28.0′N,137°54.7′E,12 km,2.5,震度１
2025/04/19,08:12:59.2,長野県北部,36°29.0′N,137°53.8′E,12 km,2.2,震度１
2025/04/19,09:37:06.9,長野県北部,36°28.8′N,137°54.3′E,12 km,2.2,震度１
2025/04/19,09:58:52.9,奄美大島近海,28°33.7′N,129°37.2′E,9 km,3.5,震度２
2025/04/19,12:24:55.3,長野県北部,36°28.7′N,137°54.1′E,13 km,3.3,震度２
2025/04/19,12:56:59.6,能登半島沖,37°33.6′N,137°13.4′E,13 km,3.8,震度２
2025/04/19,13:04:09.8,長野県北部,36°27.7′N,137°55.4′E,11 km,2.4,震度１
2025/04/19,20:12:25.3,長野県北部,36°27.3′N,137°55.5′E,9 km,2.2,震度１
2025/04/20,00:06:40.4,トカラ列島近海,29°34.3′N,129°41.6′E,4 km,2.7,震度２
2025/04/20,00:28:40.4,トカラ列島近海,29°34.5′N,129°40.0′E,6 km,2.4,震度１
2025/04/20,01:13:32.3,トカラ列島近海,29°34.2′N,129°40.3′E,5 km,2.3,震度１
2025/04/20,13:39:40.8,長野県北部,36°28.6′N,137°54.3′E,13 km,2.9,震度２
2025/04/20,13:42:00.5,長野県北部,36°28.7′N,137°54.2′E,13 km,1.9,震度１
2025/04/20,14:50:43.5,長野県北部,36°28.6′N,137°53.9′E,12 km,2.7,震度１
2025/04/20,15:11:04.3,千葉県北東部,35°34.4′N,140°20.5′E,75 km,4.3,震度２
2025/04/20,17:25:53.7,宮城県北部,38°53.2′N,141°40.2′E,68 km,3.2,震度１
2025/04/20,17:42:54.8,長野県北部,36°28.5′N,137°54.4′E,13 km,1.8,震度１
2025/04/20,18:57:06.1,長野県北部,36°28.9′N,137°54.2′E,12 km,2.6,震度１
2025/04/20,22:17:03.3,十勝地方南部,42°21.0′N,143°06.3′E,49 km,3.4,震度１
2025/04/21,13:11:17.0,長野県北部,36°28.3′N,137°54.2′E,13 km,2.0,震度１
2025/04/21,22:11:19.7,埼玉県南部,36°05.5′N,139°45.0′E,111 km,4.3,震度２
2025/04/21,22:41:32.7,長野県北部,36°27.2′N,137°55.5′E,11 km,2.6,震度１
2025/04/22,01:48:05.2,福島県沖,37°28.9′N,141°35.2′E,45 km,4.3,震度３
2025/04/22,03:23:47.9,十勝沖,41°48.5′N,143°16.8′E,35 km,4.0,震度２
2025/04/22,20:37:51.6,福島県沖,37°49.9′N,141°44.0′E,58 km,4.0,震度１
2025/04/23,07:01:40.0,熊本県熊本地方,32°44.7′N,130°40.1′E,11 km,2.2,震度１
2025/04/23,07:21:50.8,青森県東方沖,41°01.3′N,143°08.9′E,23 km,4.5,震度１
2025/04/23,15:35:27.1,石川県西方沖,36°56.6′N,136°22.7′E,11 km,3.0,震度１
2025/04/24,04:50:57.4,上川地方北部,44°48.0′N,142°08.9′E,0 km,2.1,震度１
2025/04/24,09:07:53.2,岩手県沖,40°22.2′N,141°53.8′E,62 km,4.4,震度３
2025/04/24,23:03:09.6,長野県北部,36°27.5′N,137°54.6′E,12 km,2.2,震度１
2025/04/25,01:15:49.9,宮城県沖,38°16.9′N,141°39.8′E,54 km,3.6,震度２
2025/04/25,04:55:50.1,日向灘,32°08.1′N,131°46.9′E,26 km,2.8,震度１
2025/04/25,07:58:44.2,福島県会津,36°58.5′N,139°22.6′E,4 km,1.6,震度１
2025/04/25,07:59:46.0,京都府南部,35°08.3′N,135°43.9′E,11 km,3.2,震度２
2025/04/25,21:51:42.9,大分県中部,33°17.1′N,131°27.5′E,7 km,1.9,震度１
2025/04/26,09:05:13.1,宮城県沖,38°29.0′N,142°07.6′E,42 km,4.1,震度１
2025/04/26,10:18:57.9,福島県沖,37°33.4′N,141°13.9′E,56 km,3.4,震度１
2025/04/26,10:46:41.9,熊本県熊本地方,32°35.3′N,130°38.1′E,11 km,2.7,震度１
2025/04/26,12:06:54.6,熊本県熊本地方,32°35.3′N,130°38.0′E,11 km,4.2,震度３
2025/04/26,18:35:17.6,和歌山県北部,33°52.9′N,135°23.1′E,51 km,3.5,震度１
2025/04/26,19:31:10.6,新潟県中越地方,37°19.9′N,138°43.5′E,23 km,3.2,震度２
2025/04/26,20:01:54.9,埼玉県北部,36°02.9′N,139°27.8′E,99 km,3.1,震度１
2025/04/27,08:03:36.1,長野県北部,36°27.4′N,137°54.7′E,11 km,2.6,震度１
2025/04/27,14:01:58.0,宮城県沖,38°10.1′N,141°41.9′E,52 km,3.9,震度１
2025/04/27,15:29:16.5,兵庫県南東部,34°47.8′N,134°50.9′E,8 km,2.4,震度１
2025/04/27,17:39:25.8,岩手県沖,39°38.4′N,142°07.4′E,49 km,3.8,震度１
2025/04/28,02:47:46.5,山形県庄内地方,38°56.7′N,140°00.1′E,17 km,3.0,震度１
2025/04/28,12:15:01.8,福島県会津,36°58.4′N,139°23.2′E,4 km,1.5,震度１
2025/04/28,15:37:25.6,浦河沖,41°53.9′N,142°29.2′E,62 km,4.2,震度２
2025/04/28,16:54:15.0,熊本県天草・芦北地方,32°30.1′N,130°33.4′E,11 km,3.8,震度２
2025/04/28,22:56:32.3,択捉島付近,44°15.6′N,147°03.0′E,100 km,4.3,震度１
2025/04/29,23:21:09.2,和歌山県北部,34°01.8′N,135°15.4′E,5 km,1.6,震度１
2025/04/30,02:30:30.3,宮城県沖,38°10.4′N,141°41.8′E,52 km,3.7,震度１
2025/04/30,07:15:48.6,沖縄本島近海,26°20.1′N,127°50.7′E,23 km,3.2,震度１
2025/04/30,10:03:39.2,宮城県沖,38°22.9′N,142°09.6′E,33 km,4.1,震度１
2025/04/30,10:31:42.2,紀伊水道,33°51.0′N,134°59.2′E,10 km,2.7,震度１
2025/05/01,04:27:14.1,岩手県沖,39°55.8′N,142°24.8′E,37 km,3.4,震度１
2025/05/01,07:35:40.3,奄美大島近海,28°50.4′N,129°56.5′E,29 km,3.5,震度１
2025/05/01,12:54:54.9,北海道南西沖,42°23.1′N,139°13.4′E,25 km,3.8,震度１
2025/05/02,10:44:44.9,大隅半島東方沖,31°06.0′N,131°27.7′E,28 km,4.1,震度１
2025/05/02,15:50:50.6,沖縄本島近海,26°33.9′N,127°55.3′E,12 km,3.0,震度１
2025/05/02,16:17:49.0,長野県北部,36°29.0′N,137°55.4′E,10 km,2.1,震度１
2025/05/02,16:32:08.8,和歌山県南部,33°36.9′N,135°25.6′E,37 km,2.9,震度１
2025/05/04,12:35:42.1,東京都２３区,35°41.2′N,139°47.1′E,82 km,4.1,震度２
2025/05/04,13:44:17.1,福島県会津,36°58.3′N,139°23.3′E,5 km,1.6,震度１
2025/05/04,16:38:56.7,福島県沖,37°32.2′N,141°21.7′E,53 km,3.7,震度１
2025/05/05,00:45:10.3,滋賀県北部,35°21.0′N,136°13.9′E,39 km,2.9,震度１
2025/05/05,01:34:52.3,茨城県沖,36°23.3′N,141°02.1′E,41 km,4.2,震度２
2025/05/05,02:03:57.6,熊本県天草・芦北地方,32°29.7′N,130°32.9′E,11 km,3.0,震度１
2025/05/05,06:26:02.6,紀伊水道,34°14.0′N,135°06.0′E,9 km,2.8,震度１
2025/05/05,17:05:39.2,三重県中部,34°39.3′N,136°29.7′E,19 km,2.8,震度１
2025/05/05,20:57:13.8,和歌山県北部,34°01.8′N,135°15.5′E,5 km,2.8,震度２
2025/05/06,15:16:42.6,和歌山県北部,34°01.8′N,135°15.4′E,5 km,1.8,震度１
2025/05/06,17:31:25.1,奄美大島近海,28°01.8′N,129°16.7′E,21 km,3.1,震度１
2025/05/06,18:06:05.0,熊本県天草・芦北地方,32°19.3′N,130°28.0′E,11 km,2.5,震度１
2025/05/06,18:22:13.4,宮城県沖,38°37.4′N,141°53.9′E,47 km,3.9,震度１
2025/05/06,20:36:12.4,福島県沖,37°27.6′N,141°33.1′E,46 km,3.6,震度１
2025/05/07,09:47:01.4,神奈川県西部,35°24.8′N,139°09.6′E,11 km,3.1,震度２
2025/05/07,11:15:23.1,種子島南東沖,29°55.6′N,131°23.5′E,30 km,4.4,震度１
2025/05/07,22:08:06.5,島根県西部,34°49.4′N,132°31.0′E,17 km,3.0,震度１
2025/05/08,00:06:55.4,熊本県球磨地方,32°13.7′N,130°36.9′E,5 km,2.3,震度１
2025/05/08,03:48:17.8,福島県沖,37°31.3′N,141°21.5′E,50 km,3.4,震度１
2025/05/08,21:21:10.6,福島県中通り,37°16.6′N,140°23.6′E,89 km,3.6,震度１
2025/05/09,12:24:04.4,十勝沖,41°41.5′N,143°28.4′E,42 km,4.3,震度２
2025/05/09,13:34:51.0,石川県西方沖,36°56.0′N,136°22.1′E,13 km,4.2,震度２
2025/05/09,20:26:21.5,紀伊水道,34°02.7′N,135°08.5′E,5 km,2.6,震度１
2025/05/10,20:45:15.0,トカラ列島近海,29°39.8′N,130°00.9′E,63 km,4.3,震度２
2025/05/10,21:43:39.9,青森県東方沖,40°55.2′N,141°32.9′E,113 km,3.9,震度１
2025/05/11,02:17:43.4,青森県西方沖,41°00.2′N,139°16.0′E,34 km,3.6,震度１
2025/05/11,07:15:34.3,宮城県沖,38°45.9′N,141°32.9′E,71 km,3.1,震度１
2025/05/11,09:48:42.5,和歌山県北部,34°01.8′N,135°15.5′E,5 km,2.1,震度１
2025/05/12,02:47:43.9,和歌山県北部,34°14.5′N,135°11.4′E,7 km,2.1,震度１
2025/05/12,06:03:59.5,土佐湾,33°27.7′N,133°32.3′E,30 km,3.4,震度１
2025/05/12,06:25:50.7,与那国島近海,24°43.5′N,122°26.5′E,37 km,4.6,震度１
2025/05/12,23:54:29.5,青森県東方沖,41°34.8′N,142°05.4′E,55 km,5.2,震度３
2025/05/13,06:33:35.4,胆振地方中東部,42°35.9′N,141°56.9′E,128 km,4.4,震度２
2025/05/13,08:33:34.9,茨城県南部,35°56.4′N,140°06.3′E,66 km,3.9,震度２
2025/05/13,10:37:03.4,福島県中通り,37°08.2′N,140°31.1′E,79 km,4.6,震度３
2025/05/14,01:44:09.6,宮城県沖,38°25.1′N,142°11.2′E,36 km,4.0,震度１
2025/05/14,01:52:36.0,小笠原諸島西方沖,27°23.8′N,140°22.6′E,457 km,5.7,震度２
2025/05/14,11:19:10.7,熊本県熊本地方,32°44.3′N,130°38.4′E,14 km,3.3,震度２
2025/05/14,12:41:18.7,熊本県熊本地方,32°44.3′N,130°38.5′E,14 km,2.4,震度１
2025/05/14,15:02:22.4,宮城県北部,38°56.1′N,140°52.8′E,7 km,2.7,震度１
2025/05/14,17:32:23.5,宮城県沖,38°20.5′N,142°09.6′E,38 km,4.2,震度２
2025/05/14,17:51:13.9,静岡県伊豆地方,35°02.9′N,139°06.7′E,8 km,2.9,震度２
2025/05/14,18:00:57.6,静岡県伊豆地方,35°02.9′N,139°06.5′E,8 km,2.2,震度１
2025/05/15,02:05:58.4,茨城県南部,36°06.7′N,139°59.2′E,48 km,3.4,震度２
2025/05/15,06:34:25.9,トカラ列島近海,29°25.0′N,129°29.1′E,16 km,3.3,震度２
2025/05/15,08:02:57.8,熊本県熊本地方,32°38.9′N,130°42.0′E,8 km,2.0,震度１
2025/05/15,09:04:03.7,トカラ列島近海,29°22.9′N,129°32.0′E,10 km,2.4,震度１
2025/05/15,09:45:16.6,石川県能登地方,37°27.1′N,137°07.8′E,11 km,3.2,震度１
2025/05/15,13:51:23.4,茨城県南部,36°06.6′N,139°59.1′E,47 km,2.8,震度１
2025/05/15,14:05:20.6,福島県中通り,37°05.9′N,140°38.4′E,8 km,4.0,震度２
2025/05/15,15:53:57.6,鹿児島県薩摩地方,32°11.2′N,130°10.2′E,12 km,2.2,震度１
2025/05/15,22:05:50.1,十勝地方中部,42°48.3′N,143°19.2′E,95 km,4.7,震度４
2025/05/16,22:04:03.2,福島県中通り,37°03.2′N,140°26.2′E,8 km,1.8,震度１
2025/05/16,22:15:29.2,釧路沖,42°52.7′N,144°32.6′E,55 km,4.2,震度２
2025/05/17,03:20:10.3,石川県西方沖,36°55.9′N,136°22.6′E,13 km,3.5,震度１
2025/05/17,08:52:03.2,新潟県中越地方,37°13.5′N,139°05.3′E,3 km,2.9,震度２
2025/05/17,10:39:07.7,奄美大島近海,28°13.9′N,129°28.6′E,34 km,3.7,震度１
2025/05/17,17:15:06.9,十勝地方南部,42°27.6′N,143°05.2′E,34 km,3.5,震度２
2025/05/17,18:31:11.9,青森県西方沖,40°41.0′N,139°51.1′E,9 km,2.5,震度１
2025/05/18,09:32:19.7,根室半島南東沖,42°59.7′N,146°36.0′E,40 km,4.5,震度２
2025/05/18,10:19:47.9,岩手県内陸北部,39°39.9′N,141°12.4′E,10 km,2.8,震度１
2025/05/18,10:43:04.5,千葉県北東部,35°52.2′N,140°30.6′E,38 km,2.9,震度１
2025/05/19,03:37:08.5,硫黄島近海,25°38.2′N,141°14.6′E,108 km,4.7,震度１
2025/05/19,12:14:41.2,福島県沖,37°10.8′N,141°18.8′E,7 km,4.7,震度２
2025/05/19,20:35:30.2,能登半島沖,37°08.8′N,136°40.1′E,6 km,2.1,震度１
2025/05/19,21:22:17.1,岩手県沖,39°44.6′N,142°15.4′E,21 km,3.5,震度１
2025/05/20,05:16:07.5,上川地方北部,44°50.6′N,142°06.7′E,3 km,2.1,震度１
2025/05/20,06:12:26.2,トカラ列島近海,29°23.2′N,129°31.0′E,10 km,2.4,震度１
2025/05/20,07:36:27.3,トカラ列島近海,29°11.3′N,129°17.5′E,12 km,2.5,震度１
2025/05/21,06:10:20.0,石川県能登地方,37°23.8′N,136°53.4′E,0 km,1.9,震度１
2025/05/21,09:19:18.2,三重県北部,34°55.8′N,136°33.0′E,39 km,3.2,震度１
2025/05/21,19:30:04.2,熊本県熊本地方,32°44.3′N,130°38.4′E,14 km,2.8,震度２
2025/05/21,20:49:41.7,和歌山県北部,34°11.3′N,135°35.7′E,72 km,3.6,震度１
2025/05/22,03:27:29.5,岩手県内陸北部,40°10.7′N,141°07.8′E,8 km,2.6,震度１
2025/05/22,15:33:04.1,沖縄本島近海,26°03.5′N,126°49.9′E,59 km,3.9,震度２
2025/05/23,03:46:49.1,山梨県中・西部,35°45.6′N,138°40.8′E,6 km,2.6,震度１
2025/05/23,06:28:01.1,浦河沖,41°51.2′N,142°41.0′E,53 km,5.4,震度４
2025/05/23,16:49:54.1,豊後水道,33°11.8′N,131°52.6′E,63 km,3.2,震度１
2025/05/23,23:44:28.0,茨城県沖,36°46.4′N,141°21.5′E,29 km,4.3,震度１
2025/05/24,07:40:06.7,沖縄本島近海,27°01.0′N,128°36.2′E,15 km,3.4,震度１
2025/05/24,21:07:45.0,栃木県北部,36°50.0′N,139°47.5′E,5 km,2.6,震度１
2025/05/25,00:23:24.2,長野県南部,35°54.6′N,137°37.7′E,8 km,2.5,震度１
2025/05/25,00:31:47.7,能登半島沖,37°09.8′N,136°40.5′E,3 km,1.5,震度１
2025/05/25,02:49:23.5,苫小牧沖,41°36.2′N,141°57.3′E,61 km,3.5,震度１
2025/05/26,09:56:15.0,宮城県沖,38°30.6′N,142°00.9′E,32 km,4.5,震度３
2025/05/26,14:41:37.9,秋田県沿岸北部,40°23.0′N,140°15.5′E,6 km,3.0,震度１
2025/05/26,17:47:45.1,十勝地方南部,42°19.9′N,143°04.2′E,50 km,5.3,震度４
2025/05/26,23:30:43.9,日高地方東部,42°19.4′N,143°03.5′E,51 km,4.4,震度２
2025/05/27,00:33:03.0,茨城県沖,36°07.4′N,141°00.7′E,46 km,4.2,震度２
2025/05/27,13:55:45.2,石川県西方沖,36°57.3′N,136°24.4′E,12 km,2.9,震度１
2025/05/27,21:23:49.6,青森県東方沖,41°33.8′N,142°06.4′E,54 km,4.2,震度２
2025/05/28,09:31:01.2,千葉県東方沖,35°48.6′N,140°53.9′E,12 km,3.3,震度１
2025/05/28,12:13:59.6,福島県会津,36°58.4′N,139°23.2′E,4 km,1.9,震度１
2025/05/28,15:49:12.6,福島県沖,37°01.1′N,140°59.4′E,92 km,3.6,震度１
2025/05/28,19:52:33.7,奄美大島近海,28°14.2′N,129°28.6′E,34 km,3.5,震度１
2025/05/29,03:27:17.8,福島県会津,37°01.5′N,139°22.8′E,8 km,2.0,震度１
2025/05/29,05:33:56.9,福島県会津,37°03.8′N,139°23.9′E,8 km,1.9,震度１
2025/05/29,06:15:19.1,福島県沖,37°04.7′N,141°11.4′E,50 km,3.7,震度１
2025/05/29,14:26:45.4,茨城県北部,36°29.0′N,140°31.4′E,58 km,3.2,震度１
2025/05/29,15:28:58.8,岐阜県飛騨地方,36°03.8′N,137°17.0′E,12 km,4.5,震度４
2025/05/29,16:21:54.4,岐阜県飛騨地方,36°03.6′N,137°17.2′E,12 km,3.7,震度２
2025/05/29,21:01:28.9,岐阜県飛騨地方,36°03.7′N,137°17.4′E,12 km,3.2,震度２
2025/05/29,21:16:05.5,岐阜県飛騨地方,36°03.7′N,137°17.4′E,12 km,3.1,震度１
2025/05/30,07:23:00.6,北海道東方沖,43°42.8′N,147°11.5′E,0 km,5.5,震度３
2025/05/31,01:47:19.9,宮城県沖,38°53.4′N,141°58.2′E,49 km,3.5,震度１
2025/05/31,04:22:05.0,青森県東方沖,41°34.8′N,142°06.2′E,54 km,3.8,震度１
2025/05/31,05:02:01.9,能登半島沖,37°06.2′N,136°36.8′E,9 km,3.0,震度３
2025/05/31,17:37:18.9,釧路沖,42°19.6′N,144°27.1′E,20 km,6.0,震度４
2025/05/31,17:43:58.9,釧路沖,42°19.8′N,144°29.5′E,20 km,4.1,震度１
2025/05/31,17:49:47.7,釧路沖,42°18.8′N,144°31.6′E,17 km,4.6,震度１
2025/05/31,17:56:37.6,釧路沖,42°20.0′N,144°27.9′E,20 km,4.1,震度１
2025/05/31,20:15:19.1,四国沖,33°30.5′N,134°51.7′E,35 km,3.8,震度２
2025/05/31,20:37:04.8,釧路沖,42°21.1′N,144°33.9′E,20 km,4.7,震度２
2025/05/31,21:29:01.4,釧路沖,42°19.0′N,144°27.9′E,17 km,4.7,震度１
2025/05/31,23:47:00.6,釧路沖,42°19.3′N,144°32.6′E,17 km,4.4,震度１
2025/06/01,01:56:36.2,宮城県沖,38°28.8′N,142°09.1′E,41 km,4.1,震度１
2025/06/01,06:47:48.7,兵庫県南東部,34°51.2′N,134°52.3′E,16 km,3.1,震度１
2025/06/01,08:07:16.1,青森県東方沖,40°44.5′N,142°08.5′E,54 km,3.0,震度１
2025/06/02,01:10:16.0,伊豆大島近海,34°48.5′N,139°12.7′E,10 km,2.2,震度１
2025/06/02,03:51:54.3,十勝沖,41°42.9′N,143°43.1′E,27 km,6.1,震度４
2025/06/02,04:08:34.2,十勝沖,41°45.3′N,143°39.3′E,28 km,4.6,震度２
2025/06/02,07:31:11.4,東京都多摩西部,35°48.4′N,139°06.3′E,9 km,2.7,震度１
2025/06/02,08:50:16.3,和歌山県南部,33°52.5′N,135°33.6′E,53 km,3.8,震度２
2025/06/02,09:56:35.4,茨城県北部,36°49.3′N,140°35.3′E,6 km,3.6,震度２
2025/06/02,11:31:18.1,宮城県沖,38°25.2′N,142°12.8′E,30 km,4.8,震度３
2025/06/02,12:16:37.5,茨城県南部,36°11.5′N,140°07.2′E,52 km,3.3,震度１
2025/06/02,15:46:07.9,福島県沖,37°51.0′N,141°44.4′E,62 km,4.5,震度２
2025/06/02,18:26:33.0,和歌山県南部,33°52.9′N,135°33.5′E,52 km,3.3,震度１
2025/06/03,04:46:56.1,茨城県南部,36°02.0′N,140°25.8′E,37 km,3.3,震度１
2025/06/03,05:00:09.6,岩手県内陸北部,39°51.2′N,140°59.5′E,4 km,3.1,震度２
2025/06/03,06:53:05.2,上川地方北部,44°23.2′N,142°24.4′E,0 km,2.2,震度１
2025/06/03,20:17:52.8,豊後水道,33°15.0′N,132°13.5′E,45 km,4.3,震度３
2025/06/03,22:18:27.0,十勝沖,41°44.8′N,143°37.6′E,33 km,5.2,震度３
2025/06/04,00:15:34.5,宮城県沖,38°01.3′N,141°51.4′E,56 km,4.1,震度１
2025/06/04,06:41:46.6,長野県南部,35°48.1′N,137°33.2′E,3 km,1.0,震度１
2025/06/05,04:55:19.3,釧路沖,42°21.6′N,144°33.9′E,21 km,4.5,震度２
2025/06/05,11:27:00.8,天草灘,32°20.5′N,129°45.2′E,14 km,3.4,震度１
2025/06/05,16:01:25.0,福島県沖,37°16.8′N,141°14.4′E,65 km,3.5,震度１
2025/06/05,19:02:47.5,沖縄本島近海,26°14.8′N,127°53.0′E,14 km,2.4,震度１
2025/06/05,23:51:25.6,福島県沖,37°45.7′N,141°43.2′E,63 km,4.6,震度３
2025/06/06,02:35:00.8,福島県会津,36°58.3′N,139°23.2′E,4 km,2.1,震度２
2025/06/06,03:00:36.5,沖縄本島近海,27°24.7′N,128°38.6′E,43 km,3.4,震度２
2025/06/06,04:17:55.4,有明海,32°47.7′N,130°32.5′E,11 km,2.6,震度１
2025/06/06,04:19:06.3,有明海,32°47.8′N,130°32.4′E,11 km,3.0,震度１
2025/06/06,13:48:01.4,石川県西方沖,37°06.2′N,136°25.8′E,10 km,4.3,震度２
2025/06/07,09:56:52.5,熊本県熊本地方,32°44.9′N,130°43.4′E,10 km,1.8,震度１
2025/06/07,12:40:31.7,安芸灘,33°55.8′N,132°29.0′E,46 km,3.0,震度１
2025/06/07,14:40:16.8,青森県東方沖,41°11.2′N,142°34.3′E,43 km,4.4,震度２
2025/06/07,22:51:41.9,浦河沖,41°52.6′N,143°02.6′E,38 km,3.3,震度１
2025/06/08,00:13:55.0,熊本県熊本地方,32°46.8′N,130°37.8′E,9 km,2.6,震度１
2025/06/08,01:16:32.9,長野県中部,36°11.1′N,137°40.1′E,6 km,2.8,震度１
2025/06/08,17:37:50.3,和歌山県北部,34°14.3′N,135°12.6′E,6 km,2.0,震度１
2025/06/08,18:58:01.9,茨城県北部,36°31.7′N,140°34.2′E,57 km,3.8,震度３
2025/06/09,03:18:41.7,福島県会津,36°57.7′N,139°22.9′E,4 km,1.6,震度１
2025/06/09,05:28:19.6,新島・神津島近海,34°30.9′N,139°12.9′E,11 km,2.8,震度２
2025/06/09,06:41:53.4,山口県北西沖,34°42.9′N,131°16.9′E,15 km,3.3,震度１
2025/06/09,08:15:16.6,千葉県北西部,35°39.4′N,140°12.1′E,68 km,3.1,震度１
2025/06/10,05:57:25.2,石川県能登地方,37°28.6′N,137°18.5′E,12 km,2.6,震度１
2025/06/10,12:56:04.5,石川県能登地方,37°20.4′N,136°59.4′E,12 km,2.6,震度１
2025/06/10,20:33:07.0,伊豆大島近海,34°33.0′N,139°25.2′E,14 km,3.2,震度１
2025/06/10,23:19:42.2,茨城県沖,36°13.8′N,140°59.8′E,40 km,3.4,震度１
2025/06/11,04:48:37.7,日向灘,32°01.3′N,132°06.9′E,20 km,3.7,震度２
2025/06/11,06:40:26.9,福井県嶺南,35°26.4′N,135°52.7′E,13 km,2.9,震度１
2025/06/11,14:44:25.4,石川県能登地方,37°30.8′N,137°17.8′E,9 km,2.6,震度１
2025/06/11,18:30:42.3,釧路沖,42°21.2′N,144°30.8′E,23 km,4.6,震度２
2025/06/11,19:44:42.9,茨城県沖,36°23.2′N,141°01.9′E,41 km,3.7,震度１
2025/06/11,20:00:28.1,台湾付近,23°22.6′N,121°35.2′E,38 km,6.0,震度２
2025/06/12,00:21:16.2,釧路沖,42°36.9′N,144°39.7′E,33 km,3.9,震度１
2025/06/12,06:46:45.4,熊本県熊本地方,32°45.7′N,130°42.2′E,11 km,2.7,震度２
2025/06/12,07:11:19.5,鹿児島県薩摩地方,31°48.6′N,130°17.4′E,8 km,3.0,震度２
2025/06/12,08:19:56.7,茨城県沖,36°25.9′N,140°42.1′E,52 km,3.3,震度１
2025/06/12,12:49:21.4,三重県南東沖,33°30.3′N,138°06.2′E,47 km,4.8,震度１
2025/06/13,03:02:25.3,岩手県沖,39°05.6′N,142°12.8′E,42 km,3.8,震度１
2025/06/13,07:00:09.7,熊本県天草・芦北地方,32°09.2′N,130°25.9′E,8 km,1.9,震度１
2025/06/13,15:18:29.3,千葉県北西部,35°40.0′N,140°04.2′E,75 km,4.2,震度２
2025/06/13,18:20:48.4,根室半島南東沖,43°23.8′N,146°12.1′E,90 km,3.8,震度１
2025/06/14,01:52:03.8,茨城県北部,36°47.0′N,140°33.5′E,7 km,3.0,震度１
2025/06/14,03:35:16.4,千島列島,45°36.1′N,153°04.6′E,30 km,6.2,震度１
2025/06/14,08:43:01.1,宮城県沖,38°32.4′N,141°44.0′E,52 km,3.6,震度１
2025/06/14,19:46:58.7,宮城県沖,38°27.5′N,142°08.5′E,41 km,5.0,震度２
2025/06/14,20:58:28.8,福井県嶺北,36°15.7′N,136°15.9′E,11 km,2.1,震度１
2025/06/16,11:23:21.7,茨城県北部,36°44.9′N,140°34.8′E,10 km,2.5,震度１
2025/06/16,11:42:01.0,宮城県沖,38°53.6′N,142°19.6′E,46 km,3.9,震度２
2025/06/16,18:56:57.8,十勝沖,42°26.6′N,144°08.9′E,60 km,3.8,震度１
2025/06/17,11:07:21.4,房総半島南方沖,34°30.3′N,140°18.8′E,105 km,4.0,震度１
2025/06/17,18:27:51.5,周防灘,33°55.6′N,131°46.6′E,13 km,3.0,震度１
2025/06/18,06:44:11.4,石川県能登地方,37°31.6′N,137°18.1′E,14 km,2.6,震度１
2025/06/18,08:27:41.6,福島県会津,36°58.4′N,139°23.5′E,4 km,1.9,震度１
2025/06/18,21:30:10.1,日向灘,32°04.8′N,131°55.8′E,25 km,4.7,震度２
2025/06/19,06:30:23.5,宮城県沖,38°51.8′N,141°39.8′E,66 km,3.1,震度１
2025/06/19,07:39:22.6,宮古島近海,24°54.3′N,125°25.2′E,28 km,3.8,震度１
2025/06/19,08:08:07.4,根室半島南東沖,42°54.7′N,146°30.7′E,25 km,6.0,震度４
2025/06/19,10:27:10.4,茨城県南部,36°05.9′N,139°59.3′E,46 km,3.2,震度１
2025/06/19,10:53:35.2,青森県東方沖,40°38.8′N,142°23.9′E,45 km,4.2,震度２
2025/06/19,11:35:25.3,根室半島南東沖,42°55.6′N,146°27.2′E,22 km,3.7,震度１
2025/06/19,16:37:03.8,三宅島近海,33°38.5′N,139°33.3′E,23 km,4.7,震度２
2025/06/19,17:45:59.8,奄美大島近海,28°13.4′N,129°29.3′E,33 km,4.0,震度２
2025/06/20,09:45:52.9,千葉県南東沖,34°46.4′N,140°31.9′E,57 km,4.2,震度１
2025/06/20,10:38:17.2,沖縄本島近海,26°25.6′N,126°50.9′E,14 km,2.6,震度１
2025/06/20,11:33:40.8,能登半島沖,37°31.7′N,137°12.2′E,14 km,3.3,震度１
2025/06/20,19:54:57.9,千葉県北西部,35°41.3′N,140°08.4′E,69 km,3.3,震度１
2025/06/21,01:37:15.4,根室半島南東沖,42°53.4′N,146°26.9′E,24 km,4.1,震度１
2025/06/21,05:32:41.4,伊予灘,33°31.8′N,132°09.5′E,50 km,3.1,震度１
2025/06/21,08:13:54.3,トカラ列島近海,29°18.1′N,129°22.9′E,20 km,2.5,震度１
2025/06/21,09:02:27.9,トカラ列島近海,29°18.6′N,129°22.1′E,21 km,3.2,震度２
2025/06/21,09:56:54.4,トカラ列島近海,29°18.4′N,129°22.5′E,20 km,3.4,震度１
2025/06/21,10:07:34.7,トカラ列島近海,29°17.7′N,129°22.8′E,19 km,2.6,震度１
2025/06/21,10:33:16.1,トカラ列島近海,29°18.2′N,129°22.9′E,20 km,3.4,震度１
2025/06/21,10:34:50.3,トカラ列島近海,29°18.2′N,129°22.1′E,19 km,2.6,震度１
2025/06/21,12:14:22.2,トカラ列島近海,29°18.2′N,129°22.5′E,18 km,2.4,震度１
2025/06/21,12:23:00.7,トカラ列島近海,29°18.3′N,129°22.4′E,19 km,2.8,震度１
2025/06/21,13:15:27.3,トカラ列島近海,29°18.6′N,129°22.0′E,21 km,3.1,震度１
2025/06/21,13:22:18.9,トカラ列島近海,29°18.9′N,129°21.2′E,21 km,2.8,震度１
2025/06/21,14:11:09.8,トカラ列島近海,29°18.5′N,129°22.2′E,21 km,2.8,震度１
2025/06/21,14:16:46.3,トカラ列島近海,29°18.0′N,129°22.9′E,20 km,2.5,震度１
2025/06/21,14:26:48.9,トカラ列島近海,29°17.7′N,129°24.0′E,16 km,2.4,震度１
2025/06/21,15:28:30.5,トカラ列島近海,29°18.0′N,129°23.8′E,17 km,2.8,震度１
2025/06/21,15:31:20.4,トカラ列島近海,29°18.3′N,129°22.9′E,19 km,2.8,震度１
2025/06/21,15:57:48.9,トカラ列島近海,29°18.1′N,129°23.0′E,20 km,2.8,震度１
2025/06/21,17:31:41.9,トカラ列島近海,29°17.3′N,129°24.8′E,16 km,2.7,震度１
2025/06/21,20:52:18.8,トカラ列島近海,29°17.6′N,129°22.3′E,17 km,2.6,震度１
2025/06/21,21:24:07.7,トカラ列島近海,29°17.7′N,129°22.3′E,19 km,2.3,震度１
2025/06/21,22:00:40.9,トカラ列島近海,29°18.0′N,129°22.9′E,19 km,2.8,震度１
2025/06/21,22:11:21.2,トカラ列島近海,29°18.2′N,129°23.5′E,17 km,2.8,震度１
2025/06/21,22:16:47.3,トカラ列島近海,29°17.4′N,129°24.8′E,16 km,2.8,震度１
2025/06/21,22:23:25.4,トカラ列島近海,29°19.1′N,129°22.8′E,20 km,2.8,震度２
2025/06/21,22:25:47.1,トカラ列島近海,29°17.5′N,129°28.5′E,13 km,2.5,震度１
2025/06/21,22:26:59.2,トカラ列島近海,29°18.8′N,129°22.4′E,16 km,2.5,震度１
2025/06/21,22:55:25.8,トカラ列島近海,29°18.5′N,129°24.5′E,17 km,2.2,震度１
2025/06/21,23:10:56.6,トカラ列島近海,29°17.4′N,129°24.7′E,17 km,4.3,震度３
2025/06/21,23:31:55.4,トカラ列島近海,29°17.2′N,129°24.6′E,20 km,4.1,震度３
2025/06/22,00:05:23.1,根室半島南東沖,42°53.5′N,146°37.2′E,22 km,5.0,震度２
2025/06/22,00:58:45.5,トカラ列島近海,29°18.3′N,129°23.4′E,18 km,2.7,震度１
2025/06/22,01:02:20.9,トカラ列島近海,29°19.5′N,129°17.0′E,27 km,2.5,震度１
2025/06/22,01:08:50.8,トカラ列島近海,29°18.5′N,129°22.5′E,16 km,2.8,震度１
2025/06/22,01:43:16.6,トカラ列島近海,29°18.7′N,129°22.2′E,19 km,2.9,震度１
2025/06/22,01:44:47.7,トカラ列島近海,29°17.4′N,129°27.4′E,8 km,2.6,震度１
2025/06/22,01:48:35.4,トカラ列島近海,29°16.4′N,129°25.6′E,11 km,3.1,震度２
2025/06/22,02:03:34.0,トカラ列島近海,29°18.4′N,129°20.4′E,21 km,2.4,震度１
2025/06/22,02:17:06.6,トカラ列島近海,29°18.5′N,129°22.3′E,17 km,2.6,震度１
2025/06/22,02:19:07.8,トカラ列島近海,29°18.8′N,129°22.2′E,21 km,3.6,震度２
2025/06/22,02:31:07.5,トカラ列島近海,29°18.1′N,129°24.4′E,17 km,3.4,震度２
2025/06/22,02:52:08.4,トカラ列島近海,29°19.1′N,129°22.8′E,20 km,4.5,震度３
2025/06/22,02:56:13.6,トカラ列島近海,29°18.4′N,129°21.7′E,21 km,2.8,震度１
2025/06/22,02:58:46.2,トカラ列島近海,29°19.3′N,129°23.5′E,18 km,2.9,震度２
2025/06/22,03:16:01.4,トカラ列島近海,29°16.0′N,129°21.8′E,17 km,2.9,震度１
2025/06/22,03:18:52.6,トカラ列島近海,29°17.9′N,129°23.1′E,16 km,2.8,震度１
2025/06/22,03:30:06.0,トカラ列島近海,29°16.8′N,129°26.1′E,12 km,2.6,震度１
2025/06/22,03:35:38.3,トカラ列島近海,29°18.5′N,129°14.8′E,24 km,2.9,震度１
2025/06/22,03:45:07.9,トカラ列島近海,29°15.5′N,129°19.9′E,17 km,3.0,震度１
2025/06/22,03:52:35.2,トカラ列島近海,29°16.2′N,129°20.5′E,16 km,3.0,震度１
2025/06/22,04:12:00.2,トカラ列島近海,29°17.1′N,129°24.0′E,15 km,3.0,震度１
2025/06/22,04:13:13.4,福島県沖,37°03.7′N,141°15.1′E,61 km,3.7,震度１
2025/06/22,04:13:15.2,トカラ列島近海,29°17.3′N,129°25.6′E,12 km,2.5,震度１
2025/06/22,04:18:34.5,トカラ列島近海,29°15.6′N,129°26.6′E,8 km,3.1,震度２
2025/06/22,04:21:06.8,トカラ列島近海,29°18.1′N,129°21.4′E,16 km,2.7,震度１
2025/06/22,04:31:28.3,トカラ列島近海,29°17.2′N,129°23.4′E,15 km,3.1,震度１
2025/06/22,04:37:07.2,トカラ列島近海,29°18.9′N,129°21.9′E,20 km,3.4,震度２
2025/06/22,04:38:05.0,トカラ列島近海,29°17.1′N,129°23.5′E,15 km,3.1,震度１
2025/06/22,04:57:47.8,トカラ列島近海,29°18.2′N,129°21.7′E,17 km,2.7,震度１
2025/06/22,05:08:53.9,トカラ列島近海,29°17.4′N,129°25.5′E,12 km,2.7,震度１
2025/06/22,05:24:36.0,トカラ列島近海,29°20.2′N,129°17.1′E,23 km,4.1,震度２
2025/06/22,05:25:40.8,トカラ列島近海,29°17.2′N,129°22.7′E,16 km,3.6,震度２
2025/06/22,05:31:51.7,伊豆大島近海,34°47.6′N,139°16.0′E,9 km,2.2,震度１
2025/06/22,05:32:57.6,トカラ列島近海,29°19.2′N,129°13.1′E,25 km,2.8,震度１
2025/06/22,05:37:48.3,鹿児島県薩摩地方,31°52.7′N,130°42.8′E,0 km,1.5,震度１
2025/06/22,05:39:57.2,伊豆大島近海,34°47.5′N,139°15.9′E,8 km,2.4,震度１
2025/06/22,05:45:13.2,トカラ列島近海,29°18.1′N,129°24.1′E,12 km,3.2,震度１
2025/06/22,05:48:58.0,トカラ列島近海,29°18.4′N,129°21.7′E,18 km,2.7,震度１
2025/06/22,05:53:15.0,トカラ列島近海,29°18.9′N,129°22.9′E,21 km,4.6,震度３
2025/06/22,06:04:07.5,トカラ列島近海,29°16.3′N,129°25.2′E,10 km,2.8,震度１
2025/06/22,06:11:39.2,トカラ列島近海,29°18.3′N,129°22.1′E,16 km,2.9,震度１
2025/06/22,06:23:19.8,根室半島南東沖,42°53.4′N,146°29.5′E,24 km,6.0,震度３
2025/06/22,06:25:42.6,根室半島南東沖,42°52.2′N,146°33.7′E,20 km,5.1,震度２
2025/06/22,06:28:03.1,トカラ列島近海,29°14.6′N,129°22.1′E,16 km,2.8,震度１
2025/06/22,06:30:59.3,トカラ列島近海,29°15.6′N,129°27.3′E,11 km,3.0,震度２
2025/06/22,06:35:55.8,トカラ列島近海,29°18.3′N,129°18.3′E,22 km,2.6,震度１
2025/06/22,06:39:59.9,トカラ列島近海,29°17.7′N,129°25.1′E,18 km,2.7,震度１
2025/06/22,06:53:46.6,根室半島南東沖,42°52.5′N,146°41.4′E,20 km,4.2,震度１
2025/06/22,07:23:16.5,トカラ列島近海,29°20.4′N,129°11.8′E,27 km,2.6,震度１
2025/06/22,07:27:25.2,トカラ列島近海,29°18.1′N,129°22.5′E,17 km,3.5,震度２
2025/06/22,08:34:47.9,トカラ列島近海,29°15.5′N,129°20.1′E,18 km,3.1,震度２
2025/06/22,09:15:42.0,トカラ列島近海,29°19.0′N,129°23.0′E,19 km,4.5,震度３
2025/06/22,09:18:49.4,トカラ列島近海,29°19.8′N,129°22.4′E,21 km,2.7,震度１
2025/06/22,09:44:23.9,トカラ列島近海,29°17.8′N,129°20.1′E,16 km,2.6,震度１
2025/06/22,09:58:42.8,トカラ列島近海,29°18.8′N,129°23.1′E,19 km,3.1,震度１
2025/06/22,10:04:27.5,トカラ列島近海,29°17.5′N,129°24.8′E,5 km,2.7,震度１
2025/06/22,10:18:12.5,トカラ列島近海,29°18.1′N,129°25.1′E,8 km,2.6,震度１
2025/06/22,10:25:41.5,トカラ列島近海,29°19.8′N,129°21.7′E,18 km,3.3,震度２
2025/06/22,10:32:04.8,トカラ列島近海,29°17.9′N,129°24.1′E,16 km,2.8,震度１
2025/06/22,10:35:07.4,トカラ列島近海,29°17.4′N,129°25.6′E,13 km,2.7,震度１
2025/06/22,10:37:18.9,トカラ列島近海,29°18.6′N,129°19.6′E,21 km,2.6,震度１
2025/06/22,11:06:12.3,トカラ列島近海,29°15.1′N,129°19.6′E,21 km,2.8,震度１
2025/06/22,11:11:09.4,根室半島南東沖,42°55.2′N,146°34.6′E,27 km,3.9,震度１
2025/06/22,11:19:14.1,トカラ列島近海,29°18.4′N,129°23.4′E,18 km,2.7,震度１
2025/06/22,11:35:57.4,トカラ列島近海,29°18.2′N,129°20.7′E,18 km,2.9,震度１
2025/06/22,11:39:59.3,トカラ列島近海,29°16.7′N,129°26.1′E,12 km,2.8,震度１
2025/06/22,11:55:22.5,トカラ列島近海,29°19.2′N,129°22.9′E,17 km,2.8,震度１
2025/06/22,11:58:30.5,トカラ列島近海,29°18.2′N,129°14.2′E,21 km,2.7,震度１
2025/06/22,12:10:10.1,トカラ列島近海,29°18.8′N,129°23.6′E,18 km,不明,震度１
2025/06/22,12:12:24.6,トカラ列島近海,29°19.0′N,129°22.9′E,19 km,4.5,震度４
2025/06/22,12:15:03.8,トカラ列島近海,29°13.9′N,129°24.5′E,19 km,3.1,震度２
2025/06/22,12:16:11.3,トカラ列島近海,29°18.6′N,129°21.9′E,17 km,3.2,震度１
2025/06/22,12:25:19.8,トカラ列島近海,29°17.5′N,129°25.8′E,13 km,3.0,震度１
2025/06/22,12:29:38.4,トカラ列島近海,29°17.0′N,129°24.9′E,15 km,2.8,震度１
2025/06/22,12:37:18.3,トカラ列島近海,29°18.8′N,129°20.3′E,20 km,4.4,震度３
2025/06/22,12:39:26.2,トカラ列島近海,29°15.6′N,129°26.8′E,1 km,不明,震度１
2025/06/22,12:40:00.4,トカラ列島近海,29°18.5′N,129°15.1′E,23 km,不明,震度１
2025/06/22,12:41:59.2,トカラ列島近海,29°19.0′N,129°22.3′E,20 km,3.1,震度２
2025/06/22,12:43:59.4,トカラ列島近海,29°18.5′N,129°17.6′E,23 km,3.7,震度３
2025/06/22,12:57:09.1,トカラ列島近海,29°19.4′N,129°22.0′E,18 km,3.0,震度２
2025/06/22,13:05:06.7,トカラ列島近海,29°18.7′N,129°23.1′E,19 km,2.9,震度２
2025/06/22,13:28:01.6,トカラ列島近海,29°18.3′N,129°23.4′E,14 km,2.4,震度１
2025/06/22,13:33:27.2,トカラ列島近海,29°17.2′N,129°24.8′E,12 km,2.9,震度１
2025/06/22,13:37:50.7,トカラ列島近海,29°19.8′N,129°20.7′E,18 km,4.0,震度２
2025/06/22,13:42:39.4,トカラ列島近海,29°18.2′N,129°22.8′E,18 km,2.9,震度１
2025/06/22,13:50:21.1,トカラ列島近海,29°18.0′N,129°13.2′E,23 km,3.5,震度２
2025/06/22,14:06:41.8,トカラ列島近海,29°18.8′N,129°21.4′E,18 km,3.0,震度２
2025/06/22,14:10:36.1,トカラ列島近海,29°18.0′N,129°22.4′E,17 km,2.9,震度２
2025/06/22,14:17:01.1,トカラ列島近海,29°20.5′N,129°20.2′E,21 km,3.3,震度２
2025/06/22,14:27:03.7,トカラ列島近海,29°17.6′N,129°23.0′E,19 km,4.2,震度２
2025/06/22,14:38:54.4,トカラ列島近海,29°18.9′N,129°16.1′E,23 km,2.9,震度１
2025/06/22,15:01:31.1,トカラ列島近海,29°18.5′N,129°21.8′E,17 km,2.5,震度１
2025/06/22,15:12:34.6,トカラ列島近海,29°19.4′N,129°20.7′E,20 km,2.6,震度１
2025/06/22,15:22:24.8,トカラ列島近海,29°20.7′N,129°18.2′E,27 km,2.4,震度１
2025/06/22,15:32:43.9,トカラ列島近海,29°20.1′N,129°16.5′E,24 km,2.9,震度１
2025/06/22,16:02:51.3,トカラ列島近海,29°18.5′N,129°24.9′E,18 km,3.0,震度１
2025/06/22,16:10:09.3,トカラ列島近海,29°18.0′N,129°21.2′E,19 km,3.3,震度２
2025/06/22,16:18:41.5,トカラ列島近海,29°19.2′N,129°22.3′E,19 km,2.5,震度１
2025/06/22,16:34:05.3,トカラ列島近海,29°18.6′N,129°20.4′E,19 km,2.9,震度２
2025/06/22,16:38:00.7,トカラ列島近海,29°18.3′N,129°20.9′E,20 km,2.3,震度１
2025/06/22,17:04:35.9,トカラ列島近海,29°17.4′N,129°20.6′E,20 km,2.9,震度１
2025/06/22,17:15:02.7,トカラ列島近海,29°21.3′N,129°17.0′E,24 km,5.1,震度４
2025/06/22,17:17:28.9,トカラ列島近海,29°19.2′N,129°18.5′E,15 km,3.8,震度２
2025/06/22,17:29:50.3,トカラ列島近海,29°19.3′N,129°12.8′E,24 km,4.1,震度２
2025/06/22,17:31:05.1,トカラ列島近海,29°17.0′N,129°20.0′E,17 km,3.4,震度２
2025/06/22,17:34:17.3,トカラ列島近海,29°16.7′N,129°19.6′E,21 km,2.9,震度１
2025/06/22,17:35:44.3,トカラ列島近海,29°16.5′N,129°24.3′E,12 km,3.2,震度２
2025/06/22,17:36:53.6,トカラ列島近海,29°16.6′N,129°22.7′E,13 km,2.4,震度１
2025/06/22,17:43:45.6,トカラ列島近海,29°16.5′N,129°20.1′E,14 km,3.2,震度１
2025/06/22,17:45:35.2,トカラ列島近海,29°16.2′N,129°19.9′E,13 km,3.7,震度２
2025/06/22,17:47:05.2,トカラ列島近海,29°15.5′N,129°19.8′E,20 km,2.7,震度１
2025/06/22,17:53:12.7,トカラ列島近海,29°19.7′N,129°18.1′E,22 km,2.5,震度１
2025/06/22,17:55:37.5,トカラ列島近海,29°17.5′N,129°19.3′E,12 km,3.1,震度１
2025/06/22,17:57:56.8,トカラ列島近海,29°19.7′N,129°18.3′E,21 km,3.8,震度２
2025/06/22,17:58:46.8,トカラ列島近海,29°16.6′N,129°22.0′E,15 km,3.7,震度３
2025/06/22,18:01:18.3,トカラ列島近海,29°14.3′N,129°24.3′E,16 km,3.0,震度１
2025/06/22,18:04:40.7,トカラ列島近海,29°21.8′N,129°24.0′E,26 km,2.4,震度１
2025/06/22,18:09:00.6,トカラ列島近海,29°18.0′N,129°20.8′E,19 km,2.4,震度１
2025/06/22,18:10:51.4,トカラ列島近海,29°18.3′N,129°19.5′E,8 km,3.0,震度２
2025/06/22,18:35:42.6,トカラ列島近海,29°16.3′N,129°25.0′E,13 km,2.3,震度１
2025/06/22,19:17:51.6,トカラ列島近海,29°17.8′N,129°24.2′E,15 km,2.6,震度１
2025/06/22,19:51:59.3,トカラ列島近海,29°20.2′N,129°20.9′E,17 km,3.5,震度２
2025/06/22,20:08:05.7,トカラ列島近海,29°19.8′N,129°11.4′E,14 km,4.1,震度３
2025/06/22,20:28:43.1,トカラ列島近海,29°16.7′N,129°23.4′E,14 km,2.5,震度１
2025/06/22,20:57:57.1,トカラ列島近海,29°15.5′N,129°09.4′E,11 km,1.7,震度１
2025/06/22,20:59:12.0,トカラ列島近海,29°13.8′N,129°10.2′E,12 km,2.2,震度１
2025/06/22,22:13:59.2,トカラ列島近海,29°16.0′N,129°19.2′E,19 km,3.3,震度２
2025/06/22,22:34:10.6,トカラ列島近海,29°19.0′N,129°22.5′E,20 km,3.1,震度２
2025/06/23,00:00:47.2,トカラ列島近海,29°19.0′N,129°23.0′E,19 km,4.0,震度２
2025/06/23,00:03:38.7,トカラ列島近海,29°18.7′N,129°23.1′E,19 km,2.7,震度１
2025/06/23,00:07:46.9,トカラ列島近海,29°18.6′N,129°23.9′E,18 km,3.3,震度２
2025/06/23,00:08:28.2,トカラ列島近海,29°20.1′N,129°15.7′E,27 km,2.9,震度１
2025/06/23,00:11:20.2,トカラ列島近海,29°17.6′N,129°20.7′E,24 km,2.7,震度２
2025/06/23,00:13:09.1,トカラ列島近海,29°18.5′N,129°23.5′E,19 km,2.7,震度１
2025/06/23,00:14:37.6,トカラ列島近海,29°21.1′N,129°22.0′E,18 km,2.4,震度１
2025/06/23,00:15:08.9,トカラ列島近海,29°18.3′N,129°26.1′E,12 km,3.6,震度４
2025/06/23,00:21:18.0,トカラ列島近海,29°18.1′N,129°24.4′E,17 km,2.5,震度１
2025/06/23,00:22:19.7,トカラ列島近海,29°17.3′N,129°25.3′E,17 km,3.7,震度２
2025/06/23,00:25:22.7,トカラ列島近海,29°19.2′N,129°24.8′E,19 km,2.6,震度１
2025/06/23,00:28:49.9,トカラ列島近海,29°19.8′N,129°19.5′E,19 km,2.4,震度１
2025/06/23,01:14:13.7,トカラ列島近海,29°18.6′N,129°22.7′E,20 km,2.9,震度１
2025/06/23,01:25:18.1,トカラ列島近海,29°18.7′N,129°24.2′E,18 km,2.3,震度１
2025/06/23,01:32:03.2,トカラ列島近海,29°18.6′N,129°24.0′E,19 km,3.0,震度１
2025/06/23,02:07:22.5,宮崎県南部平野部,31°40.1′N,131°19.2′E,51 km,3.5,震度１
2025/06/23,02:12:36.1,トカラ列島近海,29°19.4′N,129°22.4′E,23 km,2.4,震度１
2025/06/23,02:24:46.5,トカラ列島近海,29°18.7′N,129°25.6′E,16 km,2.9,震度１
2025/06/23,02:34:15.7,トカラ列島近海,29°19.2′N,129°23.3′E,19 km,3.9,震度２
2025/06/23,02:36:16.9,トカラ列島近海,29°17.3′N,129°26.3′E,10 km,3.4,震度２
2025/06/23,02:53:21.7,トカラ列島近海,29°18.9′N,129°23.4′E,19 km,3.1,震度２
2025/06/23,03:02:04.6,トカラ列島近海,29°19.7′N,129°23.6′E,20 km,2.8,震度１
2025/06/23,03:20:33.0,トカラ列島近海,29°18.1′N,129°24.4′E,18 km,3.0,震度２
2025/06/23,03:32:42.5,トカラ列島近海,29°17.2′N,129°23.7′E,20 km,4.4,震度３
2025/06/23,03:37:04.1,トカラ列島近海,29°20.0′N,129°20.2′E,18 km,2.6,震度１
2025/06/23,03:51:57.7,トカラ列島近海,29°18.4′N,129°23.6′E,18 km,2.8,震度１
2025/06/23,04:27:48.1,トカラ列島近海,29°17.2′N,129°28.7′E,18 km,3.0,震度１
2025/06/23,04:49:58.7,トカラ列島近海,29°18.2′N,129°24.6′E,14 km,3.2,震度１
2025/06/23,05:09:04.2,トカラ列島近海,29°18.7′N,129°24.7′E,15 km,2.9,震度２
2025/06/23,05:27:10.6,トカラ列島近海,29°17.8′N,129°21.8′E,18 km,3.0,震度１
2025/06/23,05:37:44.3,トカラ列島近海,29°17.6′N,129°24.0′E,16 km,2.6,震度１
2025/06/23,05:41:16.8,トカラ列島近海,29°18.3′N,129°23.5′E,17 km,3.8,震度２
2025/06/23,05:50:32.9,トカラ列島近海,29°17.7′N,129°24.7′E,15 km,2.6,震度１
2025/06/23,05:51:43.0,トカラ列島近海,29°17.1′N,129°23.2′E,15 km,2.9,震度１
2025/06/23,06:00:43.9,トカラ列島近海,29°18.4′N,129°20.7′E,20 km,2.7,震度１
2025/06/23,06:03:55.4,トカラ列島近海,29°18.0′N,129°24.6′E,13 km,2.8,震度１
2025/06/23,06:05:23.5,トカラ列島近海,29°19.4′N,129°21.8′E,20 km,2.8,震度１
2025/06/23,06:06:52.2,トカラ列島近海,29°18.6′N,129°23.5′E,16 km,3.6,震度３
2025/06/23,06:12:02.9,トカラ列島近海,29°17.4′N,129°25.9′E,12 km,3.2,震度２
2025/06/23,06:16:29.6,トカラ列島近海,29°17.5′N,129°23.6′E,14 km,2.4,震度１
2025/06/23,06:19:33.1,トカラ列島近海,29°17.9′N,129°25.2′E,10 km,3.0,震度１
2025/06/23,06:22:44.3,トカラ列島近海,29°18.0′N,129°24.6′E,15 km,4.3,震度３
2025/06/23,06:41:10.1,トカラ列島近海,29°18.4′N,129°24.4′E,15 km,3.0,震度１
2025/06/23,06:43:23.4,トカラ列島近海,29°17.4′N,129°26.2′E,16 km,3.0,震度２
2025/06/23,07:06:54.4,トカラ列島近海,29°18.8′N,129°20.2′E,19 km,3.4,震度２
2025/06/23,07:07:59.1,トカラ列島近海,29°19.3′N,129°19.0′E,23 km,3.0,震度２
2025/06/23,07:17:04.6,トカラ列島近海,29°18.1′N,129°25.5′E,14 km,2.8,震度１
2025/06/23,08:05:48.4,トカラ列島近海,29°18.5′N,129°24.3′E,19 km,3.4,震度２
2025/06/23,09:00:53.3,トカラ列島近海,29°19.4′N,129°19.7′E,19 km,2.8,震度１
2025/06/23,09:06:38.9,トカラ列島近海,29°18.7′N,129°23.5′E,18 km,4.0,震度２
2025/06/23,09:10:37.9,トカラ列島近海,29°18.9′N,129°25.9′E,12 km,2.8,震度１
2025/06/23,09:44:31.1,トカラ列島近海,29°18.0′N,129°22.3′E,17 km,2.8,震度１
2025/06/23,09:46:46.6,トカラ列島近海,29°17.3′N,129°26.1′E,14 km,2.8,震度１
2025/06/23,10:05:31.3,トカラ列島近海,29°16.9′N,129°25.0′E,4 km,3.0,震度１
2025/06/23,10:13:18.0,トカラ列島近海,29°17.0′N,129°20.0′E,20 km,4.5,震度３
2025/06/23,10:16:11.0,トカラ列島近海,29°18.7′N,129°21.8′E,15 km,3.7,震度２
2025/06/23,10:17:27.2,トカラ列島近海,29°16.0′N,129°20.1′E,20 km,2.8,震度１
2025/06/23,10:23:50.1,トカラ列島近海,29°18.8′N,129°20.6′E,20 km,3.1,震度２
2025/06/23,10:30:13.5,トカラ列島近海,29°18.2′N,129°24.0′E,19 km,2.5,震度１
2025/06/23,10:32:37.7,トカラ列島近海,29°22.1′N,129°20.0′E,18 km,2.1,震度１
2025/06/23,10:34:24.1,トカラ列島近海,29°18.9′N,129°19.8′E,19 km,2.8,震度１
2025/06/23,10:57:54.8,トカラ列島近海,29°18.2′N,129°19.7′E,21 km,2.5,震度１
2025/06/23,11:07:01.3,トカラ列島近海,29°18.5′N,129°23.3′E,17 km,3.5,震度２
2025/06/23,11:07:47.0,トカラ列島近海,29°18.5′N,129°23.8′E,12 km,4.0,震度２
2025/06/23,11:08:47.0,トカラ列島近海,29°18.2′N,129°22.0′E,16 km,3.3,震度２
2025/06/23,11:10:31.9,トカラ列島近海,29°19.0′N,129°24.5′E,20 km,3.4,震度３
2025/06/23,11:14:37.7,トカラ列島近海,29°15.4′N,129°25.5′E,15 km,2.5,震度１
2025/06/23,11:18:12.9,トカラ列島近海,29°19.2′N,129°20.8′E,19 km,3.0,震度１
2025/06/23,11:20:22.3,トカラ列島近海,29°18.8′N,129°21.0′E,21 km,3.1,震度１
2025/06/23,11:23:43.6,トカラ列島近海,29°19.0′N,129°19.7′E,17 km,2.6,震度１
2025/06/23,11:28:00.6,トカラ列島近海,29°17.3′N,129°23.2′E,15 km,2.5,震度１
2025/06/23,11:32:18.7,トカラ列島近海,29°18.6′N,129°23.0′E,18 km,3.1,震度２
2025/06/23,11:34:38.8,トカラ列島近海,29°18.9′N,129°22.5′E,18 km,2.5,震度１
2025/06/23,11:37:43.0,トカラ列島近海,29°18.6′N,129°21.8′E,19 km,2.7,震度１
2025/06/23,11:41:56.0,トカラ列島近海,29°18.3′N,129°24.1′E,18 km,2.8,震度１
2025/06/23,11:45:08.5,トカラ列島近海,29°12.0′N,129°09.5′E,14 km,2.5,震度２
2025/06/23,11:46:26.7,トカラ列島近海,29°13.2′N,129°11.9′E,11 km,2.6,震度２
2025/06/23,11:46:51.0,トカラ列島近海,29°19.1′N,129°18.9′E,11 km,3.3,震度２
2025/06/23,11:48:49.5,トカラ列島近海,29°18.2′N,129°21.2′E,18 km,2.5,震度２
2025/06/23,11:51:03.0,トカラ列島近海,29°18.4′N,129°21.0′E,19 km,2.7,震度１
2025/06/23,11:56:54.4,トカラ列島近海,29°14.1′N,129°08.9′E,13 km,2.7,震度１
2025/06/23,11:59:21.2,トカラ列島近海,29°16.0′N,129°05.5′E,7 km,2.7,震度１
2025/06/23,12:03:28.3,トカラ列島近海,29°19.1′N,129°22.5′E,19 km,2.8,震度１
2025/06/23,12:04:53.7,トカラ列島近海,29°13.9′N,129°08.6′E,14 km,3.1,震度２
2025/06/23,12:09:35.7,トカラ列島近海,29°13.2′N,129°14.5′E,10 km,不明,震度１
2025/06/23,12:12:09.2,トカラ列島近海,29°08.2′N,129°17.8′E,15 km,不明,震度１
2025/06/23,12:14:37.2,トカラ列島近海,29°13.3′N,129°12.0′E,13 km,2.5,震度３
2025/06/23,12:19:39.8,トカラ列島近海,29°15.1′N,129°26.5′E,2 km,2.9,震度１
2025/06/23,12:30:19.4,トカラ列島近海,29°18.0′N,129°18.5′E,21 km,2.8,震度１
2025/06/23,12:30:59.6,トカラ列島近海,29°18.7′N,129°27.3′E,4 km,不明,震度１
2025/06/23,12:32:59.5,トカラ列島近海,29°17.9′N,129°21.0′E,17 km,3.8,震度２
2025/06/23,12:36:42.1,トカラ列島近海,29°16.7′N,129°24.1′E,11 km,2.7,震度１
2025/06/23,12:45:09.3,トカラ列島近海,29°17.8′N,129°24.5′E,11 km,2.7,震度１
2025/06/23,12:48:14.5,トカラ列島近海,29°19.1′N,129°26.0′E,16 km,2.6,震度１
2025/06/23,13:01:40.6,トカラ列島近海,29°17.3′N,129°23.2′E,13 km,2.7,震度１
2025/06/23,13:19:23.2,トカラ列島近海,29°22.7′N,129°07.9′E,28 km,2.6,震度１
2025/06/23,13:24:26.4,トカラ列島近海,29°17.7′N,129°22.5′E,23 km,3.5,震度２
2025/06/23,13:25:32.2,トカラ列島近海,29°16.6′N,129°24.6′E,8 km,不明,震度１
2025/06/23,13:45:54.3,トカラ列島近海,29°19.3′N,129°21.8′E,20 km,3.5,震度２
2025/06/23,13:54:43.1,トカラ列島近海,29°17.7′N,129°23.8′E,11 km,2.6,震度１
2025/06/23,13:58:41.5,トカラ列島近海,29°15.2′N,129°26.2′E,7 km,2.6,震度１
2025/06/23,13:59:58.9,トカラ列島近海,29°19.0′N,129°14.9′E,24 km,2.9,震度１
2025/06/23,14:02:06.8,トカラ列島近海,29°19.6′N,129°11.5′E,26 km,2.7,震度１
2025/06/23,14:05:44.9,トカラ列島近海,29°19.1′N,129°22.6′E,19 km,2.8,震度１
2025/06/23,14:15:07.7,トカラ列島近海,29°21.3′N,129°08.5′E,27 km,2.8,震度１
2025/06/23,14:16:53.8,トカラ列島近海,29°18.5′N,129°20.5′E,19 km,2.9,震度１
2025/06/23,14:26:32.2,トカラ列島近海,29°17.7′N,129°24.2′E,14 km,2.6,震度１
2025/06/23,14:31:54.2,トカラ列島近海,29°19.8′N,129°13.1′E,27 km,2.8,震度１
2025/06/23,14:32:43.7,トカラ列島近海,29°16.7′N,129°24.8′E,0 km,2.9,震度１
2025/06/23,14:36:08.4,トカラ列島近海,29°18.5′N,129°17.9′E,20 km,3.2,震度１
2025/06/23,14:44:03.2,トカラ列島近海,29°18.5′N,129°18.7′E,20 km,2.9,震度２
2025/06/23,15:25:34.0,トカラ列島近海,29°18.5′N,129°17.1′E,22 km,2.9,震度１
2025/06/23,15:32:07.8,トカラ列島近海,29°19.5′N,129°18.6′E,18 km,2.4,震度１
2025/06/23,15:37:40.6,トカラ列島近海,29°15.8′N,129°15.7′E,23 km,2.7,震度１
2025/06/23,15:42:12.1,トカラ列島近海,29°18.5′N,129°19.1′E,19 km,2.9,震度２
2025/06/23,15:43:06.3,トカラ列島近海,29°16.1′N,129°20.5′E,16 km,3.0,震度１
2025/06/23,15:49:57.9,トカラ列島近海,29°18.1′N,129°20.9′E,19 km,2.9,震度１
2025/06/23,16:00:34.5,トカラ列島近海,29°18.6′N,129°17.3′E,21 km,3.0,震度１
2025/06/23,16:06:45.8,トカラ列島近海,29°17.7′N,129°21.1′E,16 km,2.7,震度１
2025/06/23,16:16:21.1,トカラ列島近海,29°21.3′N,129°14.6′E,18 km,2.8,震度１
2025/06/23,16:19:02.3,トカラ列島近海,29°17.6′N,129°22.5′E,15 km,3.6,震度２
2025/06/23,16:20:11.5,トカラ列島近海,29°16.2′N,129°14.9′E,25 km,不明,震度１
2025/06/23,16:26:41.2,トカラ列島近海,29°19.1′N,129°22.0′E,20 km,3.1,震度１
2025/06/23,16:36:33.8,トカラ列島近海,29°18.7′N,129°17.5′E,20 km,3.1,震度１
2025/06/23,16:40:23.1,トカラ列島近海,29°20.3′N,129°10.6′E,25 km,2.8,震度１
2025/06/23,16:41:32.9,トカラ列島近海,29°18.4′N,129°16.3′E,21 km,2.5,震度１
2025/06/23,16:46:17.4,トカラ列島近海,29°15.9′N,129°19.3′E,20 km,4.7,震度３
2025/06/23,16:48:15.0,トカラ列島近海,29°18.8′N,129°17.6′E,16 km,2.9,震度１
2025/06/23,16:50:58.3,トカラ列島近海,29°16.8′N,129°21.0′E,13 km,3.6,震度２
2025/06/23,16:56:31.6,トカラ列島近海,29°18.0′N,129°18.6′E,17 km,3.1,震度１
2025/06/23,17:02:18.8,トカラ列島近海,29°18.4′N,129°21.7′E,14 km,2.8,震度１
2025/06/23,17:02:32.3,トカラ列島近海,29°13.3′N,129°20.4′E,9 km,2.5,震度１
2025/06/23,17:09:58.8,トカラ列島近海,29°12.9′N,129°14.4′E,13 km,2.1,震度１
2025/06/23,17:11:10.2,トカラ列島近海,29°16.6′N,129°24.5′E,10 km,2.6,震度１
2025/06/23,17:12:02.2,トカラ列島近海,29°18.1′N,129°20.7′E,16 km,3.3,震度２
2025/06/23,17:28:00.8,トカラ列島近海,29°17.4′N,129°20.0′E,17 km,不明,震度１
2025/06/23,17:45:10.8,トカラ列島近海,29°12.0′N,129°16.2′E,14 km,3.3,震度２
2025/06/23,17:47:45.5,トカラ列島近海,29°16.1′N,129°26.2′E,3 km,2.5,震度１
2025/06/23,17:48:27.1,トカラ列島近海,29°12.1′N,129°14.2′E,15 km,3.3,震度２
2025/06/23,17:50:24.8,トカラ列島近海,29°11.8′N,129°15.4′E,11 km,2.4,震度１
2025/06/23,17:52:20.5,トカラ列島近海,29°19.0′N,129°26.6′E,15 km,2.7,震度２
2025/06/23,18:11:10.8,トカラ列島近海,29°18.1′N,129°20.1′E,18 km,3.0,震度１
2025/06/23,18:15:01.0,トカラ列島近海,29°17.6′N,129°21.0′E,18 km,2.6,震度１
2025/06/23,18:33:09.2,トカラ列島近海,29°18.2′N,129°20.5′E,6 km,不明,震度１
2025/06/23,18:34:52.7,トカラ列島近海,29°13.7′N,129°08.1′E,10 km,不明,震度１
2025/06/23,18:36:00.5,トカラ列島近海,29°18.3′N,129°21.3′E,19 km,2.8,震度１
2025/06/23,18:40:48.0,浦河沖,41°55.1′N,142°19.6′E,68 km,3.8,震度１
2025/06/23,19:09:34.2,トカラ列島近海,29°13.5′N,129°07.2′E,10 km,1.9,震度１
2025/06/23,19:14:40.3,トカラ列島近海,29°18.1′N,129°21.7′E,18 km,3.4,震度２
2025/06/23,19:37:05.3,トカラ列島近海,29°18.3′N,129°24.5′E,16 km,2.7,震度１
2025/06/23,20:05:39.4,トカラ列島近海,29°16.1′N,129°24.3′E,15 km,2.5,震度１
2025/06/23,20:13:26.0,トカラ列島近海,29°18.2′N,129°25.9′E,17 km,3.2,震度２
2025/06/23,20:19:42.6,トカラ列島近海,29°18.5′N,129°25.9′E,18 km,2.6,震度１
2025/06/23,20:33:01.7,トカラ列島近海,29°16.4′N,129°23.3′E,11 km,2.6,震度１
2025/06/23,20:50:10.9,トカラ列島近海,29°19.9′N,129°21.8′E,24 km,2.3,震度１
2025/06/23,21:05:34.9,トカラ列島近海,29°12.9′N,129°09.3′E,19 km,2.8,震度１
2025/06/23,21:09:29.2,トカラ列島近海,29°13.0′N,129°13.5′E,20 km,2.7,震度１
2025/06/23,21:40:58.8,トカラ列島近海,29°18.4′N,129°19.4′E,19 km,2.7,震度１
2025/06/23,22:03:42.0,トカラ列島近海,29°18.1′N,129°20.1′E,19 km,3.2,震度２
2025/06/23,22:10:45.2,トカラ列島近海,29°18.5′N,129°23.6′E,16 km,3.0,震度２
2025/06/23,22:20:12.8,トカラ列島近海,29°17.9′N,129°18.9′E,18 km,2.6,震度１
2025/06/23,22:23:15.9,トカラ列島近海,29°17.7′N,129°21.1′E,25 km,2.9,震度２
2025/06/23,22:28:12.3,トカラ列島近海,29°16.8′N,129°23.1′E,20 km,2.3,震度１
2025/06/23,22:30:59.5,トカラ列島近海,29°19.2′N,129°26.3′E,14 km,2.5,震度１
2025/06/23,22:35:54.1,トカラ列島近海,29°18.6′N,129°18.9′E,18 km,3.0,震度１
2025/06/23,22:39:47.0,トカラ列島近海,29°18.6′N,129°19.5′E,19 km,3.1,震度１
2025/06/23,22:40:48.6,トカラ列島近海,29°19.7′N,129°23.3′E,20 km,4.0,震度３
2025/06/23,22:45:22.4,トカラ列島近海,29°18.2′N,129°18.9′E,20 km,3.5,震度２
2025/06/23,22:52:44.8,トカラ列島近海,29°19.4′N,129°24.6′E,20 km,3.2,震度２
2025/06/23,23:05:54.0,トカラ列島近海,29°18.5′N,129°18.8′E,19 km,3.1,震度１
2025/06/23,23:07:30.1,トカラ列島近海,29°18.4′N,129°19.2′E,18 km,2.6,震度１
2025/06/23,23:11:13.3,トカラ列島近海,29°18.0′N,129°20.7′E,16 km,2.7,震度１
2025/06/23,23:17:53.3,トカラ列島近海,29°18.8′N,129°21.4′E,18 km,3.8,震度３
2025/06/23,23:20:05.9,トカラ列島近海,29°17.6′N,129°20.2′E,17 km,2.7,震度１
2025/06/23,23:20:37.6,トカラ列島近海,29°19.1′N,129°21.1′E,14 km,3.4,震度２
2025/06/23,23:25:39.4,トカラ列島近海,29°16.6′N,129°21.1′E,12 km,3.0,震度１
2025/06/23,23:27:39.6,トカラ列島近海,29°18.7′N,129°25.7′E,16 km,2.7,震度１
2025/06/23,23:36:19.1,トカラ列島近海,29°19.5′N,129°24.0′E,21 km,5.0,震度４
2025/06/23,23:46:55.7,トカラ列島近海,29°18.3′N,129°21.5′E,16 km,3.9,震度３
2025/06/23,23:47:51.8,トカラ列島近海,29°20.1′N,129°22.2′E,22 km,不明,震度２
2025/06/23,23:52:00.0,トカラ列島近海,29°18.9′N,129°27.5′E,14 km,2.5,震度１
2025/06/23,23:53:31.3,トカラ列島近海,29°19.1′N,129°20.3′E,17 km,2.7,震度１
2025/06/23,23:54:36.4,トカラ列島近海,29°18.2′N,129°20.4′E,17 km,2.7,震度１
2025/06/23,23:58:37.8,トカラ列島近海,29°19.4′N,129°26.3′E,16 km,2.3,震度１
2025/06/23,23:59:07.2,トカラ列島近海,29°17.2′N,129°28.8′E,9 km,1.8,震度１
2025/06/24,00:02:40.4,トカラ列島近海,29°13.5′N,129°12.5′E,13 km,2.7,震度１
2025/06/24,00:03:36.7,トカラ列島近海,29°16.2′N,129°07.6′E,11 km,2.7,震度２
2025/06/24,00:08:19.7,トカラ列島近海,29°20.0′N,129°24.6′E,20 km,4.1,震度３
2025/06/24,01:40:49.0,トカラ列島近海,29°19.1′N,129°19.6′E,22 km,2.6,震度１
2025/06/24,02:02:24.6,トカラ列島近海,29°18.5′N,129°20.2′E,19 km,3.0,震度２
2025/06/24,02:12:54.6,トカラ列島近海,29°18.5′N,129°21.4′E,19 km,2.8,震度１
2025/06/24,02:21:01.1,トカラ列島近海,29°21.1′N,129°19.5′E,14 km,3.3,震度２
2025/06/24,02:23:28.8,トカラ列島近海,29°17.4′N,129°23.0′E,9 km,4.9,震度４
2025/06/24,02:29:51.2,トカラ列島近海,29°18.9′N,129°24.5′E,16 km,2.5,震度１
2025/06/24,02:38:20.4,トカラ列島近海,29°18.5′N,129°19.9′E,18 km,3.1,震度２
2025/06/24,02:55:12.3,釧路沖,42°17.1′N,144°29.1′E,12 km,4.9,震度２
2025/06/24,05:32:26.1,トカラ列島近海,29°18.5′N,129°22.5′E,13 km,2.8,震度１
2025/06/24,05:44:36.4,岐阜県飛騨地方,36°17.4′N,137°06.2′E,4 km,2.2,震度１
2025/06/24,06:05:43.6,トカラ列島近海,29°19.5′N,129°24.2′E,15 km,2.2,震度１
2025/06/24,06:26:42.8,トカラ列島近海,29°18.0′N,129°22.1′E,15 km,2.4,震度１
2025/06/24,06:37:30.3,トカラ列島近海,29°18.5′N,129°20.7′E,20 km,3.0,震度１
2025/06/24,06:39:11.0,トカラ列島近海,29°17.9′N,129°21.5′E,18 km,3.1,震度２
2025/06/24,06:47:00.2,トカラ列島近海,29°17.5′N,129°22.7′E,16 km,3.3,震度２
2025/06/24,06:56:30.0,トカラ列島近海,29°19.2′N,129°15.0′E,24 km,3.4,震度２
2025/06/24,07:02:45.3,トカラ列島近海,29°17.9′N,129°17.7′E,22 km,2.8,震度２
2025/06/24,07:09:43.1,トカラ列島近海,29°14.7′N,129°27.5′E,13 km,2.6,震度１
2025/06/24,07:14:49.6,トカラ列島近海,29°16.4′N,129°23.5′E,15 km,2.4,震度１
2025/06/24,07:52:08.0,トカラ列島近海,29°15.8′N,129°25.4′E,12 km,2.3,震度１
2025/06/24,08:08:39.6,トカラ列島近海,29°19.1′N,129°13.8′E,24 km,3.2,震度１
2025/06/24,08:10:24.0,トカラ列島近海,29°15.2′N,129°26.6′E,8 km,2.3,震度１
2025/06/24,08:40:36.3,トカラ列島近海,29°18.4′N,129°17.5′E,19 km,3.6,震度２
2025/06/24,10:33:09.0,トカラ列島近海,29°17.8′N,129°20.4′E,18 km,2.5,震度１
2025/06/24,11:14:29.4,トカラ列島近海,29°19.8′N,129°22.2′E,21 km,3.2,震度１
2025/06/24,11:41:11.1,トカラ列島近海,29°17.5′N,129°22.1′E,16 km,2.8,震度１
2025/06/24,12:42:38.0,トカラ列島近海,29°18.8′N,129°19.6′E,20 km,3.4,震度２
2025/06/24,12:49:02.4,トカラ列島近海,29°18.8′N,129°21.2′E,18 km,3.2,震度２
2025/06/24,13:10:30.4,群馬県南部,36°36.6′N,139°27.9′E,8 km,2.6,震度１
2025/06/24,13:11:14.8,トカラ列島近海,29°19.2′N,129°21.0′E,17 km,2.7,震度１
2025/06/24,13:12:05.9,トカラ列島近海,29°22.8′N,129°19.2′E,24 km,2.4,震度１
2025/06/24,13:41:18.6,トカラ列島近海,29°18.9′N,129°21.0′E,15 km,2.6,震度１
2025/06/24,13:51:00.7,トカラ列島近海,29°18.7′N,129°21.6′E,18 km,3.3,震度２
2025/06/24,16:04:14.1,トカラ列島近海,29°18.8′N,129°22.7′E,18 km,5.1,震度４
2025/06/24,16:05:17.1,トカラ列島近海,29°17.6′N,129°20.4′E,19 km,不明,震度１
2025/06/24,16:06:16.0,トカラ列島近海,29°16.7′N,129°18.8′E,21 km,不明,震度１
2025/06/24,16:07:54.0,トカラ列島近海,29°18.5′N,129°20.5′E,20 km,3.1,震度１
2025/06/24,16:15:45.8,トカラ列島近海,29°18.1′N,129°25.9′E,14 km,3.0,震度１
2025/06/24,16:53:12.5,トカラ列島近海,29°17.0′N,129°24.1′E,16 km,2.6,震度１
2025/06/24,16:54:09.1,トカラ列島近海,29°17.2′N,129°17.4′E,19 km,3.9,震度２
2025/06/24,17:01:36.4,トカラ列島近海,29°17.4′N,129°18.8′E,19 km,3.1,震度２
2025/06/24,17:05:23.6,トカラ列島近海,29°17.2′N,129°19.1′E,19 km,2.7,震度１
2025/06/24,17:11:06.6,トカラ列島近海,29°19.2′N,129°18.1′E,18 km,2.6,震度１
2025/06/24,17:44:26.0,トカラ列島近海,29°19.0′N,129°25.5′E,15 km,2.5,震度１
2025/06/24,17:49:48.0,トカラ列島近海,29°18.4′N,129°22.9′E,20 km,3.1,震度２
2025/06/24,18:03:21.4,トカラ列島近海,29°17.1′N,129°17.1′E,0 km,不明,震度１
2025/06/24,18:33:15.3,トカラ列島近海,29°17.3′N,129°23.4′E,17 km,2.6,震度１
2025/06/24,18:35:44.0,トカラ列島近海,29°17.9′N,129°20.6′E,20 km,3.1,震度１
2025/06/24,18:44:03.9,トカラ列島近海,29°17.1′N,129°23.8′E,16 km,2.3,震度１
2025/06/24,19:12:10.4,トカラ列島近海,29°17.8′N,129°21.3′E,20 km,2.8,震度１
2025/06/24,19:27:35.9,トカラ列島近海,29°17.1′N,129°15.4′E,7 km,2.3,震度１
2025/06/24,19:58:20.3,トカラ列島近海,29°17.6′N,129°25.3′E,12 km,2.8,震度１
2025/06/24,20:02:33.2,トカラ列島近海,29°16.6′N,129°13.8′E,6 km,1.7,震度１
2025/06/24,20:18:17.4,トカラ列島近海,29°15.2′N,129°11.6′E,12 km,2.3,震度２
2025/06/24,20:49:51.0,トカラ列島近海,29°18.4′N,129°21.3′E,18 km,3.1,震度２
2025/06/24,21:11:09.1,トカラ列島近海,29°18.9′N,129°20.3′E,17 km,2.8,震度１
2025/06/24,21:13:52.7,トカラ列島近海,29°18.6′N,129°20.6′E,18 km,2.6,震度１
2025/06/24,21:30:46.4,トカラ列島近海,29°19.2′N,129°20.5′E,19 km,2.7,震度１
2025/06/24,21:32:26.9,トカラ列島近海,29°19.1′N,129°18.5′E,19 km,2.7,震度１
2025/06/24,21:38:18.3,トカラ列島近海,29°18.7′N,129°15.6′E,18 km,2.7,震度１
2025/06/24,21:39:55.3,トカラ列島近海,29°19.1′N,129°18.2′E,19 km,3.2,震度２
2025/06/24,22:03:34.0,トカラ列島近海,29°18.4′N,129°22.0′E,17 km,3.4,震度２
2025/06/24,22:15:04.8,トカラ列島近海,29°18.0′N,129°21.6′E,16 km,2.5,震度１
2025/06/24,22:29:22.2,トカラ列島近海,29°20.9′N,129°22.6′E,25 km,2.6,震度１
2025/06/24,22:30:34.7,トカラ列島近海,29°19.0′N,129°26.6′E,16 km,2.3,震度１
2025/06/24,23:43:44.2,トカラ列島近海,29°19.3′N,129°14.0′E,12 km,2.0,震度１
2025/06/24,23:44:39.0,トカラ列島近海,29°11.8′N,129°17.3′E,9 km,2.6,震度１
2025/06/24,23:45:58.8,トカラ列島近海,29°13.6′N,129°15.1′E,9 km,2.2,震度１
2025/06/25,00:11:22.1,トカラ列島近海,29°19.2′N,129°20.6′E,20 km,3.6,震度２
2025/06/25,00:26:07.6,トカラ列島近海,29°16.8′N,129°10.5′E,16 km,2.0,震度１
2025/06/25,00:40:53.6,トカラ列島近海,29°19.0′N,129°21.1′E,17 km,3.3,震度２
2025/06/25,01:06:38.0,トカラ列島近海,29°18.0′N,129°20.5′E,19 km,3.3,震度１
2025/06/25,01:08:24.0,トカラ列島近海,29°17.0′N,129°15.7′E,23 km,2.8,震度１
2025/06/25,01:34:09.4,トカラ列島近海,29°18.4′N,129°23.5′E,20 km,3.1,震度２
2025/06/25,01:58:20.6,トカラ列島近海,29°17.6′N,129°25.1′E,15 km,2.7,震度１
2025/06/25,02:30:57.2,トカラ列島近海,29°18.3′N,129°20.3′E,18 km,2.8,震度１
2025/06/25,03:40:30.0,トカラ列島近海,29°17.7′N,129°25.0′E,14 km,3.3,震度２
2025/06/25,03:59:42.1,トカラ列島近海,29°17.1′N,129°20.8′E,21 km,2.5,震度１
2025/06/25,04:04:43.1,トカラ列島近海,29°18.6′N,129°24.1′E,19 km,2.9,震度１
2025/06/25,04:29:25.2,トカラ列島近海,29°18.1′N,129°23.9′E,17 km,2.6,震度１
2025/06/25,05:05:49.0,トカラ列島近海,29°18.6′N,129°21.4′E,16 km,3.2,震度２
2025/06/25,05:49:46.6,トカラ列島近海,29°19.2′N,129°23.1′E,20 km,3.3,震度２
2025/06/25,06:36:33.2,トカラ列島近海,29°19.5′N,129°22.1′E,19 km,2.4,震度１
2025/06/25,06:48:47.7,トカラ列島近海,29°16.5′N,129°25.6′E,9 km,2.3,震度１
2025/06/25,07:04:25.2,トカラ列島近海,29°16.7′N,129°23.8′E,14 km,2.4,震度１
2025/06/25,07:09:21.6,トカラ列島近海,29°17.7′N,129°21.9′E,18 km,2.6,震度１
2025/06/25,07:21:30.8,トカラ列島近海,29°21.2′N,129°28.6′E,13 km,2.5,震度１
2025/06/25,08:03:50.2,トカラ列島近海,29°22.2′N,129°27.5′E,17 km,3.0,震度２
2025/06/25,08:28:24.5,トカラ列島近海,29°24.4′N,129°25.8′E,20 km,3.1,震度２
2025/06/25,11:05:28.4,福島県会津,36°58.7′N,139°23.3′E,5 km,2.7,震度２
2025/06/25,11:16:38.7,トカラ列島近海,29°17.4′N,129°25.7′E,13 km,2.7,震度１
2025/06/25,12:00:27.3,トカラ列島近海,29°17.2′N,129°28.8′E,7 km,2.2,震度１
2025/06/25,12:19:08.7,トカラ列島近海,29°17.9′N,129°26.8′E,8 km,2.8,震度２
2025/06/25,12:30:59.5,トカラ列島近海,29°17.9′N,129°25.1′E,16 km,2.9,震度１
2025/06/25,12:36:33.7,トカラ列島近海,29°17.5′N,129°24.7′E,16 km,2.8,震度１
2025/06/25,12:39:33.6,トカラ列島近海,29°18.9′N,129°19.5′E,23 km,3.1,震度１
2025/06/25,12:50:16.8,トカラ列島近海,29°18.9′N,129°21.9′E,20 km,2.8,震度１
2025/06/25,12:54:32.0,トカラ列島近海,29°14.5′N,129°29.0′E,6 km,2.6,震度１
2025/06/25,12:55:38.8,トカラ列島近海,29°16.2′N,129°24.9′E,13 km,2.6,震度１
2025/06/25,13:03:09.9,トカラ列島近海,29°18.7′N,129°22.3′E,20 km,3.2,震度２
2025/06/25,13:09:39.3,トカラ列島近海,29°18.1′N,129°23.4′E,18 km,2.4,震度１
2025/06/25,13:14:11.0,トカラ列島近海,29°18.7′N,129°22.1′E,21 km,3.5,震度２
2025/06/25,13:15:45.2,トカラ列島近海,29°20.5′N,129°17.1′E,24 km,2.5,震度１
2025/06/25,13:18:31.8,トカラ列島近海,29°15.5′N,129°12.0′E,10 km,2.1,震度１
2025/06/25,13:33:22.5,トカラ列島近海,29°18.4′N,129°20.7′E,21 km,2.7,震度１
2025/06/25,13:37:51.2,トカラ列島近海,29°17.4′N,129°23.9′E,17 km,2.7,震度１
2025/06/25,13:40:28.1,トカラ列島近海,29°17.3′N,129°22.7′E,21 km,2.5,震度１
2025/06/25,13:44:07.0,トカラ列島近海,29°17.9′N,129°24.8′E,16 km,3.1,震度２
2025/06/25,13:50:28.6,トカラ列島近海,29°17.8′N,129°24.6′E,17 km,2.7,震度１
2025/06/25,13:51:27.4,茨城県沖,36°26.0′N,140°38.7′E,54 km,4.2,震度４
2025/06/25,13:56:19.6,トカラ列島近海,29°18.0′N,129°22.3′E,21 km,2.6,震度１
2025/06/25,14:00:30.3,トカラ列島近海,29°18.0′N,129°23.6′E,20 km,2.5,震度１
2025/06/25,14:09:51.5,トカラ列島近海,29°19.1′N,129°22.2′E,18 km,2.4,震度１
2025/06/25,14:11:07.5,トカラ列島近海,29°18.0′N,129°24.7′E,17 km,3.1,震度１
2025/06/25,14:16:31.7,トカラ列島近海,29°18.9′N,129°23.9′E,18 km,3.0,震度２
2025/06/25,14:47:25.1,トカラ列島近海,29°18.6′N,129°23.7′E,21 km,4.4,震度３
2025/06/25,14:55:59.1,トカラ列島近海,29°17.0′N,129°26.5′E,14 km,2.4,震度１
2025/06/25,14:59:48.2,トカラ列島近海,29°18.3′N,129°24.1′E,20 km,3.6,震度２
2025/06/25,15:04:06.3,トカラ列島近海,29°17.9′N,129°25.0′E,19 km,2.8,震度１
2025/06/25,15:11:52.9,トカラ列島近海,29°18.6′N,129°23.9′E,17 km,3.0,震度２
2025/06/25,15:22:19.2,トカラ列島近海,29°19.0′N,129°23.3′E,18 km,2.9,震度１
2025/06/25,17:31:52.4,トカラ列島近海,29°17.4′N,129°23.9′E,24 km,2.7,震度１
2025/06/25,17:42:36.3,トカラ列島近海,29°19.5′N,129°25.8′E,17 km,2.7,震度１
2025/06/25,18:13:09.6,トカラ列島近海,29°17.4′N,129°25.3′E,22 km,3.0,震度１
2025/06/25,19:26:19.9,トカラ列島近海,29°21.7′N,129°28.4′E,15 km,2.5,震度１
2025/06/25,19:35:35.7,トカラ列島近海,29°13.7′N,129°08.4′E,13 km,3.3,震度３
2025/06/25,19:37:00.9,トカラ列島近海,29°15.0′N,129°06.7′E,12 km,3.0,震度３
2025/06/25,19:38:38.4,トカラ列島近海,29°14.7′N,129°06.3′E,10 km,不明,震度１
2025/06/25,19:39:13.0,トカラ列島近海,29°13.1′N,129°09.8′E,14 km,3.8,震度３
2025/06/25,19:43:12.1,トカラ列島近海,29°14.3′N,129°12.6′E,15 km,不明,震度１
2025/06/25,19:51:03.3,トカラ列島近海,29°14.1′N,129°11.4′E,10 km,1.7,震度１
2025/06/25,19:52:08.7,トカラ列島近海,29°14.2′N,129°10.7′E,11 km,2.1,震度１
2025/06/25,19:53:22.4,トカラ列島近海,29°15.7′N,129°10.5′E,11 km,2.3,震度１
2025/06/25,20:14:43.3,トカラ列島近海,29°20.2′N,129°24.9′E,20 km,2.5,震度１
2025/06/25,20:34:02.1,トカラ列島近海,29°18.4′N,129°23.6′E,22 km,3.8,震度２
2025/06/25,20:57:50.3,トカラ列島近海,29°13.6′N,129°14.6′E,11 km,1.7,震度１
2025/06/25,23:09:02.0,トカラ列島近海,29°18.6′N,129°22.0′E,21 km,2.8,震度１
2025/06/25,23:17:29.3,トカラ列島近海,29°17.9′N,129°23.4′E,20 km,3.0,震度１
2025/06/25,23:19:00.7,トカラ列島近海,29°17.8′N,129°23.7′E,18 km,2.7,震度１
2025/06/26,02:21:10.1,トカラ列島近海,29°17.0′N,129°08.2′E,11 km,3.2,震度２
2025/06/26,02:22:15.8,トカラ列島近海,29°23.2′N,129°26.1′E,23 km,不明,震度１
2025/06/26,04:19:15.2,トカラ列島近海,29°17.1′N,129°20.2′E,17 km,3.1,震度１
2025/06/26,05:59:59.9,トカラ列島近海,29°16.3′N,129°10.1′E,10 km,2.4,震度１
2025/06/26,06:13:20.9,トカラ列島近海,29°15.5′N,129°08.4′E,9 km,2.9,震度１
2025/06/26,06:23:24.5,トカラ列島近海,29°14.2′N,129°09.4′E,10 km,3.2,震度１
2025/06/26,06:27:46.8,トカラ列島近海,29°14.8′N,129°09.9′E,7 km,3.1,震度２
2025/06/26,06:28:45.4,トカラ列島近海,29°15.2′N,129°08.0′E,7 km,2.9,震度２
2025/06/26,07:05:52.7,トカラ列島近海,29°18.5′N,129°20.8′E,20 km,2.9,震度２
2025/06/26,07:20:40.8,トカラ列島近海,29°18.4′N,129°18.8′E,19 km,2.6,震度１
2025/06/26,08:37:51.1,トカラ列島近海,29°17.5′N,129°25.3′E,23 km,3.2,震度２
2025/06/26,09:10:47.2,トカラ列島近海,29°19.1′N,129°26.1′E,19 km,3.3,震度２
2025/06/26,10:42:44.6,山梨県中・西部,35°53.0′N,138°42.2′E,5 km,2.6,震度１
2025/06/26,10:48:53.6,トカラ列島近海,29°17.4′N,129°21.0′E,16 km,3.8,震度２
2025/06/26,14:18:05.1,トカラ列島近海,29°19.0′N,129°24.9′E,16 km,2.8,震度１
2025/06/26,19:58:16.2,トカラ列島近海,29°18.1′N,129°24.9′E,19 km,2.7,震度１
2025/06/27,02:32:32.9,トカラ列島近海,29°14.7′N,129°17.9′E,16 km,2.4,震度１
2025/06/27,06:07:17.3,トカラ列島近海,29°16.7′N,129°28.5′E,15 km,2.9,震度２
2025/06/27,06:30:09.0,トカラ列島近海,29°17.2′N,129°27.3′E,12 km,2.7,震度１
2025/06/27,08:00:47.8,トカラ列島近海,29°16.8′N,129°21.4′E,18 km,2.4,震度１
2025/06/27,08:15:36.9,トカラ列島近海,29°17.3′N,129°25.5′E,22 km,2.7,震度１
2025/06/27,08:56:00.4,茨城県北部,36°27.6′N,140°34.4′E,56 km,4.3,震度３
2025/06/27,09:04:14.4,トカラ列島近海,29°14.0′N,129°09.6′E,14 km,3.2,震度１
2025/06/27,11:31:11.7,トカラ列島近海,29°18.8′N,129°27.1′E,12 km,2.8,震度１
2025/06/27,12:38:33.7,トカラ列島近海,29°18.1′N,129°25.0′E,20 km,2.9,震度１
2025/06/27,13:04:46.9,秋田県内陸南部,39°28.7′N,140°25.6′E,10 km,2.4,震度１
2025/06/27,13:17:05.3,トカラ列島近海,29°20.2′N,129°23.0′E,20 km,4.8,震度３
2025/06/27,13:19:58.7,トカラ列島近海,29°21.4′N,129°15.1′E,28 km,不明,震度１
2025/06/27,13:59:27.4,トカラ列島近海,29°19.3′N,129°11.4′E,22 km,2.5,震度１
2025/06/27,15:00:12.4,トカラ列島近海,29°17.5′N,129°28.5′E,11 km,2.3,震度１
2025/06/27,18:44:43.0,釧路沖,42°53.7′N,145°32.0′E,38 km,4.2,震度２
2025/06/27,19:47:25.9,トカラ列島近海,29°16.5′N,129°11.1′E,13 km,2.9,震度１
2025/06/27,19:58:14.1,トカラ列島近海,29°18.8′N,129°25.1′E,14 km,2.6,震度１
2025/06/27,20:25:54.4,群馬県北部,36°41.4′N,139°18.6′E,7 km,3.2,震度２
2025/06/27,22:16:13.4,トカラ列島近海,29°18.0′N,129°18.5′E,20 km,2.6,震度１
2025/06/27,22:52:52.4,トカラ列島近海,29°17.3′N,129°25.7′E,22 km,3.9,震度２
2025/06/28,02:01:05.1,トカラ列島近海,29°18.7′N,129°25.1′E,21 km,2.7,震度１
2025/06/28,02:38:51.8,トカラ列島近海,29°18.8′N,129°25.4′E,20 km,2.6,震度１
2025/06/28,06:57:25.0,石川県能登地方,37°14.0′N,136°45.2′E,10 km,3.4,震度１
2025/06/28,08:55:49.3,トカラ列島近海,29°17.9′N,129°24.9′E,18 km,2.8,震度１
2025/06/28,09:01:30.5,トカラ列島近海,29°18.4′N,129°25.1′E,15 km,2.5,震度１
2025/06/28,09:04:57.1,トカラ列島近海,29°18.4′N,129°24.9′E,15 km,2.6,震度１
2025/06/28,09:07:37.3,トカラ列島近海,29°18.7′N,129°24.4′E,19 km,2.9,震度１
2025/06/28,09:15:14.9,トカラ列島近海,29°18.3′N,129°24.7′E,19 km,4.3,震度３
2025/06/28,09:22:48.8,トカラ列島近海,29°18.2′N,129°22.8′E,17 km,2.6,震度１
2025/06/28,09:28:58.2,トカラ列島近海,29°18.0′N,129°23.8′E,17 km,2.5,震度１
2025/06/28,09:31:18.1,トカラ列島近海,29°18.4′N,129°23.9′E,17 km,2.6,震度１
2025/06/28,09:43:31.0,トカラ列島近海,29°18.2′N,129°25.3′E,16 km,2.7,震度１
2025/06/28,09:53:00.0,トカラ列島近海,29°17.9′N,129°25.5′E,16 km,2.8,震度１
2025/06/28,09:55:31.1,トカラ列島近海,29°16.6′N,129°25.5′E,14 km,2.8,震度１
2025/06/28,10:18:15.1,トカラ列島近海,29°18.8′N,129°24.0′E,20 km,2.9,震度１
2025/06/28,10:20:10.7,トカラ列島近海,29°18.2′N,129°24.6′E,18 km,3.0,震度２
2025/06/28,10:31:05.8,トカラ列島近海,29°17.7′N,129°25.7′E,15 km,2.8,震度１
2025/06/28,10:47:39.8,トカラ列島近海,29°17.8′N,129°24.8′E,15 km,3.0,震度１
2025/06/28,11:12:50.3,トカラ列島近海,29°19.0′N,129°24.1′E,23 km,4.4,震度３
2025/06/28,11:43:06.2,トカラ列島近海,29°16.5′N,129°27.6′E,7 km,2.6,震度１
2025/06/28,11:51:01.3,トカラ列島近海,29°21.3′N,129°20.2′E,23 km,2.3,震度１
2025/06/28,11:54:10.5,トカラ列島近海,29°18.6′N,129°23.3′E,19 km,2.6,震度１
2025/06/28,13:00:51.3,トカラ列島近海,29°18.8′N,129°23.1′E,21 km,3.4,震度１
2025/06/28,13:52:08.5,トカラ列島近海,29°18.7′N,129°24.3′E,20 km,3.3,震度２
2025/06/28,13:54:35.5,トカラ列島近海,29°19.2′N,129°24.0′E,21 km,4.3,震度２
2025/06/28,14:27:24.9,トカラ列島近海,29°19.9′N,129°32.8′E,14 km,2.8,震度１
2025/06/28,14:45:32.3,トカラ列島近海,29°19.5′N,129°21.4′E,22 km,2.7,震度１
2025/06/28,15:11:47.7,愛知県西部,35°19.3′N,136°48.2′E,43 km,3.1,震度１
2025/06/28,15:11:50.5,トカラ列島近海,29°17.1′N,129°25.4′E,13 km,2.9,震度１
2025/06/28,16:43:39.6,新島・神津島近海,34°21.2′N,139°13.9′E,6 km,1.8,震度１
2025/06/28,18:42:59.8,トカラ列島近海,29°18.2′N,129°26.1′E,17 km,2.6,震度１
2025/06/28,18:51:09.4,トカラ列島近海,29°18.2′N,129°24.3′E,16 km,2.9,震度１
2025/06/28,18:58:48.9,トカラ列島近海,29°17.6′N,129°24.9′E,19 km,3.1,震度２
2025/06/28,19:09:31.4,トカラ列島近海,29°17.9′N,129°23.8′E,17 km,2.8,震度１
2025/06/28,19:22:57.6,トカラ列島近海,29°19.0′N,129°22.5′E,21 km,2.4,震度１
2025/06/28,22:13:37.4,トカラ列島近海,29°16.0′N,129°29.4′E,10 km,2.4,震度１
2025/06/28,23:31:09.5,トカラ列島近海,29°18.4′N,129°25.6′E,18 km,2.8,震度１
2025/06/29,00:41:20.1,トカラ列島近海,29°19.7′N,129°24.1′E,20 km,2.3,震度２
2025/06/29,04:13:39.4,トカラ列島近海,29°18.4′N,129°24.1′E,19 km,2.7,震度１
2025/06/29,05:46:25.9,トカラ列島近海,29°17.4′N,129°22.4′E,16 km,2.3,震度１
2025/06/29,06:48:01.8,トカラ列島近海,29°18.5′N,129°23.9′E,18 km,3.1,震度２
2025/06/29,08:15:18.8,根室半島南東沖,42°44.4′N,146°41.6′E,24 km,4.5,震度１
2025/06/29,08:25:19.4,岐阜県飛騨地方,36°17.4′N,137°06.0′E,4 km,2.4,震度１
2025/06/29,09:25:36.4,トカラ列島近海,29°18.3′N,129°24.9′E,19 km,2.4,震度１
2025/06/29,09:38:07.1,トカラ列島近海,29°19.4′N,129°24.3′E,16 km,2.5,震度１
2025/06/29,09:46:00.1,トカラ列島近海,29°18.7′N,129°21.0′E,18 km,3.1,震度２
2025/06/29,09:59:40.5,島根県東部,35°20.8′N,133°16.4′E,10 km,4.1,震度３
2025/06/29,10:02:20.4,トカラ列島近海,29°18.3′N,129°25.2′E,19 km,2.6,震度１
2025/06/29,10:07:36.4,トカラ列島近海,29°18.4′N,129°24.8′E,20 km,3.1,震度２
2025/06/29,10:10:31.3,トカラ列島近海,29°18.4′N,129°24.7′E,20 km,3.1,震度２
2025/06/29,10:12:17.6,トカラ列島近海,29°17.7′N,129°27.3′E,12 km,3.5,震度２
2025/06/29,10:13:58.1,トカラ列島近海,29°18.9′N,129°24.6′E,22 km,4.8,震度３
2025/06/29,10:15:25.3,トカラ列島近海,29°19.8′N,129°24.1′E,20 km,5.4,震度４
2025/06/29,10:18:29.0,トカラ列島近海,29°22.8′N,129°24.4′E,25 km,3.9,震度３
2025/06/29,10:19:54.9,トカラ列島近海,29°20.1′N,129°21.1′E,26 km,3.5,震度２
2025/06/29,10:22:41.9,トカラ列島近海,29°15.1′N,129°24.3′E,15 km,2.4,震度１
2025/06/29,10:28:57.6,トカラ列島近海,29°20.5′N,129°22.6′E,26 km,3.9,震度３
2025/06/29,10:33:53.4,トカラ列島近海,29°20.0′N,129°20.2′E,26 km,2.7,震度１
2025/06/29,10:43:20.2,トカラ列島近海,29°19.5′N,129°25.9′E,16 km,2.2,震度１
2025/06/29,10:48:25.0,トカラ列島近海,29°19.2′N,129°24.2′E,20 km,3.2,震度１
2025/06/29,11:29:27.6,トカラ列島近海,29°17.5′N,129°27.8′E,19 km,3.0,震度１
2025/06/29,11:32:00.3,トカラ列島近海,29°20.9′N,129°26.2′E,11 km,2.6,震度１
2025/06/29,11:36:21.7,トカラ列島近海,29°20.0′N,129°24.9′E,23 km,4.5,震度３
2025/06/29,11:45:38.3,トカラ列島近海,29°19.6′N,129°24.1′E,17 km,2.3,震度１
2025/06/29,11:55:25.2,トカラ列島近海,29°18.0′N,129°26.8′E,20 km,2.5,震度１
2025/06/29,11:58:56.6,トカラ列島近海,29°19.0′N,129°26.5′E,22 km,2.7,震度１
2025/06/29,12:18:07.1,トカラ列島近海,29°19.4′N,129°25.9′E,22 km,3.1,震度２
2025/06/29,12:30:19.2,トカラ列島近海,29°19.0′N,129°25.0′E,20 km,2.5,震度１
2025/06/29,12:35:42.2,トカラ列島近海,29°20.6′N,129°23.2′E,24 km,2.4,震度１
2025/06/29,12:40:46.7,トカラ列島近海,29°15.9′N,129°13.2′E,11 km,2.7,震度２
2025/06/29,12:42:31.5,トカラ列島近海,29°12.2′N,129°20.3′E,27 km,2.6,震度１
2025/06/29,12:45:28.4,トカラ列島近海,29°20.9′N,129°22.0′E,24 km,3.1,震度２
2025/06/29,12:48:39.8,トカラ列島近海,29°15.0′N,129°12.2′E,12 km,2.5,震度１
2025/06/29,12:51:44.2,トカラ列島近海,29°21.4′N,129°22.6′E,23 km,2.5,震度１
2025/06/29,12:58:17.1,トカラ列島近海,29°20.0′N,129°24.3′E,24 km,3.0,震度２
2025/06/29,13:00:47.8,トカラ列島近海,29°18.2′N,129°27.9′E,15 km,2.4,震度１
2025/06/29,13:03:00.2,トカラ列島近海,29°18.1′N,129°22.8′E,21 km,2.5,震度１
2025/06/29,13:13:50.4,トカラ列島近海,29°18.9′N,129°26.7′E,19 km,2.6,震度１
2025/06/29,13:14:19.2,島根県東部,35°21.0′N,133°16.3′E,9 km,2.5,震度１
2025/06/29,13:17:42.8,トカラ列島近海,29°19.0′N,129°25.8′E,20 km,2.5,震度１
2025/06/29,13:19:57.7,トカラ列島近海,29°19.1′N,129°26.7′E,22 km,2.7,震度２
2025/06/29,13:30:40.1,トカラ列島近海,29°19.6′N,129°25.1′E,24 km,3.7,震度３
2025/06/29,13:31:19.6,トカラ列島近海,29°13.3′N,129°22.4′E,19 km,3.5,震度１
2025/06/29,13:33:15.9,トカラ列島近海,29°21.2′N,129°20.1′E,26 km,2.5,震度１
2025/06/29,13:37:44.6,群馬県北部,36°41.5′N,139°18.6′E,6 km,2.4,震度１
2025/06/29,13:45:23.3,トカラ列島近海,29°23.0′N,129°21.8′E,22 km,2.7,震度１
2025/06/29,13:49:05.0,トカラ列島近海,29°19.3′N,129°25.3′E,23 km,3.0,震度２
2025/06/29,13:59:41.2,トカラ列島近海,29°18.8′N,129°24.9′E,22 km,2.8,震度２
2025/06/29,14:00:49.7,トカラ列島近海,29°20.5′N,129°22.7′E,25 km,3.0,震度２
2025/06/29,14:10:56.2,トカラ列島近海,29°20.2′N,129°25.9′E,18 km,2.7,震度２
2025/06/29,14:35:47.2,トカラ列島近海,29°18.8′N,129°27.8′E,18 km,2.3,震度１
2025/06/29,14:38:28.7,トカラ列島近海,29°19.5′N,129°22.8′E,18 km,2.3,震度１
2025/06/29,14:42:04.1,トカラ列島近海,29°19.5′N,129°25.2′E,22 km,3.4,震度２
2025/06/29,14:44:18.5,トカラ列島近海,29°17.5′N,129°28.3′E,16 km,2.4,震度１
2025/06/29,14:46:04.2,トカラ列島近海,29°17.3′N,129°30.0′E,13 km,2.4,震度１
2025/06/29,14:47:09.8,トカラ列島近海,29°19.4′N,129°26.1′E,22 km,3.2,震度２
2025/06/29,14:48:20.6,トカラ列島近海,29°19.8′N,129°19.3′E,28 km,2.4,震度１
2025/06/29,14:49:15.3,トカラ列島近海,29°14.0′N,129°23.8′E,20 km,2.7,震度１
2025/06/29,14:51:24.4,トカラ列島近海,29°18.2′N,129°26.7′E,21 km,2.5,震度１
2025/06/29,14:52:50.3,トカラ列島近海,29°19.3′N,129°26.7′E,20 km,3.9,震度３
2025/06/29,14:56:12.0,トカラ列島近海,29°19.1′N,129°19.6′E,25 km,2.7,震度１
2025/06/29,15:05:21.8,トカラ列島近海,29°19.2′N,129°27.4′E,14 km,3.2,震度２
2025/06/29,15:08:26.6,トカラ列島近海,29°19.4′N,129°26.8′E,19 km,2.6,震度１
2025/06/29,15:12:13.0,トカラ列島近海,29°19.3′N,129°26.2′E,21 km,3.7,震度３
2025/06/29,15:15:43.9,トカラ列島近海,29°17.8′N,129°28.3′E,18 km,2.6,震度１
2025/06/29,15:19:22.8,トカラ列島近海,29°18.3′N,129°27.7′E,17 km,2.3,震度１
2025/06/29,15:23:25.3,トカラ列島近海,29°15.0′N,129°24.1′E,19 km,2.3,震度１
2025/06/29,15:30:52.5,トカラ列島近海,29°18.5′N,129°28.9′E,14 km,2.7,震度１
2025/06/29,15:49:08.7,トカラ列島近海,29°18.3′N,129°28.1′E,15 km,2.7,震度１
2025/06/29,15:53:25.1,トカラ列島近海,29°19.4′N,129°24.6′E,23 km,2.9,震度２
2025/06/29,15:55:40.4,トカラ列島近海,29°17.8′N,129°29.2′E,17 km,2.5,震度１
2025/06/29,15:57:06.7,トカラ列島近海,29°19.8′N,129°24.9′E,23 km,3.2,震度２
2025/06/29,16:11:57.6,トカラ列島近海,29°19.1′N,129°28.3′E,17 km,5.3,震度４
2025/06/29,16:32:51.5,トカラ列島近海,29°19.6′N,129°23.1′E,19 km,4.2,震度２
2025/06/29,16:56:00.1,トカラ列島近海,29°19.1′N,129°27.3′E,20 km,4.1,震度４
2025/06/29,17:57:58.0,トカラ列島近海,29°22.2′N,129°22.1′E,25 km,3.0,震度１
2025/06/29,18:00:54.6,トカラ列島近海,29°21.0′N,129°24.1′E,25 km,3.1,震度１
2025/06/29,18:03:57.6,トカラ列島近海,29°20.1′N,129°26.7′E,21 km,2.2,震度１
2025/06/29,18:06:00.8,トカラ列島近海,29°18.8′N,129°24.8′E,14 km,2.8,震度２
2025/06/29,18:07:17.1,トカラ列島近海,29°17.1′N,129°19.7′E,20 km,3.5,震度２
2025/06/29,18:22:18.9,トカラ列島近海,29°19.9′N,129°26.5′E,22 km,3.4,震度２
2025/06/29,18:27:48.7,トカラ列島近海,29°19.4′N,129°27.9′E,18 km,2.9,震度２
2025/06/29,19:20:08.6,トカラ列島近海,29°19.3′N,129°26.5′E,20 km,2.4,震度１
2025/06/29,19:39:08.5,トカラ列島近海,29°19.0′N,129°26.3′E,22 km,3.8,震度３
2025/06/29,19:58:49.3,トカラ列島近海,29°20.3′N,129°24.4′E,26 km,2.4,震度１
2025/06/29,20:04:46.8,トカラ列島近海,29°19.2′N,129°25.3′E,25 km,2.2,震度１
2025/06/29,20:09:33.5,トカラ列島近海,29°20.1′N,129°26.9′E,25 km,2.9,震度２
2025/06/29,20:14:25.0,トカラ列島近海,29°18.1′N,129°31.5′E,12 km,2.5,震度１
2025/06/29,20:16:32.8,トカラ列島近海,29°20.1′N,129°26.5′E,22 km,3.9,震度３
2025/06/29,20:26:56.4,根室地方北部,43°30.1′N,144°47.3′E,129 km,3.8,震度１
2025/06/29,20:31:06.5,トカラ列島近海,29°19.6′N,129°26.9′E,23 km,2.8,震度１
2025/06/29,20:46:37.2,トカラ列島近海,29°17.3′N,129°29.1′E,18 km,2.3,震度１
2025/06/29,21:30:23.4,トカラ列島近海,29°18.8′N,129°28.3′E,17 km,2.7,震度１
2025/06/29,21:37:09.6,トカラ列島近海,29°19.0′N,129°28.4′E,20 km,2.5,震度１
2025/06/29,22:34:41.4,茨城県南部,36°06.9′N,139°59.2′E,48 km,3.1,震度１
2025/06/29,22:36:51.2,トカラ列島近海,29°20.1′N,129°26.0′E,23 km,4.2,震度３
2025/06/29,22:44:09.7,トカラ列島近海,29°22.4′N,129°15.6′E,29 km,3.1,震度２
2025/06/29,22:45:39.6,トカラ列島近海,29°19.2′N,129°18.0′E,23 km,3.1,震度１
2025/06/29,22:46:34.3,トカラ列島近海,29°16.1′N,129°25.0′E,21 km,2.3,震度１
2025/06/29,22:48:18.8,トカラ列島近海,29°17.1′N,129°26.8′E,18 km,3.3,震度２
2025/06/29,22:49:56.0,トカラ列島近海,29°21.0′N,129°20.5′E,29 km,不明,震度１
2025/06/29,22:56:45.3,トカラ列島近海,29°18.2′N,129°22.4′E,24 km,2.6,震度１
2025/06/29,23:00:51.8,トカラ列島近海,29°19.5′N,129°26.8′E,20 km,3.2,震度３
2025/06/29,23:03:38.3,トカラ列島近海,29°18.5′N,129°30.0′E,14 km,2.2,震度１
2025/06/29,23:37:06.7,トカラ列島近海,29°19.6′N,129°28.5′E,21 km,2.8,震度１
2025/06/29,23:38:00.1,トカラ列島近海,29°16.1′N,129°29.5′E,17 km,2.9,震度１
2025/06/29,23:45:32.0,トカラ列島近海,29°19.1′N,129°27.9′E,19 km,2.4,震度１
2025/06/30,00:03:32.6,岐阜県飛騨地方,36°17.5′N,137°06.0′E,4 km,2.3,震度１
2025/06/30,00:29:04.0,トカラ列島近海,29°17.6′N,129°30.6′E,8 km,2.7,震度１
2025/06/30,00:31:54.5,トカラ列島近海,29°19.4′N,129°27.6′E,20 km,3.8,震度３
2025/06/30,01:11:04.6,トカラ列島近海,29°20.2′N,129°27.8′E,22 km,3.0,震度２
2025/06/30,01:39:21.7,トカラ列島近海,29°19.1′N,129°28.1′E,21 km,2.4,震度１
2025/06/30,02:54:58.2,トカラ列島近海,29°19.1′N,129°25.2′E,19 km,2.5,震度１
2025/06/30,02:58:53.0,トカラ列島近海,29°19.7′N,129°24.8′E,21 km,4.1,震度３
2025/06/30,03:05:42.5,トカラ列島近海,29°19.5′N,129°26.2′E,23 km,2.8,震度１
2025/06/30,03:09:04.4,トカラ列島近海,29°18.4′N,129°27.7′E,17 km,2.8,震度１
2025/06/30,04:01:19.4,トカラ列島近海,29°19.2′N,129°25.6′E,18 km,2.7,震度１
2025/06/30,07:02:16.4,トカラ列島近海,29°19.1′N,129°28.0′E,19 km,2.5,震度１
2025/06/30,07:26:09.1,トカラ列島近海,29°20.9′N,129°29.4′E,17 km,3.4,震度３
2025/06/30,08:01:25.9,トカラ列島近海,29°19.3′N,129°25.7′E,20 km,2.6,震度１
2025/06/30,08:08:56.1,トカラ列島近海,29°19.7′N,129°24.6′E,22 km,3.3,震度２
2025/06/30,08:10:55.7,トカラ列島近海,29°18.8′N,129°25.6′E,21 km,2.7,震度１
2025/06/30,08:20:13.9,トカラ列島近海,29°18.5′N,129°25.0′E,21 km,2.6,震度１
2025/06/30,08:21:19.9,トカラ列島近海,29°19.2′N,129°25.4′E,21 km,2.8,震度１
2025/06/30,08:22:56.9,トカラ列島近海,29°17.9′N,129°26.8′E,21 km,2.7,震度１
2025/06/30,08:24:59.4,トカラ列島近海,29°17.3′N,129°27.8′E,15 km,2.7,震度１
2025/06/30,08:26:39.4,トカラ列島近海,29°19.8′N,129°25.1′E,22 km,4.0,震度３
2025/06/30,08:32:21.7,トカラ列島近海,29°19.8′N,129°18.7′E,29 km,3.1,震度１
2025/06/30,08:33:06.3,トカラ列島近海,29°16.7′N,129°20.6′E,23 km,不明,震度１
2025/06/30,08:39:34.4,トカラ列島近海,29°18.7′N,129°25.4′E,23 km,2.6,震度１
2025/06/30,08:42:14.4,トカラ列島近海,29°19.1′N,129°26.5′E,19 km,2.4,震度１
2025/06/30,08:45:25.7,トカラ列島近海,29°14.3′N,129°25.0′E,17 km,2.9,震度１
2025/06/30,09:09:02.1,トカラ列島近海,29°17.6′N,129°29.2′E,15 km,2.8,震度１
2025/06/30,09:17:04.9,トカラ列島近海,29°18.5′N,129°26.6′E,18 km,2.1,震度１
2025/06/30,09:22:59.0,トカラ列島近海,29°18.2′N,129°27.5′E,18 km,2.4,震度１
2025/06/30,10:04:48.1,トカラ列島近海,29°20.3′N,129°26.6′E,16 km,3.1,震度２
2025/06/30,10:17:06.5,トカラ列島近海,29°19.3′N,129°26.7′E,16 km,3.4,震度２
2025/06/30,10:39:38.2,トカラ列島近海,29°19.0′N,129°25.9′E,19 km,3.0,震度１
2025/06/30,11:53:38.3,トカラ列島近海,29°18.5′N,129°27.7′E,17 km,2.6,震度１
2025/06/30,12:04:31.7,トカラ列島近海,29°19.5′N,129°27.8′E,20 km,3.0,震度２
2025/06/30,12:20:22.7,トカラ列島近海,29°18.8′N,129°25.5′E,15 km,2.6,震度１
2025/06/30,12:36:19.5,トカラ列島近海,29°21.1′N,129°23.5′E,26 km,4.5,震度４
2025/06/30,12:57:50.4,トカラ列島近海,29°20.7′N,129°26.8′E,12 km,2.3,震度１
2025/06/30,14:04:36.9,トカラ列島近海,29°18.8′N,129°28.9′E,18 km,3.0,震度２
2025/06/30,14:53:07.0,トカラ列島近海,29°18.6′N,129°27.2′E,8 km,2.6,震度１
2025/06/30,16:40:38.0,千葉県東方沖,35°48.9′N,140°55.5′E,22 km,3.2,震度１
2025/06/30,17:11:47.4,トカラ列島近海,29°18.6′N,129°25.7′E,21 km,2.6,震度１
2025/06/30,17:17:01.6,トカラ列島近海,29°19.2′N,129°27.2′E,21 km,3.3,震度２
2025/06/30,17:27:27.7,留萌地方南部,44°01.7′N,141°46.9′E,7 km,2.3,震度１
2025/06/30,17:49:17.1,トカラ列島近海,29°18.9′N,129°24.2′E,14 km,2.7,震度１
2025/06/30,17:54:32.2,トカラ列島近海,29°19.1′N,129°27.1′E,20 km,2.9,震度１
2025/06/30,17:55:23.8,トカラ列島近海,29°19.8′N,129°27.4′E,20 km,2.7,震度１
2025/06/30,18:09:42.2,トカラ列島近海,29°19.1′N,129°27.9′E,13 km,2.5,震度１
2025/06/30,18:33:22.8,トカラ列島近海,29°19.6′N,129°26.3′E,22 km,5.3,震度５弱
2025/06/30,18:46:41.0,トカラ列島近海,29°20.0′N,129°24.9′E,22 km,2.8,震度１
2025/06/30,18:54:54.0,トカラ列島近海,29°17.5′N,129°26.8′E,14 km,2.4,震度１
2025/06/30,18:55:39.2,トカラ列島近海,29°18.7′N,129°25.2′E,21 km,2.5,震度１
2025/06/30,18:56:22.4,トカラ列島近海,29°19.1′N,129°23.6′E,23 km,2.4,震度１
2025/06/30,18:57:54.3,トカラ列島近海,29°14.6′N,129°23.5′E,12 km,2.8,震度１
2025/06/30,19:04:38.4,トカラ列島近海,29°18.9′N,129°23.9′E,23 km,2.6,震度１
2025/06/30,19:09:44.7,トカラ列島近海,29°20.8′N,129°21.7′E,18 km,3.0,震度２
2025/06/30,19:14:35.1,トカラ列島近海,29°18.0′N,129°28.1′E,11 km,3.2,震度２
2025/06/30,19:15:31.8,トカラ列島近海,29°17.5′N,129°25.7′E,16 km,2.5,震度１
2025/06/30,19:18:53.9,トカラ列島近海,29°17.7′N,129°27.5′E,15 km,2.9,震度２
2025/06/30,19:20:10.1,トカラ列島近海,29°17.9′N,129°25.0′E,21 km,2.5,震度１
2025/06/30,19:22:13.5,トカラ列島近海,29°19.7′N,129°23.9′E,24 km,2.7,震度１
2025/06/30,19:27:21.0,トカラ列島近海,29°19.3′N,129°24.9′E,20 km,3.9,震度３
2025/06/30,19:32:29.4,トカラ列島近海,29°18.8′N,129°28.0′E,20 km,2.4,震度１
2025/06/30,20:09:25.6,トカラ列島近海,29°18.6′N,129°26.7′E,18 km,2.4,震度１
2025/06/30,22:28:17.3,トカラ列島近海,29°16.4′N,129°16.3′E,13 km,2.3,震度２
2025/06/30,22:51:23.7,トカラ列島近海,29°18.2′N,129°27.7′E,16 km,2.7,震度１
2025/06/30,23:46:00.8,トカラ列島近海,29°20.0′N,129°27.6′E,9 km,3.0,震度２
2025/06/30,23:53:34.5,トカラ列島近海,29°18.9′N,129°23.7′E,23 km,3.3,震度２
2025/07/01,00:11:37.4,トカラ列島近海,29°19.8′N,129°25.4′E,15 km,2.3,震度１
2025/07/01,00:13:10.6,トカラ列島近海,29°19.9′N,129°25.7′E,23 km,2.3,震度１
2025/07/01,00:22:27.5,トカラ列島近海,29°19.4′N,129°26.7′E,17 km,4.3,震度３
2025/07/01,01:01:01.7,トカラ列島近海,29°18.6′N,129°26.3′E,18 km,2.8,震度１
2025/07/01,01:01:58.1,トカラ列島近海,29°13.7′N,129°26.9′E,11 km,2.8,震度１
2025/07/01,01:02:56.2,トカラ列島近海,29°17.4′N,129°28.1′E,11 km,3.5,震度２
2025/07/01,01:10:49.3,トカラ列島近海,29°19.6′N,129°24.1′E,22 km,2.8,震度１
2025/07/01,01:13:05.8,茨城県南部,36°06.1′N,139°59.4′E,47 km,3.6,震度２
2025/07/01,05:10:47.1,トカラ列島近海,29°19.4′N,129°26.6′E,24 km,2.6,震度１
2025/07/01,06:12:10.7,トカラ列島近海,29°18.5′N,129°26.8′E,17 km,2.3,震度１
2025/07/01,06:20:23.8,トカラ列島近海,29°18.8′N,129°26.6′E,20 km,2.5,震度１
2025/07/01,06:26:20.0,トカラ列島近海,29°19.3′N,129°21.2′E,20 km,2.3,震度１
2025/07/01,06:27:42.8,トカラ列島近海,29°18.1′N,129°27.5′E,15 km,2.5,震度１
2025/07/01,06:34:46.3,トカラ列島近海,29°17.9′N,129°26.9′E,12 km,2.6,震度１
2025/07/01,06:43:04.5,トカラ列島近海,29°17.2′N,129°29.4′E,18 km,不明,震度１
2025/07/01,06:44:43.0,トカラ列島近海,29°23.7′N,129°33.1′E,7 km,2.6,震度１
2025/07/01,06:46:12.8,トカラ列島近海,29°12.4′N,129°22.9′E,24 km,3.1,震度１
2025/07/01,06:47:30.7,トカラ列島近海,29°20.2′N,129°26.1′E,22 km,1.9,震度１
2025/07/01,06:49:48.0,トカラ列島近海,29°18.6′N,129°26.7′E,18 km,4.3,震度４
2025/07/01,06:51:45.5,トカラ列島近海,29°20.1′N,129°17.2′E,28 km,不明,震度１
2025/07/01,06:52:43.8,トカラ列島近海,29°18.8′N,129°25.4′E,18 km,3.1,震度２
2025/07/01,06:53:50.5,トカラ列島近海,29°19.8′N,129°25.3′E,22 km,3.0,震度１
2025/07/01,06:54:39.9,トカラ列島近海,29°18.0′N,129°28.6′E,7 km,3.0,震度１
2025/07/01,06:56:26.2,トカラ列島近海,29°17.6′N,129°29.3′E,11 km,2.8,震度１
2025/07/01,06:57:39.1,トカラ列島近海,29°19.9′N,129°30.5′E,10 km,3.0,震度１
2025/07/01,07:00:28.5,トカラ列島近海,29°18.7′N,129°27.5′E,12 km,3.0,震度２
2025/07/01,07:01:27.5,トカラ列島近海,29°19.2′N,129°23.7′E,20 km,3.0,震度１
2025/07/01,07:02:59.6,トカラ列島近海,29°19.4′N,129°25.9′E,18 km,2.9,震度２
2025/07/01,07:03:39.1,トカラ列島近海,29°16.4′N,129°28.8′E,14 km,不明,震度１
2025/07/01,07:05:10.6,トカラ列島近海,29°18.9′N,129°27.9′E,14 km,2.4,震度１
2025/07/01,07:06:47.1,トカラ列島近海,29°17.8′N,129°25.4′E,18 km,2.5,震度１
2025/07/01,07:07:53.7,トカラ列島近海,29°20.1′N,129°26.7′E,21 km,2.6,震度１
2025/07/01,07:09:47.3,トカラ列島近海,29°18.6′N,129°19.7′E,24 km,2.6,震度１
2025/07/01,07:10:04.3,トカラ列島近海,29°25.7′N,129°19.3′E,13 km,2.5,震度２
2025/07/01,07:13:26.8,トカラ列島近海,29°18.3′N,129°26.9′E,19 km,2.8,震度１
2025/07/01,07:15:08.3,トカラ列島近海,29°19.0′N,129°26.2′E,18 km,3.3,震度２
2025/07/01,07:18:53.8,トカラ列島近海,29°19.1′N,129°25.9′E,19 km,2.6,震度１
2025/07/01,07:20:08.1,トカラ列島近海,29°20.5′N,129°27.1′E,13 km,2.1,震度１
2025/07/01,07:23:15.5,トカラ列島近海,29°19.0′N,129°25.9′E,7 km,2.6,震度１
2025/07/01,07:25:20.1,トカラ列島近海,29°20.0′N,129°23.7′E,20 km,2.2,震度１
2025/07/01,07:27:50.2,トカラ列島近海,29°20.2′N,129°23.1′E,20 km,2.4,震度１
2025/07/01,07:30:15.9,トカラ列島近海,29°20.2′N,129°23.6′E,23 km,2.3,震度１
2025/07/01,07:33:08.1,トカラ列島近海,29°18.1′N,129°26.8′E,17 km,2.9,震度１
2025/07/01,07:33:56.6,トカラ列島近海,29°17.5′N,129°25.9′E,16 km,3.4,震度２
2025/07/01,07:35:02.1,トカラ列島近海,29°14.5′N,129°23.8′E,19 km,不明,震度１
2025/07/01,07:37:39.9,トカラ列島近海,29°18.5′N,129°28.1′E,7 km,2.6,震度１
2025/07/01,07:42:37.3,トカラ列島近海,29°18.5′N,129°26.7′E,18 km,2.4,震度１
2025/07/01,07:45:30.6,トカラ列島近海,29°19.4′N,129°26.6′E,15 km,2.2,震度１
2025/07/01,07:46:28.8,トカラ列島近海,29°19.9′N,129°25.6′E,18 km,2.3,震度１
2025/07/01,07:52:03.0,トカラ列島近海,29°17.3′N,129°28.7′E,6 km,2.8,震度１
2025/07/01,07:55:10.2,トカラ列島近海,29°19.1′N,129°26.6′E,15 km,2.5,震度１
2025/07/01,08:14:27.9,トカラ列島近海,29°21.4′N,129°25.1′E,23 km,2.4,震度１
2025/07/01,08:17:29.1,トカラ列島近海,29°23.5′N,129°18.8′E,30 km,2.4,震度１
2025/07/01,08:26:51.0,トカラ列島近海,29°18.3′N,129°26.5′E,19 km,2.2,震度１
2025/07/01,08:28:34.8,トカラ列島近海,29°20.1′N,129°26.3′E,19 km,3.3,震度２
2025/07/01,09:09:01.2,トカラ列島近海,29°17.4′N,129°29.2′E,13 km,2.6,震度１
2025/07/01,09:16:16.8,トカラ列島近海,29°20.2′N,129°22.6′E,19 km,2.9,震度１
2025/07/01,09:22:40.0,トカラ列島近海,29°19.5′N,129°24.1′E,15 km,2.3,震度１
2025/07/01,09:29:43.4,トカラ列島近海,29°19.7′N,129°26.4′E,18 km,2.7,震度２
2025/07/01,09:34:37.4,トカラ列島近海,29°19.3′N,129°28.7′E,18 km,2.7,震度１
2025/07/01,09:45:18.5,トカラ列島近海,29°17.7′N,129°29.1′E,14 km,2.7,震度１
2025/07/01,09:51:01.9,トカラ列島近海,29°21.4′N,129°32.3′E,8 km,2.5,震度２
2025/07/01,09:59:36.0,トカラ列島近海,29°19.5′N,129°27.1′E,17 km,3.1,震度２
2025/07/01,10:18:52.9,トカラ列島近海,29°19.6′N,129°17.6′E,25 km,2.4,震度１
2025/07/01,10:22:18.2,トカラ列島近海,29°19.4′N,129°24.9′E,22 km,2.9,震度１
2025/07/01,10:24:35.6,トカラ列島近海,29°19.5′N,129°25.9′E,21 km,2.7,震度２
2025/07/01,10:57:39.3,トカラ列島近海,29°19.9′N,129°24.7′E,17 km,3.2,震度２
2025/07/01,11:19:01.7,トカラ列島近海,29°20.7′N,129°26.4′E,19 km,3.1,震度１
2025/07/01,11:59:27.3,トカラ列島近海,29°18.4′N,129°28.3′E,9 km,3.0,震度２
2025/07/01,12:04:24.0,トカラ列島近海,29°25.2′N,129°36.6′E,9 km,1.5,震度１
2025/07/01,12:14:29.9,トカラ列島近海,29°19.0′N,129°27.1′E,18 km,2.4,震度１
2025/07/01,13:03:59.9,トカラ列島近海,29°15.5′N,129°23.6′E,22 km,2.7,震度１
2025/07/01,13:16:53.6,トカラ列島近海,29°20.8′N,129°30.1′E,12 km,2.6,震度１
2025/07/01,13:19:54.2,トカラ列島近海,29°18.0′N,129°26.9′E,15 km,3.1,震度２
2025/07/01,13:20:51.6,トカラ列島近海,29°18.8′N,129°28.9′E,8 km,3.5,震度３
2025/07/01,13:31:07.7,トカラ列島近海,29°19.0′N,129°27.2′E,16 km,2.7,震度１
2025/07/01,13:47:17.9,トカラ列島近海,29°19.3′N,129°24.4′E,22 km,2.7,震度１
2025/07/01,14:20:39.7,トカラ列島近海,29°18.2′N,129°26.0′E,20 km,3.0,震度２
2025/07/01,14:42:59.5,トカラ列島近海,29°18.4′N,129°25.9′E,20 km,3.1,震度２
2025/07/01,14:50:43.9,トカラ列島近海,29°19.4′N,129°25.2′E,19 km,2.6,震度１
2025/07/01,14:51:48.6,トカラ列島近海,29°19.8′N,129°21.5′E,26 km,2.6,震度１
2025/07/01,14:57:02.9,トカラ列島近海,29°18.2′N,129°24.8′E,19 km,2.2,震度１
2025/07/01,14:59:07.1,トカラ列島近海,29°20.4′N,129°25.5′E,18 km,2.8,震度１
2025/07/01,15:02:41.5,トカラ列島近海,29°19.3′N,129°14.9′E,29 km,2.4,震度１
2025/07/01,15:06:36.8,トカラ列島近海,29°16.6′N,129°29.2′E,12 km,2.8,震度１
2025/07/01,15:14:16.4,トカラ列島近海,29°21.7′N,129°14.2′E,28 km,2.6,震度１
2025/07/01,15:16:19.3,トカラ列島近海,29°17.8′N,129°27.5′E,9 km,2.7,震度１
2025/07/01,15:18:58.9,トカラ列島近海,29°20.5′N,129°23.1′E,23 km,2.3,震度１
2025/07/01,15:20:39.2,トカラ列島近海,29°17.2′N,129°08.8′E,13 km,4.0,震度２
2025/07/01,15:24:48.8,トカラ列島近海,29°19.6′N,129°25.2′E,20 km,3.7,震度３
2025/07/01,15:25:56.4,トカラ列島近海,29°19.2′N,129°25.6′E,18 km,不明,震度１
2025/07/01,15:28:11.9,トカラ列島近海,29°19.2′N,129°23.4′E,18 km,2.2,震度１
2025/07/01,15:36:27.4,トカラ列島近海,29°19.9′N,129°24.9′E,19 km,2.6,震度１
2025/07/01,15:39:01.5,トカラ列島近海,29°19.0′N,129°22.4′E,17 km,3.2,震度２
2025/07/01,15:43:25.4,トカラ列島近海,29°19.7′N,129°09.0′E,28 km,2.6,震度１
2025/07/01,15:50:58.9,トカラ列島近海,29°19.2′N,129°26.3′E,16 km,3.4,震度１
2025/07/01,15:52:05.5,トカラ列島近海,29°16.9′N,129°20.9′E,22 km,3.3,震度２
2025/07/01,16:07:56.5,トカラ列島近海,29°17.6′N,129°27.3′E,10 km,2.3,震度１
2025/07/01,16:09:27.9,トカラ列島近海,29°18.4′N,129°26.1′E,12 km,3.0,震度２
2025/07/01,16:14:00.6,トカラ列島近海,29°19.7′N,129°27.1′E,18 km,3.2,震度２
2025/07/01,16:15:24.8,トカラ列島近海,29°20.8′N,129°24.8′E,18 km,2.7,震度１
2025/07/01,16:16:45.2,トカラ列島近海,29°20.0′N,129°26.5′E,16 km,2.2,震度１
2025/07/01,16:21:16.7,トカラ列島近海,29°19.4′N,129°26.8′E,16 km,2.9,震度１
2025/07/01,17:09:21.5,トカラ列島近海,29°21.7′N,129°24.9′E,30 km,2.4,震度１
2025/07/01,17:10:27.3,トカラ列島近海,29°19.4′N,129°25.7′E,16 km,4.9,震度４
2025/07/01,17:15:16.8,トカラ列島近海,29°18.9′N,129°24.7′E,15 km,2.8,震度１
2025/07/01,17:20:34.4,トカラ列島近海,29°19.2′N,129°27.0′E,6 km,2.2,震度１
2025/07/01,17:28:10.2,トカラ列島近海,29°21.6′N,129°19.9′E,30 km,2.6,震度１
2025/07/01,18:00:04.1,トカラ列島近海,29°18.2′N,129°26.3′E,12 km,2.8,震度１
2025/07/01,18:17:08.1,トカラ列島近海,29°19.4′N,129°24.7′E,21 km,4.1,震度３
2025/07/01,18:46:31.6,新潟県上中越沖,37°41.4′N,137°37.6′E,18 km,4.2,震度１
2025/07/01,18:57:51.4,トカラ列島近海,29°21.6′N,129°30.4′E,22 km,2.1,震度１
2025/07/01,19:18:31.7,トカラ列島近海,29°18.9′N,129°25.0′E,19 km,3.0,震度１
2025/07/01,20:22:07.1,トカラ列島近海,29°20.4′N,129°26.6′E,18 km,4.4,震度４
2025/07/01,20:27:07.2,トカラ列島近海,29°19.7′N,129°24.9′E,20 km,2.6,震度１
2025/07/01,21:03:55.6,トカラ列島近海,29°19.6′N,129°27.4′E,19 km,2.6,震度１
2025/07/01,21:05:56.7,トカラ列島近海,29°19.7′N,129°26.9′E,16 km,3.0,震度２
2025/07/01,21:19:05.9,トカラ列島近海,29°22.0′N,129°19.3′E,29 km,3.0,震度１
2025/07/01,21:21:42.1,トカラ列島近海,29°16.6′N,129°30.7′E,15 km,2.5,震度１
2025/07/01,21:22:50.6,トカラ列島近海,29°18.6′N,129°27.8′E,14 km,2.9,震度１
2025/07/01,21:25:57.8,トカラ列島近海,29°19.4′N,129°24.8′E,13 km,2.6,震度１
2025/07/01,21:27:06.5,トカラ列島近海,29°19.1′N,129°25.3′E,22 km,2.8,震度２
2025/07/01,21:28:28.6,トカラ列島近海,29°18.3′N,129°28.9′E,15 km,2.7,震度１
2025/07/01,21:30:14.1,トカラ列島近海,29°14.9′N,129°25.6′E,17 km,2.7,震度１
2025/07/01,21:31:41.9,トカラ列島近海,29°18.5′N,129°28.9′E,17 km,2.6,震度１
2025/07/01,21:32:21.7,トカラ列島近海,29°17.6′N,129°21.9′E,21 km,2.7,震度２
2025/07/01,21:34:07.8,トカラ列島近海,29°19.0′N,129°28.6′E,9 km,2.5,震度１
2025/07/01,21:37:01.9,トカラ列島近海,29°18.8′N,129°28.1′E,10 km,3.6,震度２
2025/07/01,21:40:07.9,トカラ列島近海,29°19.2′N,129°21.0′E,27 km,2.8,震度１
2025/07/01,21:41:57.2,トカラ列島近海,29°19.1′N,129°26.9′E,18 km,2.4,震度１
2025/07/01,21:46:15.9,トカラ列島近海,29°20.3′N,129°25.9′E,21 km,2.7,震度１
2025/07/01,21:51:03.8,トカラ列島近海,29°16.6′N,129°27.1′E,20 km,2.7,震度１
2025/07/01,21:54:23.4,トカラ列島近海,29°18.1′N,129°32.0′E,10 km,3.2,震度３
2025/07/01,21:57:01.5,トカラ列島近海,29°20.3′N,129°21.9′E,30 km,2.5,震度１
2025/07/01,21:57:22.5,トカラ列島近海,29°20.0′N,129°20.0′E,27 km,2.4,震度１
2025/07/01,21:59:20.8,トカラ列島近海,29°16.3′N,129°24.2′E,18 km,2.7,震度２
2025/07/01,22:04:22.5,トカラ列島近海,29°19.5′N,129°30.2′E,10 km,2.8,震度１
2025/07/01,22:09:23.2,トカラ列島近海,29°19.1′N,129°28.7′E,16 km,2.7,震度１
2025/07/01,22:12:39.0,トカラ列島近海,29°21.0′N,129°26.5′E,19 km,3.2,震度２
2025/07/01,22:13:01.4,トカラ列島近海,29°17.8′N,129°24.8′E,17 km,3.2,震度２
2025/07/01,22:18:51.3,トカラ列島近海,29°24.4′N,129°26.2′E,30 km,2.2,震度１
2025/07/01,22:47:51.3,トカラ列島近海,29°25.6′N,129°36.4′E,13 km,2.5,震度２
2025/07/01,22:58:20.0,トカラ列島近海,29°27.5′N,129°33.3′E,12 km,1.7,震度１
2025/07/01,23:02:47.2,トカラ列島近海,29°20.9′N,129°26.3′E,11 km,2.3,震度１
2025/07/01,23:03:41.7,トカラ列島近海,29°20.0′N,129°28.0′E,20 km,4.3,震度３
2025/07/01,23:06:54.1,トカラ列島近海,29°19.1′N,129°29.2′E,13 km,2.5,震度１
2025/07/01,23:07:54.5,トカラ列島近海,29°21.9′N,129°23.3′E,17 km,2.4,震度１
2025/07/01,23:10:42.5,トカラ列島近海,29°15.4′N,129°27.9′E,10 km,2.8,震度１
2025/07/01,23:13:04.5,トカラ列島近海,29°18.4′N,129°30.0′E,6 km,2.4,震度１
2025/07/01,23:17:44.3,トカラ列島近海,29°22.0′N,129°20.4′E,28 km,2.5,震度１
2025/07/01,23:25:28.6,トカラ列島近海,29°20.2′N,129°23.1′E,27 km,2.3,震度１
2025/07/01,23:27:14.5,トカラ列島近海,29°18.6′N,129°31.8′E,13 km,2.6,震度１
2025/07/01,23:29:38.0,トカラ列島近海,29°18.6′N,129°30.8′E,18 km,3.3,震度２
2025/07/01,23:33:24.2,トカラ列島近海,29°19.0′N,129°32.3′E,17 km,3.3,震度２
2025/07/01,23:43:17.1,トカラ列島近海,29°19.2′N,129°28.7′E,17 km,2.7,震度１
2025/07/01,23:44:46.8,トカラ列島近海,29°19.4′N,129°29.1′E,19 km,2.0,震度１
2025/07/01,23:57:14.7,長野県中部,36°26.2′N,137°59.8′E,6 km,2.3,震度１
2025/07/01,23:59:02.6,トカラ列島近海,29°19.0′N,129°31.1′E,14 km,2.9,震度１
2025/07/02,00:06:58.1,トカラ列島近海,29°14.8′N,129°33.4′E,14 km,2.5,震度１
2025/07/02,00:12:03.2,トカラ列島近海,29°16.8′N,129°27.3′E,19 km,2.2,震度１
2025/07/02,00:14:05.8,トカラ列島近海,29°20.8′N,129°25.0′E,25 km,2.6,震度１
2025/07/02,00:16:54.0,トカラ列島近海,29°18.6′N,129°31.4′E,11 km,2.8,震度２
2025/07/02,00:20:19.4,トカラ列島近海,29°18.7′N,129°31.3′E,12 km,2.4,震度１
2025/07/02,00:22:26.4,トカラ列島近海,29°19.3′N,129°28.1′E,20 km,3.8,震度３
2025/07/02,00:24:13.1,トカラ列島近海,29°19.6′N,129°30.9′E,20 km,3.7,震度３
2025/07/02,00:31:46.4,トカラ列島近海,29°21.4′N,129°27.9′E,24 km,2.8,震度１
2025/07/02,01:46:24.5,トカラ列島近海,29°21.1′N,129°25.3′E,21 km,2.2,震度１
2025/07/02,01:59:37.6,トカラ列島近海,29°20.1′N,129°31.5′E,19 km,2.6,震度２
2025/07/02,02:02:00.8,トカラ列島近海,29°21.6′N,129°32.6′E,12 km,2.1,震度１
2025/07/02,02:26:18.0,トカラ列島近海,29°18.7′N,129°32.1′E,19 km,2.8,震度２
2025/07/02,02:36:55.0,トカラ列島近海,29°20.9′N,129°28.4′E,20 km,2.4,震度１
2025/07/02,02:46:53.7,宮城県沖,38°52.0′N,141°38.9′E,61 km,3.1,震度１
2025/07/02,03:11:48.1,トカラ列島近海,29°19.4′N,129°28.0′E,19 km,3.0,震度２
2025/07/02,03:27:31.5,トカラ列島近海,29°19.5′N,129°28.5′E,20 km,2.5,震度１
2025/07/02,04:32:08.3,トカラ列島近海,29°20.1′N,129°29.1′E,16 km,5.1,震度５弱
2025/07/02,04:35:19.7,トカラ列島近海,29°20.0′N,129°28.3′E,12 km,不明,震度２
2025/07/02,04:36:52.8,父島近海,26°46.0′N,142°24.9′E,4 km,4.5,震度２
2025/07/02,04:37:55.9,トカラ列島近海,29°17.8′N,129°28.2′E,14 km,2.6,震度１
2025/07/02,04:43:44.6,トカラ列島近海,29°21.2′N,129°24.6′E,18 km,2.8,震度２
2025/07/02,05:04:15.0,トカラ列島近海,29°19.9′N,129°25.3′E,25 km,2.4,震度１
2025/07/02,05:18:02.6,種子島近海,30°31.7′N,131°22.1′E,27 km,4.4,震度２
2025/07/02,05:35:30.3,奄美大島近海,28°22.5′N,130°03.0′E,27 km,3.4,震度２
2025/07/02,05:55:27.0,西表島付近,23°57.2′N,123°35.2′E,32 km,4.4,震度１
2025/07/02,06:08:01.7,トカラ列島近海,29°18.5′N,129°30.2′E,14 km,2.4,震度１
2025/07/02,06:31:47.2,トカラ列島近海,29°20.1′N,129°28.8′E,13 km,4.3,震度３
2025/07/02,06:45:27.8,トカラ列島近海,29°20.0′N,129°29.2′E,19 km,2.4,震度１
2025/07/02,06:48:04.3,トカラ列島近海,29°18.1′N,129°30.9′E,8 km,2.3,震度１
2025/07/02,06:52:44.8,トカラ列島近海,29°19.3′N,129°26.7′E,28 km,2.3,震度１
2025/07/02,07:00:41.4,トカラ列島近海,29°19.8′N,129°30.5′E,15 km,3.0,震度２
2025/07/02,07:06:50.2,トカラ列島近海,29°18.3′N,129°33.8′E,18 km,2.7,震度１
2025/07/02,07:12:09.5,トカラ列島近海,29°18.1′N,129°31.8′E,12 km,2.6,震度１
2025/07/02,07:20:01.3,トカラ列島近海,29°14.6′N,129°25.3′E,18 km,2.4,震度１
2025/07/02,07:43:54.2,トカラ列島近海,29°22.2′N,129°32.4′E,12 km,3.3,震度３
2025/07/02,07:45:41.6,トカラ列島近海,29°20.7′N,129°34.2′E,13 km,3.1,震度２
2025/07/02,08:01:04.7,トカラ列島近海,29°19.5′N,129°26.1′E,20 km,3.5,震度３
2025/07/02,08:05:45.6,トカラ列島近海,29°20.0′N,129°24.9′E,24 km,2.2,震度１
2025/07/02,08:10:43.8,トカラ列島近海,29°19.1′N,129°26.7′E,14 km,2.5,震度２
2025/07/02,08:27:23.5,トカラ列島近海,29°18.9′N,129°29.2′E,17 km,2.4,震度１
2025/07/02,08:28:07.6,トカラ列島近海,29°19.0′N,129°35.6′E,19 km,2.3,震度１
2025/07/02,08:33:55.2,トカラ列島近海,29°20.8′N,129°33.9′E,6 km,2.6,震度２
2025/07/02,08:58:27.6,トカラ列島近海,29°15.8′N,129°10.6′E,12 km,2.4,震度２
2025/07/02,09:00:52.7,トカラ列島近海,29°13.5′N,129°16.9′E,10 km,2.2,震度２
2025/07/02,09:06:46.8,トカラ列島近海,29°17.1′N,129°06.4′E,11 km,4.5,震度４
2025/07/02,09:07:49.4,トカラ列島近海,29°16.1′N,129°13.9′E,8 km,不明,震度３
2025/07/02,09:09:22.1,トカラ列島近海,29°13.0′N,129°06.1′E,10 km,3.2,震度３
2025/07/02,09:09:59.3,トカラ列島近海,29°14.5′N,129°04.2′E,7 km,3.7,震度４
2025/07/02,09:11:28.6,トカラ列島近海,29°14.9′N,129°10.8′E,10 km,不明,震度１
2025/07/02,09:12:48.2,トカラ列島近海,29°23.4′N,129°17.9′E,24 km,2.1,震度１
2025/07/02,09:14:29.5,トカラ列島近海,29°16.4′N,129°07.5′E,13 km,3.5,震度４
2025/07/02,09:15:05.3,トカラ列島近海,29°19.9′N,129°20.8′E,6 km,3.3,震度２
2025/07/02,09:16:42.7,トカラ列島近海,29°13.2′N,129°06.7′E,11 km,不明,震度１
2025/07/02,09:17:30.1,トカラ列島近海,29°14.8′N,129°10.9′E,8 km,不明,震度１
2025/07/02,09:22:25.6,トカラ列島近海,29°23.5′N,129°26.3′E,13 km,2.3,震度１
2025/07/02,09:23:49.8,トカラ列島近海,29°14.1′N,129°08.7′E,16 km,不明,震度１
2025/07/02,09:25:06.9,トカラ列島近海,29°17.3′N,129°10.3′E,11 km,2.3,震度１
2025/07/02,09:26:39.6,トカラ列島近海,29°19.9′N,129°25.8′E,20 km,2.5,震度１
2025/07/02,09:39:40.0,トカラ列島近海,29°14.8′N,129°09.3′E,11 km,不明,震度１
2025/07/02,09:43:28.3,トカラ列島近海,29°19.6′N,129°22.8′E,17 km,2.6,震度２
2025/07/02,09:53:27.5,トカラ列島近海,29°14.8′N,129°05.6′E,7 km,2.1,震度１
2025/07/02,09:58:39.6,トカラ列島近海,29°15.2′N,129°10.5′E,11 km,3.0,震度３
2025/07/02,10:07:30.6,トカラ列島近海,29°16.1′N,129°15.5′E,11 km,3.0,震度１
2025/07/02,10:13:47.3,トカラ列島近海,29°15.1′N,129°09.3′E,9 km,2.2,震度１
2025/07/02,10:35:29.6,トカラ列島近海,29°20.7′N,129°33.6′E,14 km,2.6,震度１
2025/07/02,12:34:45.6,トカラ列島近海,29°23.3′N,129°30.7′E,14 km,3.5,震度３
2025/07/02,12:40:02.5,トカラ列島近海,29°14.2′N,129°10.4′E,8 km,2.9,震度１
2025/07/02,12:42:10.5,トカラ列島近海,29°15.5′N,129°08.4′E,10 km,2.7,震度１
2025/07/02,12:55:17.6,トカラ列島近海,29°21.0′N,129°34.5′E,5 km,不明,震度１
2025/07/02,13:07:11.1,トカラ列島近海,29°14.7′N,129°07.6′E,9 km,2.5,震度１
2025/07/02,13:16:01.2,トカラ列島近海,29°19.4′N,129°24.4′E,17 km,2.6,震度１
2025/07/02,13:49:55.6,トカラ列島近海,29°25.6′N,129°26.9′E,18 km,2.5,震度１
2025/07/02,14:19:43.8,トカラ列島近海,29°18.4′N,129°30.1′E,20 km,2.4,震度１
2025/07/02,14:22:16.3,トカラ列島近海,29°15.1′N,129°11.6′E,14 km,4.0,震度４
2025/07/02,14:23:33.6,トカラ列島近海,29°09.6′N,129°11.3′E,19 km,3.9,震度３
2025/07/02,14:24:19.3,トカラ列島近海,29°12.2′N,129°05.5′E,0 km,3.9,震度３
2025/07/02,14:25:24.2,トカラ列島近海,29°14.1′N,129°10.5′E,12 km,5.0,震度３
2025/07/02,14:28:29.3,トカラ列島近海,29°15.9′N,129°06.7′E,2 km,3.3,震度２
2025/07/02,14:29:39.7,トカラ列島近海,29°10.1′N,129°04.4′E,0 km,不明,震度１
2025/07/02,14:36:24.0,トカラ列島近海,29°18.7′N,129°27.5′E,19 km,2.3,震度１
2025/07/02,14:41:43.8,トカラ列島近海,29°15.3′N,129°07.9′E,7 km,2.9,震度１
2025/07/02,14:42:51.1,トカラ列島近海,29°16.5′N,129°11.2′E,0 km,不明,震度１
2025/07/02,14:43:03.4,トカラ列島近海,29°19.1′N,129°23.2′E,8 km,2.8,震度１
2025/07/02,14:47:11.3,トカラ列島近海,29°15.7′N,129°07.3′E,5 km,3.2,震度２
2025/07/02,14:51:47.1,トカラ列島近海,29°15.1′N,129°05.2′E,2 km,5.0,震度３
2025/07/02,14:52:30.0,トカラ列島近海,29°13.9′N,129°08.7′E,0 km,4.0,震度２
2025/07/02,14:53:24.2,トカラ列島近海,29°14.3′N,129°04.1′E,1 km,5.3,震度４
2025/07/02,14:54:55.0,トカラ列島近海,29°13.3′N,129°04.9′E,1 km,不明,震度４
2025/07/02,14:56:43.6,トカラ列島近海,29°14.6′N,129°25.1′E,28 km,3.2,震度３
2025/07/02,14:57:27.1,トカラ列島近海,29°15.7′N,129°11.4′E,3 km,不明,震度１
2025/07/02,14:59:00.7,トカラ列島近海,29°15.3′N,129°04.2′E,8 km,5.1,震度３
2025/07/02,15:00:07.2,トカラ列島近海,29°16.1′N,129°05.6′E,19 km,3.9,震度３
2025/07/02,15:01:50.3,トカラ列島近海,29°12.7′N,129°20.1′E,8 km,3.5,震度２
2025/07/02,15:03:14.9,トカラ列島近海,29°12.9′N,129°11.7′E,13 km,3.5,震度３
2025/07/02,15:07:21.4,トカラ列島近海,29°12.3′N,129°14.8′E,18 km,4.6,震度３
2025/07/02,15:10:59.8,トカラ列島近海,29°17.2′N,129°13.2′E,0 km,3.0,震度１
2025/07/02,15:11:22.0,トカラ列島近海,29°12.3′N,129°06.3′E,13 km,3.0,震度２
2025/07/02,15:13:56.6,トカラ列島近海,29°13.7′N,129°09.8′E,8 km,3.1,震度１
2025/07/02,15:16:59.2,トカラ列島近海,29°13.8′N,129°05.9′E,8 km,3.4,震度１
2025/07/02,15:18:46.6,トカラ列島近海,29°14.6′N,129°09.1′E,3 km,2.9,震度１
2025/07/02,15:20:19.4,トカラ列島近海,29°12.7′N,129°05.6′E,0 km,2.6,震度１
2025/07/02,15:22:25.5,トカラ列島近海,29°12.9′N,129°09.3′E,11 km,3.2,震度１
2025/07/02,15:26:47.6,トカラ列島近海,29°15.4′N,129°03.1′E,1 km,5.6,震度５弱
2025/07/02,15:29:15.7,トカラ列島近海,29°14.6′N,129°08.9′E,2 km,3.5,震度２
2025/07/02,15:30:25.8,トカラ列島近海,29°14.6′N,129°08.7′E,6 km,3.5,震度２
2025/07/02,15:32:46.6,トカラ列島近海,29°11.5′N,129°07.5′E,0 km,2.9,震度１
2025/07/02,15:33:37.7,トカラ列島近海,29°09.5′N,129°08.6′E,18 km,2.9,震度２
2025/07/02,15:35:50.1,トカラ列島近海,29°14.2′N,129°09.4′E,11 km,3.2,震度１
2025/07/02,15:47:28.8,トカラ列島近海,29°14.5′N,129°13.4′E,9 km,2.4,震度１
2025/07/02,15:50:24.7,トカラ列島近海,29°13.1′N,129°10.6′E,9 km,2.7,震度１
2025/07/02,16:10:24.7,トカラ列島近海,29°16.2′N,129°07.6′E,8 km,3.1,震度１
2025/07/02,16:12:46.2,トカラ列島近海,29°15.9′N,129°07.9′E,9 km,3.1,震度１
2025/07/02,16:17:54.3,トカラ列島近海,29°13.8′N,129°06.2′E,4 km,5.0,震度４
2025/07/02,16:19:38.6,トカラ列島近海,29°15.8′N,129°06.2′E,10 km,4.1,震度２
2025/07/02,16:23:34.4,トカラ列島近海,29°14.1′N,129°06.5′E,7 km,3.4,震度１
2025/07/02,16:24:39.4,トカラ列島近海,29°11.7′N,129°09.5′E,0 km,4.1,震度２
2025/07/02,16:26:19.3,トカラ列島近海,29°10.7′N,129°06.3′E,0 km,不明,震度２
2025/07/02,16:27:40.7,トカラ列島近海,29°12.0′N,129°06.7′E,1 km,3.4,震度２
2025/07/02,16:29:10.3,トカラ列島近海,29°15.2′N,129°06.1′E,0 km,3.8,震度２
2025/07/02,16:31:29.9,トカラ列島近海,29°14.7′N,129°05.3′E,3 km,3.7,震度２
2025/07/02,16:32:48.2,トカラ列島近海,29°12.9′N,129°10.0′E,7 km,3.6,震度１
2025/07/02,16:40:44.6,トカラ列島近海,29°14.1′N,129°12.0′E,15 km,2.5,震度１
2025/07/02,16:42:39.4,トカラ列島近海,29°16.3′N,129°03.5′E,1 km,4.1,震度２
2025/07/02,16:43:46.1,トカラ列島近海,29°15.7′N,129°07.0′E,2 km,4.1,震度２
2025/07/02,16:45:31.2,トカラ列島近海,29°12.5′N,129°08.1′E,2 km,3.8,震度２
2025/07/02,16:47:15.8,トカラ列島近海,29°13.3′N,129°09.5′E,6 km,3.3,震度１
2025/07/02,16:50:37.1,トカラ列島近海,29°17.3′N,129°06.5′E,2 km,3.3,震度１
2025/07/02,16:52:14.5,トカラ列島近海,29°13.8′N,129°09.1′E,10 km,3.4,震度１
2025/07/02,16:55:59.5,トカラ列島近海,29°15.6′N,129°07.3′E,5 km,3.2,震度１
2025/07/02,17:16:05.9,トカラ列島近海,29°13.7′N,129°05.9′E,3 km,2.9,震度１
2025/07/02,17:23:56.2,トカラ列島近海,29°19.9′N,129°28.6′E,18 km,3.3,震度２
2025/07/02,17:34:38.3,トカラ列島近海,29°18.0′N,129°04.5′E,9 km,3.7,震度１
2025/07/02,17:36:36.6,トカラ列島近海,29°13.4′N,129°09.3′E,7 km,3.2,震度１
2025/07/02,17:41:33.2,トカラ列島近海,29°14.2′N,129°09.5′E,12 km,3.1,震度１
2025/07/02,18:00:01.6,トカラ列島近海,29°13.4′N,129°10.4′E,11 km,2.7,震度１
2025/07/02,18:03:48.4,トカラ列島近海,29°12.1′N,129°17.6′E,6 km,1.8,震度１
2025/07/02,18:12:07.5,トカラ列島近海,29°15.5′N,129°35.5′E,11 km,2.4,震度１
2025/07/02,18:18:04.4,トカラ列島近海,29°17.0′N,129°15.8′E,4 km,2.9,震度１
2025/07/02,18:41:49.9,トカラ列島近海,29°18.8′N,129°07.0′E,11 km,2.3,震度１
2025/07/02,18:44:34.5,トカラ列島近海,29°20.3′N,129°29.7′E,8 km,2.3,震度１
2025/07/02,18:53:44.1,トカラ列島近海,29°16.6′N,129°06.3′E,10 km,3.3,震度２
2025/07/02,19:09:36.1,トカラ列島近海,29°18.0′N,129°04.0′E,8 km,3.1,震度１
2025/07/02,19:14:00.0,トカラ列島近海,29°20.3′N,129°30.7′E,15 km,3.3,震度３
2025/07/02,21:32:18.7,トカラ列島近海,29°15.1′N,129°30.8′E,8 km,2.9,震度１
2025/07/02,21:52:36.4,トカラ列島近海,29°13.3′N,129°11.9′E,12 km,3.1,震度１
2025/07/02,22:08:48.0,トカラ列島近海,29°22.8′N,129°20.9′E,17 km,3.2,震度１
2025/07/02,23:10:09.9,トカラ列島近海,29°24.8′N,129°25.1′E,23 km,2.5,震度１
2025/07/02,23:55:56.8,トカラ列島近海,29°18.8′N,129°41.4′E,12 km,2.5,震度１
2025/07/03,00:44:59.8,トカラ列島近海,29°19.6′N,129°32.3′E,14 km,3.1,震度３
2025/07/03,00:49:16.8,トカラ列島近海,29°16.4′N,129°03.8′E,6 km,5.1,震度３
2025/07/03,01:00:40.3,トカラ列島近海,29°20.8′N,129°16.9′E,28 km,3.2,震度１
2025/07/03,01:12:31.7,トカラ列島近海,29°14.9′N,129°06.6′E,7 km,3.4,震度１
2025/07/03,01:54:40.5,トカラ列島近海,29°15.4′N,129°05.3′E,6 km,3.5,震度２
2025/07/03,02:29:01.4,トカラ列島近海,29°15.7′N,129°07.4′E,7 km,3.4,震度１
2025/07/03,02:32:55.2,トカラ列島近海,29°15.2′N,129°05.2′E,10 km,4.7,震度３
2025/07/03,02:38:53.9,トカラ列島近海,29°10.6′N,129°13.2′E,13 km,2.0,震度１
2025/07/03,03:00:51.0,トカラ列島近海,29°19.4′N,129°26.8′E,19 km,3.4,震度２
2025/07/03,03:11:09.6,トカラ列島近海,29°20.5′N,129°22.5′E,17 km,2.7,震度１
2025/07/03,04:00:40.3,トカラ列島近海,29°19.9′N,129°26.1′E,20 km,3.3,震度２
2025/07/03,04:09:57.1,トカラ列島近海,29°17.3′N,129°29.2′E,15 km,2.1,震度１
2025/07/03,05:46:46.4,トカラ列島近海,29°19.2′N,129°32.5′E,19 km,2.7,震度１
2025/07/03,06:06:50.8,トカラ列島近海,29°16.5′N,129°06.0′E,10 km,3.6,震度１
2025/07/03,06:10:45.4,トカラ列島近海,29°21.4′N,129°17.8′E,20 km,2.5,震度１
2025/07/03,06:19:27.1,岩手県内陸南部,38°55.1′N,141°20.7′E,15 km,2.7,震度１
2025/07/03,06:40:00.0,トカラ列島近海,29°20.1′N,129°27.6′E,22 km,2.9,震度２
2025/07/03,06:41:57.7,トカラ列島近海,29°20.5′N,129°25.6′E,17 km,2.3,震度１
2025/07/03,06:49:15.2,トカラ列島近海,29°20.2′N,129°27.1′E,22 km,3.5,震度３
2025/07/03,06:51:30.8,トカラ列島近海,29°20.0′N,129°29.1′E,17 km,4.5,震度４
2025/07/03,06:53:22.4,トカラ列島近海,29°12.0′N,129°10.3′E,15 km,不明,震度２
2025/07/03,07:11:51.9,トカラ列島近海,29°22.9′N,129°21.1′E,29 km,2.3,震度１
2025/07/03,07:13:02.3,トカラ列島近海,29°21.0′N,129°27.5′E,24 km,2.4,震度１
2025/07/03,07:27:23.0,トカラ列島近海,29°19.3′N,129°30.0′E,15 km,2.8,震度１
2025/07/03,07:33:16.7,秋田県内陸南部,39°28.6′N,140°25.6′E,10 km,3.9,震度３
2025/07/03,07:36:49.3,秋田県内陸南部,39°28.8′N,140°25.6′E,9 km,2.4,震度１
2025/07/03,08:22:36.9,トカラ列島近海,29°19.3′N,129°29.1′E,17 km,3.1,震度２
2025/07/03,08:33:41.2,トカラ列島近海,29°18.7′N,129°30.8′E,20 km,2.8,震度２
2025/07/03,10:33:26.0,トカラ列島近海,29°20.0′N,129°29.4′E,18 km,4.3,震度３
2025/07/03,11:00:08.8,トカラ列島近海,29°19.6′N,129°28.7′E,16 km,2.5,震度１
2025/07/03,11:13:07.7,トカラ列島近海,29°20.1′N,129°24.9′E,14 km,2.8,震度１
2025/07/03,11:38:11.7,トカラ列島近海,29°17.2′N,129°32.7′E,14 km,2.0,震度１
2025/07/03,11:52:55.4,トカラ列島近海,29°20.1′N,129°26.0′E,20 km,3.1,震度２
2025/07/03,12:18:27.1,トカラ列島近海,29°19.6′N,129°28.1′E,21 km,2.3,震度１
2025/07/03,12:48:40.5,トカラ列島近海,29°18.1′N,129°31.7′E,18 km,2.4,震度１
2025/07/03,12:54:49.1,トカラ列島近海,29°18.4′N,129°29.5′E,20 km,2.5,震度１
2025/07/03,13:32:43.0,トカラ列島近海,29°19.5′N,129°29.3′E,29 km,2.6,震度１
2025/07/03,13:39:31.4,トカラ列島近海,29°20.5′N,129°29.5′E,15 km,2.9,震度２
2025/07/03,14:11:42.1,トカラ列島近海,29°21.9′N,129°14.4′E,4 km,2.8,震度１
2025/07/03,14:14:30.5,トカラ列島近海,29°17.0′N,129°32.0′E,14 km,2.9,震度２
2025/07/03,14:17:45.9,トカラ列島近海,29°17.1′N,129°31.6′E,12 km,2.6,震度１
2025/07/03,14:29:59.9,トカラ列島近海,29°14.7′N,129°34.1′E,6 km,2.4,震度１
2025/07/03,14:31:07.0,トカラ列島近海,29°18.4′N,129°30.7′E,19 km,4.6,震度４
2025/07/03,14:38:01.3,トカラ列島近海,29°16.9′N,129°31.3′E,14 km,2.7,震度１
2025/07/03,14:41:38.9,トカラ列島近海,29°17.9′N,129°28.4′E,22 km,2.3,震度１
2025/07/03,14:46:16.2,トカラ列島近海,29°18.4′N,129°34.5′E,9 km,2.5,震度１
2025/07/03,14:54:13.3,トカラ列島近海,29°17.8′N,129°33.2′E,15 km,2.6,震度１
2025/07/03,14:55:26.6,トカラ列島近海,29°24.7′N,129°27.9′E,0 km,2.4,震度１
2025/07/03,15:08:12.0,トカラ列島近海,29°19.5′N,129°25.3′E,16 km,2.6,震度１
2025/07/03,15:09:47.3,トカラ列島近海,29°18.8′N,129°31.8′E,17 km,3.5,震度２
2025/07/03,15:11:48.3,トカラ列島近海,29°20.5′N,129°25.8′E,21 km,4.8,震度４
2025/07/03,15:14:39.6,トカラ列島近海,29°20.3′N,129°25.6′E,22 km,不明,震度１
2025/07/03,15:15:14.0,トカラ列島近海,29°15.7′N,129°24.5′E,12 km,2.7,震度１
2025/07/03,15:18:11.6,トカラ列島近海,29°20.1′N,129°28.4′E,9 km,4.6,震度４
2025/07/03,15:19:57.6,トカラ列島近海,29°15.7′N,129°28.6′E,17 km,不明,震度１
2025/07/03,15:22:17.8,トカラ列島近海,29°17.4′N,129°30.2′E,14 km,不明,震度１
2025/07/03,15:24:19.1,トカラ列島近海,29°17.4′N,129°28.3′E,20 km,2.3,震度１
2025/07/03,15:26:46.8,トカラ列島近海,29°18.3′N,129°31.4′E,18 km,3.1,震度２
2025/07/03,15:27:11.0,トカラ列島近海,29°20.9′N,129°27.2′E,16 km,不明,震度２
2025/07/03,15:29:16.9,トカラ列島近海,29°14.3′N,129°10.3′E,22 km,不明,震度１
2025/07/03,15:30:54.7,トカラ列島近海,29°18.7′N,129°33.7′E,0 km,3.0,震度１
2025/07/03,15:31:36.8,トカラ列島近海,29°20.0′N,129°25.0′E,27 km,2.8,震度２
2025/07/03,15:32:18.0,トカラ列島近海,29°15.2′N,129°32.3′E,5 km,不明,震度１
2025/07/03,15:33:41.1,トカラ列島近海,29°19.2′N,129°33.2′E,13 km,3.2,震度２
2025/07/03,15:35:02.3,トカラ列島近海,29°21.0′N,129°30.2′E,23 km,3.8,震度４
2025/07/03,15:38:40.6,トカラ列島近海,29°16.2′N,129°30.5′E,6 km,不明,震度２
2025/07/03,15:40:50.0,トカラ列島近海,29°17.8′N,129°28.6′E,19 km,2.7,震度１
2025/07/03,15:41:55.6,トカラ列島近海,29°17.3′N,129°29.4′E,16 km,3.9,震度３
2025/07/03,15:43:29.4,トカラ列島近海,29°18.2′N,129°27.8′E,23 km,2.9,震度１
2025/07/03,15:45:41.5,トカラ列島近海,29°19.2′N,129°32.9′E,10 km,3.0,震度２
2025/07/03,15:46:27.3,トカラ列島近海,29°09.9′N,129°38.8′E,12 km,1.9,震度１
2025/07/03,15:48:04.7,トカラ列島近海,29°20.1′N,129°29.4′E,20 km,3.1,震度２
2025/07/03,15:49:47.8,トカラ列島近海,29°20.0′N,129°24.1′E,16 km,不明,震度１
2025/07/03,15:51:00.9,トカラ列島近海,29°19.6′N,129°30.2′E,20 km,3.5,震度２
2025/07/03,15:53:03.8,トカラ列島近海,29°12.6′N,129°29.8′E,32 km,3.1,震度２
2025/07/03,15:53:36.3,トカラ列島近海,29°21.9′N,129°24.6′E,30 km,3.0,震度２
2025/07/03,15:55:31.0,トカラ列島近海,29°18.4′N,129°26.7′E,25 km,2.2,震度１
2025/07/03,15:56:40.0,トカラ列島近海,29°17.1′N,129°27.1′E,18 km,不明,震度１
2025/07/03,15:57:09.0,トカラ列島近海,29°16.8′N,129°30.9′E,17 km,2.6,震度１
2025/07/03,15:58:57.7,トカラ列島近海,29°21.9′N,129°27.4′E,24 km,3.1,震度２
2025/07/03,15:59:41.0,トカラ列島近海,29°15.3′N,129°31.8′E,14 km,3.0,震度２
2025/07/03,16:00:21.7,トカラ列島近海,29°15.0′N,129°31.8′E,13 km,不明,震度１
2025/07/03,16:01:13.9,トカラ列島近海,29°14.3′N,129°34.4′E,6 km,3.0,震度２
2025/07/03,16:03:05.0,トカラ列島近海,29°20.3′N,129°32.2′E,20 km,3.3,震度３
2025/07/03,16:04:17.0,トカラ列島近海,29°20.7′N,129°29.5′E,18 km,4.2,震度３
2025/07/03,16:05:58.9,トカラ列島近海,29°15.8′N,129°31.9′E,16 km,不明,震度２
2025/07/03,16:07:01.2,トカラ列島近海,29°15.5′N,129°31.9′E,16 km,2.7,震度２
2025/07/03,16:07:50.9,トカラ列島近海,29°14.8′N,129°32.5′E,9 km,2.9,震度２
2025/07/03,16:09:50.1,トカラ列島近海,29°21.0′N,129°26.2′E,29 km,3.3,震度２
2025/07/03,16:11:09.3,トカラ列島近海,29°22.1′N,129°25.0′E,30 km,2.8,震度２
2025/07/03,16:13:01.3,トカラ列島近海,29°21.4′N,129°31.3′E,20 km,5.5,震度６弱
2025/07/03,16:14:32.9,トカラ列島近海,29°21.9′N,129°21.3′E,32 km,不明,震度３
2025/07/03,16:15:04.6,トカラ列島近海,29°18.0′N,129°25.0′E,19 km,不明,震度１
2025/07/03,16:16:36.8,トカラ列島近海,29°22.3′N,129°20.4′E,27 km,不明,震度１
2025/07/03,16:17:38.8,トカラ列島近海,29°20.3′N,129°28.8′E,25 km,不明,震度２
2025/07/03,16:18:16.7,トカラ列島近海,29°19.3′N,129°23.6′E,19 km,不明,震度１
2025/07/03,16:19:37.1,トカラ列島近海,29°25.1′N,129°20.2′E,29 km,2.6,震度１
2025/07/03,16:22:26.2,トカラ列島近海,29°22.9′N,129°20.7′E,27 km,2.6,震度１
2025/07/03,16:24:45.3,トカラ列島近海,29°15.2′N,129°38.2′E,14 km,2.6,震度１
2025/07/03,16:31:29.1,トカラ列島近海,29°19.6′N,129°30.1′E,20 km,2.0,震度１
2025/07/03,16:34:33.6,トカラ列島近海,29°20.2′N,129°29.4′E,23 km,2.1,震度１
2025/07/03,16:37:11.5,トカラ列島近海,29°19.8′N,129°33.6′E,10 km,不明,震度１
2025/07/03,16:37:56.6,トカラ列島近海,29°17.9′N,129°33.1′E,11 km,1.8,震度１
2025/07/03,16:39:09.4,トカラ列島近海,29°23.0′N,129°32.1′E,17 km,不明,震度１
2025/07/03,16:42:00.3,トカラ列島近海,29°19.1′N,129°34.0′E,1 km,2.7,震度２
2025/07/03,16:42:55.4,トカラ列島近海,29°17.8′N,129°13.1′E,6 km,2.7,震度１
2025/07/03,16:45:35.6,トカラ列島近海,29°18.0′N,129°33.3′E,12 km,2.4,震度１
2025/07/03,16:49:33.4,トカラ列島近海,29°16.7′N,129°43.0′E,1 km,2.7,震度１
2025/07/03,16:53:22.1,トカラ列島近海,29°21.1′N,129°34.8′E,13 km,2.5,震度１
2025/07/03,16:57:23.4,トカラ列島近海,29°21.6′N,129°36.2′E,5 km,2.6,震度２
2025/07/03,16:58:16.4,トカラ列島近海,29°17.4′N,129°33.4′E,11 km,2.2,震度１
2025/07/03,17:01:07.3,トカラ列島近海,29°21.5′N,129°30.8′E,19 km,2.1,震度１
2025/07/03,17:02:15.6,トカラ列島近海,29°21.9′N,129°18.7′E,0 km,不明,震度１
2025/07/03,17:03:53.5,トカラ列島近海,29°22.3′N,129°33.1′E,14 km,3.3,震度３
2025/07/03,17:17:51.2,トカラ列島近海,29°19.1′N,129°34.3′E,14 km,2.1,震度１
2025/07/03,17:21:44.4,トカラ列島近海,29°23.3′N,129°33.1′E,12 km,2.6,震度２
2025/07/03,17:22:47.1,トカラ列島近海,29°19.6′N,129°31.9′E,16 km,不明,震度１
2025/07/03,17:24:58.0,トカラ列島近海,29°22.6′N,129°20.7′E,30 km,2.1,震度１
2025/07/03,17:25:57.5,トカラ列島近海,29°17.2′N,129°30.8′E,19 km,3.2,震度３
2025/07/03,17:29:10.9,トカラ列島近海,29°22.4′N,129°21.6′E,13 km,3.0,震度１
2025/07/03,17:30:59.3,トカラ列島近海,29°23.0′N,129°25.8′E,12 km,2.5,震度１
2025/07/03,17:33:51.2,トカラ列島近海,29°19.0′N,129°30.5′E,11 km,2.6,震度１
2025/07/03,17:35:29.6,トカラ列島近海,29°21.7′N,129°27.9′E,6 km,2.5,震度１
2025/07/03,17:39:11.3,トカラ列島近海,29°18.2′N,129°27.8′E,27 km,2.4,震度２
2025/07/03,17:42:43.0,トカラ列島近海,29°18.8′N,129°31.3′E,19 km,2.5,震度１
2025/07/03,17:43:26.1,トカラ列島近海,29°19.8′N,129°30.5′E,19 km,2.4,震度１
2025/07/03,17:46:45.3,トカラ列島近海,29°19.1′N,129°34.1′E,9 km,2.6,震度１
2025/07/03,17:58:58.2,トカラ列島近海,29°21.5′N,129°27.7′E,9 km,2.6,震度１
2025/07/03,18:01:06.2,トカラ列島近海,29°27.0′N,129°24.9′E,25 km,2.0,震度１
2025/07/03,18:12:56.8,トカラ列島近海,29°24.3′N,129°22.6′E,28 km,1.5,震度１
2025/07/03,18:14:13.9,トカラ列島近海,29°28.1′N,129°23.4′E,30 km,1.9,震度１
2025/07/03,18:19:23.4,トカラ列島近海,29°18.0′N,129°33.3′E,7 km,3.0,震度２
2025/07/03,18:32:09.7,トカラ列島近海,29°17.6′N,129°31.6′E,9 km,2.2,震度１
2025/07/03,18:40:05.0,トカラ列島近海,29°21.3′N,129°31.0′E,12 km,2.6,震度１
2025/07/03,18:47:26.4,トカラ列島近海,29°21.2′N,129°32.9′E,9 km,1.9,震度１
2025/07/03,18:48:57.0,トカラ列島近海,29°22.7′N,129°32.3′E,10 km,2.8,震度２
2025/07/03,18:58:43.2,トカラ列島近海,29°23.5′N,129°30.9′E,20 km,2.3,震度１
2025/07/03,19:03:24.1,トカラ列島近海,29°22.2′N,129°33.1′E,9 km,2.6,震度２
2025/07/03,19:09:26.5,トカラ列島近海,29°20.8′N,129°32.4′E,13 km,2.1,震度１
2025/07/03,19:19:32.4,トカラ列島近海,29°20.6′N,129°30.3′E,19 km,2.8,震度１
2025/07/03,19:30:56.0,トカラ列島近海,29°19.9′N,129°31.3′E,14 km,2.6,震度２
2025/07/03,19:43:10.2,トカラ列島近海,29°24.5′N,129°36.8′E,5 km,2.1,震度１
2025/07/03,20:12:36.6,トカラ列島近海,29°19.4′N,129°26.5′E,15 km,2.5,震度１
2025/07/03,20:14:34.3,トカラ列島近海,29°19.1′N,129°33.6′E,7 km,2.4,震度１
2025/07/03,20:15:31.2,トカラ列島近海,29°20.6′N,129°34.1′E,17 km,2.1,震度１
2025/07/03,20:21:13.9,トカラ列島近海,29°23.0′N,129°31.6′E,13 km,2.9,震度２
2025/07/03,20:29:50.5,トカラ列島近海,29°21.2′N,129°37.1′E,5 km,2.3,震度１
2025/07/03,21:19:01.7,トカラ列島近海,29°19.6′N,129°29.9′E,18 km,3.1,震度２
2025/07/03,21:21:10.3,トカラ列島近海,29°28.8′N,129°24.1′E,28 km,2.3,震度１
2025/07/03,21:22:59.7,トカラ列島近海,29°21.0′N,129°36.7′E,1 km,1.9,震度１
2025/07/03,21:28:33.0,日向灘,32°41.9′N,132°19.5′E,38 km,4.0,震度２
2025/07/03,21:35:20.3,トカラ列島近海,29°18.0′N,129°33.0′E,0 km,2.9,震度２
2025/07/03,21:45:39.2,トカラ列島近海,29°26.0′N,129°35.8′E,7 km,1.9,震度１
2025/07/03,21:51:22.5,トカラ列島近海,29°21.9′N,129°32.8′E,3 km,2.2,震度１
2025/07/03,22:02:10.1,トカラ列島近海,29°20.3′N,129°33.4′E,5 km,2.1,震度１
2025/07/03,22:13:22.6,トカラ列島近海,29°20.5′N,129°28.9′E,22 km,4.2,震度３
2025/07/03,22:18:17.2,トカラ列島近海,29°22.4′N,129°36.0′E,15 km,2.8,震度３
2025/07/03,22:19:36.3,トカラ列島近海,29°26.6′N,129°35.7′E,5 km,不明,震度１
2025/07/03,22:20:45.3,トカラ列島近海,29°26.2′N,129°36.4′E,6 km,1.9,震度１
2025/07/03,22:23:31.7,トカラ列島近海,29°26.9′N,129°35.6′E,12 km,3.0,震度３
2025/07/03,22:35:47.0,トカラ列島近海,29°25.1′N,129°36.3′E,5 km,1.4,震度１
2025/07/03,22:37:14.6,トカラ列島近海,29°20.6′N,129°28.8′E,16 km,2.5,震度１
2025/07/03,22:45:17.9,トカラ列島近海,29°18.6′N,129°34.5′E,6 km,不明,震度１
2025/07/03,22:51:14.9,トカラ列島近海,29°21.7′N,129°29.7′E,19 km,2.0,震度１
2025/07/03,22:58:07.0,トカラ列島近海,29°27.1′N,129°35.0′E,10 km,2.8,震度２
2025/07/03,23:07:56.4,トカラ列島近海,29°19.8′N,129°31.5′E,18 km,2.8,震度２
2025/07/03,23:09:04.0,トカラ列島近海,29°24.6′N,129°37.1′E,6 km,不明,震度１
2025/07/03,23:14:15.3,トカラ列島近海,29°18.4′N,129°34.7′E,9 km,2.4,震度２
2025/07/03,23:17:03.0,トカラ列島近海,29°21.2′N,129°35.7′E,11 km,1.9,震度１
2025/07/03,23:23:25.4,トカラ列島近海,29°30.0′N,129°31.0′E,17 km,1.8,震度２
2025/07/03,23:25:52.1,トカラ列島近海,29°26.0′N,129°36.8′E,7 km,1.8,震度２
2025/07/03,23:38:54.2,トカラ列島近海,29°28.2′N,129°31.5′E,10 km,1.5,震度１
2025/07/04,00:02:58.7,トカラ列島近海,29°24.9′N,129°38.7′E,2 km,1.6,震度１
2025/07/04,00:03:55.6,トカラ列島近海,29°20.5′N,129°29.2′E,21 km,4.3,震度３
2025/07/04,00:13:52.1,トカラ列島近海,29°23.4′N,129°33.3′E,7 km,2.2,震度１
2025/07/04,00:16:18.8,トカラ列島近海,29°21.4′N,129°30.6′E,9 km,2.4,震度１
2025/07/04,00:23:19.3,トカラ列島近海,29°25.9′N,129°36.7′E,0 km,1.8,震度１
2025/07/04,00:26:58.8,トカラ列島近海,29°21.4′N,129°35.4′E,13 km,2.2,震度１
2025/07/04,00:38:58.2,トカラ列島近海,29°23.1′N,129°27.7′E,1 km,不明,震度１
2025/07/04,00:40:35.6,トカラ列島近海,29°22.0′N,129°19.8′E,18 km,2.9,震度２
2025/07/04,00:52:57.4,トカラ列島近海,29°20.2′N,129°36.2′E,8 km,2.1,震度１
2025/07/04,01:11:21.3,奄美大島近海,28°12.1′N,130°05.6′E,33 km,3.2,震度１
2025/07/04,01:57:27.5,トカラ列島近海,29°21.5′N,129°27.5′E,17 km,2.2,震度１
2025/07/04,02:03:56.6,トカラ列島近海,29°22.7′N,129°31.9′E,11 km,2.1,震度１
2025/07/04,02:24:32.5,トカラ列島近海,29°21.9′N,129°32.6′E,5 km,2.2,震度１
2025/07/04,02:41:26.5,トカラ列島近海,29°22.8′N,129°33.6′E,9 km,2.3,震度１
2025/07/04,02:59:30.1,トカラ列島近海,29°19.6′N,129°33.0′E,18 km,2.6,震度２
2025/07/04,03:06:38.9,トカラ列島近海,29°27.3′N,129°36.3′E,7 km,1.5,震度１
2025/07/04,03:30:29.2,トカラ列島近海,29°19.9′N,129°32.8′E,16 km,2.3,震度１
2025/07/04,03:34:36.3,トカラ列島近海,29°27.8′N,129°35.5′E,7 km,1.9,震度２
2025/07/04,03:55:45.1,トカラ列島近海,29°20.3′N,129°35.2′E,14 km,2.6,震度１
2025/07/04,03:57:15.4,トカラ列島近海,29°19.8′N,129°35.5′E,11 km,2.3,震度１
2025/07/04,04:00:44.1,トカラ列島近海,29°21.6′N,129°22.7′E,11 km,2.2,震度１
2025/07/04,04:03:23.1,トカラ列島近海,29°22.7′N,129°32.6′E,14 km,2.4,震度１
2025/07/04,04:09:21.1,トカラ列島近海,29°22.9′N,129°41.6′E,8 km,0.8,震度１
2025/07/04,04:14:52.9,トカラ列島近海,29°22.2′N,129°33.4′E,10 km,2.2,震度１
2025/07/04,04:34:27.9,トカラ列島近海,29°19.5′N,129°25.4′E,14 km,2.7,震度１
2025/07/04,04:35:45.0,トカラ列島近海,29°21.8′N,129°32.1′E,11 km,2.5,震度１
2025/07/04,04:38:24.8,トカラ列島近海,29°18.4′N,129°27.2′E,7 km,2.7,震度１
2025/07/04,04:39:42.6,トカラ列島近海,29°18.9′N,129°24.4′E,14 km,2.6,震度１
2025/07/04,04:46:28.8,トカラ列島近海,29°26.7′N,129°33.8′E,8 km,1.5,震度１
2025/07/04,05:00:18.5,トカラ列島近海,29°22.8′N,129°33.2′E,8 km,2.5,震度１
2025/07/04,05:10:27.6,トカラ列島近海,29°29.5′N,129°23.9′E,10 km,1.9,震度１
2025/07/04,05:17:11.5,トカラ列島近海,29°27.2′N,129°28.5′E,24 km,1.5,震度１
2025/07/04,06:14:04.1,トカラ列島近海,29°23.6′N,129°34.5′E,14 km,2.8,震度３
2025/07/04,06:40:30.2,トカラ列島近海,29°22.4′N,129°28.7′E,21 km,不明,震度１
2025/07/04,07:00:20.5,トカラ列島近海,29°22.1′N,129°32.7′E,13 km,2.6,震度１
2025/07/04,07:45:25.4,トカラ列島近海,29°24.1′N,129°32.5′E,16 km,2.4,震度１
2025/07/04,08:36:44.3,トカラ列島近海,29°20.7′N,129°26.5′E,16 km,2.4,震度１
2025/07/04,08:39:55.1,トカラ列島近海,29°20.3′N,129°27.7′E,22 km,3.6,震度３
2025/07/04,08:42:01.3,トカラ列島近海,29°18.0′N,129°33.1′E,16 km,2.5,震度１
2025/07/04,08:43:13.5,トカラ列島近海,29°18.5′N,129°32.1′E,17 km,2.6,震度１
2025/07/04,08:45:14.7,トカラ列島近海,29°20.9′N,129°29.8′E,18 km,2.9,震度２
2025/07/04,08:59:30.5,トカラ列島近海,29°16.7′N,129°29.0′E,22 km,2.2,震度１
2025/07/04,09:02:56.7,トカラ列島近海,29°21.1′N,129°29.5′E,23 km,4.3,震度４
2025/07/04,09:11:24.0,トカラ列島近海,29°18.1′N,129°32.7′E,12 km,2.2,震度１
2025/07/04,09:12:41.8,トカラ列島近海,29°17.6′N,129°35.1′E,8 km,2.3,震度１
2025/07/04,09:13:55.6,トカラ列島近海,29°20.1′N,129°28.8′E,18 km,3.2,震度２
2025/07/04,09:15:23.9,トカラ列島近海,29°18.2′N,129°31.9′E,19 km,2.6,震度１
2025/07/04,09:33:38.0,トカラ列島近海,29°20.3′N,129°28.2′E,24 km,2.7,震度１
2025/07/04,09:35:48.2,トカラ列島近海,29°19.0′N,129°32.4′E,16 km,2.2,震度１
2025/07/04,09:36:33.8,トカラ列島近海,29°21.4′N,129°32.1′E,20 km,2.6,震度１
2025/07/04,09:43:05.1,トカラ列島近海,29°19.7′N,129°30.8′E,16 km,2.3,震度１
2025/07/04,09:45:50.5,トカラ列島近海,29°19.1′N,129°30.9′E,17 km,3.2,震度２
2025/07/04,09:53:30.9,トカラ列島近海,29°19.1′N,129°29.5′E,15 km,2.5,震度１
2025/07/04,09:57:25.3,トカラ列島近海,29°19.6′N,129°32.2′E,19 km,2.6,震度１
2025/07/04,09:58:18.6,トカラ列島近海,29°22.2′N,129°27.1′E,24 km,3.5,震度３
2025/07/04,09:59:09.8,トカラ列島近海,29°18.0′N,129°33.8′E,8 km,不明,震度２
2025/07/04,09:59:55.3,トカラ列島近海,29°15.7′N,129°24.7′E,20 km,不明,震度１
2025/07/04,10:06:13.9,トカラ列島近海,29°21.9′N,129°26.3′E,22 km,2.5,震度１
2025/07/04,10:07:49.6,トカラ列島近海,29°19.6′N,129°31.1′E,16 km,3.7,震度３
2025/07/04,10:11:22.1,トカラ列島近海,29°20.9′N,129°30.2′E,14 km,2.4,震度１
2025/07/04,10:14:47.0,トカラ列島近海,29°19.7′N,129°28.2′E,14 km,2.3,震度１
2025/07/04,10:17:39.0,トカラ列島近海,29°20.4′N,129°29.6′E,20 km,3.2,震度２
2025/07/04,10:19:52.7,トカラ列島近海,29°19.8′N,129°29.9′E,18 km,2.9,震度３
2025/07/04,10:27:07.7,トカラ列島近海,29°23.0′N,129°27.2′E,26 km,2.3,震度１
2025/07/04,10:33:37.8,トカラ列島近海,29°18.9′N,129°31.7′E,12 km,2.2,震度１
2025/07/04,10:35:49.2,トカラ列島近海,29°17.1′N,129°34.2′E,11 km,3.0,震度２
2025/07/04,10:41:03.6,トカラ列島近海,29°20.1′N,129°30.1′E,15 km,2.5,震度１
2025/07/04,10:57:35.5,トカラ列島近海,29°19.8′N,129°36.0′E,13 km,2.0,震度１
2025/07/04,11:05:49.3,トカラ列島近海,29°25.9′N,129°33.8′E,8 km,2.5,震度２
2025/07/04,11:17:19.0,トカラ列島近海,29°20.2′N,129°30.6′E,18 km,2.6,震度１
2025/07/04,11:38:35.3,トカラ列島近海,29°21.5′N,129°27.7′E,19 km,2.8,震度２
2025/07/04,12:01:30.3,トカラ列島近海,29°21.8′N,129°33.2′E,15 km,1.8,震度１
2025/07/04,12:06:43.5,日向灘,32°02.0′N,131°52.4′E,25 km,3.0,震度１
2025/07/04,12:20:26.5,トカラ列島近海,29°20.8′N,129°28.7′E,22 km,4.4,震度４
2025/07/04,12:23:19.9,トカラ列島近海,29°19.9′N,129°29.6′E,24 km,2.2,震度１
2025/07/04,12:24:31.8,トカラ列島近海,29°19.0′N,129°24.0′E,26 km,2.3,震度１
2025/07/04,12:48:32.1,トカラ列島近海,29°28.8′N,129°24.0′E,23 km,不明,震度１
2025/07/04,12:54:19.8,トカラ列島近海,29°37.8′N,129°33.3′E,0 km,1.4,震度１
2025/07/04,13:06:01.0,日向灘,31°31.3′N,131°44.5′E,26 km,3.8,震度１
2025/07/04,13:09:41.5,トカラ列島近海,29°20.2′N,129°29.2′E,20 km,3.0,震度１
2025/07/04,13:22:03.0,トカラ列島近海,29°18.5′N,129°30.9′E,17 km,2.7,震度２
2025/07/04,13:33:42.5,トカラ列島近海,29°19.2′N,129°33.2′E,15 km,2.0,震度１
2025/07/04,13:50:44.4,トカラ列島近海,29°20.8′N,129°26.6′E,19 km,3.8,震度３
2025/07/04,13:52:34.7,トカラ列島近海,29°21.3′N,129°27.0′E,24 km,3.4,震度２
2025/07/04,14:07:54.2,千葉県東方沖,35°19.3′N,140°36.1′E,44 km,3.0,震度１
2025/07/04,14:14:20.1,トカラ列島近海,29°22.0′N,129°21.7′E,23 km,2.7,震度１
2025/07/04,14:26:48.2,トカラ列島近海,29°12.9′N,129°12.4′E,11 km,2.1,震度１
2025/07/04,14:36:22.6,トカラ列島近海,29°23.4′N,129°32.8′E,16 km,3.6,震度３
2025/07/04,14:38:23.7,トカラ列島近海,29°16.8′N,129°17.1′E,5 km,不明,震度１
2025/07/04,14:41:17.0,トカラ列島近海,29°23.9′N,129°30.9′E,13 km,2.4,震度１
2025/07/04,14:51:37.1,トカラ列島近海,29°22.4′N,129°32.6′E,1 km,2.7,震度１
2025/07/04,15:10:52.2,トカラ列島近海,29°20.3′N,129°21.6′E,32 km,2.9,震度２
2025/07/04,15:56:16.7,トカラ列島近海,29°19.6′N,129°29.7′E,15 km,2.2,震度１
2025/07/04,16:14:40.4,トカラ列島近海,29°17.6′N,129°35.5′E,20 km,2.4,震度１
2025/07/04,16:41:35.1,トカラ列島近海,29°20.8′N,129°30.5′E,16 km,2.3,震度１
2025/07/04,16:51:36.1,トカラ列島近海,29°25.8′N,129°24.4′E,30 km,2.0,震度１
2025/07/04,16:56:46.6,岩手県沿岸北部,39°36.3′N,142°00.2′E,56 km,4.0,震度２
2025/07/04,17:36:55.9,トカラ列島近海,29°23.1′N,129°30.5′E,21 km,2.3,震度１
2025/07/04,17:48:08.7,トカラ列島近海,29°20.9′N,129°27.2′E,22 km,2.4,震度１
2025/07/04,17:49:58.5,トカラ列島近海,29°19.6′N,129°28.7′E,18 km,2.2,震度１
2025/07/04,17:51:27.2,トカラ列島近海,29°21.5′N,129°30.1′E,23 km,2.4,震度１
2025/07/04,17:53:13.3,トカラ列島近海,29°19.3′N,129°29.9′E,18 km,2.5,震度１
2025/07/04,18:12:23.6,トカラ列島近海,29°20.1′N,129°27.5′E,26 km,2.2,震度１
2025/07/04,18:20:00.9,トカラ列島近海,29°20.5′N,129°28.0′E,18 km,4.4,震度４
2025/07/04,18:30:15.5,トカラ列島近海,29°21.9′N,129°25.4′E,20 km,2.5,震度１
2025/07/04,18:36:08.1,トカラ列島近海,29°18.7′N,129°30.5′E,16 km,3.3,震度３
2025/07/04,18:45:12.5,トカラ列島近海,29°21.7′N,129°28.2′E,19 km,2.9,震度２
2025/07/04,19:12:49.3,トカラ列島近海,29°20.7′N,129°29.1′E,20 km,2.9,震度２
2025/07/04,19:23:40.4,トカラ列島近海,29°20.5′N,129°27.7′E,16 km,2.5,震度１
2025/07/04,19:28:26.7,トカラ列島近海,29°19.8′N,129°29.1′E,13 km,2.4,震度１
2025/07/04,20:06:48.4,トカラ列島近海,29°19.6′N,129°27.8′E,14 km,2.2,震度１
2025/07/04,20:54:04.5,トカラ列島近海,29°20.5′N,129°29.8′E,18 km,2.3,震度１
2025/07/04,20:56:17.0,トカラ列島近海,29°19.0′N,129°30.3′E,16 km,2.2,震度１
2025/07/04,21:31:29.2,トカラ列島近海,29°23.0′N,129°35.1′E,8 km,3.1,震度２
2025/07/04,21:45:02.8,トカラ列島近海,29°21.0′N,129°27.8′E,20 km,2.6,震度１
2025/07/04,22:09:29.5,トカラ列島近海,29°21.9′N,129°30.1′E,19 km,2.9,震度２
2025/07/04,22:47:40.3,トカラ列島近海,29°19.7′N,129°30.2′E,9 km,2.5,震度１
2025/07/04,23:04:35.2,トカラ列島近海,29°22.5′N,129°32.6′E,12 km,2.4,震度１
2025/07/04,23:45:11.8,トカラ列島近海,29°21.5′N,129°26.2′E,17 km,2.3,震度１
2025/07/04,23:52:44.3,トカラ列島近海,29°18.3′N,129°30.2′E,0 km,2.9,震度１
2025/07/05,00:18:18.9,トカラ列島近海,29°20.2′N,129°31.5′E,16 km,2.2,震度１
2025/07/05,00:56:40.0,トカラ列島近海,29°21.6′N,129°29.9′E,22 km,3.0,震度２
2025/07/05,01:00:05.8,トカラ列島近海,29°20.4′N,129°29.6′E,21 km,3.1,震度２
2025/07/05,01:29:56.2,トカラ列島近海,29°19.5′N,129°25.5′E,24 km,2.1,震度１
2025/07/05,01:40:24.6,トカラ列島近海,29°20.4′N,129°28.0′E,22 km,3.0,震度２
2025/07/05,02:04:48.4,トカラ列島近海,29°20.9′N,129°28.9′E,20 km,3.1,震度２
2025/07/05,02:28:09.1,トカラ列島近海,29°24.9′N,129°21.3′E,27 km,2.4,震度１
2025/07/05,02:35:58.1,茨城県南部,36°03.3′N,139°52.6′E,45 km,3.1,震度１
2025/07/05,02:58:03.8,トカラ列島近海,29°17.8′N,129°25.8′E,17 km,4.6,震度４
2025/07/05,03:00:49.0,トカラ列島近海,29°17.4′N,129°29.8′E,11 km,不明,震度１
2025/07/05,03:02:40.1,トカラ列島近海,29°19.4′N,129°30.4′E,17 km,4.3,震度３
2025/07/05,03:06:10.6,トカラ列島近海,29°15.5′N,129°30.0′E,11 km,2.7,震度１
2025/07/05,03:08:43.1,トカラ列島近海,29°18.9′N,129°30.3′E,8 km,2.4,震度１
2025/07/05,03:12:17.7,トカラ列島近海,29°18.2′N,129°31.9′E,11 km,3.0,震度２
2025/07/05,03:14:35.5,福島県沖,36°41.9′N,142°02.6′E,18 km,4.9,震度２
2025/07/05,03:15:35.7,トカラ列島近海,29°10.7′N,129°06.9′E,7 km,2.3,震度１
2025/07/05,03:17:42.3,トカラ列島近海,29°21.5′N,129°26.5′E,24 km,3.5,震度３
2025/07/05,03:19:16.8,トカラ列島近海,29°16.6′N,129°38.2′E,25 km,不明,震度１
2025/07/05,03:24:21.9,トカラ列島近海,29°20.4′N,129°28.4′E,17 km,2.8,震度２
2025/07/05,03:25:20.6,トカラ列島近海,29°20.9′N,129°29.0′E,18 km,2.9,震度２
2025/07/05,03:28:02.2,トカラ列島近海,29°20.6′N,129°28.4′E,22 km,2.8,震度１
2025/07/05,03:29:21.9,トカラ列島近海,29°21.3′N,129°15.3′E,31 km,2.2,震度１
2025/07/05,03:31:46.5,トカラ列島近海,29°21.8′N,129°27.7′E,16 km,2.8,震度１
2025/07/05,03:40:20.0,トカラ列島近海,29°20.9′N,129°24.1′E,26 km,1.4,震度１
2025/07/05,03:44:37.0,トカラ列島近海,29°21.0′N,129°29.0′E,22 km,4.8,震度４
2025/07/05,03:47:23.8,トカラ列島近海,29°23.1′N,129°25.4′E,27 km,2.7,震度１
2025/07/05,03:53:45.5,トカラ列島近海,29°21.7′N,129°28.6′E,17 km,2.4,震度１
2025/07/05,03:55:33.1,トカラ列島近海,29°14.0′N,129°37.6′E,9 km,2.1,震度１
2025/07/05,04:06:28.3,トカラ列島近海,29°19.1′N,129°29.4′E,19 km,3.5,震度３
2025/07/05,04:12:03.7,トカラ列島近海,29°19.7′N,129°31.1′E,15 km,2.7,震度１
2025/07/05,04:15:21.3,トカラ列島近海,29°20.3′N,129°30.1′E,17 km,2.7,震度１
2025/07/05,04:33:04.0,トカラ列島近海,29°19.3′N,129°31.2′E,14 km,2.4,震度１
2025/07/05,04:37:24.7,トカラ列島近海,29°19.5′N,129°29.3′E,19 km,3.0,震度２
2025/07/05,04:39:33.6,トカラ列島近海,29°19.3′N,129°29.5′E,18 km,2.4,震度１
2025/07/05,04:43:56.1,トカラ列島近海,29°20.4′N,129°27.2′E,17 km,3.1,震度２
2025/07/05,04:45:25.8,トカラ列島近海,29°17.7′N,129°12.7′E,25 km,3.0,震度１
2025/07/05,04:50:09.8,トカラ列島近海,29°20.8′N,129°31.4′E,20 km,3.3,震度３
2025/07/05,04:51:56.8,トカラ列島近海,29°19.8′N,129°27.2′E,15 km,3.1,震度２
2025/07/05,05:10:51.1,トカラ列島近海,29°18.6′N,129°31.2′E,12 km,2.5,震度１
2025/07/05,05:17:24.9,トカラ列島近海,29°23.1′N,129°31.6′E,22 km,2.7,震度２
2025/07/05,05:25:38.9,トカラ列島近海,29°20.7′N,129°31.5′E,21 km,2.7,震度２
2025/07/05,05:28:23.5,トカラ列島近海,29°20.3′N,129°29.8′E,18 km,2.5,震度１
2025/07/05,06:03:43.2,トカラ列島近海,29°18.9′N,129°27.6′E,21 km,2.6,震度１
2025/07/05,06:29:39.5,トカラ列島近海,29°20.1′N,129°28.2′E,19 km,5.4,震度５強
2025/07/05,06:34:02.6,トカラ列島近海,29°18.1′N,129°29.8′E,13 km,3.5,震度２
2025/07/05,06:37:02.7,トカラ列島近海,29°22.0′N,129°24.3′E,24 km,不明,震度１
2025/07/05,06:37:50.4,トカラ列島近海,29°20.1′N,129°26.5′E,9 km,3.0,震度２
2025/07/05,06:43:45.3,トカラ列島近海,29°19.3′N,129°28.3′E,13 km,2.5,震度２
2025/07/05,06:45:46.3,トカラ列島近海,29°21.3′N,129°27.4′E,21 km,2.4,震度１
2025/07/05,06:50:02.2,トカラ列島近海,29°19.5′N,129°27.1′E,12 km,2.3,震度１
2025/07/05,07:02:35.6,トカラ列島近海,29°17.5′N,129°26.0′E,18 km,2.9,震度２
2025/07/05,07:06:32.7,トカラ列島近海,29°19.0′N,129°32.6′E,1 km,2.6,震度１
2025/07/05,07:09:47.6,トカラ列島近海,29°19.3′N,129°32.2′E,14 km,2.4,震度１
2025/07/05,07:12:26.3,トカラ列島近海,29°19.9′N,129°28.6′E,4 km,2.4,震度１
2025/07/05,07:13:49.9,トカラ列島近海,29°21.4′N,129°29.1′E,16 km,3.1,震度２
2025/07/05,07:15:15.3,トカラ列島近海,29°22.1′N,129°25.6′E,20 km,不明,震度１
2025/07/05,07:17:21.1,トカラ列島近海,29°20.4′N,129°23.5′E,19 km,3.4,震度３
2025/07/05,07:20:25.8,トカラ列島近海,29°22.0′N,129°28.9′E,16 km,2.6,震度２
2025/07/05,07:30:01.0,トカラ列島近海,29°20.9′N,129°26.3′E,11 km,2.8,震度１
2025/07/05,07:31:04.2,トカラ列島近海,29°22.5′N,129°34.4′E,15 km,1.8,震度１
2025/07/05,07:38:42.5,トカラ列島近海,29°19.2′N,129°29.6′E,18 km,2.7,震度１
2025/07/05,08:05:38.8,トカラ列島近海,29°21.7′N,129°30.6′E,15 km,2.4,震度１
2025/07/05,08:08:36.2,トカラ列島近海,29°22.2′N,129°31.8′E,10 km,2.7,震度２
2025/07/05,08:40:29.6,トカラ列島近海,29°21.0′N,129°30.1′E,13 km,2.4,震度１
2025/07/05,08:43:10.4,トカラ列島近海,29°23.8′N,129°27.5′E,13 km,2.4,震度１
2025/07/05,08:45:44.8,トカラ列島近海,29°20.2′N,129°31.3′E,11 km,2.3,震度１
2025/07/05,08:57:17.6,トカラ列島近海,29°21.4′N,129°39.7′E,8 km,2.4,震度２
2025/07/05,08:59:15.6,トカラ列島近海,29°25.0′N,129°35.0′E,3 km,2.1,震度１
2025/07/05,09:01:53.8,トカラ列島近海,29°24.6′N,129°35.1′E,3 km,2.1,震度１
2025/07/05,09:09:07.6,トカラ列島近海,29°20.0′N,129°29.1′E,9 km,2.6,震度１
2025/07/05,09:33:24.5,トカラ列島近海,29°19.8′N,129°27.9′E,17 km,2.6,震度１
2025/07/05,09:54:43.5,トカラ列島近海,29°21.3′N,129°33.2′E,18 km,3.0,震度２
2025/07/05,10:18:41.5,トカラ列島近海,29°21.2′N,129°34.5′E,11 km,2.2,震度１
2025/07/05,10:32:09.2,トカラ列島近海,29°18.2′N,129°30.0′E,20 km,2.3,震度１
2025/07/05,10:32:54.5,トカラ列島近海,29°22.5′N,129°25.4′E,26 km,2.2,震度１
2025/07/05,10:52:58.9,トカラ列島近海,29°21.8′N,129°25.4′E,17 km,2.5,震度１
2025/07/05,10:56:35.7,トカラ列島近海,29°21.4′N,129°35.1′E,13 km,2.0,震度１
2025/07/05,11:02:19.6,トカラ列島近海,29°21.6′N,129°31.9′E,7 km,2.4,震度１
2025/07/05,11:03:13.1,トカラ列島近海,29°22.0′N,129°31.4′E,6 km,2.5,震度１
2025/07/05,11:16:18.9,トカラ列島近海,29°22.4′N,129°32.2′E,12 km,2.8,震度２
2025/07/05,11:56:26.3,トカラ列島近海,29°22.4′N,129°31.6′E,4 km,1.9,震度１
2025/07/05,12:00:33.4,トカラ列島近海,29°18.0′N,129°34.6′E,14 km,2.4,震度１
2025/07/05,12:36:00.1,トカラ列島近海,29°18.9′N,129°29.7′E,7 km,2.3,震度１
2025/07/05,12:41:18.4,トカラ列島近海,29°20.7′N,129°31.0′E,17 km,2.5,震度１
2025/07/05,12:44:30.3,トカラ列島近海,29°21.0′N,129°34.8′E,13 km,3.2,震度３
2025/07/05,12:47:42.5,トカラ列島近海,29°20.5′N,129°27.1′E,22 km,4.7,震度３
2025/07/05,13:59:43.4,トカラ列島近海,29°20.2′N,129°36.1′E,4 km,2.4,震度１
2025/07/05,14:25:53.9,トカラ列島近海,29°20.8′N,129°26.2′E,24 km,1.8,震度１
2025/07/05,14:44:40.9,トカラ列島近海,29°20.9′N,129°36.1′E,8 km,2.6,震度２
2025/07/05,14:52:15.6,トカラ列島近海,29°19.1′N,129°31.0′E,16 km,2.7,震度１
2025/07/05,15:42:22.3,トカラ列島近海,29°21.7′N,129°32.7′E,21 km,2.2,震度１
2025/07/05,16:07:30.3,トカラ列島近海,29°18.3′N,129°29.5′E,12 km,2.8,震度１
2025/07/05,16:10:25.3,トカラ列島近海,29°19.4′N,129°29.5′E,15 km,2.6,震度１
2025/07/05,16:12:28.5,トカラ列島近海,29°19.9′N,129°28.2′E,14 km,2.9,震度２
2025/07/05,16:15:26.2,トカラ列島近海,29°19.3′N,129°29.4′E,16 km,2.9,震度２
2025/07/05,16:16:36.7,トカラ列島近海,29°19.7′N,129°28.0′E,21 km,4.1,震度４
2025/07/05,16:18:56.3,トカラ列島近海,29°20.2′N,129°28.4′E,19 km,3.9,震度３
2025/07/05,16:23:25.8,トカラ列島近海,29°20.7′N,129°28.3′E,18 km,2.5,震度１
2025/07/05,16:24:32.4,トカラ列島近海,29°17.7′N,129°33.7′E,9 km,2.6,震度１
2025/07/05,16:28:19.3,トカラ列島近海,29°20.6′N,129°28.1′E,19 km,3.2,震度２
2025/07/05,16:29:02.3,トカラ列島近海,29°16.1′N,129°26.7′E,15 km,3.0,震度１
2025/07/05,16:33:23.0,トカラ列島近海,29°19.8′N,129°28.2′E,20 km,3.9,震度２
2025/07/05,16:38:52.1,トカラ列島近海,29°22.8′N,129°25.3′E,26 km,4.0,震度３
2025/07/05,16:40:28.1,トカラ列島近海,29°18.5′N,129°28.6′E,21 km,2.4,震度１
2025/07/05,16:50:09.2,トカラ列島近海,29°22.5′N,129°21.4′E,15 km,3.3,震度１
2025/07/05,16:53:24.5,トカラ列島近海,29°18.6′N,129°29.9′E,15 km,2.6,震度１
2025/07/05,16:57:14.7,トカラ列島近海,29°18.7′N,129°25.4′E,15 km,3.9,震度２
2025/07/05,16:57:50.8,トカラ列島近海,29°20.8′N,129°16.9′E,25 km,3.4,震度２
2025/07/05,17:52:42.5,トカラ列島近海,29°19.2′N,129°30.1′E,18 km,3.0,震度１
2025/07/05,18:15:29.5,トカラ列島近海,29°20.1′N,129°33.6′E,11 km,2.7,震度１
2025/07/05,18:36:32.9,トカラ列島近海,29°20.2′N,129°31.3′E,16 km,2.8,震度２
2025/07/05,18:52:59.3,トカラ列島近海,29°19.4′N,129°27.2′E,19 km,2.5,震度１
2025/07/05,19:05:31.5,岩手県沖,39°48.3′N,142°32.2′E,44 km,3.6,震度１
2025/07/05,19:07:33.6,トカラ列島近海,29°20.6′N,129°21.2′E,15 km,2.8,震度１
2025/07/05,19:10:02.3,熊本県熊本地方,32°29.8′N,130°33.6′E,11 km,3.0,震度１
2025/07/05,19:12:59.7,トカラ列島近海,29°19.6′N,129°28.2′E,19 km,2.9,震度１
2025/07/05,19:24:49.8,トカラ列島近海,29°19.3′N,129°30.2′E,17 km,3.3,震度２
2025/07/05,19:25:33.6,トカラ列島近海,29°32.8′N,129°15.2′E,18 km,不明,震度１
2025/07/05,19:49:13.3,トカラ列島近海,29°18.1′N,129°29.3′E,19 km,2.4,震度１
2025/07/05,20:12:06.0,トカラ列島近海,29°19.3′N,129°26.6′E,17 km,2.4,震度１
2025/07/05,20:14:14.2,トカラ列島近海,29°17.9′N,129°32.1′E,14 km,2.5,震度１
2025/07/05,20:20:15.6,トカラ列島近海,29°20.4′N,129°25.0′E,23 km,2.1,震度１
2025/07/05,20:25:38.3,トカラ列島近海,29°20.1′N,129°27.3′E,16 km,2.8,震度２
2025/07/05,20:26:11.2,トカラ列島近海,29°20.0′N,129°27.9′E,14 km,3.5,震度２
2025/07/05,20:28:39.1,トカラ列島近海,29°19.6′N,129°26.4′E,19 km,2.8,震度１
2025/07/05,20:30:09.4,トカラ列島近海,29°16.7′N,129°16.7′E,3 km,2.7,震度１
2025/07/05,20:31:00.5,トカラ列島近海,29°18.2′N,129°29.9′E,10 km,2.8,震度１
2025/07/05,20:34:08.1,トカラ列島近海,29°19.8′N,129°28.9′E,17 km,2.9,震度１
2025/07/05,20:35:29.3,トカラ列島近海,29°18.2′N,129°29.4′E,11 km,2.6,震度１
2025/07/05,20:37:33.2,トカラ列島近海,29°17.6′N,129°29.3′E,14 km,2.9,震度２
2025/07/05,20:40:10.6,トカラ列島近海,29°17.1′N,129°29.3′E,14 km,2.5,震度１
2025/07/05,20:48:04.0,トカラ列島近海,29°17.3′N,129°29.4′E,10 km,2.8,震度１
2025/07/05,20:52:52.4,トカラ列島近海,29°17.2′N,129°31.1′E,6 km,2.6,震度１
2025/07/05,22:12:58.5,トカラ列島近海,29°19.9′N,129°27.4′E,22 km,2.6,震度２
2025/07/05,22:38:35.0,トカラ列島近海,29°21.2′N,129°24.4′E,28 km,2.8,震度１
2025/07/05,22:47:04.8,トカラ列島近海,29°21.1′N,129°28.9′E,23 km,2.9,震度２
2025/07/05,22:49:13.0,トカラ列島近海,29°21.1′N,129°29.2′E,21 km,3.3,震度３
2025/07/05,22:59:34.6,トカラ列島近海,29°20.3′N,129°27.8′E,20 km,3.3,震度３
2025/07/05,23:05:08.3,トカラ列島近海,29°23.2′N,129°26.8′E,17 km,2.2,震度１
2025/07/05,23:11:00.1,トカラ列島近海,29°20.7′N,129°29.4′E,22 km,2.8,震度２
2025/07/05,23:33:26.2,トカラ列島近海,29°19.6′N,129°27.6′E,20 km,2.4,震度１
2025/07/05,23:39:39.3,トカラ列島近海,29°20.4′N,129°26.1′E,21 km,2.5,震度１
2025/07/06,00:12:46.3,トカラ列島近海,29°18.6′N,129°32.0′E,18 km,2.6,震度１
2025/07/06,00:30:11.2,トカラ列島近海,29°17.8′N,129°27.2′E,12 km,3.9,震度２
2025/07/06,00:38:29.0,トカラ列島近海,29°20.1′N,129°22.4′E,22 km,3.2,震度３
2025/07/06,01:00:08.0,トカラ列島近海,29°18.0′N,129°26.9′E,13 km,2.3,震度１
2025/07/06,01:10:45.1,トカラ列島近海,29°18.5′N,129°31.1′E,21 km,2.8,震度２
2025/07/06,01:44:20.4,トカラ列島近海,29°21.4′N,129°24.1′E,21 km,2.4,震度１
2025/07/06,01:57:14.6,トカラ列島近海,29°18.1′N,129°20.2′E,36 km,4.0,震度１
2025/07/06,03:55:39.2,トカラ列島近海,29°20.1′N,129°28.8′E,20 km,3.0,震度１
2025/07/06,04:20:16.6,トカラ列島近海,29°25.6′N,129°36.7′E,6 km,1.9,震度２
2025/07/06,04:33:02.0,トカラ列島近海,29°21.3′N,129°34.9′E,9 km,2.5,震度１
2025/07/06,04:37:03.8,トカラ列島近海,29°20.1′N,129°31.1′E,19 km,2.9,震度２
2025/07/06,04:40:27.9,トカラ列島近海,29°23.2′N,129°33.8′E,5 km,2.1,震度１
2025/07/06,04:42:58.8,トカラ列島近海,29°21.7′N,129°34.2′E,9 km,2.2,震度１
2025/07/06,04:45:12.4,トカラ列島近海,29°20.3′N,129°25.1′E,18 km,3.2,震度２
2025/07/06,04:49:11.0,トカラ列島近海,29°20.1′N,129°27.5′E,20 km,3.3,震度２
2025/07/06,04:52:55.4,トカラ列島近海,29°20.7′N,129°32.4′E,16 km,2.8,震度２
2025/07/06,05:18:03.3,トカラ列島近海,29°21.3′N,129°33.0′E,0 km,2.3,震度１
2025/07/06,05:20:05.4,トカラ列島近海,29°25.4′N,129°32.0′E,17 km,2.0,震度１
2025/07/06,05:50:02.1,トカラ列島近海,29°22.0′N,129°35.3′E,13 km,2.7,震度２
2025/07/06,05:51:00.9,トカラ列島近海,29°20.4′N,129°27.1′E,19 km,2.8,震度１
2025/07/06,06:07:54.0,トカラ列島近海,29°19.6′N,129°27.2′E,15 km,3.3,震度２
2025/07/06,06:24:13.3,トカラ列島近海,29°17.3′N,129°31.7′E,14 km,2.7,震度１
2025/07/06,06:32:14.9,トカラ列島近海,29°21.8′N,129°24.2′E,19 km,2.4,震度１
2025/07/06,06:53:54.4,トカラ列島近海,29°21.3′N,129°32.3′E,1 km,2.3,震度１
2025/07/06,07:07:25.0,トカラ列島近海,29°25.5′N,129°29.7′E,18 km,3.2,震度２
2025/07/06,07:41:33.8,トカラ列島近海,29°18.9′N,129°29.2′E,14 km,2.5,震度１
2025/07/06,07:54:19.9,トカラ列島近海,29°20.0′N,129°30.6′E,15 km,2.4,震度１
2025/07/06,07:55:52.0,トカラ列島近海,29°18.7′N,129°32.9′E,17 km,2.6,震度１
2025/07/06,08:17:18.0,トカラ列島近海,29°20.3′N,129°30.3′E,14 km,2.4,震度１
2025/07/06,08:34:30.5,トカラ列島近海,29°20.0′N,129°28.9′E,18 km,2.6,震度１
2025/07/06,10:26:01.4,トカラ列島近海,29°22.7′N,129°33.7′E,3 km,2.4,震度１
2025/07/06,11:00:41.7,トカラ列島近海,29°22.8′N,129°34.3′E,7 km,2.2,震度１
2025/07/06,11:01:23.7,トカラ列島近海,29°20.2′N,129°28.2′E,5 km,2.5,震度１
2025/07/06,11:11:43.3,トカラ列島近海,29°18.8′N,129°27.2′E,16 km,1.8,震度１
2025/07/06,11:13:23.3,トカラ列島近海,29°20.4′N,129°32.1′E,13 km,2.3,震度１
2025/07/06,11:21:26.7,トカラ列島近海,29°27.2′N,129°33.4′E,11 km,2.5,震度２
2025/07/06,11:48:23.3,トカラ列島近海,29°17.2′N,129°29.6′E,12 km,2.2,震度１
2025/07/06,11:55:47.4,トカラ列島近海,29°20.3′N,129°32.0′E,14 km,不明,震度１
2025/07/06,11:58:03.6,トカラ列島近海,29°19.2′N,129°32.8′E,17 km,2.9,震度２
2025/07/06,12:00:08.8,トカラ列島近海,29°21.4′N,129°32.1′E,8 km,不明,震度１
2025/07/06,12:04:35.6,トカラ列島近海,29°16.7′N,129°31.7′E,16 km,3.3,震度３
2025/07/06,12:11:26.1,トカラ列島近海,29°19.4′N,129°32.1′E,15 km,2.7,震度２
2025/07/06,12:12:35.9,トカラ列島近海,29°20.4′N,129°27.6′E,23 km,2.6,震度１
2025/07/06,12:16:21.3,トカラ列島近海,29°17.5′N,129°29.5′E,25 km,2.4,震度１
2025/07/06,12:17:34.2,トカラ列島近海,29°17.0′N,129°30.0′E,22 km,2.8,震度１
2025/07/06,12:18:32.1,トカラ列島近海,29°17.1′N,129°30.3′E,18 km,2.4,震度１
2025/07/06,12:21:45.8,トカラ列島近海,29°16.3′N,129°31.6′E,11 km,2.5,震度１
2025/07/06,12:24:33.1,トカラ列島近海,29°17.5′N,129°29.0′E,17 km,2.2,震度１
2025/07/06,12:25:57.2,トカラ列島近海,29°23.7′N,129°36.2′E,10 km,2.6,震度２
2025/07/06,12:27:54.1,トカラ列島近海,29°21.1′N,129°31.1′E,20 km,3.5,震度３
2025/07/06,12:30:12.4,トカラ列島近海,29°17.4′N,129°31.5′E,8 km,2.8,震度１
2025/07/06,12:33:59.8,トカラ列島近海,29°18.7′N,129°27.0′E,22 km,不明,震度１
2025/07/06,12:34:46.0,トカラ列島近海,29°25.4′N,129°33.4′E,14 km,不明,震度２
2025/07/06,12:36:00.4,トカラ列島近海,29°19.2′N,129°29.8′E,12 km,3.2,震度２
2025/07/06,12:38:05.3,トカラ列島近海,29°16.3′N,129°34.7′E,6 km,2.9,震度２
2025/07/06,12:39:06.7,トカラ列島近海,29°21.1′N,129°16.7′E,26 km,不明,震度１
2025/07/06,12:40:10.2,トカラ列島近海,29°15.7′N,129°34.5′E,4 km,不明,震度１
2025/07/06,12:42:08.7,トカラ列島近海,29°19.2′N,129°31.4′E,9 km,4.5,震度４
2025/07/06,12:43:33.4,トカラ列島近海,29°12.4′N,129°32.8′E,4 km,不明,震度１
2025/07/06,12:45:33.3,トカラ列島近海,29°19.2′N,129°29.7′E,18 km,不明,震度１
2025/07/06,12:48:25.5,トカラ列島近海,29°21.4′N,129°24.9′E,30 km,2.4,震度２
2025/07/06,12:49:45.7,トカラ列島近海,29°21.0′N,129°30.5′E,20 km,3.6,震度４
2025/07/06,12:50:55.7,トカラ列島近海,29°14.8′N,129°28.8′E,12 km,不明,震度１
2025/07/06,12:52:13.5,トカラ列島近海,29°20.6′N,129°30.2′E,23 km,不明,震度１
2025/07/06,12:57:41.2,トカラ列島近海,29°21.3′N,129°31.0′E,16 km,2.4,震度１
2025/07/06,12:59:22.1,トカラ列島近海,29°22.4′N,129°27.9′E,23 km,2.3,震度１
2025/07/06,13:01:19.6,トカラ列島近海,29°18.4′N,129°29.6′E,20 km,2.2,震度１
2025/07/06,13:02:18.0,トカラ列島近海,29°21.9′N,129°31.2′E,12 km,2.7,震度１
2025/07/06,13:06:45.3,トカラ列島近海,29°19.9′N,129°32.2′E,4 km,2.3,震度１
2025/07/06,13:08:35.4,トカラ列島近海,29°20.6′N,129°30.6′E,20 km,2.7,震度１
2025/07/06,13:10:00.1,トカラ列島近海,29°17.9′N,129°30.9′E,15 km,3.3,震度３
2025/07/06,13:11:00.7,トカラ列島近海,29°17.7′N,129°30.3′E,16 km,不明,震度１
2025/07/06,13:13:56.5,トカラ列島近海,29°17.9′N,129°28.5′E,22 km,2.4,震度１
2025/07/06,13:14:35.7,トカラ列島近海,29°20.4′N,129°31.2′E,19 km,2.8,震度２
2025/07/06,13:16:31.2,トカラ列島近海,29°22.4′N,129°30.6′E,14 km,2.6,震度２
2025/07/06,13:17:26.3,トカラ列島近海,29°20.8′N,129°30.4′E,15 km,2.7,震度２
2025/07/06,13:18:07.6,トカラ列島近海,29°17.9′N,129°32.4′E,1 km,3.3,震度２
2025/07/06,13:19:24.4,トカラ列島近海,29°16.6′N,129°33.4′E,5 km,不明,震度１
2025/07/06,13:19:52.9,トカラ列島近海,29°21.6′N,129°28.9′E,22 km,4.4,震度４
2025/07/06,13:21:52.5,トカラ列島近海,29°22.8′N,129°27.7′E,25 km,不明,震度１
2025/07/06,13:22:42.2,トカラ列島近海,29°21.6′N,129°31.9′E,22 km,3.6,震度３
2025/07/06,13:24:00.9,トカラ列島近海,29°20.1′N,129°31.4′E,13 km,不明,震度１
2025/07/06,13:25:14.5,トカラ列島近海,29°20.0′N,129°27.6′E,19 km,3.8,震度３
2025/07/06,13:26:15.1,トカラ列島近海,29°17.1′N,129°35.5′E,13 km,不明,震度３
2025/07/06,13:27:07.0,トカラ列島近海,29°21.0′N,129°32.3′E,7 km,不明,震度１
2025/07/06,13:28:07.9,トカラ列島近海,29°15.5′N,129°33.0′E,15 km,不明,震度１
2025/07/06,13:29:43.8,トカラ列島近海,29°20.2′N,129°31.9′E,20 km,3.2,震度２
2025/07/06,13:30:07.2,トカラ列島近海,29°13.9′N,129°34.7′E,25 km,不明,震度１
2025/07/06,13:32:45.1,トカラ列島近海,29°17.3′N,129°29.3′E,21 km,3.3,震度２
2025/07/06,13:34:21.1,トカラ列島近海,29°21.7′N,129°28.8′E,22 km,2.6,震度１
2025/07/06,13:36:23.7,トカラ列島近海,29°18.5′N,129°31.3′E,21 km,2.9,震度１
2025/07/06,13:37:38.1,トカラ列島近海,29°18.2′N,129°32.4′E,19 km,2.7,震度１
2025/07/06,13:39:14.0,トカラ列島近海,29°20.6′N,129°31.4′E,17 km,2.5,震度１
2025/07/06,13:42:23.0,トカラ列島近海,29°19.2′N,129°33.5′E,17 km,2.9,震度２
2025/07/06,13:42:30.3,福島県沖,37°47.6′N,141°43.5′E,62 km,3.7,震度１
2025/07/06,13:43:25.7,トカラ列島近海,29°18.2′N,129°30.9′E,16 km,不明,震度１
2025/07/06,13:47:26.1,トカラ列島近海,29°16.8′N,129°31.5′E,6 km,不明,震度１
2025/07/06,13:50:43.1,トカラ列島近海,29°20.5′N,129°32.5′E,18 km,3.0,震度１
2025/07/06,13:51:49.4,トカラ列島近海,29°22.0′N,129°29.8′E,23 km,3.6,震度３
2025/07/06,13:54:20.4,トカラ列島近海,29°16.2′N,129°32.4′E,0 km,2.8,震度１
2025/07/06,13:58:08.2,トカラ列島近海,29°18.1′N,129°34.0′E,9 km,2.6,震度２
2025/07/06,14:00:05.6,トカラ列島近海,29°20.0′N,129°32.1′E,7 km,2.2,震度１
2025/07/06,14:01:21.3,トカラ列島近海,29°20.9′N,129°30.3′E,21 km,4.9,震度５強
2025/07/06,14:03:30.4,トカラ列島近海,29°22.0′N,129°30.1′E,16 km,3.6,震度２
2025/07/06,14:05:02.1,トカラ列島近海,29°18.9′N,129°34.3′E,12 km,2.9,震度２
2025/07/06,14:07:03.9,トカラ列島近海,29°21.8′N,129°30.7′E,23 km,5.5,震度５強
2025/07/06,14:10:01.8,トカラ列島近海,29°24.2′N,129°29.4′E,22 km,不明,震度１
2025/07/06,14:11:58.2,トカラ列島近海,29°21.3′N,129°32.8′E,15 km,3.4,震度２
2025/07/06,14:12:51.3,トカラ列島近海,29°19.0′N,129°32.3′E,13 km,3.5,震度２
2025/07/06,14:15:15.9,トカラ列島近海,29°18.7′N,129°28.2′E,19 km,3.2,震度２
2025/07/06,14:19:15.7,トカラ列島近海,29°18.6′N,129°35.0′E,8 km,2.6,震度１
2025/07/06,14:22:49.9,トカラ列島近海,29°21.4′N,129°25.7′E,30 km,2.4,震度１
2025/07/06,14:24:37.0,トカラ列島近海,29°11.9′N,129°31.8′E,7 km,2.9,震度１
2025/07/06,14:26:44.8,トカラ列島近海,29°17.9′N,129°34.7′E,0 km,2.8,震度２
2025/07/06,14:28:07.9,トカラ列島近海,29°18.4′N,129°33.9′E,8 km,2.9,震度２
2025/07/06,14:29:09.4,トカラ列島近海,29°20.1′N,129°27.8′E,26 km,2.4,震度１
2025/07/06,14:30:19.0,トカラ列島近海,29°19.0′N,129°32.2′E,15 km,2.5,震度２
2025/07/06,14:31:12.0,トカラ列島近海,29°17.3′N,129°30.2′E,3 km,不明,震度１
2025/07/06,14:33:32.4,トカラ列島近海,29°14.9′N,129°32.7′E,9 km,不明,震度１
2025/07/06,14:35:27.4,トカラ列島近海,29°18.5′N,129°32.3′E,8 km,2.1,震度１
2025/07/06,14:37:07.0,トカラ列島近海,29°16.1′N,129°35.2′E,13 km,不明,震度１
2025/07/06,14:39:56.1,トカラ列島近海,29°23.5′N,129°31.1′E,14 km,3.5,震度２
2025/07/06,14:41:39.3,トカラ列島近海,29°19.5′N,129°27.2′E,29 km,2.8,震度２
2025/07/06,14:42:58.1,トカラ列島近海,29°20.4′N,129°33.2′E,0 km,2.9,震度１
2025/07/06,14:44:02.4,トカラ列島近海,29°22.9′N,129°24.8′E,29 km,2.3,震度１
2025/07/06,14:51:45.4,トカラ列島近海,29°19.9′N,129°32.7′E,14 km,2.9,震度２
2025/07/06,14:58:38.5,トカラ列島近海,29°21.0′N,129°21.3′E,22 km,2.9,震度２
2025/07/06,15:00:57.7,トカラ列島近海,29°17.5′N,129°34.3′E,6 km,2.2,震度１
2025/07/06,15:04:08.4,トカラ列島近海,29°22.4′N,129°32.8′E,16 km,3.3,震度３
2025/07/06,15:06:10.7,トカラ列島近海,29°20.8′N,129°35.0′E,8 km,2.2,震度１
2025/07/06,15:20:55.8,トカラ列島近海,29°23.7′N,129°28.3′E,20 km,不明,震度１
2025/07/06,15:23:42.2,トカラ列島近海,29°21.5′N,129°32.9′E,3 km,1.9,震度１
2025/07/06,15:26:42.0,トカラ列島近海,29°20.6′N,129°28.9′E,19 km,2.5,震度１
2025/07/06,15:43:22.1,トカラ列島近海,29°21.9′N,129°32.8′E,4 km,2.0,震度１
2025/07/06,15:48:12.9,トカラ列島近海,29°17.5′N,129°31.7′E,9 km,3.5,震度３
2025/07/06,15:50:27.8,トカラ列島近海,29°22.5′N,129°32.4′E,15 km,4.1,震度３
2025/07/06,15:53:05.8,トカラ列島近海,29°17.9′N,129°32.5′E,5 km,2.7,震度１
2025/07/06,15:57:20.7,トカラ列島近海,29°13.5′N,129°10.2′E,12 km,2.8,震度１
2025/07/06,16:08:53.1,トカラ列島近海,29°20.4′N,129°34.4′E,13 km,2.5,震度１
2025/07/06,16:11:32.9,トカラ列島近海,29°18.2′N,129°32.1′E,16 km,3.0,震度２
2025/07/06,16:20:43.8,トカラ列島近海,29°17.2′N,129°30.7′E,23 km,2.4,震度１
2025/07/06,16:47:37.9,トカラ列島近海,29°21.4′N,129°32.5′E,14 km,1.9,震度１
2025/07/06,16:55:24.1,トカラ列島近海,29°21.3′N,129°25.7′E,15 km,2.7,震度１
2025/07/06,17:18:42.4,トカラ列島近海,29°20.2′N,129°31.9′E,11 km,2.9,震度１
2025/07/06,17:42:20.2,トカラ列島近海,29°22.2′N,129°33.1′E,12 km,2.1,震度１
2025/07/06,17:53:44.6,トカラ列島近海,29°21.5′N,129°30.0′E,14 km,2.7,震度１
2025/07/06,18:00:39.6,トカラ列島近海,29°19.9′N,129°31.1′E,15 km,2.4,震度１
2025/07/06,18:40:34.5,北海道東方沖,43°34.1′N,147°00.5′E,45 km,4.8,震度２
2025/07/06,18:42:33.5,トカラ列島近海,29°19.4′N,129°29.5′E,16 km,2.9,震度２
2025/07/06,18:44:07.8,トカラ列島近海,29°23.1′N,129°32.1′E,5 km,2.3,震度１
2025/07/06,19:02:51.8,トカラ列島近海,29°20.4′N,129°31.5′E,20 km,2.4,震度１
2025/07/06,20:08:53.0,トカラ列島近海,29°22.0′N,129°27.0′E,27 km,2.5,震度２
2025/07/06,20:17:13.9,トカラ列島近海,29°19.9′N,129°34.9′E,11 km,2.7,震度１
2025/07/06,21:44:41.6,トカラ列島近海,29°20.7′N,129°27.1′E,20 km,2.7,震度２
2025/07/06,21:45:49.9,トカラ列島近海,29°20.6′N,129°27.1′E,15 km,2.8,震度１
2025/07/06,21:58:09.2,トカラ列島近海,29°20.2′N,129°34.4′E,9 km,2.0,震度１
2025/07/06,21:59:21.7,トカラ列島近海,29°19.3′N,129°31.4′E,13 km,1.9,震度１
2025/07/06,22:00:31.8,トカラ列島近海,29°21.9′N,129°25.9′E,11 km,2.1,震度１
2025/07/06,22:09:20.6,トカラ列島近海,29°20.2′N,129°27.9′E,11 km,2.1,震度１
2025/07/06,22:11:40.3,トカラ列島近海,29°19.8′N,129°27.5′E,14 km,2.2,震度１
2025/07/06,22:16:47.1,トカラ列島近海,29°20.7′N,129°32.3′E,13 km,2.6,震度２
2025/07/06,22:49:22.9,トカラ列島近海,29°18.4′N,129°32.8′E,14 km,2.2,震度１
2025/07/06,23:26:53.1,トカラ列島近海,29°20.3′N,129°30.4′E,19 km,2.0,震度１
2025/07/06,23:33:06.8,トカラ列島近海,29°18.1′N,129°32.3′E,5 km,2.8,震度１
2025/07/06,23:34:51.4,トカラ列島近海,29°24.6′N,129°31.4′E,14 km,1.9,震度１
2025/07/06,23:38:00.4,トカラ列島近海,29°16.2′N,129°30.0′E,6 km,2.4,震度１
2025/07/06,23:40:13.2,トカラ列島近海,29°16.3′N,129°31.6′E,13 km,3.3,震度２
2025/07/06,23:43:37.3,トカラ列島近海,29°17.8′N,129°33.9′E,7 km,2.4,震度１
2025/07/06,23:44:00.4,トカラ列島近海,29°20.7′N,129°30.6′E,17 km,4.5,震度４
2025/07/06,23:45:25.3,トカラ列島近海,29°20.6′N,129°23.3′E,28 km,不明,震度１
2025/07/06,23:46:13.0,トカラ列島近海,29°16.4′N,129°29.4′E,9 km,不明,震度１
2025/07/06,23:47:27.8,トカラ列島近海,29°19.0′N,129°32.4′E,7 km,3.2,震度２
2025/07/06,23:48:10.6,トカラ列島近海,29°26.2′N,129°25.2′E,25 km,不明,震度１
2025/07/06,23:49:46.0,トカラ列島近海,29°18.1′N,129°32.1′E,13 km,不明,震度１
2025/07/06,23:50:44.6,トカラ列島近海,29°20.7′N,129°30.0′E,18 km,4.5,震度４
2025/07/06,23:52:13.8,トカラ列島近海,29°20.7′N,129°23.9′E,29 km,3.4,震度３
2025/07/06,23:53:28.3,トカラ列島近海,29°20.4′N,129°30.0′E,19 km,3.0,震度２
2025/07/06,23:54:11.9,トカラ列島近海,29°21.4′N,129°29.0′E,20 km,2.9,震度２
2025/07/06,23:56:14.1,トカラ列島近海,29°20.3′N,129°23.9′E,27 km,3.3,震度３
2025/07/06,23:56:48.3,トカラ列島近海,29°20.4′N,129°30.8′E,12 km,不明,震度２
2025/07/06,23:58:11.0,トカラ列島近海,29°20.0′N,129°31.1′E,15 km,2.9,震度３
2025/07/06,23:59:13.7,トカラ列島近海,29°18.9′N,129°30.7′E,14 km,2.6,震度１
2025/07/06,23:59:50.7,トカラ列島近海,29°20.9′N,129°29.3′E,14 km,3.1,震度２
2025/07/07,00:00:48.7,トカラ列島近海,29°22.1′N,129°26.8′E,23 km,2.9,震度２
2025/07/07,00:01:54.4,トカラ列島近海,29°20.0′N,129°31.4′E,13 km,2.8,震度３
2025/07/07,00:02:41.6,トカラ列島近海,29°21.1′N,129°20.8′E,23 km,2.7,震度１
2025/07/07,00:03:47.1,トカラ列島近海,29°22.8′N,129°24.7′E,21 km,2.3,震度１
2025/07/07,00:04:57.0,トカラ列島近海,29°20.8′N,129°28.1′E,14 km,2.6,震度２
2025/07/07,00:06:30.1,トカラ列島近海,29°20.3′N,129°29.9′E,20 km,3.0,震度２
2025/07/07,00:07:13.6,トカラ列島近海,29°21.9′N,129°29.1′E,19 km,3.1,震度２
2025/07/07,00:08:48.1,トカラ列島近海,29°20.6′N,129°29.8′E,12 km,4.3,震度４
2025/07/07,00:10:30.6,トカラ列島近海,29°17.8′N,129°31.0′E,18 km,不明,震度１
2025/07/07,00:10:58.7,トカラ列島近海,29°16.7′N,129°32.2′E,3 km,不明,震度１
2025/07/07,00:12:07.8,トカラ列島近海,29°20.9′N,129°28.5′E,22 km,5.1,震度５弱
2025/07/07,00:13:56.2,トカラ列島近海,29°21.7′N,129°21.2′E,28 km,不明,震度１
2025/07/07,00:17:22.0,新島・神津島近海,34°30.0′N,139°24.2′E,15 km,3.0,震度１
2025/07/07,00:19:32.4,トカラ列島近海,29°16.8′N,129°27.4′E,17 km,2.3,震度１
2025/07/07,00:21:10.1,トカラ列島近海,29°25.1′N,129°28.7′E,23 km,2.1,震度１
2025/07/07,00:22:49.9,トカラ列島近海,29°20.1′N,129°22.5′E,28 km,2.2,震度１
2025/07/07,00:24:18.8,トカラ列島近海,29°19.9′N,129°30.1′E,18 km,2.3,震度１
2025/07/07,00:29:10.0,トカラ列島近海,29°20.3′N,129°29.0′E,15 km,2.8,震度１
2025/07/07,00:30:57.0,トカラ列島近海,29°22.5′N,129°30.9′E,21 km,1.7,震度１
2025/07/07,00:40:23.0,トカラ列島近海,29°20.5′N,129°28.5′E,13 km,2.7,震度２
2025/07/07,00:42:46.9,トカラ列島近海,29°23.7′N,129°23.9′E,23 km,1.8,震度１
2025/07/07,00:55:08.7,トカラ列島近海,29°21.3′N,129°29.6′E,18 km,2.4,震度１
2025/07/07,01:56:39.6,トカラ列島近海,29°19.9′N,129°35.5′E,6 km,2.1,震度２
2025/07/07,02:00:18.7,トカラ列島近海,29°24.1′N,129°26.2′E,28 km,2.2,震度１
2025/07/07,02:17:05.8,トカラ列島近海,29°22.3′N,129°31.7′E,6 km,2.3,震度２
2025/07/07,02:34:41.9,トカラ列島近海,29°18.6′N,129°36.8′E,12 km,2.5,震度１
2025/07/07,02:41:51.5,トカラ列島近海,29°19.8′N,129°28.0′E,21 km,2.7,震度１
2025/07/07,03:22:06.0,トカラ列島近海,29°20.7′N,129°29.3′E,19 km,2.7,震度１
2025/07/07,03:23:52.9,トカラ列島近海,29°18.8′N,129°32.0′E,15 km,2.6,震度１
2025/07/07,04:38:25.7,トカラ列島近海,29°21.1′N,129°29.4′E,22 km,2.8,震度２
2025/07/07,04:49:47.4,トカラ列島近海,29°19.7′N,129°32.1′E,16 km,2.3,震度１
2025/07/07,04:50:42.4,トカラ列島近海,29°20.2′N,129°30.4′E,14 km,2.1,震度１
2025/07/07,05:08:12.7,トカラ列島近海,29°20.7′N,129°29.5′E,21 km,2.3,震度１
2025/07/07,05:20:01.0,石川県能登地方,37°17.8′N,136°50.8′E,12 km,3.3,震度１
2025/07/07,06:16:26.1,トカラ列島近海,29°21.5′N,129°27.2′E,26 km,3.0,震度２
2025/07/07,07:13:11.3,トカラ列島近海,29°25.3′N,129°35.5′E,3 km,1.7,震度１
2025/07/07,07:33:22.6,トカラ列島近海,29°18.3′N,129°31.3′E,13 km,2.5,震度１
2025/07/07,07:50:00.3,トカラ列島近海,29°18.6′N,129°29.5′E,17 km,2.6,震度１
2025/07/07,07:58:43.5,トカラ列島近海,29°22.1′N,129°29.1′E,19 km,2.5,震度１
2025/07/07,08:24:46.5,トカラ列島近海,29°19.4′N,129°29.7′E,17 km,2.2,震度１
2025/07/07,09:08:03.3,トカラ列島近海,29°18.7′N,129°30.2′E,19 km,2.7,震度１
2025/07/07,09:19:56.0,トカラ列島近海,29°25.1′N,129°28.1′E,23 km,2.2,震度１
2025/07/07,10:10:37.7,トカラ列島近海,29°19.2′N,129°29.0′E,13 km,不明,震度１
2025/07/07,10:51:24.9,紀伊水道,34°01.8′N,135°07.8′E,5 km,3.0,震度１
2025/07/07,10:51:47.6,トカラ列島近海,29°19.0′N,129°29.2′E,16 km,2.3,震度１
2025/07/07,11:19:58.4,トカラ列島近海,29°19.0′N,129°32.3′E,12 km,2.4,震度１
2025/07/07,11:25:55.5,トカラ列島近海,29°16.3′N,129°24.3′E,5 km,2.9,震度１
2025/07/07,11:47:37.8,トカラ列島近海,29°22.8′N,129°24.9′E,24 km,2.3,震度１
2025/07/07,11:56:43.5,トカラ列島近海,29°26.7′N,129°26.6′E,23 km,1.9,震度１
2025/07/07,12:02:15.9,トカラ列島近海,29°19.9′N,129°29.4′E,15 km,4.5,震度４
2025/07/07,12:03:14.5,トカラ列島近海,29°18.9′N,129°32.0′E,12 km,不明,震度２
2025/07/07,12:03:59.9,トカラ列島近海,29°17.7′N,129°18.7′E,26 km,3.6,震度２
2025/07/07,12:29:10.7,トカラ列島近海,29°23.2′N,129°28.9′E,14 km,2.2,震度１
2025/07/07,12:54:27.4,トカラ列島近海,29°20.5′N,129°33.8′E,6 km,2.9,震度１
2025/07/07,13:02:28.4,トカラ列島近海,29°17.3′N,129°34.0′E,4 km,2.6,震度１
2025/07/07,13:52:56.8,トカラ列島近海,29°21.4′N,129°27.3′E,20 km,3.7,震度３
2025/07/07,14:03:12.5,茨城県沖,36°16.3′N,140°51.2′E,44 km,3.5,震度１
2025/07/07,14:06:47.5,トカラ列島近海,29°20.7′N,129°30.0′E,18 km,2.7,震度２
2025/07/07,14:13:43.5,トカラ列島近海,29°20.0′N,129°29.4′E,18 km,3.1,震度２
2025/07/07,15:43:19.1,トカラ列島近海,29°21.0′N,129°32.7′E,18 km,3.1,震度２
2025/07/07,15:44:14.1,トカラ列島近海,29°22.4′N,129°28.1′E,19 km,2.5,震度１
2025/07/07,16:18:25.7,トカラ列島近海,29°22.4′N,129°29.9′E,16 km,2.8,震度２
2025/07/07,16:55:39.6,宮城県沖,38°51.9′N,142°02.4′E,46 km,3.7,震度１
2025/07/07,17:15:53.9,トカラ列島近海,29°20.2′N,129°30.3′E,19 km,2.3,震度１
2025/07/07,17:24:08.4,トカラ列島近海,29°19.0′N,129°29.5′E,10 km,2.4,震度１
2025/07/07,17:29:52.3,釧路沖,42°51.7′N,145°05.2′E,87 km,4.1,震度２
2025/07/07,17:46:31.3,トカラ列島近海,29°22.8′N,129°26.5′E,16 km,2.5,震度１
2025/07/07,17:55:14.6,トカラ列島近海,29°21.4′N,129°26.0′E,13 km,2.2,震度１
2025/07/07,17:56:13.5,紀伊水道,34°01.8′N,135°07.9′E,3 km,2.2,震度１
2025/07/07,18:24:40.1,トカラ列島近海,29°22.0′N,129°33.3′E,13 km,2.0,震度１
2025/07/07,18:37:17.6,トカラ列島近海,29°20.1′N,129°28.2′E,15 km,2.2,震度１
2025/07/07,18:58:21.8,トカラ列島近海,29°18.4′N,129°32.7′E,7 km,不明,震度１
2025/07/07,19:20:37.1,トカラ列島近海,29°21.8′N,129°30.1′E,17 km,2.1,震度１
2025/07/07,19:36:34.6,トカラ列島近海,29°22.1′N,129°31.4′E,6 km,1.9,震度１
2025/07/07,21:27:34.6,トカラ列島近海,29°25.3′N,129°25.7′E,19 km,2.7,震度２
2025/07/07,23:39:39.2,トカラ列島近海,29°22.8′N,129°30.2′E,19 km,2.4,震度１
2025/07/07,23:46:58.3,トカラ列島近海,29°20.7′N,129°26.5′E,11 km,2.3,震度１
2025/07/08,00:20:09.6,トカラ列島近海,29°21.2′N,129°31.2′E,9 km,1.9,震度１
2025/07/08,01:15:45.6,トカラ列島近海,29°25.1′N,129°35.5′E,12 km,2.4,震度２
2025/07/08,01:20:53.9,トカラ列島近海,29°19.1′N,129°27.5′E,19 km,2.2,震度１
2025/07/08,01:27:02.2,トカラ列島近海,29°24.6′N,129°35.8′E,5 km,1.7,震度１
2025/07/08,02:16:25.9,トカラ列島近海,29°22.9′N,129°32.9′E,6 km,2.1,震度１
2025/07/08,02:26:54.0,トカラ列島近海,29°21.3′N,129°28.0′E,15 km,2.0,震度１
2025/07/08,03:03:24.3,トカラ列島近海,29°20.5′N,129°30.3′E,18 km,3.3,震度２
2025/07/08,04:58:56.2,トカラ列島近海,29°23.1′N,129°37.1′E,5 km,1.4,震度１
2025/07/08,05:32:17.6,トカラ列島近海,29°34.6′N,129°43.5′E,0 km,2.9,震度２
2025/07/08,05:34:26.0,トカラ列島近海,29°35.4′N,129°42.4′E,3 km,4.1,震度３
2025/07/08,05:35:49.7,トカラ列島近海,29°33.7′N,129°43.2′E,1 km,2.8,震度２
2025/07/08,05:36:41.3,トカラ列島近海,29°35.1′N,129°40.3′E,4 km,不明,震度１
2025/07/08,05:39:18.4,トカラ列島近海,29°36.3′N,129°43.9′E,0 km,1.8,震度１
2025/07/08,05:41:21.2,トカラ列島近海,29°33.4′N,129°41.4′E,3 km,2.0,震度１
2025/07/08,05:44:10.6,トカラ列島近海,29°35.2′N,129°42.6′E,3 km,不明,震度３
2025/07/08,05:44:57.9,トカラ列島近海,29°34.2′N,129°43.0′E,0 km,不明,震度１
2025/07/08,05:56:12.7,トカラ列島近海,29°40.4′N,129°39.8′E,3 km,1.6,震度１
2025/07/08,06:03:37.6,トカラ列島近海,29°36.2′N,129°43.9′E,0 km,2.7,震度２
2025/07/08,06:04:52.4,トカラ列島近海,29°35.9′N,129°40.9′E,5 km,2.1,震度１
2025/07/08,06:06:30.9,トカラ列島近海,29°36.1′N,129°44.2′E,0 km,2.6,震度２
2025/07/08,06:07:06.2,トカラ列島近海,29°34.9′N,129°41.7′E,5 km,3.3,震度３
2025/07/08,06:07:55.6,トカラ列島近海,29°34.8′N,129°41.5′E,5 km,3.0,震度３
2025/07/08,06:08:34.4,トカラ列島近海,29°35.2′N,129°42.6′E,4 km,2.8,震度３
2025/07/08,06:09:57.2,トカラ列島近海,29°35.3′N,129°41.3′E,1 km,2.3,震度２
2025/07/08,06:10:45.4,トカラ列島近海,29°36.5′N,129°44.2′E,0 km,不明,震度１
2025/07/08,06:13:12.2,トカラ列島近海,29°36.4′N,129°39.5′E,2 km,不明,震度１
2025/07/08,06:14:03.1,トカラ列島近海,29°35.3′N,129°41.2′E,2 km,2.2,震度１
2025/07/08,06:16:11.7,トカラ列島近海,29°34.9′N,129°41.6′E,5 km,3.4,震度３
2025/07/08,06:19:25.2,トカラ列島近海,29°34.4′N,129°42.0′E,3 km,2.4,震度１
2025/07/08,06:22:25.0,トカラ列島近海,29°35.9′N,129°40.9′E,4 km,2.7,震度２
2025/07/08,06:24:05.4,トカラ列島近海,29°36.1′N,129°43.9′E,0 km,1.8,震度１
2025/07/08,06:34:09.9,トカラ列島近海,29°36.8′N,129°43.2′E,0 km,1.9,震度１
2025/07/08,07:12:36.8,トカラ列島近海,29°36.6′N,129°40.4′E,4 km,1.8,震度１
2025/07/08,07:20:42.2,トカラ列島近海,29°20.3′N,129°26.7′E,14 km,2.7,震度１
2025/07/08,07:23:00.1,トカラ列島近海,29°22.8′N,129°27.1′E,21 km,2.3,震度１
2025/07/08,07:51:31.3,トカラ列島近海,29°22.8′N,129°27.4′E,26 km,2.3,震度１
2025/07/08,07:57:16.3,トカラ列島近海,29°24.0′N,129°30.6′E,19 km,2.4,震度２
2025/07/08,09:26:16.8,トカラ列島近海,29°22.8′N,129°31.3′E,19 km,2.4,震度２
2025/07/08,09:44:36.0,トカラ列島近海,29°18.7′N,129°31.1′E,15 km,1.9,震度１
2025/07/08,10:25:24.4,トカラ列島近海,29°24.7′N,129°24.9′E,20 km,2.0,震度１
2025/07/08,11:00:13.9,トカラ列島近海,29°20.8′N,129°25.1′E,28 km,4.6,震度４
2025/07/08,11:01:28.3,トカラ列島近海,29°18.6′N,129°35.1′E,0 km,4.1,震度３
2025/07/08,11:02:49.6,トカラ列島近海,29°22.2′N,129°29.3′E,18 km,不明,震度１
2025/07/08,11:06:24.3,トカラ列島近海,29°14.3′N,129°33.0′E,0 km,不明,震度１
2025/07/08,11:06:51.5,トカラ列島近海,29°36.2′N,129°37.8′E,0 km,2.3,震度１
2025/07/08,11:09:44.0,トカラ列島近海,29°34.9′N,129°40.6′E,3 km,1.8,震度１
2025/07/08,11:32:19.1,トカラ列島近海,29°17.2′N,129°32.1′E,12 km,2.8,震度１
2025/07/08,12:42:33.1,トカラ列島近海,29°19.8′N,129°26.3′E,4 km,2.6,震度１
2025/07/08,13:18:55.9,トカラ列島近海,29°18.0′N,129°31.7′E,17 km,3.3,震度３
2025/07/08,13:38:05.5,トカラ列島近海,29°34.0′N,129°44.0′E,0 km,2.2,震度１
2025/07/08,14:20:18.2,トカラ列島近海,29°19.3′N,129°29.3′E,14 km,2.5,震度１
2025/07/08,14:54:08.8,トカラ列島近海,29°19.9′N,129°36.3′E,11 km,1.8,震度１
2025/07/08,15:19:15.8,トカラ列島近海,29°14.1′N,129°36.2′E,8 km,2.6,震度１
2025/07/08,15:39:58.2,トカラ列島近海,29°18.8′N,129°35.6′E,8 km,2.5,震度２
2025/07/08,15:43:38.6,トカラ列島近海,29°21.6′N,129°33.3′E,5 km,2.3,震度１
2025/07/08,16:14:48.3,トカラ列島近海,29°19.3′N,129°35.1′E,6 km,1.9,震度１
2025/07/08,16:41:55.7,茨城県南部,36°11.5′N,140°01.4′E,52 km,3.1,震度１
2025/07/08,16:51:49.7,トカラ列島近海,29°20.1′N,129°30.7′E,10 km,2.1,震度１
2025/07/08,16:56:55.9,トカラ列島近海,29°19.0′N,129°29.0′E,10 km,3.1,震度２
2025/07/08,17:16:00.6,トカラ列島近海,29°18.7′N,129°30.7′E,14 km,2.3,震度１
2025/07/08,17:38:19.5,トカラ列島近海,29°20.2′N,129°35.2′E,9 km,2.5,震度１
2025/07/08,18:03:25.5,トカラ列島近海,29°16.6′N,129°30.2′E,15 km,3.5,震度２
2025/07/08,18:19:37.4,トカラ列島近海,29°16.6′N,129°29.1′E,18 km,2.9,震度１
2025/07/08,19:06:02.2,トカラ列島近海,29°20.0′N,129°27.8′E,13 km,3.6,震度２
2025/07/08,19:12:43.4,トカラ列島近海,29°21.8′N,129°32.2′E,8 km,2.5,震度１
2025/07/08,21:12:18.7,群馬県南部,36°34.8′N,139°21.8′E,4 km,2.9,震度１
2025/07/08,22:30:46.7,トカラ列島近海,29°19.7′N,129°34.7′E,8 km,2.5,震度１
2025/07/09,00:03:30.9,トカラ列島近海,29°19.6′N,129°34.4′E,8 km,2.6,震度２
2025/07/09,00:09:08.4,トカラ列島近海,29°19.6′N,129°28.7′E,12 km,3.2,震度２
2025/07/09,00:18:01.8,トカラ列島近海,29°18.7′N,129°34.3′E,11 km,2.2,震度１
2025/07/09,01:24:14.0,トカラ列島近海,29°20.0′N,129°36.2′E,9 km,2.5,震度１
2025/07/09,02:43:33.3,トカラ列島近海,29°19.8′N,129°35.0′E,7 km,2.4,震度１
2025/07/09,03:13:31.7,トカラ列島近海,29°18.0′N,129°30.5′E,12 km,3.0,震度３
2025/07/09,03:51:47.5,空知地方中部,43°29.9′N,141°59.2′E,7 km,1.7,震度１
2025/07/09,03:55:25.9,トカラ列島近海,29°19.8′N,129°28.1′E,9 km,2.5,震度１
2025/07/09,04:12:09.6,トカラ列島近海,29°18.5′N,129°36.1′E,5 km,2.7,震度２
2025/07/09,07:32:34.4,トカラ列島近海,29°17.2′N,129°27.8′E,14 km,2.8,震度１
2025/07/09,07:42:47.0,トカラ列島近海,29°22.1′N,129°29.5′E,12 km,2.3,震度１
2025/07/09,08:41:10.6,トカラ列島近海,29°24.2′N,129°34.1′E,9 km,2.1,震度１
2025/07/09,09:19:45.6,紀伊水道,34°01.7′N,135°08.1′E,4 km,2.4,震度１
2025/07/09,10:04:28.3,トカラ列島近海,29°22.2′N,129°33.7′E,10 km,2.2,震度１
2025/07/09,10:38:40.7,トカラ列島近海,29°19.4′N,129°34.8′E,5 km,2.4,震度１
2025/07/09,10:43:45.2,トカラ列島近海,29°19.4′N,129°35.3′E,9 km,2.9,震度２
2025/07/09,11:19:37.3,トカラ列島近海,29°25.8′N,129°38.4′E,5 km,不明,震度１
2025/07/09,12:09:57.1,トカラ列島近海,29°19.6′N,129°29.0′E,10 km,3.4,震度３
2025/07/09,12:39:50.0,根室半島南東沖,43°23.3′N,146°01.8′E,96 km,4.4,震度３
2025/07/09,12:42:00.8,トカラ列島近海,29°25.4′N,129°30.8′E,4 km,2.2,震度１
2025/07/09,13:17:46.4,トカラ列島近海,29°17.8′N,129°30.0′E,8 km,3.0,震度２
2025/07/09,14:07:28.9,トカラ列島近海,29°19.7′N,129°34.7′E,8 km,2.4,震度１
2025/07/09,16:43:38.0,トカラ列島近海,29°25.8′N,129°34.3′E,11 km,2.1,震度１
2025/07/09,18:04:07.0,トカラ列島近海,29°18.3′N,129°27.4′E,10 km,3.4,震度２
2025/07/09,18:06:09.0,トカラ列島近海,29°17.3′N,129°28.8′E,12 km,2.7,震度１
2025/07/09,18:06:35.5,トカラ列島近海,29°16.6′N,129°28.6′E,8 km,3.3,震度１
2025/07/09,18:08:24.7,トカラ列島近海,29°19.4′N,129°23.4′E,10 km,2.9,震度１
2025/07/09,18:09:40.7,トカラ列島近海,29°16.5′N,129°28.6′E,8 km,3.8,震度２
2025/07/09,18:13:02.6,トカラ列島近海,29°18.2′N,129°26.3′E,9 km,不明,震度１
2025/07/09,18:13:49.1,トカラ列島近海,29°15.9′N,129°29.3′E,6 km,2.8,震度１
2025/07/09,18:14:47.0,トカラ列島近海,29°18.5′N,129°26.6′E,13 km,2.6,震度１
2025/07/09,18:16:16.6,トカラ列島近海,29°16.9′N,129°28.0′E,9 km,3.4,震度２
2025/07/09,18:18:15.3,トカラ列島近海,29°16.1′N,129°28.1′E,5 km,2.7,震度１
2025/07/09,18:21:07.7,トカラ列島近海,29°18.0′N,129°28.0′E,9 km,3.0,震度１
2025/07/09,18:23:24.0,トカラ列島近海,29°17.6′N,129°28.0′E,11 km,3.3,震度２
2025/07/09,18:24:07.2,トカラ列島近海,29°14.6′N,129°29.7′E,4 km,2.9,震度１
2025/07/09,18:25:28.4,トカラ列島近海,29°17.0′N,129°27.9′E,9 km,2.9,震度１
2025/07/09,18:26:45.8,トカラ列島近海,29°18.7′N,129°26.6′E,10 km,不明,震度１
2025/07/09,18:31:23.4,トカラ列島近海,29°15.8′N,129°28.3′E,4 km,3.1,震度１
2025/07/09,18:32:19.1,トカラ列島近海,29°13.4′N,129°31.5′E,7 km,3.4,震度２
2025/07/09,18:34:03.2,トカラ列島近海,29°17.4′N,129°28.5′E,9 km,2.3,震度１
2025/07/09,18:36:48.7,トカラ列島近海,29°18.2′N,129°26.7′E,13 km,3.4,震度２
2025/07/09,18:37:38.8,トカラ列島近海,29°17.7′N,129°30.3′E,11 km,不明,震度２
2025/07/09,18:44:32.6,トカラ列島近海,29°17.6′N,129°27.1′E,14 km,3.0,震度１
2025/07/09,19:06:20.7,トカラ列島近海,29°17.8′N,129°26.4′E,15 km,2.5,震度１
2025/07/09,19:23:14.5,トカラ列島近海,29°18.8′N,129°27.6′E,11 km,2.3,震度１
2025/07/09,20:26:43.6,トカラ列島近海,29°18.1′N,129°26.8′E,12 km,2.5,震度１
2025/07/09,20:45:22.7,トカラ列島近海,29°17.0′N,129°26.4′E,13 km,2.9,震度１
2025/07/09,21:04:36.0,トカラ列島近海,29°18.4′N,129°36.0′E,2 km,2.6,震度２
2025/07/09,21:27:48.0,トカラ列島近海,29°17.5′N,129°28.3′E,0 km,3.1,震度１
2025/07/09,21:34:10.8,岩手県沖,40°01.6′N,141°56.5′E,18 km,3.1,震度１
2025/07/09,22:23:18.3,トカラ列島近海,29°18.9′N,129°29.1′E,13 km,3.1,震度１
2025/07/09,23:32:14.9,トカラ列島近海,29°19.7′N,129°29.1′E,10 km,2.7,震度１
2025/07/10,01:38:43.7,宮城県沖,38°38.4′N,141°54.3′E,47 km,3.3,震度１
2025/07/10,01:44:22.7,トカラ列島近海,29°21.9′N,129°33.2′E,10 km,2.0,震度１
2025/07/10,02:18:36.3,トカラ列島近海,29°18.1′N,129°30.8′E,12 km,2.5,震度１
2025/07/10,02:37:11.3,トカラ列島近海,29°17.0′N,129°29.7′E,10 km,2.6,震度１
2025/07/10,04:14:20.6,トカラ列島近海,29°21.7′N,129°31.8′E,8 km,2.3,震度１
2025/07/10,04:27:32.3,トカラ列島近海,29°17.4′N,129°30.5′E,9 km,2.9,震度１
2025/07/10,04:35:33.0,トカラ列島近海,29°18.6′N,129°29.7′E,12 km,3.0,震度２
2025/07/10,05:11:37.2,紀伊水道,34°01.7′N,135°08.0′E,5 km,2.7,震度１
2025/07/10,05:14:47.3,トカラ列島近海,29°17.1′N,129°26.9′E,12 km,3.1,震度１
2025/07/10,05:16:17.4,トカラ列島近海,29°17.2′N,129°27.1′E,8 km,2.9,震度１
2025/07/10,08:16:50.0,千葉県北東部,35°35.8′N,140°25.3′E,44 km,3.9,震度２
2025/07/10,09:33:11.0,トカラ列島近海,29°19.4′N,129°30.2′E,10 km,2.3,震度１
2025/07/10,09:36:30.6,千葉県南部,35°11.6′N,140°11.3′E,22 km,3.0,震度１
2025/07/10,11:00:19.9,トカラ列島近海,29°13.8′N,129°33.7′E,2 km,2.6,震度１
2025/07/10,11:21:02.9,静岡県中部,35°05.7′N,138°32.9′E,8 km,2.5,震度１
2025/07/10,12:31:06.9,トカラ列島近海,29°25.4′N,129°34.6′E,11 km,2.2,震度１
2025/07/10,14:28:18.3,トカラ列島近海,29°20.6′N,129°33.9′E,10 km,2.8,震度１
2025/07/10,16:11:36.9,トカラ列島近海,29°23.4′N,129°34.9′E,11 km,3.5,震度３
2025/07/10,17:31:34.9,トカラ列島近海,29°18.6′N,129°31.1′E,12 km,3.0,震度２
2025/07/10,18:16:58.2,トカラ列島近海,29°17.7′N,129°26.8′E,14 km,2.9,震度２
2025/07/10,19:11:08.3,トカラ列島近海,29°19.2′N,129°30.4′E,9 km,2.3,震度１
2025/07/10,19:45:39.9,トカラ列島近海,29°20.2′N,129°33.2′E,9 km,不明,震度１
2025/07/10,19:47:56.1,トカラ列島近海,29°20.5′N,129°33.3′E,11 km,不明,震度１
2025/07/10,22:26:04.9,トカラ列島近海,29°23.4′N,129°33.4′E,8 km,2.5,震度１
2025/07/10,23:04:57.3,トカラ列島近海,29°18.1′N,129°30.4′E,11 km,2.8,震度１
2025/07/10,23:23:46.6,トカラ列島近海,29°19.5′N,129°20.4′E,23 km,2.6,震度１
2025/07/10,23:41:26.1,トカラ列島近海,29°21.2′N,129°29.2′E,11 km,2.8,震度１
2025/07/11,01:06:15.4,トカラ列島近海,29°19.3′N,129°28.1′E,11 km,3.2,震度２
2025/07/11,01:21:22.5,トカラ列島近海,29°19.3′N,129°31.3′E,8 km,2.6,震度１
2025/07/11,01:42:23.3,トカラ列島近海,29°17.6′N,129°30.2′E,11 km,3.0,震度１
2025/07/11,01:45:05.7,トカラ列島近海,29°18.9′N,129°28.8′E,10 km,2.9,震度１
2025/07/11,01:45:51.8,トカラ列島近海,29°17.0′N,129°30.5′E,11 km,2.9,震度１
2025/07/11,02:29:31.8,トカラ列島近海,29°17.5′N,129°29.6′E,10 km,2.7,震度１
2025/07/11,03:39:55.3,福島県会津,36°58.0′N,139°23.5′E,4 km,2.5,震度２
2025/07/11,03:56:32.3,トカラ列島近海,29°25.8′N,129°37.5′E,7 km,不明,震度１
2025/07/11,03:59:31.1,トカラ列島近海,29°18.9′N,129°29.3′E,14 km,4.1,震度３
2025/07/11,04:08:03.0,トカラ列島近海,29°17.1′N,129°33.0′E,10 km,2.9,震度２
2025/07/11,04:39:46.9,トカラ列島近海,29°22.8′N,129°34.2′E,10 km,2.7,震度１
2025/07/11,05:17:11.4,トカラ列島近海,29°18.6′N,129°25.8′E,9 km,2.9,震度１
2025/07/11,05:20:10.4,福島県中通り,37°02.5′N,140°34.7′E,7 km,3.8,震度２
2025/07/11,06:42:16.7,トカラ列島近海,29°19.5′N,129°28.6′E,12 km,2.3,震度１
2025/07/11,07:34:32.7,トカラ列島近海,29°16.7′N,129°31.8′E,8 km,2.9,震度１
2025/07/11,08:58:44.4,トカラ列島近海,29°19.4′N,129°29.2′E,10 km,2.4,震度１
2025/07/11,09:14:59.7,トカラ列島近海,29°18.0′N,129°33.9′E,10 km,2.3,震度１
2025/07/11,09:16:18.8,トカラ列島近海,29°18.6′N,129°29.9′E,12 km,2.5,震度１
2025/07/11,09:23:07.4,トカラ列島近海,29°17.3′N,129°28.8′E,11 km,3.1,震度２
2025/07/11,09:31:46.8,トカラ列島近海,29°18.9′N,129°28.2′E,17 km,2.3,震度１
2025/07/11,09:38:57.3,トカラ列島近海,29°18.1′N,129°29.0′E,12 km,3.7,震度３
2025/07/11,09:41:27.2,トカラ列島近海,29°16.7′N,129°29.7′E,7 km,3.1,震度１
2025/07/11,09:45:14.6,トカラ列島近海,29°14.9′N,129°30.5′E,0 km,3.0,震度１
2025/07/11,09:46:30.4,トカラ列島近海,29°15.9′N,129°30.1′E,1 km,2.6,震度１
2025/07/11,09:47:29.9,トカラ列島近海,29°17.1′N,129°28.1′E,14 km,3.6,震度２
2025/07/11,09:48:43.3,トカラ列島近海,29°20.4′N,129°27.2′E,13 km,2.6,震度１
2025/07/11,09:50:02.9,トカラ列島近海,29°16.8′N,129°29.3′E,8 km,2.7,震度１
2025/07/11,09:50:43.7,トカラ列島近海,29°18.2′N,129°28.7′E,11 km,2.8,震度１
2025/07/11,09:51:40.7,トカラ列島近海,29°15.3′N,129°29.7′E,1 km,2.8,震度１
2025/07/11,09:53:40.3,トカラ列島近海,29°17.4′N,129°30.0′E,2 km,3.3,震度２
2025/07/11,09:54:53.3,トカラ列島近海,29°17.2′N,129°29.8′E,0 km,3.4,震度２
2025/07/11,09:57:06.0,トカラ列島近海,29°25.7′N,129°24.0′E,18 km,3.3,震度１
2025/07/11,09:58:01.3,トカラ列島近海,29°18.1′N,129°29.7′E,0 km,3.1,震度２
2025/07/11,09:59:17.3,トカラ列島近海,29°18.6′N,129°29.1′E,13 km,2.0,震度１
2025/07/11,09:59:42.9,トカラ列島近海,29°18.4′N,129°29.0′E,10 km,3.0,震度２
2025/07/11,10:00:32.7,トカラ列島近海,29°17.5′N,129°29.6′E,10 km,3.1,震度１
2025/07/11,10:02:23.7,トカラ列島近海,29°18.1′N,129°26.7′E,1 km,3.1,震度１
2025/07/11,10:04:31.7,トカラ列島近海,29°18.1′N,129°30.1′E,11 km,2.6,震度１
2025/07/11,10:06:10.7,トカラ列島近海,29°18.2′N,129°29.7′E,11 km,4.3,震度３
2025/07/11,10:08:57.1,トカラ列島近海,29°20.8′N,129°30.5′E,3 km,3.1,震度１
2025/07/11,10:10:35.1,トカラ列島近海,29°19.0′N,129°28.5′E,8 km,2.9,震度１
2025/07/11,10:11:31.3,トカラ列島近海,29°17.9′N,129°28.3′E,9 km,2.8,震度１
2025/07/11,10:12:14.5,トカラ列島近海,29°17.3′N,129°35.0′E,4 km,2.8,震度１
2025/07/11,10:12:59.6,トカラ列島近海,29°18.0′N,129°28.5′E,8 km,2.9,震度１
2025/07/11,10:16:16.8,トカラ列島近海,29°18.5′N,129°28.4′E,10 km,3.6,震度３
2025/07/11,10:17:10.2,トカラ列島近海,29°19.2′N,129°25.8′E,4 km,不明,震度１
2025/07/11,10:18:33.6,トカラ列島近海,29°18.2′N,129°28.2′E,7 km,3.2,震度２
2025/07/11,10:20:08.8,トカラ列島近海,29°15.3′N,129°30.5′E,2 km,不明,震度１
2025/07/11,10:21:51.0,トカラ列島近海,29°18.4′N,129°30.0′E,10 km,2.9,震度１
2025/07/11,10:26:01.4,トカラ列島近海,29°18.2′N,129°28.4′E,12 km,2.5,震度１
2025/07/11,10:27:33.9,トカラ列島近海,29°17.1′N,129°29.5′E,11 km,3.3,震度２
2025/07/11,10:28:30.6,トカラ列島近海,29°17.3′N,129°32.3′E,6 km,2.3,震度１
2025/07/11,10:30:19.3,トカラ列島近海,29°17.2′N,129°30.3′E,13 km,3.0,震度２
2025/07/11,10:31:33.5,トカラ列島近海,29°17.6′N,129°28.9′E,8 km,2.3,震度１
2025/07/11,10:32:37.1,トカラ列島近海,29°17.8′N,129°28.3′E,7 km,2.4,震度１
2025/07/11,10:38:01.8,トカラ列島近海,29°17.1′N,129°29.5′E,0 km,4.2,震度３
2025/07/11,10:41:42.2,トカラ列島近海,29°21.9′N,129°27.3′E,6 km,2.4,震度１
2025/07/11,10:43:19.3,トカラ列島近海,29°17.3′N,129°29.7′E,3 km,2.8,震度１
2025/07/11,10:45:08.1,トカラ列島近海,29°17.5′N,129°29.8′E,7 km,3.1,震度２
2025/07/11,10:46:53.0,トカラ列島近海,29°17.7′N,129°28.8′E,13 km,2.7,震度１
2025/07/11,10:48:58.2,トカラ列島近海,29°20.0′N,129°29.2′E,10 km,2.2,震度１
2025/07/11,10:50:15.9,トカラ列島近海,29°17.7′N,129°29.7′E,9 km,3.1,震度２
2025/07/11,10:51:21.0,トカラ列島近海,29°15.8′N,129°29.6′E,0 km,3.2,震度２
2025/07/11,10:51:48.9,トカラ列島近海,29°19.4′N,129°26.9′E,15 km,不明,震度１
2025/07/11,10:52:42.9,トカラ列島近海,29°15.9′N,129°31.8′E,5 km,2.7,震度１
2025/07/11,10:54:53.7,トカラ列島近海,29°17.0′N,129°27.3′E,10 km,3.4,震度２
2025/07/11,10:57:39.6,トカラ列島近海,29°17.7′N,129°29.1′E,7 km,3.5,震度２
2025/07/11,11:00:33.5,トカラ列島近海,29°18.6′N,129°28.2′E,15 km,2.5,震度１
2025/07/11,11:01:01.4,トカラ列島近海,29°16.3′N,129°29.4′E,0 km,不明,震度２
2025/07/11,11:03:18.9,トカラ列島近海,29°18.1′N,129°28.6′E,9 km,3.4,震度２
2025/07/11,11:05:03.4,トカラ列島近海,29°17.6′N,129°28.2′E,13 km,不明,震度１
2025/07/11,11:10:30.8,トカラ列島近海,29°18.2′N,129°28.3′E,11 km,2.9,震度２
2025/07/11,11:13:22.9,トカラ列島近海,29°20.7′N,129°26.6′E,13 km,2.3,震度１
2025/07/11,11:16:00.5,トカラ列島近海,29°17.3′N,129°30.6′E,12 km,3.2,震度２
2025/07/11,11:19:40.5,トカラ列島近海,29°18.6′N,129°26.0′E,11 km,不明,震度１
2025/07/11,11:31:15.9,トカラ列島近海,29°18.1′N,129°29.7′E,12 km,3.0,震度１
2025/07/11,11:39:57.0,トカラ列島近海,29°18.5′N,129°27.6′E,12 km,3.6,震度２
2025/07/11,11:47:08.7,トカラ列島近海,29°20.3′N,129°28.7′E,11 km,3.2,震度２
2025/07/11,11:55:21.8,トカラ列島近海,29°16.8′N,129°31.3′E,10 km,3.4,震度２
2025/07/11,11:56:35.9,トカラ列島近海,29°18.4′N,129°29.0′E,13 km,2.7,震度１
2025/07/11,12:01:37.4,トカラ列島近海,29°18.1′N,129°28.1′E,0 km,2.3,震度１
2025/07/11,12:04:29.7,トカラ列島近海,29°17.0′N,129°31.3′E,12 km,3.2,震度２
2025/07/11,12:13:23.0,トカラ列島近海,29°18.6′N,129°26.2′E,11 km,3.0,震度１
2025/07/11,12:18:08.3,トカラ列島近海,29°16.3′N,129°29.2′E,0 km,3.1,震度２
2025/07/11,12:22:34.2,トカラ列島近海,29°18.6′N,129°34.2′E,10 km,2.5,震度１
2025/07/11,12:24:53.7,トカラ列島近海,29°21.2′N,129°25.3′E,13 km,2.4,震度１
2025/07/11,12:35:42.7,トカラ列島近海,29°18.8′N,129°27.9′E,14 km,2.9,震度１
2025/07/11,12:45:42.0,トカラ列島近海,29°18.4′N,129°29.1′E,12 km,2.8,震度１
2025/07/11,12:50:39.0,トカラ列島近海,29°17.4′N,129°28.4′E,13 km,3.1,震度１
2025/07/11,12:59:13.4,トカラ列島近海,29°17.0′N,129°27.1′E,13 km,3.3,震度２
2025/07/11,13:01:45.6,トカラ列島近海,29°18.9′N,129°27.4′E,15 km,2.7,震度１
2025/07/11,13:04:05.9,トカラ列島近海,29°17.7′N,129°29.0′E,11 km,2.8,震度１
2025/07/11,13:23:39.4,トカラ列島近海,29°17.9′N,129°28.0′E,11 km,2.9,震度１
2025/07/11,13:40:13.0,トカラ列島近海,29°18.3′N,129°28.6′E,10 km,4.0,震度３
2025/07/11,14:13:29.9,トカラ列島近海,29°18.4′N,129°27.5′E,12 km,3.3,震度２
2025/07/11,14:22:29.9,トカラ列島近海,29°16.8′N,129°30.3′E,6 km,2.6,震度１
2025/07/11,14:39:38.6,トカラ列島近海,29°17.5′N,129°31.0′E,9 km,2.3,震度１
2025/07/11,15:25:31.3,トカラ列島近海,29°17.7′N,129°30.0′E,11 km,3.2,震度２
2025/07/11,16:09:09.2,トカラ列島近海,29°16.2′N,129°27.5′E,11 km,5.0,震度４
2025/07/11,16:09:27.5,宮古島近海,24°04.7′N,125°56.4′E,77 km,5.1,震度１
2025/07/11,16:21:38.4,トカラ列島近海,29°16.9′N,129°26.2′E,12 km,4.8,震度３
2025/07/11,16:29:35.7,トカラ列島近海,29°21.0′N,129°33.2′E,8 km,2.5,震度１
2025/07/11,16:30:16.4,トカラ列島近海,29°16.5′N,129°27.2′E,13 km,4.9,震度４
2025/07/11,16:33:08.9,トカラ列島近海,29°15.5′N,129°28.5′E,1 km,不明,震度１
2025/07/11,16:54:33.3,トカラ列島近海,29°15.9′N,129°31.7′E,9 km,2.8,震度１
2025/07/11,17:28:05.0,トカラ列島近海,29°19.0′N,129°27.1′E,8 km,2.5,震度１
2025/07/11,17:33:25.1,トカラ列島近海,29°18.1′N,129°32.7′E,4 km,2.5,震度１
2025/07/11,17:47:36.9,トカラ列島近海,29°16.4′N,129°27.8′E,10 km,2.3,震度１
2025/07/11,18:08:08.8,トカラ列島近海,29°17.6′N,129°29.6′E,8 km,2.7,震度１
2025/07/11,18:26:06.6,トカラ列島近海,29°16.9′N,129°30.2′E,5 km,2.4,震度１
2025/07/11,18:40:15.1,トカラ列島近海,29°16.3′N,129°27.7′E,9 km,2.6,震度１
2025/07/11,19:41:23.2,トカラ列島近海,29°17.4′N,129°28.4′E,10 km,3.0,震度１
2025/07/11,20:16:23.5,トカラ列島近海,29°16.2′N,129°29.5′E,8 km,3.0,震度２
2025/07/11,20:21:32.1,トカラ列島近海,29°18.8′N,129°27.1′E,11 km,2.8,震度１
2025/07/11,20:48:02.5,トカラ列島近海,29°20.5′N,129°27.6′E,9 km,2.9,震度２
2025/07/11,21:47:15.0,トカラ列島近海,29°17.3′N,129°30.8′E,13 km,2.7,震度１
2025/07/11,21:47:57.0,トカラ列島近海,29°18.0′N,129°28.6′E,8 km,3.2,震度２
2025/07/11,22:02:41.7,トカラ列島近海,29°16.4′N,129°29.2′E,1 km,2.6,震度１
2025/07/11,22:17:08.8,トカラ列島近海,29°19.3′N,129°30.7′E,9 km,2.6,震度２
2025/07/11,22:45:47.5,トカラ列島近海,29°19.5′N,129°34.4′E,3 km,2.6,震度１
2025/07/12,00:30:46.3,トカラ列島近海,29°20.1′N,129°26.6′E,13 km,2.6,震度１
2025/07/12,00:58:59.5,福島県沖,37°14.7′N,141°54.7′E,35 km,4.2,震度１
2025/07/12,01:44:12.9,トカラ列島近海,29°19.3′N,129°29.1′E,12 km,2.7,震度１
2025/07/12,03:02:26.7,茨城県沖,36°13.8′N,140°59.3′E,35 km,3.3,震度１
2025/07/12,03:44:01.0,十勝地方南部,42°39.4′N,143°15.5′E,20 km,4.1,震度２
2025/07/12,05:37:56.3,トカラ列島近海,29°17.9′N,129°29.5′E,12 km,2.8,震度１
2025/07/12,06:11:25.4,青森県東方沖,40°54.3′N,142°06.4′E,55 km,3.6,震度１
2025/07/12,06:50:41.8,トカラ列島近海,29°17.3′N,129°31.3′E,14 km,3.1,震度２
2025/07/12,06:55:18.7,トカラ列島近海,29°17.4′N,129°30.6′E,12 km,3.5,震度３
2025/07/12,09:19:03.8,トカラ列島近海,29°18.7′N,129°30.3′E,11 km,3.2,震度１
2025/07/12,09:59:49.7,トカラ列島近海,29°18.2′N,129°29.9′E,9 km,3.0,震度１
2025/07/12,10:07:34.8,青森県東方沖,41°29.9′N,142°03.2′E,56 km,3.8,震度１
2025/07/12,11:01:23.6,トカラ列島近海,29°18.9′N,129°30.1′E,13 km,4.9,震度４
2025/07/12,11:08:22.6,トカラ列島近海,29°19.6′N,129°28.8′E,11 km,3.1,震度２
2025/07/12,11:31:20.9,トカラ列島近海,29°18.9′N,129°30.1′E,11 km,2.7,震度１
2025/07/12,11:43:23.4,トカラ列島近海,29°18.5′N,129°29.9′E,14 km,不明,震度２
2025/07/12,11:52:02.5,トカラ列島近海,29°19.7′N,129°34.4′E,8 km,3.2,震度２
2025/07/12,12:01:03.2,トカラ列島近海,29°18.4′N,129°30.2′E,13 km,3.1,震度３
2025/07/12,12:08:53.9,トカラ列島近海,29°18.8′N,129°29.9′E,12 km,2.6,震度１
2025/07/12,12:10:13.1,トカラ列島近海,29°19.3′N,129°31.9′E,12 km,2.9,震度１
2025/07/12,12:18:38.0,トカラ列島近海,29°19.9′N,129°31.1′E,10 km,2.9,震度２
2025/07/12,12:22:54.7,トカラ列島近海,29°19.0′N,129°29.7′E,10 km,3.4,震度２
2025/07/12,12:45:28.7,トカラ列島近海,29°18.3′N,129°31.0′E,10 km,2.9,震度２
2025/07/12,12:52:11.0,トカラ列島近海,29°19.7′N,129°30.0′E,9 km,2.7,震度１
2025/07/12,12:53:15.7,トカラ列島近海,29°18.3′N,129°29.3′E,11 km,3.9,震度３
2025/07/12,13:31:13.6,トカラ列島近海,29°19.4′N,129°34.5′E,8 km,3.1,震度２
2025/07/12,13:33:13.1,トカラ列島近海,29°18.3′N,129°29.1′E,9 km,2.8,震度１
2025/07/12,13:40:29.7,トカラ列島近海,29°17.7′N,129°27.2′E,0 km,3.2,震度１
2025/07/12,15:43:09.0,トカラ列島近海,29°20.2′N,129°34.2′E,1 km,2.5,震度１
2025/07/12,18:48:29.6,日向灘,32°14.8′N,132°05.1′E,23 km,3.3,震度１
2025/07/12,19:46:14.2,千葉県東方沖,35°43.3′N,140°57.3′E,33 km,3.2,震度１
2025/07/12,20:12:20.0,新島・神津島近海,34°30.2′N,139°24.1′E,15 km,3.1,震度１
2025/07/12,20:33:39.1,トカラ列島近海,29°24.0′N,129°34.5′E,10 km,2.3,震度２
2025/07/12,21:07:13.1,トカラ列島近海,29°17.2′N,129°30.4′E,3 km,2.4,震度１
2025/07/12,21:40:01.5,トカラ列島近海,29°17.9′N,129°30.9′E,10 km,3.1,震度２
2025/07/12,21:44:38.2,トカラ列島近海,29°17.5′N,129°31.5′E,10 km,2.9,震度１
2025/07/12,22:17:37.8,トカラ列島近海,29°17.5′N,129°31.9′E,9 km,2.6,震度１
2025/07/12,22:29:17.2,トカラ列島近海,29°13.6′N,129°20.8′E,6 km,2.4,震度１
2025/07/12,22:41:45.7,和歌山県北部,34°01.8′N,135°15.3′E,6 km,2.4,震度１
2025/07/13,00:51:25.7,トカラ列島近海,29°17.7′N,129°30.4′E,12 km,2.7,震度１
2025/07/13,01:51:28.2,トカラ列島近海,29°18.5′N,129°33.5′E,6 km,2.6,震度１
2025/07/13,02:33:24.9,トカラ列島近海,29°21.5′N,129°37.0′E,9 km,2.3,震度２
2025/07/13,05:32:52.9,トカラ列島近海,29°18.3′N,129°30.9′E,13 km,4.4,震度４
2025/07/13,05:35:33.1,トカラ列島近海,29°19.3′N,129°31.2′E,11 km,2.5,震度１
2025/07/13,05:46:16.0,トカラ列島近海,29°21.8′N,129°32.7′E,8 km,2.6,震度１
2025/07/13,05:54:21.0,トカラ列島近海,29°17.4′N,129°32.3′E,11 km,4.4,震度４
2025/07/13,06:10:13.7,トカラ列島近海,29°18.6′N,129°30.2′E,6 km,3.3,震度２
2025/07/13,06:14:38.2,トカラ列島近海,29°19.2′N,129°29.7′E,10 km,3.0,震度２
2025/07/13,06:34:10.3,トカラ列島近海,29°18.6′N,129°27.3′E,10 km,2.9,震度１
2025/07/13,07:22:51.4,トカラ列島近海,29°19.9′N,129°29.3′E,10 km,2.6,震度１
2025/07/13,08:20:00.1,トカラ列島近海,29°21.1′N,129°36.0′E,7 km,2.8,震度２
2025/07/13,09:49:25.7,新島・神津島近海,34°30.0′N,139°24.1′E,15 km,2.6,震度１
2025/07/13,11:03:22.2,トカラ列島近海,29°18.2′N,129°30.3′E,14 km,3.5,震度２
2025/07/13,11:33:13.4,岩手県沖,39°52.0′N,142°24.7′E,16 km,3.9,震度１
2025/07/13,12:04:29.8,トカラ列島近海,29°16.9′N,129°33.4′E,9 km,3.0,震度１
2025/07/13,12:07:04.9,茨城県南部,35°59.9′N,140°15.7′E,41 km,3.1,震度１
2025/07/13,12:22:50.5,トカラ列島近海,29°20.9′N,129°34.6′E,8 km,2.7,震度１
2025/07/13,12:40:31.4,トカラ列島近海,29°18.0′N,129°30.9′E,13 km,2.8,震度１
2025/07/13,13:35:45.4,トカラ列島近海,29°19.2′N,129°30.7′E,12 km,4.0,震度３
2025/07/13,17:18:39.0,トカラ列島近海,29°20.8′N,129°29.3′E,16 km,2.6,震度２
2025/07/13,17:41:40.7,トカラ列島近海,29°19.4′N,129°31.9′E,11 km,2.4,震度２
2025/07/13,18:27:00.1,トカラ列島近海,29°18.7′N,129°32.2′E,12 km,3.2,震度２
2025/07/13,20:03:33.9,トカラ列島近海,29°17.8′N,129°30.1′E,12 km,2.9,震度１
2025/07/13,20:04:45.7,トカラ列島近海,29°18.8′N,129°29.2′E,6 km,2.4,震度１
2025/07/13,20:07:03.1,トカラ列島近海,29°17.4′N,129°30.6′E,11 km,2.7,震度１
2025/07/13,20:16:06.5,トカラ列島近海,29°20.3′N,129°26.2′E,13 km,3.0,震度１
2025/07/13,20:19:34.6,トカラ列島近海,29°19.3′N,129°28.2′E,9 km,4.9,震度４
2025/07/13,20:21:12.1,トカラ列島近海,29°18.9′N,129°28.7′E,15 km,不明,震度１
2025/07/13,20:22:45.6,トカラ列島近海,29°16.9′N,129°29.7′E,0 km,3.7,震度２
2025/07/13,20:23:43.9,トカラ列島近海,29°24.6′N,129°31.6′E,19 km,不明,震度１
2025/07/13,20:25:36.4,トカラ列島近海,29°17.7′N,129°29.3′E,5 km,2.6,震度１
2025/07/13,20:27:46.9,トカラ列島近海,29°18.8′N,129°29.5′E,11 km,2.7,震度１
2025/07/13,20:28:57.9,トカラ列島近海,29°17.6′N,129°30.8′E,10 km,4.7,震度４
2025/07/13,20:32:20.1,トカラ列島近海,29°19.7′N,129°26.6′E,8 km,2.8,震度１
2025/07/13,20:34:36.4,トカラ列島近海,29°19.2′N,129°29.5′E,9 km,2.9,震度１
2025/07/13,20:35:48.5,トカラ列島近海,29°16.5′N,129°31.0′E,6 km,2.9,震度１
2025/07/13,20:37:14.6,トカラ列島近海,29°24.0′N,129°23.5′E,9 km,不明,震度１
2025/07/13,20:38:01.2,トカラ列島近海,29°16.0′N,129°30.4′E,6 km,2.6,震度１
2025/07/13,20:40:07.1,トカラ列島近海,29°18.7′N,129°26.1′E,6 km,2.8,震度１
2025/07/13,20:41:10.7,トカラ列島近海,29°18.7′N,129°29.1′E,9 km,3.8,震度２
2025/07/13,20:42:21.5,トカラ列島近海,29°18.7′N,129°31.1′E,14 km,不明,震度１
2025/07/13,20:44:05.7,トカラ列島近海,29°17.8′N,129°29.7′E,5 km,3.5,震度２
2025/07/13,20:45:49.6,トカラ列島近海,29°17.2′N,129°31.7′E,7 km,3.5,震度２
2025/07/13,20:48:42.5,トカラ列島近海,29°20.1′N,129°29.3′E,12 km,2.9,震度１
2025/07/13,20:50:49.9,トカラ列島近海,29°19.4′N,129°22.8′E,21 km,3.2,震度２
2025/07/13,20:52:45.4,トカラ列島近海,29°17.9′N,129°30.0′E,12 km,3.1,震度２
2025/07/13,20:54:50.1,トカラ列島近海,29°19.2′N,129°29.6′E,11 km,2.7,震度１
2025/07/13,20:56:19.3,トカラ列島近海,29°17.9′N,129°28.4′E,3 km,2.4,震度１
2025/07/13,21:01:21.2,トカラ列島近海,29°18.8′N,129°29.6′E,12 km,3.0,震度２
2025/07/13,21:06:35.1,トカラ列島近海,29°19.0′N,129°29.7′E,11 km,2.8,震度２
2025/07/13,21:08:51.3,トカラ列島近海,29°18.1′N,129°30.6′E,11 km,3.5,震度３
2025/07/13,21:09:34.1,トカラ列島近海,29°19.6′N,129°27.0′E,9 km,不明,震度１
2025/07/13,21:12:06.0,トカラ列島近海,29°19.2′N,129°29.4′E,10 km,2.7,震度１
2025/07/13,21:13:19.0,トカラ列島近海,29°17.7′N,129°29.8′E,10 km,2.5,震度１
2025/07/13,21:15:13.2,トカラ列島近海,29°17.9′N,129°36.9′E,4 km,3.2,震度２
2025/07/13,21:17:57.4,トカラ列島近海,29°19.4′N,129°28.3′E,6 km,2.4,震度１
2025/07/13,21:22:23.2,トカラ列島近海,29°16.8′N,129°30.4′E,0 km,3.3,震度３
2025/07/13,21:23:58.7,トカラ列島近海,29°17.5′N,129°31.4′E,9 km,2.5,震度１
2025/07/13,21:27:08.1,トカラ列島近海,29°16.4′N,129°32.8′E,10 km,2.4,震度１
2025/07/13,21:28:29.2,トカラ列島近海,29°20.6′N,129°29.7′E,8 km,不明,震度１
2025/07/13,21:32:35.0,トカラ列島近海,29°20.0′N,129°28.8′E,14 km,2.7,震度１
2025/07/13,21:33:38.9,トカラ列島近海,29°17.9′N,129°29.0′E,8 km,3.1,震度２
2025/07/13,21:35:34.8,トカラ列島近海,29°18.9′N,129°29.8′E,9 km,3.0,震度１
2025/07/13,21:39:22.1,トカラ列島近海,29°18.5′N,129°30.2′E,11 km,2.6,震度１
2025/07/13,21:40:57.0,トカラ列島近海,29°17.8′N,129°29.6′E,9 km,3.3,震度２
2025/07/13,21:41:55.7,トカラ列島近海,29°15.4′N,129°34.9′E,6 km,2.9,震度１
2025/07/13,21:43:25.2,トカラ列島近海,29°22.2′N,129°32.1′E,8 km,2.3,震度１
2025/07/13,21:44:43.7,トカラ列島近海,29°21.1′N,129°28.3′E,16 km,3.0,震度１
2025/07/13,21:49:40.1,トカラ列島近海,29°22.4′N,129°25.9′E,14 km,3.3,震度２
2025/07/13,21:51:59.5,トカラ列島近海,29°17.1′N,129°31.3′E,9 km,2.7,震度１
2025/07/13,21:54:13.4,トカラ列島近海,29°18.6′N,129°30.1′E,13 km,2.4,震度１
2025/07/13,21:55:16.1,トカラ列島近海,29°19.6′N,129°28.9′E,10 km,2.8,震度１
2025/07/13,21:56:47.1,トカラ列島近海,29°17.3′N,129°31.5′E,7 km,2.9,震度１
2025/07/13,21:58:07.2,トカラ列島近海,29°16.7′N,129°29.8′E,8 km,2.4,震度１
2025/07/13,21:59:33.3,トカラ列島近海,29°19.3′N,129°31.1′E,12 km,2.7,震度１
2025/07/13,22:02:25.5,トカラ列島近海,29°16.5′N,129°31.9′E,8 km,3.2,震度２
2025/07/13,22:06:26.3,トカラ列島近海,29°18.6′N,129°29.9′E,9 km,2.8,震度１
2025/07/13,22:10:49.3,トカラ列島近海,29°18.8′N,129°29.8′E,11 km,3.1,震度３
2025/07/13,22:19:26.3,トカラ列島近海,29°17.7′N,129°30.3′E,11 km,2.7,震度１
2025/07/13,22:22:41.1,トカラ列島近海,29°18.1′N,129°29.7′E,6 km,2.6,震度１
2025/07/13,22:55:50.2,トカラ列島近海,29°17.2′N,129°30.8′E,3 km,2.5,震度１
2025/07/13,22:56:40.0,トカラ列島近海,29°17.6′N,129°32.5′E,11 km,2.4,震度１
2025/07/13,23:22:42.3,トカラ列島近海,29°18.3′N,129°30.1′E,9 km,4.5,震度３
2025/07/13,23:46:47.5,トカラ列島近海,29°15.4′N,129°32.7′E,8 km,3.1,震度２
2025/07/13,23:55:26.6,トカラ列島近海,29°17.3′N,129°31.7′E,6 km,2.8,震度１
2025/07/14,00:08:40.4,トカラ列島近海,29°18.6′N,129°29.1′E,6 km,2.7,震度１
2025/07/14,01:13:21.8,トカラ列島近海,29°20.2′N,129°31.4′E,9 km,2.9,震度２
2025/07/14,01:51:51.9,トカラ列島近海,29°18.3′N,129°30.4′E,10 km,2.7,震度２
2025/07/14,02:09:27.2,トカラ列島近海,29°18.1′N,129°30.5′E,10 km,2.2,震度１
2025/07/14,02:29:48.7,トカラ列島近海,29°16.6′N,129°30.9′E,1 km,不明,震度１
2025/07/14,03:18:44.6,トカラ列島近海,29°18.0′N,129°28.3′E,11 km,2.4,震度１
2025/07/14,03:21:13.1,トカラ列島近海,29°18.6′N,129°27.4′E,14 km,2.3,震度１
2025/07/14,03:23:20.7,トカラ列島近海,29°18.4′N,129°28.1′E,12 km,2.7,震度１
2025/07/14,03:24:44.9,トカラ列島近海,29°17.3′N,129°31.1′E,6 km,2.9,震度２
2025/07/14,04:32:38.8,トカラ列島近海,29°18.6′N,129°29.7′E,9 km,2.9,震度１
2025/07/14,05:36:08.6,トカラ列島近海,29°18.1′N,129°32.1′E,9 km,3.9,震度３
2025/07/14,05:42:37.2,トカラ列島近海,29°19.0′N,129°34.5′E,7 km,2.5,震度１
2025/07/14,06:36:51.6,トカラ列島近海,29°21.5′N,129°32.1′E,7 km,2.2,震度２
2025/07/14,06:38:48.6,トカラ列島近海,29°20.3′N,129°29.7′E,7 km,不明,震度１
2025/07/14,07:02:08.0,トカラ列島近海,29°13.2′N,129°19.7′E,7 km,2.3,震度１
2025/07/14,07:36:18.5,トカラ列島近海,29°19.1′N,129°29.0′E,8 km,3.1,震度２
2025/07/14,07:42:00.9,トカラ列島近海,29°19.4′N,129°28.7′E,8 km,2.8,震度２
2025/07/14,08:24:39.2,トカラ列島近海,29°20.0′N,129°28.5′E,11 km,2.3,震度１
2025/07/14,08:32:16.7,トカラ列島近海,29°18.4′N,129°30.1′E,13 km,4.3,震度４
2025/07/14,09:50:36.2,トカラ列島近海,29°17.1′N,129°29.7′E,7 km,2.5,震度１
2025/07/14,10:16:37.0,トカラ列島近海,29°19.3′N,129°27.8′E,8 km,2.7,震度１
2025/07/14,12:48:13.1,トカラ列島近海,29°17.6′N,129°32.4′E,15 km,2.7,震度１
2025/07/14,13:14:11.5,トカラ列島近海,29°21.4′N,129°35.8′E,8 km,2.9,震度２
2025/07/14,13:55:05.4,トカラ列島近海,29°18.4′N,129°34.4′E,0 km,不明,震度１
2025/07/14,14:37:56.0,トカラ列島近海,29°19.1′N,129°31.6′E,10 km,2.6,震度２
2025/07/14,14:40:06.3,トカラ列島近海,29°17.3′N,129°31.0′E,9 km,3.3,震度２
2025/07/14,14:55:55.0,伊豆大島近海,35°00.7′N,139°32.9′E,30 km,3.3,震度２
2025/07/14,15:01:21.5,トカラ列島近海,29°17.9′N,129°34.8′E,9 km,2.9,震度２
2025/07/14,15:04:01.7,トカラ列島近海,29°18.8′N,129°34.3′E,2 km,不明,震度１
2025/07/14,15:04:36.8,トカラ列島近海,29°18.2′N,129°29.4′E,9 km,2.9,震度２
2025/07/14,15:11:21.0,トカラ列島近海,29°19.7′N,129°33.1′E,7 km,2.5,震度１
2025/07/14,15:43:28.3,トカラ列島近海,29°22.5′N,129°35.5′E,10 km,2.4,震度１
2025/07/14,16:28:32.5,トカラ列島近海,29°19.9′N,129°31.4′E,10 km,2.5,震度１
2025/07/14,16:59:59.2,トカラ列島近海,29°19.7′N,129°29.3′E,10 km,2.6,震度１
2025/07/14,17:16:10.4,トカラ列島近海,29°19.4′N,129°26.3′E,5 km,2.3,震度１
2025/07/14,18:43:38.1,トカラ列島近海,29°20.2′N,129°32.6′E,6 km,不明,震度１
2025/07/14,18:48:30.3,トカラ列島近海,29°19.4′N,129°29.7′E,12 km,3.3,震度２
2025/07/14,18:52:43.1,トカラ列島近海,29°18.2′N,129°31.1′E,12 km,3.0,震度２
2025/07/14,19:13:35.0,トカラ列島近海,29°25.7′N,129°34.1′E,11 km,2.4,震度１
2025/07/14,21:43:28.2,トカラ列島近海,29°20.2′N,129°32.2′E,12 km,不明,震度１
2025/07/14,21:48:15.3,トカラ列島近海,29°19.0′N,129°31.8′E,14 km,3.1,震度１
2025/07/14,22:05:18.3,十勝地方南部,42°39.4′N,143°15.4′E,20 km,3.1,震度１
2025/07/15,01:15:54.1,千葉県東方沖,35°30.5′N,140°56.6′E,28 km,3.4,震度１
2025/07/15,01:43:56.1,トカラ列島近海,29°18.7′N,129°27.6′E,10 km,3.3,震度２
2025/07/15,02:28:37.4,トカラ列島近海,29°20.0′N,129°34.6′E,6 km,3.2,震度２
2025/07/15,04:15:30.1,トカラ列島近海,29°19.1′N,129°32.7′E,8 km,2.7,震度１
2025/07/15,05:12:00.6,トカラ列島近海,29°21.8′N,129°37.3′E,3 km,2.4,震度１
2025/07/15,05:16:27.6,トカラ列島近海,29°18.5′N,129°34.2′E,9 km,2.4,震度１
2025/07/15,06:19:22.5,トカラ列島近海,29°19.8′N,129°35.3′E,6 km,2.6,震度２
2025/07/15,06:38:03.7,千島列島,45°50.8′N,151°23.5′E,30 km,5.9,震度１
2025/07/15,07:23:29.2,トカラ列島近海,29°21.1′N,129°35.7′E,6 km,2.6,震度１
2025/07/15,07:48:38.8,トカラ列島近海,29°17.4′N,129°32.8′E,11 km,2.9,震度１
2025/07/15,10:25:31.5,トカラ列島近海,29°17.1′N,129°27.8′E,14 km,3.2,震度２
2025/07/15,10:38:06.4,トカラ列島近海,29°15.7′N,129°28.9′E,6 km,2.9,震度１
2025/07/15,11:08:21.7,トカラ列島近海,29°19.2′N,129°32.9′E,9 km,2.5,震度１
2025/07/15,11:37:34.5,トカラ列島近海,29°16.8′N,129°28.2′E,14 km,2.7,震度１
2025/07/15,12:31:45.4,トカラ列島近海,29°17.8′N,129°27.8′E,9 km,2.5,震度１
2025/07/15,13:20:01.5,トカラ列島近海,29°19.3′N,129°28.8′E,12 km,5.4,震度４
2025/07/15,13:21:32.6,トカラ列島近海,29°20.3′N,129°27.8′E,16 km,不明,震度３
2025/07/15,13:28:09.0,トカラ列島近海,29°18.2′N,129°28.7′E,5 km,2.7,震度２
2025/07/15,13:38:53.6,トカラ列島近海,29°18.8′N,129°29.9′E,7 km,2.7,震度１
2025/07/15,13:45:57.0,トカラ列島近海,29°18.2′N,129°30.6′E,10 km,2.7,震度１
2025/07/15,13:58:51.6,トカラ列島近海,29°15.8′N,129°24.1′E,10 km,2.8,震度１
2025/07/15,14:01:52.1,トカラ列島近海,29°18.1′N,129°26.7′E,11 km,3.1,震度２
2025/07/15,14:28:29.8,トカラ列島近海,29°18.6′N,129°31.0′E,7 km,2.7,震度１
2025/07/15,14:37:57.3,トカラ列島近海,29°17.7′N,129°27.2′E,12 km,2.9,震度１
2025/07/15,15:04:51.1,トカラ列島近海,29°20.4′N,129°30.9′E,7 km,2.6,震度２
2025/07/15,15:06:56.3,トカラ列島近海,29°20.9′N,129°30.7′E,10 km,2.8,震度１
2025/07/15,15:46:46.9,トカラ列島近海,29°19.0′N,129°29.6′E,9 km,2.2,震度１
2025/07/15,15:51:13.9,トカラ列島近海,29°18.1′N,129°31.1′E,12 km,2.4,震度１
2025/07/15,17:04:06.6,トカラ列島近海,29°19.4′N,129°29.2′E,8 km,2.7,震度１
2025/07/15,17:07:04.8,トカラ列島近海,29°18.7′N,129°27.7′E,13 km,2.8,震度１
2025/07/15,19:36:43.3,トカラ列島近海,29°20.4′N,129°25.3′E,5 km,2.9,震度１
2025/07/15,20:10:25.6,秋田県内陸南部,38°58.4′N,140°34.2′E,2 km,2.5,震度１
2025/07/15,20:55:25.4,トカラ列島近海,29°22.9′N,129°38.0′E,8 km,2.3,震度２
2025/07/15,21:09:43.2,トカラ列島近海,29°19.0′N,129°29.5′E,11 km,2.6,震度１
2025/07/15,22:08:41.6,トカラ列島近海,29°19.5′N,129°29.5′E,12 km,4.3,震度３
2025/07/15,22:25:18.2,長野県南部,35°18.5′N,137°51.9′E,16 km,3.1,震度２
2025/07/15,23:47:10.3,茨城県北部,36°27.6′N,140°36.7′E,56 km,4.9,震度４
2025/07/16,00:10:12.2,トカラ列島近海,29°18.8′N,129°32.5′E,12 km,2.5,震度１
2025/07/16,00:49:41.3,広島県南東部,34°33.1′N,132°57.3′E,19 km,3.7,震度２
2025/07/16,02:08:45.1,トカラ列島近海,29°19.6′N,129°31.8′E,9 km,2.2,震度１
2025/07/16,02:15:26.7,トカラ列島近海,29°18.5′N,129°26.5′E,12 km,4.7,震度４
2025/07/16,02:18:46.7,トカラ列島近海,29°18.5′N,129°28.2′E,9 km,2.7,震度１
2025/07/16,02:43:07.9,トカラ列島近海,29°18.0′N,129°26.6′E,12 km,3.4,震度２
2025/07/16,04:20:53.1,トカラ列島近海,29°18.6′N,129°26.7′E,11 km,3.2,震度２
2025/07/16,04:48:12.1,トカラ列島近海,29°23.3′N,129°37.4′E,8 km,2.4,震度１
2025/07/16,05:38:26.9,トカラ列島近海,29°18.4′N,129°28.7′E,12 km,3.0,震度２
2025/07/16,09:54:44.1,トカラ列島近海,29°25.9′N,129°36.3′E,7 km,2.4,震度２
2025/07/16,10:27:00.4,トカラ列島近海,29°18.0′N,129°28.5′E,7 km,4.0,震度３
2025/07/16,10:29:06.4,トカラ列島近海,29°18.3′N,129°30.9′E,10 km,3.0,震度１
2025/07/16,11:34:52.1,トカラ列島近海,29°15.3′N,129°28.1′E,11 km,2.3,震度１
2025/07/16,14:33:12.9,トカラ列島近海,29°17.0′N,129°32.1′E,6 km,2.4,震度１
2025/07/16,14:35:03.5,紀伊水道,34°06.0′N,135°06.6′E,8 km,2.7,震度１
2025/07/16,14:35:20.6,トカラ列島近海,29°17.2′N,129°32.8′E,10 km,3.3,震度２
2025/07/16,14:51:03.2,トカラ列島近海,29°17.8′N,129°31.5′E,9 km,3.1,震度２
2025/07/16,14:53:28.6,トカラ列島近海,29°18.4′N,129°31.7′E,11 km,3.3,震度２
2025/07/16,14:56:24.9,トカラ列島近海,29°17.1′N,129°32.6′E,2 km,3.6,震度２
2025/07/16,15:00:59.0,トカラ列島近海,29°16.7′N,129°31.7′E,0 km,3.0,震度１
2025/07/16,15:01:34.5,トカラ列島近海,29°16.4′N,129°32.9′E,0 km,3.4,震度２
2025/07/16,15:02:29.9,トカラ列島近海,29°18.3′N,129°31.8′E,13 km,3.2,震度１
2025/07/16,15:05:31.1,トカラ列島近海,29°18.4′N,129°31.0′E,10 km,4.4,震度４
2025/07/16,15:08:56.8,トカラ列島近海,29°18.8′N,129°30.3′E,13 km,不明,震度１
2025/07/16,15:09:03.1,トカラ列島近海,29°16.8′N,129°30.7′E,0 km,2.9,震度１
2025/07/16,15:10:39.0,トカラ列島近海,29°19.4′N,129°32.2′E,15 km,不明,震度１
2025/07/16,15:11:27.0,トカラ列島近海,29°22.4′N,129°32.7′E,19 km,3.9,震度１
2025/07/16,15:12:58.1,トカラ列島近海,29°18.4′N,129°31.8′E,10 km,3.3,震度２
2025/07/16,15:14:05.6,トカラ列島近海,29°19.4′N,129°29.7′E,12 km,4.2,震度４
2025/07/16,15:15:49.0,トカラ列島近海,29°17.7′N,129°29.4′E,0 km,3.3,震度２
2025/07/16,15:16:46.7,トカラ列島近海,29°20.9′N,129°30.3′E,12 km,不明,震度２
2025/07/16,15:18:06.4,トカラ列島近海,29°17.1′N,129°33.1′E,0 km,2.7,震度１
2025/07/16,15:19:46.4,トカラ列島近海,29°18.1′N,129°38.2′E,0 km,2.7,震度１
2025/07/16,15:21:06.3,トカラ列島近海,29°18.6′N,129°31.8′E,11 km,3.3,震度２
2025/07/16,15:22:13.2,トカラ列島近海,29°19.7′N,129°31.7′E,15 km,不明,震度１
2025/07/16,15:24:33.3,トカラ列島近海,29°19.7′N,129°29.5′E,12 km,3.0,震度２
2025/07/16,15:25:36.7,トカラ列島近海,29°18.2′N,129°31.1′E,0 km,不明,震度１
2025/07/16,15:26:31.1,トカラ列島近海,29°18.2′N,129°31.7′E,0 km,不明,震度１
2025/07/16,15:28:01.9,トカラ列島近海,29°17.6′N,129°32.6′E,11 km,3.1,震度２
2025/07/16,15:28:43.9,トカラ列島近海,29°20.0′N,129°31.0′E,12 km,不明,震度１
2025/07/16,15:29:33.4,トカラ列島近海,29°19.2′N,129°31.0′E,11 km,3.0,震度２
2025/07/16,15:35:35.6,トカラ列島近海,29°17.8′N,129°30.5′E,3 km,不明,震度１
2025/07/16,15:37:07.3,トカラ列島近海,29°21.6′N,129°29.7′E,16 km,不明,震度１
2025/07/16,15:38:57.6,トカラ列島近海,29°18.9′N,129°29.4′E,11 km,2.8,震度１
2025/07/16,15:40:57.7,トカラ列島近海,29°19.5′N,129°31.0′E,12 km,3.2,震度２
2025/07/16,15:43:30.9,トカラ列島近海,29°19.6′N,129°31.2′E,13 km,不明,震度１
2025/07/16,15:46:49.3,トカラ列島近海,29°17.3′N,129°33.7′E,0 km,2.7,震度１
2025/07/16,15:48:10.8,トカラ列島近海,29°19.6′N,129°31.3′E,12 km,2.8,震度１
2025/07/16,15:48:42.7,トカラ列島近海,29°19.2′N,129°33.1′E,15 km,3.1,震度２
2025/07/16,15:49:56.3,トカラ列島近海,29°17.0′N,129°32.9′E,0 km,2.9,震度１
2025/07/16,15:53:35.8,トカラ列島近海,29°19.0′N,129°35.1′E,9 km,3.8,震度３
2025/07/16,15:56:09.9,トカラ列島近海,29°17.1′N,129°32.5′E,11 km,3.2,震度２
2025/07/16,15:57:51.3,トカラ列島近海,29°17.4′N,129°33.6′E,11 km,3.3,震度３
2025/07/16,16:11:45.7,トカラ列島近海,29°18.4′N,129°30.1′E,10 km,3.1,震度２
2025/07/16,16:21:20.5,トカラ列島近海,29°18.9′N,129°31.8′E,12 km,不明,震度１
2025/07/16,16:42:29.1,トカラ列島近海,29°19.1′N,129°30.7′E,11 km,2.1,震度１
2025/07/16,16:55:16.0,トカラ列島近海,29°19.4′N,129°33.6′E,9 km,3.0,震度２
2025/07/16,17:00:16.1,トカラ列島近海,29°16.4′N,129°33.9′E,5 km,2.8,震度１
2025/07/16,21:25:41.8,トカラ列島近海,29°21.2′N,129°32.3′E,12 km,3.5,震度３
2025/07/16,21:32:46.0,トカラ列島近海,29°16.6′N,129°32.6′E,11 km,3.0,震度２
2025/07/16,21:39:08.6,トカラ列島近海,29°18.1′N,129°30.2′E,10 km,3.0,震度１
2025/07/16,21:49:50.3,トカラ列島近海,29°18.2′N,129°30.9′E,11 km,2.4,震度１
2025/07/16,22:16:58.5,トカラ列島近海,29°18.4′N,129°28.5′E,8 km,2.1,震度１
2025/07/16,23:27:45.3,トカラ列島近海,29°19.4′N,129°32.1′E,12 km,2.7,震度１
2025/07/17,00:35:56.4,トカラ列島近海,29°21.0′N,129°32.0′E,4 km,2.3,震度１
2025/07/17,01:25:29.8,トカラ列島近海,29°18.7′N,129°29.1′E,9 km,2.7,震度１
2025/07/17,05:17:25.6,宮古島近海,24°11.6′N,125°11.5′E,24 km,3.9,震度１
2025/07/17,05:26:37.7,トカラ列島近海,29°19.5′N,129°34.9′E,8 km,不明,震度１
2025/07/17,05:30:13.5,トカラ列島近海,29°20.1′N,129°33.9′E,9 km,不明,震度１
2025/07/17,06:27:15.2,トカラ列島近海,29°20.4′N,129°33.4′E,10 km,2.5,震度１
2025/07/17,07:58:02.7,大隅半島東方沖,31°20.8′N,131°23.6′E,63 km,3.5,震度１
2025/07/17,08:26:14.3,トカラ列島近海,29°18.6′N,129°32.9′E,10 km,2.6,震度１
2025/07/17,09:08:53.9,トカラ列島近海,29°21.1′N,129°32.4′E,5 km,2.4,震度１
2025/07/17,10:05:15.8,トカラ列島近海,29°17.8′N,129°28.3′E,10 km,2.5,震度１
2025/07/17,11:12:06.5,トカラ列島近海,29°16.5′N,129°33.1′E,6 km,2.7,震度１
2025/07/17,11:55:38.2,トカラ列島近海,29°17.2′N,129°32.5′E,11 km,2.3,震度１
2025/07/17,12:05:53.8,トカラ列島近海,29°19.1′N,129°31.0′E,9 km,3.6,震度３
2025/07/17,13:48:36.7,トカラ列島近海,29°18.9′N,129°30.5′E,8 km,2.5,震度１
2025/07/17,14:47:01.8,トカラ列島近海,29°17.9′N,129°33.4′E,11 km,2.6,震度１
2025/07/17,14:48:50.5,トカラ列島近海,29°18.7′N,129°32.3′E,11 km,2.3,震度１
2025/07/17,15:43:21.3,トカラ列島近海,29°17.5′N,129°27.7′E,10 km,2.6,震度１
2025/07/17,15:47:42.2,トカラ列島近海,29°18.3′N,129°33.9′E,10 km,3.2,震度２
2025/07/17,15:58:14.1,トカラ列島近海,29°18.1′N,129°32.3′E,13 km,2.8,震度１
2025/07/17,16:20:34.1,トカラ列島近海,29°17.3′N,129°33.1′E,10 km,2.8,震度１
2025/07/17,18:36:39.6,トカラ列島近海,29°18.2′N,129°35.2′E,9 km,不明,震度１
2025/07/17,18:45:21.2,トカラ列島近海,29°25.8′N,129°36.9′E,8 km,2.4,震度２
2025/07/17,22:39:31.7,トカラ列島近海,29°17.8′N,129°32.0′E,9 km,2.9,震度１
2025/07/17,23:02:32.3,トカラ列島近海,29°21.5′N,129°34.5′E,10 km,2.9,震度１
2025/07/18,00:06:59.5,トカラ列島近海,29°18.2′N,129°30.8′E,9 km,2.7,震度１
2025/07/18,00:45:52.4,トカラ列島近海,29°18.3′N,129°36.6′E,6 km,2.5,震度１
2025/07/18,02:49:34.8,岩手県沖,39°37.8′N,142°07.5′E,48 km,3.5,震度１
2025/07/18,03:44:09.0,青森県東方沖,41°08.6′N,143°08.7′E,17 km,4.7,震度２
2025/07/18,05:14:44.6,トカラ列島近海,29°19.3′N,129°33.7′E,10 km,2.2,震度１
2025/07/18,05:33:54.6,トカラ列島近海,29°18.3′N,129°32.1′E,11 km,3.6,震度３
2025/07/18,07:20:48.7,トカラ列島近海,29°20.5′N,129°35.2′E,8 km,2.4,震度１
2025/07/18,08:20:33.7,トカラ列島近海,29°18.8′N,129°30.7′E,8 km,2.9,震度２
2025/07/18,09:46:32.3,トカラ列島近海,29°19.8′N,129°34.4′E,8 km,2.5,震度１
2025/07/18,13:20:46.9,トカラ列島近海,29°18.8′N,129°32.1′E,11 km,2.4,震度１
2025/07/18,13:56:28.9,トカラ列島近海,29°19.7′N,129°31.4′E,9 km,3.1,震度２
2025/07/18,14:29:44.9,トカラ列島近海,29°20.3′N,129°32.2′E,10 km,3.2,震度３
2025/07/18,18:19:14.1,小笠原諸島西方沖,27°52.2′N,139°51.3′E,492 km,5.5,震度１
2025/07/18,18:58:32.0,大分県南部,33°02.3′N,131°29.3′E,100 km,3.7,震度２
2025/07/18,19:14:34.6,トカラ列島近海,29°19.5′N,129°35.0′E,7 km,2.3,震度１
2025/07/18,20:43:38.2,トカラ列島近海,29°17.6′N,129°31.1′E,13 km,3.1,震度１
2025/07/18,22:12:16.5,トカラ列島近海,29°16.9′N,129°31.6′E,7 km,2.5,震度１
2025/07/18,23:56:44.8,トカラ列島近海,29°18.8′N,129°34.7′E,7 km,2.4,震度１
2025/07/19,02:11:45.1,茨城県北部,36°27.3′N,140°33.5′E,56 km,3.0,震度１
2025/07/19,02:53:17.0,トカラ列島近海,29°38.3′N,129°41.1′E,0 km,不明,震度１
2025/07/19,03:17:55.8,トカラ列島近海,29°19.7′N,129°31.4′E,10 km,2.7,震度１
2025/07/19,07:35:16.7,留萌地方中北部,44°56.6′N,141°44.2′E,25 km,3.6,震度２
2025/07/19,13:39:08.4,トカラ列島近海,29°19.1′N,129°30.9′E,11 km,3.3,震度２
2025/07/19,17:04:33.8,トカラ列島近海,29°17.6′N,129°32.4′E,13 km,2.9,震度２
2025/07/19,17:46:14.3,トカラ列島近海,29°15.9′N,129°28.6′E,9 km,3.0,震度１
2025/07/19,17:51:11.9,トカラ列島近海,29°16.1′N,129°29.5′E,10 km,2.5,震度１
2025/07/19,17:53:08.8,トカラ列島近海,29°16.7′N,129°28.1′E,10 km,3.0,震度２
2025/07/19,18:25:47.6,トカラ列島近海,29°17.0′N,129°27.8′E,12 km,2.7,震度１
2025/07/19,18:58:52.1,トカラ列島近海,29°17.7′N,129°27.8′E,14 km,2.9,震度２
2025/07/19,19:08:39.3,トカラ列島近海,29°16.3′N,129°28.1′E,13 km,3.7,震度２
2025/07/19,19:13:24.3,トカラ列島近海,29°17.7′N,129°31.4′E,12 km,3.3,震度２
2025/07/19,19:25:00.5,トカラ列島近海,29°17.0′N,129°27.4′E,13 km,3.0,震度１
2025/07/19,19:33:07.1,トカラ列島近海,29°18.0′N,129°26.7′E,14 km,2.6,震度１
2025/07/19,19:59:23.7,トカラ列島近海,29°17.8′N,129°31.1′E,11 km,2.6,震度１
2025/07/19,21:54:35.9,トカラ列島近海,29°16.9′N,129°32.0′E,8 km,2.8,震度１
2025/07/19,22:40:41.5,トカラ列島近海,29°17.4′N,129°32.2′E,13 km,2.7,震度１
2025/07/20,02:13:30.3,福井県嶺南,35°26.4′N,135°52.2′E,13 km,2.3,震度１
2025/07/20,02:16:32.4,トカラ列島近海,29°19.7′N,129°31.5′E,10 km,2.5,震度１
2025/07/20,02:40:40.8,トカラ列島近海,29°18.8′N,129°33.5′E,12 km,3.8,震度３
2025/07/20,05:45:58.7,トカラ列島近海,29°21.1′N,129°33.9′E,9 km,2.8,震度１
2025/07/20,10:34:15.8,奄美大島近海,28°42.6′N,130°05.3′E,42 km,3.9,震度１
2025/07/20,15:31:10.7,トカラ列島近海,29°37.7′N,129°38.5′E,0 km,2.1,震度１
2025/07/20,16:29:27.4,トカラ列島近海,29°21.7′N,129°29.2′E,8 km,3.0,震度１
2025/07/20,17:49:06.6,トカラ列島近海,29°19.7′N,129°34.2′E,8 km,2.2,震度１
2025/07/20,23:28:12.2,トカラ列島近海,29°19.9′N,129°31.8′E,9 km,2.0,震度１
2025/07/21,00:34:57.2,新潟県中越地方,37°15.4′N,139°05.0′E,3 km,3.2,震度２
2025/07/21,02:57:33.4,茨城県沖,36°28.2′N,141°09.3′E,40 km,3.8,震度１
2025/07/21,04:28:11.5,神奈川県西部,35°12.2′N,139°01.1′E,5 km,3.1,震度２
2025/07/21,07:37:58.3,トカラ列島近海,29°19.5′N,129°33.7′E,12 km,不明,震度１
2025/07/21,08:17:07.3,伊豆大島近海,34°47.8′N,139°15.8′E,9 km,2.7,震度２
2025/07/21,09:53:58.4,福島県沖,37°20.6′N,141°20.4′E,48 km,3.9,震度１
2025/07/21,11:17:29.1,トカラ列島近海,29°17.9′N,129°33.2′E,12 km,2.6,震度１
2025/07/21,11:53:44.2,トカラ列島近海,29°19.8′N,129°36.6′E,10 km,3.5,震度３
2025/07/21,15:02:40.3,トカラ列島近海,29°25.6′N,129°39.6′E,0 km,不明,震度１
2025/07/21,15:05:53.4,浦河沖,42°01.1′N,142°35.3′E,60 km,4.1,震度２
2025/07/21,15:06:22.3,トカラ列島近海,29°18.1′N,129°32.5′E,11 km,2.9,震度１
2025/07/21,17:13:29.8,トカラ列島近海,29°18.6′N,129°34.3′E,8 km,3.0,震度２
2025/07/21,21:51:17.3,石川県能登地方,37°29.0′N,137°14.4′E,12 km,2.3,震度１
2025/07/21,22:33:27.3,トカラ列島近海,29°19.6′N,129°34.3′E,4 km,2.0,震度１
2025/07/22,04:05:18.1,佐渡付近,37°49.0′N,137°41.5′E,21 km,4.0,震度１
2025/07/22,12:56:57.4,トカラ列島近海,29°20.0′N,129°36.7′E,7 km,2.5,震度１
2025/07/22,13:53:40.7,トカラ列島近海,29°17.0′N,129°34.0′E,10 km,3.1,震度２
2025/07/22,20:20:36.0,茨城県北部,36°41.8′N,140°34.8′E,10 km,3.0,震度１
2025/07/22,21:00:16.0,トカラ列島近海,29°18.8′N,129°35.9′E,7 km,2.9,震度２
2025/07/23,06:00:47.4,トカラ列島近海,29°17.1′N,129°32.6′E,10 km,2.7,震度１
2025/07/23,10:21:13.2,茨城県南部,36°02.4′N,140°05.8′E,71 km,3.4,震度１
2025/07/23,10:38:44.4,栃木県北部,36°39.8′N,139°28.1′E,2 km,2.7,震度２
2025/07/23,12:13:51.7,福島県沖,37°00.9′N,141°01.6′E,67 km,3.7,震度２
2025/07/23,14:28:56.4,伊予灘,33°40.1′N,132°27.5′E,42 km,3.3,震度１
2025/07/23,21:34:18.5,十勝地方南部,42°37.6′N,142°48.8′E,41 km,3.4,震度１
2025/07/23,21:49:46.3,神奈川県西部,35°12.2′N,139°01.0′E,5 km,3.8,震度２
2025/07/24,00:15:52.1,国後島付近,44°11.4′N,146°41.2′E,144 km,4.4,震度１
2025/07/24,04:52:18.1,トカラ列島近海,29°19.1′N,129°35.0′E,9 km,2.1,震度１
2025/07/24,06:55:41.1,和歌山県北部,34°14.4′N,135°26.4′E,6 km,2.3,震度１
2025/07/24,07:55:33.4,奄美大島近海,28°08.9′N,129°16.7′E,49 km,3.9,震度２
2025/07/24,08:00:55.3,トカラ列島近海,29°19.0′N,129°34.5′E,0 km,2.8,震度１
2025/07/24,10:41:34.6,島根県西部,35°02.0′N,132°34.2′E,11 km,3.1,震度１
2025/07/24,14:27:14.0,トカラ列島近海,29°18.0′N,129°34.2′E,9 km,2.6,震度１
2025/07/24,17:47:37.8,新潟県上中越沖,37°13.1′N,137°59.9′E,26 km,3.7,震度２
2025/07/24,20:24:21.2,根室半島南東沖,42°59.2′N,145°36.9′E,70 km,4.2,震度１
2025/07/24,20:44:45.3,島根県西部,35°01.7′N,132°34.3′E,10 km,2.7,震度１
2025/07/24,21:14:48.2,択捉島南東沖,44°08.1′N,147°57.0′E,0 km,4.6,震度１
2025/07/25,00:57:55.0,トカラ列島近海,29°36.8′N,129°46.2′E,0 km,2.0,震度１
2025/07/25,05:25:03.4,トカラ列島近海,29°34.9′N,129°40.2′E,14 km,不明,震度１
2025/07/25,10:21:24.6,長野県南部,35°45.1′N,137°51.2′E,14 km,3.0,震度１
2025/07/25,11:17:02.7,長崎県南西部,32°48.0′N,130°07.7′E,9 km,4.8,震度４
2025/07/25,12:16:19.1,福島県浜通り,37°03.2′N,140°42.9′E,18 km,4.2,震度３
2025/07/25,12:48:17.0,トカラ列島近海,29°23.2′N,129°33.4′E,5 km,2.7,震度１
2025/07/25,12:51:04.8,トカラ列島近海,29°21.7′N,129°33.3′E,11 km,不明,震度１
2025/07/25,15:08:21.7,トカラ列島近海,29°18.4′N,129°33.3′E,10 km,2.4,震度１
2025/07/25,18:12:19.4,茨城県沖,36°38.6′N,140°55.9′E,48 km,4.2,震度３
2025/07/26,00:28:35.3,橘湾,32°47.6′N,130°07.9′E,8 km,3.4,震度２
2025/07/26,06:24:22.1,宮城県沖,38°55.6′N,141°56.1′E,51 km,3.7,震度１
2025/07/26,06:43:24.3,岡山県南部,34°54.3′N,134°14.6′E,19 km,3.6,震度２
2025/07/26,08:52:37.6,トカラ列島近海,29°18.3′N,129°34.1′E,11 km,2.6,震度１
2025/07/26,11:37:19.5,トカラ列島近海,29°19.6′N,129°30.2′E,12 km,2.9,震度１
2025/07/26,17:17:42.7,トカラ列島近海,29°18.7′N,129°29.9′E,10 km,2.4,震度１
2025/07/26,18:20:06.8,トカラ列島近海,29°18.8′N,129°32.2′E,4 km,4.3,震度３
2025/07/26,18:51:53.5,トカラ列島近海,29°18.7′N,129°30.4′E,9 km,3.2,震度２
2025/07/26,19:52:06.4,トカラ列島近海,29°17.6′N,129°31.9′E,11 km,2.6,震度１
2025/07/27,09:32:07.8,トカラ列島近海,29°19.0′N,129°30.6′E,10 km,2.8,震度１
2025/07/27,10:43:39.7,岩手県沿岸南部,38°59.5′N,141°42.1′E,68 km,3.0,震度１
2025/07/27,11:46:17.3,父島近海,26°20.0′N,142°06.6′E,47 km,3.6,震度１
2025/07/27,15:22:42.3,石川県能登地方,37°10.8′N,136°46.1′E,7 km,2.8,震度１
2025/07/27,16:56:25.1,トカラ列島近海,29°17.2′N,129°27.0′E,9 km,2.5,震度１
2025/07/27,17:49:49.5,トカラ列島近海,29°22.5′N,129°32.9′E,13 km,2.4,震度１
2025/07/28,02:03:57.7,福島県沖,37°50.4′N,141°37.8′E,83 km,4.5,震度３
2025/07/28,02:27:50.5,トカラ列島近海,29°24.4′N,129°34.3′E,10 km,2.4,震度１
2025/07/28,04:04:32.9,トカラ列島近海,29°20.5′N,129°34.2′E,9 km,2.5,震度１
2025/07/28,05:08:45.9,トカラ列島近海,29°18.2′N,129°31.2′E,12 km,3.3,震度２
2025/07/28,07:41:28.8,トカラ列島近海,29°13.0′N,129°11.4′E,13 km,4.3,震度２
2025/07/28,11:53:24.2,トカラ列島近海,29°21.4′N,129°28.7′E,6 km,2.5,震度１
2025/07/28,12:10:28.5,十勝地方南部,42°19.8′N,143°07.4′E,51 km,5.2,震度４
2025/07/28,18:56:34.5,長野県中部,36°25.4′N,138°03.8′E,4 km,1.9,震度１
2025/07/29,02:44:09.8,和歌山県北部,34°05.9′N,135°08.1′E,6 km,2.3,震度１
2025/07/29,09:00:43.9,トカラ列島近海,29°20.1′N,129°34.5′E,6 km,2.1,震度１
2025/07/29,17:25:53.4,伊勢湾,34°41.4′N,136°32.4′E,18 km,2.9,震度１
2025/07/29,18:30:00.9,和歌山県北部,34°01.3′N,135°16.6′E,7 km,2.8,震度１
2025/07/29,20:51:59.9,北海道東方沖,43°51.8′N,147°16.1′E,100 km,4.5,震度１
2025/07/29,21:12:25.5,トカラ列島近海,29°20.6′N,129°34.1′E,10 km,2.3,震度１
2025/07/30,00:29:54.1,石狩地方南部,42°56.6′N,141°28.7′E,9 km,2.7,震度２
2025/07/30,03:16:23.1,伊勢湾,34°41.6′N,136°32.5′E,18 km,2.8,震度１
2025/07/30,03:58:54.0,茨城県南部,36°09.9′N,140°05.4′E,50 km,3.8,震度２
2025/07/30,04:00:52.5,和歌山県北部,34°03.2′N,135°16.4′E,8 km,2.7,震度１
2025/07/30,05:53:18.5,トカラ列島近海,29°17.8′N,129°30.4′E,11 km,2.5,震度１
2025/07/30,08:24:52.0,カムチャツカ半島付近,52°30.7′N,160°19.4′E,35 km,8.8,震度２
2025/07/30,14:11:15.6,トカラ列島近海,29°19.1′N,129°34.2′E,4 km,2.6,震度１
2025/07/30,15:17:25.5,トカラ列島近海,29°24.8′N,129°32.4′E,9 km,2.9,震度２
2025/07/30,16:04:10.7,岩手県沖,40°15.4′N,142°29.2′E,41 km,3.9,震度１
2025/07/30,16:15:15.6,根室半島南東沖,42°53.0′N,146°27.9′E,24 km,4.1,震度１
2025/07/30,16:23:22.3,択捉島南東沖,44°20.7′N,148°57.7′E,30 km,5.1,震度１
2025/07/31,01:42:17.5,トカラ列島近海,29°19.8′N,129°34.9′E,10 km,2.7,震度１
2025/07/31,02:37:52.2,青森県西方沖,41°13.1′N,139°00.0′E,29 km,3.8,震度１
2025/07/31,08:44:10.0,伊豆大島近海,34°36.1′N,139°12.9′E,11 km,2.8,震度１
2025/07/31,13:00:39.0,トカラ列島近海,29°19.0′N,129°34.1′E,13 km,3.1,震度１
2025/07/31,13:53:56.5,石川県能登地方,37°23.4′N,137°10.3′E,11 km,3.6,震度１
2025/07/31,15:38:09.2,トカラ列島近海,29°22.2′N,129°34.5′E,10 km,3.3,震度２
2025/07/31,16:17:25.0,トカラ列島近海,29°21.0′N,129°29.5′E,7 km,3.2,震度２
2025/07/31,16:46:00.4,トカラ列島近海,29°23.6′N,129°34.8′E,10 km,2.4,震度１
2025/07/31,17:21:50.1,岩手県沖,39°53.7′N,142°32.6′E,36 km,3.7,震度１
2025/07/31,18:18:46.5,茨城県沖,36°16.4′N,141°05.9′E,37 km,3.3,震度１
2025/07/31,20:26:16.0,トカラ列島近海,29°20.4′N,129°33.1′E,9 km,2.6,震度２
2025/08/01,01:49:35.9,トカラ列島近海,29°16.4′N,129°32.5′E,7 km,2.9,震度１
2025/08/01,03:12:16.6,宮古島近海,24°32.2′N,125°26.8′E,51 km,3.5,震度１
2025/08/01,03:16:29.8,石川県能登地方,37°14.6′N,136°45.0′E,11 km,3.1,震度１
2025/08/01,08:24:15.3,伊勢湾,34°35.0′N,136°56.6′E,349 km,4.7,震度１
2025/08/01,15:30:51.3,福島県沖,37°33.2′N,141°29.0′E,54 km,3.9,震度１
2025/08/01,22:58:44.0,群馬県南部,36°14.1′N,139°30.0′E,102 km,4.0,震度２
2025/08/02,01:16:54.7,和歌山県北部,34°06.3′N,135°09.3′E,7 km,2.5,震度１
2025/08/02,02:02:39.5,トカラ列島近海,29°25.5′N,129°39.9′E,0 km,1.5,震度１
2025/08/02,03:37:02.8,トカラ列島近海,29°19.2′N,129°37.1′E,9 km,2.4,震度１
2025/08/02,04:34:17.1,福島県沖,37°22.8′N,141°56.1′E,39 km,4.3,震度１
2025/08/02,06:18:19.5,根室半島南東沖,43°14.0′N,146°18.9′E,67 km,4.5,震度３
2025/08/02,07:27:37.3,釧路沖,42°22.2′N,145°24.9′E,13 km,5.4,震度３
2025/08/02,12:31:05.4,宮城県沖,38°14.0′N,141°43.1′E,52 km,3.4,震度１
2025/08/02,18:24:55.1,トカラ列島近海,29°15.4′N,129°29.1′E,9 km,2.6,震度１
2025/08/02,20:23:06.1,伊豆大島近海,34°47.5′N,139°15.3′E,8 km,2.6,震度１
2025/08/02,21:19:00.7,沖縄本島近海,27°26.8′N,128°37.0′E,44 km,3.4,震度１
2025/08/03,02:34:37.3,伊豆大島近海,34°47.7′N,139°15.2′E,8 km,2.5,震度１
2025/08/03,03:19:13.1,石川県能登地方,37°28.7′N,137°14.2′E,11 km,2.6,震度１
2025/08/03,13:06:45.8,能登半島沖,37°31.3′N,137°11.8′E,13 km,2.6,震度１
2025/08/03,19:14:59.0,トカラ列島近海,29°20.2′N,129°34.0′E,8 km,3.2,震度２
2025/08/03,20:09:31.4,トカラ列島近海,29°19.0′N,129°32.2′E,12 km,3.0,震度１
2025/08/03,20:38:21.2,トカラ列島近海,29°19.4′N,129°34.5′E,5 km,2.3,震度１
2025/08/04,04:01:20.4,トカラ列島近海,29°18.6′N,129°33.2′E,11 km,3.1,震度２
2025/08/04,04:23:43.7,鳥取県中部,35°25.4′N,133°49.1′E,8 km,2.5,震度１
2025/08/04,08:37:00.5,高知県中部,33°42.8′N,133°16.4′E,36 km,3.3,震度１
2025/08/04,12:14:53.8,トカラ列島近海,29°20.4′N,129°33.2′E,6 km,2.7,震度１
2025/08/04,14:05:01.7,静岡県中部,34°54.8′N,138°21.8′E,24 km,2.9,震度１
2025/08/04,17:41:29.8,トカラ列島近海,29°25.4′N,129°35.7′E,14 km,2.5,震度１
2025/08/04,23:40:46.7,釧路地方中南部,43°04.7′N,144°59.3′E,60 km,4.1,震度２
2025/08/05,01:42:11.6,秋田県沖,40°07.6′N,139°24.0′E,20 km,3.8,震度１
2025/08/05,06:52:58.0,トカラ列島近海,29°19.7′N,129°31.5′E,10 km,2.9,震度２
2025/08/05,06:59:18.3,トカラ列島近海,29°20.6′N,129°28.0′E,10 km,2.8,震度１
2025/08/05,13:43:56.8,紀伊水道,34°13.4′N,135°08.0′E,7 km,2.5,震度１
2025/08/05,18:26:20.4,トカラ列島近海,29°18.3′N,129°29.8′E,9 km,2.5,震度１
2025/08/05,19:20:36.1,トカラ列島近海,29°15.6′N,129°10.5′E,10 km,3.1,震度２
2025/08/05,22:10:44.1,岩手県沿岸北部,39°45.4′N,141°50.8′E,58 km,3.7,震度１
2025/08/05,22:20:14.9,滋賀県北部,35°35.9′N,136°18.0′E,40 km,2.8,震度１
2025/08/06,02:47:22.9,トカラ列島近海,29°18.7′N,129°34.3′E,13 km,2.8,震度１
2025/08/06,02:53:43.5,大分県中部,33°04.6′N,131°58.8′E,50 km,4.2,震度３
2025/08/06,04:19:04.8,千葉県北東部,35°50.0′N,140°33.0′E,37 km,3.8,震度１
2025/08/06,04:26:55.1,千葉県北東部,35°50.2′N,140°33.2′E,38 km,3.9,震度２
2025/08/06,08:10:51.3,トカラ列島近海,29°18.2′N,129°29.5′E,10 km,2.6,震度１
2025/08/06,09:56:38.8,沖縄本島北西沖,28°05.1′N,127°59.1′E,12 km,4.9,震度１
2025/08/06,17:37:17.1,石川県能登地方,37°09.9′N,136°49.0′E,10 km,2.4,震度１
2025/08/06,17:49:42.0,トカラ列島近海,29°20.2′N,129°34.1′E,9 km,2.6,震度１
2025/08/07,01:28:36.6,石川県能登地方,37°12.8′N,136°49.3′E,11 km,2.8,震度１
2025/08/07,08:47:45.2,大分県西部,33°07.7′N,131°12.6′E,2 km,4.8,震度３
2025/08/07,08:56:18.2,大分県西部,33°08.1′N,131°12.7′E,3 km,3.0,震度２
2025/08/07,09:06:41.1,大分県西部,33°07.9′N,131°12.1′E,4 km,2.9,震度１
2025/08/07,11:27:26.4,トカラ列島近海,29°20.3′N,129°34.9′E,9 km,2.1,震度１
2025/08/07,13:39:56.4,大分県西部,33°07.8′N,131°11.7′E,4 km,3.2,震度２
2025/08/07,14:16:28.8,石川県能登地方,37°18.9′N,136°48.7′E,10 km,2.6,震度１
2025/08/07,15:12:56.3,トカラ列島近海,29°24.1′N,129°34.9′E,10 km,2.4,震度１
2025/08/07,16:45:05.0,与那国島近海,24°32.3′N,122°56.3′E,106 km,5.6,震度３
2025/08/08,16:58:08.4,熊本県天草・芦北地方,32°15.6′N,130°35.3′E,6 km,2.3,震度１
2025/08/08,19:29:17.7,茨城県沖,36°31.0′N,141°38.7′E,24 km,4.7,震度１
2025/08/09,00:18:06.3,トカラ列島近海,29°18.1′N,129°26.6′E,12 km,4.4,震度３
2025/08/09,02:36:14.3,岩手県沖,40°20.7′N,142°02.1′E,52 km,3.8,震度１
2025/08/09,04:19:21.7,トカラ列島近海,29°17.2′N,129°26.7′E,13 km,2.6,震度１
2025/08/09,08:24:28.4,福島県沖,37°46.1′N,141°49.7′E,44 km,3.9,震度１
2025/08/09,12:01:47.5,トカラ列島近海,29°17.6′N,129°27.1′E,12 km,3.0,震度１
2025/08/09,19:00:33.3,長野県南部,35°15.9′N,137°39.8′E,8 km,2.5,震度２
2025/08/09,20:04:24.7,トカラ列島近海,29°36.6′N,129°45.5′E,0 km,2.0,震度１
2025/08/10,03:16:29.2,岐阜県美濃東部,35°30.7′N,137°15.1′E,6 km,2.6,震度１
2025/08/10,07:18:37.9,トカラ列島近海,29°39.9′N,129°44.3′E,5 km,3.0,震度２
2025/08/10,07:34:57.7,トカラ列島近海,29°39.5′N,129°45.1′E,4 km,2.9,震度１
2025/08/10,10:09:02.9,トカラ列島近海,29°23.4′N,129°32.6′E,9 km,2.7,震度１
2025/08/10,16:13:48.0,トカラ列島近海,29°35.5′N,129°43.4′E,0 km,2.2,震度１
2025/08/10,16:56:49.4,トカラ列島近海,29°18.7′N,129°35.9′E,6 km,2.8,震度１
2025/08/10,18:37:39.5,トカラ列島近海,29°22.4′N,129°06.1′E,14 km,2.9,震度１
2025/08/10,18:57:41.4,トカラ列島近海,29°20.6′N,129°32.1′E,10 km,2.6,震度１
2025/08/10,20:08:21.9,伊豆大島近海,34°34.0′N,139°24.9′E,14 km,3.5,震度１
2025/08/11,01:20:07.2,トカラ列島近海,29°19.9′N,129°36.1′E,11 km,2.4,震度１
2025/08/11,05:19:36.0,トカラ列島近海,29°11.2′N,129°19.9′E,5 km,2.1,震度１
2025/08/11,05:20:25.4,トカラ列島近海,29°11.7′N,129°20.3′E,3 km,2.0,震度１
2025/08/11,08:15:14.8,トカラ列島近海,29°22.8′N,129°32.4′E,6 km,2.6,震度１
2025/08/11,09:15:36.8,石川県西方沖,36°55.4′N,136°23.7′E,12 km,3.6,震度１
2025/08/11,15:14:06.7,トカラ列島近海,29°36.6′N,129°42.8′E,0 km,不明,震度１
2025/08/11,15:16:31.3,トカラ列島近海,29°37.7′N,129°41.7′E,1 km,不明,震度１
2025/08/12,02:11:55.3,熊本県球磨地方,32°15.0′N,130°40.1′E,5 km,2.9,震度２
2025/08/12,02:27:03.1,熊本県球磨地方,32°15.0′N,130°39.9′E,5 km,2.4,震度１
2025/08/12,06:32:33.2,トカラ列島近海,29°20.3′N,129°33.1′E,6 km,2.6,震度１
2025/08/12,06:34:23.2,愛媛県中予,33°49.4′N,132°50.2′E,42 km,3.8,震度１
2025/08/12,07:42:34.8,トカラ列島近海,29°23.1′N,129°32.4′E,7 km,2.5,震度１
2025/08/12,11:34:44.8,トカラ列島近海,29°17.9′N,129°32.4′E,13 km,2.8,震度１
2025/08/12,14:49:31.6,父島近海,26°19.7′N,143°04.6′E,30 km,4.7,震度１
2025/08/12,17:36:43.0,薩摩半島西方沖,31°12.7′N,130°24.7′E,159 km,4.1,震度１
2025/08/12,18:11:13.3,釧路沖,42°21.4′N,144°33.4′E,22 km,5.5,震度３
2025/08/12,18:13:11.2,釧路沖,42°22.2′N,144°35.3′E,17 km,4.3,震度１
2025/08/12,22:08:37.3,釧路沖,42°21.1′N,144°33.6′E,21 km,4.1,震度１
2025/08/12,23:31:41.3,釧路沖,42°21.5′N,144°32.2′E,22 km,4.2,震度２
2025/08/13,00:57:00.7,トカラ列島近海,29°37.6′N,129°41.2′E,0 km,1.5,震度３
2025/08/13,01:05:02.0,詳細不明,29°37.0′N,129°42.0′E,0 km,不明,震度２
2025/08/13,01:12:09.0,詳細不明,29°37.0′N,129°42.0′E,0 km,不明,震度１
2025/08/13,01:56:34.1,トカラ列島近海,29°36.1′N,129°38.1′E,11 km,2.7,震度１
2025/08/13,03:05:35.0,詳細不明,29°37.0′N,129°42.0′E,0 km,不明,震度２
2025/08/13,04:10:48.6,大分県西部,33°08.0′N,131°13.1′E,4 km,2.7,震度１
2025/08/13,06:54:06.4,トカラ列島近海,29°19.8′N,129°30.1′E,10 km,2.9,震度１
2025/08/13,07:50:26.0,根室半島南東沖,43°12.0′N,146°08.8′E,48 km,4.2,震度２
2025/08/13,13:12:32.3,トカラ列島近海,29°18.6′N,129°26.4′E,12 km,3.3,震度１
2025/08/13,13:34:13.3,宮城県沖,37°54.4′N,141°42.2′E,55 km,3.9,震度１
2025/08/13,18:52:28.1,日向灘,32°05.5′N,131°53.6′E,24 km,4.1,震度１
2025/08/13,19:35:26.5,トカラ列島近海,29°19.0′N,129°37.0′E,10 km,2.3,震度１
2025/08/13,20:46:02.6,日向灘,32°08.3′N,131°58.5′E,29 km,3.8,震度２
2025/08/14,04:13:37.8,茨城県沖,36°27.3′N,141°05.1′E,47 km,5.2,震度４
2025/08/14,09:12:54.4,トカラ列島近海,29°36.2′N,129°35.4′E,10 km,2.5,震度１
2025/08/14,12:03:33.7,トカラ列島近海,29°37.2′N,129°35.3′E,9 km,2.4,震度１
2025/08/14,12:21:20.6,トカラ列島近海,29°36.3′N,129°35.2′E,10 km,2.7,震度１
2025/08/14,12:48:52.0,青森県三八上北地方,40°33.5′N,141°23.3′E,88 km,4.0,震度２
2025/08/14,16:31:34.4,日高地方西部,42°46.7′N,142°38.8′E,125 km,3.9,震度１
2025/08/14,17:38:22.4,トカラ列島近海,29°19.8′N,129°32.9′E,10 km,2.6,震度２
2025/08/14,23:17:59.6,静岡県中部,35°00.3′N,138°28.8′E,23 km,3.9,震度３
2025/08/15,03:25:02.1,トカラ列島近海,29°19.9′N,129°33.0′E,11 km,4.1,震度３
2025/08/15,03:26:31.8,トカラ列島近海,29°20.0′N,129°32.8′E,12 km,2.7,震度１
2025/08/15,03:29:50.8,トカラ列島近海,29°18.0′N,129°34.9′E,8 km,2.8,震度１
2025/08/15,03:34:26.2,トカラ列島近海,29°20.8′N,129°32.2′E,10 km,2.4,震度１
2025/08/15,04:00:51.2,トカラ列島近海,29°19.6′N,129°30.9′E,6 km,2.5,震度１
2025/08/15,04:06:25.2,トカラ列島近海,29°18.2′N,129°33.6′E,9 km,2.8,震度２
2025/08/15,05:09:31.3,トカラ列島近海,29°20.4′N,129°31.4′E,1 km,3.2,震度２
2025/08/15,05:22:14.6,トカラ列島近海,29°18.9′N,129°33.4′E,9 km,2.7,震度２
2025/08/15,05:45:28.0,トカラ列島近海,29°35.3′N,129°37.2′E,12 km,2.6,震度１
2025/08/15,06:13:46.3,トカラ列島近海,29°36.1′N,129°40.6′E,0 km,1.5,震度３
2025/08/15,06:59:30.3,トカラ列島近海,29°18.6′N,129°33.7′E,9 km,2.7,震度２
2025/08/15,08:50:51.0,トカラ列島近海,29°36.7′N,129°43.8′E,8 km,2.5,震度１
2025/08/15,11:44:31.0,橘湾,32°36.0′N,129°52.5′E,11 km,2.3,震度１
2025/08/15,13:24:56.3,トカラ列島近海,29°19.3′N,129°32.4′E,12 km,3.1,震度３
2025/08/15,15:04:22.2,浦河沖,41°54.5′N,142°31.1′E,62 km,3.9,震度１
2025/08/15,20:28:42.7,能登半島沖,37°32.8′N,137°14.6′E,12 km,2.5,震度１
2025/08/15,22:41:39.9,トカラ列島近海,29°36.6′N,129°35.7′E,11 km,2.3,震度１
2025/08/15,22:43:22.1,トカラ列島近海,29°35.9′N,129°37.2′E,11 km,2.2,震度１
2025/08/16,01:23:56.6,鹿児島県薩摩地方,31°43.6′N,130°46.2′E,8 km,1.6,震度１
2025/08/16,03:19:40.2,トカラ列島近海,29°19.1′N,129°33.7′E,6 km,1.9,震度１
2025/08/16,03:25:19.4,福島県中通り,36°50.9′N,140°31.7′E,17 km,3.4,震度２
2025/08/16,05:20:40.0,浦河沖,42°02.5′N,142°41.3′E,63 km,4.0,震度１
2025/08/16,08:28:06.8,沖縄本島近海,27°18.2′N,128°27.0′E,48 km,3.8,震度１
2025/08/16,10:47:51.7,釧路地方北部,43°38.4′N,144°27.1′E,0 km,2.2,震度２
2025/08/17,06:13:14.6,日向灘,32°02.2′N,131°56.1′E,29 km,5.7,震度４
2025/08/17,07:46:15.0,詳細不明,29°37.0′N,129°42.0′E,0 km,不明,震度２
2025/08/17,07:48:17.1,千葉県北東部,35°52.0′N,140°32.5′E,37 km,2.8,震度１
2025/08/17,08:44:04.5,奄美大島近海,28°13.5′N,129°29.0′E,34 km,3.1,震度１
2025/08/17,14:33:19.3,大分県西部,33°07.7′N,131°12.6′E,2 km,3.2,震度１
2025/08/17,15:26:30.8,トカラ列島近海,29°23.5′N,129°35.4′E,9 km,2.2,震度１
2025/08/17,20:50:01.3,石川県西方沖,36°57.0′N,136°22.9′E,12 km,3.9,震度２
2025/08/18,08:33:29.3,遠州灘,34°09.1′N,137°49.1′E,13 km,4.6,震度２
2025/08/18,09:12:17.7,トカラ列島近海,29°20.9′N,129°34.3′E,8 km,2.2,震度１
2025/08/18,12:06:07.0,島根県東部,35°23.6′N,132°51.6′E,15 km,2.7,震度１
2025/08/18,14:53:02.0,愛媛県南予,32°58.0′N,132°32.1′E,14 km,3.3,震度１
2025/08/18,17:04:04.3,トカラ列島近海,29°20.5′N,129°35.6′E,9 km,2.3,震度１
2025/08/18,21:57:14.4,愛知県西部,34°54.4′N,137°21.7′E,38 km,3.7,震度２
2025/08/18,22:39:43.7,石川県能登地方,37°25.4′N,137°07.9′E,8 km,2.9,震度１
2025/08/18,23:12:00.9,愛知県東部,34°53.9′N,137°21.7′E,38 km,3.8,震度２
2025/08/19,02:32:56.4,胆振地方中東部,42°43.5′N,141°49.7′E,16 km,2.4,震度１
2025/08/19,04:59:26.7,宮城県沖,38°23.9′N,141°57.5′E,50 km,3.6,震度１
2025/08/19,06:50:03.8,トカラ列島近海,29°39.0′N,129°40.8′E,0 km,不明,震度２
2025/08/19,07:17:23.2,日向灘,32°13.4′N,132°04.6′E,21 km,3.7,震度２
2025/08/19,07:19:24.2,渡島地方東部,42°00.5′N,140°40.9′E,133 km,5.1,震度３
2025/08/19,11:49:06.0,詳細不明,29°37.0′N,129°42.0′E,0 km,不明,震度１
2025/08/19,13:01:54.7,大阪府北部,34°58.0′N,135°21.7′E,8 km,2.4,震度１
2025/08/19,14:36:10.9,トカラ列島近海,29°37.9′N,129°38.8′E,0 km,2.0,震度１
2025/08/19,19:22:05.9,徳島県北部,33°55.3′N,134°14.4′E,9 km,2.2,震度１
2025/08/19,23:03:06.6,熊本県熊本地方,32°23.3′N,130°41.5′E,11 km,2.9,震度１
2025/08/20,05:44:45.3,徳島県北部,33°55.3′N,134°14.4′E,8 km,2.1,震度１
2025/08/20,07:48:40.3,日向灘,32°09.5′N,132°10.1′E,7 km,3.6,震度１
2025/08/20,10:23:46.5,長野県中部,35°59.4′N,138°04.6′E,9 km,3.2,震度１
2025/08/20,17:26:56.1,栃木県南部,36°38.4′N,139°37.9′E,6 km,3.2,震度１
2025/08/20,20:37:30.3,網走地方,43°57.3′N,144°59.5′E,4 km,2.5,震度１
2025/08/21,06:02:02.4,岐阜県美濃中西部,35°26.0′N,136°46.6′E,9 km,2.1,震度１
2025/08/21,06:24:57.2,北海道東方沖,43°25.0′N,147°19.5′E,63 km,4.3,震度１
2025/08/21,10:44:00.3,新島・神津島近海,34°30.0′N,139°24.6′E,16 km,4.8,震度３
2025/08/21,10:50:38.3,岩手県沖,39°48.5′N,142°09.7′E,27 km,3.0,震度１
2025/08/21,12:21:28.2,石川県能登地方,37°13.0′N,136°55.3′E,5 km,2.1,震度１
2025/08/21,15:08:43.0,詳細不明,29°37.0′N,129°42.0′E,0 km,不明,震度１
2025/08/21,16:58:17.3,上川地方北部,44°23.3′N,142°23.4′E,4 km,3.7,震度２
2025/08/21,18:27:53.3,石川県能登地方,37°20.1′N,136°51.2′E,9 km,2.9,震度１
2025/08/22,00:18:27.8,トカラ列島近海,29°15.0′N,129°29.1′E,0 km,3.1,震度１
2025/08/22,01:30:03.2,京都府南部,35°02.7′N,135°32.8′E,14 km,3.3,震度２
2025/08/22,07:34:43.3,宮城県沖,38°41.0′N,142°14.5′E,43 km,5.6,震度３
2025/08/22,08:06:13.6,宮城県沖,38°41.7′N,142°15.3′E,41 km,4.4,震度２
2025/08/22,09:38:27.3,トカラ列島近海,29°18.9′N,129°32.6′E,9 km,2.4,震度１
2025/08/22,09:57:50.2,石川県能登地方,37°14.5′N,136°50.3′E,7 km,2.5,震度１
2025/08/22,10:07:37.4,京都府南部,35°02.6′N,135°35.5′E,12 km,2.6,震度１
2025/08/22,17:05:48.1,岐阜県飛騨地方,36°07.8′N,137°22.1′E,5 km,2.8,震度１
2025/08/23,08:44:22.5,徳島県南部,33°43.1′N,134°19.0′E,19 km,2.8,震度１
2025/08/23,08:50:27.5,トカラ列島近海,29°39.9′N,129°42.9′E,0 km,不明,震度１
2025/08/23,16:06:50.6,トカラ列島近海,29°32.5′N,129°36.9′E,7 km,2.0,震度１
2025/08/23,17:07:12.8,島根県東部,35°21.0′N,133°16.3′E,10 km,2.4,震度１
2025/08/23,17:32:48.5,福島県中通り,37°09.8′N,140°09.1′E,126 km,3.8,震度１
2025/08/23,18:36:46.3,根室半島南東沖,42°52.5′N,146°37.0′E,24 km,4.3,震度１
2025/08/23,19:22:11.1,埼玉県秩父地方,36°03.1′N,138°57.5′E,132 km,3.8,震度１
2025/08/23,21:03:26.7,トカラ列島近海,29°33.5′N,129°34.4′E,1 km,1.9,震度１
2025/08/23,23:50:50.9,トカラ列島近海,29°32.6′N,129°36.5′E,8 km,2.5,震度２
2025/08/24,01:19:37.0,トカラ列島近海,29°20.1′N,129°33.2′E,9 km,3.1,震度３
2025/08/24,01:22:26.8,トカラ列島近海,29°20.1′N,129°32.7′E,7 km,2.7,震度１
2025/08/24,02:18:33.8,宮城県沖,38°41.7′N,142°15.4′E,42 km,3.8,震度１
2025/08/24,08:44:09.5,和歌山県北部,34°02.0′N,135°15.2′E,4 km,1.6,震度１
2025/08/24,13:58:29.0,岩手県沖,39°38.2′N,142°06.2′E,49 km,3.5,震度１
2025/08/24,15:00:31.3,福島県会津,37°02.5′N,139°23.7′E,7 km,2.4,震度１
2025/08/25,01:44:24.1,福井県嶺北,35°45.5′N,136°18.5′E,10 km,4.4,震度３
2025/08/25,11:25:05.1,宮城県沖,38°52.3′N,142°01.3′E,46 km,3.2,震度１
2025/08/25,12:58:07.8,茨城県南部,36°10.3′N,139°47.8′E,59 km,3.1,震度１
2025/08/25,20:57:35.1,上川地方北部,44°23.1′N,142°24.1′E,0 km,2.5,震度１
2025/08/26,05:15:25.9,宮崎県南部平野部,32°02.5′N,131°29.1′E,53 km,2.6,震度１
2025/08/26,06:45:37.2,トカラ列島近海,29°22.7′N,129°34.5′E,9 km,2.4,震度１
2025/08/26,12:33:41.7,トカラ列島近海,29°20.8′N,129°34.1′E,8 km,3.3,震度３
2025/08/26,16:19:06.9,東京都多摩東部,35°41.4′N,139°12.4′E,132 km,3.8,震度１
2025/08/27,09:32:26.9,八丈島東方沖,32°24.7′N,140°26.3′E,30 km,4.6,震度１
2025/08/27,17:52:50.0,トカラ列島近海,29°19.0′N,129°26.6′E,11 km,3.5,震度２
2025/08/27,19:46:03.1,熊本県熊本地方,32°50.6′N,130°49.7′E,10 km,2.4,震度１
2025/08/27,21:50:00.0,日向灘,32°03.6′N,131°56.1′E,29 km,4.2,震度２
2025/08/27,22:10:59.8,台湾付近,24°47.6′N,121°52.0′E,113 km,5.3,震度２
2025/08/27,23:11:40.1,トカラ列島近海,29°38.0′N,129°38.6′E,0 km,3.4,震度３
2025/08/27,23:18:16.0,トカラ列島近海,29°37.8′N,129°38.5′E,2 km,2.5,震度１
2025/08/28,03:17:13.1,トカラ列島近海,29°38.5′N,129°39.3′E,0 km,1.8,震度１
2025/08/28,03:25:15.1,トカラ列島近海,29°38.7′N,129°39.1′E,2 km,2.8,震度２
2025/08/28,10:06:56.5,茨城県南部,35°54.3′N,140°20.8′E,40 km,3.1,震度２
2025/08/28,11:24:22.8,トカラ列島近海,29°23.0′N,129°34.5′E,10 km,2.3,震度１
2025/08/28,12:12:50.5,沖縄本島近海,26°37.0′N,127°45.6′E,44 km,4.5,震度２
2025/08/28,18:31:07.3,宮城県沖,38°18.9′N,141°45.2′E,50 km,4.0,震度２
2025/08/28,18:50:06.8,根室半島南東沖,42°58.0′N,145°58.9′E,15 km,4.6,震度２
2025/08/28,23:35:17.7,福井県嶺北,35°45.4′N,136°18.4′E,10 km,3.4,震度２
2025/08/29,03:39:35.3,伊豆半島東方沖,35°05.0′N,139°07.6′E,0 km,2.6,震度２
2025/08/29,04:54:32.6,茨城県沖,36°39.5′N,140°59.0′E,88 km,4.5,震度３
2025/08/29,08:10:46.3,福島県中通り,36°54.1′N,140°30.5′E,7 km,3.5,震度２
2025/08/29,17:08:45.7,栃木県北部,36°50.0′N,139°47.6′E,5 km,2.7,震度１
2025/08/29,20:20:19.8,トカラ列島近海,29°20.0′N,129°34.9′E,8 km,3.1,震度２
2025/08/29,20:21:30.1,トカラ列島近海,29°20.3′N,129°34.0′E,6 km,2.7,震度１
2025/08/30,00:32:46.1,トカラ列島近海,29°37.8′N,129°44.3′E,8 km,2.6,震度１
2025/08/30,01:29:20.3,宮城県沖,38°26.6′N,142°12.0′E,41 km,5.8,震度４
2025/08/30,01:50:59.9,福島県沖,37°18.0′N,141°36.2′E,44 km,4.9,震度３
2025/08/30,01:53:40.3,福島県沖,37°17.9′N,141°36.1′E,42 km,3.9,震度２
2025/08/30,02:02:43.1,トカラ列島近海,29°21.4′N,129°34.1′E,11 km,2.3,震度１
2025/08/30,02:03:42.4,トカラ列島近海,29°20.2′N,129°34.0′E,0 km,2.7,震度２
2025/08/30,04:33:08.1,長野県南部,35°17.5′N,137°40.0′E,9 km,1.9,震度１
2025/08/30,04:54:53.9,トカラ列島近海,29°20.2′N,129°35.0′E,8 km,2.1,震度１
2025/08/30,13:58:44.8,紀伊水道,33°48.1′N,134°54.7′E,14 km,2.9,震度１
2025/08/30,18:26:33.9,岩手県沖,39°20.0′N,142°04.2′E,48 km,4.7,震度３
2025/08/30,22:16:59.5,トカラ列島近海,29°19.0′N,129°33.7′E,3 km,2.4,震度１
2025/08/31,03:49:54.7,長野県南部,35°17.5′N,137°48.3′E,17 km,3.4,震度２
2025/08/31,12:37:38.0,トカラ列島近海,29°36.5′N,129°36.5′E,10 km,2.2,震度１
2025/08/31,23:28:12.3,トカラ列島近海,29°12.1′N,129°19.9′E,0 km,2.5,震度１
2025/09/01,03:20:08.5,トカラ列島近海,29°18.0′N,129°37.7′E,11 km,2.6,震度１
2025/09/01,04:19:47.9,トカラ列島近海,29°19.8′N,129°34.7′E,8 km,2.6,震度２
2025/09/01,12:39:35.3,空知地方北部,43°52.5′N,142°03.6′E,10 km,3.6,震度２
2025/09/01,13:11:22.3,石川県能登地方,37°09.2′N,136°44.1′E,6 km,3.2,震度２
2025/09/01,15:30:04.6,トカラ列島近海,29°20.3′N,129°30.3′E,10 km,4.0,震度４
2025/09/01,22:09:31.8,トカラ列島近海,29°19.7′N,129°34.9′E,7 km,2.2,震度１
2025/09/01,23:43:08.9,トカラ列島近海,29°21.2′N,129°33.1′E,8 km,2.4,震度１
2025/09/02,02:59:07.7,沖縄本島近海,27°25.0′N,128°37.3′E,43 km,2.9,震度１
2025/09/02,11:13:43.7,トカラ列島近海,29°16.8′N,129°26.9′E,10 km,2.3,震度１
2025/09/02,16:02:30.1,愛知県西部,35°13.7′N,137°25.9′E,11 km,2.6,震度１
2025/09/03,02:05:59.5,トカラ列島近海,29°17.7′N,129°29.8′E,0 km,2.2,震度１
2025/09/03,05:58:19.9,トカラ列島近海,29°21.3′N,129°33.1′E,7 km,2.2,震度１
2025/09/03,06:02:11.5,トカラ列島近海,29°19.4′N,129°35.4′E,4 km,2.2,震度１
2025/09/03,11:36:22.7,紀伊水道,34°10.5′N,135°09.3′E,7 km,2.4,震度１
2025/09/03,13:27:47.0,福島県会津,36°57.7′N,139°23.2′E,4 km,1.4,震度１
2025/09/03,19:32:22.4,トカラ列島近海,29°26.3′N,129°34.8′E,7 km,不明,震度１
2025/09/03,19:34:12.3,トカラ列島近海,29°26.7′N,129°33.2′E,7 km,2.1,震度１
2025/09/03,20:01:27.3,トカラ列島近海,29°25.8′N,129°37.5′E,7 km,2.0,震度２
2025/09/03,20:45:19.4,トカラ列島近海,29°26.0′N,129°36.1′E,8 km,1.9,震度１
2025/09/03,23:13:50.3,徳島県北部,33°58.7′N,133°42.3′E,7 km,2.1,震度１
2025/09/04,05:31:18.1,奄美大島近海,27°27.7′N,129°17.7′E,39 km,4.4,震度２
2025/09/04,09:31:06.8,秋田県内陸南部,39°28.9′N,140°25.7′E,10 km,3.0,震度２
2025/09/04,11:33:59.5,浦河沖,42°08.1′N,142°27.5′E,58 km,3.7,震度１
2025/09/04,19:23:56.2,岩手県沖,39°09.3′N,142°42.9′E,31 km,4.3,震度１
2025/09/05,13:01:47.5,宮城県沖,38°58.8′N,141°40.1′E,73 km,3.1,震度１
2025/09/05,20:45:40.4,トカラ列島近海,29°19.9′N,129°29.4′E,10 km,2.8,震度１
2025/09/05,21:00:07.5,茨城県南部,36°04.0′N,139°53.7′E,46 km,4.4,震度４
2025/09/06,01:01:35.9,奄美大島近海,28°02.2′N,129°04.6′E,13 km,3.3,震度１
2025/09/06,02:51:23.4,青森県東方沖,41°01.6′N,141°31.8′E,19 km,3.3,震度１
2025/09/06,05:42:36.6,上川地方北部,44°40.2′N,142°20.8′E,0 km,1.8,震度１
2025/09/06,11:56:23.1,青森県三八上北地方,40°22.6′N,141°11.4′E,8 km,2.0,震度１
2025/09/06,12:48:46.9,青森県東方沖,41°02.8′N,142°02.6′E,58 km,3.9,震度２
2025/09/06,18:13:12.7,トカラ列島近海,29°23.2′N,129°34.4′E,10 km,3.0,震度２
2025/09/06,23:48:45.2,トカラ列島近海,29°21.6′N,129°36.8′E,10 km,2.7,震度２
2025/09/07,00:44:05.8,宮古島近海,25°15.8′N,124°55.5′E,5 km,4.4,震度１
2025/09/07,01:17:59.7,宮古島近海,25°15.8′N,124°55.3′E,2 km,4.3,震度１
2025/09/07,02:39:41.7,福島県沖,37°51.0′N,141°31.1′E,86 km,3.7,震度２
2025/09/07,08:11:03.8,トカラ列島近海,29°20.6′N,129°34.1′E,8 km,2.2,震度１
2025/09/07,10:50:57.5,愛知県西部,34°59.5′N,137°15.4′E,39 km,4.1,震度２
2025/09/07,12:49:24.9,トカラ列島近海,29°18.7′N,129°34.4′E,12 km,2.8,震度１
2025/09/07,15:51:08.7,父島近海,26°15.7′N,141°27.5′E,137 km,4.9,震度１
2025/09/07,21:05:25.5,十勝地方中部,43°02.7′N,143°36.2′E,8 km,2.8,震度２
2025/09/08,01:31:53.2,トカラ列島近海,29°27.1′N,129°35.1′E,4 km,1.9,震度２
2025/09/08,08:24:24.4,石川県能登地方,37°23.8′N,137°08.0′E,13 km,4.5,震度３
2025/09/08,19:24:19.7,富山県東部,36°26.1′N,137°24.6′E,10 km,3.1,震度１
2025/09/08,23:04:11.8,福島県沖,37°01.8′N,141°58.7′E,30 km,4.4,震度１
2025/09/09,01:47:28.6,日向灘,32°02.2′N,131°54.3′E,32 km,3.5,震度１
2025/09/09,03:27:06.3,福島県沖,37°18.2′N,141°36.9′E,42 km,3.8,震度１
2025/09/09,08:53:02.8,千葉県南部,35°26.6′N,139°58.4′E,72 km,4.1,震度２
2025/09/09,15:54:32.1,宮城県沖,38°18.8′N,141°54.1′E,63 km,3.7,震度１
2025/09/09,18:05:18.0,伊豆大島近海,34°43.7′N,139°18.3′E,5 km,2.5,震度１
2025/09/09,18:06:05.9,トカラ列島近海,29°24.0′N,129°37.2′E,5 km,1.9,震度１
2025/09/09,18:21:03.2,トカラ列島近海,29°25.0′N,129°36.2′E,5 km,1.8,震度１
2025/09/09,19:22:38.7,伊豆大島近海,34°43.7′N,139°18.5′E,7 km,2.6,震度１
2025/09/09,19:37:19.8,伊豆大島近海,34°43.3′N,139°18.2′E,8 km,2.6,震度１
2025/09/09,20:08:23.3,三宅島近海,33°41.0′N,139°28.3′E,17 km,4.3,震度２
2025/09/10,02:28:03.5,トカラ列島近海,29°23.3′N,129°37.2′E,9 km,2.3,震度１
2025/09/10,05:02:21.7,三宅島近海,33°41.1′N,139°29.2′E,17 km,3.7,震度１
2025/09/10,05:56:16.1,奄美大島北東沖,29°27.1′N,130°43.0′E,48 km,4.5,震度１
2025/09/10,13:13:45.1,能登半島沖,37°31.4′N,137°14.5′E,11 km,2.6,震度１
2025/09/10,15:26:43.0,秋田県内陸南部,39°12.3′N,140°33.9′E,6 km,2.1,震度１
2025/09/10,16:30:43.1,茨城県南部,36°02.5′N,139°54.7′E,44 km,3.5,震度２
2025/09/10,19:20:46.7,トカラ列島近海,29°55.0′N,129°59.3′E,10 km,3.3,震度２
2025/09/11,01:49:02.1,福島県沖,37°42.5′N,141°35.5′E,82 km,3.8,震度１
2025/09/11,12:19:48.2,茨城県北部,36°44.7′N,140°34.5′E,10 km,2.4,震度１
2025/09/11,14:12:48.5,茨城県南部,36°19.3′N,140°01.4′E,73 km,3.5,震度２
2025/09/11,15:03:41.1,宮古島近海,24°46.8′N,125°16.7′E,47 km,3.7,震度１
2025/09/11,15:07:07.5,岐阜県飛騨地方,36°04.9′N,137°32.0′E,3 km,2.3,震度１
2025/09/11,19:11:20.3,石川県能登地方,37°31.3′N,137°18.0′E,14 km,2.5,震度１
2025/09/12,00:47:42.2,トカラ列島近海,29°18.5′N,129°27.0′E,13 km,3.4,震度２
2025/09/12,03:18:17.3,茨城県南部,36°11.6′N,140°06.9′E,51 km,3.1,震度１
2025/09/12,08:52:26.9,石川県能登地方,37°09.1′N,136°43.9′E,6 km,2.2,震度１
2025/09/12,12:39:54.4,トカラ列島近海,29°37.1′N,129°40.2′E,3 km,2.0,震度１
2025/09/12,14:25:41.6,トカラ列島近海,29°17.9′N,129°33.6′E,9 km,3.2,震度２
2025/09/12,16:37:53.2,トカラ列島近海,29°18.2′N,129°33.3′E,12 km,2.2,震度１
2025/09/12,19:57:26.3,神奈川県西部,35°27.1′N,139°02.6′E,16 km,3.1,震度１
2025/09/13,00:48:38.2,宮城県沖,38°29.1′N,142°09.2′E,41 km,3.7,震度１
2025/09/13,00:57:43.9,根室半島南東沖,43°06.9′N,146°42.7′E,44 km,4.7,震度２
2025/09/13,03:09:07.1,薩摩半島西方沖,31°35.1′N,130°10.0′E,1 km,2.1,震度１
2025/09/13,05:03:21.4,伊豆大島近海,34°44.1′N,139°17.6′E,8 km,2.3,震度１
2025/09/13,12:19:05.1,秋田県内陸北部,40°15.4′N,140°50.4′E,7 km,2.3,震度１
2025/09/13,15:40:04.7,奄美大島近海,28°23.5′N,129°09.3′E,48 km,3.5,震度１
2025/09/13,18:34:01.2,長崎県南西部,32°41.6′N,129°49.5′E,10 km,1.9,震度１
2025/09/13,23:22:20.8,トカラ列島近海,29°55.0′N,129°59.2′E,10 km,4.5,震度４
2025/09/13,23:39:39.4,紀伊水道,33°48.1′N,134°54.8′E,14 km,3.1,震度１
2025/09/13,23:43:23.4,トカラ列島近海,29°55.3′N,129°59.5′E,9 km,2.4,震度１
2025/09/14,06:17:59.5,長野県南部,35°54.2′N,137°40.3′E,7 km,2.1,震度１
2025/09/14,09:08:27.3,トカラ列島近海,29°31.9′N,129°36.7′E,9 km,2.1,震度１
2025/09/14,20:53:08.8,兵庫県南東部,35°06.6′N,135°11.6′E,8 km,2.8,震度１
2025/09/15,06:41:26.1,茨城県南部,36°11.6′N,140°05.0′E,67 km,3.0,震度１
2025/09/15,10:08:27.9,長野県北部,36°55.3′N,138°25.4′E,7 km,2.2,震度１
2025/09/15,11:31:57.6,トカラ列島近海,29°19.0′N,129°33.9′E,1 km,3.1,震度３
2025/09/15,12:01:13.1,トカラ列島近海,29°19.1′N,129°33.9′E,10 km,2.8,震度１
2025/09/15,12:04:39.2,トカラ列島近海,29°19.7′N,129°33.1′E,8 km,2.0,震度１
2025/09/15,13:34:44.9,宮城県沖,38°25.6′N,142°03.7′E,41 km,4.4,震度２
2025/09/15,17:43:14.0,福島県沖,36°55.3′N,141°22.6′E,48 km,3.9,震度１
2025/09/16,09:32:38.8,長野県北部,36°34.2′N,137°51.8′E,8 km,2.2,震度１
2025/09/16,09:33:21.5,トカラ列島近海,29°19.6′N,129°34.5′E,8 km,2.1,震度１
2025/09/16,10:21:49.1,千葉県東方沖,35°52.9′N,140°50.1′E,40 km,3.4,震度１
2025/09/16,11:22:43.6,トカラ列島近海,29°37.3′N,129°34.8′E,10 km,2.5,震度１
2025/09/16,19:48:18.8,石川県能登地方,37°14.7′N,136°48.8′E,10 km,2.6,震度１
2025/09/16,20:22:23.1,トカラ列島近海,29°19.6′N,129°33.2′E,9 km,2.6,震度１
2025/09/17,03:44:53.2,日向灘,31°32.3′N,131°51.0′E,26 km,3.6,震度１
2025/09/17,06:33:59.6,伊豆大島近海,34°33.4′N,139°26.1′E,13 km,4.0,震度２
2025/09/17,14:45:58.3,伊豆大島近海,34°33.6′N,139°25.5′E,14 km,3.2,震度１
2025/09/17,16:28:01.2,和歌山県北部,34°01.3′N,135°14.1′E,5 km,2.0,震度１
2025/09/17,20:50:09.1,トカラ列島近海,29°38.1′N,129°39.5′E,0 km,2.2,震度１
2025/09/17,20:52:16.2,トカラ列島近海,29°38.2′N,129°39.3′E,0 km,2.5,震度１
2025/09/17,20:53:42.1,トカラ列島近海,29°36.4′N,129°43.7′E,0 km,2.6,震度２
2025/09/17,20:56:08.4,トカラ列島近海,29°37.8′N,129°41.1′E,0 km,2.2,震度１
2025/09/17,21:04:26.1,トカラ列島近海,29°34.7′N,129°44.2′E,0 km,2.5,震度２
2025/09/17,21:50:29.9,トカラ列島近海,29°38.4′N,129°39.7′E,0 km,3.0,震度３
2025/09/17,21:51:52.0,トカラ列島近海,29°37.9′N,129°40.4′E,1 km,2.5,震度２
2025/09/17,21:53:26.9,トカラ列島近海,29°38.4′N,129°40.1′E,0 km,3.8,震度３
2025/09/17,21:55:02.3,トカラ列島近海,29°35.1′N,129°43.1′E,1 km,4.7,震度５弱
2025/09/17,21:56:06.4,トカラ列島近海,29°38.8′N,129°39.5′E,0 km,3.4,震度２
2025/09/17,21:56:53.3,トカラ列島近海,29°35.4′N,129°42.4′E,2 km,不明,震度２
2025/09/17,21:58:16.7,トカラ列島近海,29°38.6′N,129°38.2′E,1 km,3.3,震度３
2025/09/17,21:59:45.1,トカラ列島近海,29°36.2′N,129°40.3′E,2 km,2.7,震度２
2025/09/17,22:00:28.0,トカラ列島近海,29°38.1′N,129°38.0′E,0 km,4.8,震度４
2025/09/17,22:02:21.1,トカラ列島近海,29°37.1′N,129°38.4′E,3 km,不明,震度２
2025/09/17,22:03:52.0,トカラ列島近海,29°35.7′N,129°41.1′E,2 km,不明,震度１
2025/09/17,22:06:45.4,トカラ列島近海,29°37.0′N,129°39.6′E,0 km,3.5,震度３
2025/09/17,22:12:11.0,トカラ列島近海,29°35.6′N,129°41.4′E,3 km,2.9,震度３
2025/09/17,22:13:19.6,トカラ列島近海,29°36.9′N,129°40.0′E,2 km,不明,震度２
2025/09/17,22:14:18.4,トカラ列島近海,29°35.2′N,129°42.2′E,2 km,2.3,震度２
2025/09/17,22:16:32.6,トカラ列島近海,29°38.5′N,129°40.1′E,0 km,2.6,震度２
2025/09/17,22:18:58.8,トカラ列島近海,29°38.8′N,129°42.4′E,0 km,1.6,震度１
2025/09/17,22:21:23.8,トカラ列島近海,29°38.4′N,129°42.3′E,0 km,2.1,震度１
2025/09/17,22:27:29.1,トカラ列島近海,29°37.9′N,129°39.4′E,3 km,3.4,震度３
2025/09/17,22:28:27.4,トカラ列島近海,29°37.5′N,129°38.6′E,0 km,2.5,震度１
2025/09/17,22:31:04.9,トカラ列島近海,29°38.8′N,129°40.8′E,0 km,2.8,震度３
2025/09/17,22:31:37.9,トカラ列島近海,29°36.7′N,129°45.8′E,1 km,3.2,震度３
2025/09/17,22:33:04.0,トカラ列島近海,29°38.4′N,129°39.0′E,0 km,不明,震度１
2025/09/17,22:34:14.0,トカラ列島近海,29°38.6′N,129°41.0′E,0 km,2.0,震度１
2025/09/17,22:35:10.2,トカラ列島近海,29°37.6′N,129°43.2′E,0 km,2.1,震度２
2025/09/17,22:38:37.1,トカラ列島近海,29°37.7′N,129°42.2′E,4 km,2.3,震度１
2025/09/17,22:58:02.5,トカラ列島近海,29°37.0′N,129°43.7′E,0 km,1.6,震度１
2025/09/17,23:12:40.9,トカラ列島近海,29°35.2′N,129°40.6′E,4 km,1.8,震度１
2025/09/17,23:23:03.8,トカラ列島近海,29°38.2′N,129°41.8′E,0 km,2.4,震度２
2025/09/17,23:34:11.6,トカラ列島近海,29°36.2′N,129°43.1′E,0 km,1.9,震度１
2025/09/18,00:11:59.2,トカラ列島近海,29°39.6′N,129°43.6′E,0 km,2.5,震度１
2025/09/18,00:13:42.0,トカラ列島近海,29°39.5′N,129°43.8′E,0 km,2.7,震度１
2025/09/18,00:16:59.9,トカラ列島近海,29°38.3′N,129°44.3′E,0 km,2.5,震度２
2025/09/18,00:19:22.9,トカラ列島近海,29°38.0′N,129°44.8′E,0 km,2.3,震度１
2025/09/18,01:49:19.7,トカラ列島近海,29°55.3′N,130°00.1′E,9 km,2.5,震度１
2025/09/18,02:00:48.1,トカラ列島近海,29°40.1′N,129°41.2′E,2 km,3.0,震度２
2025/09/18,02:02:16.9,トカラ列島近海,29°37.9′N,129°45.1′E,0 km,2.2,震度１
2025/09/18,02:03:23.3,トカラ列島近海,29°37.5′N,129°45.7′E,0 km,2.1,震度１
2025/09/18,02:10:13.4,トカラ列島近海,29°37.1′N,129°47.0′E,0 km,1.9,震度１
2025/09/18,02:25:34.9,トカラ列島近海,29°39.7′N,129°42.5′E,1 km,3.1,震度２
2025/09/18,03:35:05.9,日向灘,32°02.2′N,131°54.7′E,32 km,3.2,震度１
2025/09/18,03:46:47.7,日向灘,32°02.2′N,131°54.8′E,33 km,3.6,震度１
2025/09/18,04:24:42.7,トカラ列島近海,29°36.3′N,129°45.1′E,0 km,0.9,震度１
2025/09/18,05:53:43.0,トカラ列島近海,29°39.1′N,129°42.8′E,3 km,2.9,震度３
2025/09/18,08:15:32.8,トカラ列島近海,29°38.6′N,129°37.6′E,0 km,3.5,震度３
2025/09/18,10:55:50.9,トカラ列島近海,29°39.8′N,129°39.6′E,1 km,2.0,震度１
2025/09/18,11:35:25.8,岩手県沿岸北部,39°45.6′N,141°50.0′E,58 km,3.3,震度１
2025/09/18,13:10:39.1,トカラ列島近海,29°18.3′N,129°33.6′E,5 km,2.7,震度１
2025/09/18,16:48:26.0,石川県能登地方,37°10.4′N,136°50.2′E,9 km,2.3,震度１
2025/09/18,18:36:40.3,トカラ列島近海,29°38.0′N,129°45.7′E,0 km,2.1,震度１
2025/09/18,19:06:47.9,日向灘,32°02.2′N,131°53.8′E,29 km,4.1,震度２
2025/09/18,19:34:01.8,トカラ列島近海,29°24.3′N,129°32.8′E,7 km,2.0,震度１
2025/09/19,00:23:53.5,神奈川県東部,35°32.8′N,139°33.9′E,67 km,3.2,震度１
2025/09/19,01:04:48.2,トカラ列島近海,29°37.7′N,129°45.9′E,0 km,2.4,震度１
2025/09/19,01:45:58.1,トカラ列島近海,29°39.2′N,129°43.0′E,4 km,3.1,震度２
2025/09/19,02:00:04.9,トカラ列島近海,29°38.0′N,129°45.1′E,0 km,2.2,震度１
2025/09/19,02:24:10.1,トカラ列島近海,29°37.7′N,129°46.1′E,0 km,2.5,震度２
2025/09/19,03:39:21.2,千葉県東方沖,35°28.7′N,140°58.4′E,30 km,4.3,震度１
2025/09/19,06:20:25.2,トカラ列島近海,29°39.4′N,129°43.4′E,4 km,2.3,震度１
2025/09/19,06:58:40.4,トカラ列島近海,29°40.3′N,129°40.5′E,0 km,2.1,震度１
2025/09/19,08:07:43.5,トカラ列島近海,29°40.4′N,129°41.1′E,2 km,3.5,震度３
2025/09/19,08:09:05.1,トカラ列島近海,29°38.0′N,129°44.9′E,0 km,3.3,震度２
2025/09/19,08:11:37.8,トカラ列島近海,29°38.6′N,129°42.7′E,3 km,3.5,震度４
2025/09/19,08:12:50.8,トカラ列島近海,29°37.9′N,129°44.6′E,0 km,2.5,震度１
2025/09/19,08:19:05.0,トカラ列島近海,29°39.2′N,129°42.7′E,4 km,2.3,震度１
2025/09/19,08:36:20.8,茨城県北部,36°46.2′N,140°34.1′E,9 km,2.9,震度１
2025/09/19,09:10:44.2,トカラ列島近海,29°37.2′N,129°45.6′E,0 km,3.9,震度４
2025/09/19,09:12:38.6,トカラ列島近海,29°37.8′N,129°44.5′E,0 km,1.9,震度１
2025/09/19,09:13:49.0,トカラ列島近海,29°37.9′N,129°45.3′E,0 km,1.6,震度１
2025/09/19,09:19:53.1,トカラ列島近海,29°39.5′N,129°41.3′E,0 km,3.1,震度２
2025/09/19,09:34:27.8,トカラ列島近海,29°38.1′N,129°44.8′E,0 km,2.7,震度２
2025/09/19,09:47:00.5,トカラ列島近海,29°38.1′N,129°44.3′E,0 km,2.2,震度１
2025/09/19,09:51:55.0,トカラ列島近海,29°37.7′N,129°45.7′E,0 km,2.8,震度１
2025/09/19,09:56:51.0,安芸灘,33°52.6′N,132°20.5′E,48 km,3.1,震度１
2025/09/19,10:43:49.3,トカラ列島近海,29°36.7′N,129°43.9′E,1 km,2.0,震度３
2025/09/19,10:53:49.3,トカラ列島近海,29°38.7′N,129°42.3′E,5 km,3.0,震度２
2025/09/19,11:10:53.7,トカラ列島近海,29°38.1′N,129°43.9′E,0 km,2.1,震度１
2025/09/19,12:29:40.0,トカラ列島近海,29°38.0′N,129°46.0′E,0 km,2.3,震度１
2025/09/19,13:03:36.8,トカラ列島近海,29°41.2′N,129°39.7′E,1 km,2.2,震度１
2025/09/19,17:35:41.0,詳細不明,29°37.0′N,129°42.0′E,0 km,不明,震度１
2025/09/19,19:33:42.9,トカラ列島近海,29°38.9′N,129°43.8′E,6 km,2.2,震度１
2025/09/19,20:06:02.0,詳細不明,29°37.0′N,129°42.0′E,0 km,不明,震度１
2025/09/19,23:01:15.1,薩摩半島西方沖,31°17.3′N,129°56.6′E,9 km,3.4,震度１
2025/09/20,03:02:13.2,茨城県沖,36°13.3′N,141°02.1′E,39 km,4.3,震度２
2025/09/20,03:18:31.4,茨城県沖,36°13.2′N,141°03.1′E,37 km,3.0,震度１
2025/09/20,03:20:17.9,茨城県沖,36°13.5′N,141°02.5′E,38 km,3.2,震度１
2025/09/20,04:04:15.5,トカラ列島近海,29°39.1′N,129°43.2′E,3 km,2.1,震度１
2025/09/20,08:02:31.4,トカラ列島近海,29°37.7′N,129°44.6′E,0 km,2.7,震度２
2025/09/20,11:30:59.8,トカラ列島近海,29°37.7′N,129°40.3′E,3 km,2.0,震度１
2025/09/20,13:02:52.2,トカラ列島近海,29°36.8′N,129°42.2′E,0 km,1.4,震度３
2025/09/20,19:16:01.9,トカラ列島近海,29°40.2′N,129°43.9′E,6 km,2.2,震度１
2025/09/20,19:49:10.9,トカラ列島近海,29°38.7′N,129°47.0′E,1 km,2.3,震度１
2025/09/20,20:12:48.0,トカラ列島近海,29°38.6′N,129°47.0′E,1 km,2.2,震度１
2025/09/20,20:23:02.0,詳細不明,29°37.0′N,129°42.0′E,0 km,不明,震度１
2025/09/20,20:24:00.0,詳細不明,29°37.0′N,129°42.0′E,0 km,不明,震度１
2025/09/20,21:32:39.1,トカラ列島近海,29°39.4′N,129°42.7′E,4 km,3.5,震度３
2025/09/20,21:33:50.2,トカラ列島近海,29°37.9′N,129°45.6′E,0 km,不明,震度１
2025/09/20,22:04:08.9,トカラ列島近海,29°39.7′N,129°40.7′E,0 km,3.2,震度２
2025/09/20,23:45:06.8,トカラ列島近海,29°37.8′N,129°45.5′E,0 km,4.0,震度３
2025/09/20,23:49:48.7,トカラ列島近海,29°37.8′N,129°45.2′E,0 km,2.3,震度１
2025/09/20,23:52:54.8,トカラ列島近海,29°37.9′N,129°45.3′E,0 km,2.4,震度１
2025/09/21,01:03:39.8,トカラ列島近海,29°37.9′N,129°45.6′E,0 km,2.5,震度１
2025/09/21,02:26:44.8,トカラ列島近海,29°39.5′N,129°43.2′E,4 km,2.8,震度１
2025/09/21,02:30:26.9,トカラ列島近海,29°39.3′N,129°44.0′E,4 km,2.7,震度１
2025/09/21,02:52:50.0,トカラ列島近海,29°39.1′N,129°43.4′E,4 km,2.4,震度１
2025/09/21,04:34:13.1,トカラ列島近海,29°19.1′N,129°28.6′E,10 km,2.6,震度１
2025/09/21,05:34:13.3,トカラ列島近海,29°39.4′N,129°42.3′E,3 km,3.8,震度３
2025/09/21,06:47:19.4,岩手県沖,40°06.4′N,141°56.3′E,16 km,4.3,震度２
2025/09/21,06:49:03.5,トカラ列島近海,29°34.9′N,129°38.3′E,0 km,2.1,震度１
2025/09/21,08:49:48.9,トカラ列島近海,29°40.0′N,129°44.5′E,6 km,2.2,震度１
2025/09/21,09:44:47.3,長野県中部,36°20.0′N,138°00.0′E,7 km,2.4,震度１
2025/09/21,10:04:43.6,長野県中部,36°20.0′N,138°00.0′E,8 km,2.6,震度１
2025/09/21,11:32:53.5,長野県中部,36°20.1′N,138°00.1′E,8 km,3.1,震度２
2025/09/21,16:50:47.1,トカラ列島近海,29°34.9′N,129°36.7′E,6 km,2.0,震度１
2025/09/21,16:53:43.2,トカラ列島近海,29°35.2′N,129°36.3′E,6 km,2.1,震度１
2025/09/21,17:02:23.6,和歌山県北部,34°15.2′N,135°25.8′E,6 km,2.7,震度２
2025/09/21,23:53:40.3,トカラ列島近海,29°35.0′N,129°36.6′E,7 km,1.8,震度１
2025/09/22,02:14:18.2,茨城県沖,36°36.1′N,140°58.0′E,47 km,3.8,震度２
2025/09/22,08:44:16.2,トカラ列島近海,29°38.6′N,129°35.2′E,0 km,2.7,震度１
2025/09/22,08:56:44.2,トカラ列島近海,29°35.5′N,129°34.9′E,0 km,2.1,震度１
2025/09/23,03:49:47.9,トカラ列島近海,29°38.5′N,129°42.9′E,7 km,2.1,震度１
2025/09/23,16:07:15.9,新島・神津島近海,34°22.3′N,139°16.5′E,4 km,2.1,震度１
2025/09/23,16:37:51.3,渡島地方東部,42°01.8′N,140°47.3′E,9 km,2.3,震度２
2025/09/23,16:38:38.2,トカラ列島近海,29°27.2′N,129°34.0′E,7 km,不明,震度１
2025/09/23,17:45:59.3,長野県中部,36°20.1′N,138°00.2′E,7 km,2.6,震度１
2025/09/23,18:46:26.3,茨城県沖,36°31.5′N,140°41.7′E,54 km,4.1,震度２
2025/09/23,18:57:43.0,渡島地方東部,42°01.4′N,140°47.5′E,11 km,2.0,震度１
2025/09/23,19:05:42.2,渡島地方東部,42°01.6′N,140°47.3′E,8 km,2.1,震度１
2025/09/23,22:43:08.8,渡島地方東部,42°01.7′N,140°47.4′E,9 km,2.1,震度１
2025/09/24,07:11:40.8,有明海,32°45.1′N,130°34.1′E,11 km,3.1,震度１
2025/09/24,07:22:55.8,トカラ列島近海,29°38.7′N,129°43.3′E,7 km,2.8,震度２
2025/09/24,10:05:18.5,トカラ列島近海,29°37.8′N,129°40.8′E,3 km,2.8,震度２
2025/09/24,16:11:45.4,トカラ列島近海,29°20.1′N,129°34.8′E,11 km,2.8,震度２
2025/09/24,18:53:48.2,トカラ列島近海,29°24.1′N,129°33.1′E,7 km,3.3,震度３
2025/09/24,21:17:33.0,東京都２３区,35°40.9′N,139°45.1′E,64 km,3.4,震度１
2025/09/25,01:50:35.6,渡島地方東部,42°01.4′N,140°47.7′E,10 km,2.1,震度１
2025/09/25,03:03:15.3,宮城県沖,38°54.0′N,142°04.5′E,46 km,4.2,震度２
2025/09/25,07:29:27.6,トカラ列島近海,29°38.8′N,129°43.4′E,8 km,2.2,震度１
2025/09/25,09:41:32.7,茨城県北部,36°42.1′N,140°35.0′E,10 km,2.8,震度１
2025/09/25,11:42:12.2,根室半島南東沖,43°13.0′N,146°31.5′E,51 km,4.2,震度１
2025/09/25,13:20:02.5,渡島地方東部,42°01.8′N,140°47.5′E,9 km,1.8,震度１
2025/09/25,13:47:35.6,トカラ列島近海,29°38.4′N,129°44.1′E,7 km,2.3,震度１
2025/09/25,13:51:48.0,トカラ列島近海,29°38.6′N,129°43.7′E,7 km,2.6,震度１
2025/09/25,14:01:10.3,トカラ列島近海,29°38.1′N,129°43.9′E,7 km,2.8,震度２
2025/09/25,20:07:13.9,トカラ列島近海,29°39.3′N,129°41.4′E,7 km,2.4,震度１
2025/09/26,10:58:06.2,千葉県南部,34°57.2′N,139°57.8′E,62 km,4.1,震度２
2025/09/26,14:33:50.8,熊本県熊本地方,32°42.5′N,130°38.3′E,11 km,2.2,震度１
2025/09/26,15:52:30.0,有明海,32°48.5′N,130°36.7′E,14 km,3.0,震度１
2025/09/27,19:30:27.7,トカラ列島近海,29°35.5′N,129°43.2′E,1 km,2.0,震度１
2025/09/28,07:40:45.1,紀伊水道,33°50.3′N,134°57.7′E,12 km,3.0,震度１
2025/09/28,10:42:21.3,岐阜県美濃東部,35°29.0′N,137°22.9′E,57 km,2.9,震度１
2025/09/28,11:45:39.9,青森県東方沖,41°27.5′N,142°08.8′E,52 km,3.7,震度１
2025/09/28,12:11:44.9,茨城県沖,36°33.5′N,140°54.6′E,48 km,3.2,震度１
2025/09/28,12:51:35.0,北海道北西沖,44°19.1′N,141°39.2′E,6 km,2.3,震度１
2025/09/28,21:28:30.9,釧路沖,42°22.0′N,144°28.6′E,14 km,3.8,震度１
2025/09/28,21:35:43.1,トカラ列島近海,29°39.3′N,129°41.8′E,8 km,3.4,震度３
2025/09/28,22:59:47.3,トカラ列島近海,29°38.1′N,129°44.4′E,8 km,2.5,震度１
2025/09/29,02:35:58.6,トカラ列島近海,29°23.2′N,129°38.1′E,10 km,3.3,震度３
2025/09/29,02:39:49.5,トカラ列島近海,29°25.4′N,129°35.2′E,11 km,2.3,震度１
2025/09/29,03:48:05.4,トカラ列島近海,29°25.5′N,129°34.4′E,8 km,2.4,震度１
2025/09/29,05:39:12.8,トカラ列島近海,29°20.8′N,129°33.1′E,9 km,2.5,震度１
2025/09/29,06:23:52.0,与那国島近海,24°21.6′N,123°17.8′E,59 km,4.5,震度１
2025/09/29,19:30:37.8,埼玉県北部,36°02.9′N,139°15.3′E,5 km,2.1,震度１
2025/09/29,19:36:14.6,能登半島沖,37°45.6′N,137°25.3′E,14 km,3.7,震度１
2025/09/29,21:27:47.3,トカラ列島近海,29°17.6′N,129°30.4′E,10 km,2.3,震度１
2025/09/29,23:33:07.6,福島県沖,37°45.5′N,141°38.2′E,55 km,4.0,震度１
2025/09/30,01:01:21.1,トカラ列島近海,29°35.4′N,129°45.1′E,0 km,2.1,震度１
2025/09/30,06:30:13.2,トカラ列島近海,29°19.6′N,129°32.3′E,10 km,2.5,震度１
2025/09/30,17:13:13.8,広島県北部,34°57.5′N,132°53.5′E,11 km,2.8,震度１
2025/09/30,18:35:53.4,トカラ列島近海,29°35.3′N,129°44.4′E,1 km,1.8,震度１
2025/10/01,13:58:42.3,トカラ列島近海,29°19.9′N,129°33.9′E,9 km,2.4,震度１
2025/10/01,19:19:38.0,トカラ列島近海,29°37.8′N,129°42.3′E,2 km,1.9,震度１
2025/10/01,23:50:06.0,宮城県沖,38°41.9′N,141°58.5′E,59 km,4.6,震度３
2025/10/02,09:08:59.4,岩手県内陸北部,39°51.4′N,140°55.0′E,5 km,3.0,震度１
2025/10/02,10:48:20.7,トカラ列島近海,29°23.3′N,129°35.2′E,9 km,2.4,震度１
2025/10/02,13:03:47.2,トカラ列島近海,29°23.1′N,129°36.0′E,9 km,2.8,震度１
2025/10/02,13:51:32.3,トカラ列島近海,29°39.0′N,129°41.1′E,2 km,1.7,震度１
2025/10/02,20:41:49.0,伊予灘,33°39.3′N,132°32.1′E,44 km,3.5,震度１
2025/10/03,07:19:48.2,トカラ列島近海,29°37.5′N,129°38.6′E,6 km,2.7,震度１
2025/10/03,07:32:41.8,トカラ列島近海,29°38.4′N,129°36.7′E,0 km,2.7,震度１
2025/10/03,08:15:26.4,トカラ列島近海,29°38.6′N,129°36.2′E,0 km,3.1,震度２
2025/10/03,08:18:26.8,トカラ列島近海,29°38.7′N,129°36.8′E,0 km,3.0,震度１
2025/10/03,12:37:07.3,千葉県南東沖,34°50.8′N,140°06.2′E,60 km,4.2,震度２
2025/10/03,12:48:03.5,東京湾,35°31.8′N,139°53.2′E,112 km,4.1,震度２
2025/10/03,15:20:18.0,福島県沖,37°16.3′N,141°15.3′E,55 km,4.4,震度３
2025/10/03,17:45:14.9,宮城県沖,38°20.7′N,141°40.7′E,53 km,3.3,震度１
2025/10/04,11:46:36.6,岩手県沖,39°43.1′N,142°06.1′E,45 km,3.3,震度１
2025/10/04,12:06:14.7,茨城県北部,36°38.1′N,140°37.3′E,7 km,2.1,震度１
2025/10/04,14:29:25.2,新潟県上越地方,37°00.3′N,138°07.9′E,4 km,2.8,震度２
2025/10/04,18:25:20.1,トカラ列島近海,29°21.7′N,129°32.5′E,10 km,2.5,震度１
2025/10/04,23:15:16.6,岩手県沖,39°39.2′N,142°16.1′E,33 km,4.4,震度２
2025/10/05,00:21:08.5,福島県沖,37°25.1′N,141°35.1′E,45 km,6.0,震度４
2025/10/05,01:37:22.2,石川県能登地方,37°24.0′N,136°53.3′E,0 km,1.7,震度１
2025/10/05,08:19:04.0,トカラ列島近海,29°24.8′N,129°34.9′E,9 km,2.4,震度２
2025/10/05,14:42:28.7,トカラ列島近海,29°23.0′N,129°37.9′E,9 km,3.6,震度３
2025/10/05,14:44:16.7,トカラ列島近海,29°22.2′N,129°35.3′E,0 km,2.0,震度１
2025/10/05,14:46:18.0,トカラ列島近海,29°21.9′N,129°37.1′E,4 km,2.2,震度１
2025/10/05,15:30:47.7,苫小牧沖,42°33.1′N,141°52.2′E,130 km,4.0,震度１
2025/10/05,19:58:32.5,伊勢湾,34°53.1′N,136°47.8′E,8 km,3.3,震度２
2025/10/05,23:35:29.3,トカラ列島近海,29°24.6′N,129°34.9′E,10 km,2.3,震度１
2025/10/06,00:35:39.1,釧路地方中南部,43°01.2′N,144°42.4′E,107 km,3.8,震度１
2025/10/06,02:32:09.7,群馬県南部,36°28.1′N,139°09.2′E,14 km,2.3,震度１
2025/10/06,07:44:01.4,トカラ列島近海,29°23.7′N,129°37.2′E,11 km,3.0,震度２
2025/10/06,11:31:07.3,岩手県沿岸北部,39°45.5′N,141°50.2′E,59 km,3.7,震度２
2025/10/06,12:28:45.5,トカラ列島近海,29°22.0′N,129°34.9′E,0 km,2.1,震度１
2025/10/06,16:48:04.7,トカラ列島近海,29°23.0′N,129°37.2′E,8 km,2.4,震度２
2025/10/07,09:30:23.9,福島県沖,37°31.8′N,141°22.4′E,52 km,5.0,震度４
2025/10/07,13:01:10.1,トカラ列島近海,29°23.9′N,129°36.4′E,9 km,2.9,震度２
2025/10/07,13:53:02.6,トカラ列島近海,29°17.2′N,129°20.7′E,13 km,3.0,震度１
2025/10/08,02:02:54.7,トカラ列島近海,29°19.5′N,129°06.0′E,13 km,3.7,震度２
2025/10/08,02:03:47.9,トカラ列島近海,29°20.2′N,129°06.8′E,5 km,3.4,震度１
2025/10/08,02:15:24.4,トカラ列島近海,29°23.9′N,129°38.7′E,3 km,1.8,震度１
2025/10/08,02:37:08.8,トカラ列島近海,29°19.7′N,129°05.7′E,13 km,2.7,震度１
2025/10/08,02:53:05.8,トカラ列島近海,29°25.5′N,129°35.9′E,6 km,2.1,震度１
2025/10/08,02:54:31.4,トカラ列島近海,29°25.5′N,129°31.5′E,4 km,2.1,震度１
2025/10/08,06:38:36.8,トカラ列島近海,29°19.8′N,129°06.2′E,12 km,5.3,震度３
2025/10/08,08:13:46.5,トカラ列島近海,29°19.7′N,129°06.1′E,15 km,2.8,震度１
2025/10/08,15:29:31.6,岡山県北部,35°01.0′N,134°06.6′E,13 km,2.9,震度１
2025/10/08,16:09:28.8,渡島地方東部,42°07.3′N,140°26.1′E,7 km,2.9,震度１
2025/10/08,20:19:22.0,熊本県熊本地方,32°39.8′N,130°42.8′E,12 km,2.9,震度１
2025/10/09,01:56:07.2,トカラ列島近海,29°20.7′N,129°32.7′E,15 km,2.4,震度１
2025/10/09,06:51:25.3,伊勢湾,34°53.0′N,136°47.8′E,8 km,3.4,震度２
2025/10/09,10:01:49.9,石川県能登地方,37°15.7′N,136°51.4′E,9 km,2.7,震度１
2025/10/09,17:59:02.4,渡島地方東部,42°01.8′N,140°47.8′E,10 km,2.6,震度２
2025/10/10,03:28:32.7,熊本県熊本地方,32°52.2′N,130°51.7′E,10 km,2.4,震度１
2025/10/10,03:41:19.5,熊本県熊本地方,32°52.2′N,130°51.8′E,9 km,2.3,震度１
2025/10/10,12:52:32.9,トカラ列島近海,29°24.6′N,129°35.5′E,9 km,2.5,震度１
2025/10/10,15:31:28.7,岐阜県飛騨地方,35°49.3′N,137°18.1′E,8 km,2.8,震度１
2025/10/10,21:24:53.5,宮城県沖,37°59.9′N,141°44.1′E,56 km,3.8,震度１
2025/10/10,23:39:51.0,父島近海,26°18.5′N,141°54.4′E,42 km,4.0,震度１
2025/10/11,05:56:32.0,広島県南東部,34°36.1′N,133°05.4′E,21 km,2.8,震度１
2025/10/11,06:39:39.9,福島県浜通り,37°13.6′N,140°58.1′E,98 km,3.5,震度１
2025/10/11,07:06:35.9,浦河沖,41°43.5′N,142°40.4′E,61 km,4.4,震度１
2025/10/11,08:23:24.3,トカラ列島近海,29°23.9′N,129°36.0′E,10 km,2.6,震度２
2025/10/11,10:14:18.9,愛知県西部,34°54.8′N,137°22.5′E,37 km,2.8,震度１
2025/10/11,12:30:36.0,茨城県沖,36°37.7′N,140°59.4′E,46 km,3.5,震度１
2025/10/11,23:24:22.9,沖縄本島近海,27°14.3′N,127°41.5′E,88 km,4.0,震度１
2025/10/12,04:24:59.7,石川県西方沖,36°56.0′N,136°22.5′E,12 km,3.6,震度２
2025/10/12,04:25:29.6,岐阜県飛騨地方,36°02.7′N,137°33.2′E,4 km,2.0,震度１
2025/10/12,12:34:35.4,日高地方東部,42°18.4′N,143°01.0′E,51 km,3.6,震度１
2025/10/13,02:35:14.5,トカラ列島近海,29°09.6′N,129°18.0′E,12 km,2.5,震度１
2025/10/13,02:36:10.3,トカラ列島近海,29°10.3′N,129°17.7′E,12 km,2.6,震度１
2025/10/13,12:25:47.2,宮城県沖,38°36.6′N,142°23.9′E,62 km,4.6,震度２
2025/10/13,19:25:18.1,富山湾,37°26.9′N,137°26.4′E,12 km,3.0,震度１
2025/10/14,00:58:53.4,苫小牧沖,42°13.1′N,141°50.6′E,39 km,2.9,震度１
2025/10/14,02:33:44.0,岐阜県飛騨地方,35°49.0′N,137°19.4′E,10 km,3.3,震度２
2025/10/14,05:29:10.6,石川県能登地方,37°23.2′N,136°59.5′E,8 km,2.7,震度１
2025/10/14,07:06:03.2,岩手県沿岸北部,39°31.0′N,142°01.0′E,20 km,4.3,震度３
2025/10/14,12:34:23.9,秋田県沖,39°39.8′N,139°25.3′E,20 km,4.4,震度２
2025/10/14,15:10:44.0,福島県会津,37°02.9′N,139°20.5′E,7 km,2.2,震度１
2025/10/14,21:34:49.2,宮古島近海,24°44.2′N,125°16.8′E,44 km,3.5,震度１
2025/10/14,23:23:38.8,トカラ列島近海,29°19.3′N,129°34.8′E,10 km,3.3,震度３
2025/10/14,23:28:18.7,和歌山県北部,34°11.9′N,135°13.6′E,5 km,2.2,震度１
2025/10/15,16:52:23.7,熊本県球磨地方,32°14.3′N,130°43.3′E,4 km,2.1,震度１
2025/10/15,17:50:20.2,宮城県中部,38°31.9′N,141°24.9′E,72 km,3.9,震度２
2025/10/15,21:49:33.8,渡島地方東部,42°01.9′N,140°47.5′E,9 km,2.1,震度１
2025/10/16,03:57:20.3,茨城県沖,36°50.1′N,141°24.3′E,14 km,4.2,震度１
2025/10/16,10:51:21.4,山口県東部,33°55.9′N,132°05.6′E,58 km,3.3,震度１
2025/10/17,16:15:52.5,福島県会津,36°58.3′N,139°22.8′E,4 km,1.3,震度１
2025/10/17,21:31:00.2,トカラ列島近海,29°38.2′N,129°44.0′E,5 km,2.5,震度１
2025/10/18,09:53:39.0,後志地方北部,43°02.8′N,141°01.5′E,0 km,2.4,震度１
2025/10/19,02:10:50.8,能登半島沖,37°30.6′N,137°08.8′E,9 km,2.0,震度１
2025/10/19,04:05:07.0,トカラ列島近海,29°19.2′N,129°36.2′E,10 km,2.9,震度１
2025/10/19,07:19:53.5,トカラ列島近海,29°39.6′N,129°42.7′E,6 km,3.1,震度２
2025/10/19,07:20:47.5,トカラ列島近海,29°39.3′N,129°43.3′E,6 km,3.1,震度２
2025/10/19,07:30:31.6,トカラ列島近海,29°37.9′N,129°45.9′E,2 km,2.1,震度１
2025/10/19,08:42:57.0,トカラ列島近海,29°38.5′N,129°43.9′E,6 km,3.4,震度２
2025/10/19,12:13:37.3,トカラ列島近海,29°40.9′N,129°40.2′E,3 km,2.5,震度２
2025/10/19,14:32:58.4,トカラ列島近海,29°37.8′N,129°46.6′E,0 km,2.5,震度１
2025/10/20,11:23:03.6,トカラ列島近海,29°18.8′N,129°32.9′E,10 km,2.8,震度１
2025/10/20,17:15:31.1,トカラ列島近海,29°19.4′N,129°32.5′E,8 km,2.4,震度１
2025/10/21,04:04:06.2,福井県嶺南,35°26.6′N,135°32.7′E,363 km,5.1,震度１
2025/10/21,11:08:26.5,渡島地方東部,42°01.3′N,140°47.7′E,10 km,2.2,震度１
2025/10/21,14:20:46.7,宮城県沖,38°55.1′N,142°07.1′E,44 km,3.7,震度２
2025/10/21,16:41:38.7,日向灘,32°12.5′N,131°50.5′E,29 km,3.5,震度１
2025/10/21,17:23:23.0,茨城県沖,36°40.1′N,141°05.7′E,25 km,3.2,震度１
2025/10/22,03:48:31.4,福島県沖,37°35.3′N,142°08.8′E,36 km,4.4,震度１
2025/10/22,06:19:10.2,トカラ列島近海,29°19.4′N,129°29.4′E,9 km,3.1,震度２
2025/10/22,10:24:37.5,有明海,32°50.2′N,130°34.8′E,3 km,2.4,震度２
2025/10/22,18:17:31.9,釧路沖,42°55.4′N,145°28.4′E,43 km,5.1,震度４
2025/10/23,03:59:39.5,熊本県天草・芦北地方,32°09.0′N,130°26.1′E,7 km,2.1,震度１
2025/10/23,13:33:07.9,鹿児島県薩摩地方,31°51.5′N,130°42.9′E,0 km,1.7,震度１
2025/10/23,21:32:56.6,静岡県西部,34°53.5′N,137°47.0′E,21 km,3.3,震度１
2025/10/23,23:36:06.8,種子島近海,30°33.2′N,131°10.0′E,13 km,3.7,震度２
2025/10/24,02:40:40.5,トカラ列島近海,29°55.0′N,129°59.5′E,9 km,2.1,震度１
2025/10/24,05:07:01.3,有明海,33°04.8′N,130°17.7′E,13 km,2.8,震度１
2025/10/24,06:09:28.0,福島県沖,37°26.7′N,141°50.5′E,50 km,4.9,震度３
2025/10/24,09:27:14.4,宮城県沖,38°11.4′N,141°42.4′E,51 km,3.9,震度２
2025/10/24,10:43:00.4,トカラ列島近海,29°18.6′N,129°34.1′E,11 km,3.1,震度１
2025/10/24,15:47:24.0,千葉県北西部,35°48.3′N,140°07.3′E,69 km,4.0,震度２
2025/10/25,00:43:46.4,鳥取県中部,35°25.4′N,133°49.8′E,5 km,1.2,震度１
2025/10/25,01:40:09.7,根室半島南東沖,42°55.9′N,145°37.0′E,40 km,5.8,震度５弱
2025/10/25,09:39:10.0,茨城県北部,36°33.8′N,140°34.3′E,94 km,3.4,震度１
2025/10/25,14:12:49.0,トカラ列島近海,29°18.6′N,129°33.7′E,12 km,3.3,震度３
2025/10/25,22:19:30.9,渡島地方東部,42°01.6′N,140°47.7′E,10 km,1.8,震度１
2025/10/25,23:44:30.9,徳島県南部,33°49.8′N,134°21.5′E,36 km,2.9,震度１
2025/10/26,00:34:36.8,熊本県熊本地方,32°44.6′N,130°38.4′E,14 km,3.0,震度１
2025/10/26,01:09:56.6,福島県中通り,36°53.3′N,140°31.0′E,9 km,3.6,震度２
2025/10/26,05:49:03.6,渡島地方東部,42°01.5′N,140°47.3′E,10 km,2.0,震度１
2025/10/26,12:04:54.7,栃木県北部,36°37.4′N,139°27.1′E,5 km,4.7,震度４
2025/10/26,12:07:41.5,栃木県北部,36°37.4′N,139°27.1′E,5 km,3.5,震度３
2025/10/26,15:54:26.2,奈良県,34°22.7′N,136°01.5′E,8 km,3.4,震度２
2025/10/26,22:34:56.4,千葉県北西部,35°48.0′N,140°05.8′E,69 km,4.3,震度２
2025/10/27,14:39:44.0,トカラ列島近海,29°14.1′N,129°24.4′E,0 km,3.3,震度１
2025/10/27,16:17:22.5,トカラ列島近海,29°27.3′N,129°34.7′E,8 km,2.0,震度２
2025/10/27,21:18:40.9,宮古島近海,24°32.6′N,125°26.0′E,57 km,3.3,震度１
2025/10/28,07:37:31.7,トカラ列島近海,29°17.7′N,129°33.8′E,10 km,2.9,震度１
2025/10/28,17:11:58.6,静岡県西部,34°53.5′N,137°47.0′E,20 km,2.8,震度１
2025/10/28,19:05:02.4,青森県東方沖,41°35.2′N,141°57.4′E,60 km,3.9,震度２
2025/10/28,19:14:57.4,和歌山県北部,34°02.3′N,135°12.5′E,2 km,1.8,震度１
2025/10/29,05:19:25.6,上川地方南部,43°22.1′N,142°33.0′E,3 km,2.4,震度１
2025/10/29,07:50:33.4,福島県沖,37°10.1′N,141°13.7′E,59 km,3.6,震度１
2025/10/29,20:12:01.5,トカラ列島近海,29°35.7′N,129°39.7′E,9 km,2.2,震度１
2025/10/30,05:06:25.0,津軽海峡,41°42.8′N,140°44.7′E,12 km,2.8,震度２
2025/10/30,05:08:05.9,津軽海峡,41°43.0′N,140°44.7′E,12 km,2.1,震度１
2025/10/30,11:05:34.0,茨城県南部,35°53.1′N,140°04.1′E,77 km,3.0,震度１
2025/10/30,14:09:24.9,兵庫県南西部,34°54.5′N,134°42.6′E,13 km,2.7,震度１
2025/10/30,16:09:25.3,和歌山県北部,34°01.5′N,135°13.9′E,3 km,1.6,震度１
2025/10/30,16:41:35.0,和歌山県北部,34°01.5′N,135°14.0′E,3 km,1.9,震度１
2025/10/30,16:55:16.0,福島県沖,37°07.8′N,141°22.2′E,6 km,4.2,震度１
2025/10/30,17:00:51.7,福島県沖,37°07.7′N,141°22.2′E,5 km,4.7,震度２
2025/10/31,00:46:05.0,徳島県北部,34°05.2′N,134°26.2′E,6 km,3.2,震度１
2025/10/31,01:40:05.7,富山県東部,36°33.5′N,137°35.6′E,3 km,2.6,震度１
2025/10/31,10:07:07.0,胆振地方中東部,42°31.4′N,141°06.9′E,3 km,2.2,震度１
2025/10/31,11:26:12.6,沖縄本島近海,26°40.8′N,127°46.2′E,46 km,3.3,震度１
2025/11/01,11:17:52.3,大分県西部,33°06.6′N,131°11.0′E,8 km,2.9,震度１
2025/11/01,15:31:58.1,若狭湾,35°34.1′N,135°20.2′E,11 km,3.0,震度１
2025/11/01,23:44:06.1,岩手県沖,39°06.2′N,142°11.4′E,50 km,4.4,震度３
2025/11/02,07:30:05.2,和歌山県北部,34°04.6′N,135°19.5′E,9 km,4.2,震度３
2025/11/02,17:24:39.9,和歌山県北部,34°02.2′N,135°12.4′E,3 km,1.9,震度１
2025/11/02,18:43:38.8,土佐湾,33°25.6′N,133°56.9′E,29 km,2.7,震度１
2025/11/02,20:39:51.0,鹿児島県薩摩地方,31°49.2′N,130°43.0′E,0 km,1.2,震度１
2025/11/02,20:43:10.4,宮城県沖,37°57.2′N,141°44.7′E,56 km,3.8,震度１
2025/11/02,23:15:28.7,茨城県南部,36°02.2′N,139°56.1′E,44 km,3.6,震度２
2025/11/03,05:57:49.8,トカラ列島近海,29°19.0′N,129°37.2′E,8 km,3.0,震度２
2025/11/03,09:15:45.4,新島・神津島近海,34°20.8′N,139°15.7′E,8 km,2.1,震度１
2025/11/03,14:41:01.6,トカラ列島近海,29°38.1′N,129°44.2′E,5 km,2.8,震度２
2025/11/03,17:38:51.9,鹿児島県薩摩地方,31°49.1′N,130°43.2′E,0 km,2.3,震度２
2025/11/03,18:50:42.6,鹿児島県薩摩地方,31°49.3′N,130°43.5′E,0 km,2.6,震度３
2025/11/03,19:18:42.3,鹿児島県薩摩地方,31°49.5′N,130°43.5′E,0 km,3.3,震度４
2025/11/03,19:20:59.0,鹿児島県薩摩地方,31°49.2′N,130°43.4′E,0 km,2.5,震度３
2025/11/03,19:30:53.0,鹿児島県薩摩地方,31°49.5′N,130°44.0′E,0 km,2.1,震度２
2025/11/03,19:46:02.1,鹿児島県薩摩地方,31°49.3′N,130°44.3′E,0 km,3.0,震度３
2025/11/03,19:48:32.8,鹿児島県薩摩地方,31°49.4′N,130°44.1′E,8 km,2.1,震度２
2025/11/03,19:49:12.8,鹿児島県薩摩地方,31°48.5′N,130°43.8′E,10 km,1.3,震度１
2025/11/03,19:50:56.2,鹿児島県薩摩地方,31°49.2′N,130°44.3′E,0 km,2.9,震度３
2025/11/03,19:53:26.9,鹿児島県薩摩地方,31°49.3′N,130°44.6′E,8 km,1.8,震度１
2025/11/03,19:54:30.3,鹿児島県薩摩地方,31°48.8′N,130°42.6′E,0 km,2.0,震度２
2025/11/03,19:56:00.3,鹿児島県薩摩地方,31°49.3′N,130°44.8′E,0 km,2.9,震度３
2025/11/03,19:58:04.8,鹿児島県薩摩地方,31°49.5′N,130°44.5′E,0 km,1.3,震度１
2025/11/03,20:01:22.1,鹿児島県薩摩地方,31°49.3′N,130°45.0′E,0 km,1.3,震度１
2025/11/03,20:09:09.4,鹿児島県薩摩地方,31°49.4′N,130°44.6′E,0 km,1.5,震度１
2025/11/03,21:01:43.5,鹿児島県薩摩地方,31°48.9′N,130°42.8′E,0 km,2.1,震度２
2025/11/03,23:16:33.4,鹿児島県薩摩地方,31°54.4′N,130°43.9′E,0 km,1.1,震度１
2025/11/04,04:16:06.6,三陸沖,39°21.2′N,143°33.2′E,12 km,5.3,震度２
2025/11/04,05:40:10.0,和歌山県北部,34°04.5′N,135°19.7′E,9 km,2.4,震度１
2025/11/04,13:07:45.7,福島県沖,37°24.2′N,141°55.8′E,39 km,4.3,震度１
2025/11/04,14:00:10.2,茨城県南部,36°06.4′N,140°01.5′E,68 km,3.6,震度２
2025/11/05,07:17:31.4,千葉県南東沖,34°50.0′N,140°48.9′E,42 km,4.9,震度２
2025/11/05,17:54:59.8,父島近海,27°46.3′N,142°29.3′E,74 km,4.7,震度１
2025/11/05,20:00:47.3,トカラ列島近海,29°37.9′N,129°41.8′E,5 km,2.2,震度１
2025/11/06,00:18:50.4,トカラ列島近海,29°23.7′N,129°35.9′E,7 km,2.1,震度１
2025/11/06,00:37:36.4,トカラ列島近海,29°25.5′N,129°33.8′E,6 km,2.7,震度２
2025/11/06,02:01:17.5,トカラ列島近海,29°25.4′N,129°34.4′E,6 km,2.6,震度２
2025/11/06,03:55:56.1,トカラ列島近海,29°20.4′N,129°37.5′E,5 km,2.3,震度１
2025/11/06,07:54:25.5,トカラ列島近海,29°25.1′N,129°35.1′E,9 km,3.2,震度３
2025/11/06,08:51:04.7,トカラ列島近海,29°22.8′N,129°36.7′E,6 km,2.1,震度１
2025/11/06,20:16:29.7,トカラ列島近海,29°37.7′N,129°42.3′E,5 km,2.1,震度１
2025/11/06,23:05:44.6,静岡県西部,34°52.7′N,137°48.5′E,22 km,3.2,震度１
2025/11/06,23:29:50.1,十勝沖,41°57.8′N,144°35.6′E,15 km,4.6,震度２
2025/11/06,23:38:22.6,福島県沖,37°03.3′N,141°13.3′E,48 km,3.7,震度２
2025/11/07,01:23:22.6,日向灘,32°02.5′N,132°02.0′E,23 km,4.7,震度３
2025/11/07,04:25:53.5,日向灘,32°02.2′N,132°01.6′E,22 km,4.4,震度３
2025/11/07,12:07:57.1,愛知県西部,34°52.7′N,137°06.8′E,11 km,2.9,震度１
2025/11/07,17:26:50.2,群馬県南部,36°35.4′N,139°27.9′E,8 km,2.6,震度１
2025/11/07,21:41:14.3,愛知県西部,35°16.4′N,137°03.1′E,42 km,3.1,震度１
2025/11/08,08:52:57.9,岐阜県飛騨地方,35°40.1′N,137°08.0′E,10 km,2.3,震度１
2025/11/08,10:13:29.8,三陸沖,39°22.1′N,143°26.8′E,14 km,4.8,震度１
2025/11/08,11:36:09.9,三陸沖,39°21.6′N,143°27.1′E,14 km,4.7,震度２
2025/11/08,18:17:27.0,宮城県沖,38°17.7′N,141°52.4′E,63 km,3.9,震度２
2025/11/09,05:29:16.2,三陸沖,39°25.8′N,143°30.1′E,15 km,5.4,震度２
2025/11/09,06:04:18.6,三陸沖,39°22.1′N,143°25.2′E,13 km,5.5,震度３
2025/11/09,06:24:57.6,茨城県南部,36°20.9′N,140°04.6′E,71 km,4.0,震度２
2025/11/09,07:15:08.8,三陸沖,39°26.0′N,143°28.2′E,13 km,5.9,震度３
2025/11/09,07:27:00.6,三陸沖,39°23.4′N,143°27.1′E,14 km,5.0,震度１
2025/11/09,07:33:46.8,三陸沖,39°23.3′N,143°27.5′E,14 km,5.1,震度２
2025/11/09,07:34:36.8,三陸沖,39°24.4′N,143°27.2′E,9 km,4.5,震度１
2025/11/09,09:17:31.4,三陸沖,39°20.9′N,143°22.8′E,15 km,5.2,震度２
2025/11/09,13:16:40.2,浦河沖,41°57.5′N,142°20.2′E,71 km,4.0,震度２
2025/11/09,16:34:29.8,沖縄本島近海,27°26.1′N,128°49.8′E,35 km,3.7,震度２
2025/11/09,17:03:39.2,三陸沖,39°24.1′N,143°30.4′E,16 km,6.9,震度４
2025/11/09,17:06:34.2,三陸沖,39°37.0′N,143°27.9′E,11 km,4.6,震度２
2025/11/09,17:07:55.2,三陸沖,39°31.5′N,143°27.3′E,10 km,4.5,震度２
2025/11/09,17:11:26.2,三陸沖,39°33.9′N,143°23.2′E,7 km,5.1,震度２
2025/11/09,17:14:52.5,三陸沖,39°28.8′N,143°31.2′E,6 km,6.1,震度２
2025/11/09,17:17:24.5,三陸沖,39°35.9′N,143°30.7′E,9 km,4.0,震度１
2025/11/09,17:34:03.5,三陸沖,39°26.0′N,143°28.5′E,16 km,5.9,震度２
2025/11/09,17:35:19.3,三陸沖,39°28.1′N,143°24.1′E,7 km,4.5,震度１
2025/11/09,17:49:52.4,三陸沖,39°21.7′N,143°23.0′E,15 km,5.5,震度３
2025/11/09,17:50:29.8,三陸沖,39°25.1′N,143°26.6′E,9 km,不明,震度１
2025/11/09,17:54:38.4,三陸沖,39°27.1′N,143°24.0′E,14 km,6.6,震度３
2025/11/09,17:56:38.0,三陸沖,39°26.9′N,143°22.1′E,8 km,不明,震度２
2025/11/09,18:10:49.6,三陸沖,39°28.4′N,143°22.4′E,10 km,5.5,震度３
2025/11/09,18:16:59.4,三陸沖,39°27.9′N,143°20.7′E,11 km,5.1,震度２
2025/11/09,18:21:35.6,三陸沖,39°27.5′N,143°19.1′E,14 km,5.0,震度１
2025/11/09,18:24:04.0,三陸沖,39°24.1′N,143°15.2′E,13 km,4.1,震度１
2025/11/09,18:28:24.9,三陸沖,39°36.5′N,143°33.2′E,10 km,5.9,震度３
2025/11/09,18:35:47.6,三陸沖,39°23.8′N,143°17.7′E,15 km,4.4,震度１
2025/11/09,18:52:44.9,三陸沖,39°23.4′N,143°26.9′E,14 km,5.2,震度１
2025/11/09,20:11:26.1,三陸沖,39°16.7′N,143°36.3′E,12 km,4.9,震度１
2025/11/09,23:41:15.1,三陸沖,39°43.3′N,143°26.1′E,14 km,4.8,震度１
2025/11/10,00:30:20.4,トカラ列島近海,29°19.0′N,129°36.6′E,7 km,2.7,震度１
2025/11/10,00:44:23.2,三陸沖,39°29.3′N,143°21.1′E,15 km,4.9,震度２
2025/11/10,00:46:48.0,三陸沖,39°29.5′N,143°19.2′E,13 km,5.0,震度２
2025/11/10,07:41:29.6,三陸沖,39°28.1′N,143°24.6′E,14 km,4.8,震度１
2025/11/10,09:40:07.3,三陸沖,39°27.0′N,143°19.8′E,14 km,4.6,震度１
2025/11/10,10:20:52.5,三陸沖,39°12.8′N,143°34.8′E,12 km,5.5,震度２
2025/11/10,12:00:21.1,三陸沖,39°08.5′N,143°01.4′E,20 km,5.5,震度３
2025/11/10,16:22:16.4,三陸沖,39°33.3′N,143°34.3′E,12 km,5.3,震度２
2025/11/10,16:23:18.8,三陸沖,39°33.5′N,143°33.3′E,8 km,6.4,震度３
2025/11/10,18:59:00.7,三陸沖,39°34.3′N,143°15.8′E,13 km,5.2,震度２
2025/11/10,19:35:59.7,奄美大島近海,28°05.7′N,129°14.0′E,15 km,2.7,震度１
2025/11/11,06:17:24.0,広島県南西部,34°26.6′N,132°39.7′E,32 km,2.9,震度１
2025/11/12,03:03:17.3,沖縄本島近海,27°27.2′N,128°35.6′E,41 km,3.5,震度１
2025/11/12,05:51:36.3,千葉県東方沖,35°45.1′N,140°53.4′E,11 km,3.3,震度１
2025/11/12,06:13:23.7,千葉県東方沖,35°44.4′N,140°53.6′E,11 km,3.2,震度１
2025/11/12,06:13:47.3,千葉県東方沖,35°44.0′N,140°53.6′E,11 km,3.1,震度１
2025/11/12,06:15:48.2,千葉県東方沖,35°44.4′N,140°53.8′E,12 km,3.6,震度１
2025/11/12,06:50:48.3,茨城県北部,36°27.8′N,140°36.0′E,56 km,3.8,震度２
2025/11/12,08:59:33.8,福島県沖,37°20.3′N,141°13.6′E,55 km,3.4,震度２
2025/11/12,09:29:20.8,三陸沖,39°45.5′N,143°21.0′E,15 km,5.4,震度２
2025/11/12,15:50:37.0,愛知県西部,35°13.8′N,137°09.2′E,45 km,3.4,震度２
2025/11/12,19:49:26.2,日向灘,31°41.5′N,131°44.1′E,36 km,3.7,震度１
2025/11/12,21:27:03.3,島根県東部,35°10.5′N,133°07.8′E,8 km,2.4,震度１
2025/11/12,23:56:20.2,空知地方南部,43°20.0′N,141°38.8′E,12 km,2.3,震度１
2025/11/13,02:55:24.9,福島県沖,37°11.7′N,141°34.7′E,45 km,3.8,震度１
2025/11/13,09:54:36.3,茨城県沖,36°11.4′N,141°40.1′E,25 km,4.9,震度１
2025/11/13,10:38:46.6,釧路沖,42°55.3′N,145°28.1′E,42 km,3.9,震度２
2025/11/13,11:33:49.2,岩手県沖,39°48.5′N,142°20.9′E,14 km,3.7,震度１
2025/11/13,17:47:01.2,岐阜県飛騨地方,36°02.9′N,137°36.0′E,5 km,2.9,震度２
2025/11/13,23:01:31.6,宮城県沖,38°19.3′N,141°36.9′E,55 km,3.5,震度１
2025/11/14,04:58:03.0,三陸沖,39°17.3′N,143°32.2′E,13 km,5.4,震度２
2025/11/14,05:32:16.5,鹿児島県薩摩地方,32°08.4′N,130°22.8′E,7 km,2.2,震度１
2025/11/14,06:36:21.1,東京湾,35°37.3′N,139°55.6′E,101 km,3.6,震度１
2025/11/14,08:05:21.7,岩手県内陸北部,39°36.8′N,141°21.5′E,85 km,3.7,震度２
2025/11/14,11:26:18.8,石川県西方沖,37°06.0′N,136°25.6′E,9 km,4.0,震度１
2025/11/14,23:10:14.5,石川県能登地方,37°11.1′N,136°53.3′E,10 km,2.2,震度１
2025/11/15,00:01:51.1,福島県沖,37°01.7′N,141°56.5′E,49 km,4.3,震度１
2025/11/15,01:10:26.4,熊本県熊本地方,32°29.7′N,130°35.7′E,8 km,3.1,震度１
2025/11/15,02:34:54.2,福島県沖,37°19.5′N,141°54.1′E,37 km,4.2,震度１
2025/11/15,07:32:50.8,青森県東方沖,40°32.1′N,142°20.5′E,83 km,3.6,震度１
2025/11/15,13:14:53.3,熊本県熊本地方,32°42.7′N,130°41.0′E,13 km,2.3,震度２
2025/11/15,16:57:04.2,宮城県沖,38°38.5′N,141°54.3′E,47 km,3.5,震度１
2025/11/15,22:03:15.3,佐渡付近,37°43.6′N,137°37.0′E,22 km,4.2,震度２
2025/11/16,04:44:36.7,岐阜県飛騨地方,36°14.5′N,137°34.8′E,3 km,2.6,震度２
2025/11/16,05:16:18.8,トカラ列島近海,29°27.1′N,129°31.8′E,1 km,2.0,震度１
2025/11/16,07:26:32.5,岩手県沖,40°04.0′N,142°42.0′E,31 km,4.1,震度１
2025/11/16,08:54:36.2,茨城県沖,36°25.1′N,140°42.2′E,52 km,3.6,震度２
2025/11/16,11:24:48.6,宮城県沖,38°49.0′N,141°59.9′E,47 km,3.3,震度１
2025/11/16,16:03:22.6,千葉県東方沖,35°23.4′N,140°25.7′E,60 km,3.7,震度２
2025/11/17,00:14:33.5,岐阜県飛騨地方,36°14.3′N,137°35.2′E,3 km,2.0,震度１
2025/11/18,00:05:58.5,沖縄本島近海,26°47.1′N,128°25.1′E,31 km,2.9,震度１
2025/11/18,04:06:33.5,三陸沖,39°44.4′N,143°13.9′E,11 km,5.7,震度３
2025/11/18,05:27:35.1,新島・神津島近海,34°27.3′N,139°11.8′E,13 km,3.2,震度２
2025/11/18,05:52:11.1,新島・神津島近海,34°27.6′N,139°12.0′E,13 km,2.8,震度１
2025/11/18,06:01:45.0,トカラ列島近海,29°17.9′N,129°27.7′E,10 km,2.7,震度１
2025/11/18,06:24:31.2,宮城県北部,38°37.0′N,141°26.7′E,74 km,3.5,震度１
2025/11/18,06:46:51.0,新島・神津島近海,34°27.4′N,139°11.8′E,14 km,2.6,震度１
2025/11/18,08:46:14.8,浦河沖,41°54.9′N,142°30.3′E,54 km,3.6,震度１
2025/11/18,11:05:49.2,岩手県沖,39°13.8′N,142°28.7′E,27 km,4.3,震度１
2025/11/18,12:03:36.6,宮城県沖,38°32.2′N,141°43.8′E,53 km,3.6,震度１
2025/11/18,12:22:52.3,茨城県沖,36°26.2′N,140°39.5′E,53 km,3.5,震度２
2025/11/18,17:21:20.9,青森県東方沖,40°56.0′N,142°37.3′E,45 km,4.8,震度３
2025/11/19,00:56:17.4,和歌山県北部,34°12.4′N,135°09.7′E,6 km,2.3,震度１
2025/11/19,11:23:19.8,三陸沖,39°06.5′N,143°33.1′E,17 km,4.8,震度１
2025/11/19,14:54:09.3,トカラ列島近海,29°14.8′N,129°23.5′E,9 km,2.5,震度１
2025/11/19,21:04:34.9,上川地方北部,44°49.0′N,142°09.7′E,0 km,2.6,震度２
2025/11/20,03:50:39.1,和歌山県北部,34°01.9′N,135°16.1′E,6 km,1.9,震度１
2025/11/20,05:33:01.3,奄美大島近海,28°02.1′N,128°55.5′E,57 km,3.9,震度２
2025/11/20,10:35:17.4,島根県東部,35°07.6′N,133°08.4′E,6 km,2.5,震度１
2025/11/20,23:57:31.8,石狩地方南部,42°59.4′N,141°30.7′E,12 km,1.7,震度１
2025/11/21,03:51:50.8,岐阜県飛騨地方,36°05.1′N,137°32.6′E,4 km,2.8,震度２
2025/11/21,06:09:48.0,トカラ列島近海,29°54.9′N,129°59.5′E,10 km,2.7,震度２
2025/11/21,08:36:08.0,宮古島北西沖,25°38.3′N,124°45.2′E,121 km,5.0,震度２
2025/11/21,08:46:32.5,上川地方北部,44°17.5′N,142°09.7′E,7 km,1.7,震度２
2025/11/21,12:17:09.6,国後島付近,43°58.2′N,146°55.1′E,79 km,4.2,震度１
2025/11/21,12:24:08.8,東京湾,35°36.9′N,139°53.0′E,32 km,3.2,震度２
2025/11/21,21:22:05.0,三陸沖,39°37.1′N,143°33.5′E,12 km,5.7,震度２
2025/11/22,19:11:32.3,千葉県北西部,35°40.4′N,140°10.6′E,49 km,3.0,震度１
2025/11/23,09:03:32.6,網走地方,43°28.7′N,144°02.9′E,0 km,2.8,震度２
2025/11/23,10:24:25.3,熊本県天草・芦北地方,32°29.1′N,130°32.1′E,8 km,2.9,震度１
2025/11/23,12:37:44.8,岩手県沖,39°26.9′N,142°35.0′E,30 km,4.2,震度１
2025/11/23,13:54:16.0,トカラ列島近海,29°19.7′N,129°28.3′E,9 km,2.4,震度１
2025/11/23,14:25:48.1,和歌山県北部,34°05.8′N,135°08.4′E,6 km,1.8,震度１
2025/11/23,19:09:25.8,福島県中通り,37°17.3′N,140°36.3′E,7 km,3.2,震度２
2025/11/24,01:16:00.5,根室半島南東沖,42°43.2′N,145°59.0′E,3 km,4.0,震度１
2025/11/24,15:54:21.9,苫小牧沖,42°35.6′N,141°48.1′E,9 km,2.2,震度１
2025/11/24,19:09:51.6,宮城県沖,38°53.3′N,141°58.1′E,49 km,3.7,震度１
2025/11/25,10:44:23.2,沖縄本島近海,26°11.5′N,127°00.1′E,57 km,3.4,震度１
2025/11/25,11:08:15.7,岩手県沖,39°56.2′N,142°05.7′E,14 km,3.4,震度２
2025/11/25,12:17:58.7,宮城県沖,38°37.4′N,141°53.8′E,47 km,3.7,震度１
2025/11/25,18:01:16.5,熊本県阿蘇地方,32°59.8′N,131°06.4′E,9 km,5.8,震度５強
2025/11/25,18:04:38.9,熊本県阿蘇地方,32°59.4′N,131°06.5′E,5 km,3.2,震度２
2025/11/25,18:05:28.3,熊本県阿蘇地方,32°59.8′N,131°06.7′E,8 km,2.7,震度１
2025/11/25,18:07:22.8,熊本県阿蘇地方,32°59.2′N,131°07.1′E,7 km,2.9,震度１
2025/11/25,18:10:27.4,熊本県阿蘇地方,33°00.0′N,131°06.1′E,8 km,3.4,震度２
2025/11/25,18:11:58.8,熊本県阿蘇地方,32°59.6′N,131°06.8′E,7 km,2.4,震度１
2025/11/25,18:15:31.8,熊本県阿蘇地方,32°59.7′N,131°06.1′E,7 km,3.1,震度２
2025/11/25,18:17:45.8,熊本県阿蘇地方,33°00.0′N,131°06.7′E,9 km,2.4,震度１
2025/11/25,18:26:43.4,熊本県阿蘇地方,32°58.9′N,131°07.1′E,6 km,2.4,震度１
2025/11/25,18:27:39.8,熊本県阿蘇地方,32°59.9′N,131°06.8′E,9 km,2.3,震度１
2025/11/25,18:31:49.5,熊本県阿蘇地方,32°59.7′N,131°06.3′E,7 km,3.4,震度２
2025/11/25,18:50:10.3,熊本県阿蘇地方,32°58.9′N,131°07.6′E,7 km,2.9,震度２
2025/11/25,18:56:21.6,熊本県阿蘇地方,32°59.8′N,131°06.0′E,7 km,2.4,震度１
2025/11/25,19:01:09.6,熊本県阿蘇地方,32°59.8′N,131°06.2′E,7 km,2.2,震度１
2025/11/25,19:26:22.3,熊本県阿蘇地方,32°59.5′N,131°07.6′E,8 km,2.5,震度１
2025/11/25,19:27:05.5,熊本県阿蘇地方,32°59.6′N,131°05.8′E,7 km,2.6,震度２
2025/11/25,20:18:47.6,熊本県阿蘇地方,32°59.8′N,131°07.0′E,9 km,2.5,震度１
2025/11/25,20:44:41.7,熊本県阿蘇地方,32°59.5′N,131°07.6′E,8 km,3.8,震度３
2025/11/25,20:59:34.4,熊本県阿蘇地方,32°59.8′N,131°06.9′E,8 km,2.7,震度１
2025/11/25,21:31:29.1,熊本県阿蘇地方,32°59.8′N,131°07.1′E,9 km,3.0,震度２
2025/11/25,21:59:09.5,熊本県阿蘇地方,32°59.1′N,131°06.6′E,9 km,4.3,震度４
2025/11/25,22:00:59.7,熊本県阿蘇地方,32°59.1′N,131°06.5′E,9 km,2.7,震度１
2025/11/25,22:10:01.9,熊本県阿蘇地方,32°59.0′N,131°06.6′E,9 km,2.7,震度１
2025/11/25,22:17:52.3,熊本県阿蘇地方,32°58.9′N,131°07.1′E,9 km,3.3,震度２
2025/11/25,22:31:25.4,熊本県阿蘇地方,32°59.2′N,131°06.5′E,9 km,3.6,震度２
2025/11/25,22:39:21.2,熊本県阿蘇地方,32°59.2′N,131°06.7′E,9 km,2.3,震度１
2025/11/25,23:23:22.7,熊本県阿蘇地方,32°59.3′N,131°06.3′E,9 km,3.3,震度２
2025/11/25,23:41:47.3,熊本県阿蘇地方,32°59.2′N,131°06.5′E,9 km,2.9,震度２
2025/11/25,23:48:22.8,熊本県阿蘇地方,32°58.9′N,131°07.2′E,9 km,3.6,震度３
2025/11/26,00:25:51.7,熊本県阿蘇地方,32°59.2′N,131°06.7′E,10 km,2.9,震度１
2025/11/26,00:47:43.5,熊本県阿蘇地方,32°59.1′N,131°06.6′E,10 km,2.5,震度１
2025/11/26,01:01:10.5,熊本県阿蘇地方,32°59.8′N,131°07.1′E,9 km,2.9,震度２
2025/11/26,01:58:48.2,熊本県阿蘇地方,32°59.8′N,131°07.1′E,9 km,2.5,震度１
2025/11/26,05:56:27.3,大隅半島東方沖,31°23.6′N,131°40.5′E,37 km,3.9,震度１
2025/11/26,09:04:19.1,鹿児島県薩摩地方,31°43.3′N,130°46.1′E,8 km,2.0,震度１
2025/11/26,12:25:01.5,熊本県阿蘇地方,32°58.7′N,131°07.0′E,5 km,2.8,震度１
2025/11/26,13:41:29.4,熊本県阿蘇地方,32°59.1′N,131°06.8′E,6 km,2.2,震度１
2025/11/26,15:17:41.6,福島県会津,36°58.7′N,139°22.7′E,5 km,1.9,震度１
2025/11/26,15:39:24.0,熊本県阿蘇地方,32°58.9′N,131°07.3′E,6 km,2.3,震度１
2025/11/26,20:19:18.5,熊本県阿蘇地方,32°59.1′N,131°06.2′E,5 km,2.5,震度１
2025/11/26,20:24:27.3,熊本県阿蘇地方,32°59.1′N,131°06.3′E,5 km,2.7,震度１
2025/11/26,20:55:31.5,東シナ海,27°08.9′N,125°12.8′E,235 km,4.6,震度１
2025/11/26,21:42:05.5,熊本県阿蘇地方,32°58.9′N,131°07.5′E,7 km,2.3,震度１
2025/11/26,21:59:32.2,熊本県阿蘇地方,32°58.9′N,131°06.8′E,7 km,2.4,震度１
2025/11/26,22:12:05.6,熊本県阿蘇地方,32°59.1′N,131°06.1′E,5 km,2.5,震度１
2025/11/27,01:43:56.9,釧路沖,42°27.6′N,144°19.4′E,74 km,4.6,震度２
2025/11/27,07:38:33.0,熊本県阿蘇地方,32°59.5′N,131°06.1′E,9 km,3.0,震度１
2025/11/27,09:21:04.2,熊本県阿蘇地方,32°59.2′N,131°06.8′E,9 km,2.5,震度１
2025/11/27,14:15:22.2,熊本県阿蘇地方,32°59.2′N,131°06.5′E,5 km,2.8,震度１
2025/11/27,19:57:12.3,熊本県阿蘇地方,32°57.2′N,131°05.4′E,5 km,2.0,震度１
2025/11/27,22:01:12.8,熊本県阿蘇地方,32°59.4′N,131°06.3′E,6 km,3.0,震度２
2025/11/27,22:07:29.8,熊本県阿蘇地方,32°58.9′N,131°07.5′E,7 km,2.8,震度２
2025/11/28,15:27:23.5,上川地方北部,44°17.0′N,142°09.9′E,6 km,1.6,震度１
2025/11/28,17:14:49.8,奄美大島近海,28°21.3′N,129°32.5′E,34 km,3.1,震度１
2025/11/28,22:14:19.5,根室半島南東沖,43°13.5′N,146°28.2′E,55 km,3.7,震度１
2025/11/29,00:14:56.0,茨城県沖,36°21.9′N,140°59.0′E,42 km,3.4,震度１
2025/11/29,01:57:04.6,宮崎県南部山沿い,32°02.3′N,130°57.2′E,8 km,2.6,震度１
2025/11/29,21:23:08.8,福島県中通り,37°31.1′N,140°29.9′E,93 km,3.3,震度２
2025/11/30,07:00:31.9,山梨県東部・富士五湖,35°32.3′N,138°59.1′E,20 km,2.7,震度１
2025/11/30,08:03:38.2,青森県東方沖,40°36.4′N,141°58.1′E,61 km,3.5,震度１
2025/11/30,20:25:31.7,長野県南部,35°58.4′N,137°35.8′E,5 km,3.0,震度１
2025/11/30,23:55:23.8,愛知県西部,34°59.8′N,137°18.5′E,39 km,3.8,震度２
2025/12/01,02:25:50.5,宮城県沖,38°12.7′N,141°47.7′E,59 km,4.7,震度３
2025/12/01,03:40:25.3,熊本県阿蘇地方,32°59.6′N,131°07.6′E,9 km,2.5,震度１
2025/12/01,08:44:36.4,福島県沖,37°19.6′N,141°34.9′E,38 km,4.1,震度２
2025/12/01,09:48:01.5,浦河沖,42°06.7′N,142°33.1′E,46 km,4.5,震度３
2025/12/01,19:42:17.3,トカラ列島近海,29°27.0′N,129°32.0′E,7 km,2.0,震度１
2025/12/01,23:35:35.4,熊本県阿蘇地方,32°59.6′N,131°06.3′E,7 km,2.2,震度１
2025/12/02,19:03:04.3,釧路沖,42°56.3′N,145°27.5′E,45 km,5.2,震度４
2025/12/02,20:07:16.2,新島・神津島近海,34°31.9′N,139°26.4′E,15 km,4.2,震度２
2025/12/02,23:02:56.1,石川県能登地方,37°28.0′N,137°06.7′E,9 km,2.8,震度１
2025/12/02,23:44:53.5,静岡県東部,35°20.0′N,138°43.8′E,10 km,2.5,震度３
2025/12/03,04:53:38.0,トカラ列島近海,29°23.7′N,129°33.4′E,9 km,2.4,震度１
2025/12/03,05:03:13.2,熊本県阿蘇地方,32°58.9′N,131°07.0′E,6 km,2.2,震度１
2025/12/03,09:39:24.3,神奈川県西部,35°28.3′N,139°16.8′E,109 km,3.4,震度２
2025/12/03,15:20:23.2,十勝沖,42°21.3′N,143°58.8′E,67 km,3.9,震度２
2025/12/03,22:17:20.6,宮城県沖,38°26.3′N,141°40.8′E,53 km,3.3,震度１
2025/12/03,22:19:10.2,能登半島沖,37°31.0′N,137°13.1′E,13 km,3.0,震度１
2025/12/03,23:41:01.4,宮城県沖,38°18.6′N,141°53.5′E,46 km,3.9,震度１
2025/12/04,08:37:46.6,福島県浜通り,37°05.5′N,140°49.8′E,9 km,3.6,震度２
2025/12/04,18:03:51.4,十勝地方中部,42°45.1′N,143°13.1′E,56 km,3.6,震度２
2025/12/04,21:11:33.6,日向灘,32°02.9′N,131°58.3′E,24 km,3.6,震度１
2025/12/04,22:58:59.2,高知県中部,33°47.4′N,134°03.8′E,33 km,2.9,震度１
2025/12/05,08:17:06.2,長野県北部,36°44.7′N,138°09.5′E,0 km,2.5,震度１
2025/12/05,09:00:31.2,新潟県中越地方,37°09.2′N,138°35.1′E,14 km,1.8,震度１
2025/12/05,10:22:20.1,熊本県阿蘇地方,32°58.5′N,131°07.0′E,6 km,2.5,震度１
2025/12/05,11:04:52.6,長野県北部,36°44.9′N,138°09.4′E,0 km,2.7,震度１
2025/12/05,12:11:24.1,熊本県阿蘇地方,32°58.5′N,131°06.8′E,4 km,3.3,震度３
2025/12/05,15:09:48.4,長野県北部,36°44.5′N,138°09.7′E,3 km,2.3,震度１
2025/12/05,19:00:54.6,トカラ列島近海,29°22.7′N,129°33.5′E,10 km,2.5,震度１
2025/12/05,19:19:14.6,トカラ列島近海,29°22.9′N,129°32.7′E,10 km,2.2,震度１
2025/12/06,00:01:12.4,西表島付近,24°22.2′N,123°45.3′E,11 km,2.6,震度１
2025/12/06,12:26:10.2,トカラ列島近海,29°18.9′N,129°31.2′E,9 km,2.9,震度１
2025/12/06,17:14:59.0,大隅半島東方沖,31°08.0′N,131°29.6′E,38 km,3.4,震度１
2025/12/06,20:52:04.2,紀伊水道,33°54.0′N,135°03.7′E,13 km,3.0,震度１
2025/12/07,01:52:33.7,岐阜県美濃中西部,35°33.2′N,136°25.2′E,12 km,2.6,震度１
2025/12/07,05:29:57.9,高知県中部,33°38.3′N,133°35.3′E,7 km,2.6,震度１
2025/12/07,09:16:44.8,三陸沖,39°27.7′N,143°25.9′E,15 km,4.8,震度２
2025/12/07,09:31:39.9,日向灘,31°40.7′N,132°08.9′E,43 km,4.2,震度１
2025/12/07,18:32:59.8,青森県東方沖,41°34.5′N,142°05.3′E,54 km,3.3,震度１
2025/12/07,21:01:38.4,青森県下北地方,41°13.0′N,141°17.2′E,8 km,2.6,震度１
2025/12/08,04:55:24.8,トカラ列島近海,29°24.4′N,129°31.1′E,11 km,2.6,震度１
2025/12/08,07:45:01.0,茨城県南部,36°06.8′N,139°45.0′E,60 km,2.9,震度１
2025/12/08,21:30:14.1,トカラ列島近海,29°21.6′N,129°10.8′E,15 km,2.9,震度１
2025/12/08,23:15:10.1,青森県東方沖,40°58.0′N,142°17.2′E,54 km,7.5,震度６強
2025/12/08,23:33:39.2,青森県東方沖,40°53.0′N,142°35.2′E,42 km,5.9,震度３
2025/12/08,23:40:41.9,青森県東方沖,40°55.0′N,143°09.7′E,17 km,3.6,震度１
2025/12/08,23:51:20.0,宮古島近海,25°00.3′N,125°36.0′E,54 km,3.5,震度１
2025/12/09,00:09:55.6,青森県東方沖,40°59.5′N,142°41.9′E,37 km,3.9,震度１
2025/12/09,00:57:55.5,青森県東方沖,40°53.3′N,143°08.3′E,20 km,4.9,震度２
2025/12/09,01:08:10.6,青森県東方沖,40°58.8′N,142°06.7′E,56 km,3.7,震度１
2025/12/09,02:12:44.1,青森県東方沖,41°03.8′N,142°56.2′E,26 km,4.1,震度１
2025/12/09,02:16:15.5,釧路沖,42°55.6′N,145°26.9′E,44 km,4.1,震度２
2025/12/09,02:58:26.7,青森県東方沖,40°59.3′N,143°09.1′E,21 km,4.4,震度１
2025/12/09,03:56:29.5,青森県東方沖,40°57.0′N,143°07.6′E,19 km,6.1,震度３
2025/12/09,04:01:10.8,青森県東方沖,40°56.4′N,143°11.7′E,18 km,4.8,震度２
2025/12/09,06:31:25.5,岩手県沖,39°09.0′N,142°20.7′E,46 km,3.7,震度１
2025/12/09,06:52:42.7,青森県東方沖,40°56.6′N,143°18.0′E,15 km,6.6,震度４
2025/12/09,07:07:16.5,青森県東方沖,41°00.0′N,143°13.2′E,19 km,4.7,震度２
2025/12/09,08:59:05.6,青森県東方沖,40°48.8′N,142°55.4′E,26 km,5.4,震度２
2025/12/09,09:18:27.1,青森県東方沖,41°09.3′N,142°15.3′E,52 km,4.4,震度２
2025/12/09,13:47:26.2,青森県東方沖,41°09.3′N,142°36.6′E,40 km,3.9,震度１
2025/12/09,14:15:47.7,青森県東方沖,41°12.9′N,143°04.4′E,24 km,4.4,震度１
2025/12/09,14:48:24.5,青森県東方沖,40°50.9′N,143°00.2′E,21 km,3.7,震度１
2025/12/09,18:09:45.9,青森県東方沖,41°16.0′N,142°25.1′E,47 km,5.3,震度３
2025/12/09,18:20:02.1,青森県東方沖,41°12.5′N,143°02.9′E,28 km,4.4,震度１
2025/12/09,19:18:17.3,千葉県東方沖,35°44.6′N,140°53.7′E,12 km,3.1,震度１
2025/12/09,22:57:59.5,茨城県南部,36°08.9′N,140°02.2′E,49 km,2.9,震度１
2025/12/09,23:09:40.2,新島・神津島近海,34°11.6′N,139°17.7′E,12 km,2.6,震度１
2025/12/10,07:14:38.9,青森県東方沖,41°10.5′N,142°33.4′E,44 km,3.8,震度１
2025/12/10,07:20:02.7,青森県東方沖,40°51.1′N,143°00.1′E,17 km,4.4,震度１
2025/12/10,08:04:36.0,青森県東方沖,41°16.1′N,142°23.8′E,48 km,4.3,震度２
2025/12/10,12:15:12.1,三宅島近海,33°38.7′N,139°31.5′E,22 km,3.8,震度１
2025/12/10,15:23:48.2,青森県東方沖,41°01.9′N,142°42.9′E,36 km,4.3,震度１
2025/12/10,17:45:12.2,三重県中部,34°39.9′N,136°33.5′E,16 km,2.8,震度１
2025/12/10,23:01:29.5,青森県東方沖,41°15.1′N,142°23.5′E,48 km,4.2,震度１
2025/12/10,23:52:24.1,青森県東方沖,40°50.1′N,142°45.3′E,36 km,6.0,震度４
2025/12/11,00:36:02.7,青森県東方沖,40°32.1′N,141°42.8′E,21 km,2.7,震度１
2025/12/11,03:26:24.1,新島・神津島近海,34°11.6′N,139°17.5′E,13 km,3.0,震度１
2025/12/11,03:46:12.8,新島・神津島近海,34°11.9′N,139°17.2′E,13 km,2.8,震度１
2025/12/11,03:55:25.7,新島・神津島近海,34°11.8′N,139°17.5′E,13 km,3.8,震度２
2025/12/11,04:00:19.1,新島・神津島近海,34°12.0′N,139°17.6′E,12 km,3.4,震度２
2025/12/11,12:42:57.0,千葉県東方沖,35°47.1′N,140°58.3′E,18 km,4.0,震度２
2025/12/11,19:12:13.8,浦河沖,41°52.2′N,142°47.1′E,61 km,4.0,震度２
2025/12/12,03:11:05.5,青森県東方沖,41°14.8′N,142°49.1′E,29 km,4.5,震度２
2025/12/12,03:59:41.3,石狩地方北部,43°22.2′N,141°33.8′E,7 km,2.9,震度２
2025/12/12,07:09:19.8,青森県東方沖,40°59.9′N,143°10.0′E,16 km,5.0,震度２
2025/12/12,07:10:37.3,石狩地方北部,43°22.5′N,141°33.2′E,7 km,3.5,震度２
2025/12/12,07:27:28.0,千葉県東方沖,35°44.2′N,140°53.7′E,12 km,2.9,震度１
2025/12/12,11:44:13.4,青森県東方沖,40°54.0′N,142°57.9′E,17 km,6.9,震度４
2025/12/12,12:06:34.3,青森県東方沖,40°55.5′N,142°59.6′E,17 km,4.4,震度１
2025/12/12,12:21:39.0,青森県東方沖,40°59.3′N,143°00.1′E,17 km,5.7,震度３
2025/12/12,12:26:11.4,青森県東方沖,40°59.5′N,142°59.9′E,18 km,4.4,震度１
2025/12/12,13:58:22.7,青森県東方沖,40°58.2′N,142°57.5′E,19 km,4.4,震度１
2025/12/12,15:40:02.0,石川県西方沖,37°02.9′N,136°37.6′E,8 km,3.0,震度１
2025/12/12,16:05:08.9,青森県東方沖,40°59.7′N,143°03.3′E,17 km,4.2,震度１
2025/12/12,16:55:41.5,青森県東方沖,41°10.6′N,142°32.2′E,45 km,4.1,震度１
2025/12/12,19:05:19.6,茨城県南部,36°11.6′N,140°03.5′E,52 km,4.9,震度４
2025/12/12,19:14:33.1,青森県東方沖,40°58.3′N,143°00.2′E,19 km,4.1,震度１
2025/12/13,01:18:54.0,青森県東方沖,40°54.5′N,142°07.0′E,55 km,3.5,震度１
2025/12/13,04:03:10.7,東海道南方沖,32°25.4′N,137°43.2′E,399 km,5.3,震度１
2025/12/13,14:59:41.8,青森県東方沖,40°59.0′N,142°19.3′E,49 km,4.0,震度２
2025/12/14,06:12:53.5,トカラ列島近海,29°23.0′N,129°31.1′E,10 km,2.7,震度１
2025/12/14,07:52:55.1,福島県沖,37°04.3′N,141°12.3′E,48 km,3.9,震度２
2025/12/14,13:57:01.2,和歌山県北部,34°03.8′N,135°16.7′E,8 km,2.1,震度１
2025/12/14,16:58:12.5,三陸沖,39°44.8′N,143°43.0′E,17 km,4.9,震度１
2025/12/14,17:51:19.8,青森県東方沖,40°44.1′N,142°09.4′E,55 km,3.7,震度２
2025/12/14,19:54:02.6,釧路沖,42°52.3′N,144°56.7′E,51 km,3.1,震度１
2025/12/14,19:59:19.9,釧路沖,42°52.4′N,144°56.5′E,51 km,3.1,震度１
2025/12/14,22:49:42.8,青森県東方沖,41°33.8′N,142°06.4′E,53 km,4.2,震度２
2025/12/14,23:26:50.7,石川県西方沖,37°03.2′N,136°37.5′E,8 km,4.9,震度４
2025/12/14,23:37:00.9,石川県西方沖,37°03.8′N,136°37.7′E,8 km,3.2,震度２
2025/12/14,23:53:56.0,青森県東方沖,40°54.5′N,142°06.3′E,55 km,3.7,震度１
2025/12/15,01:24:47.5,石川県西方沖,37°03.2′N,136°36.7′E,8 km,2.8,震度１
2025/12/15,03:09:27.4,青森県東方沖,41°10.7′N,142°42.6′E,38 km,4.4,震度１
2025/12/15,04:03:36.2,石川県西方沖,37°02.8′N,136°37.7′E,7 km,4.7,震度３
2025/12/15,08:44:05.9,釧路沖,42°55.8′N,145°27.1′E,43 km,4.1,震度２
2025/12/15,13:47:23.7,長野県北部,36°40.7′N,138°31.7′E,9 km,2.2,震度１
2025/12/15,21:31:41.0,石川県能登地方,37°13.3′N,136°53.3′E,11 km,2.6,震度１
2025/12/16,05:47:39.7,奄美大島近海,28°46.9′N,129°39.0′E,27 km,3.4,震度１
2025/12/16,06:06:28.4,茨城県北部,36°24.8′N,140°36.8′E,55 km,3.7,震度２
2025/12/16,06:44:46.6,青森県東方沖,40°56.1′N,143°04.1′E,16 km,4.1,震度１
2025/12/16,10:26:31.5,青森県東方沖,40°54.5′N,142°06.3′E,55 km,3.8,震度１
2025/12/16,11:45:36.5,宮城県沖,38°45.9′N,141°42.0′E,100 km,4.5,震度３
2025/12/16,13:57:05.5,福井県嶺北,35°54.7′N,136°44.8′E,10 km,3.8,震度３
2025/12/16,14:38:50.5,青森県東方沖,40°53.6′N,143°03.5′E,15 km,5.3,震度３
2025/12/16,17:05:31.8,福井県嶺北,35°54.8′N,136°44.6′E,10 km,3.0,震度１
2025/12/16,23:13:06.2,熊本県阿蘇地方,32°59.5′N,131°07.3′E,10 km,3.5,震度２
2025/12/16,23:39:32.2,石川県西方沖,37°02.9′N,136°36.9′E,9 km,3.4,震度１
2025/12/17,02:49:23.3,岐阜県美濃中西部,35°38.5′N,137°04.2′E,7 km,2.5,震度１
2025/12/17,07:28:37.4,青森県東方沖,40°44.5′N,142°08.5′E,55 km,3.8,震度２
2025/12/17,10:44:13.1,北海道東方沖,43°26.5′N,147°58.0′E,74 km,5.3,震度１
2025/12/17,18:50:17.4,青森県東方沖,41°15.1′N,142°28.9′E,45 km,4.8,震度２
2025/12/18,09:50:38.6,三陸沖,39°44.3′N,143°11.9′E,12 km,4.7,震度２
2025/12/18,11:18:12.1,熊本県阿蘇地方,32°59.1′N,131°07.5′E,8 km,3.0,震度２
2025/12/18,13:51:15.3,トカラ列島近海,29°55.0′N,129°59.7′E,9 km,2.2,震度１
2025/12/18,14:07:24.8,熊本県阿蘇地方,32°59.2′N,131°07.5′E,8 km,2.6,震度１
2025/12/18,14:20:07.6,三陸沖,39°44.6′N,143°12.1′E,11 km,4.6,震度１
2025/12/18,22:57:21.7,福島県沖,36°52.6′N,140°58.8′E,53 km,4.0,震度２
2025/12/19,00:27:39.5,石川県西方沖,37°03.3′N,136°37.9′E,8 km,2.7,震度１
2025/12/19,03:28:59.4,福島県会津,36°57.8′N,139°22.2′E,3 km,2.3,震度１
2025/12/19,05:44:50.0,トカラ列島近海,29°38.6′N,129°45.2′E,0 km,2.4,震度１
2025/12/19,13:04:10.7,石川県能登地方,37°10.9′N,136°41.5′E,8 km,3.3,震度１
2025/12/19,13:35:53.9,宮古島北西沖,26°24.3′N,124°57.6′E,172 km,4.9,震度１
2025/12/19,19:45:02.3,トカラ列島近海,29°22.2′N,129°29.7′E,7 km,2.5,震度１
2025/12/19,21:54:19.9,八丈島東方沖,32°37.0′N,140°09.2′E,143 km,4.6,震度１
2025/12/20,02:05:40.5,石川県西方沖,37°04.0′N,136°37.7′E,8 km,3.5,震度２
2025/12/20,05:21:39.9,トカラ列島近海,29°32.5′N,129°36.7′E,8 km,2.7,震度２
2025/12/20,06:15:03.2,宮崎県南部山沿い,32°02.2′N,130°56.5′E,8 km,2.5,震度１
2025/12/20,06:37:12.8,トカラ列島近海,29°32.5′N,129°36.7′E,7 km,2.2,震度１
2025/12/20,06:40:05.0,三陸沖,39°36.9′N,143°18.2′E,14 km,4.7,震度１
2025/12/20,15:45:53.3,宗谷地方南部,45°01.8′N,142°10.6′E,0 km,3.3,震度１
2025/12/20,21:30:29.1,根室半島南東沖,42°44.1′N,146°02.7′E,15 km,5.4,震度３
2025/12/20,21:33:53.3,根室半島南東沖,42°45.1′N,146°02.3′E,14 km,4.8,震度３
2025/12/20,21:58:52.1,根室半島南東沖,42°43.6′N,146°01.2′E,14 km,5.0,震度２
2025/12/21,00:28:55.9,沖縄本島近海,26°23.7′N,127°03.8′E,19 km,2.2,震度１
2025/12/21,06:29:47.4,青森県西方沖,41°08.5′N,139°10.5′E,33 km,4.0,震度１
2025/12/21,09:13:38.9,トカラ列島近海,29°32.4′N,129°36.7′E,7 km,2.1,震度１
2025/12/21,10:29:01.7,青森県東方沖,40°43.4′N,142°15.2′E,51 km,5.6,震度４
2025/12/21,12:00:26.7,和歌山県北部,34°04.4′N,135°19.0′E,9 km,2.6,震度１
2025/12/21,12:48:03.5,北海道東方沖,43°25.1′N,147°46.7′E,61 km,5.3,震度１
2025/12/21,15:51:37.3,奄美大島近海,27°28.6′N,129°08.7′E,13 km,3.9,震度２
2025/12/21,21:31:19.6,トカラ列島近海,29°32.5′N,129°37.4′E,9 km,2.1,震度１
2025/12/21,22:03:04.0,トカラ列島近海,29°32.4′N,129°36.9′E,7 km,3.5,震度３
2025/12/21,22:06:30.8,トカラ列島近海,29°32.3′N,129°37.0′E,8 km,2.5,震度１
2025/12/21,23:03:14.5,橘湾,32°47.9′N,130°08.7′E,10 km,2.3,震度１
2025/12/22,08:33:01.3,岩手県沖,39°38.0′N,142°06.3′E,49 km,4.2,震度３
2025/12/22,21:38:09.3,沖縄本島北西沖,26°06.5′N,126°01.5′E,97 km,4.6,震度１
2025/12/23,05:03:49.2,日高地方東部,42°19.5′N,143°00.9′E,52 km,3.9,震度２
2025/12/23,08:28:55.9,福島県沖,37°48.2′N,141°42.3′E,55 km,3.9,震度１
2025/12/23,18:44:22.2,三重県南東沖,33°05.3′N,137°55.9′E,330 km,5.1,震度２
2025/12/24,05:40:32.6,トカラ列島近海,29°32.7′N,129°36.9′E,8 km,2.2,震度１
2025/12/24,05:55:01.1,奄美大島近海,27°40.6′N,128°42.1′E,18 km,3.6,震度１
2025/12/24,09:47:41.6,石川県西方沖,37°03.2′N,136°37.0′E,8 km,3.7,震度２
2025/12/25,11:52:43.5,長野県中部,36°19.3′N,138°01.4′E,6 km,2.9,震度１
2025/12/25,19:21:58.6,瀬戸内海中部,34°26.9′N,133°29.3′E,13 km,3.2,震度１
2025/12/25,21:28:33.5,大分県中部,33°16.0′N,131°23.1′E,10 km,2.3,震度１
2025/12/26,01:17:40.3,青森県東方沖,41°10.0′N,142°34.9′E,42 km,5.8,震度３
2025/12/26,01:19:49.4,青森県東方沖,41°11.2′N,142°34.1′E,41 km,4.3,震度１
2025/12/26,01:25:49.1,青森県東方沖,41°11.1′N,142°35.8′E,43 km,4.5,震度２
2025/12/26,02:56:45.9,熊本県熊本地方,32°44.6′N,130°39.9′E,11 km,2.9,震度２
2025/12/26,03:18:51.5,奄美大島近海,27°39.3′N,128°43.4′E,18 km,3.3,震度１
2025/12/26,03:29:31.1,トカラ列島近海,29°32.4′N,129°36.9′E,8 km,2.7,震度２
2025/12/27,08:26:26.9,兵庫県北方沖,35°43.0′N,134°49.2′E,13 km,3.5,震度２
2025/12/27,09:33:39.8,釧路沖,42°41.7′N,144°33.9′E,55 km,3.6,震度１
2025/12/27,12:55:18.1,釧路沖,42°54.3′N,145°30.3′E,40 km,4.2,震度２
2025/12/27,15:30:41.6,愛知県西部,35°22.8′N,136°54.7′E,8 km,2.3,震度１
2025/12/27,18:55:58.1,豊後水道,33°01.0′N,132°14.1′E,38 km,3.2,震度１
2025/12/28,00:05:54.6,台湾付近,24°37.9′N,121°58.2′E,86 km,7.0,震度３
2025/12/28,02:19:52.8,熊本県阿蘇地方,32°58.4′N,131°06.0′E,9 km,3.0,震度２
2025/12/28,09:02:22.0,福島県会津,37°02.6′N,139°24.3′E,7 km,1.7,震度１
2025/12/28,16:39:59.1,岩手県沖,39°06.3′N,142°07.3′E,45 km,3.4,震度１
2025/12/28,18:08:13.5,トカラ列島近海,29°32.5′N,129°36.5′E,7 km,2.2,震度１
2025/12/29,06:12:56.1,熊本県阿蘇地方,32°59.9′N,131°07.4′E,9 km,3.1,震度２
2025/12/29,07:35:22.3,熊本県阿蘇地方,32°59.9′N,131°07.6′E,9 km,3.9,震度３
2025/12/29,07:37:40.2,熊本県阿蘇地方,32°59.8′N,131°07.8′E,8 km,2.6,震度１
2025/12/29,07:51:37.3,トカラ列島近海,29°20.0′N,129°29.3′E,9 km,3.4,震度３
2025/12/29,08:32:57.8,豊後水道,33°16.5′N,132°25.1′E,38 km,3.1,震度１
2025/12/29,21:08:27.4,埼玉県南部,35°58.4′N,139°31.4′E,84 km,3.3,震度１
2025/12/30,08:07:10.7,新潟県上越地方,37°02.7′N,138°07.1′E,10 km,2.4,震度１
2025/12/30,10:08:47.1,千葉県南部,35°08.3′N,140°17.0′E,0 km,2.3,震度１
2025/12/30,12:24:01.4,熊本県熊本地方,32°39.4′N,130°43.0′E,9 km,2.0,震度１
2025/12/30,17:12:25.1,奄美大島近海,27°40.3′N,128°42.6′E,19 km,5.7,震度４
2025/12/30,17:16:12.1,奄美大島近海,27°39.1′N,128°44.6′E,16 km,3.2,震度１
2025/12/30,17:23:04.7,奄美大島近海,27°37.3′N,128°46.2′E,15 km,4.1,震度１
2025/12/30,17:32:58.4,奄美大島近海,27°38.3′N,128°44.7′E,17 km,3.3,震度１
2025/12/30,17:48:13.3,奄美大島近海,27°38.0′N,128°45.7′E,16 km,4.0,震度２
2025/12/31,04:03:45.9,奄美大島近海,27°38.6′N,128°45.5′E,19 km,3.5,震度１
2025/12/31,07:19:44.9,三陸沖,39°33.3′N,143°26.1′E,13 km,5.0,震度２
2025/12/31,08:51:35.8,岩手県沖,39°27.2′N,142°35.2′E,31 km,4.6,震度２
2025/12/31,10:33:33.5,富山県西部,36°40.1′N,136°50.2′E,14 km,2.9,震度１
2025/12/31,14:22:49.1,奄美大島近海,28°05.3′N,129°16.6′E,20 km,2.9,震度１
2025/12/31,16:43:36.1,奄美大島近海,27°39.7′N,128°42.9′E,17 km,4.1,震度２
2025/12/31,20:26:53.1,熊本県阿蘇地方,32°59.6′N,131°07.5′E,9 km,3.3,震度２
2025/12/31,20:52:21.2,熊本県阿蘇地方,32°59.6′N,131°07.5′E,9 km,2.9,震度１
2025/12/31,23:26:58.4,岩手県沖,40°04.0′N,142°53.1′E,32 km,6.1,震度４
2025/12/31,23:50:01.8,岩手県沖,39°38.3′N,142°06.3′E,48 km,3.8,震度２
