地震の発生日,地震の発生時刻,震央地名,緯度,経度,深さ,Ｍ,最大震度
2026/01/06,00:01:34.2,関東東方沖,36°06.9′N,143°16.4′E,15 km,1.3,---
2026/01/06,00:07:09.3,トカラ列島近海,29°20.0′N,129°29.1′E,9 km,1.3,---
2026/01/06,00:13:04.7,茨城県南部,36°01.2′N,140°11.1′E,38 km,0.7,---
2026/01/06,00:15:01.2,青森県東方沖,40°50.3′N,142°38.9′E,39 km,2.0,---
2026/01/06,00:15:01.8,沖縄本島近海,26°30.5′N,127°13.8′E,15 km,2.1,---
2026/01/06,00:16:12.4,十勝地方中部,42°54.4′N,143°26.5′E,88 km,1.1,---
2026/01/06,00:18:41.2,九州地方南東沖,30°59.2′N,132°32.0′E,44 km,不明,---
2026/01/06,00:19:32.8,石川県能登地方,37°01.7′N,136°55.2′E,13 km,0.7,---
2026/01/06,00:22:35.3,福島県沖,37°43.8′N,142°19.3′E,43 km,1.0,---
2026/01/06,00:23:15.5,秋田県内陸北部,39°59.8′N,140°34.2′E,3 km,1.8,---
2026/01/06,00:26:56.9,三陸沖,38°14.5′N,144°14.4′E,31 km,2.4,---
2026/01/06,00:29:17.3,福島県沖,37°50.3′N,141°36.9′E,49 km,1.0,---
2026/01/06,00:32:48.1,三陸沖,40°49.1′N,144°13.5′E,14 km,1.1,---
2026/01/06,00:35:19.8,鳥島近海,31°06.7′N,141°39.9′E,32 km,4.1,---
2026/01/06,00:35:22.7,根室半島南東沖,42°45.0′N,145°59.1′E,14 km,1.5,---
2026/01/06,00:42:29.5,和歌山県北部,34°03.4′N,135°16.4′E,8 km,0.2,---
2026/01/06,00:43:02.8,青森県東方沖,40°50.5′N,143°13.2′E,15 km,2.3,---
2026/01/06,00:47:51.7,佐渡付近,37°55.4′N,137°43.7′E,20 km,1.8,---
2026/01/06,00:50:01.6,大阪府北部,34°53.1′N,135°35.6′E,12 km,2.3,---
2026/01/06,00:53:34.3,石川県能登地方,37°12.2′N,136°47.0′E,11 km,1.9,---
2026/01/06,00:53:54.2,薩摩半島西方沖,31°09.0′N,130°03.0′E,1 km,1.2,---
2026/01/06,00:56:31.1,宮城県北部,38°54.8′N,141°31.7′E,100 km,1.0,---
2026/01/06,00:57:43.3,長野県南部,35°57.4′N,138°02.5′E,4 km,-0.1,---
2026/01/06,00:58:05.6,宮城県沖,37°58.5′N,141°54.8′E,41 km,1.1,---
2026/01/06,00:58:22.3,三陸沖,39°37.0′N,143°14.2′E,12 km,1.5,---
2026/01/06,00:59:42.3,大阪府北部,34°53.5′N,135°32.8′E,8 km,-0.3,---
2026/01/06,00:59:45.3,大阪府北部,34°53.7′N,135°35.8′E,11 km,0.8,---
2026/01/06,01:04:30.1,福島県沖,37°24.5′N,141°44.5′E,42 km,1.2,---
2026/01/06,01:12:19.0,三陸沖,39°06.5′N,143°28.3′E,49 km,2.7,---
2026/01/06,01:14:10.8,三陸沖,39°16.5′N,143°36.1′E,13 km,2.9,---
2026/01/06,01:17:01.1,青森県東方沖,40°48.5′N,142°46.6′E,31 km,1.0,---
2026/01/06,01:18:35.4,青森県東方沖,40°50.3′N,143°13.6′E,8 km,1.5,---
2026/01/06,01:23:31.6,三陸沖,39°12.8′N,143°19.9′E,11 km,1.0,---
2026/01/06,01:25:47.9,三陸沖,40°16.6′N,143°40.8′E,7 km,1.3,---
2026/01/06,01:27:53.3,兵庫県南西部,34°51.2′N,134°45.8′E,11 km,0.3,---
2026/01/06,01:29:17.5,三陸沖,39°16.3′N,143°36.3′E,13 km,2.0,---
2026/01/06,01:30:13.9,神奈川県東部,35°32.4′N,139°40.2′E,65 km,1.2,---
2026/01/06,01:33:52.6,青森県東方沖,40°31.1′N,142°18.4′E,44 km,0.8,---
2026/01/06,01:34:39.7,宮城県沖,38°19.7′N,142°08.8′E,36 km,1.2,---
2026/01/06,01:35:03.1,長野県南部,35°53.8′N,137°57.4′E,14 km,0.7,---
2026/01/06,01:41:05.9,栃木県北部,36°53.5′N,139°32.1′E,6 km,-0.4,---
2026/01/06,01:42:56.8,青森県東方沖,41°04.4′N,142°59.4′E,22 km,0.8,---
2026/01/06,01:43:12.3,島根県東部,35°18.8′N,133°12.3′E,10 km,0.5,---
2026/01/06,01:43:46.7,青森県東方沖,40°58.7′N,143°02.4′E,15 km,1.2,---
2026/01/06,01:43:58.6,周防灘,34°02.2′N,131°03.4′E,12 km,2.0,---
2026/01/06,01:44:39.5,大阪府北部,34°53.2′N,135°35.5′E,12 km,0.3,---
2026/01/06,01:45:29.9,青森県東方沖,41°27.3′N,142°08.6′E,51 km,2.3,---
2026/01/06,01:54:41.7,青森県東方沖,40°59.5′N,143°00.9′E,20 km,1.0,---
2026/01/06,01:54:58.9,岐阜県美濃中西部,35°48.3′N,136°58.6′E,10 km,0.3,---
2026/01/06,01:57:13.3,山梨県東部・富士五湖,35°32.6′N,138°56.4′E,24 km,0.5,---
2026/01/06,01:59:09.5,福島県沖,37°36.7′N,142°22.1′E,22 km,1.0,---
2026/01/06,02:01:27.0,三陸沖,39°48.4′N,145°04.6′E,24 km,1.9,---
2026/01/06,02:02:55.9,福島県沖,37°49.0′N,141°35.9′E,48 km,0.9,---
2026/01/06,02:10:12.5,群馬県南部,36°18.1′N,139°04.6′E,144 km,不明,---
2026/01/06,02:11:34.6,福島県沖,37°50.3′N,141°35.7′E,48 km,0.9,---
2026/01/06,02:12:13.7,和歌山県南部,33°49.3′N,135°28.8′E,17 km,0.3,---
2026/01/06,02:13:15.2,長野県南部,35°47.3′N,137°32.6′E,8 km,0.4,---
2026/01/06,02:18:01.4,鳥取県東部,35°20.8′N,134°14.5′E,7 km,0.5,---
2026/01/06,02:28:48.5,兵庫県南西部,34°47.5′N,134°26.0′E,14 km,0.5,---
2026/01/06,02:29:37.4,大隅半島東方沖,31°03.1′N,131°00.1′E,6 km,1.0,---
2026/01/06,02:30:22.8,茨城県沖,36°12.6′N,140°55.5′E,39 km,1.0,---
2026/01/06,02:30:34.9,三陸沖,39°27.3′N,143°25.9′E,46 km,0.2,---
2026/01/06,02:30:40.2,岩手県沖,39°44.0′N,142°29.9′E,44 km,不明,---
2026/01/06,02:31:26.8,京都府南部,35°00.7′N,135°33.5′E,10 km,1.5,---
2026/01/06,02:31:46.2,千葉県東方沖,35°34.9′N,140°48.3′E,17 km,1.1,---
2026/01/06,02:34:09.9,秋田県内陸北部,40°10.9′N,140°39.6′E,2 km,1.5,---
2026/01/06,02:36:12.6,熊本県阿蘇地方,32°55.3′N,131°00.1′E,6 km,0.2,---
2026/01/06,02:39:49.0,熊本県天草・芦北地方,32°13.4′N,130°29.3′E,3 km,0.6,---
2026/01/06,02:40:22.2,栃木県北部,36°40.9′N,139°30.1′E,7 km,0.2,---
2026/01/06,02:45:55.7,長崎県南西部,32°48.5′N,130°08.5′E,10 km,0.6,---
2026/01/06,02:51:59.6,三宅島近海,33°34.0′N,139°49.3′E,108 km,2.3,---
2026/01/06,02:53:53.4,岩手県沖,39°31.5′N,142°38.0′E,32 km,1.0,---
2026/01/06,02:55:05.2,青森県東方沖,40°48.0′N,143°01.5′E,8 km,1.9,---
2026/01/06,02:57:00.2,四国沖,33°22.3′N,134°44.3′E,4 km,1.0,---
2026/01/06,02:57:08.0,薩摩半島西方沖,31°10.1′N,130°18.7′E,167 km,1.1,---
2026/01/06,02:58:50.5,岩手県内陸南部,39°02.2′N,140°52.5′E,10 km,0.6,---
2026/01/06,03:00:34.8,栃木県南部,36°38.6′N,140°12.3′E,107 km,1.2,---
2026/01/06,03:01:04.4,青森県東方沖,40°45.3′N,142°53.2′E,35 km,1.3,---
2026/01/06,03:07:35.5,岩手県内陸南部,39°04.2′N,140°56.1′E,10 km,0.6,---
2026/01/06,03:07:56.4,熊本県阿蘇地方,32°59.5′N,131°07.4′E,10 km,0.2,---
2026/01/06,03:08:28.3,茨城県北部,36°45.3′N,140°34.2′E,9 km,0.0,---
2026/01/06,03:12:50.5,胆振地方中東部,42°48.7′N,142°00.9′E,28 km,0.9,---
2026/01/06,03:23:19.6,和歌山県北部,34°05.3′N,135°12.0′E,6 km,1.3,---
2026/01/06,03:23:50.9,沖縄本島近海,26°58.8′N,128°46.0′E,19 km,0.8,---
2026/01/06,03:25:45.3,三陸沖,40°45.9′N,144°56.8′E,27 km,1.5,---
2026/01/06,03:27:03.0,紀伊水道,34°12.5′N,135°07.8′E,7 km,1.3,---
2026/01/06,03:27:36.5,福島県沖,37°13.7′N,142°13.7′E,23 km,2.3,---
2026/01/06,03:30:49.6,福島県沖,37°13.2′N,142°16.4′E,18 km,1.1,---
2026/01/06,03:32:16.5,長野県南部,35°47.1′N,137°32.5′E,7 km,0.3,---
2026/01/06,03:32:41.9,宮崎県北部山沿い,32°34.3′N,131°26.1′E,15 km,0.1,---
2026/01/06,03:32:59.7,三陸沖,39°08.4′N,143°30.4′E,11 km,2.4,---
2026/01/06,03:37:09.0,宮崎県北部山沿い,32°34.3′N,131°26.0′E,14 km,0.1,---
2026/01/06,03:39:56.5,長野県中部,36°12.9′N,137°49.3′E,4 km,0.0,---
2026/01/06,03:42:50.2,紀伊水道,34°09.6′N,135°04.5′E,8 km,0.5,---
2026/01/06,03:47:40.0,日高地方西部,42°44.3′N,142°26.4′E,85 km,0.3,---
2026/01/06,03:49:21.2,紀伊水道,34°10.1′N,135°10.7′E,5 km,0.3,---
2026/01/06,03:50:31.7,和歌山県北部,34°10.3′N,135°11.4′E,7 km,0.0,---
2026/01/06,03:51:34.5,茨城県北部,36°25.9′N,140°28.1′E,91 km,1.1,---
2026/01/06,03:52:01.1,石川県能登地方,37°21.9′N,137°00.1′E,6 km,1.2,---
2026/01/06,03:54:50.8,渡島地方東部,42°01.6′N,140°47.1′E,8 km,1.1,---
2026/01/06,03:54:51.1,岩手県内陸南部,39°02.8′N,140°53.0′E,8 km,0.7,---
2026/01/06,03:57:07.4,北海道東方沖,43°30.3′N,148°10.5′E,66 km,4.3,---
2026/01/06,03:57:16.0,三陸沖,37°51.0′N,143°24.2′E,26 km,2.2,---
2026/01/06,03:58:37.1,宮古島近海,24°37.3′N,124°51.6′E,21 km,1.3,---
2026/01/06,04:06:28.1,長野県中部,36°18.1′N,137°40.5′E,3 km,0.0,---
2026/01/06,04:08:29.9,根室地方北部,43°57.7′N,145°01.7′E,11 km,不明,---
2026/01/06,04:14:46.1,三陸沖,39°20.3′N,144°49.3′E,21 km,2.3,---
2026/01/06,04:18:52.8,宮古島近海,24°36.1′N,124°52.0′E,21 km,1.6,---
2026/01/06,04:22:05.1,山梨県中・西部,35°52.3′N,138°44.9′E,9 km,0.6,---
2026/01/06,04:28:42.3,宮古島近海,24°37.6′N,124°51.7′E,22 km,1.5,---
2026/01/06,04:32:19.4,大隅半島東方沖,31°06.6′N,131°31.9′E,27 km,不明,---
2026/01/06,04:35:27.3,三陸沖,39°35.7′N,144°36.9′E,22 km,1.5,---
2026/01/06,04:36:33.7,青森県東方沖,40°52.6′N,142°57.6′E,13 km,2.1,---
2026/01/06,04:41:41.7,奄美大島北東沖,28°59.8′N,130°05.6′E,52 km,2.8,---
2026/01/06,04:44:12.1,福島県沖,37°50.7′N,141°47.4′E,42 km,1.4,---
2026/01/06,04:46:12.5,石垣島近海,24°36.5′N,124°25.0′E,17 km,不明,---
2026/01/06,04:50:51.9,沖縄本島近海,26°34.8′N,127°03.0′E,0 km,1.4,---
2026/01/06,04:58:54.8,福島県沖,37°15.9′N,142°09.9′E,24 km,1.3,---
2026/01/06,05:00:21.2,石川県能登地方,37°29.7′N,137°17.9′E,8 km,0.7,---
2026/01/06,05:00:29.6,岩手県沖,39°04.1′N,142°26.9′E,29 km,1.1,---
2026/01/06,05:03:35.6,福島県沖,37°31.1′N,144°38.7′E,45 km,1.5,---
2026/01/06,05:05:15.3,三陸沖,39°44.5′N,143°21.6′E,13 km,1.5,---
2026/01/06,05:12:35.9,和歌山県北部,34°04.4′N,135°14.6′E,5 km,-0.3,---
2026/01/06,05:15:53.7,長野県南部,35°54.0′N,137°37.7′E,7 km,-0.4,---
2026/01/06,05:17:03.9,千葉県南東沖,34°37.5′N,140°08.4′E,77 km,2.3,---
2026/01/06,05:21:00.4,福島県中通り,36°54.0′N,140°33.5′E,86 km,1.0,---
2026/01/06,05:24:24.3,福島県中通り,36°56.9′N,140°26.2′E,9 km,0.5,---
2026/01/06,05:24:33.0,宗谷東方沖,45°07.7′N,143°43.9′E,270 km,3.4,---
2026/01/06,05:25:25.4,十勝地方北部,43°23.3′N,144°00.5′E,0 km,1.1,---
2026/01/06,05:28:09.3,能登半島沖,37°45.6′N,137°25.6′E,15 km,2.3,---
2026/01/06,05:30:25.7,福島県沖,37°13.3′N,141°55.6′E,29 km,1.1,---
2026/01/06,05:35:56.5,徳島県北部,34°03.9′N,134°23.5′E,7 km,0.5,---
2026/01/06,05:37:35.2,千葉県北西部,35°34.8′N,140°11.0′E,68 km,1.9,---
2026/01/06,05:38:24.9,有明海,32°50.3′N,130°32.5′E,13 km,0.0,---
2026/01/06,05:44:29.6,岐阜県飛騨地方,35°59.1′N,137°33.2′E,7 km,0.4,---
2026/01/06,05:47:32.8,福島県沖,37°14.1′N,142°14.3′E,19 km,1.1,---
2026/01/06,05:53:47.6,宮城県沖,38°35.5′N,142°04.2′E,34 km,1.9,---
2026/01/06,05:57:40.1,岩手県沖,40°03.2′N,141°55.4′E,13 km,0.4,---
2026/01/06,06:01:07.5,日向灘,32°43.1′N,132°03.2′E,41 km,0.6,---
2026/01/06,06:08:26.3,茨城県沖,36°42.3′N,141°07.5′E,42 km,1.0,---
2026/01/06,06:12:43.3,福井県嶺北,36°11.6′N,136°14.0′E,9 km,0.4,---
2026/01/06,06:12:58.8,根室半島南東沖,42°43.7′N,145°58.4′E,4 km,2.2,---
2026/01/06,06:15:25.6,愛媛県南予,33°29.1′N,132°19.4′E,45 km,1.5,---
2026/01/06,06:18:01.3,日高地方西部,42°44.4′N,142°39.9′E,84 km,0.8,---
2026/01/06,06:20:59.4,青森県東方沖,40°53.0′N,142°56.3′E,17 km,0.9,---
2026/01/06,06:22:31.2,大阪府北部,34°59.4′N,135°24.1′E,10 km,0.8,---
2026/01/06,06:25:10.3,石垣島近海,23°51.2′N,124°58.0′E,27 km,2.6,---
2026/01/06,06:27:03.4,奄美大島近海,28°02.3′N,129°17.0′E,29 km,1.6,---
2026/01/06,06:31:28.5,大阪府北部,34°53.2′N,135°35.7′E,11 km,0.4,---
2026/01/06,06:32:13.9,大分県南部,33°02.1′N,131°27.9′E,96 km,2.5,---
2026/01/06,06:34:05.9,大阪府北部,34°53.3′N,135°35.5′E,10 km,0.1,---
2026/01/06,06:37:34.9,熊本県阿蘇地方,32°58.5′N,131°05.9′E,8 km,0.0,---
2026/01/06,06:40:58.9,茨城県沖,36°19.6′N,140°38.3′E,57 km,0.9,---
2026/01/06,06:41:00.2,愛媛県中予,33°48.5′N,132°50.2′E,12 km,0.6,---
2026/01/06,06:45:02.0,千葉県東方沖,35°44.9′N,140°53.0′E,10 km,0.8,---
2026/01/06,06:47:22.0,岩手県内陸南部,38°58.9′N,140°53.0′E,7 km,0.3,---
2026/01/06,06:48:19.8,福島県会津,37°02.7′N,139°24.6′E,8 km,0.8,---
2026/01/06,06:52:56.6,青森県東方沖,41°00.8′N,143°30.2′E,21 km,1.0,---
2026/01/06,06:59:35.6,和歌山県北部,34°05.1′N,135°12.0′E,5 km,-0.5,---
2026/01/06,07:03:15.5,熊本県熊本地方,32°32.9′N,130°44.8′E,9 km,-0.2,---
2026/01/06,07:04:36.4,和歌山県北部,34°04.6′N,135°19.1′E,9 km,0.0,---
2026/01/06,07:08:12.2,神奈川県西部,35°15.6′N,139°01.5′E,0 km,-0.2,---
2026/01/06,07:10:00.8,宮古島北西沖,26°19.3′N,124°37.8′E,163 km,2.7,---
2026/01/06,07:10:34.8,和歌山県北部,34°05.5′N,135°15.0′E,7 km,0.1,---
2026/01/06,07:20:17.5,和歌山県北部,34°05.7′N,135°23.9′E,8 km,0.2,---
2026/01/06,07:23:11.4,島根県東部,35°18.7′N,133°12.3′E,11 km,2.1,---
2026/01/06,07:23:22.4,青森県東方沖,40°58.6′N,142°08.1′E,52 km,1.4,---
2026/01/06,07:23:44.4,青森県東方沖,40°52.3′N,142°33.1′E,32 km,1.4,---
2026/01/06,07:25:55.4,青森県東方沖,40°53.0′N,142°58.2′E,12 km,2.1,---
2026/01/06,07:32:19.1,オホーツク海南部,47°24.7′N,148°49.4′E,438 km,5.2,---
2026/01/06,07:39:39.9,栃木県北部,36°39.0′N,139°28.3′E,5 km,0.3,---
2026/01/06,07:47:37.8,茨城県南部,36°05.9′N,140°14.2′E,72 km,0.8,---
2026/01/06,07:54:01.5,静岡県西部,35°01.7′N,137°51.5′E,22 km,0.5,---
2026/01/06,07:55:06.2,日向灘,32°11.1′N,131°37.8′E,17 km,0.7,---
2026/01/06,07:55:44.7,熊本県熊本地方,32°24.0′N,130°41.1′E,9 km,0.9,---
2026/01/06,08:01:52.8,有明海,32°48.8′N,130°32.4′E,13 km,0.4,---
2026/01/06,08:05:33.4,奄美大島近海,27°44.1′N,128°48.4′E,16 km,1.6,---
2026/01/06,08:10:26.4,岐阜県美濃東部,35°19.4′N,137°24.5′E,44 km,0.4,---
2026/01/06,08:13:58.9,伊豆大島近海,34°33.8′N,139°26.3′E,10 km,1.4,---
2026/01/06,08:19:07.4,青森県東方沖,40°52.9′N,142°57.1′E,16 km,1.1,---
2026/01/06,08:19:22.3,青森県東方沖,40°52.4′N,143°02.7′E,17 km,不明,---
2026/01/06,08:19:32.4,千葉県南東沖,34°59.0′N,140°10.8′E,58 km,1.1,---
2026/01/06,08:19:48.1,青森県東方沖,40°51.2′N,143°00.6′E,11 km,1.2,---
2026/01/06,08:20:24.6,岐阜県飛騨地方,36°01.4′N,137°32.7′E,6 km,0.6,---
2026/01/06,08:21:39.6,宮城県沖,37°54.4′N,141°40.0′E,47 km,1.3,---
2026/01/06,08:24:10.7,青森県東方沖,40°56.2′N,143°00.7′E,16 km,1.7,---
2026/01/06,08:27:51.5,千葉県南東沖,35°05.1′N,140°14.0′E,58 km,1.3,---
2026/01/06,08:30:06.8,三陸沖,39°26.9′N,143°28.0′E,15 km,2.8,---
2026/01/06,08:36:40.5,青森県東方沖,40°58.4′N,142°56.5′E,22 km,0.9,---
2026/01/06,08:36:48.7,宮崎県北部山沿い,32°34.2′N,131°26.0′E,15 km,0.3,---
2026/01/06,08:37:33.3,和歌山県北部,33°54.2′N,135°09.7′E,10 km,0.2,---
2026/01/06,08:38:25.7,奈良県,34°12.9′N,135°53.7′E,8 km,0.2,---
2026/01/06,08:39:37.9,石川県能登地方,37°11.5′N,136°48.5′E,10 km,0.8,---
2026/01/06,08:43:19.5,沖縄本島北西沖,27°25.5′N,126°57.4′E,138 km,2.6,---
2026/01/06,08:44:02.9,奄美大島北東沖,28°54.0′N,130°05.8′E,18 km,1.6,---
2026/01/06,08:44:23.0,青森県東方沖,40°53.4′N,142°35.4′E,41 km,2.9,---
2026/01/06,08:44:48.2,長野県中部,36°12.0′N,137°53.5′E,7 km,-0.1,---
2026/01/06,08:48:29.5,千葉県北西部,35°47.9′N,140°06.0′E,68 km,1.1,---
2026/01/06,08:49:15.4,岩手県沖,39°55.9′N,142°26.8′E,34 km,0.9,---
2026/01/06,08:49:36.1,宮城県沖,37°55.8′N,141°39.5′E,48 km,1.3,---
2026/01/06,08:58:50.9,奄美大島近海,27°36.5′N,128°47.3′E,12 km,1.1,---
2026/01/06,09:01:03.6,奄美大島北東沖,29°18.5′N,130°04.0′E,46 km,1.8,---
2026/01/06,09:01:31.3,奄美大島北東沖,29°20.3′N,130°00.2′E,55 km,1.5,---
2026/01/06,09:04:26.1,青森県東方沖,40°56.7′N,143°02.3′E,18 km,1.0,---
2026/01/06,09:06:12.7,茨城県南部,35°59.5′N,140°21.5′E,30 km,1.2,---
2026/01/06,09:13:59.9,青森県東方沖,41°16.8′N,142°38.5′E,39 km,2.0,---
2026/01/06,09:15:43.2,青森県東方沖,41°18.2′N,142°39.8′E,32 km,0.7,---
2026/01/06,09:20:26.7,青森県東方沖,40°53.2′N,143°04.3′E,16 km,0.9,---
2026/01/06,09:23:05.4,青森県東方沖,41°04.7′N,142°24.6′E,45 km,1.7,---
2026/01/06,09:35:44.2,岩手県沖,40°05.2′N,142°25.2′E,38 km,2.5,---
2026/01/06,09:39:51.5,福島県会津,37°02.5′N,139°23.0′E,8 km,1.0,---
2026/01/06,09:42:07.7,大阪府北部,34°50.6′N,135°38.8′E,12 km,0.3,---
2026/01/06,09:43:58.3,奄美大島北東沖,29°02.5′N,130°10.1′E,35 km,2.0,---
2026/01/06,09:45:34.8,島根県東部,35°07.3′N,132°43.4′E,8 km,0.3,---
2026/01/06,09:48:43.1,福島県沖,37°49.6′N,141°36.6′E,48 km,0.9,---
2026/01/06,09:53:13.4,神奈川県西部,35°24.7′N,139°00.6′E,20 km,1.0,---
2026/01/06,09:54:46.0,栃木県北部,36°38.8′N,139°27.9′E,5 km,0.3,---
2026/01/06,09:57:15.0,網走沖,44°08.1′N,144°45.8′E,179 km,2.3,---
2026/01/06,10:02:22.7,岩手県沖,39°49.0′N,142°16.8′E,27 km,0.8,---
2026/01/06,10:04:12.0,青森県東方沖,40°58.4′N,142°56.6′E,19 km,1.1,---
2026/01/06,10:04:34.3,長野県北部,36°35.1′N,138°12.8′E,7 km,0.3,---
2026/01/06,10:09:45.0,紀伊水道,34°09.8′N,135°08.6′E,6 km,0.7,---
2026/01/06,10:12:24.0,岩手県内陸南部,38°50.2′N,141°27.0′E,15 km,0.7,---
2026/01/06,10:13:21.4,根室半島南東沖,42°54.5′N,146°22.6′E,17 km,1.9,---
2026/01/06,10:13:54.3,八丈島東方沖,33°31.4′N,140°51.2′E,61 km,3.1,---
2026/01/06,10:17:01.8,島根県東部,35°18.7′N,133°12.5′E,12 km,3.7,---
2026/01/06,10:17:28.0,青森県東方沖,40°45.0′N,142°34.9′E,37 km,1.9,---
2026/01/06,10:17:41.4,島根県東部,35°18.9′N,133°12.8′E,9 km,1.6,---
2026/01/06,10:18:05.4,栃木県北部,36°38.9′N,139°27.9′E,5 km,0.3,---
2026/01/06,10:18:18.6,島根県東部,35°19.0′N,133°12.7′E,10 km,1.7,---
2026/01/06,10:18:22.6,島根県東部,35°18.7′N,133°12.6′E,11 km,2.4,---
2026/01/06,10:18:46.4,島根県東部,35°18.8′N,133°12.7′E,12 km,不明,---
2026/01/06,10:18:48.4,島根県東部,35°18.9′N,133°12.8′E,11 km,6.4,---
2026/01/06,10:20:16.6,島根県東部,35°19.1′N,133°13.8′E,13 km,4.5,---
2026/01/06,10:21:50.9,島根県東部,35°19.0′N,133°13.9′E,13 km,不明,---
2026/01/06,10:21:52.6,島根県東部,35°18.3′N,133°10.9′E,9 km,2.9,---
2026/01/06,10:22:47.0,島根県東部,35°17.7′N,133°13.5′E,9 km,2.5,---
2026/01/06,10:23:17.5,島根県東部,35°18.3′N,133°11.5′E,10 km,2.5,---
2026/01/06,10:23:28.1,島根県東部,35°19.0′N,133°13.7′E,11 km,不明,---
2026/01/06,10:23:29.6,島根県東部,35°18.0′N,133°11.1′E,10 km,3.0,---
2026/01/06,10:23:31.8,島根県東部,35°18.2′N,133°10.8′E,10 km,3.0,---
2026/01/06,10:24:07.9,島根県東部,35°18.1′N,133°11.4′E,10 km,2.4,---
2026/01/06,10:24:28.3,島根県東部,35°18.8′N,133°13.0′E,10 km,不明,---
2026/01/06,10:24:30.1,島根県東部,35°18.8′N,133°12.2′E,14 km,2.1,---
2026/01/06,10:24:36.9,島根県東部,35°18.9′N,133°13.8′E,11 km,4.2,---
2026/01/06,10:25:10.0,島根県東部,35°19.2′N,133°13.9′E,13 km,3.4,---
2026/01/06,10:25:36.0,島根県東部,35°19.0′N,133°12.0′E,13 km,2.8,---
2026/01/06,10:26:32.1,島根県東部,35°19.1′N,133°12.9′E,11 km,2.0,---
2026/01/06,10:26:41.4,島根県東部,35°17.9′N,133°12.8′E,14 km,2.8,---
2026/01/06,10:26:57.3,島根県東部,35°19.7′N,133°14.2′E,13 km,1.9,---
2026/01/06,10:27:10.7,島根県東部,35°19.2′N,133°13.8′E,13 km,1.9,---
2026/01/06,10:27:17.3,島根県東部,35°18.2′N,133°11.1′E,12 km,1.9,---
2026/01/06,10:27:38.9,島根県東部,35°19.2′N,133°13.9′E,14 km,1.5,---
2026/01/06,10:27:55.6,島根県東部,35°18.6′N,133°11.3′E,9 km,不明,---
2026/01/06,10:27:59.2,島根県東部,35°19.0′N,133°13.7′E,13 km,2.2,---
2026/01/06,10:28:03.3,島根県東部,35°18.8′N,133°12.7′E,12 km,2.1,---
2026/01/06,10:28:22.2,島根県東部,35°19.1′N,133°13.4′E,12 km,1.7,---
2026/01/06,10:28:29.2,島根県東部,35°18.8′N,133°12.2′E,12 km,1.9,---
2026/01/06,10:28:48.6,島根県東部,35°19.0′N,133°14.0′E,12 km,5.1,---
2026/01/06,10:29:39.8,島根県東部,35°18.8′N,133°14.0′E,12 km,3.4,---
2026/01/06,10:30:59.0,島根県東部,35°18.2′N,133°11.1′E,10 km,2.0,---
2026/01/06,10:31:08.9,島根県東部,35°19.1′N,133°13.2′E,13 km,2.9,---
2026/01/06,10:31:15.7,島根県東部,35°18.9′N,133°13.4′E,12 km,2.9,---
2026/01/06,10:32:20.3,島根県東部,35°18.5′N,133°18.8′E,7 km,1.6,---
2026/01/06,10:32:22.2,島根県東部,35°19.1′N,133°14.8′E,9 km,不明,---
2026/01/06,10:32:35.9,島根県東部,35°18.6′N,133°10.6′E,15 km,3.0,---
2026/01/06,10:32:50.6,島根県東部,35°19.1′N,133°13.9′E,13 km,2.6,---
2026/01/06,10:33:07.3,島根県東部,35°17.8′N,133°14.0′E,9 km,1.8,---
2026/01/06,10:33:30.3,島根県東部,35°18.9′N,133°13.1′E,15 km,2.1,---
2026/01/06,10:33:56.0,島根県東部,35°19.0′N,133°12.8′E,13 km,1.5,---
2026/01/06,10:34:10.8,島根県東部,35°19.8′N,133°14.5′E,14 km,1.3,---
2026/01/06,10:34:15.3,島根県東部,35°19.1′N,133°12.2′E,15 km,1.9,---
2026/01/06,10:34:20.9,島根県東部,35°19.1′N,133°14.0′E,14 km,3.8,---
2026/01/06,10:35:43.4,島根県東部,35°17.9′N,133°10.8′E,14 km,1.6,---
2026/01/06,10:35:50.9,島根県東部,35°18.6′N,133°13.9′E,11 km,1.8,---
2026/01/06,10:35:59.2,島根県東部,35°18.4′N,133°11.5′E,9 km,1.2,---
2026/01/06,10:36:09.5,島根県東部,35°17.9′N,133°12.3′E,15 km,1.2,---
2026/01/06,10:36:20.0,島根県東部,35°18.4′N,133°12.6′E,12 km,1.2,---
2026/01/06,10:36:44.0,島根県東部,35°18.6′N,133°11.1′E,9 km,1.3,---
2026/01/06,10:36:49.2,島根県東部,35°19.2′N,133°13.5′E,15 km,2.2,---
2026/01/06,10:37:22.5,島根県東部,35°19.0′N,133°12.0′E,12 km,1.2,---
2026/01/06,10:37:37.7,島根県東部,35°18.3′N,133°11.2′E,11 km,2.6,---
2026/01/06,10:37:46.8,島根県東部,35°18.7′N,133°10.5′E,14 km,5.5,---
2026/01/06,10:38:28.4,青森県東方沖,40°51.9′N,143°02.2′E,15 km,1.6,---
2026/01/06,10:39:20.1,島根県東部,35°19.2′N,133°13.6′E,13 km,2.8,---
2026/01/06,10:39:26.9,島根県東部,35°18.2′N,133°11.1′E,9 km,3.2,---
2026/01/06,10:40:10.6,島根県東部,35°19.0′N,133°10.0′E,13 km,不明,---
2026/01/06,10:40:11.8,島根県東部,35°19.2′N,133°10.1′E,15 km,3.1,---
2026/01/06,10:40:15.1,島根県東部,35°19.0′N,133°10.1′E,13 km,3.1,---
2026/01/06,10:40:29.6,島根県東部,35°18.1′N,133°11.8′E,12 km,2.2,---
2026/01/06,10:40:33.8,島根県東部,35°18.8′N,133°14.6′E,10 km,2.2,---
2026/01/06,10:41:11.8,島根県東部,35°18.9′N,133°10.4′E,14 km,3.3,---
2026/01/06,10:42:20.5,島根県東部,35°19.0′N,133°12.8′E,13 km,1.2,---
2026/01/06,10:42:26.1,島根県東部,35°19.3′N,133°12.4′E,14 km,1.4,---
2026/01/06,10:42:37.8,島根県東部,35°19.5′N,133°13.4′E,12 km,不明,---
2026/01/06,10:42:39.8,島根県東部,35°19.3′N,133°10.0′E,13 km,1.4,---
2026/01/06,10:43:11.4,島根県東部,35°19.1′N,133°13.8′E,13 km,1.7,---
2026/01/06,10:43:30.8,島根県東部,35°19.1′N,133°10.1′E,14 km,1.7,---
2026/01/06,10:43:56.7,島根県東部,35°19.0′N,133°11.8′E,13 km,1.7,---
2026/01/06,10:44:34.0,島根県東部,35°19.1′N,133°13.3′E,13 km,1.8,---
2026/01/06,10:44:53.1,島根県東部,35°18.2′N,133°10.3′E,13 km,2.3,---
2026/01/06,10:44:53.7,島根県東部,35°19.2′N,133°14.1′E,14 km,2.7,---
2026/01/06,10:45:48.4,島根県東部,35°19.5′N,133°13.4′E,15 km,1.4,---
2026/01/06,10:45:55.1,島根県東部,35°19.3′N,133°10.1′E,14 km,2.0,---
2026/01/06,10:46:06.9,島根県東部,35°19.0′N,133°13.3′E,13 km,1.9,---
2026/01/06,10:46:10.4,島根県東部,35°18.8′N,133°13.0′E,13 km,1.9,---
2026/01/06,10:46:58.6,島根県東部,35°19.0′N,133°11.0′E,10 km,1.3,---
2026/01/06,10:47:31.3,島根県東部,35°19.1′N,133°10.1′E,15 km,1.4,---
2026/01/06,10:47:32.6,三陸沖,38°49.4′N,144°40.1′E,24 km,2.2,---
2026/01/06,10:47:51.7,島根県東部,35°18.4′N,133°11.4′E,9 km,1.6,---
2026/01/06,10:47:57.9,島根県東部,35°18.2′N,133°12.9′E,8 km,1.6,---
2026/01/06,10:48:07.5,茨城県北部,36°48.7′N,140°35.6′E,7 km,0.4,---
2026/01/06,10:48:12.2,島根県東部,35°18.8′N,133°13.2′E,8 km,2.0,---
2026/01/06,10:48:34.1,島根県東部,35°18.2′N,133°10.7′E,14 km,2.4,---
2026/01/06,10:48:35.9,青森県東方沖,40°51.5′N,143°01.5′E,13 km,1.9,---
2026/01/06,10:48:36.0,島根県東部,35°19.2′N,133°10.3′E,15 km,2.8,---
2026/01/06,10:49:20.6,島根県東部,35°18.2′N,133°10.8′E,14 km,2.6,---
2026/01/06,10:50:22.8,島根県東部,35°18.1′N,133°12.1′E,9 km,1.3,---
2026/01/06,10:50:42.7,島根県東部,35°19.9′N,133°10.7′E,8 km,不明,---
2026/01/06,10:50:44.1,島根県東部,35°19.1′N,133°13.7′E,14 km,3.6,---
2026/01/06,10:51:42.1,鳥取県中部,35°23.3′N,133°45.2′E,14 km,1.3,---
2026/01/06,10:52:01.8,島根県東部,35°18.8′N,133°12.2′E,11 km,1.6,---
2026/01/06,10:52:15.5,島根県東部,35°18.1′N,133°11.3′E,9 km,1.5,---
2026/01/06,10:52:34.0,島根県東部,35°18.1′N,133°10.9′E,14 km,1.5,---
2026/01/06,10:52:39.0,島根県東部,35°17.9′N,133°11.1′E,15 km,2.7,---
2026/01/06,10:52:59.3,島根県東部,35°19.1′N,133°12.7′E,11 km,1.5,---
2026/01/06,10:53:06.7,島根県東部,35°17.9′N,133°11.0′E,14 km,2.8,---
2026/01/06,10:53:27.0,島根県東部,35°18.9′N,133°13.7′E,13 km,1.9,---
2026/01/06,10:54:38.6,島根県東部,35°18.1′N,133°11.0′E,14 km,1.7,---
2026/01/06,10:54:39.5,沖縄本島近海,27°18.6′N,128°52.7′E,25 km,1.4,---
2026/01/06,10:55:10.9,島根県東部,35°19.4′N,133°10.0′E,14 km,2.2,---
2026/01/06,10:55:16.6,島根県東部,35°19.6′N,133°14.0′E,13 km,2.1,---
2026/01/06,10:55:29.8,島根県東部,35°18.4′N,133°10.9′E,13 km,2.4,---
2026/01/06,10:56:19.6,島根県東部,35°19.5′N,133°10.2′E,15 km,1.3,---
2026/01/06,10:56:30.3,島根県東部,35°18.7′N,133°12.9′E,12 km,1.1,---
2026/01/06,10:57:00.9,島根県東部,35°17.9′N,133°10.9′E,11 km,1.3,---
2026/01/06,10:57:05.3,島根県東部,35°18.7′N,133°12.0′E,9 km,1.1,---
2026/01/06,10:57:09.6,島根県東部,35°18.6′N,133°11.2′E,9 km,1.2,---
2026/01/06,10:57:22.6,島根県東部,35°18.7′N,133°12.8′E,12 km,1.2,---
2026/01/06,10:57:32.7,島根県東部,35°18.3′N,133°11.5′E,11 km,2.8,---
2026/01/06,10:57:56.3,島根県東部,35°19.0′N,133°12.9′E,11 km,1.8,---
2026/01/06,10:58:00.6,島根県東部,35°18.8′N,133°12.3′E,12 km,2.5,---
2026/01/06,10:58:26.9,島根県東部,35°18.6′N,133°13.4′E,9 km,2.6,---
2026/01/06,10:58:54.5,島根県東部,35°20.3′N,133°12.2′E,13 km,2.0,---
2026/01/06,10:59:06.4,島根県東部,35°18.6′N,133°13.5′E,12 km,2.1,---
2026/01/06,10:59:33.3,島根県東部,35°19.2′N,133°12.4′E,5 km,1.3,---
2026/01/06,10:59:45.6,島根県東部,35°17.9′N,133°12.2′E,7 km,1.1,---
2026/01/06,11:00:30.0,島根県東部,35°18.2′N,133°11.2′E,10 km,3.9,---
2026/01/06,11:02:06.6,島根県東部,35°18.1′N,133°11.1′E,8 km,1.5,---
2026/01/06,11:02:27.7,島根県東部,35°18.0′N,133°11.1′E,15 km,2.3,---
2026/01/06,11:02:41.3,島根県東部,35°18.3′N,133°11.7′E,8 km,2.1,---
2026/01/06,11:03:32.1,島根県東部,35°19.2′N,133°12.0′E,14 km,1.6,---
2026/01/06,11:03:53.2,島根県東部,35°18.7′N,133°13.3′E,8 km,1.0,---
2026/01/06,11:04:30.9,島根県東部,35°18.8′N,133°12.6′E,11 km,0.9,---
2026/01/06,11:04:39.7,島根県東部,35°18.3′N,133°11.9′E,12 km,1.2,---
2026/01/06,11:04:49.9,島根県東部,35°18.2′N,133°10.9′E,8 km,0.9,---
2026/01/06,11:05:13.1,島根県東部,35°16.0′N,133°11.8′E,6 km,1.0,---
2026/01/06,11:05:28.1,島根県東部,35°18.0′N,133°11.4′E,10 km,1.7,---
2026/01/06,11:06:00.2,島根県東部,35°19.0′N,133°12.7′E,14 km,1.7,---
2026/01/06,11:06:13.5,島根県東部,35°18.7′N,133°12.5′E,11 km,1.3,---
2026/01/06,11:06:34.4,島根県東部,35°19.6′N,133°10.2′E,15 km,1.4,---
2026/01/06,11:06:38.7,滋賀県北部,35°19.6′N,135°54.3′E,14 km,0.9,---
2026/01/06,11:07:02.1,茨城県北部,36°48.7′N,140°35.2′E,7 km,1.3,---
2026/01/06,11:07:18.0,島根県東部,35°19.4′N,133°15.1′E,5 km,1.1,---
2026/01/06,11:07:30.0,島根県東部,35°19.0′N,133°14.0′E,12 km,1.1,---
2026/01/06,11:07:44.2,島根県東部,35°18.4′N,133°12.3′E,13 km,1.1,---
2026/01/06,11:08:07.9,島根県東部,35°18.0′N,133°11.8′E,9 km,1.0,---
2026/01/06,11:08:26.8,島根県東部,35°19.2′N,133°12.7′E,14 km,1.0,---
2026/01/06,11:08:37.3,島根県東部,35°18.8′N,133°12.9′E,12 km,1.0,---
2026/01/06,11:08:49.9,島根県東部,35°18.0′N,133°11.5′E,10 km,1.3,---
2026/01/06,11:09:20.9,島根県東部,35°19.0′N,133°13.6′E,9 km,1.2,---
2026/01/06,11:09:51.6,島根県東部,35°18.3′N,133°11.4′E,11 km,2.3,---
2026/01/06,11:10:11.1,島根県東部,35°18.9′N,133°13.3′E,12 km,1.6,---
2026/01/06,11:10:49.5,島根県東部,35°18.2′N,133°11.3′E,10 km,3.2,---
2026/01/06,11:11:08.6,島根県東部,35°18.4′N,133°11.5′E,10 km,2.4,---
2026/01/06,11:11:36.7,島根県東部,35°18.5′N,133°11.8′E,10 km,2.3,---
2026/01/06,11:12:18.7,島根県東部,35°19.1′N,133°13.6′E,12 km,1.0,---
2026/01/06,11:12:31.2,島根県東部,35°18.2′N,133°11.5′E,9 km,2.3,---
2026/01/06,11:13:08.0,島根県東部,35°19.0′N,133°13.3′E,13 km,1.5,---
2026/01/06,11:13:18.5,島根県東部,35°18.7′N,133°12.4′E,10 km,1.2,---
2026/01/06,11:13:45.3,島根県東部,35°19.4′N,133°09.9′E,14 km,1.5,---
2026/01/06,11:13:48.6,島根県東部,35°19.4′N,133°13.5′E,11 km,1.6,---
2026/01/06,11:13:55.1,島根県東部,35°18.9′N,133°13.3′E,14 km,3.2,---
2026/01/06,11:15:32.8,島根県東部,35°18.1′N,133°11.3′E,12 km,1.4,---
2026/01/06,11:15:45.2,島根県東部,35°19.3′N,133°12.8′E,13 km,1.5,---
2026/01/06,11:15:56.2,島根県東部,35°18.4′N,133°11.4′E,10 km,1.1,---
2026/01/06,11:16:13.4,島根県東部,35°18.4′N,133°11.1′E,11 km,2.3,---
2026/01/06,11:16:30.7,島根県東部,35°19.3′N,133°13.9′E,14 km,1.8,---
2026/01/06,11:17:21.0,島根県東部,35°18.8′N,133°12.6′E,10 km,0.9,---
2026/01/06,11:17:52.2,島根県東部,35°19.0′N,133°14.4′E,9 km,1.1,---
2026/01/06,11:18:06.4,島根県東部,35°18.8′N,133°13.5′E,10 km,1.7,---
2026/01/06,11:18:09.8,島根県東部,35°19.4′N,133°13.6′E,12 km,1.7,---
2026/01/06,11:18:12.7,熊本県球磨地方,32°16.6′N,130°46.0′E,10 km,0.3,---
2026/01/06,11:19:12.3,島根県東部,35°20.0′N,133°14.7′E,13 km,0.8,---
2026/01/06,11:19:18.0,島根県東部,35°18.6′N,133°11.7′E,11 km,1.2,---
2026/01/06,11:19:27.1,福島県沖,37°50.2′N,141°37.5′E,48 km,1.2,---
2026/01/06,11:19:42.2,島根県東部,35°19.8′N,133°13.7′E,13 km,1.1,---
2026/01/06,11:19:55.4,島根県東部,35°19.0′N,133°10.4′E,14 km,1.5,---
2026/01/06,11:20:19.6,島根県東部,35°18.9′N,133°12.6′E,12 km,1.3,---
2026/01/06,11:20:58.1,島根県東部,35°18.3′N,133°10.7′E,15 km,1.8,---
2026/01/06,11:21:15.1,島根県東部,35°19.0′N,133°13.5′E,12 km,2.1,---
2026/01/06,11:21:17.2,島根県東部,35°19.2′N,133°13.1′E,14 km,2.1,---
2026/01/06,11:21:21.8,熊本県阿蘇地方,33°00.8′N,131°04.8′E,7 km,1.1,---
2026/01/06,11:21:40.4,島根県東部,35°19.0′N,133°11.6′E,9 km,1.3,---
2026/01/06,11:22:14.6,島根県東部,35°17.9′N,133°13.8′E,12 km,1.1,---
2026/01/06,11:22:59.7,島根県東部,35°19.0′N,133°13.8′E,10 km,2.4,---
2026/01/06,11:23:19.6,岩手県沖,40°04.2′N,142°13.4′E,43 km,3.4,---
2026/01/06,11:23:29.3,島根県東部,35°19.0′N,133°13.9′E,10 km,1.3,---
2026/01/06,11:23:38.3,島根県東部,35°18.8′N,133°12.9′E,14 km,2.0,---
2026/01/06,11:24:55.1,島根県東部,35°18.9′N,133°10.8′E,15 km,1.4,---
2026/01/06,11:25:18.1,島根県東部,35°19.2′N,133°13.2′E,16 km,2.1,---
2026/01/06,11:27:02.4,島根県東部,35°18.5′N,133°12.1′E,11 km,1.3,---
2026/01/06,11:27:14.4,島根県東部,35°18.3′N,133°12.0′E,8 km,1.3,---
2026/01/06,11:27:22.0,島根県東部,35°19.4′N,133°12.4′E,13 km,1.3,---
2026/01/06,11:27:44.0,島根県東部,35°19.3′N,133°13.7′E,11 km,1.5,---
2026/01/06,11:27:55.4,島根県東部,35°18.8′N,133°11.3′E,13 km,1.8,---
2026/01/06,11:28:04.3,島根県東部,35°18.0′N,133°12.0′E,8 km,2.2,---
2026/01/06,11:28:29.0,島根県東部,35°19.3′N,133°12.6′E,13 km,1.9,---
2026/01/06,11:28:43.1,島根県東部,35°18.0′N,133°14.3′E,6 km,1.6,---
2026/01/06,11:29:24.8,島根県東部,35°18.8′N,133°13.0′E,11 km,3.0,---
2026/01/06,11:30:07.2,島根県東部,35°19.0′N,133°13.3′E,11 km,1.6,---
2026/01/06,11:32:16.5,島根県東部,35°18.9′N,133°10.4′E,14 km,1.6,---
2026/01/06,11:32:35.2,島根県東部,35°19.1′N,133°13.2′E,12 km,1.5,---
2026/01/06,11:33:18.3,島根県東部,35°19.5′N,133°14.4′E,10 km,0.7,---
2026/01/06,11:33:56.0,島根県東部,35°20.0′N,133°14.0′E,9 km,1.0,---
2026/01/06,11:34:04.2,島根県東部,35°19.4′N,133°14.2′E,13 km,1.5,---
2026/01/06,11:34:29.3,島根県東部,35°18.1′N,133°12.4′E,7 km,0.7,---
2026/01/06,11:35:05.7,島根県東部,35°18.9′N,133°12.7′E,13 km,1.3,---
2026/01/06,11:35:23.7,島根県東部,35°19.5′N,133°13.6′E,9 km,0.7,---
2026/01/06,11:35:31.8,島根県東部,35°19.0′N,133°13.4′E,9 km,1.1,---
2026/01/06,11:36:36.8,島根県東部,35°19.4′N,133°13.9′E,11 km,0.9,---
2026/01/06,11:36:41.6,島根県東部,35°18.5′N,133°15.2′E,17 km,不明,---
2026/01/06,11:36:55.4,島根県東部,35°18.6′N,133°13.3′E,10 km,1.4,---
2026/01/06,11:37:13.0,島根県東部,35°19.6′N,133°12.6′E,13 km,0.8,---
2026/01/06,11:37:18.5,島根県東部,35°19.0′N,133°10.9′E,9 km,0.9,---
2026/01/06,11:37:48.1,島根県東部,35°18.4′N,133°10.6′E,10 km,0.9,---
2026/01/06,11:38:18.3,島根県東部,35°19.5′N,133°12.6′E,15 km,1.1,---
2026/01/06,11:38:33.3,島根県東部,35°19.0′N,133°15.3′E,12 km,1.3,---
2026/01/06,11:38:47.2,島根県東部,35°18.6′N,133°12.3′E,11 km,1.6,---
2026/01/06,11:39:04.0,島根県東部,35°18.2′N,133°12.2′E,8 km,1.1,---
2026/01/06,11:39:25.2,島根県東部,35°18.9′N,133°13.5′E,12 km,0.7,---
2026/01/06,11:39:36.6,岩手県沖,39°58.8′N,142°04.7′E,12 km,0.8,---
2026/01/06,11:39:38.0,鳥取県西部,35°26.9′N,133°24.4′E,7 km,1.0,---
2026/01/06,11:39:52.4,島根県東部,35°19.3′N,133°10.2′E,12 km,0.7,---
2026/01/06,11:40:00.6,島根県東部,35°18.3′N,133°10.8′E,14 km,1.5,---
2026/01/06,11:40:01.3,福島県沖,37°50.1′N,141°42.0′E,58 km,2.9,---
2026/01/06,11:40:43.2,島根県東部,35°18.6′N,133°13.1′E,8 km,0.6,---
2026/01/06,11:40:49.5,島根県東部,35°18.0′N,133°11.1′E,9 km,1.0,---
2026/01/06,11:41:04.8,島根県東部,35°18.0′N,133°11.2′E,8 km,0.5,---
2026/01/06,11:41:16.4,島根県東部,35°19.4′N,133°10.5′E,15 km,0.8,---
2026/01/06,11:41:41.7,島根県東部,35°19.3′N,133°14.4′E,15 km,1.0,---
2026/01/06,11:41:50.0,島根県東部,35°17.7′N,133°11.8′E,6 km,0.9,---
2026/01/06,11:42:32.4,島根県東部,35°18.7′N,133°11.7′E,10 km,0.8,---
2026/01/06,11:42:38.8,島根県東部,35°17.7′N,133°12.0′E,8 km,2.5,---
2026/01/06,11:43:48.2,島根県東部,35°19.1′N,133°13.2′E,12 km,1.0,---
2026/01/06,11:44:08.4,島根県東部,35°19.4′N,133°12.3′E,12 km,0.8,---
2026/01/06,11:44:27.5,島根県東部,35°18.4′N,133°12.7′E,14 km,1.1,---
2026/01/06,11:44:39.9,島根県東部,35°18.3′N,133°13.3′E,8 km,1.1,---
2026/01/06,11:44:51.7,島根県東部,35°18.8′N,133°13.5′E,9 km,0.9,---
2026/01/06,11:45:09.6,島根県東部,35°15.4′N,133°13.3′E,14 km,1.8,---
2026/01/06,11:45:11.1,島根県東部,35°19.1′N,133°14.0′E,10 km,不明,---
2026/01/06,11:45:26.9,島根県東部,35°16.2′N,133°09.7′E,9 km,1.3,---
2026/01/06,11:45:54.0,島根県東部,35°18.2′N,133°12.3′E,7 km,0.6,---
2026/01/06,11:46:28.6,島根県東部,35°19.9′N,133°14.9′E,10 km,0.6,---
2026/01/06,11:46:48.9,島根県東部,35°18.7′N,133°13.1′E,9 km,0.6,---
2026/01/06,11:46:49.1,福島県沖,37°18.4′N,142°12.5′E,20 km,1.6,---
2026/01/06,11:46:57.3,島根県東部,35°18.8′N,133°11.4′E,9 km,0.7,---
2026/01/06,11:47:38.1,島根県東部,35°19.5′N,133°12.7′E,14 km,1.1,---
2026/01/06,11:47:55.5,宮古島近海,24°27.6′N,125°32.7′E,36 km,2.0,---
2026/01/06,11:48:02.4,島根県東部,35°19.0′N,133°13.0′E,11 km,1.0,---
2026/01/06,11:48:09.0,島根県東部,35°19.3′N,133°13.1′E,13 km,0.8,---
2026/01/06,11:48:28.6,島根県東部,35°19.0′N,133°13.7′E,10 km,1.4,---
2026/01/06,11:48:37.7,島根県東部,35°19.0′N,133°13.0′E,14 km,1.6,---
2026/01/06,11:48:58.0,島根県東部,35°19.1′N,133°13.8′E,13 km,1.3,---
2026/01/06,11:49:17.0,島根県東部,35°18.5′N,133°11.8′E,11 km,0.6,---
2026/01/06,11:49:27.3,島根県東部,35°18.0′N,133°11.2′E,14 km,1.2,---
2026/01/06,11:49:59.3,島根県東部,35°19.2′N,133°13.6′E,11 km,1.2,---
2026/01/06,11:50:23.4,島根県東部,35°18.1′N,133°13.3′E,7 km,0.2,---
2026/01/06,11:50:32.5,島根県東部,35°18.1′N,133°13.0′E,9 km,0.6,---
2026/01/06,11:50:36.3,島根県東部,35°18.9′N,133°13.0′E,9 km,1.6,---
2026/01/06,11:51:03.9,天草灘,32°04.8′N,130°10.0′E,8 km,0.5,---
2026/01/06,11:51:26.7,島根県東部,35°17.3′N,133°10.8′E,14 km,0.8,---
2026/01/06,11:51:35.2,島根県東部,35°18.9′N,133°13.8′E,11 km,2.3,---
2026/01/06,11:52:00.2,紀伊水道,33°51.8′N,135°08.0′E,11 km,0.4,---
2026/01/06,11:52:19.1,島根県東部,35°19.2′N,133°14.2′E,11 km,0.9,---
2026/01/06,11:52:50.9,島根県東部,35°18.5′N,133°12.8′E,10 km,0.9,---
2026/01/06,11:53:14.4,島根県東部,35°19.3′N,133°12.5′E,14 km,0.9,---
2026/01/06,11:53:23.6,島根県東部,35°19.0′N,133°10.3′E,14 km,2.6,---
2026/01/06,11:53:27.1,島根県東部,35°19.0′N,133°12.4′E,14 km,2.6,---
2026/01/06,11:55:19.6,島根県東部,35°18.9′N,133°12.9′E,11 km,0.7,---
2026/01/06,11:55:34.6,島根県東部,35°19.3′N,133°13.2′E,13 km,1.2,---
2026/01/06,11:56:13.8,島根県東部,35°19.7′N,133°13.4′E,12 km,0.9,---
2026/01/06,11:56:24.9,島根県東部,35°19.5′N,133°14.3′E,12 km,0.9,---
2026/01/06,11:56:59.8,島根県東部,35°18.4′N,133°14.1′E,10 km,0.6,---
2026/01/06,11:57:02.8,茨城県南部,36°11.6′N,140°00.6′E,49 km,0.5,---
2026/01/06,11:57:41.8,栃木県南部,36°34.5′N,139°29.8′E,6 km,1.4,---
2026/01/06,11:57:44.4,島根県東部,35°19.2′N,133°13.0′E,13 km,1.2,---
2026/01/06,11:57:49.9,能登半島沖,37°41.5′N,137°29.4′E,0 km,1.9,---
2026/01/06,11:58:04.2,島根県東部,35°18.4′N,133°11.4′E,9 km,0.6,---
2026/01/06,11:58:38.9,島根県東部,35°19.4′N,133°13.5′E,11 km,0.7,---
2026/01/06,11:58:50.0,関東東方沖,36°03.4′N,143°11.4′E,22 km,1.4,---
2026/01/06,11:59:03.3,島根県東部,35°19.2′N,133°10.3′E,14 km,1.9,---
2026/01/06,12:00:22.1,島根県東部,35°18.4′N,133°12.4′E,13 km,0.5,---
2026/01/06,12:00:40.0,島根県東部,35°17.9′N,133°12.3′E,9 km,2.2,---
2026/01/06,12:01:20.9,島根県東部,35°18.0′N,133°12.2′E,8 km,1.6,---
2026/01/06,12:01:53.2,島根県東部,35°17.8′N,133°13.2′E,13 km,1.4,---
2026/01/06,12:02:01.7,島根県東部,35°18.3′N,133°11.8′E,9 km,1.6,---
2026/01/06,12:02:42.7,島根県東部,35°19.1′N,133°11.0′E,8 km,0.6,---
2026/01/06,12:02:54.2,島根県東部,35°19.6′N,133°13.1′E,10 km,0.5,---
2026/01/06,12:03:08.1,島根県東部,35°19.0′N,133°12.8′E,12 km,1.2,---
2026/01/06,12:03:17.4,島根県東部,35°18.5′N,133°12.0′E,10 km,1.4,---
2026/01/06,12:03:59.5,島根県東部,35°19.2′N,133°12.7′E,12 km,1.0,---
2026/01/06,12:04:06.6,島根県東部,35°18.5′N,133°12.6′E,10 km,2.1,---
2026/01/06,12:05:08.5,島根県東部,35°19.3′N,133°13.6′E,12 km,0.8,---
2026/01/06,12:05:22.4,茨城県沖,36°34.4′N,141°40.1′E,22 km,1.4,---
2026/01/06,12:05:48.0,島根県東部,35°18.1′N,133°11.6′E,10 km,1.3,---
2026/01/06,12:06:05.4,島根県東部,35°20.2′N,133°12.0′E,13 km,1.1,---
2026/01/06,12:06:42.3,島根県東部,35°18.3′N,133°12.3′E,11 km,1.2,---
2026/01/06,12:07:07.0,宮城県沖,38°52.4′N,142°25.7′E,33 km,1.7,---
2026/01/06,12:07:14.1,島根県東部,35°18.9′N,133°13.7′E,9 km,0.8,---
2026/01/06,12:09:19.8,島根県東部,35°18.3′N,133°12.7′E,14 km,0.8,---
2026/01/06,12:09:23.1,奄美大島近海,27°40.6′N,128°41.6′E,15 km,1.5,---
2026/01/06,12:09:33.1,島根県東部,35°18.1′N,133°13.5′E,8 km,1.3,---
2026/01/06,12:10:08.6,島根県東部,35°19.2′N,133°13.6′E,9 km,0.3,---
2026/01/06,12:10:15.5,島根県東部,35°18.5′N,133°13.8′E,8 km,0.9,---
2026/01/06,12:10:28.9,島根県東部,35°18.3′N,133°10.7′E,14 km,2.6,---
2026/01/06,12:11:49.8,島根県東部,35°17.1′N,133°11.9′E,9 km,1.6,---
2026/01/06,12:11:56.6,奄美大島北東沖,28°45.6′N,130°11.1′E,25 km,2.2,---
2026/01/06,12:13:24.6,群馬県北部,36°41.0′N,139°18.6′E,5 km,0.5,---
2026/01/06,12:13:29.7,橘湾,32°45.6′N,130°05.2′E,15 km,0.6,---
2026/01/06,12:13:46.3,島根県東部,35°18.6′N,133°12.9′E,12 km,1.2,---
2026/01/06,12:14:04.7,島根県東部,35°18.9′N,133°12.7′E,10 km,1.1,---
2026/01/06,12:14:59.0,島根県東部,35°19.2′N,133°11.8′E,11 km,0.2,---
2026/01/06,12:15:25.0,島根県東部,35°18.6′N,133°12.2′E,10 km,1.0,---
2026/01/06,12:16:13.5,島根県東部,35°19.3′N,133°11.6′E,9 km,0.6,---
2026/01/06,12:16:16.4,鹿児島県大隅地方,31°09.4′N,130°53.2′E,90 km,1.8,---
2026/01/06,12:16:25.0,島根県東部,35°18.9′N,133°11.1′E,10 km,0.8,---
2026/01/06,12:16:55.3,島根県東部,35°19.5′N,133°14.2′E,11 km,0.5,---
2026/01/06,12:17:08.2,島根県東部,35°19.4′N,133°13.6′E,12 km,0.5,---
2026/01/06,12:17:15.8,島根県東部,35°18.9′N,133°13.3′E,12 km,0.6,---
2026/01/06,12:17:35.3,島根県東部,35°18.8′N,133°13.2′E,9 km,0.7,---
2026/01/06,12:17:42.5,青森県東方沖,40°58.2′N,142°59.0′E,17 km,1.3,---
2026/01/06,12:18:15.2,島根県東部,35°19.1′N,133°13.8′E,13 km,1.7,---
2026/01/06,12:18:42.3,島根県東部,35°19.0′N,133°13.6′E,10 km,1.5,---
2026/01/06,12:18:54.2,島根県東部,35°18.5′N,133°10.9′E,14 km,1.6,---
2026/01/06,12:19:41.7,島根県東部,35°16.6′N,133°12.5′E,8 km,0.4,---
2026/01/06,12:20:01.7,島根県東部,35°19.4′N,133°12.6′E,13 km,0.5,---
2026/01/06,12:20:31.7,島根県東部,35°18.5′N,133°13.5′E,10 km,0.7,---
2026/01/06,12:21:10.6,島根県東部,35°19.7′N,133°12.9′E,13 km,0.6,---
2026/01/06,12:21:27.5,島根県東部,35°18.5′N,133°10.8′E,13 km,1.2,---
2026/01/06,12:21:50.6,島根県東部,35°17.9′N,133°11.9′E,9 km,0.8,---
2026/01/06,12:21:59.0,島根県東部,35°18.8′N,133°12.6′E,8 km,0.9,---
2026/01/06,12:22:14.2,群馬県南部,36°16.8′N,138°48.8′E,145 km,1.5,---
2026/01/06,12:22:46.9,島根県東部,35°18.7′N,133°11.6′E,10 km,0.8,---
2026/01/06,12:23:00.1,島根県東部,35°19.8′N,133°14.3′E,12 km,0.6,---
2026/01/06,12:23:27.8,島根県東部,35°19.3′N,133°12.0′E,10 km,0.5,---
2026/01/06,12:24:04.4,島根県東部,35°18.6′N,133°13.6′E,6 km,0.3,---
2026/01/06,12:24:11.5,和歌山県北部,34°02.1′N,135°14.1′E,8 km,0.3,---
2026/01/06,12:24:26.7,島根県東部,35°18.5′N,133°13.2′E,9 km,0.7,---
2026/01/06,12:25:17.3,島根県東部,35°19.1′N,133°10.9′E,9 km,0.3,---
2026/01/06,12:25:24.7,島根県東部,35°19.3′N,133°13.2′E,14 km,1.1,---
2026/01/06,12:26:44.7,島根県東部,35°19.2′N,133°13.0′E,10 km,0.4,---
2026/01/06,12:27:31.6,島根県東部,35°18.8′N,133°10.7′E,10 km,0.6,---
2026/01/06,12:27:51.4,島根県東部,35°18.9′N,133°13.4′E,11 km,1.1,---
2026/01/06,12:28:01.8,島根県東部,35°19.3′N,133°14.2′E,10 km,0.9,---
2026/01/06,12:28:26.1,島根県東部,35°19.1′N,133°11.0′E,9 km,0.6,---
2026/01/06,12:28:49.7,島根県東部,35°18.6′N,133°12.4′E,9 km,0.9,---
2026/01/06,12:29:14.7,島根県東部,35°19.0′N,133°13.1′E,13 km,0.7,---
2026/01/06,12:29:24.4,島根県東部,35°19.1′N,133°12.4′E,10 km,0.6,---
2026/01/06,12:29:29.4,島根県東部,35°19.2′N,133°13.8′E,12 km,0.7,---
2026/01/06,12:30:19.9,島根県東部,35°18.8′N,133°12.4′E,11 km,0.7,---
2026/01/06,12:30:30.0,島根県東部,35°18.9′N,133°14.0′E,12 km,0.6,---
2026/01/06,12:30:32.5,島根県東部,35°17.9′N,133°13.2′E,6 km,不明,---
2026/01/06,12:31:09.5,島根県東部,35°19.4′N,133°13.4′E,13 km,0.7,---
2026/01/06,12:31:26.7,島根県東部,35°19.0′N,133°10.1′E,15 km,1.2,---
2026/01/06,12:31:42.5,島根県東部,35°18.7′N,133°13.4′E,10 km,1.6,---
2026/01/06,12:32:10.1,島根県東部,35°18.8′N,133°12.6′E,10 km,0.9,---
2026/01/06,12:32:21.9,島根県東部,35°19.1′N,133°13.8′E,14 km,1.0,---
2026/01/06,12:32:55.4,島根県東部,35°19.0′N,133°11.5′E,12 km,0.8,---
2026/01/06,12:33:00.7,島根県東部,35°19.5′N,133°13.9′E,14 km,1.0,---
2026/01/06,12:33:15.9,日向灘,32°20.2′N,131°55.4′E,18 km,1.2,---
2026/01/06,12:34:03.0,島根県東部,35°19.2′N,133°12.1′E,12 km,0.4,---
2026/01/06,12:34:04.3,岩手県沖,40°22.0′N,142°12.7′E,46 km,4.0,---
2026/01/06,12:34:46.8,島根県東部,35°19.0′N,133°11.9′E,15 km,2.4,---
2026/01/06,12:35:28.6,島根県東部,35°19.9′N,133°15.0′E,10 km,0.9,---
2026/01/06,12:35:40.5,島根県東部,35°18.6′N,133°12.8′E,14 km,1.1,---
2026/01/06,12:36:11.1,島根県東部,35°19.7′N,133°13.4′E,13 km,0.7,---
2026/01/06,12:36:50.0,島根県東部,35°19.4′N,133°10.1′E,15 km,1.6,---
2026/01/06,12:37:27.8,島根県東部,35°18.9′N,133°12.8′E,12 km,0.7,---
2026/01/06,12:37:37.6,岩手県沖,40°22.3′N,142°12.3′E,44 km,1.5,---
2026/01/06,12:38:02.3,島根県東部,35°18.1′N,133°12.8′E,9 km,1.0,---
2026/01/06,12:38:29.5,島根県東部,35°19.1′N,133°13.7′E,11 km,0.9,---
2026/01/06,12:38:42.7,熊本県熊本地方,32°58.4′N,130°38.4′E,13 km,-0.1,---
2026/01/06,12:38:54.3,島根県東部,35°18.6′N,133°13.3′E,15 km,0.9,---
2026/01/06,12:39:04.7,島根県東部,35°19.2′N,133°13.4′E,13 km,1.4,---
2026/01/06,12:39:13.9,島根県東部,35°18.9′N,133°13.4′E,8 km,1.0,---
2026/01/06,12:39:24.1,石川県西方沖,37°01.9′N,136°37.5′E,4 km,1.5,---
2026/01/06,12:39:27.8,島根県東部,35°19.3′N,133°14.2′E,13 km,1.1,---
2026/01/06,12:39:38.3,島根県東部,35°19.1′N,133°12.3′E,15 km,1.9,---
2026/01/06,12:40:00.4,島根県東部,35°19.0′N,133°12.8′E,7 km,0.6,---
2026/01/06,12:40:25.2,岩手県沖,40°22.1′N,142°12.8′E,45 km,1.1,---
2026/01/06,12:40:39.8,岩手県沖,40°21.9′N,142°12.4′E,46 km,3.7,---
2026/01/06,12:40:53.4,島根県東部,35°19.1′N,133°10.3′E,14 km,1.2,---
2026/01/06,12:41:29.2,島根県東部,35°17.6′N,133°11.7′E,7 km,0.3,---
2026/01/06,12:41:36.6,島根県東部,35°19.1′N,133°13.7′E,13 km,1.8,---
2026/01/06,12:42:04.1,島根県東部,35°19.0′N,133°13.8′E,13 km,0.9,---
2026/01/06,12:42:19.1,島根県東部,35°18.0′N,133°13.7′E,7 km,0.4,---
2026/01/06,12:43:49.5,島根県東部,35°19.0′N,133°15.3′E,12 km,3.5,---
2026/01/06,12:44:37.5,伊豆大島近海,34°34.5′N,139°25.0′E,13 km,2.4,---
2026/01/06,12:45:39.4,島根県東部,35°18.9′N,133°15.3′E,11 km,0.9,---
2026/01/06,12:45:47.9,島根県東部,35°18.2′N,133°10.8′E,13 km,1.5,---
2026/01/06,12:45:51.7,島根県東部,35°18.9′N,133°13.0′E,11 km,1.6,---
2026/01/06,12:46:19.4,島根県東部,35°18.7′N,133°10.9′E,13 km,1.3,---
2026/01/06,12:46:54.5,島根県東部,35°18.8′N,133°13.6′E,10 km,1.1,---
2026/01/06,12:47:09.7,島根県東部,35°17.8′N,133°11.9′E,9 km,1.8,---
2026/01/06,12:47:28.6,島根県東部,35°18.7′N,133°11.7′E,13 km,2.5,---
2026/01/06,12:48:47.6,島根県東部,35°18.5′N,133°10.6′E,14 km,1.3,---
2026/01/06,12:49:22.6,島根県東部,35°19.2′N,133°14.1′E,9 km,0.5,---
2026/01/06,12:50:15.5,島根県東部,35°19.2′N,133°13.5′E,15 km,1.5,---
2026/01/06,12:50:40.5,島根県東部,35°18.8′N,133°12.1′E,13 km,0.8,---
2026/01/06,12:51:11.6,島根県東部,35°19.1′N,133°13.1′E,13 km,2.8,---
2026/01/06,12:52:51.3,島根県東部,35°18.8′N,133°15.2′E,12 km,0.7,---
2026/01/06,12:54:04.5,福島県沖,37°26.7′N,141°23.1′E,43 km,1.0,---
2026/01/06,12:54:26.9,島根県東部,35°19.2′N,133°10.4′E,14 km,1.2,---
2026/01/06,12:55:03.9,島根県東部,35°19.7′N,133°11.8′E,11 km,0.7,---
2026/01/06,12:55:18.1,島根県東部,35°18.2′N,133°11.6′E,7 km,0.6,---
2026/01/06,12:55:38.2,島根県東部,35°19.3′N,133°13.9′E,15 km,不明,---
2026/01/06,12:55:39.4,島根県東部,35°18.6′N,133°12.3′E,9 km,1.5,---
2026/01/06,12:56:01.5,島根県東部,35°19.0′N,133°13.5′E,13 km,2.1,---
2026/01/06,12:56:15.2,島根県東部,35°18.7′N,133°13.0′E,9 km,1.9,---
2026/01/06,12:56:38.3,島根県東部,35°19.0′N,133°14.2′E,7 km,1.4,---
2026/01/06,12:57:46.6,島根県東部,35°17.8′N,133°11.7′E,10 km,1.5,---
2026/01/06,12:58:21.1,島根県東部,35°18.3′N,133°14.6′E,7 km,0.1,---
2026/01/06,12:58:27.3,島根県東部,35°18.7′N,133°11.8′E,13 km,2.5,---
2026/01/06,13:00:40.6,島根県東部,35°18.2′N,133°12.2′E,9 km,0.5,---
2026/01/06,13:00:50.9,和歌山県南方沖,33°29.9′N,135°48.1′E,23 km,0.8,---
2026/01/06,13:00:57.2,島根県東部,35°18.6′N,133°12.6′E,14 km,0.8,---
2026/01/06,13:00:59.3,和歌山県南方沖,33°29.6′N,135°49.2′E,25 km,1.3,---
2026/01/06,13:01:17.0,島根県東部,35°18.0′N,133°13.5′E,8 km,2.0,---
2026/01/06,13:01:55.3,島根県東部,35°18.1′N,133°13.7′E,9 km,1.4,---
2026/01/06,13:02:35.6,島根県東部,35°19.0′N,133°13.4′E,8 km,0.7,---
2026/01/06,13:02:54.0,青森県東方沖,40°53.8′N,143°14.5′E,15 km,1.2,---
2026/01/06,13:03:24.7,島根県東部,35°18.8′N,133°14.3′E,9 km,0.5,---
2026/01/06,13:03:33.3,青森県東方沖,41°00.5′N,142°58.8′E,18 km,1.5,---
2026/01/06,13:03:47.8,島根県東部,35°18.8′N,133°10.7′E,14 km,0.9,---
2026/01/06,13:04:15.8,島根県東部,35°18.9′N,133°12.3′E,11 km,0.7,---
2026/01/06,13:04:35.3,山形県置賜地方,37°46.5′N,139°59.2′E,7 km,1.2,---
2026/01/06,13:04:40.8,島根県東部,35°19.1′N,133°13.5′E,8 km,0.6,---
2026/01/06,13:04:44.5,栃木県南部,36°42.5′N,140°08.1′E,114 km,1.5,---
2026/01/06,13:04:46.9,島根県東部,35°18.9′N,133°13.4′E,9 km,0.7,---
2026/01/06,13:05:35.9,島根県東部,35°18.4′N,133°11.4′E,11 km,3.2,---
2026/01/06,13:06:28.2,島根県東部,35°18.9′N,133°15.4′E,12 km,1.9,---
2026/01/06,13:08:14.3,青森県東方沖,40°51.9′N,142°58.7′E,13 km,1.3,---
2026/01/06,13:08:17.1,島根県東部,35°18.8′N,133°13.8′E,8 km,0.6,---
2026/01/06,13:08:38.6,島根県東部,35°18.2′N,133°11.5′E,6 km,0.6,---
2026/01/06,13:09:19.3,島根県東部,35°18.9′N,133°13.2′E,11 km,0.4,---
2026/01/06,13:09:47.6,島根県東部,35°19.4′N,133°13.7′E,12 km,0.6,---
2026/01/06,13:10:06.7,島根県東部,35°18.6′N,133°12.0′E,11 km,2.8,---
2026/01/06,13:10:53.1,島根県東部,35°18.5′N,133°11.9′E,11 km,1.4,---
2026/01/06,13:11:11.2,島根県東部,35°18.6′N,133°12.8′E,13 km,1.5,---
2026/01/06,13:11:41.3,奄美大島近海,27°38.8′N,128°42.4′E,47 km,1.4,---
2026/01/06,13:12:31.4,島根県東部,35°18.1′N,133°11.8′E,10 km,1.3,---
2026/01/06,13:12:42.9,島根県東部,35°19.7′N,133°14.3′E,13 km,1.6,---
2026/01/06,13:13:13.1,島根県東部,35°17.2′N,133°14.1′E,12 km,0.4,---
2026/01/06,13:13:27.1,八丈島東方沖,33°16.9′N,140°34.9′E,54 km,1.9,---
2026/01/06,13:13:39.6,島根県東部,35°19.0′N,133°13.0′E,13 km,1.2,---
2026/01/06,13:13:54.9,島根県東部,35°19.3′N,133°14.1′E,14 km,1.4,---
2026/01/06,13:15:05.2,島根県東部,35°18.6′N,133°13.6′E,11 km,1.0,---
2026/01/06,13:15:28.3,島根県東部,35°16.2′N,132°48.1′E,14 km,0.7,---
2026/01/06,13:16:08.1,島根県東部,35°19.1′N,133°13.4′E,8 km,0.8,---
2026/01/06,13:16:23.7,青森県東方沖,40°49.6′N,143°00.1′E,8 km,1.7,---
2026/01/06,13:17:03.5,島根県東部,35°19.3′N,133°13.4′E,13 km,1.1,---
2026/01/06,13:17:27.6,島根県東部,35°18.0′N,133°13.5′E,9 km,1.2,---
2026/01/06,13:17:40.9,長野県南部,35°15.5′N,137°41.3′E,7 km,0.3,---
2026/01/06,13:17:44.4,島根県東部,35°19.0′N,133°14.1′E,12 km,1.6,---
2026/01/06,13:19:20.4,島根県東部,35°19.0′N,133°14.3′E,16 km,0.7,---
2026/01/06,13:19:43.4,島根県東部,35°17.4′N,133°11.3′E,9 km,0.2,---
2026/01/06,13:20:27.2,島根県東部,35°18.1′N,133°11.8′E,9 km,0.6,---
2026/01/06,13:20:57.3,島根県東部,35°18.2′N,133°13.3′E,9 km,1.0,---
2026/01/06,13:21:37.2,島根県東部,35°18.2′N,133°12.1′E,10 km,1.1,---
2026/01/06,13:22:01.6,島根県東部,35°19.3′N,133°11.5′E,13 km,0.5,---
2026/01/06,13:22:21.2,島根県東部,35°19.0′N,133°13.6′E,8 km,0.3,---
2026/01/06,13:22:47.9,島根県東部,35°18.4′N,133°13.7′E,9 km,0.6,---
2026/01/06,13:23:09.9,島根県東部,35°17.7′N,133°07.4′E,12 km,1.3,---
2026/01/06,13:23:57.7,島根県東部,35°19.1′N,133°13.6′E,14 km,1.9,---
2026/01/06,13:24:07.2,島根県東部,35°18.5′N,133°11.1′E,10 km,2.7,---
2026/01/06,13:25:33.9,島根県東部,35°18.4′N,133°11.3′E,9 km,0.3,---
2026/01/06,13:26:02.0,島根県東部,35°18.2′N,133°10.6′E,13 km,0.5,---
2026/01/06,13:26:28.5,島根県東部,35°19.2′N,133°13.1′E,13 km,1.0,---
2026/01/06,13:26:39.4,島根県東部,35°19.5′N,133°13.4′E,12 km,0.7,---
2026/01/06,13:26:57.8,島根県東部,35°19.3′N,133°13.1′E,13 km,0.6,---
2026/01/06,13:27:06.7,島根県東部,35°19.2′N,133°14.0′E,14 km,1.7,---
2026/01/06,13:27:17.3,島根県東部,35°18.5′N,133°11.2′E,8 km,1.4,---
2026/01/06,13:27:52.3,島根県東部,35°19.0′N,133°11.8′E,10 km,0.4,---
2026/01/06,13:28:19.5,島根県東部,35°18.9′N,133°13.4′E,13 km,1.4,---
2026/01/06,13:29:20.3,島根県東部,35°18.8′N,133°13.8′E,9 km,1.1,---
2026/01/06,13:29:43.1,島根県東部,35°18.5′N,133°11.2′E,8 km,0.7,---
2026/01/06,13:29:49.3,島根県東部,35°18.3′N,133°11.1′E,10 km,1.8,---
2026/01/06,13:29:56.9,島根県東部,35°18.4′N,133°11.8′E,3 km,不明,---
2026/01/06,13:30:13.1,島根県東部,35°19.4′N,133°12.2′E,12 km,0.9,---
2026/01/06,13:30:36.5,島根県東部,35°18.7′N,133°11.1′E,9 km,1.2,---
2026/01/06,13:31:06.8,伊豆大島近海,34°34.1′N,139°24.7′E,12 km,1.1,---
2026/01/06,13:31:20.0,茨城県北部,36°49.1′N,140°35.5′E,6 km,0.5,---
2026/01/06,13:32:27.2,島根県東部,35°19.9′N,133°13.5′E,9 km,不明,---
2026/01/06,13:32:44.2,島根県東部,35°19.0′N,133°13.2′E,15 km,1.3,---
2026/01/06,13:33:20.3,島根県東部,35°18.8′N,133°12.8′E,13 km,1.1,---
2026/01/06,13:33:59.1,青森県東方沖,40°51.2′N,142°54.6′E,9 km,1.8,---
2026/01/06,13:34:01.1,島根県東部,35°19.2′N,133°14.7′E,14 km,0.8,---
2026/01/06,13:34:20.5,島根県東部,35°18.6′N,133°10.5′E,14 km,1.3,---
2026/01/06,13:34:39.2,島根県東部,35°18.7′N,133°13.1′E,10 km,0.7,---
2026/01/06,13:35:54.1,島根県東部,35°18.2′N,133°11.5′E,9 km,0.8,---
2026/01/06,13:36:25.5,浦河沖,42°03.0′N,143°00.3′E,47 km,1.7,---
2026/01/06,13:36:34.0,島根県東部,35°18.6′N,133°12.7′E,10 km,0.9,---
2026/01/06,13:36:46.0,島根県東部,35°19.4′N,133°14.6′E,10 km,1.0,---
2026/01/06,13:38:24.0,島根県東部,35°19.6′N,133°14.0′E,12 km,0.7,---
2026/01/06,13:39:18.4,島根県東部,35°17.7′N,133°11.9′E,16 km,0.9,---
2026/01/06,13:39:28.0,伊豆大島近海,34°53.8′N,139°33.0′E,24 km,1.2,---
2026/01/06,13:40:04.6,島根県東部,35°18.3′N,133°12.6′E,10 km,1.2,---
2026/01/06,13:41:05.0,島根県東部,35°18.7′N,133°14.2′E,5 km,1.1,---
2026/01/06,13:41:15.1,宮城県沖,38°26.7′N,141°59.9′E,39 km,1.6,---
2026/01/06,13:41:54.6,島根県東部,35°18.5′N,133°11.1′E,10 km,3.6,---
2026/01/06,13:42:51.6,島根県東部,35°19.4′N,133°12.6′E,13 km,1.6,---
2026/01/06,13:44:10.1,島根県東部,35°19.5′N,133°13.5′E,15 km,1.0,---
2026/01/06,13:44:32.7,島根県東部,35°18.3′N,133°11.4′E,9 km,0.7,---
2026/01/06,13:44:57.9,島根県東部,35°18.5′N,133°10.8′E,7 km,0.7,---
2026/01/06,13:45:24.5,島根県東部,35°18.6′N,133°13.4′E,11 km,1.1,---
2026/01/06,13:45:56.4,島根県東部,35°19.1′N,133°12.7′E,12 km,0.7,---
2026/01/06,13:46:04.5,島根県東部,35°19.1′N,133°15.0′E,7 km,0.5,---
2026/01/06,13:46:48.2,島根県東部,35°18.7′N,133°12.8′E,10 km,0.7,---
2026/01/06,13:47:08.9,島根県東部,35°19.7′N,133°14.6′E,10 km,0.9,---
2026/01/06,13:47:31.8,島根県東部,35°17.5′N,133°11.6′E,8 km,1.3,---
2026/01/06,13:48:41.1,島根県東部,35°16.2′N,133°12.7′E,11 km,0.6,---
2026/01/06,13:49:01.7,岩手県沖,40°22.1′N,142°11.9′E,43 km,1.0,---
2026/01/06,13:49:40.4,島根県東部,35°18.4′N,133°12.1′E,7 km,0.3,---
2026/01/06,13:50:00.4,島根県東部,35°19.1′N,133°12.7′E,14 km,0.9,---
2026/01/06,13:50:25.6,島根県東部,35°18.0′N,133°12.1′E,8 km,0.6,---
2026/01/06,13:50:41.8,島根県東部,35°18.7′N,133°11.4′E,9 km,0.4,---
2026/01/06,13:51:02.2,島根県東部,35°18.4′N,133°13.4′E,8 km,0.4,---
2026/01/06,13:51:11.1,島根県東部,35°19.2′N,133°11.1′E,9 km,0.8,---
2026/01/06,13:51:24.9,島根県東部,35°19.3′N,133°12.9′E,11 km,0.7,---
2026/01/06,13:51:32.9,岩手県沖,40°22.6′N,142°12.4′E,47 km,0.8,---
2026/01/06,13:52:03.8,島根県東部,35°18.9′N,133°12.0′E,11 km,0.8,---
2026/01/06,13:52:37.1,青森県東方沖,40°52.3′N,143°01.8′E,13 km,2.5,---
2026/01/06,13:52:59.5,島根県東部,35°18.3′N,133°12.7′E,12 km,1.2,---
2026/01/06,13:53:13.5,日高地方東部,42°13.7′N,142°53.4′E,55 km,0.7,---
2026/01/06,13:53:23.8,島根県東部,35°17.4′N,133°11.6′E,8 km,1.0,---
2026/01/06,13:54:02.6,島根県東部,35°19.1′N,133°13.3′E,13 km,1.1,---
2026/01/06,13:54:32.4,島根県東部,35°19.3′N,133°15.2′E,9 km,0.7,---
2026/01/06,13:54:53.0,島根県東部,35°18.7′N,133°11.4′E,10 km,0.6,---
2026/01/06,13:55:00.7,島根県東部,35°18.7′N,133°12.0′E,13 km,0.9,---
2026/01/06,13:55:40.0,島根県東部,35°18.5′N,133°11.0′E,11 km,1.4,---
2026/01/06,13:56:26.3,島根県東部,35°19.3′N,133°13.1′E,14 km,1.3,---
2026/01/06,13:56:40.7,島根県東部,35°18.6′N,133°12.3′E,8 km,0.6,---
2026/01/06,13:57:07.2,島根県東部,35°19.6′N,133°15.6′E,15 km,1.0,---
2026/01/06,13:57:30.4,和歌山県南方沖,33°30.0′N,135°49.0′E,24 km,1.2,---
2026/01/06,13:58:41.2,島根県東部,35°19.6′N,133°12.9′E,11 km,不明,---
2026/01/06,13:58:44.8,島根県東部,35°17.9′N,133°12.2′E,7 km,0.9,---
2026/01/06,13:59:27.0,島根県東部,35°18.9′N,133°11.4′E,10 km,0.8,---
2026/01/06,14:00:42.6,島根県東部,35°18.1′N,133°12.8′E,14 km,2.0,---
2026/01/06,14:01:41.8,島根県東部,35°19.1′N,133°12.3′E,13 km,1.3,---
2026/01/06,14:01:46.2,紀伊水道,34°09.7′N,135°09.4′E,7 km,0.8,---
2026/01/06,14:02:06.3,岩手県沿岸北部,40°04.0′N,141°36.1′E,7 km,0.3,---
2026/01/06,14:02:10.1,島根県東部,35°18.7′N,133°13.4′E,13 km,0.9,---
2026/01/06,14:02:19.3,天草灘,31°59.0′N,129°55.9′E,11 km,1.5,---
2026/01/06,14:02:55.2,島根県東部,35°18.3′N,133°11.3′E,10 km,1.1,---
2026/01/06,14:03:30.0,島根県東部,35°19.3′N,133°15.4′E,12 km,0.6,---
2026/01/06,14:03:54.5,島根県東部,35°19.2′N,133°13.1′E,13 km,0.6,---
2026/01/06,14:04:30.6,島根県東部,35°19.0′N,133°14.3′E,9 km,0.6,---
2026/01/06,14:05:22.1,島根県東部,35°18.8′N,133°14.7′E,9 km,0.2,---
2026/01/06,14:05:31.5,島根県東部,35°19.0′N,133°13.7′E,10 km,1.6,---
2026/01/06,14:06:56.5,島根県東部,35°18.0′N,133°11.8′E,9 km,0.9,---
2026/01/06,14:08:22.6,島根県東部,35°18.8′N,133°13.6′E,11 km,1.4,---
2026/01/06,14:08:46.4,島根県東部,35°18.9′N,133°12.8′E,12 km,0.8,---
2026/01/06,14:09:20.0,東京都多摩西部,35°47.3′N,139°04.3′E,121 km,2.4,---
2026/01/06,14:09:40.6,島根県東部,35°18.5′N,133°13.7′E,8 km,0.4,---
2026/01/06,14:10:33.6,島根県東部,35°18.6′N,133°11.8′E,11 km,0.7,---
2026/01/06,14:11:02.4,島根県東部,35°18.8′N,133°14.1′E,10 km,0.8,---
2026/01/06,14:12:03.1,島根県東部,35°19.1′N,133°13.3′E,13 km,2.1,---
2026/01/06,14:13:18.7,島根県東部,35°19.2′N,133°12.7′E,11 km,0.5,---
2026/01/06,14:13:42.9,島根県東部,35°19.0′N,133°13.5′E,10 km,0.7,---
2026/01/06,14:13:51.6,島根県東部,35°19.6′N,133°10.3′E,16 km,0.8,---
2026/01/06,14:14:22.6,島根県東部,35°18.0′N,133°12.9′E,9 km,1.1,---
2026/01/06,14:14:52.6,島根県東部,35°18.7′N,133°10.9′E,10 km,1.4,---
2026/01/06,14:16:02.8,佐渡付近,38°08.4′N,138°32.2′E,18 km,1.7,---
2026/01/06,14:16:15.4,島根県東部,35°17.9′N,133°11.3′E,10 km,0.4,---
2026/01/06,14:16:27.9,島根県東部,35°19.0′N,133°12.5′E,13 km,1.1,---
2026/01/06,14:17:04.5,島根県東部,35°19.9′N,133°13.8′E,13 km,0.3,---
2026/01/06,14:17:17.4,島根県東部,35°18.6′N,133°14.2′E,9 km,1.7,---
2026/01/06,14:18:04.5,島根県東部,35°19.2′N,133°12.8′E,13 km,1.3,---
2026/01/06,14:19:15.3,島根県東部,35°19.0′N,133°12.4′E,7 km,0.4,---
2026/01/06,14:19:27.8,島根県東部,35°19.0′N,133°13.9′E,12 km,1.8,---
2026/01/06,14:19:35.6,熊本県阿蘇地方,33°00.4′N,131°06.1′E,10 km,0.2,---
2026/01/06,14:19:43.9,島根県東部,35°19.0′N,133°14.0′E,11 km,1.6,---
2026/01/06,14:19:58.2,島根県東部,35°18.8′N,133°12.6′E,11 km,1.6,---
2026/01/06,14:20:15.8,茨城県沖,36°11.2′N,141°03.3′E,39 km,1.8,---
2026/01/06,14:20:24.1,島根県東部,35°19.3′N,133°12.5′E,11 km,0.5,---
2026/01/06,14:21:36.9,島根県東部,35°18.9′N,133°10.0′E,13 km,0.7,---
2026/01/06,14:21:42.7,青森県東方沖,41°11.4′N,143°08.3′E,23 km,1.5,---
2026/01/06,14:21:44.5,島根県東部,35°18.5′N,133°12.0′E,9 km,1.2,---
2026/01/06,14:22:28.1,島根県東部,35°19.6′N,133°10.1′E,14 km,0.5,---
2026/01/06,14:23:47.1,島根県東部,35°18.6′N,133°15.4′E,12 km,0.7,---
2026/01/06,14:24:06.4,島根県東部,35°19.3′N,133°13.2′E,13 km,0.7,---
2026/01/06,14:24:58.2,島根県東部,35°18.9′N,133°13.5′E,11 km,0.9,---
2026/01/06,14:25:56.1,島根県東部,35°20.0′N,133°12.0′E,13 km,0.5,---
2026/01/06,14:26:50.2,島根県東部,35°18.1′N,133°12.3′E,8 km,1.0,---
2026/01/06,14:27:09.8,島根県東部,35°18.9′N,133°14.1′E,9 km,0.7,---
2026/01/06,14:27:20.3,島根県東部,35°19.3′N,133°13.0′E,13 km,0.7,---
2026/01/06,14:28:09.0,島根県東部,35°18.4′N,133°12.6′E,14 km,1.2,---
2026/01/06,14:28:34.3,島根県東部,35°19.4′N,133°10.2′E,15 km,0.8,---
2026/01/06,14:29:11.3,島根県東部,35°18.6′N,133°13.8′E,10 km,0.9,---
2026/01/06,14:31:09.2,島根県東部,35°19.3′N,133°13.9′E,10 km,0.6,---
2026/01/06,14:31:31.9,島根県東部,35°18.3′N,133°11.4′E,7 km,0.8,---
2026/01/06,14:31:52.3,岩手県沖,40°19.3′N,142°50.7′E,23 km,1.9,---
2026/01/06,14:32:11.4,奄美大島近海,27°39.7′N,128°45.9′E,14 km,1.4,---
2026/01/06,14:32:28.6,五島列島近海,32°43.4′N,129°47.1′E,7 km,0.2,---
2026/01/06,14:32:51.8,島根県東部,35°17.9′N,133°13.5′E,8 km,1.2,---
2026/01/06,14:33:43.2,宮城県沖,38°00.9′N,142°39.5′E,16 km,1.3,---
2026/01/06,14:33:52.3,島根県東部,35°17.8′N,133°11.6′E,9 km,0.7,---
2026/01/06,14:34:05.1,千葉県南東沖,34°37.0′N,140°37.2′E,47 km,1.4,---
2026/01/06,14:35:50.3,島根県東部,35°19.5′N,133°12.9′E,11 km,0.4,---
2026/01/06,14:35:54.0,島根県東部,35°18.1′N,133°11.6′E,9 km,1.2,---
2026/01/06,14:36:18.7,島根県東部,35°19.0′N,133°10.2′E,15 km,0.6,---
2026/01/06,14:36:42.4,島根県東部,35°19.8′N,133°13.5′E,13 km,0.2,---
2026/01/06,14:36:46.5,島根県東部,35°19.2′N,133°11.8′E,10 km,0.3,---
2026/01/06,14:36:54.9,島根県東部,35°18.2′N,133°12.0′E,7 km,0.6,---
2026/01/06,14:37:14.7,島根県東部,35°17.0′N,133°13.0′E,6 km,0.7,---
2026/01/06,14:37:38.1,島根県東部,35°17.8′N,133°11.6′E,9 km,1.3,---
2026/01/06,14:38:00.8,島根県東部,35°19.0′N,133°14.2′E,12 km,2.4,---
2026/01/06,14:38:05.3,石川県西方沖,37°03.1′N,136°38.2′E,7 km,2.0,---
2026/01/06,14:39:31.0,島根県東部,35°18.9′N,133°12.7′E,13 km,0.8,---
2026/01/06,14:39:53.5,釧路地方中南部,43°10.0′N,144°32.8′E,126 km,1.2,---
2026/01/06,14:40:50.3,島根県東部,35°18.3′N,133°11.3′E,11 km,1.6,---
2026/01/06,14:41:01.8,島根県東部,35°18.9′N,133°12.9′E,14 km,2.6,---
2026/01/06,14:42:27.8,島根県東部,35°19.5′N,133°13.8′E,13 km,0.3,---
2026/01/06,14:42:38.7,島根県東部,35°18.8′N,133°11.9′E,10 km,0.8,---
2026/01/06,14:43:42.8,福島県沖,37°12.9′N,142°12.5′E,21 km,3.0,---
2026/01/06,14:43:50.4,島根県東部,35°19.2′N,133°13.0′E,13 km,1.1,---
2026/01/06,14:44:06.1,島根県東部,35°19.1′N,133°13.2′E,9 km,0.5,---
2026/01/06,14:44:45.3,島根県東部,35°19.7′N,133°13.9′E,10 km,1.3,---
2026/01/06,14:45:06.6,島根県東部,35°19.3′N,133°15.0′E,13 km,1.4,---
2026/01/06,14:45:19.5,神奈川県西部,35°34.9′N,139°22.9′E,127 km,1.6,---
2026/01/06,14:45:31.3,島根県東部,35°20.6′N,133°12.1′E,13 km,0.8,---
2026/01/06,14:46:06.1,伊予灘,33°47.3′N,132°29.0′E,46 km,0.8,---
2026/01/06,14:46:08.2,島根県東部,35°18.4′N,133°13.1′E,9 km,1.0,---
2026/01/06,14:46:54.7,島根県東部,35°18.5′N,133°13.8′E,10 km,1.3,---
2026/01/06,14:47:39.3,福島県会津,36°58.1′N,139°25.3′E,4 km,-0.3,---
2026/01/06,14:48:06.4,島根県東部,35°17.9′N,133°11.1′E,9 km,1.1,---
2026/01/06,14:48:53.9,島根県東部,35°18.4′N,133°12.9′E,7 km,0.7,---
2026/01/06,14:49:01.0,島根県東部,35°18.0′N,133°11.0′E,15 km,0.5,---
2026/01/06,14:49:53.3,島根県東部,35°18.1′N,133°13.7′E,7 km,0.0,---
2026/01/06,14:49:55.8,和歌山県北部,34°04.7′N,135°18.7′E,9 km,0.4,---
2026/01/06,14:50:44.3,宮城県北部,38°32.0′N,141°07.0′E,76 km,0.9,---
2026/01/06,14:50:55.7,島根県東部,35°18.9′N,133°11.7′E,12 km,0.9,---
2026/01/06,14:51:28.1,和歌山県北部,34°04.4′N,135°19.0′E,9 km,0.1,---
2026/01/06,14:51:43.8,島根県東部,35°17.7′N,133°12.0′E,8 km,2.3,---
2026/01/06,14:52:22.5,島根県東部,35°19.0′N,133°13.2′E,12 km,1.3,---
2026/01/06,14:53:21.1,島根県東部,35°19.5′N,133°15.0′E,12 km,1.1,---
2026/01/06,14:54:23.2,島根県東部,35°18.6′N,133°12.0′E,11 km,0.9,---
2026/01/06,14:54:50.0,島根県東部,35°19.2′N,133°13.1′E,13 km,1.1,---
2026/01/06,14:55:15.8,岩手県沖,40°22.1′N,142°12.4′E,45 km,2.7,---
2026/01/06,14:55:27.7,伊豆大島近海,34°34.4′N,139°27.2′E,8 km,1.2,---
2026/01/06,14:55:42.0,鳥取県西部,35°20.6′N,133°18.3′E,14 km,0.8,---
2026/01/06,14:55:53.0,和歌山県北部,34°04.5′N,135°18.9′E,9 km,1.2,---
2026/01/06,14:56:51.9,島根県東部,35°19.0′N,133°13.8′E,11 km,1.0,---
2026/01/06,14:57:12.2,島根県東部,35°19.4′N,133°10.9′E,10 km,0.7,---
2026/01/06,14:58:10.8,渡島地方東部,42°01.1′N,140°46.8′E,11 km,0.4,---
2026/01/06,14:58:33.1,島根県東部,35°18.4′N,133°10.8′E,8 km,0.7,---
2026/01/06,14:58:44.1,島根県東部,35°19.3′N,133°15.0′E,11 km,2.6,---
2026/01/06,14:59:52.3,島根県東部,35°18.5′N,133°15.5′E,8 km,0.9,---
2026/01/06,15:00:40.8,島根県東部,35°17.7′N,133°11.2′E,10 km,0.9,---
2026/01/06,15:01:01.7,島根県東部,35°19.4′N,133°11.8′E,13 km,0.5,---
2026/01/06,15:01:37.2,福島県沖,37°12.9′N,142°13.0′E,18 km,1.3,---
2026/01/06,15:01:42.3,島根県東部,35°18.0′N,133°12.3′E,9 km,1.5,---
2026/01/06,15:02:53.6,島根県東部,35°18.7′N,133°12.0′E,11 km,1.2,---
2026/01/06,15:03:29.6,島根県東部,35°19.9′N,133°14.9′E,9 km,0.3,---
2026/01/06,15:03:46.2,島根県東部,35°18.4′N,133°13.4′E,10 km,0.4,---
2026/01/06,15:04:26.5,島根県東部,35°18.7′N,133°12.2′E,11 km,0.3,---
2026/01/06,15:04:46.7,島根県東部,35°19.3′N,133°11.9′E,14 km,0.5,---
2026/01/06,15:05:00.8,島根県東部,35°18.8′N,133°12.3′E,12 km,0.7,---
2026/01/06,15:05:07.8,種子島近海,30°54.5′N,130°19.8′E,144 km,不明,---
2026/01/06,15:06:47.1,島根県東部,35°19.5′N,133°14.9′E,11 km,0.8,---
2026/01/06,15:07:15.2,島根県東部,35°18.7′N,133°13.3′E,7 km,不明,---
2026/01/06,15:07:32.4,島根県東部,35°17.9′N,133°12.2′E,9 km,0.9,---
2026/01/06,15:07:56.9,島根県東部,35°19.2′N,133°13.3′E,13 km,1.4,---
2026/01/06,15:08:16.3,和歌山県北部,34°04.7′N,135°18.7′E,10 km,0.2,---
2026/01/06,15:08:33.6,島根県東部,35°18.7′N,133°14.0′E,7 km,0.3,---
2026/01/06,15:09:55.4,島根県東部,35°19.4′N,133°12.0′E,14 km,0.7,---
2026/01/06,15:10:34.9,島根県東部,35°18.7′N,133°12.0′E,10 km,1.1,---
2026/01/06,15:10:53.4,島根県東部,35°17.8′N,133°11.8′E,8 km,1.1,---
2026/01/06,15:10:54.0,茨城県沖,36°41.6′N,141°38.8′E,29 km,1.9,---
2026/01/06,15:11:21.3,島根県東部,35°18.3′N,133°10.7′E,9 km,0.5,---
2026/01/06,15:11:37.6,島根県東部,35°19.0′N,133°11.7′E,13 km,0.8,---
2026/01/06,15:11:55.2,島根県東部,35°18.4′N,133°11.7′E,10 km,1.2,---
2026/01/06,15:12:13.8,島根県東部,35°18.6′N,133°11.0′E,9 km,1.1,---
2026/01/06,15:12:32.5,島根県東部,35°18.8′N,133°12.1′E,13 km,0.9,---
2026/01/06,15:12:50.5,島根県東部,35°19.0′N,133°13.6′E,9 km,0.6,---
2026/01/06,15:12:55.1,島根県東部,35°18.0′N,133°12.0′E,9 km,1.5,---
2026/01/06,15:13:56.6,島根県東部,35°19.7′N,133°13.8′E,9 km,0.6,---
2026/01/06,15:14:04.7,島根県東部,35°19.6′N,133°10.4′E,14 km,不明,---
2026/01/06,15:14:31.9,島根県東部,35°18.9′N,133°13.7′E,10 km,0.9,---
2026/01/06,15:14:55.9,島根県東部,35°17.1′N,133°12.7′E,7 km,1.1,---
2026/01/06,15:15:09.9,大阪府北部,34°59.3′N,135°23.9′E,10 km,0.6,---
2026/01/06,15:15:13.5,島根県東部,35°19.2′N,133°10.4′E,14 km,1.0,---
2026/01/06,15:15:48.5,島根県東部,35°19.1′N,133°14.3′E,12 km,0.4,---
2026/01/06,15:16:10.5,島根県東部,35°18.4′N,133°11.4′E,10 km,1.1,---
2026/01/06,15:17:12.8,島根県東部,35°18.8′N,133°12.7′E,10 km,0.6,---
2026/01/06,15:17:43.3,島根県東部,35°19.2′N,133°12.8′E,13 km,0.9,---
2026/01/06,15:17:44.1,岩手県沖,39°18.0′N,142°23.4′E,22 km,2.0,---
2026/01/06,15:18:02.8,島根県東部,35°19.0′N,133°12.3′E,12 km,0.9,---
2026/01/06,15:18:33.7,島根県東部,35°18.7′N,133°13.3′E,10 km,0.9,---
2026/01/06,15:19:12.9,島根県東部,35°19.0′N,133°12.8′E,13 km,0.9,---
2026/01/06,15:19:23.9,島根県東部,35°18.7′N,133°13.5′E,9 km,不明,---
2026/01/06,15:19:25.8,島根県東部,35°19.1′N,133°13.7′E,9 km,0.8,---
2026/01/06,15:20:00.8,島根県東部,35°19.2′N,133°13.6′E,14 km,1.5,---
2026/01/06,15:21:50.3,島根県東部,35°18.3′N,133°11.4′E,9 km,0.2,---
2026/01/06,15:22:00.4,茨城県南部,36°09.5′N,139°45.7′E,99 km,1.1,---
2026/01/06,15:22:24.5,島根県東部,35°17.9′N,133°11.7′E,9 km,0.6,---
2026/01/06,15:23:04.9,島根県東部,35°18.9′N,133°13.9′E,12 km,0.4,---
2026/01/06,15:23:23.1,島根県東部,35°19.0′N,133°13.9′E,12 km,1.3,---
2026/01/06,15:23:38.6,島根県東部,35°17.8′N,133°11.9′E,8 km,2.3,---
2026/01/06,15:24:15.5,島根県東部,35°17.8′N,133°12.0′E,8 km,1.1,---
2026/01/06,15:24:33.9,島根県東部,35°19.1′N,133°13.7′E,9 km,0.5,---
2026/01/06,15:24:49.0,青森県東方沖,40°52.8′N,142°55.5′E,8 km,1.8,---
2026/01/06,15:25:25.5,島根県東部,35°19.3′N,133°15.4′E,10 km,0.3,---
2026/01/06,15:26:08.3,島根県東部,35°19.0′N,133°13.2′E,13 km,0.9,---
2026/01/06,15:26:43.5,島根県東部,35°17.8′N,133°11.5′E,6 km,0.0,---
2026/01/06,15:26:47.5,島根県東部,35°19.3′N,133°14.3′E,13 km,0.9,---
2026/01/06,15:26:59.0,島根県東部,35°19.1′N,133°13.1′E,11 km,0.6,---
2026/01/06,15:27:10.6,熊本県阿蘇地方,32°59.4′N,131°07.1′E,10 km,1.2,---
2026/01/06,15:27:21.2,島根県東部,35°19.7′N,133°13.1′E,13 km,0.8,---
2026/01/06,15:27:34.7,島根県東部,35°19.6′N,133°14.4′E,14 km,0.8,---
2026/01/06,15:27:45.7,島根県東部,35°19.2′N,133°10.0′E,16 km,0.8,---
2026/01/06,15:28:01.5,島根県東部,35°18.6′N,133°15.4′E,10 km,0.3,---
2026/01/06,15:28:10.4,島根県東部,35°20.0′N,133°13.5′E,12 km,0.5,---
2026/01/06,15:29:37.6,島根県東部,35°17.6′N,133°11.8′E,6 km,0.8,---
2026/01/06,15:30:14.1,岩手県内陸北部,40°07.7′N,141°24.8′E,5 km,0.0,---
2026/01/06,15:30:57.8,島根県東部,35°19.7′N,133°13.5′E,12 km,0.3,---
2026/01/06,15:31:43.4,島根県東部,35°18.1′N,133°11.3′E,10 km,2.2,---
2026/01/06,15:32:19.7,島根県東部,35°18.1′N,133°11.6′E,8 km,0.3,---
2026/01/06,15:32:37.2,島根県東部,35°16.2′N,133°12.8′E,6 km,0.3,---
2026/01/06,15:33:09.5,長野県北部,36°36.2′N,138°21.4′E,6 km,1.0,---
2026/01/06,15:33:11.3,島根県東部,35°18.8′N,133°13.4′E,8 km,0.2,---
2026/01/06,15:33:15.4,島根県東部,35°18.9′N,133°13.4′E,12 km,1.6,---
2026/01/06,15:33:35.8,島根県東部,35°19.0′N,133°13.0′E,10 km,0.9,---
2026/01/06,15:33:47.2,島根県東部,35°18.2′N,133°12.8′E,5 km,0.6,---
2026/01/06,15:33:50.8,島根県東部,35°18.8′N,133°12.2′E,13 km,1.7,---
2026/01/06,15:34:01.9,愛媛県南予,33°31.6′N,132°52.0′E,38 km,0.6,---
2026/01/06,15:34:31.4,島根県東部,35°18.6′N,133°12.9′E,13 km,1.9,---
2026/01/06,15:34:39.5,島根県東部,35°18.6′N,133°12.5′E,13 km,1.4,---
2026/01/06,15:35:06.7,福島県沖,37°18.8′N,142°12.7′E,17 km,不明,---
2026/01/06,15:35:59.2,島根県東部,35°19.2′N,133°12.9′E,9 km,0.2,---
2026/01/06,15:36:07.4,島根県東部,35°19.2′N,133°15.1′E,9 km,不明,---
2026/01/06,15:36:14.1,島根県東部,35°18.9′N,133°14.1′E,11 km,2.4,---
2026/01/06,15:37:16.0,島根県東部,35°19.8′N,133°11.9′E,7 km,0.6,---
2026/01/06,15:38:20.7,島根県東部,35°18.3′N,133°11.5′E,10 km,3.6,---
2026/01/06,15:38:22.2,青森県東方沖,41°03.7′N,142°30.4′E,38 km,1.1,---
2026/01/06,15:39:21.6,島根県東部,35°18.3′N,133°11.9′E,7 km,不明,---
2026/01/06,15:39:58.3,福島県沖,37°29.1′N,141°40.3′E,11 km,1.7,---
2026/01/06,15:40:07.0,島根県東部,35°19.3′N,133°10.9′E,8 km,0.9,---
2026/01/06,15:40:21.9,島根県東部,35°19.0′N,133°13.4′E,11 km,1.8,---
2026/01/06,15:41:02.5,島根県東部,35°18.2′N,133°11.8′E,10 km,1.9,---
2026/01/06,15:42:56.3,岩手県内陸南部,39°02.6′N,140°53.5′E,8 km,0.8,---
2026/01/06,15:43:21.3,島根県東部,35°18.2′N,133°13.2′E,5 km,不明,---
2026/01/06,15:43:22.7,島根県東部,35°18.2′N,133°12.5′E,3 km,不明,---
2026/01/06,15:43:31.8,島根県東部,35°18.7′N,133°14.2′E,8 km,1.2,---
2026/01/06,15:43:55.1,島根県東部,35°18.6′N,133°10.2′E,12 km,0.5,---
2026/01/06,15:44:28.2,島根県東部,35°19.7′N,133°12.8′E,12 km,不明,---
2026/01/06,15:44:54.8,島根県東部,35°18.8′N,133°14.3′E,10 km,1.0,---
2026/01/06,15:45:00.8,島根県東部,35°18.3′N,133°11.6′E,10 km,2.5,---
2026/01/06,15:46:38.5,島根県東部,35°18.8′N,133°11.2′E,12 km,1.3,---
2026/01/06,15:47:34.0,島根県東部,35°19.2′N,133°13.3′E,13 km,1.2,---
2026/01/06,15:48:30.6,島根県東部,35°18.4′N,133°11.4′E,12 km,0.9,---
2026/01/06,15:49:12.1,福島県沖,37°30.3′N,141°15.5′E,62 km,1.6,---
2026/01/06,15:49:42.7,島根県東部,35°18.9′N,133°13.0′E,8 km,0.3,---
2026/01/06,15:50:39.9,島根県東部,35°18.5′N,133°13.2′E,10 km,0.4,---
2026/01/06,15:50:54.9,島根県東部,35°18.3′N,133°11.5′E,11 km,1.6,---
2026/01/06,15:51:12.2,兵庫県北部,35°27.5′N,134°59.6′E,5 km,0.6,---
2026/01/06,15:52:00.1,島根県東部,35°18.8′N,133°11.2′E,12 km,0.9,---
2026/01/06,15:52:30.4,島根県東部,35°19.6′N,133°14.9′E,10 km,0.6,---
2026/01/06,15:52:43.3,島根県東部,35°18.5′N,133°13.5′E,7 km,0.7,---
2026/01/06,15:52:48.0,島根県東部,35°19.1′N,133°13.6′E,10 km,1.6,---
2026/01/06,15:52:50.3,島根県東部,35°19.2′N,133°13.4′E,16 km,1.2,---
2026/01/06,15:53:19.0,島根県東部,35°17.5′N,133°11.9′E,7 km,0.6,---
2026/01/06,15:53:49.3,島根県東部,35°18.2′N,133°13.2′E,12 km,0.8,---
2026/01/06,15:54:06.4,島根県東部,35°19.2′N,133°13.6′E,10 km,0.8,---
2026/01/06,15:54:17.2,島根県東部,35°18.2′N,133°12.1′E,8 km,0.6,---
2026/01/06,15:54:36.0,島根県東部,35°18.7′N,133°11.7′E,10 km,0.6,---
2026/01/06,15:55:18.3,島根県東部,35°18.7′N,133°13.3′E,9 km,0.9,---
2026/01/06,15:55:29.4,島根県東部,35°18.8′N,133°13.2′E,11 km,1.0,---
2026/01/06,15:56:02.4,島根県東部,35°18.8′N,133°12.1′E,11 km,0.4,---
2026/01/06,15:56:08.8,福島県沖,37°46.2′N,141°49.4′E,26 km,2.2,---
2026/01/06,15:56:27.8,島根県東部,35°16.7′N,133°12.4′E,8 km,0.5,---
2026/01/06,15:56:38.8,島根県東部,35°19.2′N,133°13.8′E,12 km,1.3,---
2026/01/06,15:57:11.3,島根県東部,35°18.4′N,133°11.4′E,9 km,0.7,---
2026/01/06,15:57:28.5,島根県東部,35°19.6′N,133°12.7′E,13 km,0.5,---
2026/01/06,15:57:53.5,島根県東部,35°18.8′N,133°12.1′E,15 km,0.5,---
2026/01/06,15:58:11.7,島根県東部,35°19.4′N,133°13.4′E,13 km,1.3,---
2026/01/06,15:58:56.7,島根県東部,35°18.4′N,133°13.7′E,10 km,2.2,---
2026/01/06,15:59:23.3,岩手県沖,39°26.6′N,142°33.8′E,32 km,2.6,---
2026/01/06,15:59:43.3,島根県東部,35°19.2′N,133°13.5′E,10 km,1.0,---
2026/01/06,16:00:33.1,島根県東部,35°18.4′N,133°11.2′E,9 km,0.7,---
2026/01/06,16:00:49.3,島根県東部,35°18.6′N,133°10.8′E,8 km,0.8,---
2026/01/06,16:01:19.0,島根県東部,35°18.2′N,133°12.1′E,18 km,0.6,---
2026/01/06,16:01:30.3,福島県中通り,37°09.4′N,140°32.3′E,8 km,0.7,---
2026/01/06,16:01:36.7,島根県東部,35°18.5′N,133°13.3′E,12 km,1.3,---
2026/01/06,16:03:57.4,島根県東部,35°17.7′N,133°12.1′E,8 km,0.8,---
2026/01/06,16:04:46.3,島根県東部,35°18.6′N,133°13.3′E,10 km,0.6,---
2026/01/06,16:04:56.2,島根県東部,35°18.8′N,133°11.9′E,10 km,0.8,---
2026/01/06,16:05:47.0,島根県東部,35°19.1′N,133°13.1′E,13 km,1.0,---
2026/01/06,16:05:56.8,島根県東部,35°19.3′N,133°14.7′E,10 km,0.8,---
2026/01/06,16:06:50.6,日向灘,32°03.5′N,131°54.8′E,38 km,0.4,---
2026/01/06,16:06:55.8,島根県東部,35°18.8′N,133°11.3′E,13 km,1.6,---
2026/01/06,16:07:07.4,島根県東部,35°18.0′N,133°13.5′E,7 km,0.8,---
2026/01/06,16:07:41.4,島根県東部,35°19.7′N,133°14.4′E,15 km,0.9,---
2026/01/06,16:08:13.2,島根県東部,35°18.0′N,133°13.6′E,9 km,1.5,---
2026/01/06,16:08:20.4,和歌山県北部,34°04.4′N,135°18.8′E,9 km,0.4,---
2026/01/06,16:08:41.3,島根県東部,35°18.6′N,133°10.8′E,8 km,0.6,---
2026/01/06,16:09:16.1,島根県東部,35°18.3′N,133°13.7′E,7 km,0.3,---
2026/01/06,16:10:58.6,島根県東部,35°18.4′N,133°13.2′E,7 km,0.3,---
2026/01/06,16:11:15.0,島根県東部,35°17.3′N,133°12.6′E,9 km,0.2,---
2026/01/06,16:11:34.1,種子島南東沖,29°22.8′N,131°49.2′E,65 km,2.0,---
2026/01/06,16:11:40.5,島根県東部,35°18.7′N,133°12.3′E,10 km,0.1,---
2026/01/06,16:11:58.1,島根県東部,35°19.0′N,133°15.4′E,12 km,0.3,---
2026/01/06,16:12:21.7,島根県東部,35°18.0′N,133°13.5′E,8 km,1.3,---
2026/01/06,16:12:36.4,島根県東部,35°19.6′N,133°15.1′E,11 km,1.6,---
2026/01/06,16:14:04.7,島根県東部,35°19.4′N,133°15.3′E,12 km,0.9,---
2026/01/06,16:14:48.4,島根県東部,35°19.2′N,133°10.2′E,15 km,0.7,---
2026/01/06,16:15:01.2,島根県東部,35°19.0′N,133°12.9′E,14 km,0.6,---
2026/01/06,16:15:32.7,島根県東部,35°16.1′N,133°12.7′E,8 km,0.9,---
2026/01/06,16:18:20.2,島根県東部,35°18.4′N,133°11.1′E,10 km,1.0,---
2026/01/06,16:18:33.4,島根県東部,35°19.9′N,133°13.7′E,13 km,0.7,---
2026/01/06,16:18:48.8,島根県東部,35°18.4′N,133°13.1′E,8 km,0.5,---
2026/01/06,16:19:41.3,島根県東部,35°19.6′N,133°13.3′E,14 km,0.8,---
2026/01/06,16:20:32.1,島根県東部,35°19.1′N,133°15.5′E,10 km,0.6,---
2026/01/06,16:20:34.8,島根県東部,35°18.3′N,133°11.6′E,10 km,3.0,---
2026/01/06,16:21:40.5,宮城県沖,38°44.2′N,141°36.0′E,54 km,0.7,---
2026/01/06,16:22:49.8,三陸沖,39°37.3′N,143°14.4′E,12 km,1.1,---
2026/01/06,16:23:06.5,島根県東部,35°18.7′N,133°13.5′E,8 km,0.5,---
2026/01/06,16:23:17.5,島根県東部,35°18.8′N,133°11.5′E,9 km,1.0,---
2026/01/06,16:25:08.4,島根県東部,35°19.0′N,133°13.0′E,13 km,0.5,---
2026/01/06,16:25:12.2,島根県東部,35°19.0′N,133°11.2′E,8 km,0.7,---
2026/01/06,16:26:21.7,島根県東部,35°18.5′N,133°12.5′E,10 km,2.8,---
2026/01/06,16:26:43.9,島根県東部,35°19.0′N,133°12.9′E,14 km,3.3,---
2026/01/06,16:26:55.5,国後島付近,43°31.4′N,146°06.1′E,72 km,2.0,---
2026/01/06,16:28:04.5,島根県東部,35°18.5′N,133°12.3′E,11 km,0.9,---
2026/01/06,16:28:23.1,島根県東部,35°18.2′N,133°13.4′E,9 km,1.2,---
2026/01/06,16:28:54.0,島根県東部,35°19.4′N,133°12.6′E,10 km,0.7,---
2026/01/06,16:29:56.0,島根県東部,35°18.7′N,133°12.9′E,11 km,1.2,---
2026/01/06,16:30:02.7,三陸沖,39°35.9′N,143°14.2′E,9 km,1.4,---
2026/01/06,16:30:27.2,紀伊水道,34°12.2′N,135°07.9′E,6 km,0.2,---
2026/01/06,16:30:44.3,島根県東部,35°18.4′N,133°11.3′E,10 km,0.8,---
2026/01/06,16:31:57.8,島根県東部,35°17.8′N,133°13.1′E,10 km,1.2,---
2026/01/06,16:32:24.4,島根県東部,35°16.0′N,133°12.5′E,9 km,0.9,---
2026/01/06,16:32:50.1,島根県東部,35°18.9′N,133°13.2′E,11 km,0.7,---
2026/01/06,16:33:18.5,島根県東部,35°18.3′N,133°11.5′E,9 km,0.5,---
2026/01/06,16:33:29.9,東京湾,35°37.4′N,140°01.2′E,71 km,1.9,---
2026/01/06,16:34:03.9,島根県東部,35°18.9′N,133°12.8′E,13 km,0.9,---
2026/01/06,16:34:32.9,島根県東部,35°18.1′N,133°13.4′E,9 km,0.9,---
2026/01/06,16:35:08.4,京都府南部,35°16.7′N,135°21.8′E,10 km,0.9,---
2026/01/06,16:35:22.1,島根県東部,35°20.4′N,133°12.7′E,12 km,0.6,---
2026/01/06,16:35:39.5,島根県東部,35°19.1′N,133°14.2′E,10 km,1.4,---
2026/01/06,16:36:37.9,島根県東部,35°18.2′N,133°11.2′E,9 km,0.4,---
2026/01/06,16:37:19.0,島根県東部,35°18.7′N,133°10.5′E,15 km,0.8,---
2026/01/06,16:37:45.6,島根県東部,35°18.4′N,133°11.4′E,11 km,1.3,---
2026/01/06,16:37:54.2,沖縄本島近海,27°00.3′N,128°43.3′E,22 km,1.2,---
2026/01/06,16:38:35.6,島根県東部,35°19.2′N,133°15.0′E,10 km,不明,---
2026/01/06,16:38:37.4,島根県東部,35°18.4′N,133°12.6′E,8 km,0.7,---
2026/01/06,16:39:33.2,島根県東部,35°18.6′N,133°13.5′E,11 km,1.5,---
2026/01/06,16:41:11.9,宮城県沖,38°22.7′N,142°09.1′E,32 km,2.1,---
2026/01/06,16:41:53.3,島根県東部,35°19.0′N,133°13.8′E,11 km,0.3,---
2026/01/06,16:41:59.1,島根県東部,35°18.2′N,133°12.8′E,13 km,0.8,---
2026/01/06,16:42:02.4,島根県東部,35°18.5′N,133°11.1′E,8 km,0.9,---
2026/01/06,16:42:51.4,島根県東部,35°19.8′N,133°12.1′E,14 km,0.6,---
2026/01/06,16:43:48.4,島根県東部,35°19.1′N,133°12.6′E,13 km,1.2,---
2026/01/06,16:44:09.8,島根県東部,35°19.2′N,133°14.3′E,15 km,1.6,---
2026/01/06,16:45:02.1,青森県東方沖,40°56.0′N,143°03.3′E,16 km,2.1,---
2026/01/06,16:45:02.5,島根県東部,35°19.0′N,133°14.1′E,9 km,0.6,---
2026/01/06,16:45:55.5,島根県東部,35°17.9′N,133°13.6′E,8 km,0.6,---
2026/01/06,16:46:05.1,島根県東部,35°18.9′N,133°14.1′E,8 km,0.4,---
2026/01/06,16:47:05.0,島根県東部,35°18.0′N,133°13.7′E,7 km,0.4,---
2026/01/06,16:47:15.4,島根県東部,35°18.8′N,133°13.5′E,8 km,0.9,---
2026/01/06,16:47:20.2,島根県東部,35°18.0′N,133°13.3′E,5 km,0.6,---
2026/01/06,16:47:33.1,島根県東部,35°18.9′N,133°12.1′E,8 km,0.3,---
2026/01/06,16:47:50.4,島根県東部,35°18.5′N,133°13.5′E,9 km,0.1,---
2026/01/06,16:48:18.4,島根県東部,35°18.5′N,133°11.1′E,11 km,1.6,---
2026/01/06,16:48:49.0,和歌山県北部,34°04.6′N,135°18.6′E,10 km,0.0,---
2026/01/06,16:49:06.0,島根県東部,35°18.8′N,133°13.8′E,11 km,1.4,---
2026/01/06,16:49:31.9,島根県東部,35°19.2′N,133°11.7′E,10 km,0.6,---
2026/01/06,16:49:55.2,島根県東部,35°18.7′N,133°10.9′E,9 km,1.3,---
2026/01/06,16:50:49.4,島根県東部,35°19.2′N,133°17.4′E,9 km,0.5,---
2026/01/06,16:51:00.9,島根県東部,35°19.2′N,133°12.3′E,11 km,0.3,---
2026/01/06,16:51:09.2,島根県東部,35°18.0′N,133°13.6′E,9 km,1.2,---
2026/01/06,16:51:26.3,島根県東部,35°18.2′N,133°13.5′E,7 km,0.6,---
2026/01/06,16:52:30.7,島根県東部,35°19.4′N,133°17.3′E,9 km,0.5,---
2026/01/06,16:53:01.4,島根県東部,35°18.5′N,133°13.3′E,9 km,1.0,---
2026/01/06,16:53:12.7,島根県東部,35°18.7′N,133°13.0′E,9 km,0.5,---
2026/01/06,16:53:41.6,島根県東部,35°17.2′N,133°12.4′E,6 km,0.1,---
2026/01/06,16:54:06.6,島根県東部,35°18.5′N,133°13.1′E,8 km,0.4,---
2026/01/06,16:54:12.5,島根県東部,35°18.5′N,133°11.1′E,9 km,0.3,---
2026/01/06,16:54:52.7,島根県東部,35°18.7′N,133°12.7′E,12 km,0.9,---
2026/01/06,16:54:54.5,島根県東部,35°19.4′N,133°13.9′E,13 km,0.9,---
2026/01/06,16:55:10.5,島根県東部,35°19.4′N,133°16.0′E,14 km,0.8,---
2026/01/06,16:55:14.9,島根県東部,35°18.0′N,133°12.9′E,13 km,1.2,---
2026/01/06,16:55:58.9,島根県東部,35°20.0′N,133°14.4′E,10 km,0.2,---
2026/01/06,16:57:01.0,島根県東部,35°17.9′N,133°11.3′E,8 km,0.6,---
2026/01/06,16:57:18.7,島根県東部,35°18.0′N,133°13.6′E,8 km,0.8,---
2026/01/06,16:57:48.6,島根県東部,35°19.6′N,133°12.4′E,12 km,0.4,---
2026/01/06,16:58:01.9,島根県東部,35°18.6′N,133°13.2′E,9 km,0.6,---
2026/01/06,16:58:07.1,北海道東方沖,43°33.8′N,146°58.7′E,24 km,2.4,---
2026/01/06,16:58:14.7,島根県東部,35°17.7′N,133°13.0′E,7 km,0.3,---
2026/01/06,16:59:10.4,三陸沖,39°33.0′N,143°24.1′E,9 km,1.2,---
2026/01/06,17:00:04.0,島根県東部,35°19.7′N,133°15.0′E,11 km,0.8,---
2026/01/06,17:00:30.9,島根県東部,35°19.2′N,133°13.3′E,13 km,0.6,---
2026/01/06,17:00:52.8,島根県東部,35°18.4′N,133°11.0′E,10 km,1.4,---
2026/01/06,17:01:29.6,トカラ列島近海,29°34.3′N,129°37.7′E,145 km,2.1,---
2026/01/06,17:02:14.8,和歌山県北部,34°04.2′N,135°19.0′E,9 km,-0.1,---
2026/01/06,17:02:51.1,島根県東部,35°18.3′N,133°13.2′E,9 km,0.5,---
2026/01/06,17:03:35.0,島根県東部,35°19.1′N,133°10.3′E,15 km,0.4,---
2026/01/06,17:03:52.8,島根県東部,35°18.8′N,133°12.9′E,11 km,0.5,---
2026/01/06,17:04:23.6,島根県東部,35°18.0′N,133°12.3′E,8 km,0.5,---
2026/01/06,17:04:40.4,福島県沖,37°25.8′N,141°53.2′E,38 km,2.0,---
2026/01/06,17:04:53.1,青森県東方沖,40°55.8′N,142°59.7′E,16 km,1.7,---
2026/01/06,17:05:20.3,島根県東部,35°18.1′N,133°10.7′E,15 km,1.4,---
2026/01/06,17:05:52.1,島根県東部,35°18.2′N,133°11.4′E,10 km,1.8,---
2026/01/06,17:06:26.8,島根県東部,35°18.2′N,133°11.3′E,9 km,0.9,---
2026/01/06,17:08:03.2,島根県東部,35°16.7′N,133°12.2′E,7 km,0.4,---
2026/01/06,17:08:36.0,島根県東部,35°19.3′N,133°13.0′E,15 km,0.9,---
2026/01/06,17:09:35.2,島根県東部,35°18.2′N,133°11.8′E,10 km,2.2,---
2026/01/06,17:11:32.3,島根県東部,35°18.9′N,133°14.0′E,10 km,0.7,---
2026/01/06,17:12:00.1,島根県東部,35°18.5′N,133°11.6′E,12 km,2.0,---
2026/01/06,17:13:19.5,長野県中部,36°21.2′N,137°50.7′E,9 km,0.2,---
2026/01/06,17:13:29.5,島根県東部,35°18.0′N,133°12.0′E,7 km,0.3,---
2026/01/06,17:14:11.0,島根県東部,35°19.0′N,133°13.5′E,14 km,0.8,---
2026/01/06,17:14:39.9,島根県東部,35°19.6′N,133°13.1′E,10 km,0.4,---
2026/01/06,17:16:06.9,島根県東部,35°19.0′N,133°13.8′E,9 km,1.1,---
2026/01/06,17:16:38.0,島根県東部,35°18.5′N,133°12.2′E,10 km,0.3,---
2026/01/06,17:17:00.1,島根県東部,35°19.1′N,133°10.2′E,15 km,0.7,---
2026/01/06,17:17:09.5,島根県東部,35°18.7′N,133°13.7′E,9 km,0.9,---
2026/01/06,17:17:48.2,島根県東部,35°19.1′N,133°10.2′E,15 km,0.8,---
2026/01/06,17:18:03.9,台湾付近,24°36.6′N,122°02.7′E,71 km,3.5,---
2026/01/06,17:18:19.3,埼玉県南部,35°52.4′N,139°31.3′E,31 km,0.3,---
2026/01/06,17:18:29.3,島根県東部,35°20.0′N,133°12.9′E,11 km,0.8,---
2026/01/06,17:18:57.0,島根県東部,35°18.2′N,133°11.1′E,9 km,0.7,---
2026/01/06,17:19:19.1,福島県沖,37°48.9′N,141°35.3′E,46 km,1.1,---
2026/01/06,17:20:25.6,島根県東部,35°15.6′N,132°48.9′E,13 km,0.2,---
2026/01/06,17:21:00.7,島根県東部,35°18.9′N,133°13.3′E,9 km,0.4,---
2026/01/06,17:21:13.7,島根県東部,35°18.4′N,133°11.1′E,10 km,0.6,---
2026/01/06,17:21:33.3,島根県東部,35°18.6′N,133°12.0′E,15 km,不明,---
2026/01/06,17:21:38.2,島根県東部,35°19.3′N,133°14.9′E,10 km,2.1,---
2026/01/06,17:22:51.1,島根県東部,35°19.4′N,133°10.1′E,14 km,0.7,---
2026/01/06,17:23:01.4,島根県東部,35°19.7′N,133°13.2′E,12 km,0.8,---
2026/01/06,17:24:05.1,島根県東部,35°18.8′N,133°11.1′E,8 km,1.0,---
2026/01/06,17:24:15.4,島根県東部,35°18.1′N,133°11.7′E,8 km,1.1,---
2026/01/06,17:24:29.2,島根県東部,35°18.8′N,133°12.3′E,13 km,1.2,---
2026/01/06,17:25:26.9,島根県東部,35°19.4′N,133°15.0′E,11 km,1.0,---
2026/01/06,17:26:09.9,島根県東部,35°19.5′N,133°11.8′E,15 km,0.6,---
2026/01/06,17:26:55.9,島根県東部,35°19.6′N,133°13.1′E,13 km,0.2,---
2026/01/06,17:27:56.2,島根県東部,35°19.2′N,133°13.4′E,11 km,0.5,---
2026/01/06,17:28:01.7,島根県東部,35°19.2′N,133°14.0′E,11 km,1.0,---
2026/01/06,17:28:32.3,長野県中部,36°24.0′N,138°00.7′E,7 km,0.2,---
2026/01/06,17:29:57.5,島根県東部,35°19.1′N,133°13.9′E,11 km,0.4,---
2026/01/06,17:30:27.8,島根県東部,35°19.4′N,133°14.9′E,9 km,0.7,---
2026/01/06,17:31:11.2,福島県沖,37°25.7′N,141°54.7′E,34 km,1.4,---
2026/01/06,17:31:28.0,島根県東部,35°18.6′N,133°13.5′E,10 km,0.4,---
2026/01/06,17:31:51.0,和歌山県北部,34°11.8′N,135°18.6′E,6 km,-0.3,---
2026/01/06,17:32:11.4,島根県東部,35°19.0′N,133°13.4′E,13 km,0.5,---
2026/01/06,17:32:45.4,神奈川県西部,35°13.5′N,139°05.9′E,17 km,0.9,---
2026/01/06,17:32:52.4,島根県東部,35°18.0′N,133°12.4′E,10 km,1.0,---
2026/01/06,17:33:08.3,福島県沖,37°13.5′N,142°13.1′E,19 km,1.1,---
2026/01/06,17:33:14.1,島根県東部,35°19.0′N,133°14.0′E,12 km,1.1,---
2026/01/06,17:33:29.9,島根県東部,35°18.9′N,133°12.8′E,13 km,2.0,---
2026/01/06,17:34:33.8,島根県東部,35°18.5′N,133°11.0′E,8 km,1.1,---
2026/01/06,17:35:06.8,島根県東部,35°19.4′N,133°13.8′E,13 km,0.6,---
2026/01/06,17:35:36.9,岩手県沖,40°11.5′N,141°55.5′E,14 km,0.7,---
2026/01/06,17:35:45.1,島根県東部,35°18.4′N,133°10.8′E,9 km,0.6,---
2026/01/06,17:36:52.7,島根県東部,35°18.7′N,133°13.2′E,5 km,0.2,---
2026/01/06,17:37:18.3,島根県東部,35°18.8′N,133°13.0′E,10 km,0.3,---
2026/01/06,17:38:14.0,島根県東部,35°19.3′N,133°10.8′E,8 km,0.5,---
2026/01/06,17:38:56.0,島根県東部,35°19.1′N,133°14.3′E,10 km,1.0,---
2026/01/06,17:39:33.3,島根県東部,35°19.9′N,133°11.9′E,11 km,0.3,---
2026/01/06,17:39:45.9,長野県中部,36°23.9′N,138°00.5′E,7 km,0.2,---
2026/01/06,17:40:07.3,青森県東方沖,40°59.2′N,142°57.4′E,18 km,1.1,---
2026/01/06,17:40:18.5,島根県東部,35°19.2′N,133°14.8′E,11 km,1.5,---
2026/01/06,17:41:09.0,島根県東部,35°18.8′N,133°13.3′E,10 km,0.5,---
2026/01/06,17:41:23.5,島根県東部,35°18.6′N,133°13.5′E,11 km,1.2,---
2026/01/06,17:42:11.2,茨城県沖,36°49.3′N,141°24.9′E,70 km,1.3,---
2026/01/06,17:42:40.1,日向灘,31°42.1′N,131°29.8′E,43 km,0.5,---
2026/01/06,17:43:17.4,青森県東方沖,41°16.1′N,142°54.6′E,23 km,1.7,---
2026/01/06,17:44:28.8,茨城県北部,36°42.0′N,140°34.9′E,9 km,-0.1,---
2026/01/06,17:44:43.5,和歌山県北部,34°04.5′N,135°19.0′E,7 km,-0.1,---
2026/01/06,17:44:59.8,島根県東部,35°18.9′N,133°14.2′E,11 km,1.6,---
2026/01/06,17:45:17.0,島根県東部,35°17.9′N,133°12.8′E,8 km,1.4,---
2026/01/06,17:45:30.7,島根県東部,35°18.8′N,133°11.1′E,9 km,0.8,---
2026/01/06,17:45:38.8,島根県東部,35°18.4′N,133°11.1′E,11 km,1.3,---
2026/01/06,17:46:38.1,島根県東部,35°19.7′N,133°13.6′E,12 km,0.8,---
2026/01/06,17:46:55.3,長野県中部,36°25.7′N,138°03.7′E,7 km,0.0,---
2026/01/06,17:46:56.2,島根県東部,35°18.6′N,133°12.3′E,11 km,1.5,---
2026/01/06,17:47:25.5,岩手県沖,40°04.8′N,142°56.6′E,22 km,1.3,---
2026/01/06,17:47:46.6,島根県東部,35°19.2′N,133°14.2′E,13 km,0.5,---
2026/01/06,17:48:52.2,島根県東部,35°19.5′N,133°13.3′E,12 km,0.6,---
2026/01/06,17:49:09.1,島根県東部,35°18.3′N,133°13.6′E,7 km,0.0,---
2026/01/06,17:49:50.9,島根県東部,35°18.9′N,133°11.7′E,13 km,1.5,---
2026/01/06,17:50:17.2,茨城県北部,36°42.0′N,140°34.6′E,9 km,0.5,---
2026/01/06,17:50:36.6,茨城県南部,36°00.9′N,139°55.7′E,40 km,0.5,---
2026/01/06,17:50:46.1,島根県東部,35°19.7′N,133°15.6′E,14 km,0.4,---
2026/01/06,17:50:56.5,紀伊水道,33°52.3′N,135°00.4′E,14 km,0.6,---
2026/01/06,17:51:48.8,島根県東部,35°18.2′N,133°12.0′E,9 km,0.3,---
2026/01/06,17:51:59.1,島根県東部,35°18.0′N,133°13.4′E,7 km,0.3,---
2026/01/06,17:53:21.2,島根県東部,35°18.5′N,133°12.3′E,14 km,0.3,---
2026/01/06,17:53:45.0,関東東方沖,34°08.3′N,141°19.0′E,38 km,0.8,---
2026/01/06,17:54:53.5,島根県東部,35°18.1′N,133°13.1′E,13 km,0.8,---
2026/01/06,17:56:09.7,島根県東部,35°19.3′N,133°14.1′E,14 km,1.3,---
2026/01/06,17:56:17.7,福島県沖,37°12.5′N,141°24.3′E,25 km,1.4,---
2026/01/06,17:56:36.5,島根県東部,35°18.5′N,133°10.8′E,8 km,0.7,---
2026/01/06,17:57:26.4,島根県東部,35°18.4′N,133°11.9′E,8 km,0.7,---
2026/01/06,17:57:42.8,島根県東部,35°18.7′N,133°14.0′E,9 km,0.8,---
2026/01/06,17:58:25.4,茨城県北部,36°42.1′N,140°34.8′E,9 km,0.7,---
2026/01/06,17:59:02.3,島根県東部,35°18.8′N,133°12.9′E,7 km,0.3,---
2026/01/06,17:59:05.1,茨城県北部,36°42.2′N,140°34.0′E,9 km,0.2,---
2026/01/06,18:00:16.7,島根県東部,35°18.0′N,133°13.2′E,10 km,1.5,---
2026/01/06,18:02:00.9,島根県東部,35°18.9′N,133°14.1′E,12 km,1.6,---
2026/01/06,18:02:51.0,島根県東部,35°17.8′N,133°11.8′E,10 km,1.6,---
2026/01/06,18:04:47.4,宮城県沖,38°25.7′N,142°24.6′E,32 km,1.6,---
2026/01/06,18:05:19.7,島根県東部,35°19.3′N,133°13.4′E,13 km,1.1,---
2026/01/06,18:06:43.3,島根県東部,35°18.3′N,133°11.1′E,11 km,1.1,---
2026/01/06,18:07:29.5,島根県東部,35°18.7′N,133°14.3′E,8 km,不明,---
2026/01/06,18:07:51.5,島根県東部,35°19.3′N,133°13.2′E,11 km,0.6,---
2026/01/06,18:08:57.4,島根県東部,35°19.0′N,133°10.2′E,15 km,0.7,---
2026/01/06,18:09:08.6,島根県東部,35°18.9′N,133°15.3′E,11 km,0.6,---
2026/01/06,18:10:00.2,島根県東部,35°18.7′N,133°13.6′E,10 km,1.0,---
2026/01/06,18:10:48.8,島根県東部,35°18.4′N,133°13.6′E,7 km,0.2,---
2026/01/06,18:10:58.3,島根県東部,35°18.1′N,133°13.5′E,8 km,1.2,---
2026/01/06,18:11:33.0,島根県東部,35°19.4′N,133°14.7′E,11 km,0.5,---
2026/01/06,18:12:35.3,島根県東部,35°18.4′N,133°12.4′E,7 km,0.4,---
2026/01/06,18:13:00.0,島根県東部,35°18.3′N,133°14.0′E,7 km,0.4,---
2026/01/06,18:14:50.5,島根県東部,35°18.9′N,133°15.2′E,12 km,1.3,---
2026/01/06,18:15:14.0,島根県東部,35°19.6′N,133°13.0′E,12 km,0.8,---
2026/01/06,18:16:41.9,島根県東部,35°19.1′N,133°13.6′E,13 km,1.0,---
2026/01/06,18:17:44.4,青森県東方沖,40°54.9′N,143°01.8′E,14 km,1.4,---
2026/01/06,18:18:17.3,島根県東部,35°18.9′N,133°14.3′E,10 km,0.6,---
2026/01/06,18:18:46.1,島根県東部,35°18.9′N,133°13.5′E,13 km,0.8,---
2026/01/06,18:19:31.5,島根県東部,35°19.6′N,133°13.3′E,12 km,0.6,---
2026/01/06,18:19:34.5,福島県沖,37°50.6′N,141°37.2′E,49 km,1.0,---
2026/01/06,18:19:38.6,島根県東部,35°19.0′N,133°12.3′E,13 km,1.9,---
2026/01/06,18:19:55.8,日向灘,32°29.6′N,131°45.9′E,18 km,0.2,---
2026/01/06,18:19:56.3,福島県沖,37°49.8′N,141°34.9′E,50 km,1.0,---
2026/01/06,18:20:35.8,島根県東部,35°18.4′N,133°11.0′E,10 km,1.1,---
2026/01/06,18:21:30.8,島根県東部,35°19.8′N,133°15.1′E,9 km,0.2,---
2026/01/06,18:22:11.6,島根県東部,35°18.7′N,133°10.4′E,15 km,0.4,---
2026/01/06,18:22:25.8,島根県東部,35°18.5′N,133°10.7′E,10 km,0.1,---
2026/01/06,18:22:54.9,熊本県阿蘇地方,33°01.2′N,131°08.0′E,9 km,0.4,---
2026/01/06,18:23:09.2,青森県東方沖,41°07.3′N,142°23.9′E,46 km,1.0,---
2026/01/06,18:23:16.6,島根県東部,35°18.7′N,133°13.5′E,9 km,0.5,---
2026/01/06,18:24:04.1,島根県東部,35°18.2′N,133°13.3′E,8 km,0.6,---
2026/01/06,18:24:47.6,島根県東部,35°19.6′N,133°14.9′E,9 km,不明,---
2026/01/06,18:25:27.9,福島県会津,36°57.7′N,139°24.1′E,6 km,-0.2,---
2026/01/06,18:25:36.5,青森県東方沖,40°57.9′N,142°57.1′E,17 km,1.2,---
2026/01/06,18:25:55.7,島根県東部,35°18.3′N,133°13.4′E,8 km,0.5,---
2026/01/06,18:27:19.5,紀伊水道,34°12.5′N,135°06.5′E,7 km,1.1,---
2026/01/06,18:27:34.8,宮城県沖,38°01.2′N,142°10.8′E,35 km,1.1,---
2026/01/06,18:27:40.7,京都府南部,35°04.3′N,135°36.6′E,12 km,1.5,---
2026/01/06,18:28:04.0,福井県嶺北,36°11.1′N,136°13.0′E,11 km,2.0,---
2026/01/06,18:28:33.0,島根県東部,35°19.2′N,133°13.3′E,8 km,0.3,---
2026/01/06,18:29:24.5,島根県東部,35°18.7′N,133°11.9′E,10 km,1.2,---
2026/01/06,18:30:24.0,滋賀県南部,35°15.6′N,135°59.6′E,12 km,0.9,---
2026/01/06,18:30:24.6,紀伊水道,34°12.1′N,135°06.7′E,6 km,-0.1,---
2026/01/06,18:30:47.2,千葉県東方沖,35°39.9′N,140°45.4′E,23 km,1.1,---
2026/01/06,18:31:07.2,島根県東部,35°18.9′N,133°13.3′E,11 km,0.3,---
2026/01/06,18:31:34.5,長野県南部,35°51.4′N,137°33.6′E,4 km,0.2,---
2026/01/06,18:32:13.7,茨城県北部,36°49.1′N,140°35.6′E,6 km,0.6,---
2026/01/06,18:32:26.3,島根県東部,35°18.8′N,133°14.3′E,10 km,1.0,---
2026/01/06,18:33:28.2,島根県東部,35°17.7′N,133°12.1′E,9 km,1.2,---
2026/01/06,18:33:39.9,島根県東部,35°19.2′N,133°10.9′E,8 km,0.5,---
2026/01/06,18:33:59.7,島根県東部,35°18.8′N,133°10.7′E,9 km,0.8,---
2026/01/06,18:34:23.7,佐渡付近,37°45.5′N,137°40.3′E,16 km,1.9,---
2026/01/06,18:34:34.9,島根県東部,35°18.5′N,133°11.2′E,9 km,0.2,---
2026/01/06,18:34:39.6,三陸沖,38°00.2′N,144°35.4′E,33 km,0.7,---
2026/01/06,18:34:49.1,能登半島沖,37°04.1′N,136°38.1′E,10 km,1.4,---
2026/01/06,18:34:54.0,島根県東部,35°18.8′N,133°12.6′E,9 km,不明,---
2026/01/06,18:34:55.6,島根県東部,35°16.3′N,133°12.6′E,8 km,不明,---
2026/01/06,18:35:51.5,島根県東部,35°18.6′N,133°13.4′E,10 km,0.5,---
2026/01/06,18:36:31.4,島根県東部,35°19.1′N,133°14.9′E,10 km,0.7,---
2026/01/06,18:36:48.9,熊本県熊本地方,32°35.4′N,130°39.5′E,2 km,0.1,---
2026/01/06,18:37:41.5,島根県東部,35°18.5′N,133°11.6′E,9 km,0.2,---
2026/01/06,18:38:08.2,島根県東部,35°17.3′N,133°11.7′E,8 km,-0.1,---
2026/01/06,18:38:20.6,島根県東部,35°19.0′N,133°13.8′E,10 km,0.6,---
2026/01/06,18:38:31.9,島根県東部,35°19.4′N,133°11.5′E,10 km,-0.2,---
2026/01/06,18:38:47.0,島根県東部,35°19.7′N,133°11.9′E,12 km,-0.2,---
2026/01/06,18:39:07.6,島根県東部,35°17.8′N,133°12.1′E,9 km,0.4,---
2026/01/06,18:39:25.4,島根県東部,35°18.9′N,133°11.0′E,10 km,0.3,---
2026/01/06,18:39:38.6,島根県東部,35°18.4′N,133°12.9′E,13 km,0.2,---
2026/01/06,18:39:49.8,島根県東部,35°18.6′N,133°12.7′E,10 km,1.0,---
2026/01/06,18:39:54.1,青森県東方沖,40°51.3′N,142°56.4′E,10 km,1.4,---
2026/01/06,18:40:23.2,島根県東部,35°19.1′N,133°14.9′E,10 km,0.7,---
2026/01/06,18:40:42.0,島根県東部,35°19.2′N,133°15.1′E,9 km,0.3,---
2026/01/06,18:42:04.4,島根県東部,35°18.4′N,133°12.9′E,14 km,1.9,---
2026/01/06,18:42:34.6,島根県東部,35°19.1′N,133°11.6′E,10 km,0.3,---
2026/01/06,18:43:08.6,日向灘,31°30.2′N,131°46.8′E,41 km,1.6,---
2026/01/06,18:43:25.6,島根県東部,35°17.8′N,133°11.4′E,9 km,2.4,---
2026/01/06,18:44:09.4,島根県東部,35°19.1′N,133°13.5′E,12 km,1.6,---
2026/01/06,18:44:13.4,トカラ列島近海,30°11.4′N,130°09.5′E,98 km,2.1,---
2026/01/06,18:44:20.6,茨城県北部,36°41.9′N,140°34.6′E,9 km,0.1,---
2026/01/06,18:44:56.6,島根県東部,35°18.4′N,133°11.9′E,9 km,0.5,---
2026/01/06,18:45:03.0,島根県東部,35°18.0′N,133°12.1′E,7 km,0.8,---
2026/01/06,18:45:49.7,島根県東部,35°18.4′N,133°10.9′E,9 km,0.2,---
2026/01/06,18:46:12.3,島根県東部,35°19.4′N,133°10.1′E,13 km,0.2,---
2026/01/06,18:46:49.7,島根県東部,35°17.2′N,133°12.8′E,8 km,0.0,---
2026/01/06,18:47:05.6,島根県東部,35°19.1′N,133°14.0′E,8 km,不明,---
2026/01/06,18:47:09.7,島根県東部,35°19.2′N,133°14.0′E,15 km,2.1,---
2026/01/06,18:47:42.2,島根県東部,35°19.3′N,133°11.3′E,10 km,0.3,---
2026/01/06,18:47:49.6,島根県東部,35°18.3′N,133°12.8′E,11 km,0.0,---
2026/01/06,18:48:17.5,島根県東部,35°19.7′N,133°12.7′E,12 km,0.4,---
2026/01/06,18:49:03.7,島根県東部,35°19.6′N,133°13.7′E,13 km,0.3,---
2026/01/06,18:49:45.0,島根県東部,35°19.0′N,133°11.1′E,13 km,0.6,---
2026/01/06,18:49:59.3,島根県東部,35°18.8′N,133°12.9′E,14 km,0.3,---
2026/01/06,18:51:41.8,島根県東部,35°19.1′N,133°13.1′E,13 km,1.0,---
2026/01/06,18:51:56.2,島根県東部,35°17.3′N,133°12.8′E,8 km,0.2,---
2026/01/06,18:52:23.2,島根県東部,35°19.4′N,133°14.0′E,10 km,0.1,---
2026/01/06,18:52:40.1,島根県東部,35°18.9′N,133°10.1′E,13 km,0.3,---
2026/01/06,18:53:35.8,島根県東部,35°18.4′N,133°11.1′E,10 km,0.7,---
2026/01/06,18:53:46.0,島根県東部,35°19.7′N,133°14.5′E,10 km,0.3,---
2026/01/06,18:53:57.8,島根県東部,35°19.5′N,133°13.7′E,12 km,0.5,---
2026/01/06,18:54:22.5,島根県東部,35°18.5′N,133°10.9′E,14 km,0.0,---
2026/01/06,18:54:47.4,島根県東部,35°19.4′N,133°13.6′E,9 km,-0.1,---
2026/01/06,18:56:12.8,島根県東部,35°19.3′N,133°14.4′E,14 km,1.6,---
2026/01/06,18:56:48.2,島根県東部,35°17.8′N,133°11.2′E,9 km,1.1,---
2026/01/06,18:57:00.4,島根県東部,35°18.8′N,133°12.1′E,11 km,0.3,---
2026/01/06,18:57:28.4,島根県東部,35°19.4′N,133°11.9′E,15 km,1.3,---
2026/01/06,18:58:42.7,島根県東部,35°19.2′N,133°10.4′E,15 km,0.8,---
2026/01/06,18:59:04.3,島根県東部,35°18.6′N,133°11.8′E,10 km,0.3,---
2026/01/06,18:59:32.4,青森県東方沖,40°58.4′N,142°59.7′E,18 km,1.8,---
2026/01/06,19:00:14.5,島根県東部,35°19.2′N,133°10.4′E,14 km,0.7,---
2026/01/06,19:00:36.9,島根県東部,35°18.4′N,133°07.7′E,10 km,不明,---
2026/01/06,19:01:01.4,島根県東部,35°19.3′N,133°13.2′E,14 km,0.5,---
2026/01/06,19:01:23.3,福井県嶺南,35°24.1′N,135°35.2′E,11 km,0.4,---
2026/01/06,19:02:05.9,島根県東部,35°19.6′N,133°13.3′E,11 km,0.2,---
2026/01/06,19:02:23.5,島根県東部,35°19.1′N,133°12.1′E,7 km,0.3,---
2026/01/06,19:03:07.8,島根県東部,35°19.4′N,133°12.2′E,11 km,不明,---
2026/01/06,19:03:42.8,島根県東部,35°19.0′N,133°12.2′E,13 km,0.8,---
2026/01/06,19:04:09.2,島根県東部,35°19.2′N,133°12.0′E,13 km,0.6,---
2026/01/06,19:04:50.7,島根県東部,35°18.7′N,133°11.7′E,10 km,0.4,---
2026/01/06,19:04:59.6,島根県東部,35°19.8′N,133°12.3′E,13 km,0.2,---
2026/01/06,19:05:13.8,島根県東部,35°19.0′N,133°15.4′E,12 km,1.3,---
2026/01/06,19:05:41.0,福島県沖,37°30.6′N,143°58.2′E,24 km,1.6,---
2026/01/06,19:06:35.0,熊本県熊本地方,32°33.6′N,130°44.7′E,7 km,0.3,---
2026/01/06,19:06:54.1,島根県東部,35°19.3′N,133°13.3′E,12 km,0.0,---
2026/01/06,19:07:11.2,千葉県北東部,35°51.7′N,140°29.9′E,36 km,0.2,---
2026/01/06,19:07:16.1,島根県東部,35°19.1′N,133°13.4′E,10 km,0.9,---
2026/01/06,19:07:52.7,島根県東部,35°19.7′N,133°13.5′E,11 km,-0.1,---
2026/01/06,19:08:03.6,島根県東部,35°19.3′N,133°10.3′E,13 km,0.1,---
2026/01/06,19:08:09.7,紀伊水道,34°12.4′N,135°06.8′E,7 km,-0.2,---
2026/01/06,19:08:13.1,島根県東部,35°20.2′N,133°10.2′E,13 km,0.3,---
2026/01/06,19:09:31.8,宮城県北部,38°55.5′N,140°52.0′E,5 km,1.2,---
2026/01/06,19:10:26.5,熊本県球磨地方,32°16.5′N,130°44.9′E,9 km,1.1,---
2026/01/06,19:10:57.2,島根県東部,35°18.9′N,133°12.6′E,11 km,0.6,---
2026/01/06,19:11:39.6,島根県東部,35°19.0′N,133°08.1′E,7 km,不明,---
2026/01/06,19:11:59.9,島根県東部,35°19.3′N,133°10.2′E,14 km,0.8,---
2026/01/06,19:12:16.2,島根県東部,35°18.1′N,133°10.9′E,15 km,2.3,---
2026/01/06,19:13:09.0,島根県東部,35°19.4′N,133°11.4′E,13 km,不明,---
2026/01/06,19:13:18.0,島根県東部,35°19.5′N,133°10.1′E,13 km,0.4,---
2026/01/06,19:13:25.0,島根県東部,35°18.7′N,133°13.0′E,8 km,0.4,---
2026/01/06,19:13:34.5,島根県東部,35°19.4′N,133°12.3′E,14 km,不明,---
2026/01/06,19:13:58.7,島根県東部,35°18.7′N,133°13.9′E,8 km,0.6,---
2026/01/06,19:14:50.2,宗谷地方北部,45°01.7′N,142°07.5′E,0 km,0.8,---
2026/01/06,19:15:19.0,島根県東部,35°19.5′N,133°12.0′E,14 km,1.0,---
2026/01/06,19:15:49.5,島根県東部,35°19.3′N,133°13.9′E,8 km,不明,---
2026/01/06,19:16:11.0,島根県東部,35°18.9′N,133°14.0′E,11 km,0.4,---
2026/01/06,19:16:30.2,島根県東部,35°18.6′N,133°13.6′E,10 km,1.3,---
2026/01/06,19:16:50.2,島根県東部,35°19.7′N,133°13.9′E,9 km,不明,---
2026/01/06,19:16:52.5,和歌山県南部,33°44.2′N,135°49.4′E,24 km,0.3,---
2026/01/06,19:17:07.5,島根県東部,35°18.1′N,133°13.6′E,9 km,1.6,---
2026/01/06,19:17:27.3,島根県東部,35°18.2′N,133°11.7′E,9 km,1.6,---
2026/01/06,19:18:11.4,島根県東部,35°18.9′N,133°11.2′E,10 km,不明,---
2026/01/06,19:18:40.8,福島県会津,37°01.7′N,139°21.5′E,7 km,0.4,---
2026/01/06,19:18:40.8,島根県東部,35°19.3′N,133°12.4′E,9 km,不明,---
2026/01/06,19:18:46.6,青森県東方沖,40°47.6′N,142°45.9′E,29 km,1.0,---
2026/01/06,19:19:19.3,和歌山県南部,33°35.4′N,135°29.4′E,12 km,0.0,---
2026/01/06,19:19:29.0,島根県東部,35°18.2′N,133°11.5′E,7 km,不明,---
2026/01/06,19:19:35.9,青森県東方沖,40°47.7′N,142°45.3′E,30 km,1.6,---
2026/01/06,19:20:04.9,島根県東部,35°19.1′N,133°13.6′E,12 km,0.8,---
2026/01/06,19:20:35.0,岩手県沖,40°24.5′N,142°01.6′E,61 km,0.6,---
2026/01/06,19:20:42.5,島根県東部,35°19.0′N,133°13.8′E,9 km,1.6,---
2026/01/06,19:21:27.8,宮城県沖,38°37.0′N,141°54.2′E,44 km,0.8,---
2026/01/06,19:21:40.2,島根県東部,35°19.0′N,133°13.9′E,13 km,3.6,---
2026/01/06,19:21:54.4,島根県東部,35°19.2′N,133°13.8′E,11 km,不明,---
2026/01/06,19:22:01.6,福島県沖,37°50.2′N,141°34.2′E,47 km,0.9,---
2026/01/06,19:22:02.9,島根県東部,35°19.7′N,133°13.9′E,12 km,不明,---
2026/01/06,19:22:32.1,島根県東部,35°19.1′N,133°13.7′E,12 km,2.3,---
2026/01/06,19:22:56.4,島根県東部,35°19.0′N,133°13.9′E,13 km,2.7,---
2026/01/06,19:23:44.7,福島県沖,37°13.7′N,142°13.3′E,18 km,1.4,---
2026/01/06,19:23:47.5,島根県東部,35°19.0′N,133°13.7′E,12 km,1.4,---
2026/01/06,19:23:57.4,和歌山県南部,33°49.6′N,135°32.7′E,24 km,1.9,---
2026/01/06,19:23:59.1,島根県東部,35°19.2′N,133°13.9′E,13 km,1.4,---
2026/01/06,19:24:31.1,島根県東部,35°19.2′N,133°13.9′E,13 km,1.5,---
2026/01/06,19:25:02.4,茨城県沖,36°26.0′N,140°42.2′E,41 km,0.6,---
2026/01/06,19:25:09.9,愛知県西部,35°10.0′N,136°57.2′E,44 km,0.9,---
2026/01/06,19:25:22.7,島根県東部,35°19.5′N,133°13.3′E,12 km,不明,---
2026/01/06,19:25:31.5,千葉県東方沖,35°26.3′N,140°27.6′E,57 km,1.5,---
2026/01/06,19:25:31.7,島根県東部,35°19.2′N,133°15.1′E,10 km,0.3,---
2026/01/06,19:25:55.6,島根県東部,35°19.2′N,133°13.9′E,12 km,0.8,---
2026/01/06,19:26:18.0,島根県東部,35°19.3′N,133°14.7′E,9 km,0.8,---
2026/01/06,19:26:39.1,島根県東部,35°18.5′N,133°11.8′E,9 km,不明,---
2026/01/06,19:26:42.0,島根県東部,35°18.9′N,133°11.1′E,8 km,0.6,---
2026/01/06,19:26:52.9,愛知県西部,35°13.0′N,137°13.3′E,43 km,0.4,---
2026/01/06,19:26:54.4,島根県東部,35°19.2′N,133°13.7′E,11 km,0.7,---
2026/01/06,19:26:59.8,島根県東部,35°17.7′N,133°11.6′E,11 km,1.2,---
2026/01/06,19:28:12.9,島根県東部,35°18.3′N,133°11.2′E,11 km,1.8,---
2026/01/06,19:28:29.1,島根県東部,35°18.6′N,133°12.1′E,11 km,2.6,---
2026/01/06,19:28:58.1,青森県東方沖,41°03.7′N,142°53.7′E,26 km,1.2,---
2026/01/06,19:28:59.1,島根県東部,35°18.0′N,133°12.7′E,7 km,1.0,---
2026/01/06,19:29:43.7,島根県東部,35°17.7′N,133°11.7′E,8 km,0.4,---
2026/01/06,19:29:53.0,島根県東部,35°20.5′N,133°13.3′E,13 km,0.9,---
2026/01/06,19:30:36.3,島根県東部,35°19.2′N,133°13.7′E,14 km,1.4,---
2026/01/06,19:32:47.5,島根県東部,35°19.2′N,133°13.8′E,13 km,1.0,---
2026/01/06,19:32:54.4,宮城県沖,38°24.1′N,142°08.7′E,33 km,1.0,---
2026/01/06,19:33:07.9,島根県東部,35°19.7′N,133°14.2′E,13 km,0.5,---
2026/01/06,19:33:23.9,島根県東部,35°19.2′N,133°13.2′E,12 km,1.3,---
2026/01/06,19:33:41.5,島根県東部,35°19.8′N,133°13.8′E,13 km,不明,---
2026/01/06,19:33:49.9,島根県東部,35°18.6′N,133°13.4′E,11 km,1.4,---
2026/01/06,19:34:03.8,日向灘,32°01.1′N,131°55.8′E,24 km,1.3,---
2026/01/06,19:34:28.8,島根県東部,35°19.6′N,133°14.1′E,10 km,不明,---
2026/01/06,19:36:12.7,島根県東部,35°19.9′N,133°14.0′E,12 km,不明,---
2026/01/06,19:36:36.3,島根県東部,35°19.0′N,133°13.2′E,12 km,0.8,---
2026/01/06,19:37:20.0,新潟県中越地方,37°08.0′N,138°43.1′E,21 km,0.8,---
2026/01/06,19:37:21.4,島根県東部,35°17.7′N,133°12.1′E,9 km,1.3,---
2026/01/06,19:37:51.5,島根県東部,35°19.2′N,133°12.8′E,12 km,0.2,---
2026/01/06,19:38:31.6,島根県東部,35°19.4′N,133°11.8′E,15 km,0.9,---
2026/01/06,19:39:27.7,島根県東部,35°19.0′N,133°12.2′E,13 km,1.1,---
2026/01/06,19:39:44.3,島根県東部,35°19.2′N,133°13.3′E,12 km,0.8,---
2026/01/06,19:40:19.0,島根県東部,35°17.8′N,133°12.1′E,9 km,1.1,---
2026/01/06,19:41:02.5,島根県東部,35°19.4′N,133°16.0′E,15 km,0.9,---
2026/01/06,19:41:56.3,島根県東部,35°19.6′N,133°13.1′E,12 km,不明,---
2026/01/06,19:43:33.1,島根県東部,35°18.8′N,133°13.3′E,10 km,0.2,---
2026/01/06,19:44:22.3,大阪府北部,34°53.7′N,135°35.5′E,12 km,0.1,---
2026/01/06,19:44:32.4,島根県東部,35°19.5′N,133°14.8′E,12 km,0.3,---
2026/01/06,19:45:58.2,島根県東部,35°18.5′N,133°11.3′E,9 km,0.3,---
2026/01/06,19:46:28.1,島根県東部,35°18.9′N,133°13.5′E,10 km,1.0,---
2026/01/06,19:46:42.1,釧路沖,42°56.0′N,145°26.0′E,46 km,2.1,---
2026/01/06,19:47:15.9,島根県東部,35°19.6′N,133°16.0′E,15 km,0.4,---
2026/01/06,19:47:32.0,和歌山県北部,34°02.2′N,135°16.6′E,4 km,1.9,---
2026/01/06,19:47:35.6,島根県東部,35°18.9′N,133°13.2′E,13 km,1.2,---
2026/01/06,19:48:22.4,島根県東部,35°19.0′N,133°13.6′E,12 km,0.7,---
2026/01/06,19:48:32.8,島根県東部,35°19.1′N,133°13.8′E,10 km,0.7,---
2026/01/06,19:50:08.1,和歌山県南部,33°48.1′N,135°30.2′E,11 km,-0.3,---
2026/01/06,19:50:19.1,石川県能登地方,37°17.7′N,136°49.9′E,11 km,0.8,---
2026/01/06,19:50:21.3,島根県東部,35°19.3′N,133°13.1′E,10 km,不明,---
2026/01/06,19:50:30.6,島根県東部,35°19.2′N,133°13.3′E,13 km,1.1,---
2026/01/06,19:51:01.7,島根県東部,35°19.8′N,133°12.3′E,13 km,0.6,---
2026/01/06,19:51:26.9,島根県東部,35°19.4′N,133°12.8′E,13 km,0.5,---
2026/01/06,19:52:16.2,島根県東部,35°18.1′N,133°11.5′E,10 km,1.9,---
2026/01/06,19:53:12.8,島根県東部,35°19.2′N,133°14.2′E,15 km,3.9,---
2026/01/06,19:55:06.2,島根県東部,35°19.5′N,133°13.2′E,13 km,不明,---
2026/01/06,19:55:45.2,島根県東部,35°19.3′N,133°14.3′E,14 km,1.0,---
2026/01/06,19:56:09.7,島根県東部,35°19.8′N,133°14.0′E,13 km,不明,---
2026/01/06,19:56:33.3,島根県東部,35°18.6′N,133°14.0′E,10 km,0.9,---
2026/01/06,19:56:52.6,島根県東部,35°19.1′N,133°10.2′E,14 km,0.9,---
2026/01/06,19:57:16.1,島根県東部,35°19.5′N,133°14.4′E,14 km,0.9,---
2026/01/06,19:57:24.2,島根県東部,35°19.7′N,133°15.1′E,11 km,不明,---
2026/01/06,19:57:48.5,岩手県沖,39°04.4′N,142°24.7′E,30 km,1.2,---
2026/01/06,19:58:17.9,島根県東部,35°19.3′N,133°14.2′E,13 km,0.8,---
2026/01/06,19:58:41.6,島根県東部,35°18.5′N,133°11.9′E,12 km,0.9,---
2026/01/06,19:59:22.8,島根県東部,35°19.2′N,133°14.4′E,15 km,2.2,---
2026/01/06,20:00:41.2,島根県東部,35°19.0′N,133°13.5′E,8 km,不明,---
2026/01/06,20:00:46.5,島根県東部,35°19.2′N,133°10.3′E,14 km,1.0,---
2026/01/06,20:01:42.2,島根県東部,35°19.7′N,133°13.9′E,13 km,0.1,---
2026/01/06,20:02:06.8,島根県東部,35°18.5′N,133°13.0′E,12 km,0.6,---
2026/01/06,20:02:13.6,島根県東部,35°19.2′N,133°13.4′E,10 km,0.3,---
2026/01/06,20:02:40.1,島根県東部,35°19.1′N,133°14.0′E,14 km,2.9,---
2026/01/06,20:03:33.0,島根県東部,35°18.5′N,133°10.8′E,8 km,1.0,---
2026/01/06,20:04:03.7,島根県東部,35°18.0′N,133°13.6′E,9 km,0.6,---
2026/01/06,20:04:45.8,島根県東部,35°18.3′N,133°11.1′E,9 km,0.7,---
2026/01/06,20:05:11.0,島根県東部,35°19.0′N,133°09.5′E,16 km,不明,---
2026/01/06,20:05:11.7,島根県東部,35°19.2′N,133°13.8′E,13 km,1.3,---
2026/01/06,20:05:28.3,島根県東部,35°18.5′N,133°12.1′E,8 km,不明,---
2026/01/06,20:06:19.5,島根県東部,35°18.5′N,133°13.5′E,8 km,0.2,---
2026/01/06,20:06:30.4,島根県東部,35°19.5′N,133°12.5′E,12 km,0.9,---
2026/01/06,20:06:53.9,島根県東部,35°19.2′N,133°10.3′E,14 km,0.7,---
2026/01/06,20:06:59.7,島根県東部,35°19.1′N,133°11.9′E,14 km,1.3,---
2026/01/06,20:07:03.4,茨城県南部,36°00.9′N,139°55.7′E,44 km,2.0,---
2026/01/06,20:07:56.2,島根県東部,35°17.9′N,133°13.5′E,8 km,1.0,---
2026/01/06,20:08:07.8,沖縄本島近海,26°21.2′N,128°53.9′E,30 km,1.6,---
2026/01/06,20:09:36.4,トカラ列島近海,29°16.4′N,129°20.3′E,7 km,0.8,---
2026/01/06,20:10:06.1,島根県東部,35°19.4′N,133°13.2′E,6 km,不明,---
2026/01/06,20:10:36.7,島根県東部,35°18.9′N,133°13.5′E,10 km,0.7,---
2026/01/06,20:10:39.1,栃木県北部,37°04.7′N,139°54.8′E,5 km,0.3,---
2026/01/06,20:12:07.0,熊本県阿蘇地方,32°58.5′N,131°06.2′E,9 km,0.3,---
2026/01/06,20:12:28.6,熊本県阿蘇地方,32°58.9′N,131°06.3′E,9 km,0.3,---
2026/01/06,20:12:35.0,島根県東部,35°18.7′N,133°13.3′E,5 km,不明,---
2026/01/06,20:12:50.8,島根県東部,35°19.5′N,133°14.8′E,14 km,1.0,---
2026/01/06,20:14:40.7,島根県東部,35°18.8′N,133°13.9′E,9 km,0.4,---
2026/01/06,20:15:32.8,島根県東部,35°18.5′N,133°12.2′E,9 km,0.2,---
2026/01/06,20:17:27.0,島根県東部,35°18.5′N,133°10.7′E,8 km,0.5,---
2026/01/06,20:17:52.6,島根県東部,35°19.4′N,133°15.0′E,11 km,0.8,---
2026/01/06,20:18:19.1,宮城県沖,38°33.0′N,141°57.8′E,37 km,1.0,---
2026/01/06,20:18:27.4,島根県東部,35°07.2′N,132°43.2′E,7 km,1.0,---
2026/01/06,20:18:43.7,島根県東部,35°17.9′N,133°13.7′E,9 km,1.0,---
2026/01/06,20:19:18.3,島根県東部,35°18.6′N,133°10.9′E,10 km,0.7,---
2026/01/06,20:19:21.2,島根県西部,34°49.2′N,132°27.3′E,17 km,0.9,---
2026/01/06,20:19:53.6,島根県東部,35°19.0′N,133°13.7′E,12 km,1.8,---
2026/01/06,20:20:14.7,福島県沖,37°01.8′N,141°08.9′E,17 km,1.3,---
2026/01/06,20:20:46.6,島根県東部,35°18.0′N,133°11.4′E,9 km,不明,---
2026/01/06,20:20:47.6,島根県東部,35°18.6′N,133°11.1′E,10 km,2.0,---
2026/01/06,20:21:07.4,島根県東部,35°18.5′N,133°10.9′E,10 km,1.9,---
2026/01/06,20:22:30.9,島根県東部,35°19.9′N,133°13.7′E,10 km,0.4,---
2026/01/06,20:23:38.1,群馬県南部,36°35.6′N,139°28.8′E,7 km,-0.3,---
2026/01/06,20:24:01.1,島根県東部,35°18.7′N,133°13.5′E,10 km,0.3,---
2026/01/06,20:24:34.1,島根県東部,35°18.1′N,133°10.8′E,9 km,0.2,---
2026/01/06,20:24:50.8,島根県東部,35°19.3′N,133°12.8′E,12 km,0.2,---
2026/01/06,20:25:27.4,島根県東部,35°19.4′N,133°10.1′E,13 km,不明,---
2026/01/06,20:26:12.7,島根県東部,35°18.7′N,133°13.3′E,5 km,不明,---
2026/01/06,20:26:45.7,島根県東部,35°19.8′N,133°13.1′E,13 km,0.7,---
2026/01/06,20:27:27.3,三陸沖,39°34.4′N,143°25.2′E,11 km,1.6,---
2026/01/06,20:27:41.7,島根県東部,35°18.9′N,133°12.8′E,14 km,0.6,---
2026/01/06,20:29:36.1,島根県東部,35°18.8′N,133°12.7′E,13 km,0.8,---
2026/01/06,20:30:26.5,島根県東部,35°18.7′N,133°11.0′E,9 km,0.5,---
2026/01/06,20:30:32.2,島根県東部,35°18.5′N,133°11.1′E,11 km,1.3,---
2026/01/06,20:31:06.8,島根県東部,35°19.9′N,133°13.7′E,13 km,0.2,---
2026/01/06,20:31:47.8,岐阜県飛騨地方,35°43.0′N,137°16.6′E,15 km,-0.1,---
2026/01/06,20:32:01.6,島根県東部,35°18.5′N,133°13.4′E,9 km,1.2,---
2026/01/06,20:32:34.4,島根県東部,35°19.2′N,133°13.3′E,11 km,0.6,---
2026/01/06,20:32:54.9,島根県東部,35°19.4′N,133°14.6′E,13 km,0.8,---
2026/01/06,20:33:43.0,島根県東部,35°18.8′N,133°10.4′E,14 km,1.2,---
2026/01/06,20:34:02.0,島根県東部,35°18.5′N,133°11.7′E,7 km,不明,---
2026/01/06,20:34:46.0,島根県東部,35°19.2′N,133°13.1′E,12 km,0.4,---
2026/01/06,20:34:56.2,島根県東部,35°18.6′N,133°11.2′E,9 km,0.3,---
2026/01/06,20:35:07.2,岩手県沿岸北部,40°00.5′N,141°53.0′E,21 km,0.1,---
2026/01/06,20:35:07.4,奄美大島近海,28°15.9′N,129°28.7′E,23 km,1.5,---
2026/01/06,20:35:15.8,島根県東部,35°18.7′N,133°10.8′E,15 km,不明,---
2026/01/06,20:35:56.4,島根県東部,35°19.2′N,133°12.5′E,12 km,0.5,---
2026/01/06,20:36:02.7,島根県東部,35°18.4′N,133°11.3′E,8 km,0.4,---
2026/01/06,20:36:55.2,島根県東部,35°19.0′N,133°13.5′E,13 km,0.8,---
2026/01/06,20:37:01.4,石川県能登地方,37°30.7′N,137°17.5′E,12 km,1.2,---
2026/01/06,20:37:12.2,島根県東部,35°19.5′N,133°14.3′E,12 km,0.5,---
2026/01/06,20:37:53.1,島根県東部,35°17.9′N,133°13.5′E,8 km,0.8,---
2026/01/06,20:38:53.5,島根県東部,35°19.4′N,133°15.0′E,10 km,0.3,---
2026/01/06,20:38:59.2,十勝地方北部,43°24.0′N,143°15.9′E,134 km,不明,---
2026/01/06,20:40:28.6,島根県東部,35°19.1′N,133°13.3′E,12 km,0.9,---
2026/01/06,20:40:49.9,奈良県,34°07.7′N,135°57.3′E,5 km,0.1,---
2026/01/06,20:40:58.8,紀伊水道,34°07.1′N,135°07.4′E,7 km,0.8,---
2026/01/06,20:41:31.0,島根県東部,35°18.2′N,133°08.4′E,9 km,0.4,---
2026/01/06,20:42:31.3,三陸沖,39°30.8′N,144°36.0′E,21 km,1.3,---
2026/01/06,20:42:45.4,島根県東部,35°20.0′N,133°15.2′E,10 km,0.2,---
2026/01/06,20:43:14.4,島根県東部,35°19.3′N,133°13.9′E,13 km,0.9,---
2026/01/06,20:43:43.7,島根県東部,35°18.7′N,133°11.6′E,10 km,0.5,---
2026/01/06,20:44:16.6,島根県東部,35°19.3′N,133°14.2′E,14 km,0.5,---
2026/01/06,20:44:20.4,奄美大島近海,28°15.2′N,129°29.2′E,24 km,1.6,---
2026/01/06,20:44:50.0,島根県東部,35°18.6′N,133°13.6′E,9 km,0.3,---
2026/01/06,20:45:40.6,島根県東部,35°19.4′N,133°10.3′E,15 km,1.1,---
2026/01/06,20:46:18.7,島根県東部,35°18.9′N,133°14.2′E,10 km,1.0,---
2026/01/06,20:46:36.5,島根県東部,35°19.7′N,133°14.5′E,11 km,0.5,---
2026/01/06,20:47:17.3,島根県東部,35°19.7′N,133°13.3′E,13 km,0.6,---
2026/01/06,20:47:20.2,豊後水道,33°08.9′N,132°03.0′E,47 km,0.8,---
2026/01/06,20:49:11.2,能登半島沖,37°30.6′N,137°26.3′E,11 km,0.9,---
2026/01/06,20:51:10.4,島根県東部,35°18.6′N,133°11.8′E,7 km,0.2,---
2026/01/06,20:51:40.6,島根県東部,35°19.1′N,133°13.7′E,12 km,1.8,---
2026/01/06,20:53:30.0,島根県東部,35°18.9′N,133°13.7′E,12 km,0.4,---
2026/01/06,20:53:57.5,島根県東部,35°19.0′N,133°10.3′E,14 km,0.8,---
2026/01/06,20:54:51.4,島根県東部,35°19.1′N,133°13.4′E,12 km,0.6,---
2026/01/06,20:55:15.1,島根県東部,35°19.2′N,133°13.9′E,14 km,1.2,---
2026/01/06,20:55:31.5,栃木県南部,36°34.1′N,139°38.4′E,8 km,0.8,---
2026/01/06,20:56:20.9,島根県東部,35°19.2′N,133°13.3′E,12 km,0.3,---
2026/01/06,20:57:06.0,渡島地方東部,42°01.6′N,140°47.0′E,10 km,1.2,---
2026/01/06,20:57:37.4,島根県東部,35°18.8′N,133°10.9′E,9 km,0.5,---
2026/01/06,20:58:06.4,島根県東部,35°18.7′N,133°13.3′E,8 km,0.2,---
2026/01/06,20:58:06.6,鹿児島県薩摩地方,32°11.2′N,130°18.7′E,8 km,不明,---
2026/01/06,20:58:21.4,島根県東部,35°18.5′N,133°11.7′E,7 km,0.0,---
2026/01/06,20:58:54.7,島根県東部,35°18.6′N,133°12.1′E,7 km,不明,---
2026/01/06,21:00:28.5,島根県東部,35°19.6′N,133°13.5′E,6 km,0.0,---
2026/01/06,21:00:44.9,長野県中部,36°26.2′N,138°03.5′E,7 km,-0.6,---
2026/01/06,21:01:19.8,島根県東部,35°19.4′N,133°15.0′E,10 km,0.8,---
2026/01/06,21:02:42.5,宮城県沖,38°27.9′N,142°27.3′E,29 km,1.3,---
2026/01/06,21:03:04.7,島根県東部,35°19.0′N,133°15.3′E,12 km,0.6,---
2026/01/06,21:04:00.5,青森県東方沖,40°52.6′N,142°57.3′E,14 km,1.4,---
2026/01/06,21:04:09.6,島根県東部,35°16.0′N,133°12.4′E,8 km,0.8,---
2026/01/06,21:05:23.2,福島県沖,37°30.6′N,144°47.1′E,38 km,1.5,---
2026/01/06,21:05:46.6,島根県東部,35°19.2′N,133°16.3′E,13 km,-0.1,---
2026/01/06,21:06:00.1,島根県東部,35°19.5′N,133°13.5′E,10 km,-0.1,---
2026/01/06,21:07:12.7,島根県東部,35°19.0′N,133°13.9′E,11 km,0.4,---
2026/01/06,21:08:30.1,島根県東部,35°18.9′N,133°11.7′E,8 km,0.8,---
2026/01/06,21:10:16.3,島根県東部,35°19.1′N,133°13.6′E,10 km,0.8,---
2026/01/06,21:11:06.4,岩手県沖,40°05.3′N,142°25.0′E,38 km,1.8,---
2026/01/06,21:11:36.7,天草灘,32°30.5′N,129°59.6′E,13 km,0.5,---
2026/01/06,21:11:46.7,島根県東部,35°18.1′N,133°11.2′E,9 km,1.0,---
2026/01/06,21:12:28.8,島根県東部,35°19.0′N,133°13.8′E,13 km,0.5,---
2026/01/06,21:13:04.3,島根県東部,35°18.1′N,133°13.4′E,9 km,0.6,---
2026/01/06,21:13:08.3,鹿児島県薩摩地方,31°51.1′N,130°44.2′E,8 km,0.3,---
2026/01/06,21:16:57.1,岐阜県美濃中西部,35°35.5′N,136°24.5′E,13 km,0.4,---
2026/01/06,21:17:25.8,島根県東部,35°20.0′N,133°13.7′E,13 km,0.0,---
2026/01/06,21:17:43.6,島根県東部,35°18.3′N,133°12.9′E,8 km,0.4,---
2026/01/06,21:18:24.5,島根県東部,35°19.2′N,133°13.2′E,16 km,0.9,---
2026/01/06,21:18:57.7,島根県東部,35°18.5′N,133°13.8′E,7 km,0.1,---
2026/01/06,21:19:20.1,島根県東部,35°19.2′N,133°11.7′E,9 km,-0.2,---
2026/01/06,21:20:03.2,島根県東部,35°18.1′N,133°13.0′E,14 km,1.0,---
2026/01/06,21:20:59.3,青森県東方沖,40°49.6′N,143°01.4′E,11 km,2.0,---
2026/01/06,21:21:06.2,島根県東部,35°18.1′N,133°11.3′E,6 km,-0.1,---
2026/01/06,21:21:14.4,島根県東部,35°19.1′N,133°13.7′E,13 km,1.2,---
2026/01/06,21:22:31.4,島根県東部,35°18.9′N,133°14.3′E,10 km,0.2,---
2026/01/06,21:23:16.0,島根県東部,35°19.4′N,133°12.6′E,12 km,0.2,---
2026/01/06,21:24:05.7,島根県東部,35°18.3′N,133°11.0′E,9 km,0.4,---
2026/01/06,21:25:21.4,奄美大島北東沖,28°44.0′N,130°11.1′E,52 km,2.0,---
2026/01/06,21:25:51.3,島根県東部,35°19.4′N,133°14.1′E,12 km,0.1,---
2026/01/06,21:26:14.1,島根県東部,35°19.2′N,133°13.1′E,11 km,0.3,---
2026/01/06,21:27:01.2,西表島付近,24°15.4′N,123°47.7′E,18 km,0.9,---
2026/01/06,21:28:34.4,島根県東部,35°18.1′N,133°14.0′E,9 km,0.4,---
2026/01/06,21:29:17.2,島根県東部,35°18.9′N,133°12.8′E,9 km,0.2,---
2026/01/06,21:30:08.8,福島県沖,37°51.2′N,141°34.5′E,48 km,1.0,---
2026/01/06,21:30:36.4,島根県東部,35°18.7′N,133°11.6′E,13 km,0.9,---
2026/01/06,21:31:26.1,茨城県北部,36°41.8′N,140°39.8′E,5 km,0.3,---
2026/01/06,21:31:30.1,青森県東方沖,40°53.0′N,142°57.2′E,6 km,2.0,---
2026/01/06,21:31:44.2,島根県東部,35°19.0′N,133°12.9′E,13 km,0.9,---
2026/01/06,21:32:13.8,島根県東部,35°19.5′N,133°13.2′E,12 km,0.6,---
2026/01/06,21:32:45.5,島根県東部,35°18.8′N,133°12.8′E,8 km,-0.1,---
2026/01/06,21:33:39.2,島根県東部,35°18.7′N,133°13.0′E,14 km,0.3,---
2026/01/06,21:34:24.6,宮城県沖,38°27.2′N,142°20.0′E,35 km,1.3,---
2026/01/06,21:35:02.6,島根県東部,35°19.8′N,133°12.8′E,13 km,0.1,---
2026/01/06,21:35:08.9,島根県東部,35°17.9′N,133°12.2′E,9 km,1.5,---
2026/01/06,21:36:04.9,島根県東部,35°19.2′N,133°13.7′E,13 km,1.4,---
2026/01/06,21:36:34.0,茨城県北部,36°45.3′N,140°34.5′E,8 km,0.1,---
2026/01/06,21:37:07.5,福島県会津,36°58.6′N,139°24.6′E,1 km,0.2,---
2026/01/06,21:37:09.8,島根県東部,35°17.7′N,133°12.1′E,8 km,2.0,---
2026/01/06,21:37:53.6,埼玉県北部,36°09.8′N,139°12.1′E,126 km,1.1,---
2026/01/06,21:38:13.4,島根県東部,35°19.3′N,133°08.7′E,6 km,-0.3,---
2026/01/06,21:39:03.0,茨城県北部,36°41.5′N,140°39.3′E,2 km,0.4,---
2026/01/06,21:39:15.0,島根県東部,35°18.8′N,133°11.6′E,10 km,0.4,---
2026/01/06,21:39:48.2,島根県東部,35°17.8′N,133°12.0′E,8 km,0.7,---
2026/01/06,21:40:18.3,茨城県沖,36°28.9′N,141°00.8′E,38 km,0.6,---
2026/01/06,21:40:29.3,島根県東部,35°19.1′N,133°13.7′E,14 km,1.5,---
2026/01/06,21:41:00.7,島根県東部,35°18.2′N,133°11.6′E,9 km,0.6,---
2026/01/06,21:41:21.2,島根県東部,35°18.9′N,133°13.6′E,8 km,0.1,---
2026/01/06,21:41:35.0,大阪府北部,34°53.1′N,135°35.5′E,12 km,0.7,---
2026/01/06,21:42:17.8,島根県東部,35°19.2′N,133°15.0′E,10 km,0.2,---
2026/01/06,21:42:25.9,福岡県北西沖,33°46.2′N,130°06.1′E,9 km,0.7,---
2026/01/06,21:42:32.1,島根県東部,35°18.8′N,133°13.4′E,9 km,0.7,---
2026/01/06,21:42:37.0,島根県東部,35°18.6′N,133°13.5′E,7 km,0.4,---
2026/01/06,21:44:13.0,島根県東部,35°18.3′N,133°11.6′E,9 km,0.7,---
2026/01/06,21:44:59.5,奄美大島近海,28°45.9′N,130°07.2′E,30 km,1.5,---
2026/01/06,21:45:22.5,島根県東部,35°18.2′N,133°12.8′E,13 km,0.8,---
2026/01/06,21:46:03.1,島根県東部,35°19.2′N,133°13.1′E,13 km,0.8,---
2026/01/06,21:47:26.3,島根県東部,35°18.4′N,133°12.6′E,8 km,0.4,---
2026/01/06,21:48:08.8,島根県東部,35°19.1′N,133°13.8′E,9 km,0.5,---
2026/01/06,21:48:47.8,沖縄本島近海,26°23.6′N,127°41.5′E,14 km,1.8,---
2026/01/06,21:48:48.2,島根県東部,35°20.1′N,133°12.0′E,13 km,-0.2,---
2026/01/06,21:51:56.3,島根県東部,35°18.1′N,133°11.7′E,12 km,0.5,---
2026/01/06,21:52:36.6,島根県東部,35°18.2′N,133°13.3′E,9 km,1.3,---
2026/01/06,21:53:12.3,島根県東部,35°19.3′N,133°10.3′E,12 km,0.0,---
2026/01/06,21:53:21.1,島根県東部,35°19.8′N,133°12.3′E,8 km,-0.1,---
2026/01/06,21:54:39.4,岩手県内陸南部,39°03.9′N,140°55.0′E,9 km,0.1,---
2026/01/06,21:54:58.4,三重県南東沖,34°08.9′N,136°27.2′E,31 km,1.9,---
2026/01/06,21:56:08.9,熊本県熊本地方,32°43.1′N,130°45.1′E,13 km,0.0,---
2026/01/06,21:56:14.4,熊本県天草・芦北地方,32°13.1′N,130°20.8′E,4 km,0.2,---
2026/01/06,21:56:24.9,島根県東部,35°18.6′N,133°12.2′E,11 km,1.7,---
2026/01/06,21:57:17.7,島根県東部,35°18.9′N,133°14.0′E,10 km,0.5,---
2026/01/06,21:59:31.6,島根県東部,35°19.1′N,133°10.0′E,14 km,0.3,---
2026/01/06,21:59:39.2,岩手県内陸南部,39°01.5′N,140°53.8′E,6 km,0.8,---
2026/01/06,21:59:45.6,島根県東部,35°19.2′N,133°14.4′E,11 km,0.7,---
2026/01/06,22:00:05.2,豊後水道,32°52.1′N,132°08.5′E,37 km,0.7,---
2026/01/06,22:00:59.4,静岡県中部,35°00.6′N,138°31.7′E,4 km,0.3,---
2026/01/06,22:02:12.6,和歌山県北部,34°04.4′N,135°19.1′E,9 km,-0.1,---
2026/01/06,22:02:58.7,高知県中部,33°40.4′N,133°56.1′E,5 km,0.3,---
2026/01/06,22:03:11.7,島根県東部,35°18.7′N,133°12.8′E,13 km,0.2,---
2026/01/06,22:03:26.5,島根県東部,35°18.2′N,133°13.9′E,12 km,0.7,---
2026/01/06,22:03:35.1,島根県東部,35°18.8′N,133°13.7′E,9 km,0.6,---
2026/01/06,22:04:31.2,島根県東部,35°18.1′N,133°11.2′E,10 km,1.9,---
2026/01/06,22:04:51.2,宮城県沖,38°26.0′N,142°05.3′E,22 km,不明,---
2026/01/06,22:04:56.4,宮城県沖,38°03.4′N,141°29.6′E,63 km,1.0,---
2026/01/06,22:05:06.3,島根県東部,35°18.6′N,133°12.2′E,11 km,2.0,---
2026/01/06,22:05:24.5,静岡県西部,35°02.9′N,137°49.2′E,22 km,0.2,---
2026/01/06,22:06:45.0,島根県東部,35°19.0′N,133°09.8′E,14 km,0.6,---
2026/01/06,22:07:03.2,島根県東部,35°19.0′N,133°15.2′E,16 km,0.4,---
2026/01/06,22:07:49.2,島根県東部,35°19.3′N,133°10.2′E,13 km,1.2,---
2026/01/06,22:08:09.3,和歌山県北部,34°04.7′N,135°23.1′E,7 km,-0.5,---
2026/01/06,22:08:50.1,島根県東部,35°19.7′N,133°17.4′E,9 km,0.4,---
2026/01/06,22:09:00.2,島根県東部,35°19.0′N,133°15.2′E,11 km,0.7,---
2026/01/06,22:09:04.5,宮城県沖,38°00.3′N,141°38.4′E,48 km,0.6,---
2026/01/06,22:09:12.5,岩手県内陸南部,39°02.9′N,140°53.3′E,9 km,0.6,---
2026/01/06,22:09:39.6,島根県東部,35°19.3′N,133°14.0′E,14 km,0.5,---
2026/01/06,22:10:12.8,沖縄本島近海,26°23.6′N,127°41.8′E,12 km,1.4,---
2026/01/06,22:10:43.1,茨城県沖,35°49.5′N,141°33.5′E,14 km,1.1,---
2026/01/06,22:10:53.6,島根県東部,35°19.5′N,133°13.5′E,11 km,0.4,---
2026/01/06,22:11:12.4,栃木県北部,37°05.6′N,139°54.8′E,6 km,-0.1,---
2026/01/06,22:12:33.4,九州地方南東沖,31°36.1′N,132°34.0′E,40 km,1.4,---
2026/01/06,22:13:02.9,島根県東部,35°18.8′N,133°13.7′E,8 km,0.4,---
2026/01/06,22:14:20.8,島根県東部,35°18.0′N,133°13.7′E,8 km,0.5,---
2026/01/06,22:14:26.3,岩手県沖,39°27.2′N,142°35.2′E,28 km,1.6,---
2026/01/06,22:15:02.3,島根県東部,35°18.1′N,133°12.3′E,10 km,0.4,---
2026/01/06,22:15:18.5,島根県東部,35°18.8′N,133°14.2′E,9 km,0.9,---
2026/01/06,22:15:20.8,岩手県沖,39°26.4′N,142°29.9′E,32 km,2.2,---
2026/01/06,22:15:39.9,島根県東部,35°18.4′N,133°12.0′E,10 km,0.3,---
2026/01/06,22:15:49.6,紀伊水道,34°08.7′N,135°07.9′E,5 km,0.2,---
2026/01/06,22:16:15.1,福島県沖,37°15.7′N,142°13.9′E,12 km,1.3,---
2026/01/06,22:16:34.6,岐阜県美濃中西部,35°24.7′N,136°50.4′E,16 km,0.4,---
2026/01/06,22:17:43.7,島根県東部,35°19.0′N,133°13.4′E,13 km,1.1,---
2026/01/06,22:18:05.4,岩手県沖,39°26.3′N,142°30.0′E,32 km,1.0,---
2026/01/06,22:18:11.8,新潟県中越地方,37°20.2′N,138°56.0′E,8 km,0.9,---
2026/01/06,22:20:28.6,島根県東部,35°18.4′N,133°14.2′E,10 km,0.9,---
2026/01/06,22:20:45.2,福島県沖,37°31.5′N,142°50.0′E,23 km,2.9,---
2026/01/06,22:20:50.5,島根県東部,35°17.1′N,133°11.8′E,9 km,1.3,---
2026/01/06,22:22:52.4,島根県東部,35°18.2′N,133°11.2′E,10 km,2.4,---
2026/01/06,22:23:22.1,島根県東部,35°18.7′N,133°11.0′E,10 km,3.9,---
2026/01/06,22:24:14.9,父島近海,27°30.0′N,141°29.3′E,0 km,3.5,---
2026/01/06,22:26:46.6,島根県東部,35°17.7′N,133°11.9′E,9 km,1.2,---
2026/01/06,22:27:26.7,島根県東部,35°18.9′N,133°10.8′E,9 km,1.1,---
2026/01/06,22:27:57.7,島根県東部,35°18.3′N,133°13.1′E,12 km,0.5,---
2026/01/06,22:28:45.1,青森県東方沖,40°59.2′N,143°07.4′E,20 km,1.1,---
2026/01/06,22:28:59.0,島根県東部,35°19.2′N,133°10.9′E,9 km,0.6,---
2026/01/06,22:29:41.6,島根県東部,35°19.6′N,133°14.3′E,10 km,0.2,---
2026/01/06,22:29:47.7,島根県東部,35°17.0′N,133°11.9′E,6 km,0.0,---
2026/01/06,22:30:13.1,宮城県沖,37°54.9′N,141°42.0′E,54 km,1.6,---
2026/01/06,22:30:25.7,島根県東部,35°18.1′N,133°11.7′E,10 km,0.7,---
2026/01/06,22:30:42.7,島根県東部,35°17.4′N,133°17.1′E,4 km,0.9,---
2026/01/06,22:30:47.7,島根県東部,35°17.1′N,133°17.2′E,4 km,0.9,---
2026/01/06,22:30:56.1,伊予灘,33°46.2′N,132°26.7′E,43 km,0.5,---
2026/01/06,22:32:18.4,島根県東部,35°18.5′N,133°10.9′E,10 km,0.6,---
2026/01/06,22:32:24.4,釧路地方中南部,43°11.0′N,143°53.7′E,131 km,1.2,---
2026/01/06,22:32:28.8,島根県東部,35°19.3′N,133°13.6′E,13 km,0.6,---
2026/01/06,22:33:03.1,島根県東部,35°18.5′N,133°10.9′E,10 km,1.0,---
2026/01/06,22:33:09.9,新潟県中越地方,37°06.0′N,138°48.4′E,8 km,0.4,---
2026/01/06,22:33:35.8,福島県沖,37°31.6′N,142°50.2′E,22 km,1.8,---
2026/01/06,22:33:40.9,沖縄本島近海,26°38.3′N,127°08.1′E,67 km,1.6,---
2026/01/06,22:33:56.7,長野県北部,36°59.1′N,138°24.4′E,15 km,0.6,---
2026/01/06,22:34:39.8,島根県東部,35°19.0′N,133°10.8′E,10 km,0.7,---
2026/01/06,22:35:03.2,島根県東部,35°18.1′N,133°13.4′E,9 km,0.2,---
2026/01/06,22:35:10.3,千葉県北東部,35°51.9′N,140°31.4′E,37 km,0.9,---
2026/01/06,22:36:31.5,島根県東部,35°18.8′N,133°12.6′E,14 km,0.7,---
2026/01/06,22:36:46.8,島根県東部,35°18.2′N,133°11.0′E,8 km,0.2,---
2026/01/06,22:37:01.7,島根県東部,35°19.1′N,133°12.7′E,10 km,0.5,---
2026/01/06,22:37:54.8,島根県東部,35°18.5′N,133°10.8′E,9 km,0.2,---
2026/01/06,22:39:01.4,島根県東部,35°19.3′N,133°12.0′E,15 km,0.6,---
2026/01/06,22:39:22.1,島根県東部,35°18.2′N,133°10.8′E,13 km,0.3,---
2026/01/06,22:39:42.6,島根県東部,35°19.3′N,133°13.9′E,14 km,0.8,---
2026/01/06,22:39:57.0,石垣島近海,24°20.1′N,124°25.2′E,51 km,0.3,---
2026/01/06,22:40:42.7,島根県東部,35°20.5′N,133°14.0′E,6 km,0.4,---
2026/01/06,22:40:53.9,島根県東部,35°18.7′N,133°13.5′E,9 km,0.2,---
2026/01/06,22:41:05.4,兵庫県北部,35°37.7′N,134°34.7′E,13 km,1.2,---
2026/01/06,22:41:47.3,島根県東部,35°17.2′N,133°13.5′E,12 km,1.0,---
2026/01/06,22:41:58.9,奄美大島近海,27°38.5′N,128°46.3′E,15 km,0.9,---
2026/01/06,22:43:18.7,島根県東部,35°19.0′N,133°14.3′E,10 km,0.3,---
2026/01/06,22:44:14.4,島根県東部,35°18.8′N,133°13.6′E,10 km,0.8,---
2026/01/06,22:44:20.5,島根県東部,35°17.9′N,133°11.4′E,8 km,0.8,---
2026/01/06,22:44:39.1,島根県東部,35°18.6′N,133°11.0′E,10 km,1.2,---
2026/01/06,22:45:20.6,島根県東部,35°19.4′N,133°10.9′E,9 km,0.6,---
2026/01/06,22:45:45.0,島根県東部,35°18.2′N,133°10.8′E,15 km,2.9,---
2026/01/06,22:46:18.4,青森県東方沖,40°51.3′N,143°00.6′E,11 km,1.5,---
2026/01/06,22:47:03.3,神奈川県西部,35°25.0′N,139°10.2′E,11 km,0.1,---
2026/01/06,22:48:26.8,石垣島近海,24°47.6′N,123°45.0′E,0 km,1.4,---
2026/01/06,22:49:41.0,島根県東部,35°19.0′N,133°13.5′E,12 km,0.9,---
2026/01/06,22:50:20.7,島根県東部,35°19.2′N,133°10.6′E,16 km,0.6,---
2026/01/06,22:50:52.4,福島県沖,37°25.2′N,141°50.6′E,7 km,1.8,---
2026/01/06,22:51:07.4,島根県東部,35°18.6′N,133°10.9′E,10 km,1.0,---
2026/01/06,22:51:43.0,島根県東部,35°18.1′N,133°12.0′E,3 km,0.6,---
2026/01/06,22:52:29.5,島根県東部,35°18.6′N,133°11.0′E,9 km,0.3,---
2026/01/06,22:52:39.1,島根県東部,35°17.2′N,133°13.6′E,13 km,3.4,---
2026/01/06,22:54:20.5,島根県東部,35°18.2′N,133°13.8′E,9 km,0.9,---
2026/01/06,22:56:39.3,島根県東部,35°18.5′N,133°12.7′E,13 km,0.7,---
2026/01/06,22:57:08.3,熊本県球磨地方,32°16.8′N,130°47.4′E,9 km,-0.3,---
2026/01/06,22:57:15.9,島根県東部,35°19.4′N,133°15.2′E,18 km,0.7,---
2026/01/06,22:57:31.5,島根県東部,35°18.3′N,133°12.5′E,14 km,1.0,---
2026/01/06,22:57:57.1,島根県東部,35°19.1′N,133°17.8′E,10 km,0.3,---
2026/01/06,22:58:22.4,三重県南部,34°03.9′N,136°12.8′E,446 km,3.0,---
2026/01/06,22:58:41.6,島根県東部,35°18.4′N,133°11.8′E,8 km,0.3,---
2026/01/06,22:59:49.5,長野県北部,36°35.8′N,138°19.6′E,6 km,0.5,---
2026/01/06,23:00:23.9,島根県東部,35°16.6′N,133°11.6′E,7 km,0.3,---
2026/01/06,23:01:27.8,島根県東部,35°19.0′N,133°13.5′E,11 km,0.6,---
2026/01/06,23:01:36.0,島根県東部,35°18.8′N,133°11.6′E,12 km,1.0,---
2026/01/06,23:03:16.0,島根県東部,35°18.8′N,133°14.2′E,11 km,1.6,---
2026/01/06,23:03:37.5,島根県東部,35°19.1′N,133°13.4′E,10 km,0.8,---
2026/01/06,23:03:47.1,島根県東部,35°18.2′N,133°11.2′E,9 km,1.4,---
2026/01/06,23:04:45.3,島根県東部,35°17.9′N,133°13.7′E,9 km,1.1,---
2026/01/06,23:05:34.6,青森県東方沖,40°54.5′N,143°04.3′E,13 km,1.7,---
2026/01/06,23:05:34.8,島根県東部,35°19.6′N,133°13.6′E,13 km,0.6,---
2026/01/06,23:05:36.7,島根県東部,35°19.3′N,133°12.4′E,11 km,不明,---
2026/01/06,23:05:51.2,島根県東部,35°18.4′N,133°11.2′E,10 km,0.6,---
2026/01/06,23:07:05.5,秋田県内陸南部,39°25.0′N,140°39.5′E,109 km,1.7,---
2026/01/06,23:07:08.5,和歌山県北部,34°01.8′N,135°15.8′E,6 km,-0.3,---
2026/01/06,23:07:09.9,三重県南東沖,34°05.5′N,136°34.4′E,3 km,不明,---
2026/01/06,23:07:31.3,島根県東部,35°18.6′N,133°13.7′E,7 km,-0.2,---
2026/01/06,23:08:30.9,島根県東部,35°18.6′N,133°11.6′E,9 km,0.4,---
2026/01/06,23:08:47.8,日向灘,32°00.0′N,132°02.9′E,24 km,1.1,---
2026/01/06,23:09:16.3,島根県東部,35°18.9′N,133°13.1′E,13 km,0.5,---
2026/01/06,23:09:22.2,島根県東部,35°17.7′N,133°12.0′E,9 km,2.7,---
2026/01/06,23:09:35.1,釧路地方北部,43°29.0′N,144°17.9′E,0 km,0.8,---
2026/01/06,23:09:55.6,熊本県熊本地方,32°31.7′N,130°34.2′E,11 km,0.3,---
2026/01/06,23:10:14.6,島根県東部,35°19.0′N,133°12.4′E,12 km,0.6,---
2026/01/06,23:10:43.9,島根県東部,35°18.4′N,133°12.3′E,8 km,0.1,---
2026/01/06,23:11:39.1,島根県東部,35°18.6′N,133°13.6′E,10 km,0.5,---
2026/01/06,23:11:50.3,島根県東部,35°17.9′N,133°12.2′E,6 km,0.0,---
2026/01/06,23:12:41.8,島根県東部,35°17.7′N,133°11.6′E,6 km,-0.6,---
2026/01/06,23:13:08.4,和歌山県北部,33°59.5′N,135°12.6′E,15 km,0.2,---
2026/01/06,23:13:28.8,島根県東部,35°18.8′N,133°13.9′E,10 km,1.2,---
2026/01/06,23:13:38.4,島根県東部,35°19.1′N,133°13.6′E,11 km,0.9,---
2026/01/06,23:13:41.7,島根県東部,35°18.5′N,133°10.5′E,6 km,1.6,---
2026/01/06,23:14:27.8,島根県東部,35°18.2′N,133°13.0′E,10 km,1.6,---
2026/01/06,23:14:40.1,島根県東部,35°19.0′N,133°12.2′E,11 km,0.7,---
2026/01/06,23:15:04.1,島根県東部,35°17.7′N,133°12.0′E,8 km,2.1,---
2026/01/06,23:16:03.9,島根県東部,35°19.1′N,133°13.5′E,12 km,1.1,---
2026/01/06,23:16:22.3,福島県会津,36°57.9′N,139°24.0′E,7 km,0.4,---
2026/01/06,23:16:52.4,島根県東部,35°17.8′N,133°13.0′E,8 km,0.4,---
2026/01/06,23:16:57.8,島根県東部,35°18.7′N,133°13.1′E,10 km,1.8,---
2026/01/06,23:18:17.1,島根県東部,35°18.5′N,133°13.8′E,9 km,0.2,---
2026/01/06,23:18:36.0,島根県東部,35°18.0′N,133°12.5′E,11 km,0.1,---
2026/01/06,23:18:38.8,福島県中通り,37°12.7′N,140°28.7′E,79 km,0.7,---
2026/01/06,23:18:50.0,茨城県南部,36°11.0′N,139°59.8′E,56 km,1.2,---
2026/01/06,23:19:05.5,薩摩半島西方沖,31°56.9′N,130°06.6′E,6 km,0.3,---
2026/01/06,23:19:08.7,島根県東部,35°17.9′N,133°11.0′E,9 km,1.0,---
2026/01/06,23:19:15.4,島根県東部,35°18.7′N,133°12.4′E,9 km,0.4,---
2026/01/06,23:20:26.6,島根県東部,35°18.4′N,133°11.0′E,10 km,0.5,---
2026/01/06,23:21:55.4,島根県東部,35°19.3′N,133°15.3′E,10 km,0.3,---
2026/01/06,23:21:59.5,島根県東部,35°18.1′N,133°11.0′E,12 km,0.5,---
2026/01/06,23:22:23.6,島根県東部,35°19.3′N,133°12.8′E,12 km,0.2,---
2026/01/06,23:22:44.8,島根県東部,35°19.7′N,133°11.9′E,15 km,0.1,---
2026/01/06,23:22:56.1,島根県東部,35°19.0′N,133°15.3′E,11 km,0.7,---
2026/01/06,23:24:36.6,島根県東部,35°16.9′N,133°11.4′E,7 km,0.7,---
2026/01/06,23:25:28.1,島根県東部,35°18.7′N,133°13.9′E,9 km,0.4,---
2026/01/06,23:25:58.9,島根県東部,35°19.3′N,133°14.6′E,10 km,0.1,---
2026/01/06,23:27:20.2,島根県東部,35°18.4′N,133°12.1′E,7 km,-0.1,---
2026/01/06,23:28:40.5,島根県東部,35°17.3′N,133°17.0′E,5 km,0.5,---
2026/01/06,23:28:47.8,島根県東部,35°19.2′N,133°16.0′E,15 km,0.9,---
2026/01/06,23:29:24.1,島根県東部,35°19.1′N,133°10.9′E,6 km,-0.1,---
2026/01/06,23:29:39.3,和歌山県北部,34°01.4′N,135°16.8′E,5 km,0.2,---
2026/01/06,23:30:49.4,石川県能登地方,37°14.8′N,136°48.0′E,11 km,0.4,---
2026/01/06,23:31:04.6,熊本県阿蘇地方,33°00.1′N,131°06.1′E,8 km,0.1,---
2026/01/06,23:32:23.4,島根県東部,35°18.2′N,133°14.0′E,7 km,不明,---
2026/01/06,23:32:51.3,島根県東部,35°18.9′N,133°13.5′E,9 km,0.0,---
2026/01/06,23:33:40.3,宮崎県北部平野部,32°38.2′N,131°33.0′E,13 km,0.3,---
2026/01/06,23:38:51.6,島根県東部,35°20.1′N,133°10.7′E,12 km,0.3,---
2026/01/06,23:39:30.9,島根県東部,35°17.1′N,133°17.2′E,5 km,0.5,---
2026/01/06,23:39:46.7,島根県東部,35°18.9′N,133°13.1′E,11 km,0.3,---
2026/01/06,23:40:07.3,島根県東部,35°17.9′N,133°12.2′E,8 km,0.7,---
2026/01/06,23:41:02.9,島根県東部,35°19.1′N,133°10.8′E,12 km,0.3,---
2026/01/06,23:41:13.8,島根県東部,35°17.5′N,133°12.4′E,13 km,0.4,---
2026/01/06,23:41:55.2,島根県東部,35°19.1′N,133°11.5′E,10 km,0.1,---
2026/01/06,23:43:57.8,紀伊水道,33°44.3′N,135°04.6′E,39 km,0.8,---
2026/01/06,23:44:02.0,長野県南部,35°58.0′N,137°34.1′E,7 km,0.0,---
2026/01/06,23:45:23.6,島根県東部,35°17.2′N,133°10.5′E,18 km,0.2,---
2026/01/06,23:45:30.1,島根県東部,35°18.2′N,133°10.5′E,13 km,0.5,---
2026/01/06,23:45:56.0,島根県東部,35°17.1′N,133°17.1′E,5 km,1.3,---
2026/01/06,23:46:26.4,島根県東部,35°20.0′N,133°13.7′E,14 km,0.1,---
2026/01/06,23:48:13.8,島根県東部,35°19.0′N,133°13.8′E,13 km,0.3,---
2026/01/06,23:48:43.1,岩手県沖,39°48.6′N,142°17.2′E,9 km,0.4,---
2026/01/06,23:50:59.9,茨城県南部,35°59.6′N,140°17.0′E,41 km,0.6,---
2026/01/06,23:51:15.7,福島県中通り,36°59.0′N,140°34.9′E,8 km,-0.2,---
2026/01/06,23:51:24.3,岩手県沖,39°26.9′N,142°35.7′E,27 km,1.4,---
2026/01/06,23:52:03.5,島根県東部,35°18.4′N,133°08.5′E,13 km,0.8,---
2026/01/06,23:52:59.9,長野県南部,35°55.4′N,137°42.6′E,6 km,0.5,---
2026/01/06,23:54:23.2,島根県東部,35°18.6′N,133°11.7′E,8 km,-0.1,---
2026/01/06,23:54:29.6,島根県東部,35°19.9′N,133°14.3′E,14 km,0.5,---
2026/01/06,23:55:58.2,岩手県内陸南部,39°11.3′N,140°57.8′E,101 km,0.7,---
2026/01/06,23:56:03.0,岐阜県飛騨地方,36°19.2′N,137°04.0′E,5 km,-0.4,---
2026/01/06,23:56:50.1,茨城県沖,36°12.6′N,140°56.1′E,31 km,1.1,---
2026/01/06,23:57:49.9,和歌山県北部,34°06.7′N,135°08.5′E,7 km,-0.6,---
2026/01/06,23:58:16.9,栃木県南部,36°23.2′N,139°55.7′E,81 km,1.4,---
2026/01/06,23:58:40.1,島根県東部,35°19.7′N,133°14.3′E,10 km,0.1,---
2026/01/06,23:58:57.0,島根県東部,35°19.3′N,133°12.9′E,13 km,0.2,---
2026/01/06,23:59:13.4,島根県東部,35°19.7′N,133°13.6′E,12 km,0.3,---
2026/01/06,23:59:58.9,島根県東部,35°19.8′N,133°14.0′E,11 km,0.0,---
